Date,Symbol,Adj Close,Close,High,Low,Open,Volume
2010-01-04,ABB,641.863037109375,694.8750610351562,703.408935546875,690.0634155273438,699.0512084960938,204731
2010-01-05,ABB,640.2277221679688,693.104736328125,700.821533203125,691.788330078125,695.4197387695312,175062
2010-01-06,ABB,640.4373779296875,693.3316650390625,700.3676147460938,690.1995849609375,698.7334594726562,222114
2010-01-07,ABB,656.0354614257812,710.2178344726562,717.2083740234375,692.8777465820312,693.6040649414062,438939
2010-01-08,ABB,667.5242919921875,722.655517578125,728.9197387695312,711.1710815429688,713.713134765625,784364
2010-01-11,ABB,688.1956787109375,745.0342407226562,747.167724609375,724.4712524414062,724.4712524414062,587128
2010-01-12,ABB,670.2496948242188,725.6060791015625,747.167724609375,721.2937622070312,745.896728515625,386194
2010-01-13,ABB,687.0637817382812,743.8086547851562,746.9861450195312,716.300537109375,717.2083740234375,490669
2010-01-14,ABB,716.12109375,775.2659301757812,779.3966674804688,737.8167724609375,747.167724609375,1181395
2010-01-15,ABB,718.0917358398438,777.3994140625,794.2855834960938,771.7252807617188,776.2191772460938,842989
2010-01-18,ABB,720.4817504882812,779.98681640625,785.2069702148438,767.3221435546875,770.0457763671875,356880
2010-01-19,ABB,704.50634765625,762.6920776367188,780.7584838867188,757.2903442382812,780.4407348632812,294171
2010-01-20,ABB,720.9429931640625,780.4861450195312,785.4793701171875,763.0098266601562,770.5904541015625,351973
2010-01-21,ABB,702.7874145507812,760.8309936523438,800.2774658203125,756.6094360351562,781.6663208007812,674537
2010-01-22,ABB,677.3778076171875,733.3228759765625,753.2049560546875,727.19482421875,744.4441528320312,534953
2010-01-25,ABB,683.4575805664062,739.9048461914062,752.1609497070312,733.3228759765625,733.3228759765625,295781
2010-01-27,ABB,652.8067626953125,706.7225952148438,739.7686767578125,698.279541015625,739.5870971679688,377502
2010-01-28,ABB,659.347900390625,713.8038940429688,730.2815551757812,704.3621826171875,716.890625,248567
2010-01-29,ABB,680.1031494140625,736.2733764648438,747.5308227539062,698.143310546875,708.1297607421875,408739
2010-02-01,ABB,682.1157836914062,738.4522705078125,747.167724609375,726.2869873046875,736.2733764648438,239895
2010-02-02,ABB,677.0003051757812,732.914306640625,747.9848022460938,728.42041015625,744.4441528320312,373989
2010-02-03,ABB,679.0548706054688,735.1385498046875,748.0755615234375,732.8689575195312,742.3560791015625,277234
2010-02-04,ABB,664.8406982421875,719.7503662109375,737.8167724609375,713.667724609375,733.5498046875,211299
2010-02-05,ABB,652.2618408203125,706.1325073242188,716.0281372070312,700.866943359375,716.0281372070312,159761
2010-02-08,ABB,663.1216430664062,717.8892822265625,724.6981811523438,696.917724609375,712.6690673828125,291978
2010-02-09,ABB,657.9642944335938,712.305908203125,728.1026611328125,709.0376586914062,717.2083740234375,203515
2010-02-10,ABB,662.40869140625,717.1175537109375,731.2801513671875,712.8960571289062,717.2083740234375,222437
2010-02-11,ABB,664.4215087890625,719.2964477539062,733.0504760742188,717.2991333007812,719.2056884765625,114012
2010-02-15,ABB,665.97265625,720.9760131835938,725.1521606445312,716.3912963867188,719.9319458007812,126256
2010-02-16,ABB,671.4658203125,726.9224853515625,729.0105590820312,714.0762329101562,721.7476806640625,172426
2010-02-17,ABB,673.4363403320312,729.055908203125,738.9061889648438,724.4712524414062,728.8743286132812,177939
2010-02-18,ABB,671.75927734375,727.240234375,735.0477905273438,723.1548461914062,729.0105590820312,140655
2010-02-19,ABB,676.623046875,732.5057983398438,735.3201293945312,713.667724609375,726.1054077148438,146174
2010-02-22,ABB,672.0109252929688,727.5125732421875,744.7619018554688,724.4712524414062,737.7713623046875,156287
2010-02-23,ABB,677.0003051757812,732.914306640625,737.1812744140625,725.3790893554688,725.3790893554688,337920
2010-02-24,ABB,680.1450805664062,736.3187866210938,742.62841796875,728.1026611328125,733.5498046875,201763
2010-02-25,ABB,679.0548706054688,735.1385498046875,743.3546752929688,729.101318359375,740.721923828125,117532
2010-02-26,ABB,666.3502807617188,721.384521484375,748.0755615234375,714.4848022460938,737.2720336914062,427243
2010-03-02,ABB,656.2031860351562,710.3994140625,730.8262329101562,703.5905151367188,730.8262329101562,445384
2010-03-03,ABB,668.3209838867188,723.5180053710938,726.1507568359375,706.8134155273438,712.6690673828125,279846
2010-03-04,ABB,670.7527465820312,726.1507568359375,730.8262329101562,718.16162109375,719.0241088867188,179884
2010-03-05,ABB,689.4954223632812,746.44140625,748.8926391601562,724.4712524414062,727.19482421875,449349
2010-03-08,ABB,709.6218872070312,768.2300415039062,771.3167724609375,748.9833984375,753.522705078125,574636
2010-03-09,ABB,703.24853515625,761.330322265625,775.7652587890625,757.6080932617188,773.49560546875,267921
2010-03-10,ABB,709.6638793945312,768.2754516601562,772.224609375,758.06201171875,762.601318359375,214554
2010-03-11,ABB,731.1737670898438,791.56201171875,794.3763427734375,762.7828979492188,762.7828979492188,505226
2010-03-12,ABB,729.9158935546875,790.2001953125,798.0078125,782.8011474609375,794.3763427734375,337266
2010-03-15,ABB,709.3702392578125,767.9576416015625,794.3763427734375,762.8282470703125,791.6527709960938,179078
2010-03-16,ABB,710.4186401367188,769.0924682617188,773.3140258789062,760.1954956054688,773.3140258789062,251044
2010-03-17,ABB,722.116943359375,781.7571411132812,792.2882690429688,770.0457763671875,770.0457763671875,287772
2010-03-18,ABB,714.1502075195312,773.1324462890625,787.1134643554688,768.1392211914062,781.847900390625,135337
2010-03-19,ABB,710.628173828125,769.3194580078125,780.576904296875,767.140625,774.4942626953125,136795
2010-03-22,ABB,700.6068725585938,758.4705200195312,772.4969482421875,753.613525390625,762.601318359375,125878
2010-03-23,ABB,698.0491333007812,755.7015991210938,767.0498046875,751.1168823242188,762.8736572265625,134241
2010-03-25,ABB,690.1243896484375,747.122314453125,765.3248901367188,743.6270751953125,759.5145874023438,422377
2010-03-26,ABB,694.0657958984375,751.3892211914062,764.2808227539062,748.9833984375,750.0728759765625,451680
2010-03-29,ABB,690.627685546875,747.6670532226562,755.2476196289062,742.9007568359375,754.884521484375,658161
2010-03-30,ABB,691.5499877929688,748.6656494140625,754.2490234375,740.9942626953125,753.522705078125,495182
2010-03-31,ABB,696.0364379882812,753.522705078125,758.06201171875,749.4373779296875,751.70703125,431735
2010-04-01,ABB,695.6171875,753.0687866210938,762.8282470703125,750.6175537109375,753.522705078125,336462
2010-04-05,ABB,709.0768432617188,767.639892578125,776.673095703125,745.4427490234375,758.742919921875,571472
2010-04-06,ABB,705.4287719726562,763.6907348632812,778.4888305664062,759.2422485351562,776.03759765625,587590
2010-04-07,ABB,700.3552856445312,758.1981811523438,769.4102172851562,751.7523803710938,764.4170532226562,270101
2010-04-08,ABB,692.5145263671875,749.709716796875,762.6920776367188,745.3519897460938,762.6920776367188,228116
2010-04-09,ABB,710.9638061523438,769.6826171875,774.221923828125,747.167724609375,752.5694580078125,498454
2010-04-12,ABB,709.2863159179688,767.8668823242188,779.8506469726562,760.1046752929688,772.5877685546875,312667
2010-04-13,ABB,705.6805419921875,763.9630737304688,770.318115234375,761.8296508789062,770.318115234375,139905
2010-04-15,ABB,699.3489990234375,757.1087646484375,775.402099609375,750.7991333007812,769.6826171875,373633
2010-04-16,ABB,709.11865234375,767.685302734375,772.5877685546875,755.3384399414062,757.1541748046875,363690
2010-04-19,ABB,713.0601196289062,771.9522705078125,775.9468383789062,755.1568603515625,758.9698486328125,530355
2010-04-20,ABB,721.02685546875,780.576904296875,785.2977905273438,771.6798706054688,773.49560546875,517103
2010-04-21,ABB,714.86328125,773.9041748046875,786.2056274414062,769.8641967773438,786.2056274414062,177506
2010-04-22,ABB,715.5340576171875,774.6304321289062,790.7449340820312,766.3235473632812,771.6798706054688,247871
2010-04-23,ABB,691.005126953125,748.0755615234375,776.2191772460938,745.4427490234375,767.140625,428889
2010-04-26,ABB,680.4385986328125,736.6365356445312,756.9725952148438,734.4577026367188,748.0755615234375,370079
2010-04-27,ABB,678.761474609375,734.82080078125,743.8994140625,733.5498046875,734.82080078125,193562
2010-04-28,ABB,683.4575805664062,739.9048461914062,743.8994140625,726.1961669921875,733.5498046875,194945
2010-04-29,ABB,673.3943481445312,729.0105590820312,748.8926391601562,726.3777465820312,746.9861450195312,315087
2010-04-30,ABB,664.5051879882812,719.38720703125,735.3655395507812,703.4542846679688,732.6419677734375,746758
2010-05-03,ABB,626.203125,676.0369873046875,712.6690673828125,672.9048461914062,712.6690673828125,712813
2010-05-04,ABB,612.579833984375,661.3296508789062,684.3438720703125,657.2896728515625,679.9861450195312,420455
2010-05-05,ABB,608.5856323242188,657.017333984375,661.8289794921875,641.8560791015625,650.1176147460938,343345
2010-05-06,ABB,584.9971313476562,631.5518798828125,663.8716430664062,628.2382202148438,659.1054077148438,711003
2010-05-07,ABB,574.1912231445312,619.8859252929688,631.7788696289062,607.49365234375,615.891357421875,988005
2010-05-10,ABB,588.403076171875,635.228759765625,711.76123046875,626.8764038085938,635.5010986328125,417733
2010-05-11,ABB,576.7140502929688,622.6094970703125,636.2273559570312,619.1596069335938,635.5010986328125,267625
2010-05-12,ABB,572.5093994140625,618.0701904296875,631.86962890625,614.4387817382812,626.4224853515625,277753
2010-05-13,ABB,579.9937744140625,626.150146484375,631.86962890625,620.0675048828125,621.8831787109375,212975
2010-05-14,ABB,566.2864379882812,611.35205078125,649.1189575195312,608.2653198242188,620.975341796875,190590
2010-05-17,ABB,697.1782836914062,752.6602783203125,793.468505859375,621.8831787109375,621.8831787109375,3996030
2010-05-18,ABB,698.3972778320312,753.9766235351562,761.239501953125,743.6270751953125,755.3838500976562,1174428
2010-05-19,ABB,698.7759399414062,754.3851928710938,757.1541748046875,745.4427490234375,748.0755615234375,462168
2010-05-20,ABB,695.874755859375,751.2530517578125,757.8350219726562,747.3493041992188,756.2462768554688,198829
2010-05-21,ABB,696.04296875,751.4346313476562,753.522705078125,741.2666015625,741.2666015625,257234
2010-05-24,ABB,697.1782836914062,752.6602783203125,753.522705078125,747.4854736328125,753.522705078125,228814
2010-05-25,ABB,695.1599731445312,750.4813842773438,755.3384399414062,748.0755615234375,748.0755615234375,351957
2010-05-26,ABB,699.0282592773438,754.6575317382812,758.06201171875,748.347900390625,752.6148681640625,282006
2010-05-27,ABB,714.375244140625,771.2259521484375,786.2056274414062,751.70703125,757.0633544921875,697339
2010-05-28,ABB,727.4938354492188,785.3885498046875,794.2855834960938,760.9671630859375,771.6798706054688,493076
2010-05-31,ABB,722.3641357421875,779.8506469726562,788.0213623046875,770.95361328125,780.7584838867188,130317
2010-06-01,ABB,718.4118041992188,775.5836791992188,779.6690673828125,767.730712890625,776.8546752929688,143081
2010-06-02,ABB,718.5379638671875,775.7198486328125,782.0748901367188,767.4583740234375,776.2191772460938,157521
2010-06-03,ABB,722.6585083007812,780.1683959960938,783.4820556640625,753.522705078125,773.49560546875,94880
2010-06-04,ABB,721.9857788085938,779.4420776367188,782.0294799804688,774.131103515625,774.131103515625,60811
2010-06-07,ABB,722.1539916992188,779.6236572265625,787.7489624023438,768.0484619140625,768.0484619140625,151695
2010-06-08,ABB,717.234619140625,774.3126831054688,784.2991333007812,771.8614501953125,775.7652587890625,141086
2010-06-09,ABB,719.0845947265625,776.3099975585938,779.5782470703125,774.4034423828125,776.2191772460938,89267
2010-06-10,ABB,721.7755126953125,779.2151489257812,780.6676635742188,776.2191772460938,776.2191772460938,59496
2010-06-11,ABB,722.238037109375,779.7144165039062,782.4833984375,776.2191772460938,780.7584838867188,65525
2010-06-14,ABB,724.130126953125,781.7571411132812,784.389892578125,776.4461669921875,784.389892578125,80117
2010-06-15,ABB,725.5597534179688,783.3004760742188,785.07080078125,778.1256713867188,783.4820556640625,80681
2010-06-16,ABB,724.25634765625,781.893310546875,789.8370361328125,775.3567504882812,789.8370361328125,63069
2010-06-17,ABB,727.872314453125,785.797119140625,787.1134643554688,778.5342407226562,778.5342407226562,79598
2010-06-18,ABB,724.3404541015625,781.9840698242188,789.8370361328125,780.7584838867188,786.29638671875,162664
2010-06-21,ABB,731.48828125,789.7008666992188,797.9169921875,780.9854736328125,782.57421875,266979
2010-06-22,ABB,732.5396118164062,790.835693359375,800.7313842773438,783.4820556640625,789.8370361328125,204843
2010-06-23,ABB,733.9691772460938,792.3790893554688,797.5538940429688,786.29638671875,788.1121215820312,76193
2010-06-24,ABB,742.504638671875,801.5938110351562,806.0877075195312,790.7449340820312,793.468505859375,508465
2010-06-25,ABB,734.4318237304688,792.87841796875,798.643310546875,790.7449340820312,795.8289184570312,143416
2010-06-28,ABB,726.274658203125,784.0721435546875,817.0728149414062,778.9427490234375,817.0728149414062,261325
2010-06-29,ABB,724.6766967773438,782.3472290039062,787.9759521484375,781.6663208007812,783.4820556640625,119385
2010-06-30,ABB,725.6439208984375,783.3912963867188,789.7462768554688,777.1724243164062,781.6663208007812,155311
2010-07-01,ABB,723.709716796875,781.30322265625,784.3445434570312,779.0335693359375,782.57421875,239085
2010-07-02,ABB,724.4244384765625,782.0748901367188,785.2977905273438,780.8038940429688,780.8038940429688,148246
2010-07-05,ABB,724.4244384765625,782.0748901367188,789.7462768554688,781.6663208007812,783.9359741210938,232381
2010-07-06,ABB,726.4428100585938,784.2537231445312,784.8438720703125,780.7584838867188,780.7584838867188,66255
2010-07-07,ABB,724.3824462890625,782.0294799804688,784.389892578125,780.8492431640625,780.8492431640625,81480
2010-07-08,ABB,725.3916015625,783.118896484375,789.8370361328125,781.6663208007812,789.8370361328125,188198
2010-07-09,ABB,724.3404541015625,781.9840698242188,784.2991333007812,780.9400634765625,781.6663208007812,123261
2010-07-12,ABB,727.6201782226562,785.5247192382812,788.7476196289062,782.0294799804688,788.7476196289062,184491
2010-07-13,ABB,731.74072265625,789.9732666015625,795.1934204101562,781.7571411132812,781.7571411132812,189453
2010-07-14,ABB,731.5723266601562,789.7916870117188,797.8262329101562,789.1107788085938,792.5606689453125,93103
2010-07-15,ABB,731.7826538085938,790.0186157226562,792.5606689453125,785.5701293945312,788.92919921875,132085
2010-07-16,ABB,733.885009765625,792.2882690429688,797.0999145507812,790.926513671875,794.4671630859375,241649
2010-07-19,ABB,716.77197265625,773.8133544921875,788.4752807617188,730.417724609375,730.417724609375,700759
2010-07-20,ABB,721.481201171875,778.8973388671875,780.7130737304688,766.2327270507812,774.4034423828125,241624
2010-07-21,ABB,713.1558837890625,769.9095458984375,784.389892578125,768.956298828125,780.7584838867188,271035
2010-07-22,ABB,713.1558837890625,769.9095458984375,774.221923828125,767.140625,769.9095458984375,840364
2010-07-23,ABB,705.293212890625,761.4210815429688,771.6798706054688,758.107421875,771.6798706054688,668289
2010-07-26,ABB,695.70654296875,751.0714721679688,770.4996948242188,733.640625,755.3384399414062,300534
2010-07-27,ABB,680.4013671875,734.5484619140625,773.49560546875,724.6981811523438,753.522705078125,754063
2010-07-28,ABB,704.7467041015625,760.8309936523438,803.0010375976562,729.9183959960938,734.4577026367188,1100443
2010-07-29,ABB,713.197998046875,769.9549560546875,779.5782470703125,750.7991333007812,750.7991333007812,424316
2010-07-30,ABB,682.3776245117188,736.6819458007812,777.7625732421875,731.8703002929688,769.8641967773438,762506
2010-08-02,ABB,675.52392578125,729.2828979492188,741.7205810546875,722.7916870117188,741.7205810546875,427888
2010-08-03,ABB,672.959228515625,726.513916015625,731.734130859375,723.881103515625,730.8262329101562,212547
2010-08-04,ABB,662.7417602539062,715.4834594726562,730.8262329101562,712.8052368164062,730.8262329101562,193276
2010-08-05,ABB,661.9009399414062,714.5755615234375,721.7476806640625,708.2205810546875,717.2991333007812,275367
2010-08-06,ABB,673.758056640625,727.3764038085938,739.9048461914062,710.1724853515625,721.7476806640625,294413
2010-08-09,ABB,673.2116088867188,726.7862548828125,740.1771850585938,721.8838500976562,729.1920776367188,204731
2010-08-10,ABB,659.5881958007812,712.0789794921875,729.3736572265625,710.490234375,729.3736572265625,416863
2010-08-11,ABB,652.7347412109375,704.679931640625,715.3926391601562,702.9096069335938,713.5769653320312,282241
2010-08-12,ABB,658.2848510742188,710.6718139648438,713.3499755859375,699.0512084960938,703.6812744140625,152729
2010-08-13,ABB,658.1588134765625,710.5355834960938,715.3926391601562,706.4956665039062,710.6718139648438,90620
2010-08-16,ABB,651.7677001953125,703.6358642578125,715.3926391601562,700.5037841796875,710.5809936523438,119610
2010-08-17,ABB,646.3855590820312,697.8255615234375,707.1311645507812,694.8750610351562,705.1338500976562,136992
2010-08-18,ABB,650.5901489257812,702.3648681640625,709.9454956054688,694.6934814453125,702.6826171875,68780
2010-08-19,ABB,649.7493896484375,701.45703125,705.4061889648438,697.4624633789062,700.866943359375,132909
2010-08-20,ABB,650.085693359375,701.8201904296875,717.2083740234375,691.107421875,703.5905151367188,157832
2010-08-23,ABB,654.6266479492188,706.7225952148438,713.1229858398438,700.866943359375,702.7734375,126799
2010-08-24,ABB,642.8115844726562,693.9671630859375,712.6236572265625,687.839111328125,710.8533325195312,141958
2010-08-25,ABB,636.71484375,687.3851928710938,702.6826171875,684.66162109375,702.6826171875,298003
2010-08-26,ABB,649.3289184570312,701.0031127929688,706.3140869140625,680.9393920898438,689.9725952148438,336164
2010-08-27,ABB,639.4058837890625,690.2903442382812,710.3086547851562,687.2490234375,703.5905151367188,268052
2010-08-30,ABB,655.1734008789062,707.3126831054688,709.9454956054688,691.0166625976562,692.6961669921875,166708
2010-08-31,ABB,655.341552734375,707.4942626953125,711.76123046875,701.8201904296875,711.76123046875,169823
2010-09-01,ABB,657.0233764648438,709.3099975585938,712.6690673828125,704.7706909179688,711.080322265625,77725
2010-09-02,ABB,656.6450805664062,708.9014892578125,712.6690673828125,706.3594360351562,712.6690673828125,54799
2010-09-03,ABB,656.0144653320312,708.2205810546875,711.4888305664062,704.9522705078125,709.12841796875,50985
2010-09-06,ABB,658.4110717773438,710.8079833984375,721.2937622070312,708.3567504882812,712.6690673828125,120635
2010-09-07,ABB,659.6722412109375,712.1697387695312,716.300537109375,710.0363159179688,710.9441528320312,42220
2010-09-08,ABB,658.87353515625,711.3073120117188,713.5769653320312,707.4489135742188,707.4489135742188,77244
2010-09-09,ABB,660.1349487304688,712.6690673828125,715.3926391601562,709.3099975585938,711.4434814453125,42473
2010-09-13,ABB,658.7052612304688,711.125732421875,726.1054077148438,708.6744995117188,715.3926391601562,115187
2010-09-14,ABB,664.339599609375,717.2083740234375,720.3858642578125,709.9454956054688,712.6690673828125,142747
2010-09-15,ABB,674.01025390625,727.6487426757812,733.5498046875,718.2523803710938,718.2523803710938,200403
2010-09-16,ABB,684.9844970703125,739.4962768554688,753.2957763671875,729.2374877929688,730.8262329101562,332176
2010-09-17,ABB,711.0115356445312,767.5945434570312,773.4501953125,740.676513671875,744.4441528320312,399076
2010-09-20,ABB,726.737060546875,784.5714721679688,788.92919921875,762.7828979492188,771.6798706054688,182334
2010-09-21,ABB,720.5562744140625,777.8987426757812,786.9319458007812,769.8641967773438,780.8038940429688,104710
2010-09-22,ABB,734.05322265625,792.4698486328125,799.6419677734375,773.49560546875,779.8506469726562,273269
2010-09-23,ABB,734.8941650390625,793.377685546875,798.4617309570312,788.1575317382812,789.8370361328125,134162
2010-09-24,ABB,740.3182373046875,799.2333984375,801.0491333007812,790.835693359375,794.5125122070312,137866
2010-09-27,ABB,763.6121215820312,824.381103515625,837.7266235351562,797.6446533203125,797.6446533203125,310109
2010-09-28,ABB,797.712158203125,861.1947631835938,886.070068359375,824.381103515625,827.9671020507812,452052
2010-09-29,ABB,789.7232055664062,852.5701293945312,886.070068359375,844.944091796875,866.09716796875,634938
2010-09-30,ABB,775.2591552734375,836.9549560546875,866.9596557617188,807.9942626953125,853.4325561523438,891474
2010-10-01,ABB,778.2443237304688,840.1778564453125,857.9264526367188,820.7042846679688,835.22998046875,400914
2010-10-04,ABB,784.5513916015625,846.9867553710938,866.09716796875,840.9041137695312,842.6744384765625,275117
2010-10-05,ABB,775.595458984375,837.3180541992188,847.0321655273438,808.1304321289062,837.0457153320312,309959
2010-10-06,ABB,776.7727661132812,838.5890502929688,855.202880859375,832.8695678710938,837.9989624023438,257418
2010-10-07,ABB,786.5277099609375,849.1202392578125,861.9210205078125,831.1900024414062,838.6344604492188,339247
2010-10-08,ABB,778.7069702148438,840.6771240234375,856.8370361328125,770.7720336914062,770.7720336914062,112987
2010-10-11,ABB,775.38525390625,837.0911254882812,848.847900390625,829.7828369140625,846.7598266601562,72235
2010-10-12,ABB,762.5609130859375,823.2462768554688,839.769287109375,813.6229858398438,830.736083984375,93797
2010-10-13,ABB,770.9703369140625,832.3248291015625,837.0457153320312,818.0714721679688,825.3343505859375,92169
2010-10-14,ABB,779.4217529296875,841.4488525390625,846.80517578125,826.4691772460938,841.5396118164062,156258
2010-10-15,ABB,767.3544311523438,828.4210815429688,846.1243286132812,826.1514282226562,844.30859375,55014
2010-10-18,ABB,769.7510375976562,831.0084838867188,842.4928588867188,812.6697387695312,812.6697387695312,80809
2010-10-19,ABB,760.29052734375,820.7950439453125,837.7720336914062,817.980712890625,837.0457153320312,44918
2010-10-20,ABB,753.3106689453125,813.2598266601562,824.335693359375,807.2225341796875,816.1649780273438,75064
2010-10-21,ABB,757.9357299804688,818.2530517578125,835.22998046875,812.6697387695312,815.257080078125,44760
2010-10-22,ABB,758.4404296875,818.7977294921875,844.0362548828125,812.805908203125,844.0362548828125,41290
2010-10-25,ABB,767.9430541992188,829.0565795898438,835.1392211914062,808.7205200195312,825.1527709960938,85445
2010-10-26,ABB,757.557373046875,817.844482421875,830.736083984375,815.9833984375,830.736083984375,48594
2010-10-27,ABB,747.0877075195312,806.5416870117188,821.6121215820312,800.2774658203125,821.6121215820312,59948
2010-10-28,ABB,729.7644653320312,787.8397827148438,806.6324462890625,780.7584838867188,806.6324462890625,121464
2010-10-29,ABB,691.4176635742188,746.44140625,789.8824462890625,735.3655395507812,788.0213623046875,432230
2010-11-01,ABB,708.6149291992188,765.0071411132812,769.8641967773438,741.7659301757812,749.4373779296875,131789
2010-11-02,ABB,726.6530151367188,784.480712890625,798.9156494140625,762.601318359375,764.4170532226562,115108
2010-11-03,ABB,723.41552734375,780.9854736328125,798.0078125,776.2191772460938,792.5606689453125,61808
2010-11-04,ABB,725.1812133789062,782.8919677734375,791.6527709960938,777.5355834960938,780.9854736328125,49589
2010-11-08,ABB,731.0260009765625,789.2015380859375,795.2842407226562,772.5877685546875,785.2977905273438,41484
2010-11-09,ABB,726.064453125,783.84521484375,791.6527709960938,776.673095703125,789.8370361328125,49504
2010-11-10,ABB,736.1975708007812,794.784912109375,797.0999145507812,764.9163208007812,783.8905639648438,55531
2010-11-11,ABB,721.102783203125,778.4888305664062,815.8926391601562,774.4034423828125,794.3763427734375,117896
2010-11-12,ABB,716.3093872070312,773.3140258789062,786.1148681640625,765.3248901367188,780.7584838867188,74369
2010-11-15,ABB,720.7244873046875,778.080322265625,785.2523803710938,762.601318359375,784.0267944335938,31344
2010-11-16,ABB,705.8817749023438,762.0565795898438,790.7449340820312,758.9698486328125,784.2083129882812,45628
2010-11-18,ABB,717.8231201171875,774.9481811523438,780.622314453125,755.5654296875,768.956298828125,41625
2010-11-19,ABB,702.3078002929688,758.1981811523438,787.9759521484375,753.2503662109375,774.9481811523438,46307
2010-11-22,ABB,716.0992431640625,773.0870971679688,779.1243286132812,748.9833984375,762.601318359375,64532
2010-11-23,ABB,711.9786376953125,768.6385498046875,778.9427490234375,747.167724609375,769.8641967773438,77245
2010-11-24,ABB,707.73193359375,764.0538940429688,784.8438720703125,754.4306030273438,768.956298828125,66000
2010-11-25,ABB,660.5133056640625,713.07763671875,775.3113403320312,700.0498657226562,760.7855834960938,157374
2010-11-26,ABB,641.6344604492188,692.6961669921875,725.3790893554688,680.89404296875,717.2083740234375,117987
2010-11-29,ABB,628.936279296875,678.987548828125,724.3804321289062,662.7368774414062,703.4996948242188,135766
2010-11-30,ABB,644.3252563476562,695.601318359375,711.76123046875,678.987548828125,680.89404296875,198331
2010-12-01,ABB,669.34326171875,722.610107421875,741.7205810546875,695.4197387695312,699.0512084960938,165326
2010-12-02,ABB,677.4161987304688,731.3255615234375,742.5830078125,724.017333984375,742.5830078125,89176
2010-12-03,ABB,677.7105712890625,731.643310546875,739.9048461914062,718.1162109375,735.3655395507812,107984
2010-12-06,ABB,675.3557739257812,729.101318359375,744.6710815429688,719.1602783203125,739.360107421875,75851
2010-12-07,ABB,675.43994140625,729.1920776367188,735.3655395507812,717.2083740234375,717.2083740234375,53869
2010-12-08,ABB,666.3158569335938,719.3418579101562,729.8275756835938,712.6690673828125,726.6954956054688,43397
2010-12-09,ABB,638.9853515625,689.83642578125,728.1026611328125,683.6176147460938,726.1961669921875,50645
2010-12-10,ABB,641.8444213867188,692.9231567382812,702.6826171875,681.8018798828125,689.9725952148438,49885
2010-12-13,ABB,654.6688232421875,706.7680053710938,710.5809936523438,685.4332885742188,695.4197387695312,47593
2010-12-14,ABB,662.4053955078125,715.1203002929688,720.8397827148438,701.7747802734375,706.7680053710938,25778
2010-12-15,ABB,653.4915161132812,705.4970092773438,720.70361328125,701.0484619140625,717.2083740234375,17677
2010-12-16,ABB,652.0619506835938,703.95361328125,713.3953857421875,694.5119018554688,699.0512084960938,33505
2010-12-20,ABB,644.3252563476562,695.601318359375,708.1297607421875,691.788330078125,700.4129638671875,24726
2010-12-21,ABB,642.5171508789062,693.6494140625,704.4983520507812,689.0647583007812,695.601318359375,52041
2010-12-22,ABB,653.3233642578125,705.3154296875,709.4915771484375,683.2544555664062,690.1541748046875,62270
2010-12-23,ABB,675.4819946289062,729.2374877929688,735.3655395507812,708.0390014648438,708.1297607421875,260323
2010-12-24,ABB,677.9627685546875,731.9157104492188,746.7138061523438,726.2869873046875,731.4617309570312,291580
2010-12-27,ABB,676.5753784179688,730.417724609375,739.450927734375,727.4671630859375,733.5498046875,109934
2010-12-28,ABB,670.1000366210938,723.4271850585938,729.5552368164062,720.8397827148438,729.5552368164062,37885
2010-12-29,ABB,673.8001708984375,727.4217529296875,736.2733764648438,722.655517578125,726.2869873046875,53800
2010-12-30,ABB,656.813232421875,709.0830078125,732.6419677734375,706.3140869140625,728.5565795898438,134818
2010-12-31,ABB,669.2590942382812,722.5193481445312,728.1026611328125,701.9563598632812,724.4712524414062,123007
2011-01-03,ABB,682.1674194335938,736.4549560546875,738.6338500976562,722.5193481445312,722.5193481445312,92240
2011-01-04,ABB,680.3594970703125,734.5030517578125,741.8113403320312,727.19482421875,737.1812744140625,125241
2011-01-05,ABB,669.637451171875,722.9278564453125,739.7232666015625,718.9786987304688,734.6392822265625,84431
2011-01-06,ABB,672.1182861328125,725.6060791015625,732.5965576171875,715.7557983398438,726.1054077148438,106174
2011-01-07,ABB,656.7710571289062,709.0376586914062,725.4699096679688,705.0430908203125,725.4699096679688,81632
2011-01-10,ABB,629.60888671875,679.7138061523438,712.6690673828125,669.0918579101562,708.1297607421875,69492
2011-01-11,ABB,620.9052124023438,670.3174438476562,684.4800415039062,658.1975708007812,677.2625732421875,101187
2011-01-12,ABB,629.1043090820312,679.1690673828125,688.0206909179688,658.7422485351562,667.276123046875,100435
2011-01-13,ABB,633.3931884765625,683.7991943359375,697.5986328125,677.7164916992188,679.9861450195312,70696
2011-01-14,ABB,630.7442016601562,680.9393920898438,698.9603881835938,667.276123046875,689.9725952148438,56121
2011-01-17,ABB,627.6326904296875,677.580322265625,684.5254516601562,671.90625,676.400146484375,38517
2011-01-18,ABB,631.2067260742188,681.438720703125,687.2490234375,672.8594970703125,681.8018798828125,42359
2011-01-19,ABB,619.77001953125,669.0918579101562,687.0674438476562,662.7368774414062,687.0674438476562,64966
2011-01-20,ABB,625.1519165039062,674.9021606445312,678.896728515625,658.1975708007812,662.7368774414062,40103
2011-01-21,ABB,626.2451782226562,676.0823974609375,678.1704711914062,665.46044921875,674.9021606445312,43618
2011-01-24,ABB,621.3677978515625,670.8167724609375,681.6203002929688,667.276123046875,677.2625732421875,42739
2011-01-25,ABB,625.5303344726562,675.3106689453125,682.5281982421875,671.0437622070312,671.0437622070312,48071
2011-01-27,ABB,607.1559448242188,655.4739990234375,680.7124633789062,653.6582641601562,663.6447143554688,116340
2011-01-28,ABB,593.9111938476562,641.1752319335938,657.2896728515625,635.5010986328125,657.2896728515625,59059
2011-01-31,ABB,615.8595581054688,664.8703002929688,678.1704711914062,623.6989135742188,640.1311645507812,153448
2011-02-01,ABB,601.77392578125,649.6636962890625,682.709716796875,645.0336303710938,671.8154296875,95601
2011-02-02,ABB,588.403076171875,635.228759765625,662.4644775390625,631.86962890625,653.6582641601562,132274
2011-02-03,ABB,594.2476196289062,641.538330078125,647.8933715820312,631.1433715820312,635.5918579101562,82657
2011-02-04,ABB,581.2130737304688,627.466552734375,650.9346923828125,625.5146484375,645.2605590820312,93622
2011-02-07,ABB,559.054443359375,603.54443359375,643.6718139648438,598.0065307617188,639.1325073242188,163365
2011-02-08,ABB,541.6890258789062,584.7971801757812,615.255859375,576.5810546875,608.2653198242188,229859
2011-02-09,ABB,518.8154907226562,560.1033935546875,590.108154296875,549.2999267578125,584.8425903320312,125924
2011-02-10,ABB,544.043701171875,587.3391723632812,596.3269653320312,540.1759033203125,555.6094970703125,149264
2011-02-11,ABB,540.6799926757812,583.707763671875,594.6474609375,569.1365966796875,587.3845825195312,83551
2011-02-14,ABB,558.0873413085938,602.5004272460938,607.1304931640625,582.8452758789062,590.108154296875,78457
2011-02-15,ABB,557.1622314453125,601.5017700195312,611.6697998046875,598.7327880859375,603.54443359375,98720
2011-02-16,ABB,556.0691528320312,600.321533203125,604.316162109375,597.5526123046875,604.316162109375,105345
2011-02-17,ABB,559.5169677734375,604.0437622070312,610.761962890625,595.7368774414062,600.1400146484375,80533
2011-02-18,ABB,558.760009765625,603.2266845703125,614.620361328125,596.463134765625,602.8635864257812,76446
2011-02-21,ABB,557.6246948242188,602.0010986328125,610.0810546875,594.6474609375,606.4949951171875,63970
2011-02-22,ABB,558.0873413085938,602.5004272460938,604.6339111328125,596.0546264648438,602.8181762695312,121950
2011-02-23,ABB,584.5767822265625,631.0979614257812,648.9373779296875,579.803955078125,597.4164428710938,1478791
2011-02-24,ABB,563.3431396484375,608.174560546875,708.6744995117188,596.463134765625,708.6744995117188,515552
2011-02-25,ABB,571.6265258789062,617.116943359375,625.5146484375,601.9103393554688,616.8899536132812,96725
2011-02-28,ABB,560.610107421875,605.2239990234375,624.6068115234375,600.6846923828125,612.5322875976562,73184
2011-03-01,ABB,575.5787353515625,621.3839111328125,626.104736328125,600.6846923828125,603.7260131835938,74475
2011-03-03,ABB,579.0266723632812,625.1060791015625,644.5343017578125,600.7301025390625,617.2985229492188,65837
2011-03-04,ABB,613.6732177734375,662.5098876953125,679.8953857421875,619.2958374023438,623.7443237304688,787390
2011-03-07,ABB,600.9749755859375,648.8012084960938,660.0132446289062,637.5437622070312,657.2896728515625,189321
2011-03-08,ABB,599.629638671875,647.3486328125,662.5098876953125,640.9482421875,649.1643676757812,79780
2011-03-09,ABB,610.6878662109375,659.2869873046875,668.1840209960938,648.3927001953125,649.1643676757812,89121
2011-03-10,ABB,623.9746704101562,673.6311645507812,675.8099975585938,649.1189575195312,662.7368774414062,150187
2011-03-11,ABB,617.5414428710938,666.68603515625,680.89404296875,636.408935546875,675.4468994140625,163199
2011-03-14,ABB,627.1702270507812,677.0809936523438,679.0783081054688,643.44482421875,643.44482421875,91881
2011-03-15,ABB,621.956298828125,671.4522705078125,676.354736328125,652.9319458007812,672.7232666015625,102251
2011-03-16,ABB,623.3018188476562,672.9048461914062,688.8831787109375,664.5525512695312,675.9008178710938,132731
2011-03-17,ABB,618.8029174804688,668.0478515625,679.9861450195312,665.0518798828125,669.9996948242188,56017
2011-03-18,ABB,630.1976928710938,680.3493041992188,684.75244140625,667.276123046875,673.6311645507812,133746
2011-03-21,ABB,624.2689208984375,673.9489135742188,697.2354736328125,670.9983520507812,680.89404296875,136230
2011-03-22,ABB,627.29638671875,677.2172241210938,679.9861450195312,673.8580932617188,679.9407958984375,38966
2011-03-23,ABB,629.60888671875,679.7138061523438,683.6176147460938,656.9265747070312,673.6765747070312,40109
2011-03-24,ABB,653.4495849609375,705.4515991210938,713.07763671875,688.1569213867188,698.143310546875,278076
2011-03-25,ABB,659.1679077148438,711.6250610351562,726.2869873046875,704.5437622070312,726.2869873046875,96298
2011-03-28,ABB,665.474609375,718.4339599609375,725.4244995117188,705.4061889648438,721.7476806640625,67809
2011-03-29,ABB,685.1950073242188,739.7232666015625,753.522705078125,690.562744140625,716.3458862304688,116922
2011-03-30,ABB,683.092529296875,737.45361328125,753.522705078125,728.1480712890625,739.8594360351562,96144
2011-03-31,ABB,670.0580444335938,723.3818359375,750.7083740234375,705.4061889648438,737.4990234375,179792
2011-04-01,ABB,660.3031616210938,712.8506469726562,723.3818359375,705.7239379882812,723.3818359375,63928
2011-04-04,ABB,665.2225341796875,718.16162109375,721.7476806640625,708.1751708984375,717.1175537109375,62114
2011-04-05,ABB,663.4146118164062,716.209716796875,724.4712524414062,712.6690673828125,721.6568603515625,53655
2011-04-06,ABB,674.6410522460938,728.3296508789062,741.6297607421875,717.2083740234375,717.2083740234375,118040
2011-04-07,ABB,677.5422973632812,731.4617309570312,734.95703125,719.0241088867188,729.9183959960938,80505
2011-04-08,ABB,676.5330810546875,730.372314453125,738.089111328125,717.2083740234375,719.5234375,88811
2011-04-11,ABB,673.58984375,727.19482421875,729.8729858398438,717.2083740234375,729.8729858398438,48515
2011-04-13,ABB,678.9719848632812,733.005126953125,736.2733764648438,713.8947143554688,718.16162109375,67267
2011-04-15,ABB,688.4744873046875,743.263916015625,748.8472290039062,723.7903442382812,729.9638061523438,84448
2011-04-18,ABB,693.0575561523438,748.2117309570312,770.7720336914062,733.1412963867188,744.4441528320312,195159
2011-04-19,ABB,686.2039184570312,740.8126831054688,753.522705078125,737.2720336914062,753.522705078125,57567
2011-04-20,ABB,700.2054443359375,755.9285278320312,758.107421875,740.767333984375,740.8126831054688,74652
2011-04-21,ABB,695.075927734375,750.390625,764.6893920898438,748.0301513671875,756.2462768554688,39729
2011-04-25,ABB,695.622314453125,750.980712890625,761.6026611328125,745.5335693359375,749.02880859375,68766
2011-04-26,ABB,702.9385986328125,758.8790893554688,762.510498046875,745.5335693359375,749.11962890625,64794
2011-04-27,ABB,717.5288696289062,774.6304321289062,776.2191772460938,756.4732666015625,759.8323364257812,101997
2011-04-28,ABB,735.9033203125,794.4671630859375,812.5335083007812,775.3113403320312,778.8973388671875,315454
2011-04-29,ABB,718.9164428710938,776.12841796875,803.2733764648438,766.2327270507812,795.2842407226562,128524
2011-05-02,ABB,723.9354858398438,779.5328979492188,785.2977905273438,763.5091552734375,770.8174438476562,68595
2011-05-03,ABB,716.0523681640625,771.0443725585938,783.4820556640625,767.2313842773438,771.6798706054688,66548
2011-05-04,ABB,737.9732055664062,794.6487426757812,809.8553466796875,758.9698486328125,767.0498046875,191235
2011-05-05,ABB,733.251708984375,789.564697265625,798.8702392578125,778.034912109375,792.106689453125,116049
2011-05-06,ABB,751.2941284179688,808.9928588867188,812.5335083007812,784.389892578125,795.32958984375,103214
2011-05-09,ABB,737.0035400390625,793.6046752929688,814.9847412109375,788.248291015625,814.3492431640625,103944
2011-05-10,ABB,729.1627807617188,785.16162109375,793.468505859375,780.3953247070312,792.5152587890625,48160
2011-05-11,ABB,751.8423461914062,809.5830078125,828.7841796875,773.2232666015625,782.57421875,722265
2011-05-12,ABB,726.9284057617188,782.7557983398438,807.9942626953125,780.7584838867188,790.881103515625,202511
2011-05-13,ABB,727.8558959960938,783.75439453125,792.3790893554688,776.4007568359375,783.5274658203125,85820
2011-05-16,ABB,724.9471435546875,780.622314453125,783.3912963867188,774.6758422851562,776.3553466796875,59511
2011-05-17,ABB,728.2352294921875,784.1629638671875,792.5606689453125,773.9495239257812,779.8506469726562,76704
2011-05-18,ABB,721.2374267578125,776.6277465820312,787.1134643554688,772.6331176757812,784.389892578125,48139
2011-05-19,ABB,718.6237182617188,773.8133544921875,780.3953247070312,763.1006469726562,776.3553466796875,71329
2011-05-20,ABB,722.6284790039062,778.1256713867188,789.564697265625,771.9976196289062,780.3499145507812,49454
2011-05-23,ABB,717.6963500976562,772.814697265625,785.1162109375,767.2313842773438,778.8973388671875,45083
2011-05-24,ABB,722.712890625,778.2164916992188,783.3458862304688,768.0938720703125,768.0938720703125,47013
2011-05-25,ABB,725.7478637695312,781.4847412109375,787.7489624023438,771.9068603515625,775.2659301757812,52027
2011-05-26,ABB,721.7011108398438,777.1270141601562,796.101318359375,755.474609375,781.7571411132812,237406
2011-05-27,ABB,716.726806640625,771.7706909179688,785.2069702148438,769.5010375976562,784.389892578125,46006
2011-05-30,ABB,723.9354858398438,779.5328979492188,783.3912963867188,772.27001953125,779.8052368164062,26625
2011-05-31,ABB,728.7831420898438,784.7530517578125,791.6527709960938,775.8560180664062,776.12841796875,51116
2011-06-01,ABB,727.054931640625,782.8919677734375,793.423095703125,776.9454956054688,793.423095703125,34563
2011-06-02,ABB,725.1157836914062,780.8038940429688,783.0735473632812,772.6331176757812,776.2191772460938,29245
2011-06-03,ABB,719.8462524414062,775.1297607421875,788.0213623046875,771.8614501953125,782.1202392578125,29827
2011-06-06,ABB,715.5042724609375,770.4542846679688,781.6663208007812,766.6866455078125,771.6798706054688,36260
2011-06-07,ABB,713.1436767578125,767.9122924804688,776.2191772460938,763.9630737304688,767.140625,49056
2011-06-08,ABB,714.450439453125,769.3194580078125,773.49560546875,764.8709716796875,769.8187866210938,19638
2011-06-09,ABB,711.3731079101562,766.0057983398438,771.634521484375,762.555908203125,769.8641967773438,38103
2011-06-10,ABB,707.9164428710938,762.2835693359375,770.95361328125,759.0606689453125,765.3248901367188,19670
2011-06-13,ABB,714.450439453125,769.3194580078125,771.6798706054688,750.0274658203125,760.7855834960938,47490
2011-06-14,ABB,709.8134155273438,764.3262329101562,778.034912109375,760.7855834960938,775.7652587890625,30907
2011-06-15,ABB,717.1906127929688,772.27001953125,780.8492431640625,756.7001953125,765.5518188476562,57445
2011-06-16,ABB,710.4034423828125,764.9617309570312,776.2191772460938,762.601318359375,771.6798706054688,20716
2011-06-17,ABB,708.2536010742188,762.646728515625,772.5423583984375,758.9698486328125,765.77880859375,20810
2011-06-20,ABB,693.6255493164062,746.8953247070312,771.498291015625,742.8554077148438,762.555908203125,32034
2011-06-21,ABB,699.6117553710938,753.3411254882812,760.55859375,744.489501953125,748.9833984375,31246
2011-06-22,ABB,701.044921875,754.884521484375,760.7855834960938,749.4827270507812,753.568115234375,25120
2011-06-23,ABB,690.8433227539062,743.8994140625,755.7469482421875,741.1304321289062,751.4346313476562,17109
2011-06-24,ABB,718.666015625,773.8587646484375,776.2191772460938,736.5911254882812,736.5911254882812,65759
2011-06-27,ABB,715.6307983398438,770.5904541015625,772.4969482421875,753.477294921875,754.5213623046875,38265
2011-06-28,ABB,734.2212524414062,790.6087646484375,795.5111694335938,765.4610595703125,769.9095458984375,149869
2011-06-29,ABB,736.3711547851562,792.9237670898438,801.185302734375,772.6785278320312,772.6785278320312,140086
2011-06-30,ABB,738.183837890625,794.8756713867188,798.9156494140625,781.30322265625,798.3255615234375,90207
2011-07-01,ABB,729.837158203125,785.8878784179688,798.8248901367188,784.389892578125,797.4176635742188,32628
2011-07-04,ABB,724.5678100585938,780.2137451171875,793.2869262695312,777.1270141601562,777.1270141601562,103058
2011-07-05,ABB,721.1530151367188,776.5369262695312,782.52880859375,771.6798706054688,775.6290893554688,78512
2011-07-06,ABB,726.802001953125,782.6195678710938,787.068115234375,772.7239379882812,784.2991333007812,65267
2011-07-07,ABB,725.1157836914062,780.8038940429688,812.5335083007812,773.9495239257812,812.5335083007812,83953
2011-07-08,ABB,724.3989868164062,780.0321655273438,791.6527709960938,776.3099975585938,778.8519897460938,258500
2011-07-11,ABB,734.5164184570312,790.926513671875,796.1920776367188,774.4488525390625,786.2056274414062,434360
2011-07-12,ABB,739.0691528320312,795.8289184570312,802.0931396484375,780.8038940429688,789.7916870117188,108571
2011-07-13,ABB,737.6358642578125,794.2855834960938,811.6256713867188,790.881103515625,796.69140625,93090
2011-07-14,ABB,740.080810546875,796.9183349609375,806.2239379882812,789.8824462890625,806.1785278320312,69771
2011-07-15,ABB,745.1395874023438,802.3655395507812,806.1785278320312,787.2042846679688,798.643310546875,65621
2011-07-18,ABB,758.4605712890625,816.7096557617188,817.980712890625,798.643310546875,802.5470581054688,197853
2011-07-19,ABB,743.8328247070312,800.9583129882812,820.7042846679688,798.0078125,817.980712890625,83387
2011-07-20,ABB,724.7784423828125,780.4407348632812,807.9942626953125,774.857421875,801.185302734375,74625
2011-07-21,ABB,741.3034057617188,798.2347412109375,799.7781372070312,775.5382690429688,785.2523803710938,124080
2011-07-22,ABB,744.0435791015625,801.185302734375,814.3492431640625,794.8302612304688,814.3492431640625,45109
2011-07-25,ABB,752.1793212890625,809.9461059570312,814.122314453125,800.3228149414062,801.7300415039062,47486
2011-07-26,ABB,737.4251098632812,794.05859375,814.7578125,784.435302734375,811.6256713867188,54866
2011-07-27,ABB,733.0409545898438,789.3377685546875,801.5030517578125,785.2977905273438,794.4217529296875,30030
2011-07-28,ABB,727.9822387695312,783.8905639648438,789.8370361328125,764.4170532226562,789.8370361328125,196630
2011-07-29,ABB,732.5772094726562,788.8384399414062,793.468505859375,774.4034423828125,789.8370361328125,46696
2011-08-01,ABB,727.2234497070312,783.0735473632812,811.6256713867188,775.3567504882812,788.7930297851562,34535
2011-08-02,ABB,737.2987670898438,793.9224243164062,823.4278564453125,780.8492431640625,789.8824462890625,356612
2011-08-03,ABB,720.8157958984375,776.1737670898438,789.8370361328125,773.1324462890625,789.8370361328125,38226
2011-08-04,ABB,718.4130249023438,773.5863647460938,794.3309936523438,771.6798706054688,779.89599609375,26607
2011-08-05,ABB,693.2461547851562,746.48681640625,762.7828979492188,726.2869873046875,762.7828979492188,59515
2011-08-08,ABB,680.430908203125,732.6873779296875,743.6270751953125,712.7598876953125,737.1812744140625,77577
2011-08-09,ABB,679.1663208007812,731.3255615234375,743.5362548828125,688.3384399414062,712.94140625,462227
2011-08-10,ABB,672.3370971679688,723.971923828125,748.9833984375,718.2523803710938,743.3546752929688,186799
2011-08-11,ABB,673.8968505859375,725.6514282226562,730.8262329101562,708.8560791015625,724.4712524414062,63813
2011-08-12,ABB,670.4822998046875,721.974609375,734.276123046875,711.1710815429688,726.2869873046875,61251
2011-08-16,ABB,656.6552734375,707.0857543945312,724.4712524414062,704.04443359375,721.974609375,39085
2011-08-17,ABB,658.42578125,708.9922485351562,723.5633544921875,691.4251708984375,708.0844116210938,51647
2011-08-18,ABB,660.112060546875,710.8079833984375,720.8397827148438,704.04443359375,712.7598876953125,44801
2011-08-19,ABB,651.6387939453125,701.6839599609375,707.221923828125,682.709716796875,699.0512084960938,92410
2011-08-22,ABB,671.2410888671875,722.7916870117188,725.3790893554688,694.5573120117188,701.7747802734375,46804
2011-08-23,ABB,663.1051025390625,714.0308837890625,737.1358642578125,709.9454956054688,737.1358642578125,52672
2011-08-24,ABB,659.05810546875,709.6731567382812,721.2029418945312,705.4061889648438,714.0762329101562,32686
2011-08-25,ABB,687.0071411132812,739.7686767578125,748.393310546875,694.6026611328125,714.4848022460938,95250
2011-08-26,ABB,688.2718505859375,741.1304321289062,756.4732666015625,717.2991333007812,744.4441528320312,72130
2011-08-29,ABB,695.1011352539062,748.484130859375,753.522705078125,735.8194580078125,748.0301513671875,47992
2011-08-30,ABB,704.92333984375,759.0606689453125,767.0498046875,745.3519897460938,748.9833984375,63786
2011-09-02,ABB,724.0618286132812,779.6690673828125,782.9373168945312,753.8404541015625,767.09521484375,41053
2011-09-05,ABB,723.3450927734375,778.8973388671875,783.4820556640625,761.6934204101562,767.2313842773438,53523
2011-09-06,ABB,715.1669921875,770.0911254882812,777.35400390625,768.1392211914062,773.6317749023438,34388
2011-09-07,ABB,723.4716186523438,779.0335693359375,785.2977905273438,770.7720336914062,770.7720336914062,42496
2011-09-08,ABB,727.0970458984375,782.9373168945312,792.5606689453125,774.3126831054688,778.034912109375,54094
2011-09-09,ABB,721.3218383789062,776.718505859375,794.3763427734375,771.6798706054688,783.3912963867188,39326
2011-09-12,ABB,717.4012451171875,772.4969482421875,776.1737670898438,763.23681640625,771.634521484375,40896
2011-09-13,ABB,728.2774658203125,784.2083129882812,788.0213623046875,759.968505859375,773.541015625,49615
2011-09-14,ABB,733.7997436523438,790.1548461914062,795.2842407226562,778.8973388671875,778.9427490234375,65622
2011-09-15,ABB,730.090087890625,786.1602172851562,798.3709106445312,783.5274658203125,792.3790893554688,116869
2011-09-16,ABB,702.2252807617188,756.155517578125,796.1920776367188,745.3519897460938,788.0667724609375,210130
2011-09-19,ABB,690.4639892578125,743.4909057617188,760.7855834960938,740.08642578125,753.568115234375,80403
2011-09-20,ABB,687.4287719726562,740.2225952148438,745.2158203125,730.8262329101562,739.9048461914062,78743
2011-09-21,ABB,686.627685546875,739.360107421875,748.5294799804688,726.2869873046875,730.9170532226562,82465
2011-09-22,ABB,670.14501953125,721.6115112304688,740.8126831054688,709.0376586914062,735.4563598632812,101888
2011-09-23,ABB,633.5963134765625,682.2557983398438,715.3472900390625,679.5322265625,703.7266845703125,221866
2011-09-26,ABB,604.6354370117188,651.0708618164062,687.0674438476562,645.487548828125,687.0674438476562,158254
2011-09-27,ABB,634.0176391601562,682.709716796875,688.8831787109375,651.0708618164062,666.8676147460938,131682
2011-09-28,ABB,622.2564697265625,670.0451049804688,687.2490234375,660.4218139648438,682.755126953125,89252
2011-09-29,ABB,592.6210327148438,638.1338500976562,668.1840209960938,635.5918579101562,668.1840209960938,151657
2011-09-30,ABB,584.4430541992188,629.32763671875,649.1189575195312,624.15283203125,642.7639770507812,128761
2011-10-03,ABB,574.5365600585938,618.6603393554688,626.4224853515625,612.8046264648438,618.2517700195312,62006
2011-10-04,ABB,573.3984985351562,617.4346923828125,634.50244140625,606.6765747070312,621.8378295898438,66363
2011-10-05,ABB,565.388671875,608.81005859375,630.9163818359375,602.2280883789062,630.9163818359375,115055
2011-10-07,ABB,561.3841552734375,604.4977416992188,628.6013793945312,601.00244140625,614.0302124023438,113018
2011-10-10,ABB,560.6251220703125,603.6806640625,611.7605590820312,599.186767578125,605.0878295898438,95447
2011-10-11,ABB,557.42138671875,600.2307739257812,612.8500366210938,597.4617919921875,612.2598876953125,78159
2011-10-12,ABB,572.4708862304688,616.43603515625,618.8872680664062,590.1989135742188,595.6461181640625,247675
2011-10-13,ABB,577.86669921875,622.246337890625,637.3168334960938,618.2517700195312,626.3771362304688,227615
2011-10-14,ABB,580.6489868164062,625.2423095703125,630.4624633789062,622.337158203125,623.562744140625,71089
2011-10-17,ABB,571.965087890625,615.891357421875,630.9617919921875,603.8168334960938,603.8168334960938,84656
2011-10-18,ABB,560.45654296875,603.4990844726562,612.9407958984375,600.2307739257812,612.9407958984375,173773
2011-10-19,ABB,601.600341796875,647.8025512695312,651.842529296875,606.6765747070312,608.6738891601562,469570
2011-10-20,ABB,590.7242431640625,636.0911865234375,642.0376586914062,606.7219848632812,635.5465087890625,136221
2011-10-21,ABB,587.6468505859375,632.7775268554688,648.9827880859375,626.9672241210938,648.9827880859375,120398
2011-10-24,ABB,572.9767456054688,616.9807739257812,642.7639770507812,615.5281982421875,635.4556884765625,85602
2011-10-25,ABB,594.7288818359375,640.4035034179688,648.8466186523438,614.620361328125,625.423828125,128655
2011-10-28,ABB,602.232666015625,648.4834594726562,687.5213623046875,644.5796508789062,649.1189575195312,75687
2011-10-31,ABB,598.5652465820312,644.5343017578125,654.7022705078125,639.1325073242188,649.255126953125,45735
2011-11-01,ABB,579.932373046875,624.4705810546875,646.2592163085938,621.020751953125,640.1765747070312,81651
2011-11-02,ABB,567.3279418945312,610.8981323242188,630.9617919921875,608.4468994140625,630.9617919921875,213588
2011-11-03,ABB,567.2857055664062,610.8527221679688,619.5681762695312,603.9075927734375,612.8046264648438,112443
2011-11-04,ABB,571.0374755859375,614.8927001953125,623.6989135742188,612.9407958984375,616.4814453125,91539
2011-11-08,ABB,598.8601684570312,644.85205078125,651.20703125,610.0810546875,618.2517700195312,852598
2011-11-09,ABB,592.74755859375,638.2700805664062,653.6582641601562,633.3676147460938,637.4983520507812,198502
2011-11-11,ABB,588.489990234375,633.6853637695312,640.0404052734375,618.2517700195312,635.5465087890625,67270
2011-11-14,ABB,578.0775146484375,622.4733276367188,643.5810546875,618.2517700195312,635.4556884765625,57564
2011-11-15,ABB,562.6907958984375,605.9049072265625,625.5146484375,595.7368774414062,599.2775268554688,62210
2011-11-16,ABB,539.1259765625,580.5302734375,603.4990844726562,576.4902954101562,599.2775268554688,129663
2011-11-17,ABB,523.4440307617188,563.64404296875,593.7395629882812,554.70166015625,582.0281982421875,79556
2011-11-18,ABB,522.8118286132812,562.9631958007812,570.13525390625,537.8609008789062,561.9191284179688,116405
2011-11-21,ABB,512.6943969726562,552.06884765625,571.9509887695312,544.7152099609375,561.0567016601562,76589
2011-11-22,ABB,512.483642578125,551.8419189453125,561.5106201171875,549.2545166015625,555.7457275390625,51818
2011-11-23,ABB,493.51373291015625,531.4151000976562,552.704345703125,526.5580444335938,545.7138671875,75192
2011-11-24,ABB,493.3873291015625,531.2789306640625,540.2213134765625,518.5689086914062,531.4151000976562,102994
2011-11-25,ABB,516.1511840820312,555.7910766601562,562.6000366210938,520.4299926757812,531.0973510742188,121554
2011-11-28,ABB,516.4884643554688,556.1542358398438,569.0458374023438,552.06884765625,559.6948852539062,100185
2011-11-29,ABB,505.78106689453125,544.6244506835938,562.8723754882812,541.0838012695312,553.7938232421875,128355
2011-11-30,ABB,503.0408020019531,541.6738891601562,549.2545166015625,526.5580444335938,540.1759033203125,109531
2011-12-01,ABB,509.49072265625,548.6190185546875,572.8588256835938,541.9916381835938,561.5106201171875,107142
2011-12-02,ABB,521.6735229492188,561.737548828125,567.4116821289062,544.8060302734375,546.1223754882812,65248
2011-12-05,ABB,536.76513671875,577.9882202148438,579.6677856445312,561.0112915039062,562.41845703125,114142
2011-12-07,ABB,541.2337646484375,582.7998657226562,586.4313354492188,574.719970703125,580.0762939453125,106828
2011-12-08,ABB,517.5423583984375,557.2890625,583.707763671875,552.06884765625,583.707763671875,55902
2011-12-09,ABB,510.54473876953125,549.7538452148438,553.7938232421875,537.90625,553.7938232421875,93705
2011-12-12,ABB,493.5558776855469,531.4605102539062,557.3798217773438,530.189453125,557.3798217773438,71977
2011-12-13,ABB,502.9143371582031,541.5377197265625,545.623046875,523.244384765625,526.7396240234375,71555
2011-12-14,ABB,498.7410583496094,537.0438232421875,544.2612915039062,532.9130249023438,542.7179565429688,37645
2011-12-15,ABB,484.9561767578125,522.2003173828125,535.6366577148438,517.5702514648438,535.6366577148438,70233
2011-12-16,ABB,474.2908630371094,510.7159118652344,532.0051879882812,505.31414794921875,522.0187377929688,54732
2011-12-19,ABB,464.3843078613281,500.048583984375,507.1298828125,496.2355651855469,507.1298828125,41462
2011-12-20,ABB,459.2835998535156,494.5560302734375,503.7707824707031,491.15155029296875,503.7707824707031,33505
2011-12-21,ABB,475.72418212890625,512.25927734375,521.5648193359375,496.144775390625,499.0045471191406,45168
2011-12-22,ABB,481.75244140625,518.75048828125,521.1109008789062,503.99774169921875,513.1217651367188,58552
2011-12-23,ABB,498.3194885253906,536.5899047851562,559.286376953125,532.0051879882812,538.3602294921875,293775
2011-12-26,ABB,500.8067626953125,539.26806640625,543.716552734375,531.0973510742188,542.6271362304688,87296
2011-12-27,ABB,494.947021484375,532.9584350585938,538.8141479492188,532.0051879882812,538.3148193359375,36526
2011-12-28,ABB,489.97259521484375,527.60205078125,533.412353515625,522.0187377929688,533.412353515625,35436
2011-12-29,ABB,485.3777160644531,522.6542358398438,533.7301025390625,518.3873291015625,526.5126342773438,55266
2011-12-30,ABB,491.78533935546875,529.553955078125,533.8209228515625,520.7477416992188,522.9266357421875,41746
2012-01-02,ABB,490.4363708496094,528.1013793945312,538.3602294921875,515.6637573242188,515.6637573242188,20244
2012-01-03,ABB,500.3851013183594,538.8141479492188,541.4923095703125,528.9638671875,534.683349609375,44347
2012-01-04,ABB,502.4927978515625,541.0838012695312,549.1636962890625,535.7274169921875,539.26806640625,45577
2012-01-05,ABB,500.97515869140625,539.4496459960938,551.7965087890625,537.4977416992188,544.3974609375,65842
2012-01-06,ABB,491.490234375,529.2362060546875,537.7700805664062,528.373779296875,537.5431518554688,52303
2012-01-09,ABB,506.1181640625,544.987548828125,551.7057495117188,525.740966796875,531.55126953125,47638
2012-01-10,ABB,523.5284423828125,563.73486328125,566.0045166015625,546.7125244140625,546.7125244140625,92906
2012-01-11,ABB,539.5474243164062,580.9841918945312,582.8452758789062,567.4116821289062,568.5465087890625,166094
2012-01-12,ABB,571.8807373046875,615.800537109375,621.8831787109375,576.4902954101562,582.8452758789062,171793
2012-01-13,ABB,594.8976440429688,640.5850830078125,649.1189575195312,616.5722045898438,617.2531127929688,208681
2012-01-16,ABB,605.3941650390625,651.887939453125,658.1975708007812,635.5918579101562,635.5918579101562,118822
2012-01-17,ABB,622.97314453125,670.8167724609375,674.4482421875,652.7957763671875,652.7957763671875,99666
2012-01-18,ABB,602.232666015625,648.4834594726562,679.9861450195312,643.7625732421875,675.4468994140625,115368
2012-01-19,ABB,612.771484375,659.8317260742188,662.9183959960938,650.02685546875,655.4739990234375,73477
2012-01-20,ABB,620.7389526367188,668.4109497070312,671.8154296875,653.204345703125,660.921142578125,94227
2012-01-23,ABB,637.7274780273438,686.704345703125,693.6040649414062,659.7409057617188,662.7368774414062,96954
2012-01-24,ABB,656.908203125,707.3580932617188,709.9454956054688,685.6602783203125,686.704345703125,150060
2012-01-25,ABB,674.1498413085938,725.923828125,729.9183959960938,699.3235473632812,702.6826171875,175364
2012-01-27,ABB,671.9998168945312,723.6087646484375,734.4577026367188,705.224609375,734.4122924804688,113046
2012-01-30,ABB,679.0399169921875,731.1893920898438,742.4922485351562,703.7720336914062,724.4712524414062,121792
2012-01-31,ABB,688.2298583984375,741.0850830078125,744.4441528320312,717.7531127929688,732.6419677734375,307976
2012-02-01,ABB,691.644287109375,744.7619018554688,748.9380493164062,733.5498046875,736.4096069335938,108234
2012-02-02,ABB,725.3265991210938,781.0308227539062,793.6954956054688,748.8018798828125,748.8018798828125,189254
2012-02-03,ABB,750.4088745117188,808.0396118164062,814.1676635742188,776.718505859375,778.9427490234375,210655
2012-02-06,ABB,745.5612182617188,802.8194580078125,835.1392211914062,795.42041015625,806.1785278320312,120775
2012-02-07,ABB,727.9822387695312,783.8905639648438,803.4549560546875,740.1771850585938,803.4549560546875,86409
2012-02-08,ABB,732.1555786132812,788.384521484375,795.6927490234375,777.1724243164062,789.7916870117188,84295
2012-02-09,ABB,733.1673583984375,789.4739379882812,797.0545654296875,784.526123046875,787.9759521484375,75303
2012-02-10,ABB,736.624267578125,793.1961669921875,816.1649780273438,778.1256713867188,784.6168823242188,100390
2012-02-13,ABB,716.4736938476562,771.498291015625,796.4644165039062,768.0484619140625,795.965087890625,98025
2012-02-14,ABB,720.6473388671875,775.9922485351562,783.0281372070312,761.8296508789062,770.227294921875,71831
2012-02-15,ABB,726.675537109375,782.4833984375,799.823486328125,776.2191772460938,788.8837890625,83876
2012-02-16,ABB,733.3781127929688,789.7008666992188,797.96240234375,773.9949340820312,776.718505859375,82029
2012-02-17,ABB,751.1677856445312,808.856689453125,828.239501953125,793.423095703125,793.423095703125,268765
2012-02-21,ABB,740.7555541992188,797.6446533203125,826.1060180664062,794.3763427734375,809.8099365234375,92970
2012-02-22,ABB,728.4881591796875,784.435302734375,815.257080078125,775.3113403320312,794.4217529296875,160310
2012-02-23,ABB,738.310302734375,795.0118408203125,941.3132934570312,764.4170532226562,794.3763427734375,521114
2012-02-24,ABB,698.2626342773438,751.8885498046875,789.8370361328125,744.4441528320312,789.655517578125,452591
2012-02-27,ABB,703.4479370117188,757.471923828125,767.09521484375,729.9183959960938,749.709716796875,284882
2012-02-28,ABB,691.1806640625,744.2625732421875,778.7611694335938,740.4041748046875,769.8641967773438,196333
2012-02-29,ABB,682.9180908203125,735.3655395507812,766.6866455078125,733.5498046875,751.7977905273438,178122
2012-03-01,ABB,685.15234375,737.7713623046875,743.5362548828125,727.5125732421875,730.7808837890625,100035
2012-03-02,ABB,693.6677856445312,746.9407348632812,756.200927734375,732.7327270507812,739.5870971679688,96344
2012-03-05,ABB,675.70947265625,727.6033325195312,741.6297607421875,721.8384399414062,735.4109497070312,53717
2012-03-06,ABB,681.822021484375,734.185302734375,739.9048461914062,670.8621826171875,670.8621826171875,87434
2012-03-07,ABB,695.6912841796875,749.11962890625,750.7991333007812,723.6087646484375,737.7713623046875,77412
2012-03-09,ABB,713.6495361328125,768.4569702148438,770.4996948242188,746.6229858398438,755.2476196289062,92348
2012-03-12,ABB,710.4034423828125,764.9617309570312,789.9278564453125,737.7713623046875,779.8052368164062,73472
2012-03-13,ABB,728.3616333007812,784.2991333007812,788.92919921875,762.8282470703125,781.6209716796875,81248
2012-03-14,ABB,738.5211791992188,795.2388305664062,797.9169921875,779.8506469726562,788.0213623046875,80950
2012-03-15,ABB,729.6264038085938,785.660888671875,796.5098266601562,774.6304321289062,796.5098266601562,103388
2012-03-16,ABB,718.6237182617188,773.8133544921875,791.6073608398438,763.5091552734375,776.673095703125,65871
2012-03-19,ABB,689.41015625,742.3560791015625,791.3804321289062,736.7273559570312,787.1134643554688,51987
2012-03-20,ABB,697.2088012695312,750.7537231445312,757.2449340820312,730.8716430664062,742.62841796875,35891
2012-03-21,ABB,701.7194213867188,755.6107788085938,760.7855834960938,744.4441528320312,757.1541748046875,35421
2012-03-22,ABB,686.712158203125,739.450927734375,771.4075317382812,727.6941528320312,771.4075317382812,95068
2012-03-23,ABB,687.892578125,740.721923828125,749.8912963867188,733.5498046875,738.9970092773438,49195
2012-03-26,ABB,688.1453857421875,740.9942626953125,771.6798706054688,733.3228759765625,771.6798706054688,41539
2012-03-27,ABB,692.1923217773438,745.3519897460938,762.555908203125,731.0078125,762.555908203125,62231
2012-03-28,ABB,695.649169921875,749.07421875,752.6148681640625,736.9088745117188,746.2598266601562,32214
2012-03-29,ABB,719.4248046875,774.6758422851562,780.7584838867188,735.4563598632812,752.6148681640625,134280
2012-03-30,ABB,708.5908813476562,763.0098266601562,784.9346313476562,761.0579223632812,774.6758422851562,99188
2012-04-02,ABB,712.6376342773438,767.3675537109375,779.0789184570312,764.4170532226562,775.1751708984375,34182
2012-04-03,ABB,722.0805053710938,777.5355834960938,782.57421875,762.601318359375,767.4583740234375,58707
2012-04-04,ABB,708.9700927734375,763.4183959960938,776.673095703125,758.06201171875,772.814697265625,47946
2012-04-09,ABB,690.0845947265625,743.0823364257812,757.7896728515625,739.9048461914062,753.7496948242188,45730
2012-04-10,ABB,688.1875,741.0396728515625,811.3079223632812,736.5003662109375,771.4529418945312,45514
2012-04-11,ABB,694.0892944335938,747.3946533203125,755.3384399414062,734.0037841796875,735.8648681640625,41981
2012-04-12,ABB,705.386962890625,759.5599975585938,764.0084838867188,739.0423583984375,748.1209716796875,47233
2012-04-13,ABB,700.6232299804688,754.4306030273438,771.6798706054688,749.8912963867188,765.3248901367188,49149
2012-04-16,ABB,696.7029418945312,750.2090454101562,758.06201171875,746.48681640625,756.7001953125,24469
2012-04-17,ABB,702.3095703125,756.2462768554688,767.140625,749.8912963867188,753.568115234375,73487
2012-04-18,ABB,700.2017822265625,753.9766235351562,762.0111694335938,748.0301513671875,761.5572509765625,42036
2012-04-19,ABB,693.2883911132812,746.5322265625,752.9326171875,740.3587646484375,750.34521484375,40078
2012-04-20,ABB,691.81298828125,744.9434814453125,757.0633544921875,740.9035034179688,740.9488525390625,44173
2012-04-23,ABB,679.5034790039062,731.688720703125,749.8912963867188,729.9183959960938,748.8926391601562,26701
2012-04-24,ABB,678.7869262695312,730.9170532226562,734.321533203125,723.6541748046875,732.6419677734375,44931
2012-04-25,ABB,659.6060791015625,710.2632446289062,734.91162109375,706.3140869140625,731.0986328125,63623
2012-04-26,ABB,683.1710205078125,735.6378784179688,748.0755615234375,697.2354736328125,708.9922485351562,159749
2012-04-27,ABB,682.0750732421875,734.4577026367188,739.9048461914062,726.2869873046875,736.2733764648438,36374
2012-04-30,ABB,685.2789916992188,737.9075317382812,744.3533325195312,722.2923583984375,739.8594360351562,56138
2012-05-02,ABB,678.2562866210938,727.3764038085938,741.2666015625,724.3804321289062,738.134521484375,23948
2012-05-03,ABB,671.6109008789062,720.2496948242188,729.9183959960938,717.2083740234375,727.6487426757812,18193
2012-05-04,ABB,652.0979614257812,699.3235473632812,719.9319458007812,691.4251708984375,719.9319458007812,21697
2012-05-07,ABB,659.6744995117188,707.4489135742188,712.7144775390625,671.8154296875,689.9725952148438,38753
2012-05-08,ABB,641.6852416992188,688.1569213867188,720.7490234375,683.5267944335938,707.4489135742188,20095
2012-05-09,ABB,634.4896240234375,680.4400634765625,700.730712890625,653.6582641601562,688.1569213867188,314341
2012-05-10,ABB,613.579833984375,658.0159912109375,676.354736328125,647.4848022460938,662.82763671875,168704
2012-05-11,ABB,609.2200317382812,653.3405151367188,667.276123046875,648.2111206054688,656.8357543945312,115878
2012-05-14,ABB,602.8285522460938,646.4862060546875,668.0932006835938,639.58642578125,657.1989135742188,55590
2012-05-15,ABB,598.426513671875,641.7653198242188,646.3953857421875,637.3168334960938,646.3953857421875,73776
2012-05-16,ABB,592.4161376953125,635.3195190429688,640.0404052734375,626.78564453125,636.8175048828125,95439
2012-05-17,ABB,606.722900390625,650.662353515625,690.8804931640625,637.3168334960938,665.7781982421875,39713
2012-05-18,ABB,603.4212036132812,647.1217041015625,650.9346923828125,635.5010986328125,637.3168334960938,46921
2012-05-21,ABB,601.3048095703125,644.85205078125,653.6128540039062,640.0404052734375,640.0404052734375,24273
2012-05-22,ABB,613.2412109375,657.65283203125,662.7368774414062,647.3486328125,647.3486328125,36019
2012-05-23,ABB,610.9132080078125,655.15625,671.4976806640625,640.0404052734375,655.4739990234375,39443
2012-05-24,ABB,611.6327514648438,655.9279174804688,658.0614013671875,642.7639770507812,650.9346923828125,20753
2012-05-25,ABB,613.8338012695312,658.288330078125,662.7368774414062,649.2097778320312,653.7036743164062,18251
2012-05-28,ABB,636.1828002929688,682.2557983398438,686.658935546875,653.6582641601562,677.580322265625,33278
2012-05-29,ABB,635.8017578125,681.8472900390625,694.4664916992188,678.1704711914062,688.4746704101562,29700
2012-05-30,ABB,626.2780151367188,671.6338500976562,683.5267944335938,663.6901245117188,680.89404296875,14786
2012-05-31,ABB,621.4950561523438,666.5044555664062,670.9075927734375,656.3818359375,669.0010986328125,51653
2012-06-01,ABB,606.3417358398438,650.2537841796875,675.2653198242188,640.0404052734375,669.9996948242188,34546
2012-06-04,ABB,610.870849609375,655.11083984375,658.1975708007812,634.5932006835938,651.887939453125,19953
2012-06-05,ABB,608.6698608398438,652.7504272460938,663.6447143554688,644.4888916015625,656.4725952148438,24716
2012-06-06,ABB,628.394287109375,673.9035034179688,679.0783081054688,653.7490234375,653.7490234375,32040
2012-06-07,ABB,632.9660034179688,678.8059692382812,689.92724609375,669.1826171875,685.8872680664062,24890
2012-06-08,ABB,642.9127807617188,689.4732666015625,698.9603881835938,665.6873779296875,678.1250610351562,37884
2012-06-11,ABB,638.5530395507812,684.7977905273438,709.0830078125,677.3533935546875,689.9725952148438,38587
2012-06-12,ABB,653.5794067382812,700.9122924804688,707.4942626953125,674.5390014648438,685.4786987304688,39542
2012-06-13,ABB,655.8226318359375,703.318115234375,711.5796508789062,692.3330688476562,707.9482421875,47599
2012-06-14,ABB,652.1400756835938,699.3689575195312,707.7666625976562,692.2422485351562,696.1914672851562,56245
2012-06-15,ABB,653.3252563476562,700.6399536132812,720.6128540039062,694.284912109375,720.6128540039062,23320
2012-06-18,ABB,635.7171630859375,681.7564697265625,710.3994140625,676.354736328125,709.4007568359375,31841
2012-06-19,ABB,649.17724609375,696.1914672851562,699.0512084960938,676.8540649414062,685.4332885742188,30680
2012-06-20,ABB,662.637451171875,710.6264038085938,713.5769653320312,689.0647583007812,713.5769653320312,33601
2012-06-21,ABB,676.3091430664062,725.288330078125,733.5044555664062,703.6358642578125,703.6358642578125,81037
2012-06-22,ABB,673.0076904296875,721.7476806640625,733.5498046875,709.0830078125,725.288330078125,55594
2012-06-25,ABB,668.9864501953125,717.4353637695312,733.4590454101562,713.5769653320312,725.242919921875,21153
2012-06-26,ABB,660.3939819335938,708.2205810546875,720.70361328125,704.725341796875,710.8533325195312,14229
2012-06-27,ABB,665.0924072265625,713.2591552734375,720.6128540039062,708.1297607421875,713.5769653320312,17987
2012-06-28,ABB,670.5101928710938,719.0694580078125,724.2442626953125,708.492919921875,713.5769653320312,25055
2012-06-29,ABB,679.0604248046875,728.2388305664062,745.3519897460938,719.47802734375,719.7957763671875,89450
2012-07-02,ABB,681.1768188476562,730.5084838867188,735.0477905273438,718.3432006835938,727.19482421875,68114
2012-07-03,ABB,679.3143310546875,728.51123046875,737.1812744140625,726.2869873046875,731.7794799804688,27019
2012-07-04,ABB,675.885986328125,724.8344116210938,733.0958862304688,720.068115234375,728.4658203125,21899
2012-07-05,ABB,678.9334106445312,728.1026611328125,736.3641967773438,726.1054077148438,726.4231567382812,49577
2012-07-06,ABB,673.0076904296875,721.7476806640625,736.2733764648438,718.2977905273438,732.6419677734375,23121
2012-07-09,ABB,662.8067016601562,710.8079833984375,720.4766845703125,705.4061889648438,720.4766845703125,33498
2012-07-10,ABB,680.7111206054688,730.0091552734375,735.0932006835938,704.4983520507812,710.490234375,82649
2012-07-11,ABB,670.5950317382812,719.1602783203125,730.8262329101562,713.667724609375,730.0091552734375,32391
2012-07-12,ABB,662.9336547851562,710.9441528320312,725.197509765625,708.8106689453125,710.8987426757812,21440
2012-07-13,ABB,662.6798095703125,710.6718139648438,719.9319458007812,709.21923828125,717.2083740234375,17156
2012-07-16,ABB,658.827880859375,706.541015625,715.1203002929688,702.6826171875,713.3953857421875,13312
2012-07-17,ABB,642.8281860351562,689.3825073242188,710.8533325195312,683.6176147460938,709.0376586914062,26798
2012-07-18,ABB,647.0608520507812,693.9218139648438,696.32763671875,680.8486328125,694.5119018554688,28753
2012-07-19,ABB,651.251220703125,698.4157104492188,712.7598876953125,694.0579833984375,694.0579833984375,17876
2012-07-20,ABB,644.6058959960938,691.2890014648438,702.6826171875,685.7056884765625,699.0057983398438,15502
2012-07-23,ABB,622.4262084960938,667.5031127929688,689.7002563476562,664.779541015625,683.6629638671875,56390
2012-07-24,ABB,628.3521118164062,673.8580932617188,677.1718139648438,662.82763671875,667.5485229492188,39989
2012-07-25,ABB,636.9868774414062,683.1182861328125,685.7510375976562,665.46044921875,671.8154296875,61293
2012-07-26,ABB,632.0770263671875,677.8527221679688,696.32763671875,667.4577026367188,685.387939453125,125747
2012-07-27,ABB,656.5421752929688,704.0897827148438,711.76123046875,683.6176147460938,686.2957763671875,117742
2012-07-30,ABB,671.5261840820312,720.158935546875,726.1054077148438,708.1297607421875,712.6690673828125,86745
2012-07-31,ABB,673.8119506835938,722.610107421875,725.3790893554688,710.3540649414062,711.8973999023438,31485
2012-08-01,ABB,674.3197021484375,723.1548461914062,726.1961669921875,717.6168823242188,726.1961669921875,33291
2012-08-02,ABB,668.2247314453125,716.6182861328125,722.655517578125,711.76123046875,711.76123046875,39129
2012-08-03,ABB,660.3517456054688,708.1751708984375,711.76123046875,702.6826171875,708.1297607421875,73253
2012-08-06,ABB,675.3780517578125,724.2896728515625,732.6419677734375,710.3994140625,710.3994140625,87601
2012-08-07,ABB,669.6637573242188,718.16162109375,726.2869873046875,713.9400634765625,721.7930297851562,29523
2012-08-08,ABB,681.7694091796875,731.1439819335938,738.9970092773438,710.7171630859375,723.4725952148438,233397
2012-08-09,ABB,668.4362182617188,716.84521484375,739.405517578125,715.2110595703125,730.8262329101562,127116
2012-08-10,ABB,652.9021606445312,700.18603515625,725.923828125,694.5119018554688,725.923828125,74757
2012-08-13,ABB,666.9548950195312,715.2564697265625,722.655517578125,688.1569213867188,703.5451049804688,61027
2012-08-14,ABB,657.8545532226562,705.4970092773438,720.6128540039062,703.5905151367188,718.1162109375,34461
2012-08-16,ABB,650.1085815429688,697.1900634765625,711.1710815429688,693.6040649414062,706.3594360351562,50345
2012-08-17,ABB,647.3148803710938,694.1941528320312,705.4061889648438,688.2930908203125,698.9150390625,45088
2012-08-21,ABB,652.4789428710938,699.7321166992188,703.8174438476562,694.1941528320312,694.1941528320312,32068
2012-08-22,ABB,647.1031494140625,693.9671630859375,702.6372680664062,690.7442626953125,702.6372680664062,40185
2012-08-23,ABB,638.6799926757812,684.9340209960938,702.5010375976562,682.709716796875,696.32763671875,27564
2012-08-24,ABB,628.9024047851562,674.4482421875,686.8858642578125,673.041015625,685.4786987304688,35063
2012-08-27,ABB,627.2939453125,672.7232666015625,676.354736328125,667.321533203125,674.4482421875,48663
2012-08-28,ABB,622.0874633789062,667.1399536132812,673.6311645507812,663.6447143554688,672.7232666015625,25704
2012-08-29,ABB,617.5161743164062,662.237548828125,674.4935913085938,660.0132446289062,667.1399536132812,21153
2012-08-30,ABB,600.9237670898438,644.4434814453125,667.276123046875,639.9949951171875,662.2828979492188,134631
2012-08-31,ABB,604.3945922851562,648.1657104492188,652.7957763671875,640.312744140625,645.396728515625,54759
2012-09-03,ABB,608.839111328125,652.9319458007812,662.6914672851562,644.5796508789062,646.3953857421875,26635
2012-09-04,ABB,612.098388671875,656.42724609375,658.0614013671875,647.30322265625,647.30322265625,26747
2012-09-05,ABB,605.9607543945312,649.8452758789062,656.42724609375,647.30322265625,649.300537109375,22493
2012-09-06,ABB,607.7386474609375,651.7517700195312,658.5606689453125,645.2151489257812,651.2978515625,26126
2012-09-07,ABB,619.5480346679688,664.4163818359375,666.3682861328125,657.2896728515625,662.6460571289062,46365
2012-09-10,ABB,623.6961059570312,668.8648681640625,673.6311645507812,660.921142578125,664.14404296875,39004
2012-09-11,ABB,631.9923095703125,677.7619018554688,682.709716796875,660.921142578125,662.7368774414062,29504
2012-09-12,ABB,624.0770263671875,669.2734375,684.3438720703125,665.46044921875,684.3438720703125,28824
2012-09-13,ABB,620.8601684570312,665.8235473632812,674.357421875,663.6447143554688,671.8154296875,84508
2012-09-14,ABB,632.8388671875,678.6697387695312,680.6216430664062,657.2896728515625,665.46044921875,41956
2012-09-17,ABB,652.6905517578125,699.9590454101562,702.6826171875,673.2225952148438,688.1569213867188,76731
2012-09-18,ABB,651.8016967773438,699.0057983398438,706.3140869140625,690.426513671875,699.9136352539062,44944
2012-09-20,ABB,630.1298217773438,675.7646484375,697.7802124023438,664.5525512695312,694.284912109375,39956
2012-09-21,ABB,651.3782348632812,698.5518798828125,706.3140869140625,669.954345703125,677.03564453125,102035
2012-09-24,ABB,664.8384399414062,712.98681640625,718.0254516601562,679.9861450195312,679.9861450195312,76071
2012-09-25,ABB,653.36767578125,700.6853637695312,717.1175537109375,697.3262939453125,717.0722045898438,50220
2012-09-26,ABB,662.0870971679688,710.0363159179688,712.6690673828125,690.0180053710938,695.4197387695312,47413
2012-09-27,ABB,665.0077514648438,713.1683959960938,720.4312744140625,710.3994140625,711.2619018554688,36236
2012-09-28,ABB,677.7905883789062,726.8770751953125,730.7354736328125,708.447509765625,714.5755615234375,94869
2012-10-01,ABB,671.7801513671875,720.4312744140625,734.276123046875,714.938720703125,726.2869873046875,77653
2012-10-03,ABB,670.0447387695312,718.5701293945312,736.0010375976562,714.4848022460938,726.2869873046875,95113
2012-10-04,ABB,673.1347045898438,721.8838500976562,729.146728515625,717.2083740234375,723.8357543945312,52069
2012-10-05,ABB,669.4098510742188,717.8892822265625,729.0105590820312,709.4915771484375,723.6087646484375,47570
2012-10-08,ABB,650.8702392578125,698.0071411132812,724.3804321289062,693.6040649414062,724.3804321289062,45483
2012-10-09,ABB,652.4364013671875,699.6867065429688,707.6304321289062,698.143310546875,703.318115234375,41559
2012-10-10,ABB,657.4310302734375,705.0430908203125,706.3140869140625,699.9136352539062,702.6826171875,52047
2012-10-11,ABB,663.0183715820312,711.034912109375,713.5769653320312,706.3140869140625,706.4502563476562,178364
2012-10-12,ABB,665.727294921875,713.9400634765625,719.0241088867188,701.8201904296875,714.4848022460938,46696
2012-10-15,ABB,664.923095703125,713.07763671875,725.288330078125,705.5877685546875,714.4848022460938,48193
2012-10-16,ABB,662.0870971679688,710.0363159179688,722.610107421875,704.8615112304688,714.3486328125,30890
2012-10-17,ABB,661.9178466796875,709.854736328125,716.93603515625,705.4061889648438,716.890625,11638
2012-10-18,ABB,660.8173217773438,708.6744995117188,715.2110595703125,705.7239379882812,711.2164916992188,13146
2012-10-19,ABB,659.9707641601562,707.7666625976562,714.4848022460938,699.0057983398438,701.5932006835938,16495
2012-10-22,ABB,653.6216430664062,700.9577026367188,705.4061889648438,697.1900634765625,700.866943359375,11863
2012-10-23,ABB,640.1615600585938,686.5227661132812,705.4515991210938,680.89404296875,687.2490234375,20156
2012-10-25,ABB,637.283203125,683.43603515625,689.9725952148438,680.0315551757812,685.387939453125,34307
2012-10-29,ABB,627.8018798828125,673.2680053710938,682.4373779296875,670.7260131835938,677.7164916992188,30213
2012-10-30,ABB,623.9077758789062,669.0918579101562,678.5789794921875,664.5525512695312,676.354736328125,23370
2012-10-31,ABB,624.6273803710938,669.863525390625,673.6311645507812,667.0491943359375,669.1372680664062,14129
2012-11-01,ABB,623.0612182617188,668.1840209960938,673.812744140625,664.6433715820312,670.0451049804688,36987
2012-11-02,ABB,607.1883544921875,651.16162109375,677.9434814453125,646.3953857421875,669.0918579101562,240162
2012-11-05,ABB,611.1671142578125,655.4285888671875,661.8289794921875,649.1189575195312,651.933349609375,48742
2012-11-06,ABB,617.4315795898438,662.146728515625,666.4590454101562,656.3818359375,658.1975708007812,128436
2012-11-07,ABB,614.1300659179688,658.6060791015625,668.1840209960938,644.5796508789062,652.47802734375,211094
2012-11-08,ABB,614.510986328125,659.0146484375,665.46044921875,649.4821166992188,649.4821166992188,40483
2012-11-09,ABB,617.2200927734375,661.9197998046875,670.8167724609375,658.1975708007812,663.5993041992188,92498
2012-11-12,ABB,617.4315795898438,662.146728515625,668.1840209960938,660.6941528320312,664.5979614257812,29490
2012-11-15,ABB,618.8706665039062,663.6901245117188,666.3682861328125,653.7490234375,655.3831787109375,50424
2012-11-16,ABB,610.743896484375,654.9746704101562,668.8195190429688,650.9346923828125,662.7368774414062,20773
2012-11-19,ABB,607.1038208007812,651.0708618164062,660.5579833984375,648.2111206054688,655.8370971679688,20705
2012-11-20,ABB,601.3472290039062,644.8973999023438,653.6582641601562,641.3114013671875,652.5234375,61541
2012-11-21,ABB,600.3312377929688,643.8079833984375,652.6141967773438,638.2246704101562,652.6141967773438,24233
2012-11-22,ABB,598.51123046875,641.8560791015625,649.1189575195312,639.58642578125,649.1189575195312,24176
2012-11-23,ABB,601.22021484375,644.76123046875,648.8466186523438,641.7653198242188,642.1284790039062,20279
2012-11-26,ABB,593.6012573242188,636.5905151367188,647.9387817382812,635.0471801757812,645.487548828125,42537
2012-11-27,ABB,597.0297241210938,640.267333984375,644.5796508789062,635.7734375,638.2700805664062,18410
2012-11-29,ABB,596.6487426757812,639.8588256835938,674.0850830078125,564.2796020507812,649.1189575195312,106168
2012-11-30,ABB,603.9290161132812,647.6663818359375,654.520751953125,640.99365234375,641.8560791015625,84987
2012-12-03,ABB,608.4159545898438,652.47802734375,657.2896728515625,649.2097778320312,657.2896728515625,33456
2012-12-04,ABB,612.4368896484375,656.7903442382812,660.4672241210938,652.3872680664062,655.3831787109375,52136
2012-12-05,ABB,613.0296630859375,657.4259033203125,663.5993041992188,655.9733276367188,656.8357543945312,21736
2012-12-06,ABB,611.20947265625,655.4739990234375,661.7835693359375,650.9346923828125,661.1934814453125,33247
2012-12-07,ABB,607.1883544921875,651.16162109375,663.6447143554688,647.30322265625,660.875732421875,38665
2012-12-10,ABB,602.6592407226562,646.3046264648438,656.9265747070312,644.5796508789062,650.9801025390625,26912
2012-12-11,ABB,602.870849609375,646.5315551757812,651.3886108398438,643.3540649414062,650.9346923828125,21869
2012-12-12,ABB,602.7439575195312,646.3953857421875,650.9346923828125,643.6718139648438,649.1189575195312,16331
2012-12-13,ABB,596.7758178710938,639.9949951171875,651.7971801757812,637.3168334960938,649.890625,27162
2012-12-14,ABB,591.992919921875,634.8656005859375,640.0857543945312,626.3771362304688,637.3168334960938,76211
2012-12-17,ABB,595.9714965820312,639.1325073242188,642.6731567382812,631.5518798828125,637.2714233398438,25071
2012-12-18,ABB,599.7811889648438,643.2178955078125,648.1203002929688,637.770751953125,640.90283203125,25554
2012-12-19,ABB,603.20947265625,646.8947143554688,650.02685546875,643.1270751953125,643.1270751953125,26006
2012-12-20,ABB,591.696533203125,634.5478515625,653.5675048828125,631.86962890625,653.5675048828125,59358
2012-12-21,ABB,582.7230224609375,624.924560546875,642.3099975585938,622.7910766601562,635.3649291992188,90737
2012-12-24,ABB,584.543212890625,626.8764038085938,629.1460571289062,621.8831787109375,625.8323974609375,37745
2012-12-26,ABB,588.1409301757812,630.7348022460938,634.5932006835938,626.4224853515625,626.4224853515625,25581
2012-12-27,ABB,585.1357421875,627.5119018554688,641.4929809570312,623.9259033203125,633.7307739257812,95910
2012-12-28,ABB,593.1355590820312,636.0911865234375,640.0404052734375,630.9617919921875,634.5932006835938,54657
2012-12-31,ABB,593.2203369140625,636.1820068359375,641.583740234375,634.5932006835938,638.1792602539062,20374
2013-01-01,ABB,597.241455078125,640.4943237304688,644.6250610351562,638.7694091796875,642.1284790039062,25849
2013-01-02,ABB,595.3789672851562,638.4970092773438,644.5796508789062,636.5451049804688,644.5796508789062,48522
2013-01-03,ABB,596.9873046875,640.221923828125,645.487548828125,637.3621826171875,640.1765747070312,39224
2013-01-04,ABB,614.3416137695312,658.8330688476562,665.1880493164062,638.3154296875,641.583740234375,184262
2013-01-07,ABB,614.29931640625,658.7876586914062,669.0010986328125,655.4739990234375,659.1508178710938,112851
2013-01-08,ABB,614.214599609375,658.6968994140625,662.6460571289062,655.746337890625,660.875732421875,40953
2013-01-09,ABB,606.5957641601562,650.526123046875,669.0918579101562,645.5328979492188,659.1054077148438,88239
2013-01-10,ABB,598.0455322265625,641.3567504882812,659.1054077148438,639.1325073242188,651.887939453125,85061
2013-01-11,ABB,585.6859741210938,628.10205078125,646.3953857421875,625.5146484375,645.442138671875,87839
2013-01-14,ABB,591.4848022460938,634.3208618164062,635.5010986328125,623.3811645507812,630.9617919921875,31986
2013-01-15,ABB,590.4267578125,633.18603515625,639.9495849609375,630.9617919921875,635.5465087890625,31687
2013-01-16,ABB,585.7282104492188,628.1474609375,639.1325073242188,626.9218139648438,634.7294311523438,36420
2013-01-17,ABB,580.6489868164062,622.7002563476562,632.7775268554688,620.975341796875,631.8242797851562,46928
2013-01-18,ABB,582.0457763671875,624.1982421875,631.3703002929688,621.1569213867188,622.7002563476562,29539
2013-01-21,ABB,579.29443359375,621.2476806640625,628.9644775390625,619.1596069335938,619.1596069335938,35975
2013-01-22,ABB,577.5592041015625,619.3865966796875,628.2382202148438,617.3439331054688,623.608154296875,46007
2013-01-23,ABB,581.1993408203125,623.2904052734375,628.2836303710938,616.9807739257812,621.4746704101562,37486
2013-01-24,ABB,567.358154296875,608.4468994140625,628.2382202148438,604.6339111328125,623.1088256835938,62022
2013-01-25,ABB,570.4480590820312,611.7605590820312,616.43603515625,604.6792602539062,608.4014892578125,86783
2013-01-28,ABB,566.680908203125,607.7205810546875,617.0261840820312,606.4495849609375,613.6671142578125,29111
2013-01-29,ABB,558.8926391601562,599.3682861328125,613.7124633789062,596.463134765625,609.3093872070312,59843
2013-01-30,ABB,553.3900756835938,593.4672241210938,603.2720947265625,591.0159912109375,599.2775268554688,67687
2013-01-31,ABB,549.4959716796875,589.2910766601562,599.186767578125,579.758544921875,594.60205078125,149964
2013-02-01,ABB,547.5912475585938,587.2484130859375,596.9171142578125,580.1671142578125,592.9224853515625,34529
2013-02-04,ABB,548.2262573242188,587.9293212890625,592.650146484375,585.7958374023438,586.4767456054688,37809
2013-02-05,ABB,558.8081665039062,599.2775268554688,612.8046264648438,585.65966796875,586.88525390625,61237
2013-02-06,ABB,564.5645751953125,605.4509887695312,610.9888916015625,601.00244140625,605.1332397460938,26045
2013-02-07,ABB,555.2101440429688,595.4191284179688,610.0810546875,591.0159912109375,606.903564453125,26837
2013-02-08,ABB,546.913818359375,586.5220947265625,603.2266845703125,582.9814453125,594.60205078125,17723
2013-02-11,ABB,550.3424682617188,590.1989135742188,593.7395629882812,585.56884765625,587.7477416992188,9719
2013-02-12,ABB,546.7022705078125,586.295166015625,597.3256225585938,584.0255126953125,594.6928100585938,18096
2013-02-13,ABB,538.5755004882812,577.5797119140625,590.9252319335938,575.5823974609375,589.0187377929688,22438
2013-02-14,ABB,527.8665771484375,566.0952758789062,581.9827880859375,561.0567016601562,578.532958984375,38779
2013-02-15,ABB,514.1101684570312,551.3425903320312,570.4984130859375,548.4374389648438,567.7294311523438,32816
2013-02-18,ABB,515.8878784179688,553.2490844726562,559.6041259765625,549.2545166015625,551.524169921875,24111
2013-02-19,ABB,516.2688598632812,553.6576538085938,563.7802734375,549.4815063476562,562.8723754882812,23436
2013-02-20,ABB,516.9461059570312,554.3839111328125,559.0139770507812,551.9780883789062,554.7470703125,28476
2013-02-21,ABB,493.5389099121094,529.2816162109375,567.4116821289062,515.6637573242188,555.2463989257812,543466
2013-02-22,ABB,495.61297607421875,531.505859375,540.1759033203125,508.6278381347656,526.37646484375,195055
2013-02-25,ABB,497.3060607910156,533.3215942382812,543.807373046875,531.0973510742188,532.4137573242188,30031
2013-02-26,ABB,482.491455078125,517.43408203125,532.9130249023438,515.6637573242188,531.0973510742188,41759
2013-02-27,ABB,492.56549072265625,528.2376098632812,533.1854248046875,508.40087890625,518.3873291015625,52731
2013-02-28,ABB,486.0469970703125,521.2470703125,541.90087890625,510.6705322265625,531.5966796875,33946
2013-03-01,ABB,483.9730224609375,519.0228271484375,528.282958984375,514.3473510742188,522.0187377929688,25673
2013-03-04,ABB,487.44366455078125,522.7450561523438,525.6502075195312,511.1698303222656,519.2044067382812,36985
2013-03-05,ABB,486.8935546875,522.1549072265625,526.7850341796875,513.1671142578125,526.7850341796875,25077
2013-03-06,ABB,490.8722839355469,526.421875,533.8209228515625,522.1095581054688,531.0973510742188,59384
2013-03-07,ABB,499.7189025878906,535.9089965820312,539.7219848632812,523.83447265625,527.1481323242188,21779
2013-03-08,ABB,509.2001647949219,546.0770263671875,551.9326782226562,531.6420288085938,537.2254028320312,47425
2013-03-11,ABB,528.2898559570312,566.5491943359375,570.816162109375,545.66845703125,545.66845703125,94000
2013-03-12,ABB,517.7926025390625,555.291748046875,571.3154907226562,550.4347534179688,567.4116821289062,33979
2013-03-13,ABB,500.69244384765625,536.9530029296875,558.3330688476562,532.9130249023438,554.70166015625,57797
2013-03-14,ABB,496.544189453125,532.5045166015625,543.8981323242188,527.3297119140625,537.8154907226562,45747
2013-03-15,ABB,486.681884765625,521.927978515625,543.2172241210938,513.8480224609375,528.4645385742188,511604
2013-03-18,ABB,472.5867614746094,506.8121032714844,526.46728515625,503.9523620605469,526.46728515625,95230
2013-03-19,ABB,465.39111328125,499.0953063964844,521.1109008789062,497.5065612792969,516.9347534179688,51589
2013-03-20,ABB,449.5606384277344,482.11834716796875,502.545166015625,476.71661376953125,502.545166015625,61576
2013-03-21,ABB,442.0686340332031,474.08380126953125,492.0594177246094,469.3629455566406,484.2518310546875,48626
2013-03-22,ABB,429.41278076171875,460.5113220214844,477.8514099121094,457.4700012207031,474.8554992675781,41356
2013-03-25,ABB,416.33349609375,446.4848937988281,473.17596435546875,440.31146240234375,464.3243408203125,42841
2013-03-26,ABB,413.9208984375,443.89752197265625,449.3900451660156,438.9496765136719,444.85076904296875,383176
2013-03-28,ABB,413.7515869140625,443.7159423828125,447.12042236328125,438.1325988769531,444.7599792480469,41136
2013-04-01,ABB,432.7142639160156,464.0519714355469,466.6393737792969,445.0777282714844,445.6678466796875,103622
2013-04-02,ABB,428.9471435546875,460.0119934082031,470.86090087890625,454.83721923828125,463.9158020019531,82885
2013-04-03,ABB,426.1111755371094,456.9706726074219,467.5472412109375,454.3832702636719,462.00927734375,41920
2013-04-04,ABB,420.0583801269531,450.4794921875,461.1922302246094,447.75592041015625,459.3764953613281,37449
2013-04-05,ABB,414.47113037109375,444.4876403808594,453.9293518066406,443.0350341796875,447.5743408203125,33724
2013-04-08,ABB,412.1854248046875,442.0364074707031,454.83721923828125,440.31146240234375,454.83721923828125,23253
2013-04-09,ABB,405.6246337890625,435.00048828125,449.3900451660156,431.6867980957031,443.0350341796875,30738
2013-04-10,ABB,400.8840026855469,429.9164733886719,442.127197265625,425.1048278808594,435.8629455566406,40125
2013-04-11,ABB,403.2543640136719,432.45849609375,439.8121337890625,429.41717529296875,429.41717529296875,26273
2013-04-12,ABB,402.11151123046875,431.2328796386719,438.4957580566406,429.09942626953125,438.4957580566406,30538
2013-04-15,ABB,402.0268249511719,431.14208984375,435.7721862792969,424.87786865234375,426.9205627441406,46953
2013-04-16,ABB,403.38134765625,432.59466552734375,440.2660827636719,428.5093078613281,428.5093078613281,35553
2013-04-17,ABB,410.53466796875,440.2660827636719,454.3832702636719,432.1407470703125,435.635986328125,86842
2013-04-18,ABB,413.4552001953125,443.3981628417969,448.8907470703125,440.31146240234375,440.31146240234375,30382
2013-04-22,ABB,419.80438232421875,450.2071228027344,453.8839416503906,440.4022521972656,440.4022521972656,44482
2013-04-23,ABB,429.455078125,460.5567321777344,465.73150634765625,451.56890869140625,451.56890869140625,66744
2013-04-25,ABB,425.5609130859375,456.38055419921875,466.36700439453125,454.83721923828125,466.36700439453125,27904
2013-04-26,ABB,421.2857666015625,451.7958679199219,460.73828125,449.3900451660156,457.6061706542969,21672
2013-04-29,ABB,433.30682373046875,464.6874694824219,468.455078125,452.1136169433594,452.4313659667969,71048
2013-04-30,ABB,444.0891418457031,473.17596435546875,478.4415283203125,465.277587890625,465.277587890625,60601
2013-05-02,ABB,442.5981140136719,471.58721923828125,484.7965393066406,467.5472412109375,468.455078125,51163
2013-05-03,ABB,448.3919982910156,477.7606506347656,486.6122741699219,472.0865173339844,474.71929931640625,52515
2013-05-06,ABB,450.52215576171875,480.0302734375,482.5268859863281,475.71795654296875,478.62310791015625,16457
2013-05-07,ABB,448.4772033691406,477.8514099121094,484.6149597167969,472.994384765625,481.0743103027344,29361
2013-05-08,ABB,457.89239501953125,487.8832702636719,490.6522216796875,476.6258239746094,481.16510009765625,101209
2013-05-09,ABB,451.5445861816406,481.1197204589844,485.70440673828125,449.843994140625,485.6136169433594,94836
2013-05-10,ABB,450.4368896484375,479.93951416015625,484.3426208496094,476.6258239746094,482.9808349609375,22622
2013-05-13,ABB,440.51055908203125,469.3629455566406,479.3493957519531,467.5472412109375,473.0851745605469,20930
2013-05-14,ABB,441.5755615234375,470.4977722167969,473.81146240234375,464.8236389160156,470.27081298828125,15079
2013-05-15,ABB,443.7483825683594,472.81280517578125,477.94219970703125,467.5926208496094,471.6325988769531,30387
2013-05-16,ABB,464.58099365234375,495.00994873046875,500.638671875,474.8100891113281,476.6258239746094,80860
2013-05-17,ABB,561.8426513671875,598.6420288085938,607.40283203125,497.7335205078125,499.3222961425781,1904344
2013-05-20,ABB,566.3585205078125,603.4536743164062,612.2598876953125,568.8642578125,585.56884765625,2005371
2013-05-21,ABB,563.0354614257812,599.9130249023438,617.2531127929688,590.108154296875,598.505859375,854280
2013-05-22,ABB,550.6381225585938,586.7036743164062,601.9103393554688,583.9801025390625,597.3710327148438,240546
2013-05-23,ABB,536.7923583984375,571.9509887695312,585.56884765625,563.2355346679688,585.56884765625,140496
2013-05-24,ABB,565.1657104492188,602.1826782226562,614.4387817382812,573.7667236328125,580.1217041015625,546208
2013-05-27,ABB,566.5288696289062,603.63525390625,620.975341796875,599.3682861328125,604.6339111328125,236655
2013-05-28,ABB,580.1618041992188,618.1610107421875,630.7348022460938,601.0478515625,607.3574829101562,468129
2013-05-29,ABB,576.6682739257812,614.4387817382812,627.8750610351562,608.5376586914062,621.8831787109375,169816
2013-05-30,ABB,572.2376708984375,609.7178955078125,621.7924194335938,604.6339111328125,608.2653198242188,100056
2013-05-31,ABB,546.2501831054688,582.0281982421875,614.1663818359375,574.08447265625,610.8981323242188,94644
2013-06-03,ABB,547.1021728515625,582.9360961914062,599.186767578125,571.9963989257812,582.8452758789062,103436
2013-06-04,ABB,548.337646484375,584.25244140625,596.3269653320312,581.029541015625,584.2070922851562,58479
2013-06-05,ABB,546.0369873046875,581.8012084960938,592.740966796875,578.3059692382812,578.3059692382812,54688
2013-06-06,ABB,539.7744140625,575.1284790039062,591.0159912109375,573.1311645507812,581.9374389648438,97183
2013-06-07,ABB,534.2786865234375,569.2727661132812,584.7517700195312,564.2341918945312,574.674560546875,66733
2013-06-10,ABB,528.9108276367188,563.5532836914062,581.9374389648438,560.1488037109375,571.9509887695312,62614
2013-06-11,ABB,513.5739135742188,547.2118530273438,566.957763671875,537.4523315429688,559.3771362304688,69690
2013-06-12,ABB,510.84735107421875,544.3067016601562,552.795166015625,536.63525390625,546.5309448242188,31759
2013-06-13,ABB,502.83807373046875,535.7728271484375,552.4320068359375,531.4151000976562,540.1759033203125,29832
2013-06-14,ABB,508.7599182128906,542.0824584960938,549.2545166015625,536.9984130859375,536.9984130859375,28495
2013-06-17,ABB,523.6707763671875,557.969970703125,571.9509887695312,536.771484375,544.7152099609375,123795
2013-06-18,ABB,524.8637084960938,559.240966796875,575.1284790039062,556.562744140625,559.78564453125,106031
2013-06-19,ABB,524.9487915039062,559.3317260742188,565.595947265625,553.7938232421875,562.373046875,36608
2013-06-20,ABB,502.28424072265625,535.1826782226562,553.7938232421875,532.0051879882812,553.7938232421875,69160
2013-06-21,ABB,519.8364868164062,553.8845825195312,559.6041259765625,526.5580444335938,530.7796020507812,110179
2013-06-24,ABB,497.8535461425781,530.4618530273438,553.7938232421875,529.2816162109375,552.6135864257812,42336
2013-06-25,ABB,496.2347717285156,528.7369384765625,537.4523315429688,526.5580444335938,534.18408203125,48267
2013-06-26,ABB,493.16729736328125,525.4686279296875,537.4523315429688,522.9719848632812,529.5086059570312,34775
2013-06-27,ABB,495.7659912109375,528.237548828125,535.6366577148438,526.6488037109375,526.7396240234375,15873
2013-06-28,ABB,521.7536010742188,555.92724609375,560.1488037109375,529.1908569335938,529.1908569335938,178012
2013-07-01,ABB,529.8054809570312,564.5065307617188,567.3662719726562,553.8845825195312,557.33447265625,66915
2013-07-02,ABB,527.2493896484375,561.782958984375,569.9536743164062,556.5173950195312,564.6881103515625,31005
2013-07-03,ABB,517.0247192382812,550.888671875,564.6427001953125,545.8500366210938,559.240966796875,27358
2013-07-04,ABB,513.9573364257812,547.620361328125,557.0167236328125,544.7152099609375,557.0167236328125,26983
2013-07-05,ABB,507.90789794921875,541.174560546875,557.1528930664062,537.5431518554688,553.0675048828125,45700
2013-07-08,ABB,502.32672119140625,535.2280883789062,540.0851440429688,526.6034545898438,540.0851440429688,50401
2013-07-09,ABB,506.6297607421875,539.8128051757812,551.433349609375,537.4523315429688,542.8994750976562,57775
2013-07-10,ABB,502.4545593261719,535.3642578125,545.623046875,533.6847534179688,543.807373046875,29666
2013-07-11,ABB,506.9279479980469,540.1305541992188,549.1636962890625,537.4523315429688,541.0838012695312,38355
2013-07-12,ABB,522.2222900390625,556.4266357421875,559.87646484375,538.3602294921875,543.761962890625,193033
2013-07-15,ABB,512.8071899414062,546.394775390625,555.6094970703125,542.8994750976562,555.6094970703125,46138
2013-07-16,ABB,509.61187744140625,542.9902954101562,555.6094970703125,535.6366577148438,535.6366577148438,59674
2013-07-17,ABB,492.443115234375,524.6969604492188,555.1102294921875,522.0641479492188,546.5309448242188,87571
2013-07-18,ABB,497.2145690917969,529.7809448242188,533.7301025390625,523.153564453125,523.153564453125,36611
2013-07-19,ABB,495.3399963378906,527.7836303710938,536.5444946289062,524.9238891601562,531.0973510742188,33823
2013-07-22,ABB,493.2950744628906,525.6047973632812,533.2761840820312,522.9266357421875,528.328369140625,30413
2013-07-23,ABB,488.22540283203125,520.2030029296875,530.7796020507812,517.4794311523438,526.7396240234375,28454
2013-07-24,ABB,478.1712646484375,509.49029541015625,519.295166015625,505.8134765625,517.5702514648438,27276
2013-07-25,ABB,464.96441650390625,495.4184875488281,507.4022216796875,492.921875,507.1298828125,38412
2013-07-26,ABB,458.9574890136719,489.0180969238281,500.2301330566406,485.70440673828125,496.59869384765625,26476
2013-07-29,ABB,446.432373046875,475.6725769042969,490.1075134277344,472.994384765625,489.0180969238281,17241
2013-07-30,ABB,427.0054626464844,454.973388671875,475.6725769042969,452.1136169433594,472.0865173339844,35349
2013-07-31,ABB,425.89788818359375,453.7931823730469,459.01336669921875,441.2193298339844,456.6529235839844,28594
2013-08-01,ABB,419.63525390625,447.12042236328125,465.73150634765625,437.2701416015625,453.9293518066406,27535
2013-08-02,ABB,412.3927917480469,439.4035949707031,452.1136169433594,437.6332702636719,445.75860595703125,24793
2013-08-05,ABB,405.5338439941406,432.0953369140625,443.0804443359375,422.60821533203125,435.7721862792969,21465
2013-08-06,ABB,398.2914123535156,424.3785705566406,430.8243408203125,420.6109313964844,429.0086364746094,30931
2013-08-07,ABB,406.51373291015625,433.139404296875,440.31146240234375,422.154296875,422.154296875,24879
2013-08-08,ABB,421.7228088378906,449.34466552734375,453.021484375,430.32501220703125,430.552001953125,42787
2013-08-12,ABB,424.6197509765625,452.4313659667969,469.2267761230469,434.22882080078125,444.85076904296875,77758
2013-08-13,ABB,421.08380126953125,448.66375732421875,458.1962890625,445.75860595703125,448.4822082519531,35287
2013-08-14,ABB,414.65081787109375,441.8094482421875,452.7491455078125,438.9496765136719,446.6664733886719,50323
2013-08-16,ABB,406.00250244140625,432.59466552734375,445.75860595703125,426.6935729980469,441.2193298339844,25988
2013-08-19,ABB,400.46405029296875,426.6935729980469,440.62921142578125,403.99713134765625,427.6014404296875,37484
2013-08-20,ABB,396.6298828125,422.60821533203125,431.2328796386719,390.3792419433594,422.65362548828125,27319
2013-08-21,ABB,395.6500549316406,421.5641784667969,435.3182373046875,419.5215148925781,428.5093078613281,19064
2013-08-22,ABB,398.16363525390625,424.24237060546875,439.1312561035156,413.2118835449219,417.7511901855469,32075
2013-08-23,ABB,408.43084716796875,435.18206787109375,444.7599792480469,424.4693298339844,426.6935729980469,68794
2013-08-26,ABB,415.33251953125,442.5357360839844,451.4327392578125,432.59466552734375,432.59466552734375,61225
2013-08-27,ABB,400.6345520019531,426.87518310546875,442.127197265625,424.87786865234375,438.4503479003906,36373
2013-08-28,ABB,388.7484436035156,414.2105407714844,423.87921142578125,410.44293212890625,423.0621643066406,39159
2013-08-29,ABB,388.1519775390625,413.57501220703125,419.43072509765625,411.2599792480469,418.5228576660156,26269
2013-08-30,ABB,382.1023864746094,407.1292419433594,419.43072509765625,405.8128356933594,417.5242004394531,42605
2013-09-02,ABB,387.59808349609375,412.98492431640625,415.6177062988281,404.90496826171875,404.90496826171875,18260
2013-09-03,ABB,385.55322265625,410.8060607910156,416.6617431640625,409.2626953125,411.2599792480469,21771
2013-09-04,ABB,394.2867736816406,420.1116027832031,425.6041564941406,406.9476623535156,406.9476623535156,46109
2013-09-05,ABB,399.48431396484375,425.6495666503906,429.41717529296875,421.4280090332031,421.4280090332031,22202
2013-09-06,ABB,405.53387451171875,432.0953674316406,441.94561767578125,422.154296875,422.154296875,50918
2013-09-10,ABB,476.21148681640625,507.4022216796875,533.7301025390625,433.23016357421875,433.23016357421875,829165
2013-09-11,ABB,491.54840087890625,523.74365234375,540.1305541992188,490.2436828613281,497.5065612792969,409353
2013-09-12,ABB,467.9892272949219,498.6413879394531,524.7423095703125,494.873779296875,524.7423095703125,97037
2013-09-13,ABB,479.23626708984375,510.6251220703125,522.0187377929688,490.4706726074219,501.13800048828125,127441
2013-09-16,ABB,466.1572570800781,496.6894836425781,518.069580078125,493.1942443847656,516.3900146484375,64036
2013-09-17,ABB,473.0588073730469,504.04315185546875,515.5729370117188,492.0594177246094,492.0594177246094,77657
2013-09-18,ABB,481.3238525390625,512.8494262695312,517.0255126953125,499.4130554199219,499.4130554199219,72255
2013-09-19,ABB,484.8597412109375,516.6170043945312,525.6502075195312,512.940185546875,517.5702514648438,118966
2013-09-20,ABB,479.83270263671875,511.2606201171875,520.8385620117188,501.319580078125,516.5715942382812,66946
2013-09-23,ABB,474.9334411621094,506.04046630859375,515.6637573242188,501.13800048828125,509.3087158203125,75771
2013-09-24,ABB,471.0139465332031,501.8642883300781,511.44219970703125,496.82568359375,503.861572265625,27797
2013-09-25,ABB,481.32379150390625,512.849365234375,521.1109008789062,499.50384521484375,499.6400451660156,73144
2013-09-26,ABB,478.1712646484375,509.49029541015625,524.5607299804688,504.7694396972656,513.8480224609375,50413
2013-09-27,ABB,467.8613586425781,498.5052185058594,514.165771484375,496.00860595703125,509.49029541015625,33387
2013-09-30,ABB,462.1952819824219,492.46795654296875,502.9537048339844,489.698974609375,498.23284912109375,27927
2013-10-01,ABB,462.6212463378906,492.921875,510.94287109375,487.65631103515625,490.2436828613281,59152
2013-10-03,ABB,470.5453186035156,501.3649597167969,517.4794311523438,490.51605224609375,490.51605224609375,147846
2013-10-04,ABB,465.4757080078125,495.96319580078125,511.3060302734375,493.8297424316406,505.9042663574219,86489
2013-10-07,ABB,467.09454345703125,497.6881408691406,506.58514404296875,485.70440673828125,493.8751220703125,56269
2013-10-08,ABB,460.3633117675781,490.51605224609375,502.0458679199219,488.56414794921875,502.0458679199219,40719
2013-10-09,ABB,467.26495361328125,497.8697204589844,505.67730712890625,485.7951965332031,492.3317565917969,75328
2013-10-10,ABB,462.7064208984375,493.0126647949219,502.0458679199219,491.6962585449219,493.8751220703125,51925
2013-10-11,ABB,478.2138366699219,509.53570556640625,514.7105102539062,494.7829895019531,494.7829895019531,224382
2013-10-14,ABB,476.12628173828125,507.3114318847656,521.927978515625,504.7694396972656,509.3087158203125,137906
2013-10-15,ABB,465.6033935546875,496.0993957519531,511.6691589355469,493.9205322265625,507.58380126953125,81459
2013-10-17,ABB,460.49114990234375,490.6522216796875,501.5011291503906,487.5201110839844,499.0499267578125,49657
2013-10-18,ABB,474.16650390625,505.2233581542969,507.58380126953125,488.427978515625,491.19696044921875,127787
2013-10-21,ABB,495.8938293457031,528.373779296875,540.49365234375,501.7281188964844,505.2233581542969,213276
2013-10-22,ABB,521.6259155273438,555.7910766601562,560.8751220703125,528.7368774414062,530.189453125,311333
2013-10-23,ABB,533.5545043945312,568.5010986328125,573.2673950195312,554.70166015625,555.6094970703125,171925
2013-10-24,ABB,538.9649658203125,574.2659912109375,581.9374389648438,562.9631958007812,562.9631958007812,138950
2013-10-25,ABB,525.3322143554688,559.7402954101562,573.7213134765625,554.020751953125,568.3195190429688,61972
2013-10-28,ABB,515.7892456054688,549.572265625,569.6813354492188,546.5309448242188,562.2822875976562,35774
2013-10-29,ABB,530.913330078125,565.686767578125,571.9509887695312,544.7152099609375,544.7152099609375,71984
2013-10-30,ABB,524.6080322265625,558.9686279296875,570.6799926757812,553.2944946289062,566.5946044921875,32818
2013-10-31,ABB,536.1959228515625,571.3154907226562,576.4902954101562,553.8391723632812,561.9645385742188,104407
2013-11-01,ABB,533.6397705078125,568.5919189453125,578.532958984375,563.7802734375,566.5038452148438,96602
2013-11-05,ABB,534.8323974609375,569.8629150390625,574.08447265625,559.8310546875,566.1860961914062,43916
2013-11-06,ABB,549.3175048828125,585.2965087890625,634.1392822265625,565.5051879882812,572.8588256835938,2325958
2013-11-07,ABB,534.2786865234375,569.2727661132812,597.3710327148438,565.1420288085938,586.4767456054688,245010
2013-11-08,ABB,529.2091064453125,563.8710327148438,567.4116821289062,555.92724609375,567.4116821289062,96893
2013-11-11,ABB,515.6614379882812,549.4360961914062,561.6921997070312,544.7152099609375,547.4387817382812,63711
2013-11-12,ABB,503.86053466796875,536.8622436523438,556.0634765625,533.3670043945312,546.7125244140625,51434
2013-11-13,ABB,498.5779113769531,531.2335205078125,546.2131958007812,527.4658813476562,538.3602294921875,71434
2013-11-14,ABB,496.87371826171875,529.4177856445312,543.807373046875,524.7423095703125,534.09326171875,70723
2013-11-18,ABB,501.9008483886719,534.774169921875,539.6765747070312,523.8798828125,523.8798828125,60562
2013-11-19,ABB,515.1928100585938,548.936767578125,553.2490844726562,532.2775268554688,532.2775268554688,128043
2013-11-20,ABB,518.7288818359375,552.704345703125,563.3262939453125,545.8500366210938,545.8500366210938,93609
2013-11-21,ABB,507.0556945800781,540.2666625976562,553.7938232421875,537.0892333984375,549.2545166015625,63281
2013-11-22,ABB,507.6522216796875,540.9022216796875,547.8473510742188,536.8168334960938,543.807373046875,42309
2013-11-25,ABB,521.9666748046875,556.1542358398438,560.511962890625,541.129150390625,541.129150390625,134361
2013-11-26,ABB,550.4252319335938,586.4767456054688,625.6962280273438,550.207763671875,553.8845825195312,1105652
2013-11-27,ABB,540.0301513671875,575.4008178710938,589.2003173828125,567.8656005859375,588.2470703125,215493
2013-11-28,ABB,558.6900024414062,595.282958984375,601.8649291992188,574.8561401367188,578.7599487304688,275216
2013-11-29,ABB,573.302734375,610.8527221679688,615.0288696289062,591.9238891601562,595.282958984375,247253
2013-12-02,ABB,574.1121215820312,611.7152099609375,623.6989135742188,584.5248413085938,610.9888916015625,127132
2013-12-03,ABB,584.8480834960938,623.1542358398438,630.9617919921875,604.6339111328125,609.1731567382812,187274
2013-12-04,ABB,572.45068359375,609.9448852539062,627.3303833007812,604.7246704101562,617.3892822265625,137315
2013-12-05,ABB,598.2252197265625,637.4075927734375,654.384521484375,616.4814453125,616.4814453125,463307
2013-12-06,ABB,595.4559936523438,634.45703125,653.5675048828125,631.1887817382812,634.5932006835938,313288
2013-12-09,ABB,588.3839721679688,626.9218139648438,653.6582641601562,621.9285888671875,644.5796508789062,156709
2013-12-10,ABB,572.3654174804688,609.8540649414062,631.86962890625,604.6339111328125,627.375732421875,120401
2013-12-11,ABB,579.0966796875,617.0261840820312,623.6989135742188,597.3710327148438,606.4495849609375,176774
2013-12-12,ABB,586.4242553710938,624.833740234375,632.6867065429688,607.8568115234375,610.9888916015625,136882
2013-12-13,ABB,560.8628540039062,597.5979614257812,622.0647583007812,592.8771362304688,618.2517700195312,67730
2013-12-16,ABB,566.8698120117188,603.9984130859375,610.03564453125,595.5552978515625,601.8649291992188,108451
2013-12-17,ABB,581.3120727539062,619.3865966796875,632.6867065429688,606.4495849609375,606.4495849609375,182038
2013-12-18,ABB,576.1143798828125,613.8486328125,620.0220947265625,605.541748046875,617.3439331054688,97222
2013-12-19,ABB,559.4569091796875,596.1000366210938,620.0675048828125,594.6474609375,617.3439331054688,74877
2013-12-20,ABB,567.466064453125,604.6339111328125,617.162353515625,598.1881103515625,598.1881103515625,113746
2013-12-23,ABB,575.8162841796875,613.5308837890625,625.2423095703125,606.5404052734375,609.7633056640625,93196
2013-12-24,ABB,577.9039306640625,615.7551879882812,629.0552978515625,613.98486328125,617.3439331054688,73849
2013-12-26,ABB,589.193603515625,627.7843017578125,641.8560791015625,616.2998657226562,619.1142578125,384761
2013-12-27,ABB,587.8728637695312,626.3771362304688,633.4130249023438,620.6121826171875,629.1460571289062,144615
2013-12-30,ABB,591.579345703125,630.3262939453125,642.7639770507812,625.5146484375,628.1928100585938,147787
2013-12-31,ABB,590.7271118164062,629.41845703125,635.5010986328125,624.6068115234375,633.6853637695312,83899
2014-01-01,ABB,584.5924072265625,622.8818359375,633.866943359375,620.6575927734375,624.788330078125,75730
2014-01-02,ABB,573.0045776367188,610.5349731445312,633.5491943359375,606.4495849609375,624.6068115234375,64426
2014-01-03,ABB,567.8067626953125,604.9970092773438,628.1928100585938,590.2897338867188,608.2653198242188,113768
2014-01-06,ABB,570.2353515625,607.5844116210938,615.891357421875,601.00244140625,605.541748046875,51116
2014-01-07,ABB,563.8876342773438,600.8208618164062,615.5281982421875,596.8717041015625,602.8181762695312,53533
2014-01-08,ABB,565.0804443359375,602.0918579101562,612.8046264648438,600.0946044921875,601.09326171875,64746
2014-01-09,ABB,563.1207885742188,600.0037841796875,613.98486328125,595.6007080078125,604.6339111328125,48985
2014-01-10,ABB,555.6227416992188,592.0146484375,609.5817260742188,590.108154296875,594.6928100585938,50611
2014-01-13,ABB,549.8713989257812,585.8865966796875,604.1799926757812,578.578369140625,588.3832397460938,40587
2014-01-14,ABB,553.1943969726562,589.42724609375,599.186767578125,584.0255126953125,584.0255126953125,50426
2014-01-15,ABB,552.8960571289062,589.1094970703125,600.6393432617188,578.6237182617188,593.5580444335938,92691
2014-01-16,ABB,548.7210083007812,584.6610107421875,595.9638671875,583.3900146484375,591.1068115234375,33006
2014-01-17,ABB,542.927001953125,578.487548828125,588.9733276367188,575.6732177734375,581.4835205078125,25512
2014-01-20,ABB,540.4988403320312,575.900146484375,580.1217041015625,572.9042358398438,572.9042358398438,19391
2014-01-21,ABB,545.1424560546875,580.8480224609375,590.74365234375,577.85205078125,577.8974609375,57132
2014-01-22,ABB,542.5437622070312,578.0790405273438,586.4767456054688,576.4902954101562,580.9387817382812,39335
2014-01-23,ABB,542.9697265625,578.532958984375,588.746337890625,576.53564453125,576.53564453125,53681
2014-01-24,ABB,525.587890625,560.0126342773438,580.9841918945312,557.7429809570312,578.3059692382812,53387
2014-01-27,ABB,508.37646484375,541.6738891601562,554.1569213867188,539.26806640625,554.1569213867188,40402
2014-01-28,ABB,501.3470764160156,534.18408203125,550.0715942382812,532.0051879882812,540.1759033203125,28459
2014-01-29,ABB,500.5375061035156,533.3215942382812,541.9462280273438,531.2789306640625,535.7274169921875,28766
2014-01-30,ABB,493.4654846191406,525.786376953125,540.2213134765625,514.7105102539062,536.2267456054688,86884
2014-01-31,ABB,494.10455322265625,526.46728515625,533.3215942382812,520.2030029296875,525.6502075195312,72194
2014-02-03,ABB,490.0573425292969,522.1549072265625,533.8209228515625,520.1576538085938,523.108154296875,138871
2014-02-04,ABB,491.8891906738281,524.1068115234375,529.1908569335938,515.1190185546875,524.1976318359375,53336
2014-02-05,ABB,512.7218627929688,546.303955078125,555.5187377929688,522.2003173828125,522.2003173828125,210338
2014-02-06,ABB,501.04876708984375,533.8663330078125,560.1488037109375,524.7423095703125,549.4815063476562,97137
2014-02-07,ABB,502.7955017089844,535.7274169921875,539.7219848632812,529.3270263671875,536.6806640625,41692
2014-02-10,ABB,493.2099304199219,525.5139770507812,539.22265625,522.6542358398438,532.0051879882812,45012
2014-02-11,ABB,489.4608459472656,521.5194091796875,529.1454467773438,519.0228271484375,524.7877197265625,25642
2014-02-12,ABB,496.8310241699219,529.3723754882812,538.2694091796875,518.3873291015625,518.3873291015625,62862
2014-02-13,ABB,488.9921569824219,521.0200805664062,536.5444946289062,517.8425903320312,531.0973510742188,47423
2014-02-14,ABB,492.10223388671875,524.3338012695312,528.8276977539062,517.5248413085938,518.3873291015625,33058
2014-02-17,ABB,503.7754211425781,536.771484375,539.4950561523438,522.0187377929688,522.0187377929688,95842
2014-02-18,ABB,568.53125,605.7687377929688,614.529541015625,537.8154907226562,539.26806640625,3275105
2014-02-19,ABB,580.1618041992188,618.1610107421875,634.50244140625,592.3778076171875,605.9956665039062,2972687
2014-02-20,ABB,580.6304321289062,618.6603393554688,629.6907958984375,604.7700805664062,610.2626342773438,1068363
2014-02-21,ABB,581.0138549804688,619.06884765625,625.9685668945312,611.0343017578125,619.9766845703125,348918
2014-02-24,ABB,579.4376220703125,617.3892822265625,624.6068115234375,612.8500366210938,612.8500366210938,256174
2014-02-25,ABB,576.6682739257812,614.4387817382812,623.3811645507812,609.1731567382812,617.5255126953125,202104
2014-02-26,ABB,603.1669921875,642.6731567382812,667.2307739257812,610.0810546875,616.2998657226562,2516188
2014-02-28,ABB,610.8355712890625,650.8438720703125,655.3831787109375,642.2646484375,642.7639770507812,628052
2014-03-03,ABB,613.1787719726562,653.3405151367188,665.36962890625,645.1243896484375,646.3953857421875,392148
2014-03-04,ABB,623.8720703125,664.734130859375,675.2653198242188,652.7504272460938,653.6582641601562,488181
2014-03-05,ABB,678.1051025390625,722.5193481445312,732.5057983398438,663.6447143554688,667.0491943359375,1822558
2014-03-06,ABB,664.2591552734375,707.7666625976562,753.1595458984375,699.1873779296875,734.5484619140625,932349
2014-03-07,ABB,683.55810546875,728.3296508789062,747.0315551757812,699.9590454101562,710.8533325195312,968468
2014-03-10,ABB,679.2979736328125,723.7903442382812,742.62841796875,713.5769653320312,722.0654296875,332733
2014-03-11,ABB,664.8555908203125,708.4021606445312,732.36962890625,706.3594360351562,726.2869873046875,172543
2014-03-12,ABB,676.86962890625,721.2029418945312,727.5125732421875,697.3716430664062,708.2205810546875,354410
2014-03-13,ABB,696.594482421875,742.2198486328125,748.0755615234375,713.2138061523438,724.4712524414062,599738
2014-03-14,ABB,680.8316040039062,725.4244995117188,756.5186767578125,717.2991333007812,742.2198486328125,390176
2014-03-18,ABB,681.044677734375,725.6514282226562,738.089111328125,710.8533325195312,719.0241088867188,248166
2014-03-19,ABB,674.0151977539062,718.16162109375,735.0932006835938,715.4834594726562,728.1026611328125,162754
2014-03-20,ABB,668.4768676757812,712.2605590820312,727.830322265625,710.1270751953125,712.6690673828125,81543
2014-03-21,ABB,669.2010498046875,713.0322265625,727.6487426757812,708.538330078125,713.667724609375,134559
2014-03-24,ABB,681.1298828125,725.7422485351562,726.2869873046875,712.305908203125,713.8038940429688,193504
2014-03-25,ABB,702.64404296875,748.6656494140625,763.872314453125,722.8825073242188,727.2855834960938,697230
2014-03-26,ABB,702.0902709960938,748.0755615234375,760.7855834960938,742.8554077148438,751.9339599609375,205049
2014-03-27,ABB,702.0477294921875,748.0301513671875,758.5159301757812,744.625732421875,751.70703125,120835
2014-03-28,ABB,697.3615112304688,743.0369262695312,755.3384399414062,738.5430297851562,748.0301513671875,232232
2014-03-31,ABB,727.5665893554688,775.2205200195312,782.57421875,742.673828125,748.8926391601562,409717
2014-04-01,ABB,723.6898803710938,771.0897827148438,784.1175537109375,767.140625,780.4861450195312,180312
2014-04-02,ABB,731.1025390625,778.9881591796875,790.291015625,773.6771850585938,773.6771850585938,237254
2014-04-03,ABB,715.5101318359375,762.3743286132812,784.3445434570312,756.2462768554688,776.4007568359375,77451
2014-04-04,ABB,710.4830322265625,757.0179443359375,769.591796875,754.4306030273438,756.3370971679688,61390
2014-04-07,ABB,699.2359008789062,745.0342407226562,759.3330078125,735.4563598632812,749.8912963867188,58792
2014-04-09,ABB,716.4899291992188,763.4183959960938,768.956298828125,749.8912963867188,750.5267944335938,115641
2014-04-10,ABB,715.8508911132812,762.7374877929688,778.9427490234375,759.923095703125,764.3262329101562,114056
2014-04-11,ABB,701.8347778320312,747.80322265625,762.510498046875,743.263916015625,758.697509765625,63996
2014-04-15,ABB,694.5496826171875,740.041015625,757.9258422851562,735.4563598632812,744.6710815429688,72719
2014-04-16,ABB,708.8640747070312,755.2930297851562,764.7801513671875,740.8126831054688,740.8126831054688,133442
2014-04-17,ABB,722.75244140625,770.0911254882812,782.3018188476562,745.4881591796875,760.013916015625,207573
2014-04-21,ABB,709.2049560546875,755.6561889648438,770.0911254882812,751.70703125,770.0911254882812,57367
2014-04-22,ABB,701.5789184570312,747.5308227539062,766.2327270507812,744.4441528320312,760.7855834960938,82718
2014-04-23,ABB,699.1932373046875,744.9888305664062,753.4319458007812,740.8126831054688,747.167724609375,41760
2014-04-24,ABB,699.1932373046875,744.9888305664062,744.9888305664062,744.9888305664062,744.9888305664062,0
2014-04-25,ABB,705.9127807617188,749.11962890625,762.510498046875,742.5830078125,742.62841796875,68078
2014-04-28,ABB,707.0677490234375,750.34521484375,764.3262329101562,744.4441528320312,753.2503662109375,100382
2014-04-29,ABB,698.940673828125,741.7205810546875,754.0674438476562,738.089111328125,753.4319458007812,93555
2014-04-30,ABB,722.466552734375,766.6866455078125,770.7720336914062,747.8939819335938,747.8939819335938,288479
2014-05-02,ABB,715.1093139648438,758.8790893554688,782.1202392578125,756.83642578125,769.8641967773438,121174
2014-05-05,ABB,704.8005981445312,747.9393920898438,772.5877685546875,744.4441528320312,762.601318359375,128620
2014-05-06,ABB,696.6734008789062,739.3147583007812,755.2022705078125,737.6351928710938,745.3973999023438,55651
2014-05-07,ABB,696.8872680664062,739.5416870117188,748.9833984375,733.640625,733.640625,149536
2014-05-08,ABB,694.6202392578125,737.1358642578125,745.3519897460938,735.4563598632812,740.041015625,51995
2014-05-09,ABB,714.25390625,757.9712524414062,762.510498046875,733.7313842773438,735.592529296875,112350
2014-05-12,ABB,754.8900756835938,801.0945434570312,837.9535522460938,743.263916015625,754.6121215820312,584910
2014-05-13,ABB,780.5546875,828.3302612304688,835.22998046875,791.9251708984375,803.04638671875,324498
2014-05-14,ABB,762.974365234375,809.6737670898438,832.4610595703125,804.5443725585938,829.2835083007812,86513
2014-05-15,ABB,759.5951538085938,806.0877075195312,835.22998046875,800.0504760742188,809.8553466796875,124382
2014-05-16,ABB,751.0829467773438,797.0545654296875,829.6012573242188,791.1988525390625,823.1554565429688,108144
2014-05-19,ABB,787.7410888671875,835.956298828125,846.0789184570312,803.2279663085938,804.3173828125,282808
2014-05-20,ABB,792.1895141601562,840.6771240234375,847.8038330078125,819.79638671875,840.7225341796875,165915
2014-05-21,ABB,800.2313232421875,849.2109985351562,891.5172119140625,844.30859375,847.9400024414062,266888
2014-05-22,ABB,801.685546875,850.75439453125,869.7286376953125,845.3526000976562,856.9732055664062,103673
2014-05-23,ABB,794.627685546875,843.2645263671875,866.09716796875,835.5477294921875,857.4725341796875,124207
2014-05-26,ABB,788.2542114257812,836.5009765625,884.25439453125,819.841796875,850.6182250976562,226556
2014-05-27,ABB,764.0009765625,810.76318359375,841.5850219726562,803.727294921875,839.9054565429688,76547
2014-05-28,ABB,772.1709594726562,819.4332885742188,837.0457153320312,811.7164306640625,812.5335083007812,117929
2014-05-29,ABB,782.0947875976562,829.9644165039062,836.1378784179688,817.0728149414062,817.0728149414062,69701
2014-05-30,ABB,774.6947021484375,822.1114501953125,846.1243286132812,809.8099365234375,831.1900024414062,59781
2014-06-02,ABB,795.4832153320312,844.1724243164062,852.4793090820312,823.4278564453125,823.4278564453125,95488
2014-06-03,ABB,800.5305786132812,849.5287475585938,860.377685546875,840.6771240234375,851.97998046875,103336
2014-06-04,ABB,778.33056640625,825.9698486328125,859.3336791992188,822.474609375,856.9277954101562,112854
2014-06-05,ABB,812.3794555664062,862.1026000976562,870.3641357421875,827.0592651367188,828.875,226783
2014-06-06,ABB,864.1369018554688,917.028076171875,926.015869140625,862.5111694335938,869.7286376953125,394367
2014-06-09,ABB,856.73681640625,909.1751098632812,936.91015625,903.5009765625,932.3709106445312,196024
2014-06-10,ABB,869.3982543945312,922.6113891601562,938.7258911132812,906.04296875,912.3980102539062,212624
2014-06-11,ABB,864.9924926757812,917.9359130859375,931.0090942382812,911.2177734375,931.0090942382812,65995
2014-06-12,ABB,859.2177734375,911.807861328125,920.5687255859375,905.1351318359375,914.6222534179688,78975
2014-06-13,ABB,852.8870849609375,905.0897216796875,924.2909545898438,897.8722534179688,908.7665405273438,90783
2014-06-16,ABB,847.0269165039062,898.8709106445312,907.949462890625,874.3587036132812,907.8587036132812,41632
2014-06-17,ABB,883.4282836914062,937.5003051757812,970.9548950195312,893.3783569335938,904.9081420898438,305615
2014-06-18,ABB,896.2178344726562,951.07275390625,964.7360229492188,927.4684448242188,943.991455078125,155806
2014-06-19,ABB,892.58203125,947.21435546875,959.425048828125,917.8451538085938,951.4813232421875,80935
2014-06-20,ABB,881.3321533203125,935.2760009765625,953.2516479492188,929.4203491210938,953.2516479492188,45828
2014-06-23,ABB,895.9613647460938,950.8004150390625,962.3302001953125,932.461669921875,941.449462890625,78825
2014-06-24,ABB,912.3869018554688,968.2313232421875,975.9481201171875,942.3572998046875,957.2916259765625,159992
2014-06-25,ABB,919.6585693359375,975.9481201171875,982.3031005859375,961.8762817382812,967.77734375,96934
2014-06-26,ABB,928.0852661132812,984.8905029296875,998.5991821289062,963.283447265625,980.4873657226562,86965
2014-06-27,ABB,942.5857543945312,1000.2786865234375,1007.72314453125,989.5659790039062,991.3817138671875,134308
2014-06-30,ABB,959.0968627929688,1017.8004150390625,1021.8857421875,1000.5056762695312,1005.7258911132812,48399
2014-07-01,ABB,983.2217407226562,1043.4019775390625,1062.1038818359375,1016.8017578125,1016.8471069335938,204556
2014-07-02,ABB,984.03466796875,1044.2645263671875,1064.0103759765625,1042.8118896484375,1050.34716796875,79130
2014-07-03,ABB,972.4854125976562,1032.0084228515625,1062.1947021484375,1025.017822265625,1044.446044921875,129111
2014-07-04,ABB,961.9201049804688,1020.7963256835938,1036.774658203125,1008.6310424804688,1022.2489013671875,67345
2014-07-07,ABB,971.2020874023438,1030.6466064453125,1038.59033203125,1008.6763916015625,1016.8017578125,111188
2014-07-08,ABB,886.2942504882812,940.5416259765625,1040.8599853515625,913.71435546875,1023.15673828125,85475
2014-07-09,ABB,898.784423828125,953.7963256835938,970.36474609375,932.507080078125,943.2651977539062,50497
2014-07-10,ABB,909.0075073242188,964.645263671875,993.1973876953125,938.2265625,951.9806518554688,109698
2014-07-11,ABB,898.0571899414062,953.024658203125,975.8572998046875,936.91015625,956.1567993164062,132946
2014-07-14,ABB,898.9983520507812,954.0233154296875,970.3193969726562,926.2428588867188,957.5185546875,37330
2014-07-15,ABB,923.465576171875,979.9880981445312,986.0253295898438,954.0233154296875,954.0233154296875,53444
2014-07-16,ABB,935.2285766601562,992.4711303710938,1004.0917358398438,971.4995727539062,971.4995727539062,40507
2014-07-17,ABB,940.9176025390625,998.5083618164062,1006.8153076171875,985.0266723632812,989.5659790039062,31314
2014-07-18,ABB,940.8749389648438,998.4630126953125,1013.9419555664062,991.4270629882812,1003.0022583007812,60116
2014-07-21,ABB,938.094482421875,995.512451171875,1007.6323852539062,985.253662109375,988.4765625,78047
2014-07-22,ABB,947.9754028320312,1005.9982299804688,1016.8017578125,981.440673828125,1003.0930786132812,39914
2014-07-23,ABB,925.43310546875,982.076171875,1044.0374755859375,962.3302001953125,1023.15673828125,330246
2014-07-24,ABB,897.2445678710938,952.1622314453125,984.9359130859375,947.4867553710938,978.6716918945312,154290
2014-07-25,ABB,892.4110107421875,947.0327758789062,971.4088134765625,931.78076171875,947.0781860351562,67957
2014-07-28,ABB,891.4699096679688,946.0341796875,966.8695068359375,938.952880859375,938.952880859375,58282
2014-07-30,ABB,894.29296875,949.0300903320312,957.7909545898438,927.8316040039062,936.91015625,76836
2014-07-31,ABB,889.844482421875,944.3092041015625,956.7922973632812,935.1852416992188,939.54296875,23661
2014-08-01,ABB,882.5299682617188,936.5470581054688,944.1730346679688,927.8316040039062,934.8220825195312,28734
2014-08-04,ABB,889.5878295898438,944.036865234375,953.2516479492188,928.01318359375,928.01318359375,37802
2014-08-05,ABB,900.3243408203125,955.4304809570312,963.6011962890625,936.6378173828125,936.6378173828125,19232
2014-08-06,ABB,894.0363159179688,948.7577514648438,953.2062377929688,940.6777954101562,946.4426879882812,25787
2014-08-07,ABB,877.3115234375,931.0090942382812,956.33837890625,926.2428588867188,943.2651977539062,40388
2014-08-08,ABB,868.2860717773438,921.4312133789062,935.003662109375,914.440673828125,926.1974487304688,47185
2014-08-11,ABB,861.7841796875,914.5314331054688,932.3709106445312,911.4901123046875,921.6581420898438,32215
2014-08-12,ABB,864.6500244140625,917.5728149414062,923.2922973632812,913.3058471679688,914.3045043945312,24290
2014-08-13,ABB,858.3194580078125,910.8546142578125,918.7529907226562,906.04296875,909.0842895507812,34781
2014-08-14,ABB,852.0315551757812,904.181884765625,914.9400024414062,900.5958251953125,902.6838989257812,19142
2014-08-18,ABB,852.9725952148438,905.1805419921875,913.169677734375,900.91357421875,904.181884765625,25901
2014-08-19,ABB,843.0060424804688,894.6039428710938,912.3526000976562,886.2970581054688,909.311279296875,70979
2014-08-20,ABB,855.667236328125,908.040283203125,920.7503051757812,889.6107177734375,891.5172119140625,348187
2014-08-21,ABB,866.6604614257812,919.7062377929688,937.545654296875,915.12158203125,921.4765625,55071
2014-08-22,ABB,862.2120361328125,914.9854125976562,934.5497436523438,909.9013671875,912.57958984375,39626
2014-08-25,ABB,850.1494140625,902.1845703125,921.9304809570312,900.5958251953125,908.0856323242188,20588
2014-08-26,ABB,850.106689453125,902.13916015625,907.5863647460938,893.19677734375,901.6852416992188,23107
2014-08-27,ABB,834.1517333984375,885.2076416015625,910.582275390625,880.6229248046875,903.3193969726562,31173
2014-08-28,ABB,843.2200317382812,894.8309326171875,902.4115600585938,883.573486328125,883.573486328125,35952
2014-09-01,ABB,927.5719604492188,984.3457641601562,1022.475830078125,890.9271240234375,895.148681640625,451570
2014-09-02,ABB,905.3290405273438,960.741455078125,995.7394409179688,952.0260009765625,989.5659790039062,124842
2014-09-03,ABB,891.1276245117188,945.6710205078125,982.8478393554688,940.7685546875,962.5117797851562,89725
2014-09-04,ABB,912.2156982421875,968.0497436523438,985.0266723632812,930.55517578125,940.5416259765625,136994
2014-09-05,ABB,922.4817504882812,978.9440307617188,985.0266723632812,953.2516479492188,971.136474609375,84577
2014-09-08,ABB,949.8147583007812,1007.9501342773438,1028.42236328125,972.2713012695312,985.0266723632812,181669
2014-09-09,ABB,983.6068115234375,1043.810546875,1111.218994140625,1003.91015625,1015.43994140625,464350
2014-09-10,ABB,976.8056640625,1036.593017578125,1051.3004150390625,1022.2489013671875,1043.038818359375,98964
2014-09-11,ABB,984.5050659179688,1044.7637939453125,1057.7462158203125,1035.458251953125,1041.31396484375,58459
2014-09-12,ABB,983.564208984375,1043.76513671875,1062.285400390625,1034.3233642578125,1034.9588623046875,59265
2014-09-15,ABB,984.1202392578125,1044.355224609375,1053.1160888671875,1036.9107666015625,1044.0374755859375,40607
2014-09-16,ABB,985.1041259765625,1045.3992919921875,1080.351806640625,1007.677734375,1047.6689453125,231632
2014-09-17,ABB,1046.9990234375,1111.0828857421875,1128.4683837890625,1045.853271484375,1045.853271484375,437420
2014-09-18,ABB,1038.615234375,1102.185791015625,1132.7353515625,1089.475830078125,1124.8369140625,169989
2014-09-19,ABB,1049.6513671875,1113.897216796875,1123.9290771484375,1075.8125,1103.04833984375,123217
2014-09-22,ABB,1058.2490234375,1123.021240234375,1147.0794677734375,1100.279296875,1107.587646484375,110571
2014-09-23,ABB,1030.359619140625,1093.425048828125,1133.234619140625,1089.430419921875,1117.5740966796875,41195
2014-09-24,ABB,996.6105346679688,1057.6099853515625,1105.7718505859375,1048.5767822265625,1090.5198974609375,42835
2014-09-25,ABB,985.3178100585938,1045.626220703125,1088.068603515625,1039.4981689453125,1057.6553955078125,36699
2014-09-26,ABB,993.0172729492188,1053.7969970703125,1066.7340087890625,1034.9588623046875,1044.0374755859375,45801
2014-09-29,ABB,987.8416137695312,1048.304443359375,1074.677734375,1042.7210693359375,1054.2962646484375,49229
2014-09-30,ABB,984.1202392578125,1044.355224609375,1065.78076171875,1041.858642578125,1052.208251953125,54048
2014-10-01,ABB,951.568603515625,1009.8112182617188,1064.0103759765625,1007.9047241210938,1053.0252685546875,63905
2014-10-07,ABB,928.6411743164062,985.4805908203125,1015.8938598632812,980.4873657226562,999.5524291992188,32928
2014-10-08,ABB,918.503662109375,974.7224731445312,1011.3546142578125,967.91357421875,975.5849609375,47940
2014-10-09,ABB,924.1070556640625,980.6689453125,998.6445922851562,971.4088134765625,975.9481201171875,25662
2014-10-10,ABB,902.7196655273438,957.9724731445312,980.3966064453125,953.2516479492188,980.3058471679688,21952
2014-10-13,ABB,916.2793579101562,972.362060546875,996.828857421875,948.7123413085938,948.7123413085938,72758
2014-10-14,ABB,900.7093505859375,955.8390502929688,982.1215209960938,944.1730346679688,975.9481201171875,44978
2014-10-15,ABB,900.7093505859375,955.8390502929688,955.8390502929688,955.8390502929688,955.8390502929688,0
2014-10-16,ABB,866.18994140625,919.2069091796875,968.412841796875,907.8587036132812,946.2611083984375,72904
2014-10-17,ABB,849.4223022460938,901.4129028320312,934.3681640625,894.2408447265625,927.7861938476562,49081
2014-10-20,ABB,885.3530883789062,939.54296875,944.9901123046875,908.7665405273438,908.7665405273438,87636
2014-10-21,ABB,906.526611328125,962.012451171875,973.2245483398438,939.6337280273438,939.6337280273438,97266
2014-10-22,ABB,944.2112426757812,1002.003662109375,1012.262451171875,958.6987915039062,968.503662109375,61707
2014-10-27,ABB,987.5850219726562,1048.0321044921875,1079.80712890625,1005.9074096679688,1013.3064575195312,147964
2014-10-28,ABB,983.7778930664062,1043.9920654296875,1069.63916015625,985.208251953125,1049.484619140625,404065
2014-10-29,ABB,997.59423828125,1058.654052734375,1070.8193359375,999.7340087890625,1040.496826171875,236945
2014-10-30,ABB,1000.8024291992188,1062.0584716796875,1069.45751953125,1032.14453125,1053.1614990234375,101187
2014-10-31,ABB,999.861328125,1061.059814453125,1071.2733154296875,1050.846435546875,1062.376220703125,107828
2014-11-03,ABB,983.9920043945312,1044.2191162109375,1068.5496826171875,1031.9630126953125,1060.37890625,173804
2014-11-05,ABB,959.3536376953125,1018.07275390625,1044.0374755859375,1008.6310424804688,1044.0374755859375,76584
2014-11-07,ABB,928.68408203125,985.5260009765625,1023.6106567382812,975.4033813476562,1018.617431640625,108948
2014-11-10,ABB,915.4666137695312,971.4995727539062,998.6445922851562,963.2380981445312,989.5659790039062,72772
2014-11-11,ABB,957.5999145507812,1016.2116088867188,1024.0645751953125,972.362060546875,975.0402221679688,96109
2014-11-12,ABB,945.6657104492188,1003.5469970703125,1025.88037109375,998.7353515625,1024.972412109375,41038
2014-11-13,ABB,935.14306640625,992.38037109375,1016.8017578125,988.2041625976562,1003.183837890625,36182
2014-11-14,ABB,968.2933349609375,1027.559814453125,1036.774658203125,992.28955078125,992.28955078125,158988
2014-11-17,ABB,957.9420166015625,1016.5747680664062,1062.1947021484375,1008.9033813476562,1027.696044921875,115839
2014-11-18,ABB,963.24609375,1022.2034912109375,1034.051025390625,1012.3532104492188,1018.617431640625,45272
2014-11-19,ABB,953.1939697265625,1011.5361328125,1039.4981689453125,1007.72314453125,1027.3328857421875,53043
2014-11-20,ABB,943.74072265625,1001.5043334960938,1018.617431640625,990.6100463867188,998.68994140625,49884
2014-11-21,ABB,942.157958984375,999.8247680664062,1014.9406127929688,995.1039428710938,1003.183837890625,39495
2014-11-24,ABB,958.5408325195312,1017.2102661132812,1024.972412109375,1004.1370849609375,1005.9074096679688,66626
2014-11-25,ABB,944.3395385742188,1002.1398315429688,1022.9298095703125,990.0653076171875,1016.8017578125,35832
2014-11-26,ABB,937.1962890625,994.5592041015625,1004.7272338867188,985.253662109375,996.874267578125,20942
2014-11-27,ABB,933.60302734375,990.7462158203125,1010.0382080078125,987.750244140625,987.750244140625,19588
2014-11-28,ABB,952.424072265625,1010.7191162109375,1015.8938598632812,985.3444213867188,985.3444213867188,47117
2014-12-01,ABB,959.5673217773438,1018.2996826171875,1022.2489013671875,1007.7685546875,1010.4013671875,39647
2014-12-02,ABB,967.3952026367188,1026.6065673828125,1034.9588623046875,1008.0863037109375,1015.1676025390625,41570
2014-12-03,ABB,997.0809936523438,1058.1092529296875,1066.7340087890625,1030.5103759765625,1030.5103759765625,168388
2014-12-04,ABB,1126.6458740234375,1195.6044921875,1269.731201171875,1066.7340087890625,1070.3653564453125,1014794
2014-12-05,ABB,1118.7322998046875,1187.206787109375,1220.162109375,1165.463623046875,1195.64990234375,484923
2014-12-08,ABB,1082.6304931640625,1148.8951416015625,1181.578125,1143.447998046875,1180.21630859375,146818
2014-12-09,ABB,1049.3946533203125,1113.6248779296875,1152.9805908203125,1111.7637939453125,1152.9805908203125,88667
2014-12-10,ABB,1055.896240234375,1120.5245361328125,1191.88232421875,1095.376953125,1117.2109375,361335
2014-12-11,ABB,1044.9033203125,1108.858642578125,1136.59375,1101.3687744140625,1122.5218505859375,54189
2014-12-12,ABB,1030.231201171875,1093.288818359375,1127.560546875,1090.3382568359375,1115.712890625,51259
2014-12-15,ABB,995.2843017578125,1056.2027587890625,1083.9832763671875,1047.4873046875,1083.9832763671875,114735
2014-12-16,ABB,1010.9826049804688,1072.862060546875,1103.1844482421875,1031.463623046875,1044.0374755859375,119357
2014-12-17,ABB,993.6591186523438,1054.4779052734375,1087.61474609375,1042.2218017578125,1067.732666015625,60307
2014-12-18,ABB,1001.3157958984375,1062.603271484375,1087.61474609375,1058.2454833984375,1061.286865234375,74332
2014-12-19,ABB,1000.2034912109375,1061.4229736328125,1084.346435546875,1057.7462158203125,1069.45751953125,59240
2014-12-22,ABB,996.3965454101562,1057.383056640625,1069.7752685546875,1052.9345703125,1061.286865234375,47251
2014-12-23,ABB,997.38037109375,1058.427001953125,1065.8260498046875,1025.88037109375,1049.530029296875,45005
2014-12-24,ABB,1025.5689697265625,1088.341064453125,1118.48193359375,1049.1214599609375,1054.9317626953125,116729
2014-12-26,ABB,1028.862548828125,1091.8363037109375,1110.85595703125,1077.4920654296875,1094.8775634765625,61558
2014-12-29,ABB,1048.8385009765625,1113.0347900390625,1118.48193359375,1093.9697265625,1093.9697265625,43066
2014-12-30,ABB,1120.2723388671875,1188.8409423828125,1202.4588623046875,1113.0347900390625,1121.2962646484375,353627
2014-12-31,ABB,1102.1358642578125,1169.5943603515625,1208.0875244140625,1122.7489013671875,1176.5848388671875,219465
2015-01-01,ABB,1113.4287109375,1181.578125,1208.3145751953125,1154.7962646484375,1162.05908203125,111455
2015-01-02,ABB,1101.8792724609375,1169.322021484375,1201.0970458984375,1165.6905517578125,1192.6993408203125,50549
2015-01-05,ABB,1102.1358642578125,1169.5943603515625,1192.92626953125,1166.598388671875,1178.400634765625,39947
2015-01-06,ABB,1092.1265869140625,1158.972412109375,1169.276611328125,1136.0035400390625,1167.914794921875,64200
2015-01-07,ABB,1076.3856201171875,1142.267822265625,1172.8626708984375,1137.6376953125,1169.231201171875,45574
2015-01-08,ABB,1101.8792724609375,1169.322021484375,1198.37353515625,1147.533447265625,1147.533447265625,76715
2015-01-09,ABB,1082.2454833984375,1148.4866943359375,1182.84912109375,1140.2705078125,1175.631591796875,137732
2015-01-12,ABB,1083.91357421875,1150.2569580078125,1162.0137939453125,1143.3572998046875,1155.61328125,38742
2015-01-13,ABB,1087.592529296875,1154.1607666015625,1183.8477783203125,1149.34912109375,1150.2569580078125,90929
2015-01-14,ABB,1080.0638427734375,1146.171630859375,1182.031982421875,1138.454833984375,1152.9805908203125,58719
2015-01-15,ABB,1084.89794921875,1151.301025390625,1168.4141845703125,1144.855224609375,1145.7176513671875,47663
2015-01-16,ABB,1091.998046875,1158.836181640625,1169.322021484375,1138.364013671875,1144.809814453125,74290
2015-01-19,ABB,1089.13232421875,1155.794921875,1189.294921875,1152.2996826171875,1162.967041015625,104746
2015-01-20,ABB,1090.1588134765625,1156.88427734375,1182.031982421875,1148.4412841796875,1157.610595703125,73156
2015-01-21,ABB,1087.84912109375,1154.43310546875,1172.8626708984375,1150.2569580078125,1157.5198974609375,49776
2015-01-22,ABB,1091.5277099609375,1158.3369140625,1179.3084716796875,1153.20751953125,1158.427734375,56419
2015-01-23,ABB,1109.0654296875,1176.947998046875,1197.2840576171875,1164.78271484375,1164.78271484375,169680
2015-01-27,ABB,1126.7740478515625,1195.74072265625,1218.255615234375,1181.7142333984375,1185.6180419921875,171146
2015-01-28,ABB,1141.018310546875,1210.8565673828125,1227.4249267578125,1198.37353515625,1198.37353515625,125523
2015-01-29,ABB,1117.4920654296875,1185.890380859375,1209.040771484375,1181.0787353515625,1207.4520263671875,46328
2015-01-30,ABB,1098.37158203125,1165.5997314453125,1198.37353515625,1155.7041015625,1195.64990234375,45507
2015-02-02,ABB,1077.882568359375,1143.8565673828125,1175.677001953125,1140.2705078125,1162.05908203125,65479
2015-02-03,ABB,1081.4757080078125,1147.6695556640625,1162.05908203125,1139.9527587890625,1147.533447265625,47495
2015-02-04,ABB,1084.64111328125,1151.0286865234375,1170.1844482421875,1146.71630859375,1155.8857421875,45751
2015-02-05,ABB,1082.5875244140625,1148.8497314453125,1157.5198974609375,1139.589599609375,1156.521240234375,265480
2015-02-06,ABB,1095.4200439453125,1162.4676513671875,1170.1844482421875,1152.9805908203125,1153.797607421875,56040
2015-02-09,ABB,1084.8548583984375,1151.255615234375,1166.5076904296875,1140.2705078125,1164.78271484375,31316
2015-02-10,ABB,1166.8541259765625,1238.27392578125,1262.8314208984375,1130.4656982421875,1143.8565673828125,645300
2015-02-11,ABB,1163.303955078125,1234.5062255859375,1278.2196044921875,1223.1580810546875,1248.3056640625,193402
2015-02-12,ABB,1165.014892578125,1236.322021484375,1248.2149658203125,1217.4384765625,1238.3192138671875,73308
2015-02-13,ABB,1176.99169921875,1249.031982421875,1261.832763671875,1234.6878662109375,1236.5035400390625,119644
2015-02-16,ABB,1233.411865234375,1308.9052734375,1320.0264892578125,1245.4459228515625,1252.844970703125,263145
2015-02-18,ABB,1245.3031005859375,1321.5245361328125,1325.2012939453125,1311.8558349609375,1311.8558349609375,177840
2015-02-19,ABB,1217.4141845703125,1291.9283447265625,1385.6646728515625,1280.9886474609375,1325.4737548828125,184309
2015-02-20,ABB,1210.82666015625,1284.9378662109375,1311.8558349609375,1276.4493408203125,1291.8829345703125,65515
2015-02-23,ABB,1207.9178466796875,1281.85107421875,1309.586181640625,1271.9554443359375,1289.1593017578125,44148
2015-02-24,ABB,1177.03466796875,1249.077392578125,1288.25146484375,1244.67431640625,1286.435791015625,41261
2015-02-25,ABB,1214.71923828125,1289.068603515625,1310.0400390625,1252.844970703125,1252.844970703125,201309
2015-02-26,ABB,1183.835693359375,1256.294921875,1299.145751953125,1248.8050537109375,1293.6986083984375,121805
2015-02-27,ABB,1205.9505615234375,1279.7630615234375,1284.529296875,1261.197265625,1261.197265625,150537
2015-03-02,ABB,1198.1224365234375,1271.4560546875,1293.6986083984375,1263.7392578125,1274.6336669921875,59739
2015-03-03,ABB,1188.498046875,1261.24267578125,1293.6986083984375,1254.978515625,1275.54150390625,64532
2015-03-04,ABB,1188.626708984375,1261.37890625,1278.2650146484375,1259.6993408203125,1265.5550537109375,215097
2015-03-05,ABB,1175.5804443359375,1247.5340576171875,1268.278564453125,1243.766357421875,1265.5550537109375,50304
2015-03-09,ABB,1146.151123046875,1216.3037109375,1251.710205078125,1211.9913330078125,1243.766357421875,36288
2015-03-10,ABB,1136.441162109375,1205.99951171875,1236.68505859375,1186.5712890625,1214.8056640625,157934
2015-03-11,ABB,1123.43798828125,1192.2000732421875,1244.67431640625,1185.6634521484375,1210.1756591796875,55572
2015-03-12,ABB,1126.7740478515625,1195.74072265625,1212.899169921875,1184.9825439453125,1195.1959228515625,264459
2015-03-13,ABB,1127.9288330078125,1196.96630859375,1229.876220703125,1190.3389892578125,1202.867431640625,79198
2015-03-16,ABB,1097.730224609375,1164.9189453125,1208.7230224609375,1162.24072265625,1201.0970458984375,175362
2015-03-17,ABB,1092.853759765625,1159.744140625,1175.677001953125,1156.2034912109375,1171.18310546875,64091
2015-03-18,ABB,1085.068603515625,1151.4825439453125,1170.683837890625,1148.531982421875,1169.5943603515625,56449
2015-03-19,ABB,1095.3345947265625,1162.3768310546875,1194.878173828125,1152.9805908203125,1162.05908203125,172522
2015-03-20,ABB,1088.8328857421875,1155.4771728515625,1170.04833984375,1143.9019775390625,1170.04833984375,110965
2015-03-23,ABB,1064.665283203125,1129.8302001953125,1157.4744873046875,1122.15869140625,1156.6119384765625,56015
2015-03-24,ABB,1043.9193115234375,1107.8145751953125,1134.7325439453125,1103.9561767578125,1134.7325439453125,66896
2015-03-25,ABB,1023.6868896484375,1086.34375,1123.9290771484375,1083.120849609375,1110.3111572265625,65606
2015-03-26,ABB,1041.8232421875,1105.59033203125,1125.6993408203125,1072.816650390625,1090.3382568359375,70491
2015-03-27,ABB,1027.151611328125,1090.0205078125,1116.3031005859375,1076.584228515625,1113.942626953125,55394
2015-03-30,ABB,1039.9840087890625,1103.638427734375,1121.3870849609375,1086.7069091796875,1098.509033203125,129074
2015-03-31,ABB,1078.0107421875,1143.9927978515625,1151.5279541015625,1103.9561767578125,1107.6783447265625,93726
2015-04-01,ABB,1092.853759765625,1159.744140625,1165.6905517578125,1149.34912109375,1149.39453125,77428
2015-04-06,ABB,1149.915283203125,1220.2982177734375,1252.844970703125,1158.24609375,1164.78271484375,158371
2015-04-07,ABB,1151.4554443359375,1221.932373046875,1243.5848388671875,1202.9127197265625,1223.7935791015625,80299
2015-04-08,ABB,1183.0230712890625,1255.432373046875,1271.002197265625,1219.7081298828125,1222.8856201171875,184364
2015-04-09,ABB,1164.6729736328125,1235.9588623046875,1261.832763671875,1230.55712890625,1258.8822021484375,36660
2015-04-10,ABB,1158.7269287109375,1229.649169921875,1247.760986328125,1216.25830078125,1230.1485595703125,41138
2015-04-13,ABB,1192.9468994140625,1265.9635009765625,1291.1566162109375,1230.2393798828125,1239.2271728515625,114902
2015-04-15,ABB,1193.3316650390625,1266.3720703125,1300.507568359375,1261.968994140625,1268.278564453125,99041
2015-04-16,ABB,1182.9373779296875,1255.341552734375,1281.896484375,1234.0977783203125,1271.002197265625,41936
2015-04-17,ABB,1159.6680908203125,1230.6478271484375,1253.3443603515625,1221.0699462890625,1253.3443603515625,29120
2015-04-20,ABB,1133.190185546875,1202.5496826171875,1233.689208984375,1189.4310302734375,1233.689208984375,28530
2015-04-21,ABB,1168.6934814453125,1240.2257080078125,1254.6607666015625,1177.49267578125,1200.189208984375,67662
2015-04-22,ABB,1165.5709228515625,1236.912109375,1265.5550537109375,1217.030029296875,1243.766357421875,41494
2015-04-23,ABB,1163.85986328125,1235.0963134765625,1259.427001953125,1216.5306396484375,1247.3978271484375,33540
2015-04-24,ABB,1140.1627197265625,1209.94873046875,1246.444580078125,1189.2041015625,1229.24072265625,53253
2015-04-27,ABB,1127.5440673828125,1196.5577392578125,1216.757568359375,1180.3978271484375,1213.2623291015625,24442
2015-04-28,ABB,1149.8779296875,1216.4852294921875,1219.572021484375,1190.021240234375,1201.9141845703125,54483
2015-04-29,ABB,1149.7921142578125,1216.39453125,1225.6092529296875,1180.21630859375,1215.577392578125,70917
2015-04-30,ABB,1146.3594970703125,1212.7630615234375,1220.162109375,1194.0157470703125,1215.622802734375,64960
2015-05-04,ABB,1184.9334716796875,1253.5712890625,1265.4642333984375,1214.260986328125,1214.260986328125,64768
2015-05-05,ABB,1203.683837890625,1273.407958984375,1284.6199951171875,1250.6661376953125,1261.0157470703125,130955
2015-05-06,ABB,1173.991943359375,1241.99609375,1261.923583984375,1186.2535400390625,1225.6092529296875,119615
2015-05-07,ABB,1180.9000244140625,1249.3043212890625,1256.2041015625,1210.447998046875,1210.447998046875,82223
2015-05-08,ABB,1168.156494140625,1235.8226318359375,1269.1864013671875,1225.745361328125,1251.029296875,45530
2015-05-11,ABB,1141.081787109375,1207.1796875,1248.3056640625,1202.9127197265625,1236.5943603515625,40388
2015-05-12,ABB,1135.0751953125,1200.82470703125,1222.65869140625,1165.6905517578125,1212.899169921875,51291
2015-05-13,ABB,1158.37353515625,1225.4730224609375,1233.780029296875,1189.294921875,1205.454833984375,44341
2015-05-14,ABB,1153.396484375,1220.20751953125,1229.1044921875,1210.1756591796875,1224.610595703125,17155
2015-05-15,ABB,1160.60498046875,1227.83349609375,1234.6878662109375,1208.3145751953125,1221.2061767578125,35806
2015-05-18,ABB,1150.77880859375,1217.4384765625,1230.1485595703125,1209.177001953125,1230.1485595703125,26202
2015-05-19,ABB,1153.2677001953125,1220.0712890625,1229.24072265625,1211.08349609375,1211.08349609375,20326
2015-05-20,ABB,1150.4356689453125,1217.0753173828125,1236.4127197265625,1202.3680419921875,1223.88427734375,26739
2015-05-21,ABB,1152.2808837890625,1219.0272216796875,1229.24072265625,1210.1756591796875,1218.9818115234375,17305
2015-05-22,ABB,1198.83544921875,1268.278564453125,1275.2237548828125,1215.1234130859375,1225.6092529296875,78691
2015-05-25,ABB,1188.8377685546875,1257.7020263671875,1290.7027587890625,1249.57666015625,1267.3707275390625,159059
2015-05-26,ABB,1174.249267578125,1242.2684326171875,1261.878173828125,1231.101806640625,1248.396484375,19913
2015-05-27,ABB,1163.3939208984375,1230.7840576171875,1242.8131103515625,1221.0699462890625,1241.95068359375,29781
2015-05-28,ABB,1151.9373779296875,1218.6640625,1261.923583984375,1209.267822265625,1234.6878662109375,24756
2015-05-29,ABB,1146.5740966796875,1212.989990234375,1233.462158203125,1208.63232421875,1230.0577392578125,19747
2015-06-01,ABB,1142.841064453125,1209.040771484375,1225.6092529296875,1202.1865234375,1225.6092529296875,13965
2015-06-02,ABB,1129.8829345703125,1195.3321533203125,1224.701416015625,1189.3856201171875,1215.9859619140625,18687
2015-06-03,ABB,1087.1473388671875,1150.120849609375,1195.105224609375,1143.9019775390625,1182.122802734375,31168
2015-06-04,ABB,1098.2171630859375,1161.8321533203125,1178.400634765625,1152.1180419921875,1152.1180419921875,28763
2015-06-05,ABB,1086.4609375,1149.39453125,1179.3084716796875,1139.544189453125,1159.3355712890625,27339
2015-06-08,ABB,1082.8563232421875,1145.58154296875,1158.427734375,1130.2840576171875,1149.39453125,17036
2015-06-09,ABB,1116.6246337890625,1181.3057861328125,1198.37353515625,1134.8233642578125,1146.76171875,30198
2015-06-10,ABB,1109.6737060546875,1173.9520263671875,1202.9127197265625,1166.598388671875,1182.031982421875,35357
2015-06-11,ABB,1085.3453369140625,1148.2142333984375,1193.788818359375,1139.3626708984375,1182.031982421875,26439
2015-06-12,ABB,1084.1436767578125,1146.9432373046875,1165.509033203125,1136.6390380859375,1143.538818359375,15827
2015-06-15,ABB,1085.30224609375,1148.1689453125,1157.5198974609375,1139.3626708984375,1152.9351806640625,9090
2015-06-16,ABB,1082.3414306640625,1145.0367431640625,1152.9805908203125,1125.8355712890625,1145.7630615234375,12970
2015-06-17,ABB,1128.767578125,1194.1519775390625,1207.4520263671875,1145.0367431640625,1145.0367431640625,47911
2015-06-18,ABB,1125.2921142578125,1190.47509765625,1207.2705078125,1180.4886474609375,1185.20947265625,19158
2015-06-19,ABB,1138.8507080078125,1204.8193359375,1221.0699462890625,1190.2027587890625,1190.2027587890625,45281
2015-06-22,ABB,1147.1318359375,1213.580078125,1220.9791259765625,1203.6844482421875,1212.899169921875,21034
2015-06-23,ABB,1150.8218994140625,1217.48388671875,1243.766357421875,1207.6336669921875,1213.3531494140625,41223
2015-06-24,ABB,1133.4014892578125,1199.0543212890625,1233.780029296875,1190.9744873046875,1213.80712890625,30983
2015-06-25,ABB,1172.4473876953125,1240.3619384765625,1251.9371337890625,1194.8328857421875,1199.2813720703125,86784
2015-06-26,ABB,1162.6214599609375,1229.9669189453125,1247.3978271484375,1220.162109375,1247.3978271484375,28280
2015-06-29,ABB,1133.5301513671875,1199.1905517578125,1207.4520263671875,1172.9080810546875,1207.4520263671875,19343
2015-06-30,ABB,1136.447998046875,1202.2772216796875,1215.622802734375,1198.37353515625,1198.37353515625,89542
2015-07-01,ABB,1139.9234619140625,1205.9541015625,1215.078125,1184.9371337890625,1184.9371337890625,17728
2015-07-02,ABB,1168.19970703125,1235.8680419921875,1244.67431640625,1193.1533203125,1210.1756591796875,64315
2015-07-03,ABB,1197.505126953125,1266.8714599609375,1271.4560546875,1239.49951171875,1244.67431640625,87216
2015-07-06,ABB,1203.2550048828125,1272.9541015625,1287.3436279296875,1245.5821533203125,1259.2000732421875,65222
2015-07-07,ABB,1197.46240234375,1266.8260498046875,1282.7135009765625,1252.844970703125,1276.4493408203125,70301
2015-07-08,ABB,1221.40478515625,1292.1552734375,1298.2379150390625,1240.180419921875,1252.844970703125,122130
2015-07-09,ABB,1192.5281982421875,1261.6058349609375,1298.2379150390625,1252.6634521484375,1298.2379150390625,49897
2015-07-10,ABB,1180.170654296875,1248.53271484375,1279.4906005859375,1235.595703125,1253.2989501953125,54848
2015-07-13,ABB,1195.660400390625,1264.9195556640625,1270.7298583984375,1248.3056640625,1256.4764404296875,39834
2015-07-14,ABB,1187.465087890625,1256.24951171875,1273.7257080078125,1248.3056640625,1265.5550537109375,21021
2015-07-15,ABB,1205.486083984375,1275.314453125,1284.6199951171875,1258.2467041015625,1261.0157470703125,156590
2015-07-16,ABB,1226.038818359375,1297.0577392578125,1304.2298583984375,1274.6336669921875,1274.6336669921875,97572
2015-07-17,ABB,1211.9219970703125,1282.1234130859375,1311.8558349609375,1273.7257080078125,1299.145751953125,52867
2015-07-20,ABB,1196.4757080078125,1265.781982421875,1289.1593017578125,1261.0611572265625,1285.5279541015625,28142
2015-07-21,ABB,1192.7423095703125,1261.832763671875,1298.101806640625,1254.206787109375,1266.462890625,41181
2015-07-22,ABB,1192.9571533203125,1262.059814453125,1287.2982177734375,1257.38427734375,1278.2650146484375,14066
2015-07-23,ABB,1209.7767333984375,1279.853759765625,1296.3314208984375,1261.923583984375,1270.956787109375,46492
2015-07-24,ABB,1175.6651611328125,1243.766357421875,1296.4222412109375,1234.6878662109375,1281.5333251953125,250471
2015-07-27,ABB,1127.308349609375,1192.6085205078125,1275.54150390625,1189.294921875,1243.766357421875,51758
2015-07-28,ABB,1133.3585205078125,1199.009033203125,1229.739990234375,1188.432373046875,1202.822021484375,35310
2015-07-29,ABB,1175.4937744140625,1243.5848388671875,1248.3056640625,1199.9168701171875,1207.361328125,50590
2015-07-30,ABB,1181.97265625,1250.439208984375,1269.095703125,1239.4541015625,1252.844970703125,31183
2015-07-31,ABB,1189.91064453125,1258.8369140625,1279.1728515625,1252.844970703125,1252.844970703125,42831
2015-08-03,ABB,1178.5831298828125,1246.8531494140625,1266.462890625,1239.2271728515625,1248.578125,18945
2015-08-04,ABB,1168.5001220703125,1236.185791015625,1261.0157470703125,1227.4249267578125,1255.568603515625,44825
2015-08-05,ABB,1178.8404541015625,1247.12548828125,1270.0943603515625,1241.0428466796875,1246.489990234375,33799
2015-08-06,ABB,1181.415283203125,1249.84912109375,1269.731201171875,1241.7691650390625,1256.0224609375,30835
2015-08-07,ABB,1187.5078125,1256.294921875,1279.0821533203125,1249.213623046875,1251.029296875,52403
2015-08-10,ABB,1173.1339111328125,1241.0882568359375,1266.462890625,1232.8720703125,1255.568603515625,16002
2015-08-11,ABB,1160.6904296875,1227.92431640625,1261.923583984375,1225.6092529296875,1253.2989501953125,12653
2015-08-12,ABB,1139.4517822265625,1205.454833984375,1231.60107421875,1200.4615478515625,1227.4249267578125,50406
2015-08-13,ABB,1103.66650390625,1167.5970458984375,1224.656005859375,1163.8748779296875,1207.4520263671875,47365
2015-08-14,ABB,1104.8250732421875,1168.8226318359375,1189.2041015625,1153.0712890625,1178.400634765625,31317
2015-08-17,ABB,1098.474853515625,1162.1044921875,1198.37353515625,1158.6546630859375,1171.1376953125,15408
2015-08-18,ABB,1122.11669921875,1187.1160888671875,1198.37353515625,1164.010986328125,1174.7691650390625,19390
2015-08-19,ABB,1134.345458984375,1200.052978515625,1223.7481689453125,1175.813232421875,1191.110595703125,41169
2015-08-20,ABB,1095.51416015625,1158.972412109375,1211.08349609375,1157.5198974609375,1208.3599853515625,56882
2015-08-21,ABB,1090.4512939453125,1153.6160888671875,1160.6519775390625,1132.462890625,1155.7041015625,51056
2015-08-24,ABB,1013.9041137695312,1072.635009765625,1136.8660888671875,1020.4331665039062,1133.0076904296875,66164
2015-08-25,ABB,1025.274658203125,1084.6641845703125,1109.35791015625,1043.3565673828125,1090.3382568359375,66258
2015-08-26,ABB,1021.2410888671875,1080.397216796875,1088.5225830078125,1066.8701171875,1084.89111328125,28350
2015-08-27,ABB,1029.73681640625,1089.385009765625,1107.542236328125,1067.641845703125,1089.521240234375,137067
2015-08-28,ABB,1066.337158203125,1128.105224609375,1145.7176513671875,1095.2861328125,1100.32470703125,93718
2015-08-31,ABB,1053.4217529296875,1114.44189453125,1145.7176513671875,1107.633056640625,1125.7447509765625,36698
2015-09-01,ABB,1023.9015502929688,1083.2115478515625,1121.2054443359375,1070.0023193359375,1089.430419921875,25759
2015-09-02,ABB,995.0248413085938,1052.662109375,1134.8233642578125,1047.078857421875,1089.430419921875,37908
2015-09-03,ABB,1022.87158203125,1082.1221923828125,1087.61474609375,1053.2069091796875,1087.61474609375,33353
2015-09-04,ABB,1021.7561645507812,1080.9420166015625,1091.6546630859375,1051.3004150390625,1084.89111328125,37936
2015-09-07,ABB,996.869873046875,1054.614013671875,1094.8775634765625,1051.3004150390625,1090.3382568359375,12647
2015-09-08,ABB,993.3515014648438,1050.891845703125,1071.1824951171875,1030.419677734375,1045.17236328125,38978
2015-09-09,ABB,1013.43212890625,1072.1357421875,1078.5361328125,1056.4752197265625,1067.596435546875,21946
2015-09-10,ABB,1001.2463989257812,1059.244140625,1064.0103759765625,1049.711669921875,1059.4710693359375,61848
2015-09-11,ABB,987.0440673828125,1044.2191162109375,1071.318603515625,1039.407470703125,1060.37890625,166686
2015-09-14,ABB,987.8162841796875,1045.0361328125,1054.02392578125,1039.4981689453125,1053.1160888671875,27757
2015-09-15,ABB,945.68115234375,1000.4602661132812,1047.6689453125,1000.4602661132812,1044.9453125,67672
2015-09-16,ABB,941.6478881835938,996.193359375,1028.6038818359375,989.5659790039062,1016.75634765625,46055
2015-09-18,ABB,962.4151000976562,1018.1635131835938,1026.92431640625,996.1025390625,1016.75634765625,129547
2015-09-21,ABB,950.1436157226562,1005.18115234375,1031.2366943359375,1003.183837890625,1012.262451171875,34553
2015-09-22,ABB,946.3248291015625,1001.1411743164062,1018.5720825195312,998.6445922851562,1018.5720825195312,13607
2015-09-23,ABB,943.449951171875,998.099853515625,1003.0930786132812,982.666259765625,998.6445922851562,15296
2015-09-24,ABB,934.3536987304688,988.4765625,1004.9995727539062,985.0266723632812,991.3817138671875,17678
2015-09-28,ABB,905.0477905273438,957.47314453125,995.4216918945312,953.2516479492188,989.6113891601562,39496
2015-09-29,ABB,897.15283203125,949.120849609375,953.5693969726562,924.744873046875,948.7123413085938,97769
2015-09-30,ABB,909.4244995117188,962.103271484375,983.0294189453125,944.2638549804688,983.0294189453125,59984
2015-10-01,ABB,905.6484985351562,958.1087036132812,988.6581420898438,949.6655883789062,966.6879272460938,25472
2015-10-05,ABB,949.5000610351562,1004.500244140625,1007.72314453125,957.7909545898438,966.8695068359375,95998
2015-10-06,ABB,939.1591186523438,993.560546875,1039.4981689453125,987.7048950195312,1012.262451171875,63224
2015-10-07,ABB,982.2384033203125,1039.135009765625,1048.4859619140625,993.51513671875,1005.862060546875,72267
2015-10-08,ABB,976.574462890625,1033.1431884765625,1044.0374755859375,1018.617431640625,1040.451416015625,32868
2015-10-09,ABB,960.9991455078125,1016.6655883789062,1054.9317626953125,1008.6310424804688,1035.8668212890625,90259
2015-10-12,ABB,944.7371826171875,999.4616088867188,1036.04833984375,994.196044921875,1021.341064453125,21528
2015-10-13,ABB,955.5070190429688,1010.8552856445312,1027.696044921875,996.783447265625,1007.677734375,55318
2015-10-14,ABB,944.9517822265625,999.6885986328125,1014.0781860351562,994.6499633789062,1010.8552856445312,15692
2015-10-15,ABB,969.02294921875,1025.154052734375,1027.696044921875,991.4724731445312,1013.1702880859375,28214
2015-10-16,ABB,1005.7517700195312,1064.0103759765625,1073.4521484375,1025.88037109375,1025.88037109375,60685
2015-10-19,ABB,997.2990112304688,1055.0679931640625,1073.2705078125,1039.0443115234375,1065.8260498046875,25111
2015-10-20,ABB,1030.9813232421875,1090.701416015625,1097.056396484375,1042.2672119140625,1055.3857421875,71736
2015-10-21,ABB,1065.0499267578125,1126.743408203125,1133.91552734375,1082.6668701171875,1094.8775634765625,72740
2015-10-23,ABB,1074.96142578125,1137.229248046875,1140.2705078125,1114.8504638671875,1125.7447509765625,64168
2015-10-26,ABB,1085.4739990234375,1148.3504638671875,1169.322021484375,1130.601806640625,1139.3626708984375,87826
2015-10-27,ABB,1091.7384033203125,1154.977783203125,1161.7867431640625,1127.560546875,1139.3626708984375,51105
2015-10-28,ABB,1092.7252197265625,1156.0218505859375,1164.2833251953125,1130.738037109375,1152.9351806640625,36817
2015-10-29,ABB,1094.226806640625,1157.610595703125,1171.1376953125,1143.9019775390625,1152.9351806640625,45620
2015-10-30,ABB,1062.4326171875,1123.9744873046875,1166.00830078125,1112.126953125,1152.9805908203125,16491
2015-11-02,ABB,1094.18408203125,1157.565185546875,1169.77587890625,1116.6661376953125,1116.6661376953125,38505
2015-11-03,ABB,1086.675048828125,1149.6214599609375,1176.1309814453125,1105.3179931640625,1167.960205078125,557381
2015-11-04,ABB,1073.717041015625,1135.912841796875,1157.3382568359375,1117.5740966796875,1148.531982421875,60716
2015-11-05,ABB,1064.2344970703125,1125.8809814453125,1143.9019775390625,1121.2054443359375,1143.9019775390625,47760
2015-11-06,ABB,1065.43603515625,1127.1519775390625,1134.0516357421875,1107.99609375,1128.4683837890625,20059
2015-11-09,ABB,1071.6146240234375,1133.6885986328125,1139.2718505859375,1091.1099853515625,1117.5740966796875,23190
2015-11-10,ABB,1029.4793701171875,1089.1126708984375,1132.099853515625,1072.2265625,1132.099853515625,36016
2015-11-13,ABB,1035.4866943359375,1095.4676513671875,1111.218994140625,1075.8125,1111.218994140625,19661
2015-11-16,ABB,1030.552001953125,1090.24755859375,1103.04833984375,1079.3985595703125,1091.24609375,9394
2015-11-17,ABB,1024.8028564453125,1084.1649169921875,1103.04833984375,1081.078125,1103.04833984375,11033
2015-11-18,ABB,1010.1280517578125,1068.6405029296875,1100.32470703125,1062.1947021484375,1093.9697265625,18110
2015-11-19,ABB,1012.7885131835938,1071.454833984375,1088.4771728515625,1063.647216796875,1088.4771728515625,24390
2015-11-20,ABB,1007.9401245117188,1066.325439453125,1085.7989501953125,1063.1025390625,1085.7989501953125,37906
2015-11-23,ABB,1008.5407104492188,1066.9609375,1074.4962158203125,1062.7393798828125,1071.2733154296875,15861
2015-11-24,ABB,995.5398559570312,1053.2069091796875,1071.2733154296875,1046.30712890625,1071.2733154296875,153455
2015-11-26,ABB,988.1597290039062,1045.3992919921875,1062.1947021484375,1041.22314453125,1053.1160888671875,129503
2015-11-27,ABB,993.8663940429688,1051.4365234375,1077.5828857421875,1046.851806640625,1053.1160888671875,109506
2015-11-30,ABB,1004.46435546875,1062.6485595703125,1066.5523681640625,1055.0225830078125,1057.6553955078125,42878
2015-12-01,ABB,1007.5966796875,1065.9622802734375,1080.351806640625,1062.1947021484375,1064.5550537109375,32695
2015-12-02,ABB,1007.4678955078125,1065.8260498046875,1074.9046630859375,1053.570068359375,1066.7340087890625,61031
2015-12-03,ABB,999.4442138671875,1057.337646484375,1076.720458984375,1051.345703125,1056.112060546875,65400
2015-12-04,ABB,990.1332397460938,1047.4873046875,1057.6099853515625,1039.99755859375,1044.99072265625,44228
2015-12-07,ABB,986.872314453125,1044.0374755859375,1057.6553955078125,1039.4981689453125,1049.484619140625,16705
2015-12-08,ABB,988.8033447265625,1046.0802001953125,1052.208251953125,1035.8668212890625,1035.95751953125,18692
2015-12-09,ABB,971.64013671875,1027.9229736328125,1053.1160888671875,1012.4894409179688,1053.1160888671875,16715
2015-12-10,ABB,967.0919189453125,1023.111328125,1039.271240234375,1001.8674926757812,1033.1431884765625,18562
2015-12-11,ABB,955.1638793945312,1010.4921264648438,1034.9588623046875,1002.2760009765625,1025.4718017578125,18257
2015-12-14,ABB,952.8038330078125,1007.9954833984375,1016.8017578125,993.1066284179688,1011.3546142578125,16672
2015-12-15,ABB,1020.9838256835938,1080.1248779296875,1089.430419921875,1007.72314453125,1007.9954833984375,130967
2015-12-16,ABB,1025.83251953125,1085.2542724609375,1119.662109375,1063.1025390625,1085.7989501953125,118738
2015-12-17,ABB,1012.3165283203125,1070.95556640625,1104.864013671875,1057.6553955078125,1089.430419921875,42355
2015-12-18,ABB,976.1883544921875,1032.734619140625,1095.785400390625,1025.88037109375,1071.2733154296875,88970
2015-12-21,ABB,980.0071411132812,1036.774658203125,1047.6689453125,1021.341064453125,1038.59033203125,41114
2015-12-22,ABB,971.64013671875,1027.9229736328125,1046.7611083984375,1022.4304809570312,1040.4061279296875,27504
2015-12-23,ABB,972.2409057617188,1028.5584716796875,1042.2218017578125,1024.0645751953125,1030.419677734375,52550
2015-12-24,ABB,960.1839599609375,1015.8031005859375,1035.412841796875,1004.9995727539062,1034.9588623046875,47217
2015-12-28,ABB,960.1839599609375,1015.8031005859375,1027.605224609375,1012.262451171875,1012.5347900390625,21858
2015-12-29,ABB,958.2102661132812,1013.7150268554688,1022.2489013671875,1009.4027099609375,1021.341064453125,50699
2015-12-30,ABB,955.4641723632812,1010.8098754882812,1019.1167602539062,1007.72314453125,1016.9833374023438,18524
2015-12-31,ABB,956.4081420898438,1011.8085327148438,1020.8870849609375,1008.6310424804688,1013.3972778320312,23733
2016-01-01,ABB,958.0814819335938,1013.578857421875,1021.341064453125,1008.6310424804688,1015.6669311523438,18199
2016-01-04,ABB,961.256591796875,1016.9379272460938,1022.1127319335938,1007.72314453125,1013.1702880859375,62948
2016-01-05,ABB,939.2880859375,993.6967163085938,1030.7374267578125,982.5300903320312,1015.6669311523438,76877
2016-01-06,ABB,924.7423095703125,978.3085327148438,1003.0930786132812,973.7238159179688,989.8383178710938,35978
2016-01-07,ABB,904.0180053710938,956.3837280273438,980.3966064453125,949.4840087890625,975.9481201171875,35920
2016-01-08,ABB,905.820068359375,958.2902221679688,971.4088134765625,953.2516479492188,953.7509765625,29299
2016-01-11,ABB,864.0283203125,914.0775146484375,958.3356323242188,907.8587036132812,958.2902221679688,56582
2016-01-12,ABB,880.7621459960938,931.78076171875,948.7123413085938,919.0253295898438,923.7008056640625,46758
2016-01-13,ABB,875.1842041015625,925.8796997070312,947.8045043945312,912.3980102539062,935.094482421875,52335
2016-01-14,ABB,869.8208618164062,920.20556640625,935.094482421875,908.7665405273438,921.4765625,28885
2016-01-15,ABB,869.8635864257812,920.2509765625,934.8220825195312,912.3980102539062,921.4765625,29830
2016-01-18,ABB,862.0113525390625,911.9440307617188,924.4725341796875,899.68798828125,912.3980102539062,37950
2016-01-19,ABB,874.8409423828125,925.5165405273438,939.2706298828125,905.1351318359375,916.937255859375,32137
2016-01-20,ABB,852.6576538085938,902.0484008789062,924.2001342773438,890.609375,919.660888671875,24757
2016-01-21,ABB,827.6856079101562,875.6296997070312,920.7503051757812,868.4576416015625,911.26318359375,28247
2016-01-22,ABB,830.8607177734375,878.98876953125,897.1913452148438,867.1866455078125,880.8499145507812,35431
2016-01-25,ABB,841.8880615234375,890.65478515625,902.3207397460938,876.0836181640625,889.7015380859375,45341
2016-01-27,ABB,835.2372436523438,883.618896484375,894.2408447265625,880.6229248046875,894.2408447265625,27697
2016-01-28,ABB,831.5043334960938,879.669677734375,888.748291015625,874.7218627929688,882.4840698242188,23433
2016-01-29,ABB,833.3494262695312,881.62158203125,888.7936401367188,873.3600463867188,878.7164306640625,20531
2016-02-01,ABB,857.1201171875,906.769287109375,932.5978393554688,884.9806518554688,889.2476196289062,126960
2016-02-02,ABB,870.6790161132812,921.1134643554688,930.1012573242188,908.040283203125,908.040283203125,181397
2016-02-03,ABB,863.2130737304688,913.215087890625,942.9020385742188,903.3193969726562,907.8587036132812,49593
2016-02-04,ABB,988.2023315429688,1045.4447021484375,1087.61474609375,917.8451538085938,917.8451538085938,1861038
2016-02-05,ABB,973.05615234375,1029.4210205078125,1057.8369140625,1008.6310424804688,1041.31396484375,281084
2016-02-08,ABB,948.126953125,1003.0476684570312,1056.74755859375,980.4873657226562,1029.51171875,149318
2016-02-09,ABB,962.2005615234375,1017.9365844726562,1050.3924560546875,989.5659790039062,996.828857421875,220147
2016-02-10,ABB,905.4769287109375,957.9271240234375,1024.972412109375,935.5484008789062,1013.1702880859375,342905
2016-02-11,ABB,931.9937133789062,985.9799194335938,1021.341064453125,971.4088134765625,981.1682739257812,284067
2016-02-12,ABB,891.9609985351562,943.6283569335938,1003.183837890625,930.55517578125,982.3031005859375,87456
2016-02-15,ABB,950.9588012695312,1006.0436401367188,1016.8017578125,958.6987915039062,958.6987915039062,128338
2016-02-16,ABB,940.6180419921875,995.1039428710938,1028.7855224609375,986.479248046875,1014.0781860351562,117886
2016-02-17,ABB,946.4965209960938,1001.32275390625,1011.7177124023438,963.283447265625,996.828857421875,45977
2016-02-18,ABB,939.0734252929688,993.4697875976562,1041.5863037109375,974.994873046875,1004.0917358398438,85471
2016-02-19,ABB,946.4105834960938,1001.23193359375,1012.262451171875,976.4474487304688,988.6581420898438,31942
2016-02-22,ABB,949.2855224609375,1004.2733154296875,1013.533447265625,991.3817138671875,1008.4948120117188,41907
2016-02-23,ABB,930.491943359375,984.3911743164062,1014.4412841796875,975.0402221679688,1006.3159790039062,36083
2016-02-24,ABB,928.904296875,982.711669921875,995.0131225585938,976.85595703125,985.0266723632812,35872
2016-02-25,ABB,901.3578491210938,953.5693969726562,988.5673217773438,939.7245483398438,981.395263671875,49924
2016-02-26,ABB,879.517822265625,930.46435546875,971.4542236328125,908.7665405273438,966.1885986328125,79187
2016-02-29,ABB,869.563232421875,919.9332275390625,993.1973876953125,910.536865234375,933.2787475585938,98488
2016-03-01,ABB,883.8944702148438,935.094482421875,951.16357421875,921.6581420898438,926.015869140625,100895
2016-03-02,ABB,882.2210693359375,933.3241577148438,958.6987915039062,927.8316040039062,942.3572998046875,99527
2016-03-03,ABB,924.4849243164062,978.0361938476562,989.5659790039062,931.0545043945312,941.449462890625,169365
2016-03-04,ABB,980.3934326171875,1037.1832275390625,1048.168212890625,958.4264526367188,984.1188354492188,231074
2016-03-08,ABB,989.8758544921875,1047.2149658203125,1053.570068359375,1007.7685546875,1037.1832275390625,119351
2016-03-09,ABB,1009.656005859375,1068.14111328125,1084.5279541015625,1021.341064453125,1044.0374755859375,78487
2016-03-10,ABB,987.8162841796875,1045.0361328125,1071.364013671875,1040.678466796875,1071.2733154296875,53075
2016-03-11,ABB,981.2515869140625,1038.091064453125,1067.641845703125,1034.9588623046875,1045.853271484375,43591
2016-03-14,ABB,972.7986450195312,1029.1485595703125,1053.1160888671875,1016.8017578125,1031.690673828125,46984
2016-03-15,ABB,978.8916625976562,1035.5943603515625,1048.440673828125,1025.9710693359375,1033.1431884765625,37199
2016-03-16,ABB,966.362548828125,1022.3396606445312,1045.3992919921875,1013.0795288085938,1034.9588623046875,30645
2016-03-17,ABB,985.456298828125,1042.53955078125,1047.9866943359375,1025.9710693359375,1028.24072265625,47341
2016-03-18,ABB,992.0642700195312,1049.530029296875,1057.6553955078125,1025.9710693359375,1044.0374755859375,42469
2016-03-21,ABB,1010.5572509765625,1069.0943603515625,1073.0889892578125,1042.2218017578125,1048.5767822265625,66003
2016-03-22,ABB,1014.9768676757812,1073.7698974609375,1080.351806640625,1054.02392578125,1074.042236328125,43716
2016-03-23,ABB,1035.314697265625,1095.2861328125,1118.48193359375,1062.1947021484375,1080.351806640625,115723
2016-03-28,ABB,1066.5946044921875,1128.3775634765625,1134.7325439453125,1086.0260009765625,1092.154052734375,172455
2016-03-29,ABB,1037.546142578125,1097.6466064453125,1142.0408935546875,1092.154052734375,1125.7447509765625,62921
2016-03-30,ABB,1063.7197265625,1125.3363037109375,1132.009033203125,1100.32470703125,1100.32470703125,40282
2016-03-31,ABB,1100.27685546875,1164.010986328125,1177.3111572265625,1117.6195068359375,1130.2840576171875,127940
2016-04-01,ABB,1111.2611083984375,1175.631591796875,1194.1973876953125,1148.3050537109375,1157.5198974609375,153984
2016-04-04,ABB,1120.2718505859375,1185.1641845703125,1204.546875,1177.49267578125,1189.294921875,83272
2016-04-05,ABB,1099.0325927734375,1162.694580078125,1192.92626953125,1157.610595703125,1179.1722412109375,34956
2016-04-06,ABB,1122.631591796875,1187.6607666015625,1191.9730224609375,1158.5638427734375,1163.8748779296875,43881
2016-04-07,ABB,1122.631591796875,1187.6607666015625,1194.42431640625,1178.264404296875,1190.2027587890625,49683
2016-04-08,ABB,1153.4395751953125,1220.2529296875,1225.6092529296875,1180.21630859375,1187.4791259765625,117761
2016-04-11,ABB,1185.2764892578125,1253.9344482421875,1301.869384765625,1203.911376953125,1220.162109375,228283
2016-04-12,ABB,1169.3580322265625,1237.0936279296875,1275.54150390625,1225.790771484375,1261.7420654296875,95766
2016-04-13,ABB,1163.6131591796875,1227.334228515625,1253.3443603515625,1222.023193359375,1246.0360107421875,56256
2016-04-18,ABB,1155.86669921875,1219.1634521484375,1245.99072265625,1207.4520263671875,1237.6837158203125,46131
2016-04-20,ABB,1139.383544921875,1201.7779541015625,1241.95068359375,1195.9222412109375,1221.0699462890625,65491
2016-04-21,ABB,1145.107421875,1207.815185546875,1216.16748046875,1203.27587890625,1207.4520263671875,34882
2016-04-22,ABB,1151.089599609375,1214.1248779296875,1227.4249267578125,1198.37353515625,1207.4520263671875,76485
2016-04-25,ABB,1158.1904296875,1221.6146240234375,1251.9371337890625,1203.911376953125,1225.0645751953125,318260
2016-04-26,ABB,1109.4736328125,1170.2298583984375,1182.93994140625,1122.2041015625,1169.322021484375,319708
2016-04-27,ABB,1096.1756591796875,1156.2034912109375,1189.294921875,1147.94189453125,1176.2216796875,85479
2016-04-28,ABB,1096.0032958984375,1156.0218505859375,1175.586181640625,1140.2705078125,1148.4412841796875,62362
2016-04-29,ABB,1116.61767578125,1177.76513671875,1189.294921875,1141.1783447265625,1152.9805908203125,62604
2016-05-02,ABB,1091.828369140625,1151.6187744140625,1174.7691650390625,1147.6695556640625,1174.7691650390625,36638
2016-05-03,ABB,1067.2978515625,1125.7447509765625,1164.87353515625,1121.3416748046875,1150.2569580078125,125300
2016-05-04,ABB,1054.7313232421875,1112.489990234375,1132.099853515625,1107.587646484375,1127.560546875,64099
2016-05-05,ABB,1067.728271484375,1126.19873046875,1152.8443603515625,1105.8626708984375,1116.6661376953125,42980
2016-05-06,ABB,1071.300537109375,1129.96630859375,1136.6390380859375,1112.126953125,1136.6390380859375,21202
2016-05-09,ABB,1078.0140380859375,1137.047607421875,1154.7508544921875,1126.652587890625,1132.9168701171875,108360
2016-05-10,ABB,1105.34228515625,1165.8721923828125,1198.37353515625,1134.8687744140625,1139.3626708984375,286034
2016-05-11,ABB,1097.7674560546875,1157.8829345703125,1174.5875244140625,1149.34912109375,1156.6119384765625,62423
2016-05-12,ABB,1105.47119140625,1166.00830078125,1176.0401611328125,1154.1607666015625,1157.0205078125,39739
2016-05-13,ABB,1087.7833251953125,1147.351806640625,1191.110595703125,1143.9019775390625,1171.1376953125,90642
2016-05-16,ABB,1087.697265625,1147.260986328125,1158.427734375,1143.9019775390625,1158.427734375,14675
2016-05-17,ABB,1083.8670654296875,1143.2210693359375,1162.05908203125,1139.3626708984375,1150.2569580078125,46348
2016-05-18,ABB,1082.619140625,1141.9046630859375,1148.3504638671875,1135.958251953125,1139.3626708984375,24168
2016-05-19,ABB,1068.4598388671875,1126.9703369140625,1151.164794921875,1123.7928466796875,1141.9954833984375,15951
2016-05-20,ABB,1040.61572265625,1097.6011962890625,1143.9019775390625,1089.475830078125,1126.652587890625,19796
2016-05-23,ABB,1049.7393798828125,1107.2244873046875,1116.6661376953125,1090.9283447265625,1106.180419921875,45363
2016-05-24,ABB,1024.8212890625,1080.9420166015625,1115.304443359375,1076.1756591796875,1107.8145751953125,33161
2016-05-25,ABB,1047.6307373046875,1105.000244140625,1116.439208984375,1082.7122802734375,1084.89111328125,82838
2016-05-26,ABB,1070.138671875,1128.74072265625,1133.91552734375,1107.6783447265625,1107.6783447265625,52012
2016-05-27,ABB,1079.304931640625,1138.409423828125,1156.475830078125,1120.6607666015625,1127.37890625,56374
2016-05-30,ABB,1043.84326171875,1101.005615234375,1143.2664794921875,1096.693359375,1143.2664794921875,97737
2016-05-31,ABB,1064.716064453125,1123.021240234375,1128.4683837890625,1100.41552734375,1103.04833984375,44332
2016-06-01,ABB,1062.43505859375,1120.6153564453125,1131.328125,1106.6343994140625,1125.7447509765625,46957
2016-06-02,ABB,1048.5772705078125,1105.9989013671875,1124.8369140625,1096.693359375,1124.8369140625,31633
2016-06-03,ABB,1043.886474609375,1101.051025390625,1120.297607421875,1093.9697265625,1106.72509765625,60007
2016-06-06,ABB,1045.6077880859375,1102.86669921875,1108.4954833984375,1098.6451416015625,1105.7718505859375,28396
2016-06-07,ABB,1042.078857421875,1099.14453125,1110.3111572265625,1094.060546875,1106.6798095703125,30170
2016-06-08,ABB,1061.875244140625,1120.0252685546875,1130.2840576171875,1084.89111328125,1100.32470703125,241156
2016-06-09,ABB,1041.9495849609375,1099.00830078125,1134.641845703125,1092.108642578125,1119.3897705078125,107882
2016-06-10,ABB,1039.5831298828125,1096.51171875,1115.75830078125,1092.60791015625,1099.4168701171875,64654
2016-06-13,ABB,1042.8966064453125,1100.0069580078125,1106.6798095703125,1086.7069091796875,1095.785400390625,41451
2016-06-14,ABB,1048.405029296875,1105.8172607421875,1109.3125,1099.4168701171875,1106.6798095703125,24371
2016-06-15,ABB,1066.5234375,1124.927734375,1128.9222412109375,1105.7718505859375,1105.7718505859375,66766
2016-06-16,ABB,1060.325927734375,1118.39111328125,1127.1065673828125,1103.13916015625,1127.1065673828125,79476
2016-06-17,ABB,1066.3082275390625,1124.7008056640625,1138.90869140625,1117.3470458984375,1125.7447509765625,72397
2016-06-20,ABB,1051.37451171875,1108.9493408203125,1121.568603515625,1106.6798095703125,1113.942626953125,29827
2016-06-21,ABB,1064.844970703125,1123.1573486328125,1129.7847900390625,1104.954833984375,1112.1722412109375,28678
2016-06-22,ABB,1059.895751953125,1117.937255859375,1129.376220703125,1109.4033203125,1123.021240234375,27713
2016-06-23,ABB,1059.37939453125,1117.3924560546875,1124.8369140625,1112.126953125,1124.8369140625,17347
2016-06-24,ABB,1043.4990234375,1100.6424560546875,1107.587646484375,1070.274658203125,1107.587646484375,103150
2016-06-27,ABB,1044.05859375,1101.2325439453125,1113.1708984375,1096.7840576171875,1100.32470703125,24587
2016-06-28,ABB,1031.4488525390625,1087.9324951171875,1114.3966064453125,1077.6737060546875,1114.3966064453125,100404
2016-06-29,ABB,1042.2940673828125,1099.3714599609375,1108.4954833984375,1093.9697265625,1098.509033203125,28584
2016-06-30,ABB,1053.483642578125,1111.1737060546875,1121.2054443359375,1102.6851806640625,1103.04833984375,64461
2016-07-01,ABB,1052.2354736328125,1109.8572998046875,1125.7447509765625,1103.547607421875,1116.6661376953125,42758
2016-07-04,ABB,1046.0382080078125,1103.3206787109375,1119.7529296875,1102.231201171875,1109.9027099609375,36965
2016-07-05,ABB,1038.2486572265625,1095.1044921875,1114.8504638671875,1093.9697265625,1104.864013671875,32129
2016-07-07,ABB,1047.6307373046875,1105.000244140625,1118.0279541015625,1094.8775634765625,1100.7786865234375,46518
2016-07-08,ABB,1081.75830078125,1140.996826171875,1148.3504638671875,1093.0618896484375,1104.954833984375,132849
2016-07-11,ABB,1101.4256591796875,1161.7413330078125,1169.322021484375,1151.164794921875,1155.7041015625,124674
2016-07-12,ABB,1099.790283203125,1160.0164794921875,1166.598388671875,1144.809814453125,1161.7413330078125,72115
2016-07-13,ABB,1086.4061279296875,1145.8992919921875,1159.3809814453125,1140.31591796875,1159.3809814453125,21899
2016-07-14,ABB,1083.60888671875,1142.94873046875,1151.164794921875,1136.6390380859375,1145.8992919921875,21534
2016-07-15,ABB,1094.1094970703125,1154.0245361328125,1180.0347900390625,1144.12890625,1146.62548828125,73978
2016-07-18,ABB,1094.6690673828125,1154.61474609375,1172.9534912109375,1131.872802734375,1157.4290771484375,69377
2016-07-19,ABB,1114.5089111328125,1175.5408935546875,1184.755615234375,1153.888427734375,1153.888427734375,127725
2016-07-20,ABB,1120.1463623046875,1181.4873046875,1192.472412109375,1168.5048828125,1176.8118896484375,160026
2016-07-21,ABB,1096.3905029296875,1156.430419921875,1202.0048828125,1148.4412841796875,1179.3084716796875,382372
2016-07-22,ABB,1108.397705078125,1169.0950927734375,1191.019775390625,1162.785400390625,1173.4073486328125,152183
2016-07-25,ABB,1118.382080078125,1179.626220703125,1195.64990234375,1166.598388671875,1181.3057861328125,95693
2016-07-26,ABB,1107.838134765625,1168.5048828125,1188.7501220703125,1160.9697265625,1188.7501220703125,67965
2016-07-27,ABB,1105.2991943359375,1165.8267822265625,1182.89453125,1160.83349609375,1179.9893798828125,92400
2016-07-28,ABB,1086.83642578125,1146.3531494140625,1181.1241455078125,1138.454833984375,1166.780029296875,35288
2016-07-29,ABB,1088.5579833984375,1148.1689453125,1165.6905517578125,1144.855224609375,1151.164794921875,54446
2016-08-01,ABB,1079.5206298828125,1138.6363525390625,1162.1044921875,1134.8233642578125,1157.5198974609375,28853
2016-08-02,ABB,1061.961669921875,1120.1160888671875,1146.5802001953125,1112.126953125,1139.589599609375,44939
2016-08-03,ABB,1033.041259765625,1089.612060546875,1130.2840576171875,1083.9832763671875,1130.2840576171875,50501
2016-08-04,ABB,1040.78759765625,1097.78271484375,1107.587646484375,1089.475830078125,1094.8775634765625,32622
2016-08-05,ABB,1049.6102294921875,1107.0882568359375,1120.7515869140625,1090.4290771484375,1100.32470703125,68477
2016-08-08,ABB,1044.746826171875,1101.9588623046875,1118.2550048828125,1098.509033203125,1106.6798095703125,37500
2016-08-09,ABB,1036.0540771484375,1092.78955078125,1112.580810546875,1090.4290771484375,1101.2325439453125,47465
2016-08-10,ABB,1015.8267211914062,1071.454833984375,1108.767822265625,1063.193359375,1101.005615234375,76284
2016-08-11,ABB,1028.049072265625,1084.346435546875,1091.8817138671875,1060.37890625,1072.2718505859375,23464
2016-08-12,ABB,1027.446533203125,1083.7109375,1095.785400390625,1076.8565673828125,1084.346435546875,15652
2016-08-16,ABB,1006.8750610351562,1062.0130615234375,1087.5693359375,1059.6527099609375,1083.9832763671875,32579
2016-08-17,ABB,1008.6827392578125,1063.9195556640625,1083.9832763671875,1054.02392578125,1066.234619140625,35313
2016-08-18,ABB,1005.2828979492188,1060.3336181640625,1079.89794921875,1057.7462158203125,1070.3653564453125,28086
2016-08-19,ABB,999.30078125,1054.02392578125,1071.2733154296875,1051.3004150390625,1059.4710693359375,38796
2016-08-22,ABB,992.63037109375,1046.988037109375,1061.105224609375,1036.0029296875,1061.105224609375,20933
2016-08-23,ABB,990.607421875,1044.8546142578125,1059.0172119140625,1042.2218017578125,1059.0172119140625,28627
2016-08-24,ABB,998.5693359375,1053.2523193359375,1061.286865234375,1045.0361328125,1050.801025390625,27260
2016-08-25,ABB,996.97705078125,1051.57275390625,1071.1824951171875,1044.9453125,1062.1038818359375,27699
2016-08-26,ABB,988.2835083007812,1042.4033203125,1062.1038818359375,1038.8172607421875,1051.3004150390625,21811
2016-08-29,ABB,989.058349609375,1043.220458984375,1053.978515625,1038.59033203125,1043.129638671875,15658
2016-08-30,ABB,993.8783569335938,1048.304443359375,1059.4710693359375,1043.9466552734375,1044.0374755859375,28899
2016-08-31,ABB,997.1060791015625,1051.7088623046875,1062.557861328125,1047.6689453125,1048.304443359375,35843
2016-09-01,ABB,995.9867553710938,1050.5286865234375,1061.286865234375,1046.897216796875,1053.0252685546875,41714
2016-09-02,ABB,987.250732421875,1041.31396484375,1056.74755859375,1039.4981689453125,1054.841064453125,20026
2016-09-06,ABB,1005.19677734375,1060.2427978515625,1067.2332763671875,1044.0374755859375,1048.5767822265625,82250
2016-09-07,ABB,1015.6546020507812,1071.2733154296875,1088.5225830078125,1060.37890625,1066.7340087890625,114249
2016-09-08,ABB,1020.1734619140625,1076.03955078125,1089.2943115234375,1062.330810546875,1071.2733154296875,121364
2016-09-09,ABB,1020.7327880859375,1076.629638671875,1083.9832763671875,1066.82470703125,1075.8125,30383
2016-09-12,ABB,1007.4347534179688,1062.603271484375,1075.8125,1044.0374755859375,1075.8125,56330
2016-09-14,ABB,1006.44482421875,1061.5592041015625,1066.189208984375,1043.220458984375,1043.220458984375,28492
2016-09-15,ABB,1014.0191650390625,1069.54833984375,1072.2265625,1047.033447265625,1067.596435546875,43725
2016-09-16,ABB,1007.864990234375,1063.05712890625,1080.351806640625,1050.710205078125,1075.8125,57820
2016-09-19,ABB,997.3211669921875,1051.9359130859375,1071.2733154296875,1044.309814453125,1062.1947021484375,34851
2016-09-20,ABB,996.5465698242188,1051.1187744140625,1059.970458984375,1049.484619140625,1057.5645751953125,15913
2016-09-21,ABB,990.3494262695312,1044.582275390625,1064.918212890625,1041.5408935546875,1053.1160888671875,39897
2016-09-22,ABB,996.7186279296875,1051.3004150390625,1062.1947021484375,1046.443359375,1062.1947021484375,26704
2016-09-23,ABB,991.382080078125,1045.671630859375,1056.2935791015625,1044.0374755859375,1051.39111328125,9848
2016-09-26,ABB,982.5598754882812,1036.3660888671875,1052.9345703125,1026.7882080078125,1052.9345703125,13745
2016-09-27,ABB,991.2959594726562,1045.580810546875,1063.5565185546875,1037.6824951171875,1041.767822265625,46463
2016-09-28,ABB,995.8150024414062,1050.34716796875,1057.4737548828125,1040.8599853515625,1045.853271484375,54153
2016-09-29,ABB,966.7654418945312,1019.7069091796875,1060.3336181640625,1004.9995727539062,1050.34716796875,33102
2016-09-30,ABB,982.8609619140625,1036.683837890625,1049.9385986328125,1004.9995727539062,1021.295654296875,19994
2016-10-03,ABB,1006.7891235351562,1061.92236328125,1066.280029296875,1032.28076171875,1044.0374755859375,27091
2016-10-04,ABB,1009.11328125,1064.37353515625,1073.0889892578125,1051.52734375,1061.286865234375,24077
2016-10-05,ABB,1008.2094116210938,1063.4202880859375,1078.49072265625,1043.129638671875,1071.99951171875,70378
2016-10-06,ABB,1007.2625732421875,1062.421630859375,1071.2733154296875,1054.9317626953125,1063.4202880859375,86420
2016-10-07,ABB,987.6810302734375,1041.767822265625,1062.1947021484375,1032.28076171875,1062.1947021484375,33168
2016-10-10,ABB,989.48876953125,1043.67431640625,1051.7542724609375,1041.31396484375,1048.4859619140625,58713
2016-10-13,ABB,999.128662109375,1053.8424072265625,1063.1025390625,1029.8294677734375,1048.5767822265625,77561
2016-10-14,ABB,994.4808959960938,1048.93994140625,1059.28955078125,1044.0374755859375,1053.1160888671875,34172
2016-10-17,ABB,993.405029296875,1047.80517578125,1051.9813232421875,1036.4114990234375,1048.5767822265625,40812
2016-10-18,ABB,983.1622314453125,1037.0015869140625,1057.5645751953125,1032.5531005859375,1049.9840087890625,87077
2016-10-19,ABB,988.1543579101562,1042.2672119140625,1049.1214599609375,1030.828125,1045.853271484375,99805
2016-10-20,ABB,972.3173828125,1025.5626220703125,1047.6689453125,1021.4318237304688,1042.2218017578125,38324
2016-10-21,ABB,967.6260375976562,1020.61474609375,1035.367431640625,1014.9860229492188,1030.419677734375,41872
2016-10-24,ABB,939.9969482421875,991.4724731445312,1030.374267578125,988.8397216796875,1022.0673217773438,78817
2016-10-25,ABB,930.0984497070312,981.0321044921875,1007.72314453125,976.85595703125,994.1052856445312,51293
2016-10-26,ABB,908.4945068359375,958.244873046875,995.512451171875,953.2516479492188,985.0266723632812,90315
2016-10-27,ABB,917.7041625976562,967.9589233398438,985.0266723632812,936.4562377929688,957.7455444335938,277101
2016-10-28,ABB,937.4146118164062,988.7489013671875,993.1973876953125,953.3424072265625,963.2380981445312,85179
2016-11-01,ABB,945.1612548828125,996.9196166992188,1008.7218017578125,979.5795288085938,1006.5429077148438,57537
2016-11-02,ABB,937.6729125976562,989.021240234375,994.1052856445312,972.362060546875,989.65673828125,33362
2016-11-03,ABB,934.6604614257812,985.84375,994.9677124023438,973.2245483398438,987.750244140625,34611
2016-11-04,ABB,936.8982543945312,988.2041625976562,990.4738159179688,947.8045043945312,989.5659790039062,39280
2016-11-07,ABB,946.9688110351562,998.8261108398438,1020.1608276367188,987.3417358398438,995.0131225585938,46266
2016-11-08,ABB,936.7691040039062,988.0679931640625,1004.8179931640625,968.9121704101562,1004.8179931640625,49626
2016-11-09,ABB,905.1806030273438,954.7495727539062,970.41015625,845.5341796875,952.34375,100309
2016-11-10,ABB,914.26123046875,964.3275146484375,987.750244140625,941.0863037109375,987.750244140625,139087
2016-11-11,ABB,921.7495727539062,972.2258911132812,984.1188354492188,949.84716796875,962.3302001953125,65524
2016-11-15,ABB,922.3088989257812,972.8159790039062,982.711669921875,941.0863037109375,974.1323852539062,29076
2016-11-16,ABB,907.4185180664062,957.1100463867188,994.1052856445312,945.98876953125,985.0266723632812,57061
2016-11-17,ABB,906.4286499023438,956.0659790039062,983.7556762695312,945.2171020507812,962.3302001953125,27166
2016-11-18,ABB,906.5148315429688,956.1567993164062,965.916259765625,947.7590942382812,965.870849609375,21613
2016-11-21,ABB,903.4161987304688,952.8884887695312,958.6987915039062,940.5869750976562,951.8898315429688,21056
2016-11-22,ABB,920.41552734375,970.8187255859375,982.3485107421875,944.3546142578125,950.9819946289062,18390
2016-11-23,ABB,916.5853271484375,966.7787475585938,979.5341186523438,959.6066284179688,970.8187255859375,20959
2016-11-24,ABB,908.66650390625,958.4264526367188,968.6852416992188,954.1594848632812,962.3756103515625,14941
2016-11-25,ABB,912.798095703125,962.7841186523438,967.7319946289062,957.1553955078125,957.7909545898438,17293
2016-11-28,ABB,912.5398559570312,962.5117797851562,970.5009765625,960.5145263671875,966.8695068359375,35135
2016-11-29,ABB,905.051513671875,954.6134033203125,970.5009765625,952.8884887695312,962.6026000976562,35995
2016-11-30,ABB,913.3145751953125,963.328857421875,965.0537719726562,954.1594848632812,957.8363037109375,23280
2016-12-01,ABB,905.9122314453125,955.5213012695312,963.328857421875,952.979248046875,962.1940307617188,27941
2016-12-02,ABB,903.5022583007812,952.979248046875,962.2848510742188,948.8031005859375,962.2848510742188,20486
2016-12-05,ABB,897.5633544921875,946.7150268554688,956.3837280273438,942.811279296875,945.2171020507812,114833
2016-12-06,ABB,903.114990234375,952.5707397460938,962.1486206054688,945.98876953125,962.103271484375,11368
2016-12-07,ABB,897.5201416015625,946.669677734375,955.02197265625,941.449462890625,952.6161499023438,16388
2016-12-08,ABB,905.5679931640625,955.1581420898438,962.057861328125,948.7123413085938,948.7123413085938,13840
2016-12-09,ABB,903.6315307617188,953.115478515625,959.561279296875,950.528076171875,954.9765625,20478
2016-12-12,ABB,903.114990234375,952.5707397460938,957.2916259765625,932.0531005859375,950.528076171875,8923
2016-12-13,ABB,903.9326782226562,953.4332275390625,955.0673217773438,949.6201782226562,952.5707397460938,7794
2016-12-14,ABB,901.6947021484375,951.07275390625,957.8363037109375,946.533447265625,957.8363037109375,5031
2016-12-15,ABB,904.3199462890625,953.8417358398438,957.5185546875,946.533447265625,957.5185546875,9545
2016-12-16,ABB,917.1878051757812,967.4142456054688,980.4873657226562,947.1235961914062,953.7509765625,26692
2016-12-19,ABB,905.0084228515625,954.5680541992188,968.6852416992188,949.8017578125,968.6852416992188,10151
2016-12-20,ABB,905.4388427734375,955.02197265625,962.3302001953125,946.8966064453125,962.2848510742188,10533
2016-12-21,ABB,897.907470703125,947.0781860351562,958.6533813476562,944.626953125,953.2969970703125,6309
2016-12-22,ABB,886.4166870117188,934.958251953125,949.5748291015625,931.5084228515625,947.0781860351562,10900
2016-12-23,ABB,883.4474487304688,931.826171875,944.1730346679688,926.9237060546875,942.3572998046875,8200
2016-12-26,ABB,888.13818359375,936.7739868164062,943.2651977539062,923.7916259765625,933.2787475585938,21012
2016-12-27,ABB,890.5053100585938,939.2706298828125,948.7123413085938,926.015869140625,938.7713012695312,10846
2016-12-28,ABB,888.05224609375,936.6832275390625,949.6201782226562,931.4630126953125,949.6201782226562,13116
2016-12-29,ABB,884.8676147460938,933.3241577148438,946.7150268554688,927.8316040039062,946.7150268554688,21034
2016-12-30,ABB,898.3807983398438,947.5775146484375,953.2516479492188,935.1852416992188,936.95556640625,10829
2017-01-02,ABB,892.4850463867188,941.3587036132812,959.425048828125,939.6337280273438,959.425048828125,15404
2017-01-03,ABB,899.7581176757812,949.0300903320312,957.7909545898438,941.494873046875,944.3546142578125,26738
2017-01-04,ABB,893.9912719726562,942.9474487304688,956.883056640625,941.449462890625,956.883056640625,15662
2017-01-05,ABB,891.4950561523438,940.3146362304688,957.609375,936.1838989257812,952.979248046875,39323
2017-01-06,ABB,898.8973388671875,948.1222534179688,952.34375,938.27197265625,948.6669311523438,29055
2017-01-09,ABB,892.39892578125,941.2678833007812,956.883056640625,939.1798095703125,956.883056640625,19713
2017-01-10,ABB,1011.78125,1067.1878662109375,1088.5225830078125,934.32275390625,943.2651977539062,1264609
2017-01-11,ABB,974.770263671875,1028.1500244140625,1061.64990234375,1019.6160888671875,1054.02392578125,418739
2017-01-12,ABB,968.5730590820312,1021.6134033203125,1043.5836181640625,1001.7312622070312,1028.6038818359375,146630
2017-01-13,ABB,974.770263671875,1028.1500244140625,1039.4527587890625,1007.72314453125,1024.0645751953125,72081
2017-01-16,ABB,969.34765625,1022.4304809570312,1034.9588623046875,1016.8017578125,1029.51171875,46322
2017-01-17,ABB,956.7379150390625,1009.1303100585938,1028.5584716796875,1003.183837890625,1015.8938598632812,39731
2017-01-18,ABB,987.3798828125,1041.4500732421875,1043.129638671875,1003.4562377929688,1008.5402221679688,154576
2017-01-19,ABB,989.4453125,1043.62890625,1053.1160888671875,1026.7882080078125,1041.31396484375,76723
2017-01-20,ABB,974.210693359375,1027.559814453125,1042.2218017578125,1019.5253295898438,1042.2218017578125,32249
2017-01-23,ABB,962.0314331054688,1014.7136840820312,1042.8572998046875,1009.9927978515625,1042.8572998046875,31893
2017-01-24,ABB,960.6112670898438,1013.2156982421875,1024.2462158203125,1010.6282958984375,1014.1689453125,60142
2017-01-25,ABB,951.788818359375,1003.91015625,1023.9738159179688,950.0287475585938,1021.250244140625,69885
2017-01-27,ABB,955.96337890625,1008.313232421875,1020.3424072265625,1004.9995727539062,1014.6228637695312,37189
2017-01-30,ABB,949.3788452148438,1001.3681640625,1018.617431640625,991.3817138671875,1013.9873657226562,35249
2017-01-31,ABB,943.181640625,994.83154296875,1012.262451171875,990.7462158203125,1010.26513671875,50262
2017-02-01,ABB,954.1558837890625,1006.40673828125,1020.3877563476562,991.9263916015625,994.1052856445312,45620
2017-02-02,ABB,953.0799560546875,1005.2719116210938,1025.78955078125,996.828857421875,1016.3478393554688,84467
2017-02-03,ABB,952.4343872070312,1004.591064453125,1015.8485107421875,1003.183837890625,1015.8485107421875,22588
2017-02-06,ABB,968.44384765625,1021.4772338867188,1036.683837890625,1005.9074096679688,1005.9074096679688,110481
2017-02-07,ABB,1018.3660888671875,1074.133056640625,1084.845703125,1016.8471069335938,1024.0645751953125,415864
2017-02-08,ABB,1039.4537353515625,1096.3756103515625,1100.32470703125,1075.8125,1076.720458984375,204235
2017-02-09,ABB,1054.903564453125,1112.671630859375,1116.6661376953125,1072.4080810546875,1098.509033203125,389503
2017-02-10,ABB,1082.791015625,1142.086181640625,1148.4412841796875,1112.126953125,1116.6661376953125,201580
2017-02-13,ABB,1050.5570068359375,1108.0869140625,1143.9019775390625,1100.32470703125,1143.9019775390625,67139
2017-02-14,ABB,1027.3603515625,1083.6201171875,1113.0347900390625,1076.9473876953125,1111.218994140625,45741
2017-02-15,ABB,1007.3917236328125,1062.557861328125,1087.7054443359375,1057.7008056640625,1087.61474609375,45485
2017-02-16,ABB,1056.3668212890625,1114.2149658203125,1122.1134033203125,1063.1025390625,1067.641845703125,199796
2017-02-17,ABB,1060.239990234375,1118.30029296875,1125.2908935546875,1108.9493408203125,1121.2054443359375,71233
2017-02-20,ABB,1058.3895263671875,1116.348388671875,1125.2000732421875,1110.4019775390625,1125.2000732421875,34786
2017-02-21,ABB,1055.1187744140625,1112.8985595703125,1121.2054443359375,1103.04833984375,1120.93310546875,18166
2017-02-22,ABB,1041.175048828125,1098.1912841796875,1115.5767822265625,1085.3905029296875,1110.3111572265625,33803
2017-02-23,ABB,1028.5224609375,1084.845703125,1099.3260498046875,1080.397216796875,1088.068603515625,36735
2017-02-27,ABB,1029.16796875,1085.526611328125,1098.327392578125,1066.7340087890625,1084.89111328125,55246
2017-02-28,ABB,1031.3197021484375,1087.7962646484375,1105.7718505859375,1080.8511962890625,1092.2447509765625,35714
2017-03-01,ABB,1063.72607421875,1121.9771728515625,1127.7874755859375,1077.26513671875,1088.5225830078125,145924
2017-03-02,ABB,1043.0687255859375,1100.1885986328125,1129.376220703125,1095.876220703125,1128.4683837890625,46586
2017-03-03,ABB,1057.3135986328125,1115.213623046875,1121.2054443359375,1098.509033203125,1100.1885986328125,26813
2017-03-06,ABB,1033.213134765625,1089.7935791015625,1123.8836669921875,1082.6668701171875,1116.6661376953125,29512
2017-03-07,ABB,1036.3121337890625,1093.0618896484375,1112.126953125,1090.3382568359375,1096.693359375,31277
2017-03-08,ABB,1035.10693359375,1091.7908935546875,1112.126953125,1076.720458984375,1092.8802490234375,68512
2017-03-09,ABB,1030.7174072265625,1087.1607666015625,1102.0950927734375,1083.120849609375,1091.7908935546875,12572
2017-03-10,ABB,1027.6187744140625,1083.8924560546875,1100.8695068359375,1080.351806640625,1100.8695068359375,12015
2017-03-14,ABB,1030.7174072265625,1087.1607666015625,1111.1282958984375,1077.4466552734375,1102.95751953125,110298
2017-03-15,ABB,1041.7777099609375,1098.8267822265625,1115.5767822265625,1084.89111328125,1084.89111328125,114377
2017-03-16,ABB,1037.4742431640625,1094.2874755859375,1111.0828857421875,1090.4290771484375,1103.04833984375,28937
2017-03-17,ABB,1045.4356689453125,1102.6851806640625,1112.126953125,1091.24609375,1102.1405029296875,65327
2017-03-20,ABB,1046.6405029296875,1103.9561767578125,1110.220458984375,1096.693359375,1107.6783447265625,34959
2017-03-21,ABB,1030.0286865234375,1086.4344482421875,1108.4954833984375,1082.2130126953125,1105.9534912109375,24154
2017-03-22,ABB,1024.47705078125,1080.578857421875,1099.3714599609375,1075.8125,1086.2529296875,36803
2017-03-23,ABB,1024.5201416015625,1080.624267578125,1092.9710693359375,1078.626953125,1092.9710693359375,16967
2017-03-24,ABB,1031.836181640625,1088.341064453125,1093.92431640625,1073.40673828125,1080.7603759765625,63950
2017-03-27,ABB,1020.044189453125,1075.9033203125,1092.9710693359375,1071.454833984375,1092.9710693359375,19062
2017-03-28,ABB,1025.03662109375,1081.1689453125,1084.89111328125,1071.2733154296875,1075.9033203125,79352
2017-03-29,ABB,1045.3927001953125,1102.6397705078125,1109.4033203125,1078.5361328125,1080.351806640625,86136
2017-03-30,ABB,1087.2667236328125,1146.80712890625,1156.475830078125,1090.792236328125,1102.6397705078125,298049
2017-03-31,ABB,1101.6409912109375,1161.9683837890625,1172.9534912109375,1127.560546875,1130.2840576171875,216387
2017-04-03,ABB,1137.490234375,1199.7806396484375,1207.4520263671875,1164.3287353515625,1166.598388671875,128947
2017-04-05,ABB,1136.801513671875,1199.0543212890625,1210.1756591796875,1184.755615234375,1198.5550537109375,483185
2017-04-06,ABB,1121.7388916015625,1183.1668701171875,1203.956787109375,1176.1309814453125,1198.37353515625,31927
2017-04-07,ABB,1187.6702880859375,1252.7088623046875,1260.788818359375,1180.6702880859375,1180.6702880859375,177274
2017-04-10,ABB,1210.1351318359375,1276.4039306640625,1324.5657958984375,1231.646484375,1247.5794677734375,323368
2017-04-11,ABB,1246.0704345703125,1314.3070068359375,1320.9344482421875,1271.1837158203125,1277.8111572265625,169389
2017-04-12,ABB,1254.677734375,1323.3856201171875,1327.561767578125,1302.8226318359375,1317.302978515625,709749
2017-04-13,ABB,1250.546142578125,1319.0279541015625,1333.0089111328125,1307.7705078125,1307.7705078125,67176
2017-04-17,ABB,1253.9031982421875,1322.568603515625,1332.736572265625,1286.2088623046875,1317.302978515625,65713
2017-04-18,ABB,1215.68701171875,1282.2596435546875,1347.2623291015625,1271.9100341796875,1321.84228515625,95891
2017-04-19,ABB,1211.55517578125,1277.90185546875,1311.8558349609375,1271.002197265625,1311.8558349609375,51548
2017-04-20,ABB,1213.2767333984375,1279.7176513671875,1298.2379150390625,1272.86328125,1276.4493408203125,230446
2017-04-21,ABB,1205.5302734375,1271.546875,1293.6986083984375,1264.7833251953125,1279.6268310546875,40680
2017-04-24,ABB,1204.712646484375,1270.6844482421875,1289.1593017578125,1263.96630859375,1271.9100341796875,32961
2017-04-25,ABB,1213.836181640625,1280.3077392578125,1298.9188232421875,1274.3612060546875,1274.3612060546875,89817
2017-04-26,ABB,1225.67138671875,1292.790771484375,1308.95068359375,1283.802978515625,1284.6199951171875,52398
2017-04-27,ABB,1211.0390625,1277.357177734375,1302.7772216796875,1268.278564453125,1302.7772216796875,163046
2017-04-28,ABB,1217.0423583984375,1279.7176513671875,1291.8375244140625,1259.9716796875,1278.3558349609375,60493
2017-05-02,ABB,1218.5965576171875,1281.351806640625,1295.514404296875,1275.49609375,1289.068603515625,38742
2017-05-03,ABB,1225.6766357421875,1288.7962646484375,1302.8680419921875,1280.9886474609375,1285.5279541015625,60440
2017-05-04,ABB,1226.9281005859375,1290.112548828125,1296.3314208984375,1284.6199951171875,1288.25146484375,30734
2017-05-05,ABB,1222.481689453125,1285.4371337890625,1309.1776123046875,1278.3558349609375,1298.2379150390625,48054
2017-05-08,ABB,1214.0206298828125,1276.5401611328125,1316.3951416015625,1264.8287353515625,1297.965576171875,91221
2017-05-09,ABB,1323.0244140625,1391.1572265625,1446.9451904296875,1272.7724609375,1272.81787109375,1634968
2017-05-10,ABB,1383.1165771484375,1454.34423828125,1470.7310791015625,1390.2039794921875,1406.9993896484375,854801
2017-05-11,ABB,1323.0673828125,1391.20263671875,1454.3896484375,1379.9451904296875,1453.4818115234375,322460
2017-05-12,ABB,1334.334716796875,1403.0501708984375,1425.338134765625,1398.1024169921875,1398.1024169921875,283677
2017-05-15,ABB,1354.7542724609375,1424.5211181640625,1430.2860107421875,1384.348388671875,1407.1810302734375,130840
2017-05-16,ABB,1337.8748779296875,1406.7724609375,1424.4302978515625,1394.470947265625,1420.798828125,144570
2017-05-17,ABB,1347.5447998046875,1416.9404296875,1440.771728515625,1402.6871337890625,1406.182373046875,145128
2017-05-18,ABB,1298.5037841796875,1365.3741455078125,1414.44384765625,1331.510986328125,1414.44384765625,62324
2017-05-19,ABB,1318.2755126953125,1386.1640625,1414.35302734375,1371.5020751953125,1380.8077392578125,165209
2017-05-22,ABB,1298.460693359375,1365.3287353515625,1406.227783203125,1359.9722900390625,1391.5657958984375,41855
2017-05-23,ABB,1252.0533447265625,1316.53125,1372.8184814453125,1311.8558349609375,1371.7745361328125,68940
2017-05-24,ABB,1271.2205810546875,1336.685791015625,1379.9451904296875,1313.6715087890625,1316.3951416015625,83292
2017-05-25,ABB,1276.703369140625,1342.45068359375,1366.327392578125,1315.3056640625,1336.685791015625,57942
2017-05-26,ABB,1280.80419921875,1346.762939453125,1369.958740234375,1336.3680419921875,1350.893798828125,106725
2017-05-29,ABB,1264.443115234375,1329.55908203125,1359.01904296875,1323.657958984375,1346.3544921875,23695
2017-05-30,ABB,1258.8309326171875,1323.657958984375,1347.2623291015625,1304.7291259765625,1325.564453125,41299
2017-05-31,ABB,1260.2125244140625,1325.110595703125,1343.58544921875,1320.9344482421875,1343.58544921875,32941
2017-06-01,ABB,1250.5421142578125,1314.9425048828125,1332.19189453125,1307.3165283203125,1324.20263671875,24653
2017-06-02,ABB,1250.1968994140625,1314.579345703125,1332.781982421875,1302.7772216796875,1328.197265625,144620
2017-06-05,ABB,1240.9586181640625,1304.8653564453125,1316.3951416015625,1302.7772216796875,1308.76904296875,22116
2017-06-06,ABB,1220.409912109375,1283.25830078125,1315.941162109375,1249.213623046875,1307.3619384765625,98996
2017-06-07,ABB,1227.6622314453125,1290.88427734375,1318.1654052734375,1272.6817626953125,1284.6199951171875,103371
2017-06-08,ABB,1276.789306640625,1342.5413818359375,1363.603759765625,1285.4825439453125,1303.68505859375,65221
2017-06-09,ABB,1260.082763671875,1324.974365234375,1342.7684326171875,1316.3951416015625,1340.9073486328125,58015
2017-06-12,ABB,1262.0689697265625,1327.0625,1352.70947265625,1312.128173828125,1326.381591796875,73869
2017-06-13,ABB,1256.9744873046875,1321.7060546875,1347.2623291015625,1316.3951416015625,1328.197265625,48790
2017-06-14,ABB,1258.8309326171875,1323.657958984375,1343.630859375,1320.1173095703125,1343.630859375,40927
2017-06-15,ABB,1299.9285888671875,1366.8720703125,1396.55908203125,1320.1627197265625,1330.012939453125,72178
2017-06-16,ABB,1303.943115234375,1371.0936279296875,1384.4844970703125,1361.7880859375,1370.8665771484375,71479
2017-06-19,ABB,1304.24560546875,1371.411376953125,1396.0142822265625,1357.4302978515625,1372.682373046875,99131
2017-06-20,ABB,1294.1436767578125,1360.7894287109375,1382.16943359375,1354.8428955078125,1374.498046875,29566
2017-06-21,ABB,1305.5406494140625,1372.773193359375,1415.3516845703125,1365.1016845703125,1381.760986328125,182517
2017-06-22,ABB,1286.45947265625,1352.70947265625,1387.6165771484375,1349.1688232421875,1375.9052734375,28045
2017-06-23,ABB,1246.1820068359375,1310.35791015625,1367.2352294921875,1292.836181640625,1363.603759765625,119271
2017-06-27,ABB,1243.93701171875,1307.9974365234375,1321.84228515625,1296.013671875,1309.1322021484375,77539
2017-06-28,ABB,1253.6505126953125,1318.2108154296875,1325.2012939453125,1292.790771484375,1310.947998046875,54399
2017-06-29,ABB,1244.8438720703125,1308.95068359375,1343.630859375,1302.7772216796875,1318.2108154296875,38409
2017-06-30,ABB,1252.48486328125,1316.9852294921875,1329.8768310546875,1300.552978515625,1307.3165283203125,50827
2017-07-03,ABB,1250.5421142578125,1314.9425048828125,1336.3680419921875,1308.224365234375,1319.754150390625,79534
2017-07-04,ABB,1253.261962890625,1317.80224609375,1336.3680419921875,1309.1322021484375,1309.1322021484375,22111
2017-07-05,ABB,1239.015869140625,1302.8226318359375,1320.6619873046875,1298.2379150390625,1316.9398193359375,54805
2017-07-06,ABB,1253.0460205078125,1317.5753173828125,1325.2467041015625,1301.4608154296875,1307.2257080078125,52963
2017-07-07,ABB,1258.8309326171875,1323.657958984375,1334.55224609375,1312.763671875,1316.3951416015625,40978
2017-07-10,ABB,1253.1756591796875,1317.7115478515625,1339.091552734375,1316.3951416015625,1318.3470458984375,6984
2017-07-11,ABB,1264.5294189453125,1329.64990234375,1357.203369140625,1318.3016357421875,1333.41748046875,175427
2017-07-12,ABB,1262.2843017578125,1327.2894287109375,1344.7203369140625,1325.2012939453125,1333.1905517578125,647664
2017-07-13,ABB,1272.2998046875,1337.820556640625,1366.327392578125,1334.4615478515625,1352.70947265625,364112
2017-07-14,ABB,1266.1697998046875,1331.374755859375,1351.6654052734375,1325.51904296875,1351.6654052734375,31811
2017-07-17,ABB,1246.1820068359375,1310.35791015625,1339.091552734375,1298.2379150390625,1339.091552734375,82599
2017-07-18,ABB,1233.0155029296875,1296.5130615234375,1316.3951416015625,1226.5625,1316.3951416015625,110731
2017-07-19,ABB,1255.117919921875,1319.754150390625,1327.1531982421875,1298.2379150390625,1298.2379150390625,140137
2017-07-20,ABB,1262.4569091796875,1327.470947265625,1406.86328125,1307.3165283203125,1328.197265625,1070563
2017-07-21,ABB,1262.845458984375,1327.8795166015625,1347.2623291015625,1312.4005126953125,1324.5657958984375,174827
2017-07-24,ABB,1252.5714111328125,1317.0760498046875,1329.8768310546875,1300.0537109375,1325.4737548828125,71904
2017-07-25,ABB,1234.7420654296875,1298.3287353515625,1316.2135009765625,1293.6986083984375,1316.2135009765625,74793
2017-07-26,ABB,1244.1533203125,1308.224365234375,1334.55224609375,1299.418212890625,1299.418212890625,107917
2017-07-27,ABB,1234.051513671875,1297.6024169921875,1313.489990234375,1292.790771484375,1308.224365234375,48051
2017-07-28,ABB,1224.8992919921875,1287.9791259765625,1310.902587890625,1280.080810546875,1296.4222412109375,42258
2017-07-31,ABB,1226.8851318359375,1290.0672607421875,1307.135009765625,1280.3077392578125,1307.135009765625,22592
2017-08-01,ABB,1231.892822265625,1295.332763671875,1301.823974609375,1284.6199951171875,1301.823974609375,25260
2017-08-02,ABB,1221.4027099609375,1284.30224609375,1301.869384765625,1280.62548828125,1299.236572265625,28932
2017-08-03,ABB,1217.2584228515625,1279.944580078125,1297.920166015625,1259.2000732421875,1285.4825439453125,63601
2017-08-04,ABB,1231.3748779296875,1294.7880859375,1305.5008544921875,1255.568603515625,1265.5550537109375,65975
2017-08-07,ABB,1213.847900390625,1276.3585205078125,1307.3165283203125,1271.047607421875,1307.3165283203125,29470
2017-08-08,ABB,1201.630859375,1263.5123291015625,1289.1593017578125,1262.014404296875,1289.1593017578125,32169
2017-08-09,ABB,1196.96875,1258.60986328125,1270.0943603515625,1242.631591796875,1262.8314208984375,41215
2017-08-10,ABB,1158.3316650390625,1217.9832763671875,1256.4310302734375,1210.1756591796875,1248.3056640625,52599
2017-08-11,ABB,1159.5836181640625,1219.2996826171875,1225.6092529296875,1182.031982421875,1209.5401611328125,52987
2017-08-14,ABB,1165.5411376953125,1225.5638427734375,1238.5916748046875,1216.5306396484375,1225.6092529296875,64761
2017-08-16,ABB,1172.14599609375,1232.5089111328125,1248.3056640625,1208.677734375,1226.60791015625,52237
2017-08-17,ABB,1179.052978515625,1239.7718505859375,1248.3056640625,1226.8348388671875,1248.3056640625,44337
2017-08-18,ABB,1185.010498046875,1246.0360107421875,1251.029296875,1208.8138427734375,1241.9052734375,52290
2017-08-21,ABB,1170.850830078125,1231.147216796875,1249.077392578125,1222.4317626953125,1239.2271728515625,38966
2017-08-22,ABB,1171.9732666015625,1232.327392578125,1237.9561767578125,1207.4520263671875,1231.056396484375,67856
2017-08-23,ABB,1165.4544677734375,1225.4730224609375,1239.1817626953125,1221.8416748046875,1226.51708984375,48855
2017-08-24,ABB,1165.3251953125,1225.3369140625,1230.1939697265625,1210.1756591796875,1230.1485595703125,65201
2017-08-28,ABB,1177.973876953125,1238.636962890625,1247.3978271484375,1225.6092529296875,1225.6092529296875,46574
2017-08-29,ABB,1166.6632080078125,1226.7440185546875,1238.3192138671875,1222.2501220703125,1231.056396484375,10933
2017-08-30,ABB,1164.37548828125,1224.3382568359375,1238.27392578125,1216.5306396484375,1230.1485595703125,24289
2017-08-31,ABB,1157.208984375,1216.802978515625,1231.9642333984375,1211.9913330078125,1229.921630859375,76092
2017-09-01,ABB,1151.0792236328125,1210.357177734375,1251.664794921875,1201.0062255859375,1228.514404296875,87002
2017-09-04,ABB,1138.1280517578125,1196.7393798828125,1220.3436279296875,1179.1268310546875,1210.1756591796875,88893
2017-09-05,ABB,1155.05078125,1214.5333251953125,1239.2271728515625,1191.110595703125,1195.8314208984375,112892
2017-09-06,ABB,1153.1944580078125,1212.5814208984375,1217.8924560546875,1189.294921875,1199.41748046875,79635
2017-09-07,ABB,1162.08740234375,1221.932373046875,1238.3192138671875,1208.3599853515625,1208.3599853515625,114152
2017-09-08,ABB,1157.9864501953125,1217.6201171875,1246.0360107421875,1207.4520263671875,1229.24072265625,221448
2017-09-11,ABB,1178.3189697265625,1239.0001220703125,1245.5821533203125,1217.66552734375,1217.66552734375,195008
2017-09-12,ABB,1206.6817626953125,1268.8233642578125,1294.243408203125,1243.947998046875,1244.67431640625,172151
2017-09-13,ABB,1194.032958984375,1255.523193359375,1277.220947265625,1248.8050537109375,1263.7392578125,35138
2017-09-14,ABB,1231.4180908203125,1294.83349609375,1302.595703125,1252.844970703125,1256.4764404296875,213120
2017-09-15,ABB,1230.8568115234375,1294.243408203125,1306.40869140625,1272.5909423828125,1293.6986083984375,92491
2017-09-18,ABB,1226.9716796875,1290.157958984375,1309.1322021484375,1281.896484375,1294.243408203125,42788
2017-09-19,ABB,1245.31884765625,1309.449951171875,1321.84228515625,1291.7012939453125,1300.0537109375,112189
2017-09-20,ABB,1264.6585693359375,1329.7860107421875,1355.4329833984375,1318.710205078125,1324.5657958984375,139755
2017-09-21,ABB,1250.4989013671875,1314.8970947265625,1343.630859375,1298.2379150390625,1331.8287353515625,47043
2017-09-22,ABB,1233.9652099609375,1297.5115966796875,1317.257568359375,1263.78466796875,1317.257568359375,61276
2017-09-25,ABB,1238.4547119140625,1302.2325439453125,1315.4873046875,1252.935791015625,1300.0537109375,72524
2017-09-26,ABB,1236.080322265625,1299.7359619140625,1320.9344482421875,1280.9886474609375,1317.7569580078125,44946
2017-09-27,ABB,1243.3328857421875,1307.3619384765625,1316.75830078125,1281.896484375,1299.7359619140625,59938
2017-09-28,ABB,1216.265380859375,1278.9005126953125,1307.3619384765625,1272.81787109375,1307.3619384765625,40313
2017-09-29,ABB,1207.80419921875,1270.0035400390625,1298.2379150390625,1263.7392578125,1280.1260986328125,31689
2017-10-03,ABB,1204.911865234375,1266.962158203125,1289.068603515625,1256.839599609375,1273.7257080078125,31850
2017-10-04,ABB,1191.9608154296875,1253.3443603515625,1278.2650146484375,1248.8050537109375,1271.002197265625,30220
2017-10-05,ABB,1196.6231689453125,1258.2467041015625,1271.047607421875,1249.75830078125,1252.844970703125,30209
2017-10-06,ABB,1184.665283203125,1245.6729736328125,1287.3436279296875,1243.766357421875,1266.462890625,54422
2017-10-09,ABB,1187.4713134765625,1248.6234130859375,1269.8218994140625,1238.3192138671875,1269.8218994140625,69526
2017-10-10,ABB,1168.64892578125,1228.8321533203125,1262.3775634765625,1226.1085205078125,1257.38427734375,53319
2017-10-11,ABB,1173.52734375,1233.9615478515625,1242.586181640625,1213.8978271484375,1234.6878662109375,100944
2017-10-12,ABB,1175.94482421875,1236.5035400390625,1243.766357421875,1216.6668701171875,1237.365966796875,77585
2017-10-13,ABB,1161.69873046875,1221.52392578125,1236.3673095703125,1218.3463134765625,1233.734619140625,42449
2017-10-16,ABB,1167.8720703125,1228.0150146484375,1248.3056640625,1223.0672607421875,1227.3795166015625,90592
2017-10-17,ABB,1159.8424072265625,1219.572021484375,1232.6451416015625,1216.5306396484375,1229.24072265625,24526
2017-10-18,ABB,1153.4534912109375,1212.8538818359375,1234.5970458984375,1207.5428466796875,1219.7081298828125,30328
2017-10-19,ABB,1157.25244140625,1216.848388671875,1224.701416015625,1207.4520263671875,1213.580078125,7290
2017-10-23,ABB,1151.6402587890625,1210.947265625,1234.5970458984375,1208.45068359375,1221.0699462890625,71497
2017-10-24,ABB,1171.2823486328125,1231.60107421875,1239.2271728515625,1213.126220703125,1216.5306396484375,194495
2017-10-25,ABB,1197.831787109375,1259.517822265625,1263.87548828125,1211.08349609375,1234.6878662109375,200700
2017-10-26,ABB,1206.5953369140625,1268.7325439453125,1284.6199951171875,1250.6207275390625,1262.8314208984375,196019
2017-10-27,ABB,1212.552490234375,1274.9967041015625,1285.4825439453125,1266.41748046875,1268.7325439453125,190955
2017-10-30,ABB,1208.0201416015625,1270.23046875,1291.610595703125,1258.564453125,1275.54150390625,85001
2017-10-31,ABB,1196.536865234375,1258.156005859375,1279.30908203125,1227.197998046875,1271.002197265625,132499
2017-11-01,ABB,1202.5374755859375,1264.465576171875,1273.7257080078125,1251.9371337890625,1271.002197265625,41526
2017-11-02,ABB,1195.759765625,1257.3388671875,1274.1796875,1252.844970703125,1272.81787109375,21247
2017-11-03,ABB,1193.4285888671875,1254.8876953125,1276.4493408203125,1252.844970703125,1265.5550537109375,150152
2017-11-06,ABB,1181.1253662109375,1241.95068359375,1260.743408203125,1239.2271728515625,1252.844970703125,26821
2017-11-07,ABB,1151.769775390625,1211.08349609375,1264.601806640625,1204.3199462890625,1243.766357421875,41505
2017-11-08,ABB,1143.5675048828125,1202.4588623046875,1232.1458740234375,1187.343017578125,1205.7271728515625,56072
2017-11-09,ABB,1164.2027587890625,1224.1566162109375,1237.2752685546875,1207.4520263671875,1207.4520263671875,21852
2017-11-10,ABB,1170.289794921875,1230.55712890625,1234.6878662109375,1184.846435546875,1230.1485595703125,29804
2017-11-13,ABB,1173.699951171875,1234.14306640625,1242.2230224609375,1226.60791015625,1230.6024169921875,14379
2017-11-14,ABB,1179.873291015625,1240.63427734375,1246.444580078125,1234.6878662109375,1238.3192138671875,10513
2017-11-15,ABB,1173.484375,1233.9161376953125,1247.3978271484375,1198.6458740234375,1247.3978271484375,49432
2017-11-16,ABB,1179.2259521484375,1239.953369140625,1245.5821533203125,1217.7108154296875,1239.2271728515625,11456
2017-11-17,ABB,1190.4068603515625,1251.710205078125,1254.6607666015625,1229.013671875,1243.766357421875,38092
2017-11-20,ABB,1192.6947021484375,1254.115966796875,1261.923583984375,1214.170166015625,1244.3565673828125,36310
2017-11-21,ABB,1196.018798828125,1257.6112060546875,1261.923583984375,1247.3978271484375,1259.2000732421875,10701
2017-11-22,ABB,1216.265380859375,1278.9005126953125,1284.0753173828125,1257.3388671875,1258.2921142578125,134081
2017-11-23,ABB,1217.1717529296875,1279.853759765625,1285.255615234375,1261.968994140625,1278.2650146484375,38545
2017-11-24,ABB,1215.8768310546875,1278.4920654296875,1288.977783203125,1271.50146484375,1278.2650146484375,19286
2017-11-27,ABB,1197.7457275390625,1259.427001953125,1278.2650146484375,1248.3056640625,1278.2650146484375,27633
2017-11-28,ABB,1218.121826171875,1280.8524169921875,1287.02587890625,1251.2562255859375,1251.2562255859375,97023
2017-11-29,ABB,1218.812255859375,1281.5787353515625,1314.579345703125,1271.728515625,1280.9886474609375,133646
2017-11-30,ABB,1207.7177734375,1269.9127197265625,1292.790771484375,1254.4791259765625,1280.1715087890625,72233
2017-12-01,ABB,1206.3363037109375,1268.460205078125,1282.577392578125,1253.7528076171875,1265.6004638671875,24449
2017-12-04,ABB,1194.853271484375,1256.3856201171875,1275.54150390625,1248.44189453125,1265.5550537109375,42320
2017-12-05,ABB,1180.8663330078125,1241.6783447265625,1257.38427734375,1232.8720703125,1257.38427734375,26002
2017-12-06,ABB,1162.73486328125,1222.61328125,1247.3978271484375,1217.8470458984375,1247.3978271484375,30754
2017-12-07,ABB,1181.16845703125,1241.99609375,1248.3056640625,1221.52392578125,1222.84033203125,36690
2017-12-08,ABB,1159.4971923828125,1219.2088623046875,1261.0157470703125,1214.7149658203125,1244.67431640625,69817
2017-12-11,ABB,1186.2191162109375,1247.3070068359375,1260.10791015625,1227.4249267578125,1227.4249267578125,60996
2017-12-12,ABB,1184.92431640625,1245.9453125,1256.2041015625,1238.228515625,1242.8585205078125,13788
2017-12-13,ABB,1171.0233154296875,1231.3287353515625,1277.266357421875,1220.752197265625,1245.4913330078125,34601
2017-12-14,ABB,1163.209716796875,1223.1126708984375,1245.99072265625,1213.80712890625,1231.3287353515625,27081
2017-12-15,ABB,1190.147705078125,1251.4378662109375,1260.561767578125,1230.0123291015625,1230.0123291015625,47209
2017-12-18,ABB,1199.558837890625,1261.33349609375,1285.5279541015625,1233.598388671875,1259.2000732421875,60326
2017-12-19,ABB,1202.278564453125,1264.1932373046875,1290.9296875,1261.33349609375,1261.33349609375,91720
2017-12-20,ABB,1194.1624755859375,1255.659423828125,1284.6199951171875,1252.844970703125,1257.38427734375,80999
2017-12-21,ABB,1186.3056640625,1247.3978271484375,1280.080810546875,1243.766357421875,1263.7392578125,54255
2017-12-22,ABB,1190.018310546875,1251.3016357421875,1270.0943603515625,1244.9466552734375,1257.38427734375,116445
2017-12-26,ABB,1203.0123291015625,1264.9649658203125,1272.81787109375,1247.851806640625,1260.0625,86220
2017-12-27,ABB,1198.6522216796875,1260.3802490234375,1277.311767578125,1248.44189453125,1271.002197265625,38222
2017-12-28,ABB,1197.6593017578125,1259.336181640625,1307.2257080078125,1253.7528076171875,1262.059814453125,105658
2017-12-29,ABB,1211.2579345703125,1273.635009765625,1279.1728515625,1254.75146484375,1254.75146484375,87166
2018-01-01,ABB,1208.4515380859375,1270.6844482421875,1282.8043212890625,1261.968994140625,1281.896484375,49258
2018-01-02,ABB,1208.926513671875,1271.1837158203125,1293.51708984375,1263.78466796875,1271.002197265625,69302
2018-01-03,ABB,1221.22998046875,1284.1207275390625,1293.2447509765625,1271.9100341796875,1271.9100341796875,63302
2018-01-04,ABB,1237.5050048828125,1301.23388671875,1316.3497314453125,1284.6199951171875,1289.1593017578125,170003
2018-01-05,ABB,1239.0589599609375,1302.8680419921875,1323.657958984375,1298.2379150390625,1300.0537109375,109218
2018-01-08,ABB,1241.2176513671875,1305.1376953125,1314.080078125,1298.2379150390625,1310.947998046875,144080
2018-01-09,ABB,1225.4173583984375,1288.5238037109375,1311.49267578125,1282.0780029296875,1311.49267578125,95526
2018-01-10,ABB,1222.050048828125,1284.983154296875,1295.514404296875,1269.685791015625,1289.3409423828125,74134
2018-01-11,ABB,1208.408447265625,1270.6390380859375,1289.1593017578125,1266.962158203125,1289.1593017578125,35345
2018-01-12,ABB,1275.92626953125,1341.633544921875,1379.037353515625,1273.8165283203125,1273.8165283203125,339454
2018-01-15,ABB,1307.871826171875,1375.224365234375,1384.4844970703125,1342.5413818359375,1348.170166015625,316891
2018-01-16,ABB,1303.079833984375,1370.185791015625,1397.103759765625,1336.9127197265625,1381.760986328125,144577
2018-01-17,ABB,1336.968017578125,1405.8192138671875,1414.1715087890625,1348.66943359375,1375.4058837890625,100599
2018-01-18,ABB,1331.26953125,1399.8272705078125,1420.798828125,1357.248779296875,1408.9967041015625,110240
2018-01-19,ABB,1369.2159423828125,1439.7276611328125,1470.7310791015625,1373.22705078125,1398.6016845703125,115760
2018-01-22,ABB,1383.418701171875,1454.6619873046875,1462.741943359375,1420.798828125,1448.03466796875,87953
2018-01-23,ABB,1415.709716796875,1488.6158447265625,1497.966796875,1434.416748046875,1463.46826171875,250981
2018-01-24,ABB,1439.841796875,1513.9906005859375,1520.663330078125,1408.9967041015625,1408.9967041015625,141799
2018-01-25,ABB,1432.632568359375,1506.409912109375,1531.5576171875,1475.2703857421875,1499.7825927734375,91143
2018-01-29,ABB,1400.255126953125,1472.365234375,1506.500732421875,1461.6524658203125,1506.500732421875,105080
2018-01-30,ABB,1386.4407958984375,1457.8394775390625,1484.3489990234375,1450.39501953125,1475.2703857421875,43457
2018-01-31,ABB,1427.3656005859375,1500.8719482421875,1511.584716796875,1439.455322265625,1452.6192626953125,138100
2018-02-01,ABB,1468.161376953125,1543.768310546875,1563.241943359375,1486.1646728515625,1497.966796875,220831
2018-02-02,ABB,1449.2528076171875,1523.88623046875,1588.0264892578125,1497.966796875,1536.5509033203125,161982
2018-02-05,ABB,1405.478759765625,1477.8577880859375,1529.741943359375,1466.2371826171875,1489.3875732421875,104230
2018-02-06,ABB,1397.535400390625,1469.5054931640625,1477.9940185546875,1411.72021484375,1441.6795654296875,49393
2018-02-07,ABB,1362.8699951171875,1433.054931640625,1508.2257080078125,1425.338134765625,1469.8232421875,49980
2018-02-08,ABB,1376.9864501953125,1447.8984375,1486.1646728515625,1435.3245849609375,1443.99462890625,115493
2018-02-09,ABB,1373.4898681640625,1444.2215576171875,1467.916748046875,1413.5814208984375,1434.416748046875,168280
2018-02-12,ABB,1390.628173828125,1462.2425537109375,1468.007568359375,1423.5224609375,1444.2215576171875,40140
2018-02-14,ABB,1357.344482421875,1427.24462890625,1483.441162109375,1417.621337890625,1472.5467529296875,47423
2018-02-15,ABB,1338.695068359375,1407.6348876953125,1441.45263671875,1405.365234375,1441.45263671875,38513
2018-02-16,ABB,1307.7423095703125,1375.088134765625,1424.8388671875,1368.14306640625,1416.1688232421875,55865
2018-02-19,ABB,1284.1717529296875,1350.3035888671875,1374.9974365234375,1335.6417236328125,1370.8665771484375,32413
2018-02-20,ABB,1303.1229248046875,1370.2310791015625,1390.567138671875,1340.2718505859375,1355.296875,50915
2018-02-21,ABB,1304.936279296875,1372.1376953125,1393.5177001953125,1367.371337890625,1383.8944091796875,38791
2018-02-22,ABB,1309.1236572265625,1376.540771484375,1384.4844970703125,1352.8909912109375,1379.9451904296875,35629
2018-02-23,ABB,1315.16748046875,1382.895751953125,1392.60986328125,1367.2352294921875,1367.2352294921875,37973
2018-02-26,ABB,1310.7208251953125,1378.2203369140625,1400.5081787109375,1373.6810302734375,1393.5631103515625,69694
2018-02-27,ABB,1319.570556640625,1387.52587890625,1399.01025390625,1380.1722412109375,1381.760986328125,45379
2018-02-28,ABB,1322.506103515625,1390.612548828125,1407.1810302734375,1370.8665771484375,1379.037353515625,130752
2018-03-01,ABB,1316.80810546875,1384.6207275390625,1405.8192138671875,1367.552978515625,1379.9451904296875,81630
2018-03-05,ABB,1286.8912353515625,1353.163330078125,1389.6138916015625,1344.99267578125,1384.6207275390625,42759
2018-03-06,ABB,1273.8970947265625,1339.5001220703125,1383.57666015625,1317.302978515625,1361.7880859375,80176
2018-03-07,ABB,1239.44775390625,1303.276611328125,1334.55224609375,1291.2474365234375,1326.427001953125,76147
2018-03-08,ABB,1230.9862060546875,1294.3795166015625,1316.2589111328125,1289.2047119140625,1316.2589111328125,27063
2018-03-09,ABB,1241.3038330078125,1305.2283935546875,1316.75830078125,1299.145751953125,1300.0537109375,173412
2018-03-12,ABB,1237.76416015625,1301.5062255859375,1316.3951416015625,1292.4276123046875,1316.2135009765625,17781
2018-03-13,ABB,1218.07861328125,1280.8070068359375,1307.1802978515625,1272.81787109375,1306.0455322265625,42171
2018-03-14,ABB,1200.3358154296875,1262.1505126953125,1282.8043212890625,1253.7528076171875,1282.8043212890625,54371
2018-03-15,ABB,1185.5286865234375,1246.580810546875,1271.2291259765625,1242.8585205078125,1268.278564453125,61594
2018-03-16,ABB,1154.1875,1213.62548828125,1255.568603515625,1204.4107666015625,1253.7528076171875,112192
2018-03-19,ABB,1137.3511962890625,1195.9222412109375,1221.0699462890625,1189.294921875,1216.5306396484375,58597
2018-03-20,ABB,1126.472412109375,1184.4832763671875,1203.8206787109375,1177.49267578125,1198.28271484375,127983
2018-03-21,ABB,1119.8243408203125,1177.49267578125,1193.652587890625,1173.9520263671875,1193.652587890625,54322
2018-03-22,ABB,1113.607421875,1170.9561767578125,1192.8809814453125,1157.5198974609375,1188.8409423828125,60640
2018-03-23,ABB,1103.3333740234375,1160.152587890625,1170.04833984375,1152.9805908203125,1158.427734375,39366
2018-03-26,ABB,1106.786865234375,1163.7840576171875,1181.7142333984375,1156.430419921875,1162.05908203125,38588
2018-03-27,ABB,1100.786376953125,1157.4744873046875,1189.24951171875,1150.48388671875,1167.0977783203125,57101
2018-03-28,ABB,1117.7952880859375,1175.3592529296875,1180.21630859375,1155.7041015625,1166.14453125,74764
2018-04-02,ABB,1116.15478515625,1173.63427734375,1199.9622802734375,1168.4141845703125,1199.9168701171875,33019
2018-04-03,ABB,1107.8660888671875,1164.9189453125,1180.26171875,1159.51708984375,1180.21630859375,75294
2018-04-04,ABB,1097.677978515625,1154.2061767578125,1180.21630859375,1150.75634765625,1175.586181640625,48921
2018-04-05,ABB,1103.9376220703125,1160.7880859375,1180.21630859375,1157.5198974609375,1175.677001953125,110672
2018-04-06,ABB,1114.9461669921875,1172.36328125,1180.21630859375,1165.0550537109375,1167.869384765625,41396
2018-04-09,ABB,1114.557373046875,1171.954833984375,1180.21630859375,1167.914794921875,1171.6370849609375,98762
2018-04-10,ABB,1113.3052978515625,1170.638427734375,1186.9798583984375,1168.4141845703125,1180.1708984375,38524
2018-04-11,ABB,1103.3765869140625,1160.197998046875,1180.080078125,1157.565185546875,1175.677001953125,50442
2018-04-12,ABB,1098.455078125,1155.023193359375,1165.7359619140625,1152.0726318359375,1157.5198974609375,74054
2018-04-13,ABB,1097.9803466796875,1154.52392578125,1173.4073486328125,1151.119384765625,1152.9805908203125,55440
2018-04-16,ABB,1085.6768798828125,1141.5869140625,1159.4263916015625,1133.0076904296875,1148.9405517578125,170991
2018-04-17,ABB,1091.763671875,1147.9873046875,1158.427734375,1144.2197265625,1144.2197265625,35496
2018-04-18,ABB,1084.122802734375,1139.9527587890625,1156.5665283203125,1138.454833984375,1156.5665283203125,29674
2018-04-19,ABB,1078.9423828125,1134.505615234375,1152.9805908203125,1133.0076904296875,1141.3145751953125,52542
2018-04-20,ABB,1100.3115234375,1156.97509765625,1179.9893798828125,1134.00634765625,1134.8233642578125,259743
2018-04-23,ABB,1151.1654052734375,1210.447998046875,1225.6092529296875,1162.5584716796875,1169.322021484375,278307
2018-04-24,ABB,1168.7354736328125,1228.9229736328125,1240.135009765625,1211.9913330078125,1216.5306396484375,216733
2018-04-25,ABB,1168.303955078125,1228.468994140625,1253.662109375,1192.92626953125,1225.5184326171875,245780
2018-04-26,ABB,1158.5474853515625,1218.210205078125,1256.4764404296875,1201.323974609375,1231.69189453125,114256
2018-04-27,ABB,1160.9273681640625,1216.3037109375,1251.029296875,1208.8592529296875,1223.5211181640625,74053
2018-04-30,ABB,1177.1749267578125,1233.3260498046875,1243.766357421875,1216.6668701171875,1224.8829345703125,57374
2018-05-02,ABB,1164.697021484375,1220.2529296875,1243.6302490234375,1211.9913330078125,1239.6810302734375,144475
2018-05-03,ABB,1134.1085205078125,1188.2054443359375,1220.9791259765625,1178.400634765625,1220.9791259765625,76008
2018-05-04,ABB,1114.3514404296875,1167.5062255859375,1205.0916748046875,1164.78271484375,1188.3870849609375,121216
2018-05-07,ABB,1113.398681640625,1166.5076904296875,1188.3416748046875,1155.9310302734375,1172.0455322265625,117509
2018-05-08,ABB,1110.1055908203125,1163.0577392578125,1185.6634521484375,1154.1153564453125,1172.9080810546875,201144
2018-05-09,ABB,1098.104248046875,1150.48388671875,1175.722412109375,1136.6390380859375,1156.294189453125,426064
2018-05-10,ABB,1098.8841552734375,1151.301025390625,1162.967041015625,1148.3050537109375,1162.967041015625,89302
2018-05-11,ABB,1078.9542236328125,1130.4202880859375,1158.427734375,1121.4779052734375,1157.5198974609375,152628
2018-05-14,ABB,1084.58642578125,1136.3212890625,1148.4412841796875,1106.225830078125,1130.2840576171875,86414
2018-05-15,ABB,1075.1844482421875,1126.4710693359375,1147.306396484375,1121.16015625,1134.8233642578125,25054
2018-05-16,ABB,1069.8125,1120.8424072265625,1130.1932373046875,1112.626220703125,1126.5618896484375,33647
2018-05-17,ABB,1064.5697021484375,1115.349853515625,1128.4229736328125,1109.44873046875,1115.213623046875,69005
2018-05-18,ABB,1053.998291015625,1104.27392578125,1118.1187744140625,1102.185791015625,1115.213623046875,19594
2018-05-21,ABB,1040.00390625,1089.612060546875,1120.1614990234375,1087.61474609375,1107.587646484375,22311
2018-05-22,ABB,1047.325927734375,1097.283447265625,1100.32470703125,1076.9019775390625,1084.89111328125,15631
2018-05-23,ABB,1035.194580078125,1084.5733642578125,1110.9466552734375,1075.404052734375,1096.55712890625,178637
2018-05-24,ABB,1009.9354248046875,1058.1092529296875,1095.785400390625,1050.07470703125,1084.89111328125,47016
2018-05-25,ABB,1009.9354248046875,1058.1092529296875,1065.4630126953125,1051.3004150390625,1061.6046142578125,33619
2018-05-28,ABB,1042.68994140625,1092.4263916015625,1105.7718505859375,1057.5191650390625,1057.6553955078125,61479
2018-05-29,ABB,1062.2735595703125,1112.9439697265625,1117.710205078125,1082.939208984375,1099.9615478515625,43162
2018-05-30,ABB,1074.014892578125,1125.2454833984375,1136.45751953125,1100.32470703125,1105.7718505859375,55578
2018-05-31,ABB,1067.429443359375,1118.345703125,1139.3172607421875,1107.587646484375,1127.7874755859375,45809
2018-06-01,ABB,1043.1666259765625,1092.9256591796875,1130.2840576171875,1081.3958740234375,1118.981201171875,44897
2018-06-04,ABB,1027.04931640625,1076.03955078125,1102.95751953125,1065.78076171875,1102.95751953125,63553
2018-06-05,ABB,1006.1660766601562,1054.16015625,1073.1798095703125,1043.129638671875,1068.095703125,56471
2018-06-06,ABB,1036.7109375,1086.162109375,1089.430419921875,1046.7156982421875,1053.2069091796875,56787
2018-06-07,ABB,1090.7388916015625,1142.76708984375,1151.164794921875,1091.29150390625,1097.6011962890625,118872
2018-06-08,ABB,1082.2469482421875,1133.8701171875,1162.05908203125,1122.2041015625,1136.6390380859375,71651
2018-06-11,ABB,1082.593505859375,1134.2332763671875,1162.05908203125,1116.7115478515625,1134.8233642578125,39852
2018-06-12,ABB,1112.8785400390625,1165.962890625,1174.7237548828125,1130.2840576171875,1144.4466552734375,118467
2018-06-13,ABB,1093.94482421875,1146.126220703125,1191.79150390625,1135.27734375,1170.683837890625,66975
2018-06-14,ABB,1085.6263427734375,1137.4107666015625,1151.0740966796875,1133.0076904296875,1145.7176513671875,14706
2018-06-15,ABB,1052.5684814453125,1102.7760009765625,1148.3958740234375,1098.509033203125,1133.73388671875,87858
2018-06-18,ABB,1050.1856689453125,1100.279296875,1121.02392578125,1097.056396484375,1107.587646484375,41074
2018-06-19,ABB,1047.2393798828125,1097.192626953125,1110.3111572265625,1082.6214599609375,1100.279296875,28432
2018-06-20,ABB,1043.6431884765625,1093.425048828125,1121.2054443359375,1087.61474609375,1112.126953125,53612
2018-06-21,ABB,1044.639892578125,1094.468994140625,1112.580810546875,1089.430419921875,1107.496826171875,31949
2018-06-22,ABB,1050.4454345703125,1100.5517578125,1105.7718505859375,1086.20751953125,1094.8775634765625,34386
2018-06-25,ABB,1030.5152587890625,1079.6708984375,1101.2325439453125,1073.996826171875,1101.2325439453125,28743
2018-06-26,ABB,1029.562255859375,1078.67236328125,1083.9378662109375,1057.79150390625,1057.79150390625,22366
2018-06-27,ABB,1027.612548828125,1076.629638671875,1086.933837890625,1066.7340087890625,1081.259765625,25255
2018-06-28,ABB,1003.2197875976562,1051.0733642578125,1072.18115234375,1044.9453125,1071.7271728515625,35919
2018-06-29,ABB,1021.2001342773438,1069.9114990234375,1099.4168701171875,1053.0706787109375,1053.0706787109375,88436
2018-07-02,ABB,1023.7997436523438,1072.635009765625,1080.2156982421875,1055.885009765625,1077.900634765625,24749
2018-07-03,ABB,1016.9109497070312,1065.4176025390625,1079.080810546875,1062.1947021484375,1067.2786865234375,21611
2018-07-04,ABB,1021.9368286132812,1070.68310546875,1080.2156982421875,1063.14794921875,1067.2332763671875,22869
2018-07-05,ABB,1024.4930419921875,1073.361328125,1079.4439697265625,1063.05712890625,1073.906005859375,30836
2018-07-06,ABB,1017.5176391601562,1066.0531005859375,1080.306396484375,1062.285400390625,1080.306396484375,25670
2018-07-09,ABB,1040.8270263671875,1090.4744873046875,1094.8775634765625,1067.0517578125,1067.0517578125,85503
2018-07-10,ABB,1064.439697265625,1115.213623046875,1121.2054443359375,1094.1512451171875,1099.734619140625,98429
2018-07-11,ABB,1081.640625,1133.234619140625,1138.6363525390625,1100.32470703125,1114.8050537109375,90249
2018-07-12,ABB,1065.73974609375,1116.575439453125,1143.8111572265625,1110.129638671875,1139.3626708984375,46393
2018-07-13,ABB,1055.947998046875,1106.316650390625,1119.3897705078125,1074.178466796875,1108.5863037109375,66872
2018-07-16,ABB,1035.1512451171875,1084.5279541015625,1121.16015625,1081.849853515625,1115.213623046875,39130
2018-07-17,ABB,1025.012939453125,1073.906005859375,1092.6533203125,1066.7340087890625,1080.8511962890625,36926
2018-07-18,ABB,1028.1324462890625,1077.17431640625,1089.430419921875,1073.996826171875,1081.9405517578125,33343
2018-07-19,ABB,1003.08984375,1050.937255859375,1096.693359375,1044.9453125,1089.430419921875,83645
2018-07-20,ABB,983.4630737304688,1030.374267578125,1071.2279052734375,1024.972412109375,1057.5645751953125,205744
2018-07-23,ABB,990.7852783203125,1038.045654296875,1046.7156982421875,1025.88037109375,1034.91357421875,70493
2018-07-24,ABB,1012.3184204101562,1060.60595703125,1068.5496826171875,1039.5435791015625,1043.038818359375,61857
2018-07-25,ABB,1017.4306640625,1065.9622802734375,1084.89111328125,1045.5355224609375,1066.7340087890625,68520
2018-07-26,ABB,1018.9039306640625,1067.505615234375,1076.720458984375,1053.1160888671875,1065.7353515625,43759
2018-07-27,ABB,1029.779052734375,1078.8992919921875,1083.9832763671875,1066.7340087890625,1078.5361328125,37174
2018-07-30,ABB,1048.105712890625,1098.1004638671875,1107.0882568359375,1070.3653564453125,1085.7989501953125,50390
2018-07-31,ABB,1055.7310791015625,1106.089599609375,1125.7447509765625,1093.9697265625,1093.9697265625,43829
2018-08-01,ABB,1051.0955810546875,1101.2325439453125,1114.3511962890625,1095.785400390625,1106.089599609375,22679
2018-08-02,ABB,1044.119873046875,1093.92431640625,1128.9222412109375,1082.6668701171875,1128.9222412109375,37061
2018-08-03,ABB,1043.3831787109375,1093.1527099609375,1102.0950927734375,1089.430419921875,1094.8775634765625,13596
2018-08-06,ABB,1035.1512451171875,1084.5279541015625,1107.587646484375,1080.624267578125,1098.509033203125,27864
2018-08-07,ABB,1047.4561767578125,1097.4195556640625,1112.671630859375,1074.2237548828125,1088.5225830078125,39264
2018-08-08,ABB,1050.8353271484375,1100.960205078125,1107.6783447265625,1093.5157470703125,1105.40869140625,28352
2018-08-09,ABB,1040.0904541015625,1089.7027587890625,1109.3125,1082.1676025390625,1109.3125,29534
2018-08-10,ABB,1045.41943359375,1095.2861328125,1103.04833984375,1089.9298095703125,1089.9298095703125,147347
2018-08-13,ABB,1032.03173828125,1081.259765625,1095.376953125,1078.5361328125,1095.33154296875,429783
2018-08-14,ABB,1046.026123046875,1095.921630859375,1105.7718505859375,1083.9832763671875,1086.6160888671875,67598
2018-08-16,ABB,1038.3572998046875,1087.8870849609375,1111.218994140625,1084.98193359375,1094.8775634765625,25639
2018-08-17,ABB,1062.92333984375,1113.6248779296875,1124.8369140625,1084.98193359375,1092.063232421875,94497
2018-08-20,ABB,1065.0465087890625,1115.84912109375,1152.3450927734375,1095.42236328125,1123.9290771484375,267153
2018-08-21,ABB,1100.6171875,1153.11669921875,1163.8748779296875,1115.89453125,1121.2054443359375,442881
2018-08-23,ABB,1151.872314453125,1206.8165283203125,1212.899169921875,1157.5198974609375,1171.09228515625,242773
2018-08-24,ABB,1143.2501220703125,1197.7833251953125,1230.1485595703125,1194.2880859375,1207.4520263671875,141371
2018-08-27,ABB,1144.853271484375,1199.462890625,1211.9913330078125,1196.5577392578125,1202.867431640625,54148
2018-08-28,ABB,1132.765625,1186.79833984375,1207.860595703125,1182.93994140625,1207.361328125,58046
2018-08-29,ABB,1148.0596923828125,1202.822021484375,1239.2271728515625,1182.031982421875,1197.465576171875,183002
2018-08-30,ABB,1134.7584228515625,1188.8863525390625,1213.71630859375,1180.12548828125,1211.809814453125,71161
2018-08-31,ABB,1133.7618408203125,1187.84228515625,1202.9127197265625,1182.031982421875,1194.7420654296875,45623
2018-09-03,ABB,1131.292236328125,1185.2548828125,1207.361328125,1182.031982421875,1207.361328125,89324
2018-09-04,ABB,1106.726318359375,1159.51708984375,1184.755615234375,1139.680419921875,1184.755615234375,62825
2018-09-05,ABB,1098.8841552734375,1151.301025390625,1172.0455322265625,1135.731201171875,1172.0455322265625,62672
2018-09-06,ABB,1123.0172119140625,1176.5848388671875,1188.3870849609375,1153.0712890625,1162.739990234375,184562
2018-09-07,ABB,1167.123046875,1222.794921875,1249.9398193359375,1184.801025390625,1187.4791259765625,361782
2018-09-10,ABB,1190.3458251953125,1247.12548828125,1267.3707275390625,1204.9554443359375,1226.1085205078125,276319
2018-09-11,ABB,1204.9034423828125,1262.3775634765625,1269.594970703125,1231.646484375,1249.213623046875,183730
2018-09-12,ABB,1268.2901611328125,1328.787353515625,1343.630859375,1250.302978515625,1260.10791015625,623557
2018-09-14,ABB,1255.0753173828125,1314.9425048828125,1377.2216796875,1283.712158203125,1330.012939453125,465053
2018-09-17,ABB,1249.18310546875,1308.76904296875,1317.302978515625,1294.9241943359375,1309.1322021484375,451996
2018-09-18,ABB,1250.69921875,1310.35791015625,1324.5657958984375,1297.37548828125,1299.5997314453125,80784
2018-09-19,ABB,1247.1466064453125,1306.6356201171875,1333.462890625,1241.224365234375,1310.35791015625,219937
2018-09-21,ABB,1240.821044921875,1300.00830078125,1330.9661865234375,1204.8193359375,1309.8585205078125,160324
2018-09-24,ABB,1203.04052734375,1260.4256591796875,1313.8077392578125,1225.6092529296875,1305.1376953125,92670
2018-09-25,ABB,1238.3079833984375,1297.37548828125,1316.3951416015625,1221.0699462890625,1285.5279541015625,142041
2018-09-26,ABB,1244.3304443359375,1303.68505859375,1334.55224609375,1288.841552734375,1310.2216796875,117517
2018-09-27,ABB,1233.3692626953125,1292.20068359375,1313.444580078125,1257.6566162109375,1313.444580078125,107819
2018-09-28,ABB,1221.6275634765625,1279.899169921875,1302.7772216796875,1230.1485595703125,1285.073974609375,121238
2018-10-01,ABB,1232.9788818359375,1291.7921142578125,1316.3497314453125,1244.038818359375,1265.10107421875,65120
2018-10-03,ABB,1232.37255859375,1291.1566162109375,1329.0596923828125,1273.635009765625,1298.2379150390625,133875
2018-10-04,ABB,1198.3179931640625,1255.477783203125,1289.1593017578125,1250.1214599609375,1275.54150390625,59713
2018-10-05,ABB,1191.255615234375,1248.0787353515625,1264.8741455078125,1210.1756591796875,1264.8741455078125,113963
2018-10-08,ABB,1194.591796875,1251.573974609375,1261.923583984375,1210.7657470703125,1249.213623046875,64540
2018-10-09,ABB,1173.708740234375,1229.694580078125,1260.516357421875,1220.3436279296875,1257.29345703125,40339
2018-10-10,ABB,1162.357177734375,1217.8016357421875,1246.489990234375,1212.0821533203125,1235.1871337890625,49958
2018-10-11,ABB,1117.8177490234375,1171.1376953125,1208.3145751953125,1157.610595703125,1202.9127197265625,61397
2018-10-12,ABB,1134.0653076171875,1188.1600341796875,1206.544189453125,1176.1763916015625,1176.1763916015625,261569
2018-10-15,ABB,1116.9945068359375,1170.2752685546875,1198.37353515625,1165.509033203125,1198.37353515625,65209
2018-10-16,ABB,1124.1866455078125,1177.8104248046875,1191.927734375,1166.598388671875,1171.1376953125,127574
2018-10-17,ABB,1113.57177734375,1166.689208984375,1192.0184326171875,1162.05908203125,1192.0184326171875,32502
2018-10-19,ABB,1101.8736572265625,1154.43310546875,1178.7183837890625,1145.8992919921875,1166.689208984375,34032
2018-10-22,ABB,1082.7235107421875,1134.369384765625,1167.6878662109375,1126.697998046875,1162.05908203125,38870
2018-10-23,ABB,1079.1705322265625,1130.647216796875,1146.080810546875,1113.12548828125,1134.8233642578125,81905
2018-10-24,ABB,1073.364990234375,1124.5645751953125,1148.4412841796875,1111.0374755859375,1139.3626708984375,35498
2018-10-25,ABB,1057.0743408203125,1107.496826171875,1124.79150390625,1094.060546875,1111.218994140625,27218
2018-10-26,ABB,1068.1224365234375,1119.072021484375,1139.3626708984375,1093.9697265625,1122.1134033203125,32757
2018-10-29,ABB,1066.4761962890625,1117.3470458984375,1138.454833984375,1112.3084716796875,1120.433837890625,42167
2018-10-30,ABB,1046.9361572265625,1096.8748779296875,1148.4412841796875,1080.351806640625,1124.927734375,407977
2018-10-31,ABB,1108.416015625,1161.2874755859375,1169.7305908203125,1103.04833984375,1132.64453125,406064
2018-11-01,ABB,1141.690673828125,1196.149169921875,1233.780029296875,1164.646484375,1171.1376953125,455074
2018-11-02,ABB,1142.21044921875,1196.6939697265625,1249.213623046875,1187.7061767578125,1230.1485595703125,203584
2018-11-05,ABB,1132.50537109375,1186.52587890625,1212.5814208984375,1180.21630859375,1202.9127197265625,74360
2018-11-06,ABB,1130.94580078125,1184.8917236328125,1208.3599853515625,1182.3043212890625,1197.465576171875,108438
2018-11-07,ABB,1149.0126953125,1203.8206787109375,1207.2705078125,1189.294921875,1190.5205078125,17391
2018-11-09,ABB,1133.4583740234375,1187.5245361328125,1207.4520263671875,1183.8477783203125,1207.4520263671875,74936
2018-11-12,ABB,1132.895263671875,1186.9344482421875,1199.2813720703125,1180.21630859375,1199.2813720703125,87266
2018-11-13,ABB,1124.489990234375,1178.128173828125,1198.5550537109375,1174.360595703125,1184.755615234375,41140
2018-11-14,ABB,1115.781494140625,1169.0042724609375,1194.6058349609375,1166.9161376953125,1189.24951171875,319781
2018-11-15,ABB,1119.24755859375,1172.6357421875,1193.743408203125,1166.598388671875,1176.5394287109375,168342
2018-11-16,ABB,1146.326416015625,1201.0062255859375,1207.4066162109375,1176.5848388671875,1176.5848388671875,61777
2018-11-19,ABB,1170.416015625,1226.2447509765625,1233.780029296875,1202.9127197265625,1202.9127197265625,212514
2018-11-20,ABB,1163.483642578125,1218.9818115234375,1225.6092529296875,1213.71630859375,1223.7935791015625,41394
2018-11-21,ABB,1162.18408203125,1217.6201171875,1224.519775390625,1201.1424560546875,1223.339599609375,31080
2018-11-22,ABB,1165.7799072265625,1221.3876953125,1235.8226318359375,1206.544189453125,1217.6201171875,71423
2018-11-26,ABB,1168.6829833984375,1224.4290771484375,1239.998779296875,1211.4466552734375,1225.6546630859375,52835
2018-11-27,ABB,1175.0084228515625,1231.056396484375,1237.7745361328125,1220.162109375,1224.701416015625,37254
2018-11-28,ABB,1212.3553466796875,1270.18505859375,1275.49609375,1221.0699462890625,1231.101806640625,296500
2018-11-29,ABB,1201.26416015625,1258.564453125,1286.93505859375,1248.3056640625,1277.8111572265625,96469
2018-11-30,ABB,1220.67431640625,1278.9005126953125,1281.9873046875,1247.4432373046875,1262.1505126953125,150394
2018-12-03,ABB,1203.777099609375,1261.197265625,1288.25146484375,1252.844970703125,1280.080810546875,38145
2018-12-04,ABB,1197.58154296875,1254.7060546875,1271.002197265625,1249.213623046875,1263.7392578125,25208
2018-12-05,ABB,1189.4793701171875,1246.2176513671875,1254.796875,1237.0028076171875,1254.6153564453125,24683
2018-12-06,ABB,1194.3751220703125,1251.3470458984375,1270.911376953125,1228.378173828125,1240.9520263671875,54793
2018-12-07,ABB,1209.5830078125,1267.2799072265625,1279.1728515625,1248.44189453125,1259.1546630859375,61052
2018-12-10,ABB,1210.3194580078125,1268.0516357421875,1286.299560546875,1242.9039306640625,1251.483154296875,88064
2018-12-11,ABB,1213.0921630859375,1270.956787109375,1288.0245361328125,1252.844970703125,1261.6966552734375,63494
2018-12-12,ABB,1239.044677734375,1298.1470947265625,1315.4873046875,1268.5509033203125,1290.97509765625,205421
2018-12-13,ABB,1246.6268310546875,1306.0909423828125,1325.4737548828125,1296.4222412109375,1315.941162109375,92886
2018-12-14,ABB,1239.218017578125,1298.3287353515625,1310.947998046875,1275.5869140625,1305.046875,47630
2018-12-17,ABB,1212.832275390625,1270.6844482421875,1329.1051025390625,1261.923583984375,1320.7528076171875,458848
2018-12-18,ABB,1155.901611328125,1211.0380859375,1270.0489501953125,1199.41748046875,1270.0489501953125,602448
2018-12-19,ABB,1156.03173828125,1211.17431640625,1235.8680419921875,1162.14990234375,1201.0970458984375,796046
2018-12-20,ABB,1138.7445068359375,1193.0625,1221.478515625,1176.947998046875,1220.888427734375,274938
2018-12-21,ABB,1128.822509765625,1182.66748046875,1202.9127197265625,1175.677001953125,1193.834228515625,213522
2018-12-24,ABB,1128.34619140625,1182.168212890625,1196.5577392578125,1179.3084716796875,1184.1201171875,72811
2018-12-26,ABB,1122.41015625,1175.9493408203125,1196.5577392578125,1166.598388671875,1181.3057861328125,138249
2018-12-27,ABB,1134.2818603515625,1188.3870849609375,1201.0970458984375,1182.4405517578125,1189.294921875,80301
2018-12-28,ABB,1138.0078125,1192.290771484375,1201.414794921875,1188.432373046875,1198.328125,55788
2018-12-31,ABB,1158.3277587890625,1213.580078125,1221.0245361328125,1185.5726318359375,1193.834228515625,114838
2019-01-01,ABB,1143.1202392578125,1197.647216796875,1213.580078125,1191.292236328125,1211.9913330078125,72796
2019-01-02,ABB,1143.163818359375,1197.692626953125,1207.4520263671875,1190.47509765625,1198.37353515625,62468
2019-01-03,ABB,1134.2386474609375,1188.3416748046875,1207.4520263671875,1182.213623046875,1197.3748779296875,56553
2019-01-04,ABB,1129.64599609375,1183.530029296875,1197.4202880859375,1176.2216796875,1193.743408203125,58653
2019-01-07,ABB,1128.0428466796875,1181.8504638671875,1196.330810546875,1179.3084716796875,1196.330810546875,33171
2019-01-08,ABB,1125.9632568359375,1179.671630859375,1188.432373046875,1172.9534912109375,1186.5712890625,44003
2019-01-09,ABB,1126.136474609375,1179.8531494140625,1193.1533203125,1173.4981689453125,1187.206787109375,54070
2019-01-10,ABB,1127.0029296875,1180.760986328125,1183.8477783203125,1178.89990234375,1181.3057861328125,25099
2019-01-11,ABB,1165.9967041015625,1221.6146240234375,1232.8720703125,1184.710205078125,1184.755615234375,177402
2019-01-14,ABB,1132.85205078125,1186.8890380859375,1232.327392578125,1181.2149658203125,1225.6092529296875,119975
2019-01-15,ABB,1120.5904541015625,1174.0428466796875,1204.4561767578125,1155.250244140625,1189.294921875,118002
2019-01-16,ABB,1115.608154296875,1168.8226318359375,1180.21630859375,1162.5584716796875,1165.418212890625,59285
2019-01-17,ABB,1114.95849609375,1168.141845703125,1177.49267578125,1161.2420654296875,1168.4141845703125,48524
2019-01-18,ABB,1105.77294921875,1158.5184326171875,1175.04150390625,1156.6119384765625,1171.1376953125,35395
2019-01-21,ABB,1110.1055908203125,1163.0577392578125,1182.93994140625,1157.5198974609375,1163.1485595703125,245561
2019-01-22,ABB,1134.4117431640625,1188.523193359375,1195.4683837890625,1162.921630859375,1165.6905517578125,239930
2019-01-23,ABB,1120.5904541015625,1174.0428466796875,1191.8369140625,1171.1376953125,1188.523193359375,26729
2019-01-24,ABB,1090.39208984375,1142.4039306640625,1178.9453125,1134.8233642578125,1178.7183837890625,159506
2019-01-25,ABB,1087.142822265625,1138.99951171875,1156.6119384765625,1130.510986328125,1148.3958740234375,37819
2019-01-28,ABB,1070.2889404296875,1121.3416748046875,1147.896484375,1100.32470703125,1140.2705078125,67321
2019-01-29,ABB,1090.868896484375,1142.9033203125,1147.533447265625,1109.44873046875,1123.9744873046875,235088
2019-01-30,ABB,1095.8515625,1148.12353515625,1169.95751953125,1128.4683837890625,1144.08349609375,82500
2019-01-31,ABB,1102.480224609375,1155.068603515625,1169.412841796875,1136.0035400390625,1143.9019775390625,88732
2019-02-01,ABB,1102.3936767578125,1154.977783203125,1175.677001953125,1144.809814453125,1171.1376953125,107796
2019-02-04,ABB,1103.3465576171875,1155.9764404296875,1174.99609375,1141.8592529296875,1155.84033203125,102593
2019-02-05,ABB,1089.8724365234375,1141.8592529296875,1174.7237548828125,1136.6390380859375,1157.610595703125,83967
2019-02-06,ABB,1091.7353515625,1143.8111572265625,1157.4744873046875,1138.500244140625,1145.2183837890625,74708
2019-02-07,ABB,1097.4544677734375,1149.8031005859375,1167.5062255859375,1142.994140625,1145.7176513671875,46269
2019-02-08,ABB,1087.619384765625,1139.4989013671875,1159.2447509765625,1136.6390380859375,1151.0740966796875,50995
2019-02-11,ABB,1069.1190185546875,1120.1160888671875,1145.7176513671875,1108.4954833984375,1145.7176513671875,55727
2019-02-12,ABB,1085.8863525390625,1137.68310546875,1148.4412841796875,1113.942626953125,1129.5577392578125,44666
2019-02-14,ABB,1090.26220703125,1142.267822265625,1158.38232421875,1119.84375,1143.9019775390625,377954
2019-02-15,ABB,1080.4705810546875,1132.009033203125,1154.52392578125,1123.9290771484375,1142.4493408203125,75404
2019-02-18,ABB,1064.5264892578125,1115.304443359375,1135.32275390625,1111.9453125,1127.0611572265625,29203
2019-02-19,ABB,1077.0478515625,1128.4229736328125,1140.31591796875,1112.2176513671875,1116.6661376953125,60315
2019-02-20,ABB,1083.5899658203125,1135.27734375,1157.06591796875,1130.783447265625,1139.3626708984375,70442
2019-02-21,ABB,1079.4306640625,1130.9195556640625,1151.164794921875,1124.8369140625,1142.994140625,55594
2019-02-22,ABB,1081.68359375,1133.280029296875,1148.03271484375,1125.7447509765625,1133.73388671875,55699
2019-02-25,ABB,1080.1671142578125,1131.6912841796875,1147.9873046875,1129.376220703125,1134.8233642578125,36809
2019-02-26,ABB,1070.8087158203125,1121.8863525390625,1133.91552734375,1114.8958740234375,1133.91552734375,88921
2019-02-27,ABB,1061.5367431640625,1112.1722412109375,1130.2840576171875,1107.587646484375,1125.7447509765625,223301
2019-02-28,ABB,1063.2698974609375,1113.988037109375,1120.7969970703125,1109.6302490234375,1115.75830078125,235050
2019-03-01,ABB,1078.3909912109375,1129.8302001953125,1145.7176513671875,1121.3870849609375,1131.1011962890625,216894
2019-03-05,ABB,1069.0322265625,1120.0252685546875,1138.8179931640625,1109.6302490234375,1135.095703125,296798
2019-03-06,ABB,1078.43408203125,1129.87548828125,1135.731201171875,1112.126953125,1123.9290771484375,187191
2019-03-07,ABB,1101.0938720703125,1153.6160888671875,1175.586181640625,1130.05712890625,1136.6390380859375,191884
2019-03-08,ABB,1097.021240234375,1149.34912109375,1161.8321533203125,1133.73388671875,1153.888427734375,138564
2019-03-11,ABB,1097.1944580078125,1149.5306396484375,1159.3355712890625,1145.2637939453125,1149.34912109375,44003
2019-03-12,ABB,1086.839599609375,1138.6817626953125,1162.967041015625,1129.376220703125,1156.339599609375,63201
2019-03-13,ABB,1123.840087890625,1177.4473876953125,1195.55908203125,1133.0076904296875,1141.677734375,561331
2019-03-14,ABB,1134.8017578125,1188.9317626953125,1202.9127197265625,1172.0909423828125,1185.7542724609375,315481
2019-03-15,ABB,1129.775634765625,1183.6661376953125,1196.0130615234375,1176.6756591796875,1196.0130615234375,240159
2019-03-18,ABB,1131.4656982421875,1185.4365234375,1202.9127197265625,1180.21630859375,1193.834228515625,81145
2019-03-19,ABB,1143.4669189453125,1198.0103759765625,1202.9127197265625,1181.1695556640625,1188.1600341796875,102642
2019-03-20,ABB,1160.0177001953125,1215.3504638671875,1220.162109375,1198.10107421875,1201.8233642578125,121312
2019-03-22,ABB,1161.1441650390625,1216.5306396484375,1224.701416015625,1211.855224609375,1220.5252685546875,78801
2019-03-25,ABB,1156.5078125,1211.673583984375,1216.5306396484375,1199.2359619140625,1214.6241455078125,50755
2019-03-26,ABB,1153.30224609375,1208.3145751953125,1220.162109375,1198.4188232421875,1211.9913330078125,38874
2019-03-27,ABB,1149.40283203125,1204.2291259765625,1223.7935791015625,1198.328125,1211.9913330078125,201412
2019-03-28,ABB,1139.39453125,1193.743408203125,1208.9954833984375,1187.8876953125,1199.3720703125,169781
2019-04-01,ABB,1141.906982421875,1196.376220703125,1205.6363525390625,1189.294921875,1198.37353515625,107242
2019-04-02,ABB,1145.8931884765625,1200.5523681640625,1222.159423828125,1187.4791259765625,1196.5577392578125,214217
2019-04-03,ABB,1154.341796875,1209.4039306640625,1216.5306396484375,1198.4642333984375,1206.3626708984375,76579
2019-04-04,ABB,1148.5360107421875,1203.3212890625,1214.6695556640625,1189.294921875,1211.9913330078125,45078
2019-04-05,ABB,1193.68212890625,1250.6207275390625,1252.844970703125,1197.2840576171875,1197.2840576171875,175660
2019-04-08,ABB,1209.6695556640625,1267.3707275390625,1288.25146484375,1244.40185546875,1246.489990234375,267659
2019-04-09,ABB,1220.3712158203125,1278.582763671875,1285.5279541015625,1252.2548828125,1263.0130615234375,101794
2019-04-10,ABB,1197.1483154296875,1254.252197265625,1277.357177734375,1244.67431640625,1275.54150390625,75853
2019-04-11,ABB,1220.3712158203125,1278.582763671875,1287.525146484375,1248.0787353515625,1255.523193359375,66836
2019-04-12,ABB,1238.4814453125,1297.5570068359375,1301.4154052734375,1273.7257080078125,1277.266357421875,112640
2019-04-15,ABB,1233.3255615234375,1292.1552734375,1305.5008544921875,1286.435791015625,1297.5570068359375,41164
2019-04-16,ABB,1223.2305908203125,1281.5787353515625,1304.502197265625,1280.080810546875,1300.0537109375,175260
2019-04-18,ABB,1245.0238037109375,1304.411376953125,1315.4873046875,1283.802978515625,1283.802978515625,105257
2019-04-22,ABB,1247.06005859375,1306.5447998046875,1320.9344482421875,1276.8125,1289.1593017578125,165460
2019-04-23,ABB,1280.9844970703125,1342.0875244140625,1355.886962890625,1310.947998046875,1310.947998046875,337954
2019-04-24,ABB,1292.2928466796875,1353.93505859375,1366.327392578125,1326.1092529296875,1330.012939453125,138939
2019-04-25,ABB,1294.9356689453125,1356.7039794921875,1361.6064453125,1339.091552734375,1359.9722900390625,51968
2019-04-26,ABB,1287.9676513671875,1344.6295166015625,1356.3409423828125,1335.95947265625,1356.3409423828125,81370
2019-04-30,ABB,1286.40234375,1342.995361328125,1351.8016357421875,1336.8218994140625,1343.9940185546875,65056
2019-05-02,ABB,1284.2718505859375,1340.7711181640625,1379.8544921875,1326.6993408203125,1348.170166015625,290208
2019-05-03,ABB,1298.5333251953125,1355.6600341796875,1377.9478759765625,1336.8218994140625,1339.9993896484375,125491
2019-05-06,ABB,1286.18505859375,1342.7684326171875,1368.05224609375,1335.4600830078125,1343.630859375,193479
2019-05-07,ABB,1285.9674072265625,1342.5413818359375,1358.9736328125,1330.5123291015625,1339.091552734375,63275
2019-05-08,ABB,1264.01025390625,1319.6180419921875,1359.064453125,1314.579345703125,1343.8577880859375,193212
2019-05-09,ABB,1205.181640625,1258.201416015625,1316.3951416015625,1253.026611328125,1316.3951416015625,166605
2019-05-10,ABB,1197.5723876953125,1250.257568359375,1269.9127197265625,1218.028564453125,1253.2989501953125,136872
2019-05-13,ABB,1171.745361328125,1223.294189453125,1269.1864013671875,1216.5306396484375,1269.1864013671875,32774
2019-05-14,ABB,1195.35498046875,1247.9425048828125,1252.844970703125,1190.47509765625,1230.920166015625,182310
2019-05-15,ABB,1198.5726318359375,1251.3016357421875,1280.080810546875,1231.2833251953125,1237.411376953125,38926
2019-05-16,ABB,1206.3555908203125,1259.427001953125,1274.5428466796875,1235.64111328125,1251.9371337890625,67967
2019-05-17,ABB,1209.7034912109375,1262.9222412109375,1274.4520263671875,1246.0814208984375,1257.38427734375,23821
2019-05-20,ABB,1249.705322265625,1304.6837158203125,1309.1322021484375,1275.54150390625,1288.0699462890625,54114
2019-05-21,ABB,1242.5308837890625,1297.19384765625,1323.612548828125,1283.712158203125,1307.3165283203125,115365
2019-05-22,ABB,1267.1407470703125,1322.8863525390625,1326.83544921875,1272.091552734375,1293.6986083984375,47943
2019-05-23,ABB,1250.226806640625,1305.2283935546875,1352.70947265625,1290.0672607421875,1352.70947265625,84054
2019-05-24,ABB,1301.7508544921875,1359.01904296875,1361.7880859375,1311.7196044921875,1328.968994140625,84808
2019-05-27,ABB,1402.9290771484375,1464.6484375,1470.6856689453125,1341.815185546875,1341.815185546875,360765
2019-05-28,ABB,1386.580322265625,1447.5806884765625,1468.9154052734375,1414.1260986328125,1467.099609375,191315
2019-05-29,ABB,1380.84130859375,1441.5888671875,1452.6646728515625,1431.829345703125,1448.03466796875,190067
2019-05-30,ABB,1369.0146484375,1429.241943359375,1441.5888671875,1418.166015625,1434.416748046875,34614
2019-05-31,ABB,1364.66650390625,1424.70263671875,1451.075927734375,1417.16748046875,1434.1898193359375,48943
2019-06-03,ABB,1385.58056640625,1446.53662109375,1466.645751953125,1408.3612060546875,1426.3367919921875,98299
2019-06-04,ABB,1358.01416015625,1417.757568359375,1461.470947265625,1408.9967041015625,1446.53662109375,107290
2019-06-06,ABB,1330.3173828125,1388.84228515625,1433.8720703125,1383.57666015625,1416.259521484375,62948
2019-06-07,ABB,1360.188232421875,1420.0272216796875,1429.87744140625,1377.2216796875,1389.97705078125,46049
2019-06-10,ABB,1359.535888671875,1419.3463134765625,1478.90185546875,1409.17822265625,1419.1192626953125,216299
2019-06-11,ABB,1344.883056640625,1404.048828125,1437.8211669921875,1398.6470947265625,1416.259521484375,111838
2019-06-12,ABB,1310.098876953125,1367.7344970703125,1429.5596923828125,1361.83349609375,1405.1383056640625,203937
2019-06-13,ABB,1312.0989990234375,1369.8226318359375,1410.8123779296875,1363.603759765625,1370.8665771484375,243741
2019-06-14,ABB,1314.3597412109375,1372.1829833984375,1402.0516357421875,1363.603759765625,1373.5902099609375,121838
2019-06-17,ABB,1333.708740234375,1392.3829345703125,1398.1024169921875,1370.548828125,1373.5447998046875,107112
2019-06-18,ABB,1338.8394775390625,1397.7392578125,1404.4573974609375,1389.931640625,1397.103759765625,56831
2019-06-19,ABB,1351.7530517578125,1411.220947265625,1419.8455810546875,1398.1024169921875,1400.825927734375,65686
2019-06-20,ABB,1362.6229248046875,1422.5692138671875,1431.0576171875,1393.5631103515625,1412.537353515625,42270
2019-06-21,ABB,1355.7530517578125,1415.3970947265625,1432.1470947265625,1390.0224609375,1421.7066650390625,120159
2019-06-24,ABB,1357.3616943359375,1417.07666015625,1428.061767578125,1407.1810302734375,1416.395751953125,80440
2019-06-25,ABB,1355.7530517578125,1415.3970947265625,1423.5224609375,1398.91943359375,1419.8909912109375,30243
2019-06-26,ABB,1392.6678466796875,1453.9356689453125,1460.74462890625,1408.0888671875,1413.5814208984375,152297
2019-06-27,ABB,1393.841796875,1455.1612548828125,1488.8883056640625,1441.6795654296875,1452.573974609375,193979
2019-06-28,ABB,1393.493896484375,1454.7982177734375,1468.64306640625,1441.6795654296875,1443.495361328125,59272
2019-07-01,ABB,1392.5372314453125,1453.799560546875,1481.897705078125,1440.2724609375,1452.6646728515625,171308
2019-07-02,ABB,1391.7545166015625,1452.982421875,1465.283935546875,1449.4417724609375,1461.6524658203125,70439
2019-07-03,ABB,1398.1029052734375,1459.60986328125,1466.600341796875,1452.573974609375,1459.7913818359375,64420
2019-07-04,ABB,1436.5826416015625,1499.7825927734375,1511.584716796875,1457.1131591796875,1459.8367919921875,203731
2019-07-05,ABB,1340.8829345703125,1399.8726806640625,1516.1240234375,1380.94384765625,1508.4072265625,252154
2019-07-08,ABB,1288.9241943359375,1345.628173828125,1429.87744140625,1322.8409423828125,1403.549560546875,137689
2019-07-09,ABB,1331.882568359375,1390.4764404296875,1414.44384765625,1338.6376953125,1348.260986328125,222793
2019-07-10,ABB,1316.7515869140625,1374.6796875,1406.4547119140625,1349.577392578125,1383.57666015625,68287
2019-07-11,ABB,1311.31640625,1369.0054931640625,1393.5631103515625,1364.6024169921875,1380.85302734375,30315
2019-07-12,ABB,1305.1424560546875,1362.5596923828125,1378.0386962890625,1349.0780029296875,1378.0386962890625,42720
2019-07-15,ABB,1301.5770263671875,1358.8375244140625,1370.8665771484375,1350.9844970703125,1363.9669189453125,46973
2019-07-16,ABB,1322.1864013671875,1380.353759765625,1384.4390869140625,1341.4066162109375,1358.8375244140625,42607
2019-07-17,ABB,1294.9244384765625,1351.892333984375,1393.0184326171875,1344.5386962890625,1378.901123046875,123941
2019-07-18,ABB,1264.488525390625,1320.1173095703125,1361.7880859375,1311.8558349609375,1355.4329833984375,69760
2019-07-19,ABB,1230.5738525390625,1284.7108154296875,1333.32666015625,1281.0340576171875,1326.6993408203125,53263
2019-07-22,ABB,1220.8343505859375,1274.5428466796875,1288.6146240234375,1251.3470458984375,1288.6146240234375,50040
2019-07-23,ABB,1195.659423828125,1248.2603759765625,1311.8104248046875,1236.3673095703125,1280.080810546875,260200
2019-07-24,ABB,1184.3544921875,1236.4581298828125,1263.194580078125,1226.51708984375,1253.8436279296875,68906
2019-07-25,ABB,1219.8778076171875,1273.544189453125,1283.6214599609375,1240.2257080078125,1252.844970703125,491229
2019-07-26,ABB,1201.83349609375,1254.7060546875,1296.4222412109375,1243.766357421875,1280.080810546875,102877
2019-07-29,ABB,1212.70361328125,1266.0543212890625,1289.1593017578125,1243.766357421875,1261.923583984375,164411
2019-07-30,ABB,1181.180419921875,1233.1444091796875,1275.2691650390625,1228.2874755859375,1269.1864013671875,320587
2019-07-31,ABB,1185.354736328125,1237.502197265625,1247.3978271484375,1214.6241455078125,1235.595703125,58743
2019-08-01,ABB,1176.267333984375,1228.0150146484375,1263.6939697265625,1218.7548828125,1233.780029296875,56036
2019-08-02,ABB,1189.4417724609375,1241.7691650390625,1261.923583984375,1216.5306396484375,1230.6024169921875,50578
2019-08-05,ABB,1199.268310546875,1252.0279541015625,1261.923583984375,1207.6336669921875,1224.9737548828125,63900
2019-08-06,ABB,1204.0076904296875,1256.9757080078125,1271.002197265625,1247.4432373046875,1248.3056640625,26854
2019-08-07,ABB,1209.22509765625,1262.4228515625,1269.2772216796875,1240.089599609375,1260.743408203125,58978
2019-08-08,ABB,1213.0513916015625,1266.41748046875,1298.101806640625,1243.766357421875,1266.0997314453125,72135
2019-08-09,ABB,1214.5731201171875,1268.0062255859375,1291.610595703125,1261.923583984375,1284.2569580078125,35155
2019-08-13,ABB,1199.268310546875,1252.0279541015625,1277.357177734375,1245.5821533203125,1263.5577392578125,60991
2019-08-14,ABB,1173.0499267578125,1224.656005859375,1264.647216796875,1190.65673828125,1253.1173095703125,84588
2019-08-16,ABB,1181.5718994140625,1233.552978515625,1242.3592529296875,1216.1220703125,1224.610595703125,48801
2019-08-19,ABB,1191.61572265625,1244.038818359375,1254.6607666015625,1226.51708984375,1240.135009765625,48128
2019-08-20,ABB,1186.9635009765625,1239.1817626953125,1252.5272216796875,1236.5035400390625,1249.213623046875,40192
2019-08-21,ABB,1182.09375,1234.0977783203125,1246.489990234375,1227.4249267578125,1239.1817626953125,47032
2019-08-22,ABB,1173.4847412109375,1225.10986328125,1238.3192138671875,1216.5306396484375,1236.094970703125,53912
2019-08-23,ABB,1165.0928955078125,1216.34912109375,1228.2874755859375,1206.09033203125,1217.66552734375,61859
2019-08-26,ABB,1218.4864501953125,1272.091552734375,1296.4222412109375,1209.76708984375,1234.869384765625,58490
2019-08-27,ABB,1198.7467041015625,1251.483154296875,1286.299560546875,1245.5821533203125,1276.040771484375,50102
2019-08-28,ABB,1183.876220703125,1235.9588623046875,1261.968994140625,1227.5157470703125,1248.44189453125,201330
2019-08-29,ABB,1158.5709228515625,1209.5401611328125,1238.3192138671875,1203.0035400390625,1238.3192138671875,148029
2019-08-30,ABB,1163.9189453125,1215.1234130859375,1229.24072265625,1204.77392578125,1212.899169921875,28457
2019-09-03,ABB,1156.353271484375,1207.22509765625,1221.0699462890625,1197.3294677734375,1214.7149658203125,31173
2019-09-04,ABB,1147.5269775390625,1198.0103759765625,1216.5306396484375,1193.879638671875,1208.677734375,53962
2019-09-05,ABB,1144.52685546875,1194.878173828125,1210.1756591796875,1192.0184326171875,1206.9073486328125,23432
2019-09-06,ABB,1147.2662353515625,1197.738037109375,1215.622802734375,1189.6126708984375,1198.19189453125,31140
2019-09-09,ABB,1154.7010498046875,1205.5001220703125,1213.80712890625,1189.294921875,1197.1932373046875,34565
2019-09-11,ABB,1155.1795654296875,1205.99951171875,1221.977783203125,1198.37353515625,1207.4520263671875,38834
2019-09-12,ABB,1160.1798095703125,1211.2197265625,1221.977783203125,1203.0489501953125,1212.4453125,25701
2019-09-13,ABB,1172.2672119140625,1223.8388671875,1239.2271728515625,1203.1851806640625,1216.848388671875,57731
2019-09-16,ABB,1169.310302734375,1220.752197265625,1243.6756591796875,1208.3599853515625,1232.7359619140625,126526
2019-09-17,ABB,1162.005859375,1213.126220703125,1231.9188232421875,1208.4052734375,1226.0631103515625,31702
2019-09-18,ABB,1153.00537109375,1203.7298583984375,1216.0767822265625,1202.0048828125,1210.2664794921875,29287
2019-09-19,ABB,1152.6138916015625,1203.3212890625,1210.6295166015625,1196.5123291015625,1207.4520263671875,21440
2019-09-20,ABB,1225.356201171875,1279.263671875,1393.7900390625,1195.6044921875,1206.1810302734375,339606
2019-09-23,ABB,1350.7095947265625,1410.1314697265625,1453.4818115234375,1289.1593017578125,1289.1593017578125,789590
2019-09-24,ABB,1368.1884765625,1428.3795166015625,1435.3245849609375,1402.6417236328125,1425.338134765625,151947
2019-09-25,ABB,1338.8394775390625,1397.7392578125,1429.87744140625,1370.8665771484375,1426.2459716796875,91106
2019-09-26,ABB,1269.5321044921875,1325.3829345703125,1437.9573974609375,1275.54150390625,1398.6016845703125,613384
2019-09-27,ABB,1343.839599609375,1402.95947265625,1407.1356201171875,1334.55224609375,1334.55224609375,301724
2019-09-30,ABB,1317.7513427734375,1375.7236328125,1393.5177001953125,1366.327392578125,1393.5177001953125,171868
2019-10-01,ABB,1291.7939453125,1348.6241455078125,1411.72021484375,1313.7169189453125,1389.0238037109375,149768
2019-10-03,ABB,1270.57568359375,1326.4722900390625,1349.0780029296875,1316.48583984375,1344.0394287109375,200548
2019-10-04,ABB,1273.1409912109375,1329.1505126953125,1364.37548828125,1323.657958984375,1334.779296875,53695
2019-10-07,ABB,1274.6192626953125,1330.69384765625,1348.124755859375,1309.1322021484375,1325.564453125,31044
2019-10-09,ABB,1292.2286376953125,1349.0780029296875,1370.3218994140625,1330.4669189453125,1339.000732421875,103172
2019-10-10,ABB,1273.48876953125,1329.513671875,1356.2047119140625,1320.2989501953125,1348.170166015625,34796
2019-10-11,ABB,1289.750244140625,1346.4906005859375,1367.1898193359375,1334.779296875,1339.046142578125,104808
2019-10-14,ABB,1285.6197509765625,1342.1783447265625,1365.7825927734375,1331.8287353515625,1344.5386962890625,138056
2019-10-15,ABB,1301.5335693359375,1358.7921142578125,1379.9451904296875,1330.6031494140625,1343.5400390625,54563
2019-10-16,ABB,1321.360595703125,1379.4913330078125,1393.109130859375,1364.6478271484375,1373.5902099609375,110260
2019-10-17,ABB,1321.1864013671875,1379.3096923828125,1393.5631103515625,1368.14306640625,1381.579345703125,55887
2019-10-18,ABB,1353.3616943359375,1412.9005126953125,1423.47705078125,1379.3096923828125,1385.1199951171875,211825
2019-10-22,ABB,1338.4915771484375,1397.3760986328125,1434.416748046875,1380.85302734375,1413.5360107421875,124405
2019-10-23,ABB,1336.18701171875,1394.9703369140625,1424.2940673828125,1389.0238037109375,1398.1024169921875,34697
2019-10-24,ABB,1316.4908447265625,1374.4072265625,1406.136962890625,1367.2806396484375,1397.194580078125,65081
2019-10-25,ABB,1300.2725830078125,1357.4757080078125,1387.34423828125,1345.08349609375,1379.9451904296875,30088
2019-10-27,ABB,1317.968994140625,1375.95068359375,1383.9398193359375,1362.6959228515625,1369.958740234375,6810
2019-10-29,ABB,1278.0107421875,1334.2344970703125,1379.8997802734375,1328.197265625,1376.0867919921875,120860
2019-10-30,ABB,1259.314208984375,1314.715576171875,1346.1728515625,1308.814453125,1346.1728515625,132618
2019-10-31,ABB,1268.4014892578125,1324.20263671875,1359.9722900390625,1315.1695556640625,1326.290771484375,312278
2019-11-01,ABB,1268.6190185546875,1324.4296875,1343.630859375,1317.89306640625,1324.20263671875,82118
2019-11-04,ABB,1266.749267578125,1322.477783203125,1342.1783447265625,1318.8463134765625,1332.4642333984375,39270
2019-11-05,ABB,1259.4879150390625,1314.8970947265625,1338.1837158203125,1312.3551025390625,1322.97705078125,44741
2019-11-06,ABB,1271.14111328125,1327.0625,1333.5535888671875,1298.2379150390625,1312.3551025390625,61128
2019-11-07,ABB,1289.4024658203125,1346.12744140625,1355.4329833984375,1322.7955322265625,1330.012939453125,58865
2019-11-08,ABB,1271.967041015625,1327.9249267578125,1343.5400390625,1308.814453125,1338.6376953125,80822
2019-11-11,ABB,1267.3145751953125,1323.06787109375,1333.6444091796875,1312.4913330078125,1325.4737548828125,48351
2019-11-13,ABB,1302.359375,1359.654541015625,1396.28662109375,1287.706787109375,1323.06787109375,393686
2019-11-14,ABB,1277.3585205078125,1333.5535888671875,1357.248779296875,1330.012939453125,1357.248779296875,217995
2019-11-15,ABB,1275.1409912109375,1331.2386474609375,1341.5428466796875,1321.206787109375,1336.2772216796875,57855
2019-11-18,ABB,1265.8363037109375,1321.5245361328125,1338.1837158203125,1311.8558349609375,1331.2386474609375,37153
2019-11-19,ABB,1282.27197265625,1338.6829833984375,1343.630859375,1317.5753173828125,1317.5753173828125,48125
2019-11-20,ABB,1260.6190185546875,1316.077392578125,1339.091552734375,1306.6356201171875,1335.9140625,702601
2019-11-21,ABB,1251.53125,1306.5902099609375,1324.0211181640625,1303.68505859375,1316.3951416015625,36146
2019-11-22,ABB,1226.1824951171875,1280.1260986328125,1307.2711181640625,1274.6336669921875,1307.2711181640625,42342
2019-11-25,ABB,1223.965087890625,1277.8111572265625,1293.60791015625,1273.7257080078125,1275.6322021484375,52675
2019-11-26,ABB,1230.1390380859375,1284.2569580078125,1300.9615478515625,1276.5401611328125,1280.080810546875,72123
2019-11-27,ABB,1251.22705078125,1306.2724609375,1310.0400390625,1282.8497314453125,1290.4302978515625,50905
2019-11-28,ABB,1258.3143310546875,1313.6715087890625,1322.7501220703125,1298.3287353515625,1298.3287353515625,34827
2019-11-29,ABB,1259.009765625,1314.3978271484375,1343.630859375,1308.4967041015625,1318.2108154296875,64771
2019-12-02,ABB,1286.4893798828125,1343.086181640625,1356.3409423828125,1309.9947509765625,1311.8558349609375,87071
2019-12-03,ABB,1270.227783203125,1326.1092529296875,1342.6322021484375,1321.115966796875,1341.815185546875,90214
2019-12-04,ABB,1260.6619873046875,1316.122802734375,1339.091552734375,1313.94384765625,1330.830078125,61052
2019-12-05,ABB,1252.357421875,1307.4527587890625,1321.7060546875,1303.68505859375,1321.7060546875,165078
2019-12-06,ABB,1254.48828125,1309.677001953125,1315.0333251953125,1290.112548828125,1307.3165283203125,97503
2019-12-09,ABB,1261.0535888671875,1316.53125,1330.012939453125,1303.77587890625,1305.5008544921875,40473
2019-12-10,ABB,1261.2708740234375,1316.75830078125,1329.9222412109375,1311.9012451171875,1318.2108154296875,83975
2019-12-11,ABB,1268.6627197265625,1324.47509765625,1334.3707275390625,1307.3165283203125,1316.8489990234375,85909
2019-12-12,ABB,1290.9241943359375,1347.7161865234375,1354.525146484375,1312.173583984375,1324.47509765625,92182
2019-12-13,ABB,1293.3157958984375,1350.212890625,1382.6688232421875,1335.187744140625,1354.9791259765625,102917
2019-12-16,ABB,1287.35888671875,1343.9940185546875,1377.2216796875,1335.4600830078125,1352.70947265625,137410
2019-12-17,ABB,1282.1412353515625,1338.546875,1357.248779296875,1332.10107421875,1345.537353515625,48808
2019-12-18,ABB,1262.1839599609375,1317.7115478515625,1339.000732421875,1309.3592529296875,1332.3280029296875,133234
2019-12-19,ABB,1283.53271484375,1339.9993896484375,1347.2623291015625,1313.7169189453125,1313.7169189453125,99303
2019-12-20,ABB,1208.81982421875,1262.0,1324.0,1257.800048828125,1324.0,81105
2019-12-23,ABB,1208.1497802734375,1261.300048828125,1279.0,1228.300048828125,1264.0,49583
2019-12-24,ABB,1207.048095703125,1260.1500244140625,1270.0,1232.0999755859375,1264.949951171875,18108
2019-12-26,ABB,1218.5423583984375,1272.1500244140625,1280.0,1200.0,1260.1500244140625,21839
2019-12-27,ABB,1224.2415771484375,1278.0999755859375,1280.0,1252.0,1272.1500244140625,19077
2019-12-30,ABB,1240.8604736328125,1295.449951171875,1301.6500244140625,1265.0,1284.5,29393
2019-12-31,ABB,1231.0904541015625,1285.25,1297.0999755859375,1275.0,1275.0,46306
2020-01-01,ABB,1235.6402587890625,1290.0,1296.949951171875,1275.0,1296.949951171875,6827
2020-01-02,ABB,1239.6632080078125,1294.199951171875,1300.0,1276.5,1277.0,7048
2020-01-03,ABB,1266.53125,1322.25,1329.699951171875,1285.0,1295.0,32674
2020-01-06,ABB,1232.7666015625,1287.0,1340.0,1275.0,1321.949951171875,31293
2020-01-07,ABB,1251.6845703125,1306.75,1315.0,1289.0,1298.0,27246
2020-01-08,ABB,1255.468017578125,1310.699951171875,1318.0,1285.050048828125,1300.0,16798
2020-01-09,ABB,1266.387451171875,1322.0999755859375,1339.0,1285.0,1319.0,49113
2020-01-10,ABB,1314.5679931640625,1372.4000244140625,1405.800048828125,1331.5,1337.4000244140625,147240
2020-01-13,ABB,1318.8304443359375,1376.8499755859375,1411.0,1370.0999755859375,1379.4000244140625,37463
2020-01-14,ABB,1311.5028076171875,1369.199951171875,1411.0,1362.0,1372.0,96552
2020-01-15,ABB,1271.129150390625,1327.050048828125,1373.800048828125,1315.0,1373.800048828125,89843
2020-01-16,ABB,1251.3013916015625,1306.3499755859375,1345.0,1295.0999755859375,1332.0,68577
2020-01-17,ABB,1247.852783203125,1302.75,1314.75,1292.050048828125,1307.1500244140625,35098
2020-01-20,ABB,1236.21484375,1290.5999755859375,1316.0,1280.0,1303.0,38416
2020-01-21,ABB,1254.9407958984375,1310.1500244140625,1319.449951171875,1286.0,1290.0,37591
2020-01-22,ABB,1248.379638671875,1303.300048828125,1315.3499755859375,1295.0,1315.0,14625
2020-01-23,ABB,1260.9276123046875,1316.4000244140625,1320.0,1302.0,1309.0,13495
2020-01-24,ABB,1273.0447998046875,1329.050048828125,1364.8499755859375,1301.449951171875,1318.0,198401
2020-01-27,ABB,1283.1500244140625,1339.5999755859375,1360.0,1312.0,1312.0,45579
2020-01-28,ABB,1273.71533203125,1329.75,1352.0,1324.0,1340.8499755859375,18818
2020-01-29,ABB,1285.6884765625,1342.25,1355.1500244140625,1331.0,1331.0,17111
2020-01-30,ABB,1275.630615234375,1331.75,1346.8499755859375,1323.0,1323.0,22645
2020-01-31,ABB,1255.468017578125,1310.699951171875,1349.0,1295.0,1349.0,16129
2020-02-03,ABB,1237.84326171875,1292.300048828125,1315.0,1282.0,1282.0,20304
2020-02-04,ABB,1256.042724609375,1311.300048828125,1324.0,1293.800048828125,1301.0,21892
2020-02-05,ABB,1282.096435546875,1338.5,1348.0,1313.949951171875,1318.0,38870
2020-02-06,ABB,1283.0062255859375,1339.449951171875,1360.949951171875,1324.300048828125,1339.699951171875,25507
2020-02-07,ABB,1272.9488525390625,1328.949951171875,1340.0,1316.0,1333.0,35789
2020-02-10,ABB,1285.4010009765625,1341.949951171875,1379.0,1317.0,1332.0,186488
2020-02-11,ABB,1277.9775390625,1334.199951171875,1365.0,1322.0,1349.0,45537
2020-02-12,ABB,1220.74560546875,1274.449951171875,1344.0,1255.199951171875,1339.800048828125,290668
2020-02-13,ABB,1215.1898193359375,1268.6500244140625,1278.1500244140625,1226.1500244140625,1273.0,208984
2020-02-14,ABB,1181.1380615234375,1233.0999755859375,1280.0,1229.3499755859375,1268.8499755859375,56198
2020-02-17,ABB,1171.9423828125,1223.5,1254.0,1213.0,1254.0,85129
2020-02-18,ABB,1154.317626953125,1205.0999755859375,1227.0,1200.699951171875,1220.5,41542
2020-02-19,ABB,1158.7718505859375,1209.75,1229.0,1202.0,1210.0,40075
2020-02-20,ABB,1179.03076171875,1230.9000244140625,1246.9000244140625,1213.3499755859375,1213.9000244140625,48608
2020-02-24,ABB,1141.721923828125,1191.949951171875,1225.0,1190.0,1225.0,44916
2020-02-25,ABB,1149.624267578125,1200.199951171875,1217.9000244140625,1192.0,1192.0,24401
2020-02-26,ABB,1150.773681640625,1201.4000244140625,1212.3499755859375,1190.0,1195.0,25367
2020-02-27,ABB,1148.091796875,1198.5999755859375,1203.0,1189.0,1198.0,40112
2020-02-28,ABB,1135.0650634765625,1185.0,1195.0,1175.0,1188.0,39171
2020-03-02,ABB,1140.045654296875,1190.199951171875,1198.9000244140625,1182.050048828125,1185.0,99510
2020-03-03,ABB,1112.0762939453125,1161.0,1204.8499755859375,1154.0,1199.0,45482
2020-03-04,ABB,1108.3885498046875,1157.1500244140625,1178.6500244140625,1150.0,1168.949951171875,41444
2020-03-05,ABB,1130.802490234375,1180.550048828125,1185.0,1160.0,1167.800048828125,27103
2020-03-06,ABB,1141.6741943359375,1191.9000244140625,1221.0,1155.0,1168.0,36939
2020-03-09,ABB,1082.23876953125,1129.8499755859375,1192.75,1096.699951171875,1180.0,81699
2020-03-11,ABB,1062.698486328125,1109.449951171875,1143.0,1096.5,1130.0,55300
2020-03-12,ABB,994.8339233398438,1038.5999755859375,1087.949951171875,1000.0,1087.949951171875,57759
2020-03-13,ABB,964.3740234375,1006.7999877929688,1029.949951171875,830.9000244140625,1008.7000122070312,113239
2020-03-16,ABB,923.2340087890625,963.8499755859375,1018.4500122070312,947.0,1000.0,492095
2020-03-17,ABB,908.818115234375,948.7999877929688,980.0,920.0,980.0,48671
2020-03-18,ABB,866.9596557617188,905.0999755859375,974.0,899.2999877929688,974.0,32581
2020-03-19,ABB,858.1473999023438,895.9000244140625,925.0,835.0,880.0,280603
2020-03-20,ABB,909.5365600585938,949.5499877929688,969.9500122070312,851.0499877929688,898.5,42124
2020-03-23,ABB,826.6814575195312,863.0499877929688,999.0,805.0,825.0,58987
2020-03-24,ABB,795.1680297851562,830.1500244140625,900.0,821.2000122070312,900.0,34599
2020-03-25,ABB,799.3825073242188,834.5499877929688,850.0,801.0,801.0,58627
2020-03-26,ABB,825.0053100585938,861.2999877929688,870.2000122070312,829.5499877929688,835.7000122070312,29477
2020-03-27,ABB,816.5762329101562,852.5,915.1500244140625,835.0,915.1500244140625,34666
2020-03-30,ABB,844.2584228515625,881.4000244140625,889.0,826.0,839.5499877929688,30325
2020-03-31,ABB,895.9829711914062,935.4000244140625,949.0,866.75,910.0,141102
2020-04-01,ABB,890.4751586914062,929.6500244140625,949.0,904.9000244140625,935.4000244140625,14021
2020-04-03,ABB,894.7854614257812,934.1500244140625,949.0,893.0,914.2999877929688,40418
2020-04-07,ABB,892.1034545898438,931.3499755859375,1050.0,911.0,969.9000244140625,162721
2020-04-08,ABB,891.4808959960938,930.7000122070312,965.0,910.0,935.0,87733
2020-04-09,ABB,887.7931518554688,926.8499755859375,948.0,916.3499755859375,943.0,75668
2020-04-13,ABB,868.97119140625,907.2000122070312,934.0,897.5,930.0,62956
2020-04-15,ABB,877.2566528320312,915.8499755859375,934.4000244140625,901.0,915.0,32470
2020-04-16,ABB,862.2183227539062,900.1500244140625,928.0499877929688,898.9500122070312,914.7999877929688,140790
2020-04-17,ABB,885.9252319335938,924.9000244140625,933.0,913.7999877929688,918.4000244140625,40359
2020-04-20,ABB,868.5401000976562,906.75,972.75,900.3499755859375,936.2999877929688,165835
2020-04-21,ABB,856.8062744140625,894.5,929.0,887.5499877929688,900.0,99664
2020-04-22,ABB,869.7852783203125,908.0499877929688,921.7999877929688,887.0499877929688,900.8499755859375,158811
2020-04-23,ABB,863.7986450195312,901.7999877929688,921.9500122070312,896.2000122070312,905.0,86092
2020-04-24,ABB,855.8005981445312,893.4500122070312,906.5499877929688,890.0,901.7999877929688,62319
2020-04-27,ABB,846.1260986328125,883.3499755859375,907.0,880.0499877929688,900.0,47484
2020-04-28,ABB,836.595458984375,873.4000244140625,906.4500122070312,868.0,892.5,138274
2020-04-29,ABB,843.0610961914062,880.1500244140625,891.75,875.0,881.0,60887
2020-04-30,ABB,862.6013793945312,900.5499877929688,913.1500244140625,890.0999755859375,900.0,145626
2020-05-04,ABB,842.4384155273438,879.5,895.0,870.0,895.0,47410
2020-05-05,ABB,836.4039306640625,873.2000122070312,896.0499877929688,870.0499877929688,893.7999877929688,24424
2020-05-06,ABB,832.90771484375,869.5499877929688,887.9500122070312,866.0499877929688,871.0,45865
2020-05-07,ABB,822.3234252929688,858.5,872.0,856.0,864.5,30256
2020-05-08,ABB,810.9247436523438,846.5999755859375,868.4500122070312,841.0,863.9500122070312,35925
2020-05-11,ABB,830.3694458007812,866.9000244140625,872.0,846.5499877929688,849.5999755859375,83316
2020-05-12,ABB,816.0972900390625,852.0,860.3499755859375,850.0,860.0,18231
2020-05-13,ABB,819.593505859375,855.6500244140625,876.7999877929688,852.0,868.75,62936
2020-05-14,ABB,800.8673095703125,836.0999755859375,864.0,833.0,840.0499877929688,90247
2020-05-15,ABB,788.0317993164062,822.7000122070312,846.0,821.0,840.0,62438
2020-05-18,ABB,766.0968627929688,799.7999877929688,828.2999877929688,797.0499877929688,822.7000122070312,90489
2020-05-19,ABB,751.4415893554688,784.5,818.9500122070312,780.0,818.9500122070312,131999
2020-05-20,ABB,741.7192993164062,774.3499755859375,788.9000244140625,773.0,788.9000244140625,64779
2020-05-21,ABB,718.1558837890625,749.75,800.0,745.6500244140625,774.0,191499
2020-05-22,ABB,699.3338623046875,730.0999755859375,758.8499755859375,729.0,750.0,126820
2020-05-26,ABB,695.3589477539062,725.9500122070312,749.0,723.2999877929688,737.2999877929688,524000
2020-05-27,ABB,705.6079711914062,736.6500244140625,741.0,722.0,735.0,109664
2020-05-28,ABB,708.6731567382812,739.8499755859375,772.0,737.25,741.9500122070312,268491
2020-05-29,ABB,712.8876953125,744.25,753.9000244140625,739.0,741.0,214975
2020-06-01,ABB,786.7867431640625,821.4000244140625,834.0,754.4000244140625,757.0,541641
2020-06-02,ABB,790.13916015625,824.9000244140625,844.5,817.2999877929688,828.4000244140625,321593
2020-06-03,ABB,800.627685546875,835.8499755859375,843.9000244140625,825.0,830.0,245789
2020-06-04,ABB,799.8136596679688,835.0,842.5,829.0,836.0,317234
2020-06-05,ABB,840.522705078125,877.5,889.9000244140625,838.0499877929688,840.0,357750
2020-06-08,ABB,841.4327392578125,878.4500122070312,913.9500122070312,870.0,900.1500244140625,256663
2020-06-09,ABB,816.863525390625,852.7999877929688,886.7999877929688,833.0,886.0,232007
2020-06-10,ABB,795.3595581054688,830.3499755859375,847.0,825.0,838.0,101410
2020-06-11,ABB,775.9149780273438,810.0499877929688,839.9500122070312,808.0,834.0,123269
2020-06-12,ABB,773.376708984375,807.4000244140625,815.0,780.0,786.0,116248
2020-06-15,ABB,772.13134765625,806.0999755859375,822.5499877929688,801.9500122070312,813.4000244140625,66773
2020-06-16,ABB,761.4512939453125,794.9500122070312,824.0,789.6500244140625,819.9500122070312,107848
2020-06-17,ABB,751.58544921875,784.6500244140625,801.0,781.0,798.4000244140625,139361
2020-06-18,ABB,754.3153076171875,787.5,800.0,784.5499877929688,787.8499755859375,107016
2020-06-19,ABB,778.7406005859375,813.0,830.0,788.0,789.5,1355729
2020-06-22,ABB,797.2273559570312,832.2999877929688,839.7999877929688,822.0499877929688,825.0,175107
2020-06-23,ABB,818.8272094726562,854.8499755859375,859.9000244140625,832.1500244140625,838.0,226465
2020-06-24,ABB,831.279296875,867.8499755859375,888.5,855.25,861.0,569892
2020-06-25,ABB,843.3964233398438,880.5,896.0,871.0,871.0,455476
2020-06-26,ABB,875.81982421875,914.3499755859375,927.0,891.25,895.25,603457
2020-06-29,ABB,883.4827880859375,922.3499755859375,929.0,885.5999755859375,920.0,224329
2020-06-30,ABB,901.490478515625,941.1500244140625,948.75,903.0999755859375,927.0,259932
2020-07-01,ABB,914.0863647460938,954.2999877929688,964.0,919.0499877929688,939.0499877929688,174484
2020-07-02,ABB,922.802978515625,963.4000244140625,979.0,955.0999755859375,966.0,161432
2020-07-03,ABB,938.2244262695312,979.5,988.0,940.0,965.0,320566
2020-07-06,ABB,941.9600830078125,983.4000244140625,1017.0,976.2000122070312,982.0,398732
2020-07-07,ABB,920.8871459960938,961.4000244140625,988.9500122070312,957.25,987.5,298448
2020-07-08,ABB,904.8430786132812,944.6500244140625,971.5,942.0,968.0,194584
2020-07-09,ABB,889.37353515625,928.5,955.0,926.0499877929688,947.0,124766
2020-07-10,ABB,878.310302734375,916.9500122070312,936.75,914.9000244140625,930.0,109164
2020-07-13,ABB,876.3466186523438,914.9000244140625,925.3499755859375,910.0,922.0,76563
2020-07-14,ABB,869.881103515625,908.1500244140625,915.0,901.0499877929688,913.0,53845
2020-07-15,ABB,867.630126953125,905.7999877929688,933.0,900.9000244140625,916.0,137247
2020-07-16,ABB,872.3004760742188,905.8499755859375,919.0,894.0,909.9000244140625,144234
2020-07-17,ABB,878.3672485351562,912.1500244140625,923.25,907.0,914.0,101310
2020-07-20,ABB,865.6560668945312,898.9500122070312,932.7000122070312,894.0,913.5,286602
2020-07-21,ABB,873.2633666992188,906.8499755859375,913.9500122070312,901.1500244140625,903.0,126509
2020-07-22,ABB,891.3672485351562,925.6500244140625,930.0,902.0,910.0,145317
2020-07-23,ABB,900.1782836914062,934.7999877929688,945.0,925.0,930.0,161417
2020-07-24,ABB,878.8004760742188,912.5999755859375,919.0,895.0,910.0,242174
2020-07-27,ABB,860.4561157226562,893.5499877929688,912.0999755859375,890.0,912.0999755859375,106000
2020-07-28,ABB,861.3709106445312,894.5,899.4000244140625,891.0,898.5,52148
2020-07-29,ABB,848.32275390625,880.9500122070312,902.0,875.0,897.0,118544
2020-07-30,ABB,833.1079711914062,865.1500244140625,892.9500122070312,862.5999755859375,873.7999877929688,108002
2020-07-31,ABB,861.8041381835938,894.9500122070312,897.4000244140625,865.5,870.5,151889
2020-08-03,ABB,848.94873046875,881.5999755859375,919.4000244140625,869.4500122070312,900.0999755859375,119427
2020-08-04,ABB,871.7709350585938,905.2999877929688,909.7000122070312,881.5999755859375,882.5999755859375,294577
2020-08-05,ABB,866.7634887695312,900.0999755859375,922.0,896.0,910.0,92645
2020-08-06,ABB,856.4598999023438,889.4000244140625,904.0,886.1500244140625,904.0,62322
2020-08-07,ABB,849.141357421875,881.7999877929688,904.3499755859375,879.4000244140625,889.4000244140625,95492
2020-08-10,ABB,858.9635620117188,892.0,899.0,874.5999755859375,886.6500244140625,199347
2020-08-11,ABB,869.9412841796875,903.4000244140625,917.5999755859375,892.0,896.8499755859375,165785
2020-08-12,ABB,874.5153198242188,908.1500244140625,924.7999877929688,903.4500122070312,903.4500122070312,192428
2020-08-13,ABB,897.8672485351562,932.4000244140625,939.25,908.5499877929688,909.5,220323
2020-08-14,ABB,914.237548828125,949.4000244140625,959.0,933.5499877929688,945.0,370796
2020-08-17,ABB,895.3634643554688,929.7999877929688,960.0,923.0,954.0,129296
2020-08-18,ABB,898.541259765625,933.0999755859375,939.5,930.0499877929688,935.0,44972
2020-08-19,ABB,926.2264404296875,961.8499755859375,965.5499877929688,933.9000244140625,933.9000244140625,188952
2020-08-20,ABB,932.9190673828125,968.7999877929688,974.2000122070312,949.5,959.0,120059
2020-08-21,ABB,946.44873046875,982.8499755859375,998.0,975.0,977.0,306358
2020-08-24,ABB,935.2783203125,971.25,996.5,966.25,986.0,92187
2020-08-25,ABB,933.3524169921875,969.25,988.0999755859375,963.4500122070312,972.0,202487
2020-08-26,ABB,923.7227783203125,959.25,979.0,950.0,973.0,450210
2020-08-27,ABB,934.9412841796875,970.9000244140625,985.0,961.9000244140625,964.0,515635
2020-08-28,ABB,949.096923828125,985.5999755859375,994.7000122070312,972.0,972.0,248761
2020-08-31,ABB,915.53759765625,950.75,1009.0,941.4500122070312,993.0,297074
2020-09-01,ABB,910.578369140625,945.5999755859375,961.1500244140625,936.2999877929688,952.2000122070312,82705
2020-09-02,ABB,938.6487426757812,974.75,985.0,951.0,952.3499755859375,106158
2020-09-03,ABB,945.0042724609375,981.3499755859375,990.7999877929688,971.75,979.9000244140625,56835
2020-09-04,ABB,912.5042724609375,947.5999755859375,968.9000244140625,945.0499877929688,960.25,142690
2020-09-07,ABB,890.7894287109375,925.0499877929688,957.3499755859375,920.5999755859375,955.8499755859375,712824
2020-09-08,ABB,867.7745971679688,901.1500244140625,943.7000122070312,900.0,928.7000122070312,183578
2020-09-09,ABB,868.4005126953125,901.7999877929688,914.5,894.7000122070312,899.0,366227
2020-09-10,ABB,865.9448852539062,899.25,912.0,895.9500122070312,907.0,230526
2020-09-11,ABB,865.1265869140625,898.4000244140625,903.0,893.5499877929688,903.0,172447
2020-09-14,ABB,873.9375610351562,907.5499877929688,913.0,902.0,902.7000122070312,357441
2020-09-15,ABB,881.1116943359375,915.0,923.0,912.0,913.7000122070312,142131
2020-09-16,ABB,874.9005126953125,908.5499877929688,920.9500122070312,906.4500122070312,919.2000122070312,70043
2020-09-17,ABB,882.3635864257812,916.2999877929688,922.5,902.0,907.6500244140625,155361
2020-09-18,ABB,867.4375,900.7999877929688,924.7999877929688,898.4500122070312,922.9000244140625,79802
2020-09-21,ABB,865.4635009765625,898.75,905.9000244140625,896.2999877929688,904.0,98225
2020-09-22,ABB,859.8783569335938,892.9500122070312,900.25,866.0,892.0,69644
2020-09-23,ABB,851.5486450195312,884.2999877929688,900.0499877929688,882.0499877929688,897.2999877929688,76188
2020-09-24,ABB,826.800537109375,858.5999755859375,884.9000244140625,855.25,880.0,107682
2020-09-25,ABB,820.73388671875,852.2999877929688,875.9500122070312,846.5999755859375,864.9500122070312,173616
2020-09-28,ABB,829.3523559570312,861.25,872.9000244140625,849.9000244140625,855.0,79765
2020-09-29,ABB,823.2857666015625,854.9500122070312,874.8499755859375,853.0,867.9000244140625,532383
2020-09-30,ABB,827.6671752929688,859.5,864.8499755859375,855.0499877929688,861.2999877929688,340893
2020-10-01,ABB,829.1116333007812,861.0,873.0,859.9000244140625,866.0499877929688,226679
2020-10-05,ABB,838.50048828125,870.75,878.0,865.0,865.0,59773
2020-10-06,ABB,839.8005981445312,872.0999755859375,879.9000244140625,870.1500244140625,872.0,82327
2020-10-07,ABB,844.2782592773438,876.75,886.75,865.0,875.7000122070312,85730
2020-10-08,ABB,832.9153442382812,864.9500122070312,887.0,860.0,878.9500122070312,79316
2020-10-09,ABB,838.4523315429688,870.7000122070312,880.9000244140625,863.9000244140625,864.0,642606
2020-10-12,ABB,834.35986328125,866.4500122070312,885.0,864.4500122070312,874.9000244140625,176524
2020-10-13,ABB,829.6411743164062,861.5499877929688,872.4000244140625,857.0,867.0,188240
2020-10-14,ABB,827.3782958984375,859.2000122070312,867.7000122070312,848.0,859.9500122070312,82809
2020-10-15,ABB,826.7523803710938,858.5499877929688,868.0499877929688,853.0,860.5,163287
2020-10-16,ABB,831.8080444335938,863.7999877929688,867.0,850.7000122070312,855.0999755859375,32846
2020-10-19,ABB,863.2486572265625,896.4500122070312,900.4000244140625,857.0499877929688,866.0,130070
2020-10-20,ABB,852.0782470703125,884.8499755859375,895.9000244140625,882.0,895.0,33584
2020-10-21,ABB,868.2561645507812,901.6500244140625,904.5,882.0,882.0,150828
2020-10-22,ABB,883.2302856445312,917.2000122070312,923.2999877929688,898.0,901.6500244140625,113581
2020-10-23,ABB,884.0004272460938,918.0,924.4500122070312,905.2000122070312,919.9000244140625,45456
2020-10-26,ABB,856.1226806640625,889.0499877929688,917.4000244140625,880.0499877929688,915.0,55576
2020-10-27,ABB,895.1227416992188,929.5499877929688,936.9500122070312,884.1500244140625,886.7999877929688,239401
2020-10-28,ABB,873.4559936523438,907.0499877929688,937.2000122070312,902.8499755859375,933.7999877929688,50003
2020-10-29,ABB,853.9561157226562,886.7999877929688,900.0,882.0,900.0,156213
2020-10-30,ABB,860.6005249023438,893.7000122070312,909.0,883.8499755859375,888.2999877929688,47972
2020-11-02,ABB,843.2190551757812,875.6500244140625,900.4000244140625,868.5999755859375,888.0,86892
2020-11-03,ABB,844.9042358398438,877.4000244140625,892.75,875.0,880.0499877929688,58871
2020-11-04,ABB,846.2523803710938,878.7999877929688,888.9500122070312,871.25,884.9000244140625,25456
2020-11-05,ABB,861.0338745117188,894.1500244140625,905.0,881.0,892.75,70353
2020-11-06,ABB,903.1153564453125,937.8499755859375,941.75,905.0999755859375,914.0,251858
2020-11-09,ABB,914.1412963867188,949.2999877929688,954.75,935.0999755859375,935.0999755859375,121810
2020-11-10,ABB,913.6116333007812,948.75,970.0,940.0,952.5999755859375,107797
2020-11-11,ABB,909.2783813476562,944.25,958.75,936.0,946.9500122070312,41822
2020-11-12,ABB,931.8598022460938,967.7000122070312,975.5499877929688,949.4000244140625,949.4000244140625,173796
2020-11-13,ABB,963.204345703125,1000.25,1006.0,958.5999755859375,967.7000122070312,222825
2020-11-14,ABB,949.6265869140625,986.1500244140625,1010.0,972.0499877929688,1006.0,36544
2020-11-17,ABB,946.44873046875,982.8499755859375,1006.5499877929688,980.0,997.0,94002
2020-11-18,ABB,1038.9415283203125,1078.9000244140625,1089.9000244140625,980.3499755859375,980.3499755859375,695220
2020-11-19,ABB,1005.863525390625,1044.550048828125,1089.949951171875,1033.3499755859375,1078.0,190460
2020-11-20,ABB,1074.715576171875,1116.050048828125,1135.0,1044.0,1049.0,249798
2020-11-23,ABB,1033.019287109375,1072.75,1163.0,1050.0,1129.0,176903
2020-11-24,ABB,1032.5858154296875,1072.300048828125,1087.8499755859375,1051.0999755859375,1074.9000244140625,267122
2020-11-25,ABB,987.5191650390625,1025.5,1085.0,1011.5,1077.699951171875,141568
2020-11-26,ABB,1037.0634765625,1076.949951171875,1086.4000244140625,1030.300048828125,1033.949951171875,292405
2020-11-27,ABB,1033.9820556640625,1073.75,1104.8499755859375,1061.0,1092.0,253387
2020-12-01,ABB,1095.900634765625,1138.050048828125,1145.0,1073.8499755859375,1081.1500244140625,280795
2020-12-02,ABB,1146.6971435546875,1190.800048828125,1200.0,1116.050048828125,1142.0,294829
2020-12-03,ABB,1128.5931396484375,1172.0,1238.949951171875,1170.0,1182.1500244140625,295720
2020-12-04,ABB,1111.6932373046875,1154.449951171875,1197.6500244140625,1150.0,1184.0,162427
2020-12-07,ABB,1112.1748046875,1154.949951171875,1174.0,1140.0,1174.0,155809
2020-12-08,ABB,1112.0303955078125,1154.800048828125,1190.0,1148.0,1165.0,225515
2020-12-09,ABB,1112.3675537109375,1155.1500244140625,1177.0,1152.0,1162.949951171875,111606
2020-12-10,ABB,1115.8824462890625,1158.800048828125,1186.800048828125,1144.199951171875,1167.25,310277
2020-12-11,ABB,1132.6376953125,1176.199951171875,1183.4000244140625,1152.0,1167.199951171875,168483
2020-12-14,ABB,1118.3861083984375,1161.4000244140625,1180.0,1155.0,1180.0,119428
2020-12-15,ABB,1111.5970458984375,1154.3499755859375,1166.550048828125,1151.1500244140625,1159.0,56631
2020-12-16,ABB,1150.645263671875,1194.9000244140625,1206.75,1157.6500244140625,1159.300048828125,323251
2020-12-17,ABB,1187.0452880859375,1232.699951171875,1239.800048828125,1195.75,1203.949951171875,402509
2020-12-18,ABB,1200.7674560546875,1246.949951171875,1260.0,1201.050048828125,1244.4000244140625,378273
2020-12-21,ABB,1170.289794921875,1215.300048828125,1254.9000244140625,1181.0,1244.5,145777
2020-12-22,ABB,1141.7379150390625,1185.6500244140625,1225.0,1157.199951171875,1214.0,327649
2020-12-23,ABB,1156.5191650390625,1201.0,1236.8499755859375,1190.25,1197.0,171273
2020-12-24,ABB,1161.8638916015625,1206.550048828125,1230.0,1200.0,1218.0,246220
2020-12-28,ABB,1172.4561767578125,1217.550048828125,1228.0,1212.0,1221.3499755859375,169125
2020-12-29,ABB,1158.493408203125,1203.050048828125,1227.9000244140625,1190.0,1223.199951171875,154970
2020-12-30,ABB,1164.126708984375,1208.9000244140625,1239.9000244140625,1201.25,1205.699951171875,197431
2020-12-31,ABB,1167.16015625,1212.050048828125,1217.9000244140625,1202.199951171875,1214.0,296434
2021-01-01,ABB,1187.0452880859375,1232.699951171875,1238.5,1212.0,1212.0,95451
2021-01-04,ABB,1216.126708984375,1262.9000244140625,1290.0,1235.0,1239.0999755859375,99581
2021-01-05,ABB,1245.6895751953125,1293.5999755859375,1305.0,1225.0,1259.5,150290
2021-01-06,ABB,1249.5897216796875,1297.6500244140625,1316.0,1291.0,1295.0,108081
2021-01-07,ABB,1254.4046630859375,1302.6500244140625,1316.9000244140625,1291.25,1302.0,109031
2021-01-08,ABB,1266.2969970703125,1315.0,1330.0,1300.0,1307.550048828125,285838
2021-01-11,ABB,1248.8675537109375,1296.9000244140625,1314.0,1288.0,1314.0,92160
2021-01-12,ABB,1222.289794921875,1269.300048828125,1301.0,1265.0,1288.0,162360
2021-01-13,ABB,1233.0748291015625,1280.5,1294.0,1265.0,1277.800048828125,159570
2021-01-14,ABB,1227.20068359375,1274.4000244140625,1298.6500244140625,1265.0999755859375,1284.050048828125,45754
2021-01-15,ABB,1237.071044921875,1284.6500244140625,1293.0,1260.0,1279.4000244140625,94356
2021-01-18,ABB,1294.704345703125,1344.5,1349.4000244140625,1286.699951171875,1291.0,370993
2021-01-19,ABB,1339.7230224609375,1391.25,1419.0,1343.0,1344.0,715853
2021-01-20,ABB,1341.5045166015625,1393.0999755859375,1408.25,1373.0,1392.0,330542
2021-01-21,ABB,1326.2900390625,1377.300048828125,1408.75,1372.0,1403.5,69623
2021-01-22,ABB,1326.8193359375,1377.8499755859375,1405.0,1367.0,1380.0,223509
2021-01-25,ABB,1304.6229248046875,1354.800048828125,1391.4000244140625,1349.75,1391.4000244140625,100682
2021-01-27,ABB,1337.36376953125,1388.800048828125,1399.9000244140625,1346.0,1350.050048828125,184995
2021-01-28,ABB,1304.6229248046875,1354.800048828125,1419.449951171875,1344.949951171875,1374.0,235173
2021-01-29,ABB,1336.882080078125,1388.300048828125,1405.0,1364.300048828125,1365.4000244140625,166513
2021-02-01,ABB,1331.7303466796875,1382.949951171875,1398.550048828125,1357.1500244140625,1388.300048828125,62919
2021-02-02,ABB,1391.8675537109375,1445.4000244140625,1507.3499755859375,1389.9000244140625,1389.9000244140625,415804
2021-02-03,ABB,1393.841552734375,1447.449951171875,1465.0,1421.0,1456.699951171875,321671
2021-02-04,ABB,1461.8270263671875,1518.050048828125,1534.0,1443.0,1448.0,282242
2021-02-05,ABB,1439.9195556640625,1495.300048828125,1523.8499755859375,1481.5999755859375,1518.0,79091
2021-02-08,ABB,1427.06396484375,1481.949951171875,1504.75,1475.050048828125,1496.0,90255
2021-02-09,ABB,1404.626708984375,1458.6500244140625,1499.0,1439.199951171875,1493.699951171875,244781
2021-02-10,ABB,1391.482421875,1445.0,1487.449951171875,1430.0999755859375,1462.0,356376
2021-02-11,ABB,1370.634033203125,1423.3499755859375,1460.0,1405.0,1445.0,299192
2021-02-12,ABB,1412.523193359375,1466.8499755859375,1480.0,1425.5999755859375,1429.0,224960
2021-02-15,ABB,1419.5528564453125,1474.1500244140625,1503.75,1465.0,1475.0,139523
2021-02-16,ABB,1444.9268798828125,1500.5,1515.0,1474.0,1480.800048828125,170927
2021-02-17,ABB,1443.4342041015625,1498.949951171875,1504.75,1480.0,1480.0,93001
2021-02-18,ABB,1476.07861328125,1532.8499755859375,1570.0,1502.0,1509.800048828125,310358
2021-02-19,ABB,1465.2454833984375,1521.5999755859375,1635.0,1510.0,1542.0,425564
2021-02-22,ABB,1402.460205078125,1456.4000244140625,1529.949951171875,1430.0,1521.5999755859375,161553
2021-02-23,ABB,1425.1859130859375,1480.0,1517.5,1463.050048828125,1477.199951171875,86666
2021-02-24,ABB,1512.623291015625,1570.800048828125,1600.0,1485.9000244140625,1494.6500244140625,216975
2021-02-25,ABB,1480.941650390625,1537.9000244140625,1590.800048828125,1511.3499755859375,1584.800048828125,184689
2021-02-26,ABB,1471.5528564453125,1528.1500244140625,1564.0,1500.0,1521.0,139972
2021-03-01,ABB,1468.7117919921875,1525.199951171875,1559.8499755859375,1515.0,1547.0,61354
2021-03-02,ABB,1464.667724609375,1521.0,1549.0,1509.0,1526.4000244140625,56964
2021-03-03,ABB,1475.93408203125,1532.699951171875,1550.4000244140625,1510.0,1532.8499755859375,154956
2021-03-04,ABB,1456.7713623046875,1512.800048828125,1546.9000244140625,1506.0,1522.0,201501
2021-03-05,ABB,1433.708251953125,1488.8499755859375,1528.0,1485.0,1514.75,63126
2021-03-08,ABB,1440.112060546875,1495.5,1512.550048828125,1476.800048828125,1504.0,96026
2021-03-09,ABB,1421.7674560546875,1476.449951171875,1509.6500244140625,1464.5,1508.0,54450
2021-03-10,ABB,1411.9453125,1466.25,1523.9000244140625,1451.0,1478.0,131725
2021-03-12,ABB,1416.6156005859375,1471.0999755859375,1481.25,1455.0,1473.0,61753
2021-03-15,ABB,1394.034423828125,1447.6500244140625,1476.9000244140625,1440.199951171875,1471.0,49333
2021-03-16,ABB,1388.641845703125,1442.050048828125,1469.0,1425.949951171875,1454.0,87214
2021-03-17,ABB,1386.4267578125,1439.75,1450.0,1425.199951171875,1447.9000244140625,47127
2021-03-18,ABB,1374.4378662109375,1427.300048828125,1467.550048828125,1416.1500244140625,1454.8499755859375,45465
2021-03-19,ABB,1361.4859619140625,1413.8499755859375,1433.0,1333.0,1422.0,157876
2021-03-22,ABB,1337.1710205078125,1388.5999755859375,1428.0,1385.0,1414.0,77105
2021-03-23,ABB,1345.5970458984375,1397.3499755859375,1420.0,1385.0,1395.800048828125,68727
2021-03-24,ABB,1324.65283203125,1375.5999755859375,1401.8499755859375,1368.0,1390.0,62821
2021-03-25,ABB,1340.1083984375,1391.6500244140625,1405.0,1330.199951171875,1375.0,88150
2021-03-26,ABB,1399.7156982421875,1453.550048828125,1498.300048828125,1375.300048828125,1398.0,175036
2021-03-30,ABB,1386.04150390625,1439.3499755859375,1481.550048828125,1431.050048828125,1453.550048828125,135595
2021-03-31,ABB,1357.82666015625,1410.050048828125,1438.0,1397.0,1437.6500244140625,180576
2021-04-01,ABB,1345.741455078125,1397.5,1424.699951171875,1391.0999755859375,1413.800048828125,80643
2021-04-05,ABB,1331.0081787109375,1382.199951171875,1400.0,1365.1500244140625,1390.0,88800
2021-04-06,ABB,1323.545166015625,1374.449951171875,1395.550048828125,1360.0,1384.0,100694
2021-04-07,ABB,1324.0750732421875,1375.0,1389.9000244140625,1366.75,1375.0,37217
2021-04-08,ABB,1344.586181640625,1396.300048828125,1405.5,1375.199951171875,1377.8499755859375,47375
2021-04-09,ABB,1329.2750244140625,1380.4000244140625,1407.949951171875,1375.0,1396.3499755859375,83100
2021-04-12,ABB,1260.95263671875,1309.449951171875,1378.0,1298.550048828125,1378.0,69205
2021-04-13,ABB,1270.7266845703125,1319.5999755859375,1335.0,1305.8499755859375,1315.0,169333
2021-04-15,ABB,1299.47119140625,1349.449951171875,1363.949951171875,1309.050048828125,1316.5,426291
2021-04-16,ABB,1320.559814453125,1371.3499755859375,1374.949951171875,1345.300048828125,1351.9000244140625,142921
2021-04-19,ABB,1348.3946533203125,1395.1500244140625,1412.0,1314.449951171875,1357.0,177488
2021-04-20,ABB,1348.63671875,1395.4000244140625,1418.0,1381.0999755859375,1395.0,173676
2021-04-22,ABB,1345.0123291015625,1391.6500244140625,1400.0,1368.4000244140625,1395.0,93857
2021-04-23,ABB,1334.4290771484375,1380.699951171875,1393.5999755859375,1369.0,1387.0,155372
2021-04-26,ABB,1323.2178955078125,1369.0999755859375,1402.949951171875,1360.0999755859375,1381.949951171875,189659
2021-04-27,ABB,1337.9566650390625,1384.3499755859375,1401.9000244140625,1375.199951171875,1378.0,444609
2021-04-28,ABB,1341.3878173828125,1387.9000244140625,1436.25,1362.0,1408.0999755859375,474157
2021-04-29,ABB,1335.0091552734375,1381.300048828125,1405.0,1377.0,1405.0,110440
2021-04-30,ABB,1334.960693359375,1381.25,1399.4000244140625,1360.0,1375.0,167258
2021-05-03,ABB,1345.3504638671875,1392.0,1399.0,1352.050048828125,1385.5999755859375,163384
2021-05-04,ABB,1331.2880859375,1377.449951171875,1399.5999755859375,1365.0999755859375,1392.0,95411
2021-05-05,ABB,1324.716064453125,1370.6500244140625,1387.550048828125,1363.0,1378.0999755859375,51196
2021-05-06,ABB,1334.3323974609375,1380.5999755859375,1385.0,1374.1500244140625,1374.699951171875,27868
2021-05-07,ABB,1325.9722900390625,1371.949951171875,1394.449951171875,1368.0,1385.0,160890
2021-05-10,ABB,1329.258544921875,1375.3499755859375,1397.0,1367.25,1385.0999755859375,136672
2021-05-11,ABB,1322.9761962890625,1368.8499755859375,1385.0,1362.699951171875,1369.0,66321
2021-05-12,ABB,1354.9188232421875,1401.9000244140625,1434.0,1371.0999755859375,1381.0,603531
2021-05-14,ABB,1345.1573486328125,1391.800048828125,1423.949951171875,1378.25,1414.0,107932
2021-05-17,ABB,1373.136962890625,1420.75,1425.0,1382.0,1391.0,112679
2021-05-18,ABB,1401.261962890625,1449.8499755859375,1470.0,1410.800048828125,1410.800048828125,327604
2021-05-19,ABB,1401.5999755859375,1450.199951171875,1481.800048828125,1441.0,1448.0,161989
2021-05-20,ABB,1381.3519287109375,1429.25,1459.800048828125,1416.050048828125,1448.0,109513
2021-05-21,ABB,1385.0732421875,1433.0999755859375,1443.699951171875,1424.75,1432.0,141945
2021-05-24,ABB,1426.245361328125,1475.699951171875,1483.25,1433.0999755859375,1436.25,234226
2021-05-25,ABB,1445.5269775390625,1495.6500244140625,1517.3499755859375,1466.0,1481.0,131448
2021-05-26,ABB,1451.035888671875,1501.3499755859375,1519.4000244140625,1482.949951171875,1490.5,100456
2021-05-27,ABB,1526.3251953125,1579.25,1600.0,1492.5,1505.0,247167
2021-05-28,ABB,1535.5068359375,1588.75,1600.0,1523.0999755859375,1565.0,181421
2021-05-31,ABB,1612.92236328125,1668.8499755859375,1730.0,1600.0,1600.0,1174066
2021-06-01,ABB,1636.504638671875,1693.25,1754.0,1651.0,1685.0,717658
2021-06-02,ABB,1643.560302734375,1700.550048828125,1717.0,1668.0,1698.0,314707
2021-06-03,ABB,1635.248291015625,1691.949951171875,1717.449951171875,1681.0,1711.0,146129
2021-06-04,ABB,1595.187255859375,1650.5,1698.949951171875,1640.0,1691.949951171875,194307
2021-06-07,ABB,1629.1595458984375,1685.6500244140625,1698.0,1637.0,1659.0,269594
2021-06-08,ABB,1623.9404296875,1680.25,1697.5999755859375,1661.0999755859375,1687.050048828125,128082
2021-06-09,ABB,1618.721435546875,1674.8499755859375,1721.0,1665.0,1692.1500244140625,224477
2021-06-10,ABB,1615.338623046875,1671.3499755859375,1690.0,1660.0,1680.0,87950
2021-06-11,ABB,1593.302734375,1648.550048828125,1750.050048828125,1645.0,1684.0999755859375,124172
2021-06-14,ABB,1604.9488525390625,1660.5999755859375,1672.300048828125,1601.0,1659.0,124292
2021-06-15,ABB,1637.1812744140625,1693.949951171875,1698.0,1660.550048828125,1660.5999755859375,103988
2021-06-16,ABB,1662.648193359375,1720.300048828125,1728.0,1673.75,1699.0,207324
2021-06-17,ABB,1658.9757080078125,1716.5,1776.699951171875,1692.300048828125,1725.25,416009
2021-06-18,ABB,1685.0223388671875,1743.449951171875,1753.0,1656.949951171875,1730.0,128040
2021-06-21,ABB,1661.778564453125,1719.4000244140625,1738.0,1695.050048828125,1700.0,152232
2021-06-22,ABB,1680.963134765625,1739.25,1767.6500244140625,1728.0,1728.0,125176
2021-06-23,ABB,1746.0078125,1806.550048828125,1851.0999755859375,1738.25,1752.0,747874
2021-06-24,ABB,1748.8104248046875,1809.449951171875,1830.0,1800.0,1828.0,180859
2021-06-25,ABB,1762.9215087890625,1824.050048828125,1839.9000244140625,1794.050048828125,1823.5999755859375,448519
2021-06-28,ABB,1749.1490478515625,1809.800048828125,1857.0,1792.1500244140625,1839.050048828125,142851
2021-06-29,ABB,1728.90087890625,1788.8499755859375,1815.5,1771.0,1804.949951171875,84656
2021-06-30,ABB,1747.6024169921875,1808.199951171875,1857.0,1801.0,1801.0,248720
2021-07-01,ABB,1733.58837890625,1793.699951171875,1826.949951171875,1778.800048828125,1816.0,69271
2021-07-02,ABB,1727.258056640625,1787.1500244140625,1830.0,1766.6500244140625,1810.0,92544
2021-07-05,ABB,1714.3070068359375,1773.75,1801.0,1761.0,1794.9000244140625,99623
2021-07-06,ABB,1698.8433837890625,1757.75,1784.25,1746.050048828125,1771.050048828125,76698
2021-07-07,ABB,1683.7176513671875,1742.0999755859375,1757.699951171875,1730.199951171875,1753.0,69427
2021-07-08,ABB,1646.169677734375,1703.25,1750.5,1695.0999755859375,1742.0999755859375,127100
2021-07-09,ABB,1656.02783203125,1713.449951171875,1725.0,1683.5,1711.199951171875,163245
2021-07-12,ABB,1668.10888671875,1725.949951171875,1736.0,1701.449951171875,1718.449951171875,468250
2021-07-13,ABB,1727.161376953125,1787.050048828125,1804.0,1715.550048828125,1730.0,235129
2021-07-14,ABB,1744.9931640625,1805.5,1840.0,1785.550048828125,1804.0,155095
2021-07-15,ABB,1719.429443359375,1779.050048828125,1818.5,1770.0,1806.5,87502
2021-07-16,ABB,1704.110595703125,1763.199951171875,1784.0,1751.449951171875,1779.0,107459
2021-07-19,ABB,1680.5283203125,1738.800048828125,1777.9000244140625,1731.1500244140625,1772.5,103293
2021-07-20,ABB,1661.391845703125,1719.0,1743.8499755859375,1710.0,1739.25,111360
2021-07-22,ABB,1653.7567138671875,1711.0999755859375,1735.0,1702.25,1726.449951171875,131419
2021-07-23,ABB,1638.96923828125,1695.800048828125,1716.9000244140625,1691.0999755859375,1716.9000244140625,42756
2021-07-26,ABB,1654.9163818359375,1712.300048828125,1726.1500244140625,1678.1500244140625,1688.0,69698
2021-07-27,ABB,1613.2125244140625,1669.1500244140625,1780.300048828125,1624.050048828125,1727.199951171875,240727
2021-07-28,ABB,1642.1103515625,1699.050048828125,1708.5,1653.75,1675.1500244140625,107633
2021-07-29,ABB,1629.9810791015625,1686.5,1707.0,1670.25,1706.0,103286
2021-07-30,ABB,1642.2071533203125,1699.1500244140625,1725.0,1682.75,1694.9000244140625,85831
2021-08-02,ABB,1627.0333251953125,1683.449951171875,1734.6500244140625,1661.4000244140625,1702.199951171875,223836
2021-08-03,ABB,1614.71044921875,1670.699951171875,1697.75,1664.9000244140625,1684.9000244140625,127132
2021-08-04,ABB,1581.6082763671875,1636.449951171875,1689.0,1629.0,1683.0,75011
2021-08-05,ABB,1610.5062255859375,1666.3499755859375,1677.6500244140625,1631.050048828125,1644.800048828125,72531
2021-08-06,ABB,1608.0902099609375,1663.8499755859375,1696.300048828125,1651.050048828125,1666.3499755859375,93434
2021-08-09,ABB,1589.1468505859375,1644.25,1686.949951171875,1636.3499755859375,1671.800048828125,50984
2021-08-10,ABB,1595.573974609375,1650.9000244140625,1658.4000244140625,1629.050048828125,1644.25,40981
2021-08-11,ABB,1618.431640625,1674.550048828125,1717.0,1618.050048828125,1658.800048828125,136424
2021-08-12,ABB,1660.7635498046875,1718.3499755859375,1724.4000244140625,1666.0,1677.0,78404
2021-08-13,ABB,1689.3714599609375,1747.949951171875,1759.949951171875,1713.300048828125,1725.0,116726
2021-08-16,ABB,1699.4715576171875,1758.4000244140625,1795.0,1731.0,1761.5,103044
2021-08-17,ABB,1686.955322265625,1745.449951171875,1769.0,1724.3499755859375,1758.4000244140625,124149
2021-08-18,ABB,1702.2744140625,1761.300048828125,1765.800048828125,1705.0,1739.0,79837
2021-08-20,ABB,1657.1876220703125,1714.6500244140625,1807.0999755859375,1683.050048828125,1764.0,161033
2021-08-23,ABB,1618.8179931640625,1674.949951171875,1731.9000244140625,1624.3499755859375,1715.0,82244
2021-08-24,ABB,1640.0323486328125,1696.9000244140625,1725.0,1662.050048828125,1679.9000244140625,76587
2021-08-25,ABB,1673.086181640625,1731.0999755859375,1746.800048828125,1688.75,1701.9000244140625,82301
2021-08-26,ABB,1678.160400390625,1736.3499755859375,1775.699951171875,1722.4000244140625,1743.5,91908
2021-08-27,ABB,1788.050048828125,1850.050048828125,1865.0,1735.0,1750.0,540087
2021-08-30,ABB,1857.2987060546875,1921.699951171875,1925.0,1832.0,1875.0,656830
2021-08-31,ABB,1832.2183837890625,1895.75,1925.0,1886.0,1925.0,149686
2021-09-01,ABB,1820.0889892578125,1883.199951171875,1911.25,1857.5,1910.0,130632
2021-09-02,ABB,1830.865478515625,1894.3499755859375,1917.949951171875,1872.3499755859375,1906.5,199503
2021-09-03,ABB,1786.7452392578125,1848.699951171875,1900.0,1843.0,1900.0,202306
2021-09-06,ABB,1789.789794921875,1851.8499755859375,1872.75,1840.0,1855.0,87428
2021-09-07,ABB,1807.6214599609375,1870.300048828125,1899.0,1835.050048828125,1868.5999755859375,238450
2021-09-08,ABB,1813.855224609375,1876.75,1898.0,1858.6500244140625,1860.0,238158
2021-09-09,ABB,1806.7998046875,1869.449951171875,1913.449951171875,1852.0999755859375,1885.25,227286
2021-09-13,ABB,1798.633056640625,1861.0,1876.449951171875,1839.050048828125,1865.0,80818
2021-09-14,ABB,1843.3812255859375,1907.300048828125,1917.0,1870.6500244140625,1888.0,163938
2021-09-15,ABB,1842.0283203125,1905.9000244140625,1925.0,1890.199951171875,1919.0,159852
2021-09-16,ABB,1844.1064453125,1908.050048828125,1943.9000244140625,1881.9000244140625,1900.0,248127
2021-09-17,ABB,1781.4295654296875,1843.199951171875,1915.0,1835.050048828125,1901.0,115350
2021-09-20,ABB,1812.3089599609375,1875.1500244140625,1884.6500244140625,1840.0,1843.199951171875,105956
2021-09-21,ABB,1812.163818359375,1875.0,1905.0,1854.1500244140625,1871.0,118562
2021-09-22,ABB,1806.5098876953125,1869.1500244140625,1904.0,1865.0999755859375,1870.0,138187
2021-09-23,ABB,1834.48974609375,1898.0999755859375,1905.9000244140625,1857.0,1890.0,119769
2021-09-24,ABB,1815.739990234375,1878.699951171875,1918.25,1871.0999755859375,1903.0,56336
2021-09-27,ABB,1792.8341064453125,1855.0,1908.050048828125,1845.0999755859375,1888.0,134399
2021-09-28,ABB,1740.3057861328125,1800.6500244140625,1869.9000244140625,1790.0,1869.9000244140625,87735
2021-09-29,ABB,1759.5386962890625,1820.550048828125,1838.800048828125,1797.0999755859375,1800.9000244140625,152524
2021-09-30,ABB,1807.9112548828125,1870.5999755859375,1879.0,1821.300048828125,1834.699951171875,70990
2021-10-01,ABB,1796.6033935546875,1858.9000244140625,1873.8499755859375,1819.300048828125,1870.0,67958
2021-10-04,ABB,1810.4241943359375,1873.199951171875,1893.4000244140625,1845.0,1860.0999755859375,169391
2021-10-05,ABB,1815.0150146484375,1877.949951171875,1905.5999755859375,1858.0,1858.0,159998
2021-10-06,ABB,1810.569091796875,1873.3499755859375,1895.949951171875,1860.0999755859375,1879.0,60478
2021-10-07,ABB,1808.78125,1871.5,1898.0,1863.0,1880.0,64748
2021-10-08,ABB,1778.0950927734375,1839.75,1887.5,1827.0,1877.9000244140625,62953
2021-10-11,ABB,1769.251708984375,1830.5999755859375,1870.050048828125,1820.550048828125,1846.4000244140625,66749
2021-10-12,ABB,1766.40087890625,1827.6500244140625,1860.0,1819.0,1840.199951171875,83711
2021-10-13,ABB,1746.297607421875,1806.8499755859375,1877.0,1800.0,1834.949951171875,132820
2021-10-14,ABB,1758.04052734375,1819.0,1846.5,1811.5999755859375,1824.4000244140625,92662
2021-10-18,ABB,1768.188720703125,1829.5,1858.949951171875,1827.0,1837.800048828125,92011
2021-10-19,ABB,1784.3773193359375,1846.25,1864.0,1821.0,1842.9000244140625,93823
2021-10-20,ABB,1768.913330078125,1830.25,1857.9000244140625,1815.25,1857.0,93490
2021-10-21,ABB,1812.163818359375,1875.0,1878.699951171875,1825.050048828125,1839.699951171875,114209
2021-10-22,ABB,1845.314208984375,1909.300048828125,1939.0,1880.3499755859375,1888.0,338028
2021-10-25,ABB,1788.19482421875,1850.199951171875,1970.0,1830.0,1920.0,335087
2021-10-26,ABB,1783.7491455078125,1845.5999755859375,1868.8499755859375,1818.0999755859375,1864.9000244140625,206780
2021-10-27,ABB,1816.7064208984375,1879.699951171875,1932.8499755859375,1866.050048828125,1920.050048828125,529236
2021-10-28,ABB,1917.1729736328125,1983.6500244140625,1999.0,1878.800048828125,1879.699951171875,1355503
2021-10-29,ABB,2048.856689453125,2119.89990234375,2153.75,1954.300048828125,1997.949951171875,960349
2021-11-01,ABB,2010.0035400390625,2079.699951171875,2170.0,2032.0999755859375,2105.0,485302
2021-11-02,ABB,1993.3319091796875,2062.449951171875,2115.0,2041.300048828125,2090.0,118552
2021-11-03,ABB,1999.6141357421875,2068.949951171875,2144.75,2052.199951171875,2066.199951171875,385323
2021-11-04,ABB,2035.0845947265625,2105.64990234375,2123.699951171875,2060.0,2076.25,42743
2021-11-08,ABB,2016.9625244140625,2086.89990234375,2124.35009765625,2071.199951171875,2110.0,194599
2021-11-09,ABB,2111.823486328125,2185.050048828125,2208.39990234375,2084.449951171875,2094.949951171875,595914
2021-11-10,ABB,2097.95458984375,2170.699951171875,2222.10009765625,2151.0,2185.050048828125,207186
2021-11-11,ABB,2099.50048828125,2172.300048828125,2205.0,2132.14990234375,2181.85009765625,123304
2021-11-12,ABB,2137.19384765625,2211.300048828125,2232.0,2153.5,2160.199951171875,258341
2021-11-15,ABB,2076.112060546875,2148.10009765625,2231.0,2137.0,2230.0,91793
2021-11-16,ABB,2103.99462890625,2176.949951171875,2189.949951171875,2140.199951171875,2148.10009765625,384464
2021-11-17,ABB,2118.250244140625,2191.699951171875,2210.0,2150.050048828125,2157.199951171875,216359
2021-11-18,ABB,2077.51318359375,2149.550048828125,2222.89990234375,2124.0,2200.0,110299
2021-11-22,ABB,2029.4302978515625,2099.800048828125,2184.64990234375,1978.25,2158.14990234375,240928
2021-11-23,ABB,2032.7161865234375,2103.199951171875,2155.0,2079.35009765625,2080.0,107742
2021-11-24,ABB,2015.8995361328125,2085.800048828125,2109.89990234375,2055.699951171875,2105.0,214763
2021-11-25,ABB,1978.351318359375,2046.949951171875,2101.449951171875,2040.0,2094.14990234375,248082
2021-11-26,ABB,1928.1424560546875,1995.0,2063.199951171875,1975.0,2043.0,87944
2021-11-29,ABB,2013.5316162109375,2083.35009765625,2119.0,1954.050048828125,1955.0,141832
2021-11-30,ABB,1992.752197265625,2061.85009765625,2164.5,2022.0,2106.0,239856
2021-12-01,ABB,1950.2750244140625,2017.9000244140625,2087.699951171875,2008.300048828125,2056.0,122697
2021-12-02,ABB,2042.0426025390625,2112.85009765625,2139.0,2017.9000244140625,2017.9000244140625,299002
2021-12-03,ABB,2008.7471923828125,2078.39990234375,2130.5,2064.10009765625,2090.300048828125,54725
2021-12-06,ABB,1985.69677734375,2054.550048828125,2086.85009765625,2035.0,2078.0,57116
2021-12-07,ABB,1996.472900390625,2065.699951171875,2097.949951171875,2035.0,2064.800048828125,132978
2021-12-08,ABB,2022.6165771484375,2092.75,2119.449951171875,2077.550048828125,2077.550048828125,176891
2021-12-09,ABB,2223.307373046875,2300.39990234375,2375.0,2100.14990234375,2104.39990234375,1034082
2021-12-10,ABB,2188.51416015625,2264.39990234375,2372.0,2235.35009765625,2300.0,481269
2021-12-13,ABB,2230.266357421875,2307.60009765625,2356.0,2264.550048828125,2268.949951171875,264261
2021-12-14,ABB,2196.39111328125,2272.550048828125,2319.699951171875,2260.050048828125,2305.0,71628
2021-12-15,ABB,2157.248291015625,2232.050048828125,2293.60009765625,2221.449951171875,2283.89990234375,63111
2021-12-16,ABB,2160.00244140625,2234.89990234375,2275.0,2194.0,2220.10009765625,270580
2021-12-17,ABB,2126.03076171875,2199.75,2262.64990234375,2170.0,2230.0,169226
2021-12-20,ABB,2050.547607421875,2121.64990234375,2215.0,2076.60009765625,2215.0,102709
2021-12-21,ABB,2127.239013671875,2201.0,2220.0,2100.10009765625,2127.0,240790
2021-12-22,ABB,2207.892333984375,2284.449951171875,2332.0,2203.0,2203.0,961653
2021-12-23,ABB,2187.93408203125,2263.800048828125,2306.949951171875,2255.0,2276.949951171875,93625
2021-12-24,ABB,2169.32958984375,2244.550048828125,2345.39990234375,2232.0,2283.5,220693
2021-12-27,ABB,2121.9228515625,2195.5,2267.75,2175.300048828125,2249.39990234375,134745
2021-12-28,ABB,2133.13427734375,2207.10009765625,2258.89990234375,2185.550048828125,2212.300048828125,182668
2021-12-29,ABB,2151.98095703125,2226.60009765625,2250.550048828125,2192.300048828125,2192.300048828125,182349
2021-12-30,ABB,2160.48583984375,2235.39990234375,2245.050048828125,2212.60009765625,2226.60009765625,197252
2021-12-31,ABB,2158.74609375,2233.60009765625,2283.75,2222.0,2245.0,198115
2022-01-03,ABB,2131.539306640625,2205.449951171875,2268.60009765625,2185.60009765625,2251.449951171875,113948
2022-01-04,ABB,2145.36083984375,2219.75,2237.64990234375,2190.0,2223.89990234375,353471
2022-01-05,ABB,2151.59423828125,2226.199951171875,2249.89990234375,2200.0,2229.550048828125,222632
2022-01-06,ABB,2150.67578125,2225.25,2287.75,2200.050048828125,2214.800048828125,423469
2022-01-07,ABB,2152.464111328125,2227.10009765625,2263.949951171875,2216.5,2236.949951171875,111305
2022-01-10,ABB,2204.460693359375,2280.89990234375,2296.699951171875,2223.0,2242.949951171875,289826
2022-01-11,ABB,2261.049072265625,2339.449951171875,2348.0,2270.300048828125,2282.0,255404
2022-01-12,ABB,2238.81982421875,2316.449951171875,2360.550048828125,2295.449951171875,2354.0,231632
2022-01-13,ABB,2229.203125,2306.5,2326.89990234375,2296.0,2320.0,128523
2022-01-14,ABB,2263.078857421875,2341.550048828125,2354.0,2290.0,2290.0,190526
2022-01-17,ABB,2242.637451171875,2320.39990234375,2385.89990234375,2314.0,2349.699951171875,135524
2022-01-18,ABB,2289.173583984375,2368.550048828125,2403.60009765625,2303.0,2333.89990234375,320744
2022-01-19,ABB,2265.54296875,2344.10009765625,2368.550048828125,2304.0,2368.550048828125,242338
2022-01-20,ABB,2309.18017578125,2389.25,2415.0,2342.699951171875,2348.800048828125,209114
2022-01-21,ABB,2277.76904296875,2356.75,2389.25,2325.699951171875,2389.25,415539
2022-01-24,ABB,2327.688232421875,2408.39990234375,2434.0,2285.0,2348.699951171875,276068
2022-01-25,ABB,2319.71435546875,2400.14990234375,2468.10009765625,2360.10009765625,2430.85009765625,390068
2022-01-27,ABB,2149.90283203125,2224.449951171875,2405.0,2135.89990234375,2405.0,794479
2022-01-28,ABB,2194.40966796875,2270.5,2315.85009765625,2190.0,2241.0,265768
2022-01-31,ABB,2223.93603515625,2301.050048828125,2333.550048828125,2195.10009765625,2276.0,415951
2022-02-01,ABB,2210.453369140625,2287.10009765625,2373.949951171875,2232.550048828125,2311.85009765625,725023
2022-02-02,ABB,2219.731689453125,2296.699951171875,2377.199951171875,2263.89990234375,2287.10009765625,324514
2022-02-03,ABB,2228.52685546875,2305.800048828125,2332.949951171875,2272.64990234375,2298.0,161075
2022-02-04,ABB,2257.134033203125,2335.39990234375,2365.0,2280.0,2305.0,203322
2022-02-07,ABB,2182.328369140625,2258.0,2344.5,2223.800048828125,2344.0,191104
2022-02-08,ABB,2146.809814453125,2221.25,2284.949951171875,2196.0,2270.60009765625,122629
2022-02-09,ABB,2165.89794921875,2241.0,2250.0,2211.699951171875,2241.0,123789
2022-02-10,ABB,2162.99853515625,2238.0,2319.89990234375,2211.0,2211.0,369714
2022-02-11,ABB,2106.217529296875,2179.25,2249.89990234375,2170.050048828125,2224.0,242245
2022-02-14,ABB,2020.9254150390625,2091.0,2136.39990234375,2006.550048828125,2095.0,289217
2022-02-15,ABB,1977.2882080078125,2045.8499755859375,2135.949951171875,2025.550048828125,2110.0,378170
2022-02-16,ABB,1965.1588134765625,2033.300048828125,2084.0,2011.300048828125,2059.0,565198
2022-02-17,ABB,1987.0013427734375,2055.89990234375,2068.0,2023.300048828125,2033.300048828125,350822
2022-02-18,ABB,1996.4244384765625,2065.64990234375,2079.050048828125,2030.0,2030.0,177031
2022-02-21,ABB,2030.6866455078125,2101.10009765625,2118.89990234375,2025.0,2046.0,375444
2022-02-22,ABB,1998.0194091796875,2067.300048828125,2123.25,2030.0,2030.0,306750
2022-02-23,ABB,2026.917236328125,2097.199951171875,2120.0,2076.0,2076.0,192678
2022-02-24,ABB,1976.9984130859375,2045.550048828125,2098.949951171875,2000.0,2040.0,360203
2022-02-25,ABB,2060.4541015625,2131.89990234375,2149.949951171875,2065.35009765625,2068.60009765625,313838
2022-02-28,ABB,2087.080810546875,2159.449951171875,2171.60009765625,2089.199951171875,2096.0,180990
2022-03-02,ABB,2106.169677734375,2179.199951171875,2212.5,2153.0,2153.0,157039
2022-03-03,ABB,2087.080810546875,2159.449951171875,2239.0,2146.0,2200.0,217987
2022-03-04,ABB,2083.1669921875,2155.39990234375,2199.0,2125.10009765625,2145.0,88675
2022-03-07,ABB,2038.2735595703125,2108.949951171875,2148.800048828125,2080.199951171875,2138.0,139363
2022-03-08,ABB,2063.498779296875,2135.050048828125,2158.0,2104.0,2104.0,132359
2022-03-09,ABB,2070.94091796875,2142.75,2163.75,2101.0,2150.0,310556
2022-03-10,ABB,2085.631591796875,2157.949951171875,2177.85009765625,2142.0,2160.0,145468
2022-03-11,ABB,2048.90478515625,2119.949951171875,2174.949951171875,2110.0,2155.0,78426
2022-03-14,ABB,2008.8441162109375,2078.5,2125.550048828125,2063.449951171875,2125.550048828125,237058
2022-03-15,ABB,2021.6015625,2091.699951171875,2095.10009765625,2041.050048828125,2078.5,178988
2022-03-16,ABB,2117.525146484375,2190.949951171875,2202.60009765625,2102.0,2102.0,231640
2022-03-17,ABB,2030.92822265625,2101.35009765625,2208.0,2090.0,2205.0,603010
2022-03-21,ABB,2021.3599853515625,2091.449951171875,2124.85009765625,2079.39990234375,2120.300048828125,208149
2022-03-22,ABB,2007.5391845703125,2077.14990234375,2101.14990234375,2058.0,2100.0,96849
2022-03-23,ABB,1982.0723876953125,2050.800048828125,2096.300048828125,2029.3499755859375,2089.949951171875,512732
2022-03-24,ABB,1970.3297119140625,2038.6500244140625,2054.0,1982.0,1991.25,251286
2022-03-25,ABB,1922.6334228515625,1989.300048828125,2054.85009765625,1983.0,2049.39990234375,100470
2022-03-28,ABB,1935.777587890625,2002.9000244140625,2019.0,1944.5999755859375,1985.0,184576
2022-03-29,ABB,1970.474609375,2038.800048828125,2055.0,2000.0,2009.9000244140625,149014
2022-03-30,ABB,2013.67626953125,2083.5,2095.449951171875,2035.6500244140625,2051.949951171875,149949
2022-03-31,ABB,2085.631591796875,2157.949951171875,2179.0,2032.0,2065.0,1052222
2022-04-01,ABB,2043.4444580078125,2114.300048828125,2155.0,2101.0,2155.0,180591
2022-04-04,ABB,2059.14990234375,2130.550048828125,2143.89990234375,2096.0,2096.0,105731
2022-04-05,ABB,2133.56884765625,2207.550048828125,2264.949951171875,2127.949951171875,2140.0,350006
2022-04-06,ABB,2135.405029296875,2209.449951171875,2243.949951171875,2173.85009765625,2219.0,202906
2022-04-07,ABB,2118.68505859375,2192.14990234375,2237.85009765625,2181.64990234375,2210.0,98294
2022-04-08,ABB,2163.9169921875,2238.949951171875,2246.64990234375,2187.949951171875,2208.75,161106
2022-04-11,ABB,2140.576416015625,2214.800048828125,2257.89990234375,2202.60009765625,2240.0,178038
2022-04-12,ABB,2132.554443359375,2206.5,2231.75,2150.0,2213.800048828125,103405
2022-04-13,ABB,2152.07763671875,2226.699951171875,2231.949951171875,2200.0,2201.0,65098
2022-04-18,ABB,2110.324951171875,2183.5,2224.0,2141.60009765625,2224.0,127137
2022-04-19,ABB,2080.07421875,2152.199951171875,2250.0,2125.0,2200.10009765625,76918
2022-04-20,ABB,2065.818359375,2137.449951171875,2177.85009765625,2127.699951171875,2165.0,55650
2022-04-21,ABB,2071.66552734375,2143.5,2169.699951171875,2123.199951171875,2145.10009765625,122239
2022-04-22,ABB,2088.67626953125,2161.10009765625,2203.85009765625,2135.050048828125,2140.199951171875,163274
2022-04-25,ABB,2029.6234130859375,2100.0,2158.949951171875,2095.050048828125,2150.0,171418
2022-04-26,ABB,2017.881103515625,2087.85009765625,2128.949951171875,2062.5,2111.10009765625,132818
2022-04-27,ABB,2019.8187255859375,2084.64990234375,2094.89990234375,2038.0,2082.0,111258
2022-04-28,ABB,2032.6080322265625,2097.85009765625,2110.0,2053.199951171875,2100.0,115355
2022-04-29,ABB,2031.3482666015625,2096.550048828125,2128.64990234375,2060.0,2092.0,101104
2022-05-02,ABB,1987.5543212890625,2051.35009765625,2096.5,2041.449951171875,2090.0,48561
2022-05-04,ABB,1951.801513671875,2014.449951171875,2072.89990234375,2000.0,2066.699951171875,70125
2022-05-05,ABB,2152.025146484375,2221.10009765625,2294.0,2088.050048828125,2098.949951171875,2654230
2022-05-06,ABB,2184.095458984375,2254.199951171875,2275.0,2178.0,2187.0,1542537
2022-05-09,ABB,2233.99365234375,2305.699951171875,2359.699951171875,2226.300048828125,2253.89990234375,1109904
2022-05-10,ABB,2161.180908203125,2230.550048828125,2306.0,2077.39990234375,2295.0,495998
2022-05-11,ABB,2199.404541015625,2270.0,2290.0,2185.0,2235.0,425040
2022-05-12,ABB,2163.990966796875,2233.449951171875,2273.050048828125,2220.050048828125,2255.0,185292
2022-05-13,ABB,2219.364013671875,2290.60009765625,2307.550048828125,2245.199951171875,2249.0,234536
2022-05-16,ABB,2181.770263671875,2251.800048828125,2349.0,2224.60009765625,2308.0,154711
2022-05-17,ABB,2222.9970703125,2294.35009765625,2319.25,2260.0,2275.699951171875,139859
2022-05-18,ABB,2208.124267578125,2279.0,2345.0,2256.449951171875,2312.64990234375,270494
2022-05-19,ABB,2204.29736328125,2275.050048828125,2298.0,2228.10009765625,2249.0,147689
2022-05-20,ABB,2217.95849609375,2289.14990234375,2323.0,2275.0,2292.300048828125,142509
2022-05-23,ABB,2225.61279296875,2297.050048828125,2338.0,2268.0,2301.199951171875,131873
2022-05-24,ABB,2212.096923828125,2283.10009765625,2314.35009765625,2237.050048828125,2290.050048828125,113498
2022-05-25,ABB,2145.630126953125,2214.5,2299.0,2199.050048828125,2283.89990234375,144343
2022-05-26,ABB,2123.0546875,2191.199951171875,2210.60009765625,2172.199951171875,2205.949951171875,105221
2022-05-27,ABB,2213.114013671875,2284.14990234375,2306.300048828125,2183.89990234375,2198.0,171237
2022-05-30,ABB,2311.5546875,2385.75,2392.0,2294.0,2306.949951171875,411157
2022-05-31,ABB,2351.763671875,2427.25,2468.0,2345.0,2392.0,474302
2022-06-01,ABB,2379.958740234375,2456.35009765625,2487.85009765625,2400.0,2427.25,351443
2022-06-02,ABB,2343.18896484375,2418.39990234375,2465.0,2392.10009765625,2460.0,164924
2022-06-03,ABB,2243.7314453125,2315.75,2449.949951171875,2307.85009765625,2427.0,195149
2022-06-06,ABB,2289.94775390625,2363.449951171875,2376.949951171875,2291.050048828125,2315.75,193033
2022-06-07,ABB,2278.466552734375,2351.60009765625,2372.949951171875,2311.050048828125,2346.0,54080
2022-06-08,ABB,2233.6064453125,2305.300048828125,2369.25,2270.5,2369.25,113410
2022-06-09,ABB,2279.24169921875,2352.39990234375,2355.89990234375,2289.800048828125,2306.75,101910
2022-06-10,ABB,2260.78369140625,2333.35009765625,2362.89990234375,2297.199951171875,2320.0,175206
2022-06-13,ABB,2264.75634765625,2337.449951171875,2354.300048828125,2252.0,2295.0,157963
2022-06-14,ABB,2249.157470703125,2321.35009765625,2364.0,2303.300048828125,2330.0,151551
2022-06-15,ABB,2233.025146484375,2304.699951171875,2339.75,2295.0,2339.75,283896
2022-06-16,ABB,2174.164306640625,2243.949951171875,2358.0,2185.550048828125,2322.14990234375,359448
2022-06-17,ABB,2105.566162109375,2173.14990234375,2279.050048828125,2132.0,2230.10009765625,188864
2022-06-20,ABB,2119.906005859375,2187.949951171875,2204.10009765625,2120.0,2148.0,184960
2022-06-21,ABB,2158.56494140625,2227.85009765625,2264.39990234375,2178.050048828125,2190.0,160680
2022-06-22,ABB,2147.03515625,2215.949951171875,2245.5,2188.0,2231.050048828125,95802
2022-06-23,ABB,2219.5087890625,2290.75,2310.0,2213.64990234375,2233.0,292754
2022-06-24,ABB,2219.12158203125,2290.35009765625,2310.0,2250.050048828125,2292.949951171875,190440
2022-06-27,ABB,2221.2529296875,2292.550048828125,2360.0,2273.050048828125,2304.0,289818
2022-06-28,ABB,2213.74365234375,2284.800048828125,2302.25,2272.89990234375,2291.949951171875,72430
2022-06-29,ABB,2238.35400390625,2310.199951171875,2325.0,2230.0,2279.949951171875,248063
2022-06-30,ABB,2229.343017578125,2300.89990234375,2328.949951171875,2276.75,2314.0,122566
2022-07-01,ABB,2204.684814453125,2275.449951171875,2311.5,2260.35009765625,2260.35009765625,97053
2022-07-04,ABB,2288.058837890625,2361.5,2372.699951171875,2266.10009765625,2278.39990234375,192539
2022-07-05,ABB,2291.20751953125,2364.75,2405.0,2344.25,2381.0,376434
2022-07-06,ABB,2438.72265625,2517.0,2530.0,2370.0,2374.800048828125,1037060
2022-07-07,ABB,2482.75927734375,2562.449951171875,2589.449951171875,2526.550048828125,2540.0,667857
2022-07-08,ABB,2508.580810546875,2589.10009765625,2612.300048828125,2554.0,2569.949951171875,534204
2022-07-11,ABB,2529.65380859375,2610.85009765625,2630.0,2576.10009765625,2600.0,187883
2022-07-12,ABB,2461.782470703125,2540.800048828125,2609.0,2529.10009765625,2607.0,204632
2022-07-13,ABB,2465.561279296875,2544.699951171875,2572.25,2515.0,2542.0,187311
2022-07-14,ABB,2469.097900390625,2548.35009765625,2571.0,2502.699951171875,2544.0,204252
2022-07-15,ABB,2479.8525390625,2559.449951171875,2575.14990234375,2521.0,2530.10009765625,389496
2022-07-18,ABB,2506.10986328125,2586.550048828125,2597.5,2554.10009765625,2579.0,205877
2022-07-19,ABB,2510.32421875,2590.89990234375,2638.699951171875,2556.0,2570.0,210716
2022-07-20,ABB,2517.736572265625,2598.550048828125,2626.800048828125,2575.14990234375,2586.10009765625,258551
2022-07-21,ABB,2686.518798828125,2772.75,2835.0,2594.0,2600.0,1136196
2022-07-22,ABB,2612.54345703125,2696.39990234375,2800.39990234375,2686.85009765625,2800.39990234375,355041
2022-07-25,ABB,2580.0849609375,2662.89990234375,2713.0,2636.5,2713.0,292148
2022-07-26,ABB,2629.014892578125,2713.39990234375,2762.949951171875,2635.39990234375,2676.550048828125,544688
2022-07-27,ABB,2643.305908203125,2728.14990234375,2750.0,2690.39990234375,2713.39990234375,250057
2022-07-28,ABB,2637.589599609375,2722.25,2748.0,2685.949951171875,2744.949951171875,335265
2022-07-29,ABB,2651.057373046875,2736.14990234375,2811.0,2701.35009765625,2758.550048828125,248397
2022-08-01,ABB,2660.26123046875,2745.64990234375,2808.199951171875,2724.0,2744.0,363460
2022-08-02,ABB,2673.729248046875,2759.550048828125,2824.35009765625,2729.35009765625,2744.89990234375,366158
2022-08-03,ABB,2588.5146484375,2671.60009765625,2768.0,2666.75,2759.89990234375,461656
2022-08-04,ABB,2585.365966796875,2668.35009765625,2716.0,2642.0,2689.0,303228
2022-08-05,ABB,2604.59814453125,2688.199951171875,2742.0,2675.35009765625,2683.60009765625,272399
2022-08-08,ABB,2636.475830078125,2721.10009765625,2797.0,2676.10009765625,2694.949951171875,382934
2022-08-10,ABB,2684.241943359375,2770.39990234375,2850.0,2745.0,2850.0,1043450
2022-08-11,ABB,2711.2744140625,2798.300048828125,2836.949951171875,2780.0,2794.949951171875,326247
2022-08-12,ABB,2710.2568359375,2797.25,2837.699951171875,2786.10009765625,2811.800048828125,386571
2022-08-16,ABB,2807.873779296875,2898.0,2905.0,2807.0,2819.949951171875,833499
2022-08-17,ABB,2801.81787109375,2891.75,2924.10009765625,2870.0,2909.10009765625,481683
2022-08-18,ABB,2800.60693359375,2890.5,2935.0,2874.0,2878.949951171875,459776
2022-08-19,ABB,2798.5244140625,2888.35009765625,2924.75,2813.5,2903.949951171875,335377
2022-08-22,ABB,2780.30859375,2869.550048828125,2917.10009765625,2852.10009765625,2875.0,232574
2022-08-23,ABB,2778.903564453125,2868.10009765625,2910.89990234375,2845.0,2845.0,574029
2022-08-24,ABB,2965.271728515625,3060.449951171875,3089.89990234375,2868.10009765625,2870.0,843342
2022-08-25,ABB,3046.610595703125,3144.39990234375,3174.0,3041.0,3050.0,810380
2022-08-26,ABB,3072.044677734375,3170.64990234375,3209.699951171875,3106.0,3151.0,519283
2022-08-29,ABB,3097.042236328125,3196.449951171875,3221.949951171875,3085.550048828125,3140.0,501630
2022-08-30,ABB,3161.2802734375,3262.75,3273.25,3155.89990234375,3200.949951171875,574816
2022-09-01,ABB,3297.846435546875,3403.699951171875,3429.35009765625,3244.800048828125,3254.89990234375,1034069
2022-09-02,ABB,3264.129150390625,3368.89990234375,3446.300048828125,3360.0,3390.0,560330
2022-09-05,ABB,3186.907470703125,3289.199951171875,3388.0,3253.64990234375,3350.0,587410
2022-09-06,ABB,3257.49169921875,3362.050048828125,3376.0,3306.550048828125,3317.89990234375,407055
2022-09-07,ABB,3207.351318359375,3310.300048828125,3380.0,3265.0,3351.0,382798
2022-09-08,ABB,3215.05419921875,3318.25,3379.0,3312.0,3336.64990234375,363161
2022-09-09,ABB,3211.566162109375,3314.64990234375,3356.949951171875,3305.0,3333.0,215708
2022-09-12,ABB,3226.051025390625,3329.60009765625,3350.0,3310.25,3330.0,179592
2022-09-13,ABB,3254.391845703125,3358.85009765625,3433.64990234375,3341.25,3360.0,435755
2022-09-14,ABB,3186.374755859375,3288.64990234375,3355.949951171875,3271.0,3309.89990234375,299457
2022-09-15,ABB,3194.416748046875,3296.949951171875,3346.949951171875,3267.050048828125,3316.699951171875,288585
2022-09-16,ABB,3081.248779296875,3180.14990234375,3315.800048828125,3100.0,3304.0,482246
2022-09-19,ABB,3059.593994140625,3157.800048828125,3223.300048828125,3106.050048828125,3188.0,342412
2022-09-20,ABB,3052.56982421875,3150.550048828125,3218.800048828125,3131.10009765625,3184.199951171875,252096
2022-09-21,ABB,3032.319580078125,3129.64990234375,3200.0,3125.0,3162.64990234375,199589
2022-09-22,ABB,3046.31982421875,3144.10009765625,3219.949951171875,3100.0,3136.300048828125,334012
2022-09-23,ABB,3027.474853515625,3124.64990234375,3172.39990234375,3110.449951171875,3172.39990234375,162047
2022-09-26,ABB,2908.833251953125,3002.199951171875,3125.449951171875,2966.050048828125,3124.0,295539
2022-09-27,ABB,2938.43310546875,3032.75,3050.0,2968.0,3001.0,398174
2022-09-28,ABB,2916.10009765625,3009.699951171875,3069.5,2991.60009765625,3027.0,344491
2022-09-29,ABB,2903.019775390625,2996.199951171875,3050.0,2973.0,3050.0,291653
2022-09-30,ABB,2992.352294921875,3088.39990234375,3155.0,2992.0,3014.85009765625,310742
2022-10-03,ABB,2901.663330078125,2994.800048828125,3125.10009765625,2983.449951171875,3074.75,388862
2022-10-04,ABB,2984.98876953125,3080.800048828125,3115.0,3040.0,3059.449951171875,313948
2022-10-06,ABB,3089.6787109375,3188.85009765625,3237.300048828125,3080.800048828125,3108.75,507339
2022-10-07,ABB,3193.593017578125,3296.10009765625,3309.89990234375,3177.699951171875,3204.0,601549
2022-10-10,ABB,3130.081298828125,3230.550048828125,3281.949951171875,3209.050048828125,3281.949951171875,204689
2022-10-11,ABB,3097.623291015625,3197.050048828125,3291.0,3185.0,3239.0,294944
2022-10-12,ABB,3146.50439453125,3247.5,3259.85009765625,3173.0,3217.0,223256
2022-10-13,ABB,3164.283935546875,3265.85009765625,3306.699951171875,3238.199951171875,3259.0,393950
2022-10-14,ABB,3094.958984375,3194.300048828125,3335.0,3175.0,3312.0,307787
2022-10-17,ABB,3097.138916015625,3196.550048828125,3231.75,3153.300048828125,3190.050048828125,303859
2022-10-18,ABB,3111.72119140625,3211.60009765625,3273.89990234375,3185.60009765625,3230.0,210090
2022-10-19,ABB,3137.590576171875,3238.300048828125,3248.699951171875,3203.14990234375,3227.0,263584
2022-10-20,ABB,3035.371337890625,3132.800048828125,3235.0,3070.5,3235.0,438628
2022-10-21,ABB,2946.6689453125,3041.25,3175.35009765625,3020.0,3145.550048828125,364038
2022-10-24,ABB,2957.859375,3052.800048828125,3076.89990234375,3046.800048828125,3060.0,16594
2022-10-25,ABB,2960.2333984375,3055.25,3086.25,3020.60009765625,3074.949951171875,263091
2022-10-27,ABB,2944.8759765625,3039.39990234375,3078.0,3006.14990234375,3074.0,250705
2022-10-28,ABB,2869.98046875,2962.10009765625,3035.0,2945.0,3035.0,336034
2022-10-31,ABB,2954.904296875,3049.75,3061.85009765625,2961.60009765625,2962.0,319759
2022-11-01,ABB,3054.11962890625,3152.14990234375,3194.199951171875,3060.0,3072.449951171875,504156
2022-11-02,ABB,3072.23828125,3170.85009765625,3185.0,3136.949951171875,3161.0,199216
2022-11-03,ABB,3124.946533203125,3225.25,3288.199951171875,3135.10009765625,3159.14990234375,362379
2022-11-04,ABB,3119.7626953125,3219.89990234375,3267.5,3201.0,3235.0,226208
2022-11-07,ABB,3160.892578125,3262.35009765625,3283.0,3208.0,3240.0,289197
2022-11-09,ABB,3007.370361328125,3103.89990234375,3292.0,3090.0,3292.0,251189
2022-11-10,ABB,3068.41064453125,3166.89990234375,3240.0,3054.5,3103.89990234375,507653
2022-11-11,ABB,3057.704833984375,3155.85009765625,3222.0,3105.10009765625,3200.0,692497
2022-11-14,ABB,2931.1181640625,3025.199951171875,3213.550048828125,3011.10009765625,3156.0,560133
2022-11-15,ABB,2933.685302734375,3027.85009765625,3080.0,3014.39990234375,3027.0,383627
2022-11-16,ABB,2941.242919921875,3035.64990234375,3090.0,3012.0,3043.949951171875,468068
2022-11-17,ABB,3025.10107421875,3122.199951171875,3135.0,3013.89990234375,3030.0,632485
2022-11-18,ABB,2996.469970703125,3092.64990234375,3158.25,3062.75,3125.0,485570
2022-11-21,ABB,2987.07177734375,3082.949951171875,3120.0,3055.0,3098.0,374330
2022-11-22,ABB,2964.302490234375,3059.449951171875,3115.5,3043.050048828125,3089.0,318799
2022-11-23,ABB,3002.913330078125,3099.300048828125,3108.85009765625,3056.39990234375,3071.0,331230
2022-11-24,ABB,3027.765625,3124.949951171875,3170.0,3101.050048828125,3114.0,549566
2022-11-25,ABB,2994.7265625,3090.85009765625,3159.0,3080.0,3140.10009765625,340177
2022-11-28,ABB,3006.83740234375,3103.35009765625,3131.89990234375,3087.14990234375,3100.0,321071
2022-11-29,ABB,2921.4287109375,3015.199951171875,3113.5,3010.0,3105.0,383945
2022-11-30,ABB,2907.37939453125,3000.699951171875,3074.0,2979.0,3021.89990234375,6409415
2022-12-01,ABB,2900.74267578125,2993.85009765625,3030.0,2964.449951171875,3009.949951171875,499243
2022-12-02,ABB,2885.48291015625,2978.10009765625,3009.0,2922.199951171875,2995.35009765625,440688
2022-12-05,ABB,2883.060791015625,2975.60009765625,3001.949951171875,2947.0,2975.0,216805
2022-12-06,ABB,2852.5400390625,2944.10009765625,2994.89990234375,2936.699951171875,2974.949951171875,238124
2022-12-07,ABB,2876.71435546875,2969.050048828125,2995.0,2921.0,2925.0,428075
2022-12-08,ABB,2895.414306640625,2988.35009765625,2994.449951171875,2960.300048828125,2989.89990234375,224644
2022-12-09,ABB,2884.07763671875,2976.64990234375,3035.800048828125,2940.0,3010.0,329565
2022-12-12,ABB,2898.369384765625,2991.39990234375,2999.550048828125,2945.0,2978.949951171875,197711
2022-12-13,ABB,2900.064453125,2993.14990234375,3015.60009765625,2979.0,2982.050048828125,120072
2022-12-14,ABB,2913.193115234375,3006.699951171875,3029.0,2998.39990234375,3005.0,307596
2022-12-15,ABB,2839.072509765625,2930.199951171875,3013.949951171875,2916.0,3004.949951171875,258936
2022-12-16,ABB,2750.22412109375,2838.5,2927.949951171875,2825.0,2920.0,425206
2022-12-19,ABB,2807.147216796875,2897.25,2903.5,2831.300048828125,2836.0,397439
2022-12-20,ABB,2833.888671875,2924.85009765625,2936.0,2880.300048828125,2893.10009765625,380570
2022-12-21,ABB,2752.646484375,2841.0,2951.199951171875,2831.199951171875,2930.0,195307
2022-12-22,ABB,2715.634521484375,2802.800048828125,2852.39990234375,2778.199951171875,2852.39990234375,234442
2022-12-23,ABB,2597.380126953125,2680.75,2783.949951171875,2666.25,2780.0,209507
2022-12-26,ABB,2639.91455078125,2724.64990234375,2744.64990234375,2640.0,2685.0,171579
2022-12-27,ABB,2657.355224609375,2742.64990234375,2757.550048828125,2708.60009765625,2750.14990234375,117811
2022-12-28,ABB,2639.624267578125,2724.35009765625,2762.75,2708.0,2735.050048828125,127712
2022-12-29,ABB,2600.72216796875,2684.199951171875,2737.0,2678.949951171875,2725.0,225208
2022-12-30,ABB,2599.559814453125,2683.0,2727.949951171875,2676.800048828125,2694.5,155615
2023-01-02,ABB,2596.604736328125,2679.949951171875,2713.0,2662.5,2685.0,135840
2023-01-03,ABB,2605.7607421875,2689.39990234375,2694.10009765625,2676.0,2693.35009765625,155374
2023-01-04,ABB,2621.0693359375,2705.199951171875,2736.0,2690.0,2690.0,313367
2023-01-05,ABB,2718.734619140625,2806.0,2814.10009765625,2720.14990234375,2725.550048828125,361324
2023-01-06,ABB,2755.16552734375,2843.60009765625,2858.0,2810.300048828125,2821.0,630345
2023-01-09,ABB,2773.08984375,2862.10009765625,2882.35009765625,2830.64990234375,2861.050048828125,179843
2023-01-10,ABB,2753.2763671875,2841.64990234375,2865.0,2801.550048828125,2860.0,140490
2023-01-11,ABB,2810.00537109375,2900.199951171875,2909.0,2825.0,2848.0,457133
2023-01-12,ABB,2823.521728515625,2914.14990234375,2935.0,2881.89990234375,2908.0,212709
2023-01-13,ABB,2809.76318359375,2899.949951171875,2923.10009765625,2883.949951171875,2921.60009765625,103382
2023-01-16,ABB,2783.06982421875,2872.39990234375,2916.75,2861.199951171875,2900.949951171875,97665
2023-01-17,ABB,2785.54052734375,2874.949951171875,2896.85009765625,2835.0,2878.699951171875,88725
2023-01-18,ABB,2829.52880859375,2920.35009765625,2925.0,2877.0,2888.0,152461
2023-01-19,ABB,2827.88134765625,2918.64990234375,2979.0,2910.5,2920.699951171875,258856
2023-01-20,ABB,2842.511962890625,2933.75,2945.85009765625,2911.10009765625,2934.89990234375,131815
2023-01-23,ABB,2856.0283203125,2947.699951171875,2952.050048828125,2917.64990234375,2940.0,260669
2023-01-24,ABB,2853.46044921875,2945.050048828125,2957.449951171875,2920.0,2957.449951171875,147969
2023-01-25,ABB,2783.99072265625,2873.35009765625,2947.0,2862.39990234375,2943.0,191195
2023-01-27,ABB,2716.021728515625,2803.199951171875,2897.85009765625,2760.0,2887.949951171875,149121
2023-01-30,ABB,2727.309814453125,2814.85009765625,2868.0,2786.14990234375,2813.0,176771
2023-01-31,ABB,2751.193115234375,2839.5,2865.0,2802.5,2815.0,236077
2023-02-01,ABB,2702.3603515625,2789.10009765625,2962.550048828125,2753.85009765625,2860.0,623110
2023-02-02,ABB,2743.5390625,2831.60009765625,2852.949951171875,2752.050048828125,2775.449951171875,236358
2023-02-03,ABB,2718.58935546875,2805.85009765625,2849.0,2776.0,2845.0,194330
2023-02-06,ABB,2840.81640625,2932.0,2940.0,2782.10009765625,2804.0,197958
2023-02-07,ABB,2929.470703125,3023.5,3035.0,2901.0,2949.949951171875,370039
2023-02-08,ABB,2983.6806640625,3079.449951171875,3090.0,3009.050048828125,3031.949951171875,408409
2023-02-09,ABB,3030.769287109375,3128.050048828125,3140.0,3068.800048828125,3083.0,262690
2023-02-10,ABB,3067.829345703125,3166.300048828125,3171.0,3097.050048828125,3134.949951171875,300374
2023-02-13,ABB,2983.874267578125,3079.64990234375,3210.0,3005.550048828125,3195.0,1255147
2023-02-14,ABB,2981.597412109375,3077.300048828125,3171.0,3022.64990234375,3094.0,613928
2023-02-15,ABB,3051.649169921875,3149.60009765625,3190.0,3074.449951171875,3079.89990234375,619722
2023-02-16,ABB,3089.2421875,3188.39990234375,3205.0,3135.0,3165.35009765625,252897
2023-02-17,ABB,3038.617431640625,3136.14990234375,3238.0,3121.199951171875,3192.0,353966
2023-02-20,ABB,3075.435302734375,3174.14990234375,3224.89990234375,3139.0,3154.050048828125,305386
2023-02-21,ABB,3070.8330078125,3169.39990234375,3207.25,3145.0,3195.64990234375,314522
2023-02-22,ABB,3074.12744140625,3172.800048828125,3188.89990234375,3129.300048828125,3169.949951171875,218407
2023-02-23,ABB,3040.748779296875,3138.35009765625,3180.0,3122.10009765625,3178.0,155736
2023-02-24,ABB,3044.28564453125,3142.0,3174.0,3132.10009765625,3154.0,141718
2023-02-27,ABB,3011.391357421875,3108.050048828125,3179.0,3053.10009765625,3149.699951171875,220001
2023-02-28,ABB,3117.292236328125,3217.35009765625,3247.0,3104.800048828125,3123.60009765625,923123
2023-03-01,ABB,3208.465576171875,3311.449951171875,3319.699951171875,3206.699951171875,3232.0,556560
2023-03-02,ABB,3220.0439453125,3323.39990234375,3339.85009765625,3286.0,3318.0,351509
2023-03-03,ABB,3225.227783203125,3328.75,3364.0,3311.050048828125,3335.949951171875,446442
2023-03-06,ABB,3215.248046875,3318.449951171875,3364.75,3301.35009765625,3339.89990234375,294806
2023-03-08,ABB,3274.73828125,3379.85009765625,3398.89990234375,3300.0,3318.449951171875,448991
2023-03-09,ABB,3282.635009765625,3388.0,3434.0,3380.0,3393.699951171875,333450
2023-03-10,ABB,3272.364501953125,3377.39990234375,3386.64990234375,3327.0,3379.85009765625,194714
2023-03-13,ABB,3172.616455078125,3274.449951171875,3401.050048828125,3265.050048828125,3393.0,276376
2023-03-14,ABB,3208.1748046875,3311.14990234375,3322.89990234375,3233.64990234375,3287.0,330853
2023-03-15,ABB,3199.552001953125,3302.25,3347.949951171875,3286.0,3344.0,228737
2023-03-16,ABB,3224.45263671875,3327.949951171875,3344.64990234375,3252.0,3282.050048828125,257895
2023-03-17,ABB,3209.531494140625,3312.550048828125,3364.0,3286.60009765625,3347.050048828125,256724
2023-03-20,ABB,3196.25732421875,3298.85009765625,3329.0,3266.449951171875,3300.0,175472
2023-03-21,ABB,3306.2275390625,3412.35009765625,3432.949951171875,3299.0,3299.0,278420
2023-03-22,ABB,3206.963623046875,3309.89990234375,3427.199951171875,3301.050048828125,3413.050048828125,288396
2023-03-23,ABB,3255.941650390625,3360.449951171875,3384.0,3301.35009765625,3310.0,369001
2023-03-24,ABB,3242.619384765625,3346.699951171875,3392.0,3330.0,3377.35009765625,180779
2023-03-27,ABB,3221.20703125,3324.60009765625,3368.89990234375,3313.800048828125,3354.0,171779
2023-03-28,ABB,3234.819580078125,3338.64990234375,3385.0,3303.0,3357.0,184543
2023-03-29,ABB,3285.9775390625,3391.449951171875,3415.64990234375,3333.0,3339.89990234375,1031003
2023-03-31,ABB,3260.495361328125,3365.14990234375,3420.0,3350.10009765625,3391.0,329944
2023-04-03,ABB,3268.828125,3373.75,3418.0,3338.0,3388.0,323147
2023-04-05,ABB,3269.2158203125,3374.14990234375,3390.0,3347.050048828125,3388.949951171875,221406
2023-04-06,ABB,3291.4521484375,3397.10009765625,3467.949951171875,3366.0,3380.050048828125,733361
2023-04-10,ABB,3291.984619140625,3397.64990234375,3419.89990234375,3369.699951171875,3419.89990234375,193423
2023-04-11,ABB,3175.52294921875,3277.449951171875,3383.0,3267.10009765625,3383.0,493329
2023-04-12,ABB,3103.921142578125,3203.550048828125,3301.300048828125,3196.550048828125,3293.89990234375,498526
2023-04-13,ABB,3129.548828125,3230.0,3256.64990234375,3173.0,3216.800048828125,402975
2023-04-17,ABB,3128.57958984375,3229.0,3270.0,3213.0,3250.0,286059
2023-04-18,ABB,3107.942138671875,3207.699951171875,3259.85009765625,3202.89990234375,3240.0,277893
2023-04-19,ABB,3101.499267578125,3201.050048828125,3243.0,3186.050048828125,3213.0,266982
2023-04-20,ABB,3085.269775390625,3184.300048828125,3231.75,3178.0,3212.0,276392
2023-04-21,ABB,3055.23388671875,3153.300048828125,3212.550048828125,3141.14990234375,3198.0,267054
2023-04-24,ABB,3117.3408203125,3217.39990234375,3232.0,3160.64990234375,3164.699951171875,314556
2023-04-25,ABB,3232.34912109375,3336.10009765625,3355.0,3210.050048828125,3228.0,690245
2023-04-26,ABB,3294.406982421875,3400.14990234375,3407.0,3330.0,3345.0,361730
2023-04-27,ABB,3310.856689453125,3411.60009765625,3421.89990234375,3376.050048828125,3405.0,327674
2023-04-28,ABB,3317.01904296875,3417.949951171875,3439.25,3386.0,3409.0,251132
2023-05-02,ABB,3340.50439453125,3442.14990234375,3464.25,3390.39990234375,3420.0,331768
2023-05-03,ABB,3351.616455078125,3453.60009765625,3480.0,3407.14990234375,3443.0,359375
2023-05-04,ABB,3537.7041015625,3645.35009765625,3662.75,3455.0,3484.0,1282221
2023-05-05,ABB,3609.033203125,3718.85009765625,3753.64990234375,3649.949951171875,3653.0,978769
2023-05-08,ABB,3690.310302734375,3802.60009765625,3818.39990234375,3720.0,3728.449951171875,321297
2023-05-09,ABB,3694.62890625,3807.050048828125,3816.85009765625,3765.050048828125,3814.949951171875,395444
2023-05-10,ABB,3702.78076171875,3815.449951171875,3839.5,3791.0,3809.39990234375,253030
2023-05-11,ABB,3746.4521484375,3860.449951171875,3870.14990234375,3805.10009765625,3815.0,221052
2023-05-12,ABB,3826.1279296875,3942.550048828125,3956.0,3850.0,3851.14990234375,404269
2023-05-15,ABB,3741.599609375,3855.449951171875,3939.0,3845.0,3935.0,227276
2023-05-16,ABB,3795.024169921875,3910.5,3933.75,3845.60009765625,3851.0,268910
2023-05-17,ABB,3803.176025390625,3918.89990234375,3946.050048828125,3877.0,3904.5,187846
2023-05-18,ABB,3782.408203125,3897.5,3935.0,3890.550048828125,3920.5,141795
2023-05-19,ABB,3779.7392578125,3894.75,3925.0,3845.60009765625,3890.10009765625,154467
2023-05-22,ABB,3778.234619140625,3893.199951171875,3927.85009765625,3809.5,3870.0,275112
2023-05-23,ABB,3797.207763671875,3912.75,3967.949951171875,3872.300048828125,3894.949951171875,279818
2023-05-24,ABB,3776.73046875,3891.64990234375,3954.64990234375,3883.050048828125,3912.0,205631
2023-05-25,ABB,3825.54541015625,3941.949951171875,3957.0,3881.949951171875,3885.0,339853
2023-05-26,ABB,3886.490966796875,4004.75,4012.300048828125,3950.0,3955.0,327697
2023-05-29,ABB,3912.111083984375,4031.14990234375,4058.10009765625,4012.300048828125,4025.949951171875,277673
2023-05-30,ABB,3910.607177734375,4029.60009765625,4059.949951171875,4008.14990234375,4028.0,179306
2023-05-31,ABB,4004.063232421875,4125.89990234375,4299.0,3989.550048828125,4012.75,1169176
2023-06-01,ABB,3828.165771484375,3944.64990234375,4140.0,3936.800048828125,4131.5498046875,421490
2023-06-02,ABB,3902.794921875,4021.550048828125,4028.199951171875,3938.5,3977.0,397566
2023-06-05,ABB,3913.90673828125,4033.0,4069.0,3978.0,4035.0,316713
2023-06-06,ABB,3937.82861328125,4057.64990234375,4091.949951171875,4032.949951171875,4045.0,240261
2023-06-07,ABB,4028.519287109375,4151.10009765625,4162.0,4058.89990234375,4068.60009765625,241488
2023-06-08,ABB,3990.864990234375,4112.2998046875,4171.9501953125,4085.0,4170.0,171143
2023-06-09,ABB,4028.61669921875,4151.2001953125,4164.10009765625,4107.0,4137.89990234375,140674
2023-06-12,ABB,4028.859130859375,4151.4501953125,4173.7001953125,4097.14990234375,4157.4501953125,197995
2023-06-13,ABB,4192.23828125,4319.7998046875,4329.85009765625,4140.7998046875,4155.64990234375,484212
2023-06-14,ABB,4221.400390625,4349.85009765625,4369.35009765625,4288.5498046875,4327.0,282696
2023-06-15,ABB,4186.26953125,4313.64990234375,4348.25,4280.0,4340.0,144416
2023-06-16,ABB,4208.83251953125,4336.89990234375,4350.0,4288.0,4300.0,153331
2023-06-19,ABB,4199.85546875,4327.64990234375,4411.2998046875,4311.75,4369.0,177825
2023-06-20,ABB,4246.77783203125,4376.0,4384.0,4311.7998046875,4311.7998046875,231190
2023-06-21,ABB,4237.5107421875,4366.4501953125,4443.89990234375,4323.5498046875,4393.9501953125,304147
2023-06-22,ABB,4144.3935546875,4270.5,4373.0,4261.0,4351.10009765625,188292
2023-06-23,ABB,4114.5029296875,4239.7001953125,4303.7998046875,4216.5498046875,4279.89990234375,204714
2023-06-26,ABB,4158.80419921875,4285.35009765625,4300.0,4216.2998046875,4237.0,138748
2023-06-27,ABB,4167.68408203125,4294.5,4347.0,4270.0,4315.25,217841
2023-06-28,ABB,4280.84130859375,4411.10009765625,4444.0,4301.0,4324.75,339541
2023-06-30,ABB,4292.390625,4423.0,4444.0,4375.2998046875,4421.0,209317
2023-07-03,ABB,4280.98681640625,4411.25,4488.7001953125,4389.0498046875,4450.0,247575
2023-07-04,ABB,4231.93017578125,4360.7001953125,4442.10009765625,4350.0,4411.25,103281
2023-07-05,ABB,4260.947265625,4390.60009765625,4428.9501953125,4360.7001953125,4370.0,89263
2023-07-06,ABB,4270.21484375,4400.14990234375,4445.25,4384.0,4420.0,159465
2023-07-07,ABB,4269.82666015625,4399.75,4430.0,4353.0,4400.0,121844
2023-07-10,ABB,4240.615234375,4369.64990234375,4426.60009765625,4350.0,4414.85009765625,117305
2023-07-11,ABB,4366.388671875,4499.25,4522.75,4380.2001953125,4381.9501953125,300170
2023-07-12,ABB,4394.72705078125,4528.4501953125,4555.0,4477.5,4517.0,204362
2023-07-13,ABB,4277.15380859375,4407.2998046875,4558.0,4395.0,4544.75,226427
2023-07-14,ABB,4254.34765625,4383.7998046875,4463.2998046875,4355.35009765625,4426.0,273514
2023-07-17,ABB,4288.4599609375,4418.9501953125,4456.7001953125,4377.14990234375,4393.89990234375,194300
2023-07-18,ABB,4358.2373046875,4490.85009765625,4545.0,4421.0,4421.0,350377
2023-07-19,ABB,4360.80908203125,4493.5,4614.35009765625,4485.0,4495.5,422756
2023-07-20,ABB,4079.857421875,4204.0,4505.10009765625,4141.10009765625,4500.0,1566115
2023-07-21,ABB,4101.013671875,4225.7998046875,4317.64990234375,4199.2001953125,4204.0,413021
2023-07-24,ABB,4194.4208984375,4322.0498046875,4350.0,4250.0,4250.0,291808
2023-07-25,ABB,4205.14453125,4333.10009765625,4369.4501953125,4271.14990234375,4335.0,230780
2023-07-26,ABB,4268.61376953125,4398.5,4420.4501953125,4331.4501953125,4335.35009765625,214947
2023-07-27,ABB,4270.166015625,4400.10009765625,4491.5498046875,4368.0,4402.0,334733
2023-07-28,ABB,4382.83837890625,4516.2001953125,4541.9501953125,4410.25,4424.9501953125,415070
2023-07-31,ABB,4418.35693359375,4552.7998046875,4608.0,4505.5498046875,4505.5498046875,254120
2023-08-01,ABB,4386.18603515625,4519.64990234375,4589.2998046875,4498.0,4578.75,119691
2023-08-02,ABB,4277.83349609375,4408.0,4557.0,4380.0,4508.0,217964
2023-08-03,ABB,4243.81884765625,4372.9501953125,4438.0,4325.0,4408.0,195937
2023-08-04,ABB,4306.99560546875,4438.0498046875,4449.0,4311.0,4311.0,199490
2023-08-07,ABB,4392.30029296875,4525.9501953125,4541.14990234375,4417.60009765625,4460.25,235866
2023-08-08,ABB,4344.4560546875,4476.64990234375,4547.9501953125,4445.0,4547.9501953125,151125
2023-08-09,ABB,4387.4482421875,4520.9501953125,4557.0,4415.5498046875,4487.89990234375,392322
2023-08-10,ABB,4372.06640625,4505.10009765625,4550.0,4479.10009765625,4519.85009765625,169628
2023-08-11,ABB,4392.97998046875,4526.64990234375,4559.0,4487.0,4516.5498046875,212151
2023-08-14,ABB,4226.107421875,4354.7001953125,4500.0,4254.2001953125,4500.0,753925
2023-08-16,ABB,4172.87744140625,4299.85009765625,4400.0,4255.10009765625,4354.7001953125,295770
2023-08-17,ABB,4186.31884765625,4313.7001953125,4341.89990234375,4275.5498046875,4309.85009765625,183884
2023-08-18,ABB,4153.126953125,4279.5,4343.4501953125,4270.0,4314.7998046875,230500
2023-08-21,ABB,4189.71484375,4317.2001953125,4331.2001953125,4251.0,4298.7998046875,294745
2023-08-22,ABB,4196.6044921875,4324.2998046875,4339.75,4286.0,4339.75,216566
2023-08-23,ABB,4175.54541015625,4302.60009765625,4347.10009765625,4293.7998046875,4344.0,144208
2023-08-24,ABB,4208.88134765625,4336.9501953125,4390.0,4316.25,4334.0,233683
2023-08-25,ABB,4124.3916015625,4244.5,4345.0,4220.2001953125,4339.9501953125,220479
2023-08-28,ABB,4143.43701171875,4264.10009765625,4310.0,4245.0,4259.89990234375,197684
2023-08-29,ABB,4196.63818359375,4318.85009765625,4329.9501953125,4244.10009765625,4274.89990234375,187724
2023-08-30,ABB,4222.97119140625,4345.9501953125,4365.0,4323.5,4335.0,187244
2023-08-31,ABB,4257.5634765625,4381.5498046875,4390.0,4346.0,4360.0,432110
2023-09-01,ABB,4170.013671875,4291.4501953125,4399.0,4271.0,4381.35009765625,164901
2023-09-04,ABB,4187.35791015625,4309.2998046875,4328.0,4245.25,4300.0,298303
2023-09-05,ABB,4315.13671875,4440.7998046875,4450.0,4315.10009765625,4339.4501953125,306152
2023-09-06,ABB,4372.953125,4500.2998046875,4540.0,4443.0498046875,4469.89990234375,504897
2023-09-07,ABB,4322.71630859375,4448.60009765625,4507.0,4442.5498046875,4506.9501953125,193416
2023-09-08,ABB,4332.384765625,4458.5498046875,4515.0,4435.0,4464.89990234375,231272
2023-09-11,ABB,4488.14892578125,4618.85009765625,4678.0,4460.0498046875,4484.9501953125,684497
2023-09-12,ABB,4277.33740234375,4401.89990234375,4641.89990234375,4384.0,4641.89990234375,433279
2023-09-13,ABB,4218.25732421875,4341.10009765625,4423.2001953125,4260.0,4419.0,362583
2023-09-14,ABB,4242.6474609375,4366.2001953125,4387.5,4316.2998046875,4360.0498046875,138301
2023-09-15,ABB,4255.47412109375,4379.39990234375,4396.89990234375,4340.60009765625,4390.0,223156
2023-09-18,ABB,4198.04638671875,4320.2998046875,4385.7998046875,4305.7001953125,4377.0,105351
2023-09-20,ABB,4206.5498046875,4329.0498046875,4427.89990234375,4285.10009765625,4302.0,275335
2023-09-21,ABB,4155.1953125,4276.2001953125,4356.2001953125,4260.0,4345.0,146287
2023-09-22,ABB,4068.51904296875,4187.0,4317.0,4165.0,4317.0,250138
2023-09-25,ABB,4058.70458984375,4176.89990234375,4219.64990234375,4123.0,4219.2998046875,274277
2023-09-26,ABB,4086.20361328125,4205.2001953125,4223.0,4151.2998046875,4160.10009765625,179832
2023-09-27,ABB,4113.55712890625,4233.35009765625,4240.25,4168.7998046875,4225.0,217834
2023-09-28,ABB,3985.632568359375,4101.7001953125,4250.0,4087.699951171875,4250.0,259081
2023-09-29,ABB,3982.280029296875,4098.25,4147.9501953125,4089.60009765625,4120.0,270878
2023-10-03,ABB,3976.158447265625,4091.949951171875,4149.9501953125,4058.14990234375,4103.9501953125,303772
2023-10-04,ABB,3884.381103515625,3997.5,4089.85009765625,3978.35009765625,4055.199951171875,438394
2023-10-05,ABB,3952.691650390625,4067.800048828125,4107.14990234375,3997.5,4032.0,310894
2023-10-06,ABB,4016.14404296875,4133.10009765625,4145.0,4068.0,4080.050048828125,207353
2023-10-09,ABB,3983.689208984375,4099.7001953125,4122.10009765625,4060.0,4122.10009765625,122211
2023-10-10,ABB,4074.057373046875,4192.7001953125,4205.85009765625,4088.050048828125,4119.89990234375,244817
2023-10-11,ABB,4066.9638671875,4185.39990234375,4226.2998046875,4170.0,4213.2998046875,158952
2023-10-12,ABB,4096.74560546875,4216.0498046875,4236.9501953125,4190.10009765625,4202.0498046875,246829
2023-10-13,ABB,4109.5244140625,4229.2001953125,4235.0,4190.0,4200.0,149733
2023-10-16,ABB,4160.29638671875,4281.4501953125,4299.39990234375,4225.89990234375,4239.9501953125,264960
2023-10-17,ABB,4162.38525390625,4283.60009765625,4307.85009765625,4254.25,4287.9501953125,130579
2023-10-18,ABB,3982.328369140625,4098.2998046875,4339.39990234375,4083.050048828125,4298.0,621225
2023-10-19,ABB,3978.2958984375,4094.14990234375,4121.60009765625,4032.25,4098.2998046875,388946
2023-10-20,ABB,3901.677490234375,4015.300048828125,4094.0,4001.0,4089.949951171875,204827
2023-10-23,ABB,3831.131591796875,3942.699951171875,4041.199951171875,3930.0,4021.699951171875,162161
2023-10-25,ABB,3819.27685546875,3930.5,4020.25,3895.300048828125,3949.0,261645
2023-10-26,ABB,3846.24169921875,3958.25,3995.35009765625,3850.0,3930.0,302100
2023-10-27,ABB,3895.06982421875,4008.5,4085.5,3969.050048828125,3989.949951171875,262816
2023-10-30,ABB,3955.02392578125,4070.199951171875,4101.0,3990.550048828125,4036.60009765625,114014
2023-10-31,ABB,3993.01708984375,4109.2998046875,4125.0,4028.85009765625,4099.0,205697
2023-11-01,ABB,3940.253662109375,4055.0,4147.0,4044.89990234375,4120.0,187184
2023-11-02,ABB,3961.582763671875,4076.949951171875,4112.7001953125,4067.550048828125,4089.699951171875,170196
2023-11-03,ABB,4049.570068359375,4167.5,4180.0,4078.050048828125,4105.5,183990
2023-11-06,ABB,4084.74658203125,4203.7001953125,4223.5498046875,4141.2998046875,4195.0,231433
2023-11-07,ABB,4089.701171875,4208.7998046875,4233.14990234375,4173.0,4214.0,122172
2023-11-08,ABB,4154.56201171875,4275.5498046875,4288.0,4218.0498046875,4239.0,216669
2023-11-09,ABB,4188.5244140625,4310.5,4372.9501953125,4216.0,4284.89990234375,522498
2023-11-10,ABB,4119.3388671875,4239.2998046875,4382.9501953125,4223.0,4328.0,640836
2023-11-13,ABB,4142.12451171875,4262.75,4307.85009765625,4202.5498046875,4235.89990234375,157036
2023-11-15,ABB,4138.28662109375,4258.7998046875,4304.9501953125,4252.0,4292.7001953125,95758
2023-11-16,ABB,4112.97412109375,4232.75,4286.89990234375,4210.0498046875,4285.0,130755
2023-11-17,ABB,4163.79345703125,4285.0498046875,4298.0,4215.75,4242.0,121481
2023-11-20,ABB,4223.99169921875,4347.0,4365.35009765625,4295.0,4316.0,243547
2023-11-21,ABB,4222.33837890625,4345.2998046875,4429.89990234375,4335.0498046875,4393.9501953125,345900
2023-11-22,ABB,4114.5771484375,4234.39990234375,4375.64990234375,4220.2998046875,4360.10009765625,176385
2023-11-23,ABB,4139.9873046875,4260.5498046875,4279.9501953125,4220.0,4250.0,82762
2023-11-24,ABB,4141.7373046875,4262.35009765625,4276.4501953125,4224.0,4265.0,116246
2023-11-28,ABB,4134.83740234375,4255.25,4289.0,4195.5498046875,4289.0,184551
2023-11-29,ABB,4123.9541015625,4244.0498046875,4274.2001953125,4231.64990234375,4263.25,78223
2023-11-30,ABB,4294.681640625,4419.75,4465.0,4234.10009765625,4256.0,558962
2023-12-01,ABB,4263.10205078125,4387.25,4449.0,4375.7998046875,4449.0,150704
2023-12-04,ABB,4499.7109375,4630.75,4683.0,4419.10009765625,4419.75,798523
2023-12-05,ABB,4709.4541015625,4846.60009765625,4865.0498046875,4591.64990234375,4662.7001953125,860640
2023-12-06,ABB,4604.31494140625,4738.39990234375,4885.4501953125,4721.75,4855.0,248801
2023-12-07,ABB,4610.53466796875,4744.7998046875,4790.25,4699.5498046875,4750.0498046875,177991
2023-12-08,ABB,4612.4775390625,4746.7998046875,4843.35009765625,4684.4501953125,4789.89990234375,231897
2023-12-11,ABB,4651.3935546875,4786.85009765625,4833.5,4760.0498046875,4778.0,148181
2023-12-12,ABB,4587.69921875,4721.2998046875,4819.75,4690.0498046875,4798.10009765625,201663
2023-12-13,ABB,4632.4462890625,4767.35009765625,4777.2998046875,4675.0498046875,4730.9501953125,166968
2023-12-14,ABB,4656.78759765625,4792.39990234375,4834.9501953125,4734.7001953125,4801.39990234375,150017
2023-12-15,ABB,4698.279296875,4835.10009765625,4929.5498046875,4763.60009765625,4806.0498046875,371899
2023-12-18,ABB,4750.0712890625,4888.39990234375,4957.0,4781.85009765625,4834.0,356079
2023-12-19,ABB,4702.0205078125,4838.9501953125,4925.60009765625,4800.0498046875,4922.0,223298
2023-12-20,ABB,4483.7763671875,4614.35009765625,4895.0,4562.14990234375,4854.0,347680
2023-12-21,ABB,4551.94091796875,4684.5,4705.4501953125,4529.10009765625,4599.2001953125,191984
2023-12-22,ABB,4624.3330078125,4759.0,4765.0,4686.10009765625,4723.0,155535
2023-12-26,ABB,4636.33349609375,4771.35009765625,4824.0,4747.25,4771.35009765625,121004
2023-12-27,ABB,4599.65087890625,4733.60009765625,4822.89990234375,4724.0,4799.9501953125,165313
2023-12-28,ABB,4511.56689453125,4642.9501953125,4765.39990234375,4622.0,4746.7001953125,478064
2023-12-29,ABB,4542.56396484375,4674.85009765625,4688.0,4618.60009765625,4669.0,147991
2024-01-01,ABB,4549.70556640625,4682.2001953125,4715.0,4653.7998046875,4674.85009765625,84544
2024-01-02,ABB,4568.556640625,4701.60009765625,4713.0,4600.0,4699.9501953125,178550
2024-01-03,ABB,4640.4140625,4775.5498046875,4829.89990234375,4699.10009765625,4714.0,291954
2024-01-04,ABB,4688.2216796875,4824.75,4866.0,4770.0498046875,4818.89990234375,266936
2024-01-05,ABB,4695.60693359375,4832.35009765625,4900.0,4802.0,4855.9501953125,118877
2024-01-08,ABB,4618.45361328125,4752.9501953125,4856.0,4740.0,4856.0,60882
2024-01-09,ABB,4781.1650390625,4920.39990234375,4973.64990234375,4780.0,4784.0,571239
2024-01-10,ABB,4796.0322265625,4935.7001953125,4957.60009765625,4873.4501953125,4929.9501953125,241276
2024-01-11,ABB,4733.9892578125,4871.85009765625,4990.0498046875,4860.0,4947.9501953125,87455
2024-01-12,ABB,4648.57666015625,4783.9501953125,4909.89990234375,4771.64990234375,4909.89990234375,145377
2024-01-15,ABB,4618.40478515625,4752.89990234375,4809.0,4725.0,4809.0,104057
2024-01-16,ABB,4673.20947265625,4809.2998046875,4842.2998046875,4750.0498046875,4770.0,192280
2024-01-17,ABB,4637.984375,4773.0498046875,4863.7001953125,4731.39990234375,4798.0,163852
2024-01-18,ABB,4577.0595703125,4710.35009765625,4797.39990234375,4665.0,4765.0,151382
2024-01-19,ABB,4684.04345703125,4820.4501953125,4844.10009765625,4738.4501953125,4738.4501953125,132723
2024-01-23,ABB,4635.55517578125,4770.5498046875,4897.0,4735.89990234375,4750.9501953125,348426
2024-01-24,ABB,4597.36767578125,4731.25,4814.89990234375,4613.7998046875,4764.9501953125,293735
2024-01-25,ABB,4605.1904296875,4739.2998046875,4794.9501953125,4665.0,4768.0,114581
2024-01-29,ABB,4655.96142578125,4791.5498046875,4807.14990234375,4715.39990234375,4751.0,87854
2024-01-30,ABB,4595.91064453125,4729.75,4860.0,4715.9501953125,4825.0,152802
2024-01-31,ABB,4539.4052734375,4671.60009765625,4762.75,4631.0,4749.0,292837
2024-02-01,ABB,4417.408203125,4546.0498046875,4698.0,4340.2998046875,4692.0,825760
2024-02-02,ABB,4353.6650390625,4480.4501953125,4594.9501953125,4463.0,4546.0498046875,315504
2024-02-05,ABB,4244.59130859375,4368.2001953125,4538.5,4343.75,4500.0,290961
2024-02-06,ABB,4278.40625,4403.0,4423.60009765625,4362.0498046875,4378.0,177927
2024-02-07,ABB,4445.63623046875,4575.10009765625,4629.2998046875,4434.5,4434.5498046875,281178
2024-02-08,ABB,4324.46484375,4450.39990234375,4610.0,4440.10009765625,4610.0,132187
2024-02-09,ABB,4362.41015625,4489.4501953125,4501.4501953125,4412.7001953125,4464.0,203496
2024-02-12,ABB,4303.087890625,4428.39990234375,4552.2998046875,4400.0,4484.89990234375,149594
2024-02-13,ABB,4338.5068359375,4464.85009765625,4485.35009765625,4375.7998046875,4448.0,290402
2024-02-14,ABB,4429.40869140625,4558.39990234375,4621.10009765625,4427.85009765625,4441.85009765625,371445
2024-02-15,ABB,4342.150390625,4468.60009765625,4587.89990234375,4460.64990234375,4575.0,286311
2024-02-16,ABB,4396.12744140625,4524.14990234375,4539.7001953125,4469.4501953125,4510.0,185797
2024-02-19,ABB,4361.8271484375,4488.85009765625,4555.85009765625,4449.14990234375,4540.0,155541
2024-02-20,ABB,4396.46826171875,4524.5,4547.0,4461.60009765625,4514.75,169172
2024-02-21,ABB,4843.6455078125,4984.7001953125,5134.0,4640.0,4640.0,4404765
2024-02-22,ABB,5271.486328125,5425.0,5450.0,5081.60009765625,5200.0,4222692
2024-02-23,ABB,5239.46875,5392.0498046875,5518.10009765625,5320.64990234375,5420.0,1578299
2024-02-26,ABB,5146.3310546875,5296.2001953125,5432.2998046875,5136.0498046875,5359.0498046875,1164768
2024-02-27,ABB,5296.2646484375,5450.5,5474.75,5245.5,5270.0,656105
2024-02-28,ABB,5274.98486328125,5428.60009765625,5552.0,5380.25,5440.0,785448
2024-02-29,ABB,5290.8720703125,5444.9501953125,5485.0,5350.4501953125,5444.9501953125,527441
2024-03-01,ABB,5334.5009765625,5489.85009765625,5524.60009765625,5455.0,5498.0,345570
2024-03-04,ABB,5472.19091796875,5631.5498046875,5665.0,5488.85009765625,5490.0,484602
2024-03-05,ABB,5520.0966796875,5680.85009765625,5695.0,5571.4501953125,5620.0,340244
2024-03-06,ABB,5539.38427734375,5700.7001953125,5720.0,5588.4501953125,5660.0,401305
2024-03-07,ABB,5607.453125,5770.75,5792.0,5675.0,5697.0498046875,289128
2024-03-11,ABB,5676.0546875,5841.35009765625,5933.89990234375,5770.75,5801.0498046875,693540
2024-03-12,ABB,5556.1953125,5718.0,5855.0,5690.0,5850.0,310813
2024-03-13,ABB,5438.8623046875,5597.25,5809.35009765625,5572.7001953125,5749.89990234375,454668
2024-03-14,ABB,5466.21533203125,5625.39990234375,5658.2998046875,5520.0,5614.89990234375,354416
2024-03-15,ABB,5457.61572265625,5616.5498046875,5789.7998046875,5585.5,5650.0,810054
2024-03-18,ABB,5603.5654296875,5766.75,5785.0,5616.5498046875,5645.0,306134
2024-03-19,ABB,5469.3251953125,5628.60009765625,5787.5,5611.5,5787.5,245880
2024-03-20,ABB,5571.45166015625,5733.7001953125,5769.85009765625,5560.0,5680.0,272707
2024-03-21,ABB,5698.93798828125,5864.89990234375,5877.0,5750.0,5760.0,381358
2024-03-22,ABB,5798.53759765625,5967.39990234375,6034.0498046875,5835.0498046875,5875.0,514271
2024-03-26,ABB,5762.00146484375,5929.7998046875,5986.60009765625,5875.2998046875,5881.0,383434
2024-03-27,ABB,6101.66064453125,6279.35009765625,6341.89990234375,6086.0,6110.0,1232034
2024-03-28,ABB,6180.8544921875,6360.85009765625,6471.9501953125,6222.7998046875,6280.0,722060
2024-04-01,ABB,6320.58447265625,6504.64990234375,6568.2998046875,6397.0498046875,6422.4501953125,396061
2024-04-02,ABB,6247.9013671875,6429.85009765625,6545.0,6372.64990234375,6545.0,280233
2024-04-03,ABB,6320.00146484375,6504.0498046875,6520.0,6431.85009765625,6458.0,217760
2024-04-04,ABB,6317.8154296875,6501.7998046875,6622.4501953125,6490.0498046875,6593.0,325004
2024-04-05,ABB,6481.111328125,6669.85009765625,6683.7001953125,6515.0,6521.10009765625,382254
2024-04-08,ABB,6510.1640625,6699.75,6747.89990234375,6630.5,6670.0,179056
2024-04-09,ABB,6345.0234375,6529.7998046875,6721.60009765625,6495.64990234375,6719.0,317551
2024-04-10,ABB,6453.6103515625,6641.5498046875,6666.0,6560.0,6578.64990234375,234204
2024-04-12,ABB,6561.859375,6752.9501953125,6773.10009765625,6642.0,6650.0,418148
2024-04-15,ABB,6375.388671875,6561.0498046875,6729.0498046875,6547.0498046875,6660.0,333967
2024-04-16,ABB,6456.81787109375,6644.85009765625,6666.0,6525.0,6569.7001953125,268622
2024-04-18,ABB,6189.25927734375,6369.5,6644.0,6310.0,6643.4501953125,1041299
2024-04-19,ABB,6114.53515625,6292.60009765625,6369.5,6245.0,6369.5,286043
2024-04-22,ABB,6340.650390625,6525.2998046875,6544.10009765625,6308.0,6375.0,384870
2024-04-23,ABB,6128.9658203125,6307.4501953125,6569.7998046875,6295.39990234375,6569.7998046875,550348
2024-04-24,ABB,6164.33544921875,6343.85009765625,6381.5,6300.0498046875,6366.7998046875,239797
2024-04-25,ABB,6249.69970703125,6431.7001953125,6461.2001953125,6345.5,6374.0,260935
2024-04-26,ABB,6229.05029296875,6410.4501953125,6489.9501953125,6377.7998046875,6470.0,163903
2024-04-29,ABB,6269.328125,6451.89990234375,6463.9501953125,6349.2001953125,6460.60009765625,158748
2024-04-30,ABB,6355.6640625,6540.75,6642.5,6454.0,6500.0,393914
2024-05-02,ABB,6493.40234375,6682.5,6747.9501953125,6545.0,6585.0,317802
2024-05-03,ABB,6532.26318359375,6698.5498046875,6790.0,6638.10009765625,6709.85009765625,337954
2024-05-06,ABB,6768.06103515625,6940.35009765625,7028.0,6710.0,6710.0,689802
2024-05-07,ABB,6717.44970703125,6888.4501953125,7040.0,6826.5498046875,6977.0,384249
2024-05-08,ABB,7008.34423828125,7186.75,7218.0,6802.7998046875,6905.60009765625,545654
2024-05-09,ABB,6811.7001953125,6985.10009765625,7205.0,6961.0498046875,7205.0,412297
2024-05-10,ABB,7000.15283203125,7178.35009765625,7210.0,7030.0,7040.0,509593
2024-05-13,ABB,7786.046875,7984.25,8188.9501953125,7400.0,7550.0,3294820
2024-05-14,ABB,7880.2490234375,8080.85009765625,8119.89990234375,7915.89990234375,8035.0,856307
2024-05-15,ABB,7883.61279296875,8084.2998046875,8125.0,7965.2001953125,8080.0,460611
2024-05-16,ABB,8098.98193359375,8305.150390625,8377.650390625,8027.60009765625,8084.2998046875,1059012
2024-05-17,ABB,8163.53759765625,8371.349609375,8390.099609375,8235.0,8300.0,319044
2024-05-21,ABB,8337.0703125,8549.2998046875,8599.7998046875,8350.0,8350.0,375839
2024-05-22,ABB,8204.34765625,8413.2001953125,8590.0,8384.5498046875,8555.0,326374
2024-05-23,ABB,8214.4404296875,8423.5498046875,8490.0,8356.5498046875,8460.0,203242
2024-05-24,ABB,8213.125,8422.2001953125,8508.75,8375.7998046875,8477.7998046875,163314
2024-05-27,ABB,8189.8671875,8398.349609375,8470.0,8261.099609375,8459.9501953125,229846
2024-05-28,ABB,8029.255859375,8233.650390625,8374.7001953125,8177.14990234375,8365.099609375,328008
2024-05-29,ABB,7994.8310546875,8198.349609375,8248.4501953125,8124.9501953125,8133.0,226167
2024-05-30,ABB,8059.486328125,8264.650390625,8291.650390625,8109.14990234375,8142.2998046875,319976
2024-05-31,ABB,8111.462890625,8317.9501953125,8351.0,8166.89990234375,8328.0,516112
2024-06-03,ABB,8511.333984375,8728.0,8765.0,8395.25,8500.5,537121
2024-06-04,ABB,7476.42822265625,7666.75,8750.0,6982.39990234375,8750.0,1346607
2024-06-05,ABB,7618.75537109375,7812.7001953125,7899.9501953125,7238.14990234375,7850.0,1097810
2024-06-06,ABB,7789.2158203125,7987.5,8144.7001953125,7801.0498046875,7801.0498046875,483840
2024-06-07,ABB,7872.8369140625,8073.25,8101.2001953125,7920.0,8049.9501953125,323673
2024-06-10,ABB,7861.81787109375,8061.9501953125,8200.0,7994.2998046875,8178.0498046875,271789
2024-06-11,ABB,7894.291015625,8095.25,8334.400390625,8072.10009765625,8145.0,434290
2024-06-12,ABB,8075.43017578125,8281.0,8325.0,8120.0,8120.14990234375,436181
2024-06-13,ABB,8236.919921875,8446.599609375,8489.900390625,8305.0498046875,8350.0,386195
2024-06-14,ABB,8796.0849609375,9020.0,9145.0,8453.0498046875,8506.650390625,1242412
2024-06-18,ABB,8646.8837890625,8867.0,9149.9501953125,8801.099609375,9149.9501953125,517839
2024-06-19,ABB,8331.900390625,8544.0,8913.75,8521.0,8904.0,601292
2024-06-20,ABB,8327.318359375,8539.2998046875,8665.599609375,8385.599609375,8600.0,409555
2024-06-21,ABB,8190.89208984375,8399.400390625,8640.5,8355.0,8590.0,318529
2024-06-24,ABB,8255.1552734375,8465.2998046875,8565.349609375,8250.75,8389.0498046875,435447
2024-06-25,ABB,8191.1357421875,8399.650390625,8597.849609375,8385.0498046875,8494.9501953125,244800
2024-06-26,ABB,8182.55322265625,8390.849609375,8435.0,8235.7001953125,8426.0,336425
2024-06-27,ABB,8428.4912109375,8643.0498046875,8690.849609375,8327.5498046875,8380.5,654170
2024-06-28,ABB,8280.12109375,8490.900390625,8720.150390625,8437.0,8720.0,400414
2024-07-01,ABB,8374.224609375,8587.400390625,8645.849609375,8461.349609375,8490.900390625,251582
2024-07-02,ABB,8302.841796875,8514.2001953125,8670.0,8414.0498046875,8589.9501953125,240074
2024-07-03,ABB,8403.91796875,8617.849609375,8642.7001953125,8530.0,8536.0,235527
2024-07-04,ABB,8499.435546875,8715.7998046875,8808.7001953125,8580.150390625,8680.0,329126
2024-07-05,ABB,8463.94140625,8679.400390625,8715.9501953125,8604.4501953125,8715.9501953125,222477
2024-07-08,ABB,8347.064453125,8559.5498046875,8700.0,8492.0,8700.0,161299
2024-07-09,ABB,8377.734375,8591.0,8714.9501953125,8567.150390625,8615.0,195613
2024-07-10,ABB,8330.7802734375,8542.849609375,8624.9501953125,8381.599609375,8624.9501953125,178905
2024-07-11,ABB,8247.98828125,8457.9501953125,8590.0,8427.0,8585.0498046875,134239
2024-07-12,ABB,8005.4609375,8209.25,8500.0,8191.0,8400.0,406193
2024-07-15,ABB,8046.3212890625,8251.150390625,8265.0,8114.75,8210.2998046875,279190
2024-07-16,ABB,8027.93896484375,8232.2998046875,8299.9501953125,8184.9501953125,8289.0,212920
2024-07-18,ABB,7697.20751953125,7893.14990234375,8249.900390625,7713.35009765625,8234.7001953125,715249
2024-07-19,ABB,7431.32666015625,7620.5,7909.7001953125,7600.0,7900.0,355166
2024-07-22,ABB,7525.3818359375,7716.9501953125,7759.85009765625,7425.0,7525.14990234375,363722
2024-07-23,ABB,7316.7919921875,7503.0498046875,7812.0498046875,7053.2001953125,7766.9501953125,714300
2024-07-24,ABB,7335.85693359375,7522.60009765625,7637.9501953125,7435.0,7549.9501953125,388681
2024-07-25,ABB,7434.54443359375,7623.7998046875,7766.0,7410.0498046875,7450.0,304924
2024-07-26,ABB,7656.34814453125,7851.25,7870.0,7649.35009765625,7698.9501953125,237187
2024-07-29,ABB,7776.34375,7974.2998046875,7994.5,7812.0498046875,7899.0,207473
2024-07-30,ABB,7648.7421875,7843.4501953125,8049.0,7830.0,7990.0,136915
2024-07-31,ABB,7700.81591796875,7896.85009765625,7948.0,7790.0,7798.2001953125,274082
2024-08-01,ABB,7576.92041015625,7769.7998046875,7948.0,7735.0,7896.85009765625,143518
2024-08-02,ABB,7390.66162109375,7578.7998046875,7779.9501953125,7547.5498046875,7695.0498046875,195829
2024-08-05,ABB,7280.369140625,7465.7001953125,7597.89990234375,7236.7998046875,7402.10009765625,335130
2024-08-06,ABB,7280.369140625,7465.7001953125,7650.0,7428.0,7446.75,271285
2024-08-07,ABB,7675.02294921875,7870.39990234375,7915.0,7470.35009765625,7556.0,470318
2024-08-08,ABB,7745.1376953125,7942.2998046875,8154.0,7776.0,7881.0,630662
2024-08-09,ABB,7774.1982421875,7972.10009765625,8263.75,7921.0,8150.0,1288936
2024-08-12,ABB,7484.18115234375,7674.7001953125,7989.9501953125,7630.85009765625,7989.9501953125,499233
2024-08-13,ABB,7357.5048828125,7544.7998046875,7788.75,7525.0,7788.75,485092
2024-08-14,ABB,7564.3896484375,7756.9501953125,7815.0,7451.0,7600.0,505429
2024-08-16,ABB,7714.81005859375,7911.2001953125,7925.0,7724.35009765625,7841.0,383686
2024-08-19,ABB,7628.40966796875,7822.60009765625,7984.39990234375,7808.9501953125,7954.9501953125,140445
2024-08-20,ABB,7607.10205078125,7800.75,7881.0,7735.5498046875,7868.9501953125,180753
2024-08-21,ABB,7724.9033203125,7921.5498046875,7930.0,7765.7998046875,7825.0,139006
2024-08-22,ABB,7664.4423828125,7859.5498046875,7950.0,7830.60009765625,7950.0,112842
2024-08-23,ABB,7612.55126953125,7795.75,7914.60009765625,7768.89990234375,7859.7998046875,141683
2024-08-26,ABB,7607.32666015625,7790.39990234375,7832.60009765625,7700.0,7820.0,186052
2024-08-27,ABB,7721.13818359375,7906.9501953125,8024.25,7828.7001953125,7828.7001953125,465311
2024-08-28,ABB,7751.84814453125,7938.39990234375,7955.9501953125,7845.0498046875,7929.9501953125,153307
2024-08-29,ABB,7691.4033203125,7876.5,8014.4501953125,7789.2998046875,7953.5,261097
2024-08-30,ABB,7749.5537109375,7936.0498046875,7960.0,7843.2998046875,7931.64990234375,328066
2024-09-02,ABB,7518.318359375,7699.25,7947.35009765625,7636.64990234375,7945.0,278992
2024-09-03,ABB,7585.35498046875,7767.89990234375,7828.7998046875,7680.7001953125,7748.64990234375,199718
2024-09-04,ABB,7459.53271484375,7639.0498046875,7765.0,7575.0,7754.89990234375,301420
2024-09-05,ABB,7470.3232421875,7650.10009765625,7678.0,7611.39990234375,7655.0,165098
2024-09-06,ABB,7339.765625,7516.39990234375,7650.0,7500.0498046875,7650.0,170226
2024-09-09,ABB,7422.27978515625,7600.89990234375,7630.0,7431.5498046875,7500.0,197525
2024-09-10,ABB,7358.6123046875,7535.7001953125,7640.85009765625,7510.0,7600.89990234375,175153
2024-09-11,ABB,7391.0810546875,7568.9501953125,7654.89990234375,7532.5498046875,7559.89990234375,137928
2024-09-12,ABB,7538.77734375,7720.2001953125,7756.0,7615.0498046875,7622.10009765625,267442
2024-09-13,ABB,7503.81787109375,7684.39990234375,7869.89990234375,7652.2998046875,7774.25,282303
2024-09-16,ABB,7582.71875,7765.2001953125,7897.0,7699.10009765625,7730.0,355094
2024-09-17,ABB,7688.62060546875,7873.64990234375,7883.64990234375,7762.5498046875,7819.5,157996
2024-09-18,ABB,7602.2978515625,7785.25,7917.5,7760.0,7873.64990234375,164835
2024-09-19,ABB,7326.3876953125,7502.7001953125,7832.85009765625,7350.0498046875,7830.0,438617
2024-09-20,ABB,7514.90087890625,7695.75,7769.7998046875,7516.60009765625,7560.0,474901
2024-09-23,ABB,7753.0693359375,7939.64990234375,7959.0,7750.0,7750.0,267031
2024-09-24,ABB,7888.36376953125,8078.2001953125,8100.0,7870.0,7870.0,333336
2024-09-25,ABB,7986.15966796875,8178.35009765625,8194.599609375,7992.4501953125,8099.0,302067
2024-09-26,ABB,7880.74658203125,8070.39990234375,8214.0,7962.5498046875,8214.0,231382
2024-09-27,ABB,7942.3154296875,8133.4501953125,8187.25,8065.0,8090.0,339640
2024-09-30,ABB,7865.70849609375,8055.0,8196.0,7975.0,7975.0,266470
2024-10-01,ABB,8073.80078125,8268.099609375,8303.25,8085.0498046875,8100.0,368953
2024-10-03,ABB,7919.70849609375,8110.2998046875,8260.0,8045.7998046875,8201.0,320792
2024-10-04,ABB,7744.03662109375,7930.39990234375,8104.2001953125,7880.0,8090.0498046875,305714
2024-10-07,ABB,7575.98095703125,7758.2998046875,8060.0,7672.14990234375,7903.0,193223
2024-10-08,ABB,7963.0166015625,8154.64990234375,8177.0,7745.0498046875,7769.9501953125,190857
2024-10-09,ABB,8259.2861328125,8458.0498046875,8579.7998046875,8080.7998046875,8152.75,567692
2024-10-10,ABB,8310.30859375,8510.2998046875,8619.7001953125,8444.0,8499.0,321074
2024-10-11,ABB,8352.689453125,8553.7001953125,8608.0,8421.349609375,8505.349609375,226675
2024-10-14,ABB,8369.0947265625,8570.5,8689.0,8539.25,8592.599609375,181469
2024-10-15,ABB,8445.06640625,8648.2998046875,8678.0,8545.0,8620.0,192358
2024-10-16,ABB,8563.2705078125,8769.349609375,8940.599609375,8617.5,8680.0,660651
2024-10-17,ABB,8486.4697265625,8690.7001953125,8815.0,8420.0498046875,8775.0,407941
2024-10-18,ABB,8576.6005859375,8783.0,8850.0,8560.0498046875,8669.0498046875,197602
2024-10-21,ABB,8085.12841796875,8279.7001953125,8871.2998046875,8260.0,8830.099609375,337458
2024-10-22,ABB,7985.3779296875,8177.5498046875,8378.0,8155.0498046875,8271.25,267921
2024-10-23,ABB,7522.76171875,7703.7998046875,8199.900390625,7620.25,8150.0498046875,553732
2024-10-24,ABB,7468.37109375,7648.10009765625,7905.0,7581.25,7775.0,482630
2024-10-25,ABB,7344.892578125,7521.64990234375,7737.35009765625,7415.10009765625,7716.7001953125,287311
2024-10-28,ABB,7166.486328125,7338.9501953125,7587.7001953125,7317.0,7520.0,497757
2024-10-29,ABB,7316.42724609375,7492.5,7507.9501953125,7200.0498046875,7339.5,352099
2024-10-30,ABB,7252.36865234375,7426.89990234375,7531.2998046875,7390.0,7503.4501953125,262509
2024-10-31,ABB,7254.85888671875,7429.4501953125,7479.85009765625,7318.0498046875,7460.0,520624
2024-11-01,ABB,7255.7861328125,7430.39990234375,7500.0,7384.0,7474.0,39200
2024-11-04,ABB,7187.87158203125,7360.85009765625,7452.0,7261.0,7444.0,331535
2024-11-05,ABB,6965.22900390625,7132.85009765625,7438.5,6935.0,7400.9501953125,2177411
2024-11-06,ABB,6995.6953125,7164.0498046875,7197.9501953125,7037.10009765625,7150.0,658234
2024-11-07,ABB,6835.2568359375,6999.75,7240.5498046875,6975.10009765625,7190.0,418991
2024-11-08,ABB,6879.88330078125,7045.4501953125,7118.89990234375,6949.0,7030.0498046875,565723
2024-11-11,ABB,7067.71240234375,7237.7998046875,7268.14990234375,6995.35009765625,7040.0,408263
2024-11-12,ABB,6800.5908203125,6964.25,7308.75,6935.25,7296.0498046875,547081
2024-11-13,ABB,6642.154296875,6802.0,6999.0,6782.0,6940.0,509564
2024-11-14,ABB,6523.1669921875,6680.14990234375,6834.14990234375,6629.85009765625,6808.0,599381
2024-11-18,ABB,6470.1923828125,6625.89990234375,6745.4501953125,6605.0,6700.35009765625,327357
2024-11-19,ABB,6544.11328125,6701.60009765625,6788.39990234375,6626.2998046875,6672.25,415057
2024-11-21,ABB,6601.92236328125,6760.7998046875,6830.0,6615.5,6701.60009765625,337186
2024-11-22,ABB,6742.39208984375,6904.64990234375,6939.0,6761.10009765625,6774.9501953125,254886
2024-11-25,ABB,7089.24462890625,7259.85009765625,7299.9501953125,7051.0,7090.0,745341
2024-11-26,ABB,7157.453125,7329.7001953125,7390.0,7250.4501953125,7300.0,456499
2024-11-27,ABB,7320.04052734375,7496.2001953125,7540.10009765625,7316.5,7329.7001953125,475285
2024-11-28,ABB,7221.07275390625,7394.85009765625,7520.0,7340.7001953125,7520.0,358113
2024-11-29,ABB,7246.8515625,7421.25,7471.9501953125,7375.0,7435.0,191937
2024-12-02,ABB,7314.71826171875,7490.75,7508.9501953125,7340.0498046875,7378.0,353136
2024-12-03,ABB,7360.41845703125,7537.5498046875,7635.0,7480.0498046875,7533.0,339612
2024-12-04,ABB,7484.09228515625,7664.2001953125,7722.5,7575.0,7575.0,395551
2024-12-05,ABB,7312.42333984375,7488.39990234375,7682.0,7420.0,7650.0,424954
2024-12-06,ABB,7374.91943359375,7552.39990234375,7574.0,7490.0,7540.0,228818
2024-12-09,ABB,7391.8623046875,7569.75,7640.0,7532.5498046875,7575.9501953125,209644
2024-12-10,ABB,7512.4599609375,7693.25,7710.0,7570.2001953125,7636.0,265407
2024-12-11,ABB,7547.125,7728.75,7787.0,7650.0,7703.0,173332
2024-12-12,ABB,7477.10986328125,7657.0498046875,7755.0,7634.25,7744.0,118184
2024-12-13,ABB,7522.22509765625,7703.25,7718.60009765625,7561.35009765625,7615.0,132883
2024-12-16,ABB,7704.927734375,7890.35009765625,7943.75,7689.2998046875,7703.25,340801
2024-12-17,ABB,7633.7412109375,7817.4501953125,7960.0,7781.0,7890.35009765625,213086
2024-12-18,ABB,7477.20751953125,7657.14990234375,7814.75,7620.5,7812.0498046875,201768
2024-12-19,ABB,7179.13134765625,7351.89990234375,7620.0,7335.10009765625,7620.0,233391
2024-12-20,ABB,6758.60107421875,6921.25,7407.4501953125,6886.0,7359.7998046875,557249
2024-12-23,ABB,6795.66015625,6959.2001953125,7056.0,6893.0,6966.0,167980
2024-12-24,ABB,6716.56396484375,6878.2001953125,7015.9501953125,6841.85009765625,7007.89990234375,159850
2024-12-26,ABB,6782.0859375,6945.2998046875,6955.4501953125,6843.0498046875,6880.0,119925
2024-12-27,ABB,6685.9990234375,6846.89990234375,7006.9501953125,6822.0498046875,6968.7998046875,155724
2024-12-30,ABB,6544.45556640625,6701.9501953125,6885.35009765625,6668.10009765625,6812.0,901044
2024-12-31,ABB,6749.81298828125,6912.25,6948.39990234375,6701.9501953125,6701.9501953125,362642
2025-01-01,ABB,6765.6328125,6928.4501953125,6947.7001953125,6846.25,6912.0,74460
2025-01-02,ABB,6729.74658203125,6891.7001953125,6937.89990234375,6795.0,6910.5,323524
2025-01-03,ABB,6640.34716796875,6800.14990234375,6931.89990234375,6767.0,6900.0,149381
2025-01-06,ABB,6464.7236328125,6620.2998046875,6826.9501953125,6573.7998046875,6800.0498046875,208851
2025-01-07,ABB,6548.60546875,6706.2001953125,6741.89990234375,6627.64990234375,6627.64990234375,207775
2025-01-08,ABB,6500.56103515625,6657.0,6717.9501953125,6567.4501953125,6699.9501953125,162710
2025-01-09,ABB,6330.11328125,6482.4501953125,6692.0,6457.5,6638.0,193962
2025-01-10,ABB,6264.8828125,6415.64990234375,6545.9501953125,6363.0,6480.0,259956
2025-01-13,ABB,5965.68408203125,6109.25,6383.89990234375,6080.0,6352.0,389091
2025-01-14,ABB,6002.15576171875,6146.60009765625,6255.39990234375,6061.0498046875,6134.9501953125,254776
2025-01-15,ABB,6048.19775390625,6193.75,6229.9501953125,6106.7001953125,6190.4501953125,252993
2025-01-16,ABB,6160.00732421875,6308.25,6353.0498046875,6220.2001953125,6238.10009765625,170841
2025-01-17,ABB,6374.10498046875,6527.5,6553.7001953125,6251.64990234375,6300.0,385172
2025-01-20,ABB,6371.90771484375,6525.25,6579.64990234375,6455.0498046875,6547.5498046875,131130
2025-01-21,ABB,6133.59228515625,6281.2001953125,6542.2001953125,6263.39990234375,6525.25,337700
2025-01-22,ABB,6132.07861328125,6279.64990234375,6340.0,6114.0,6323.64990234375,303115
2025-01-23,ABB,6181.490234375,6330.25,6488.9501953125,6260.2001953125,6279.64990234375,243034
2025-01-24,ABB,6033.69677734375,6178.89990234375,6379.89990234375,6152.2998046875,6360.0,145838
2025-01-27,ABB,5940.34326171875,6083.2998046875,6177.7998046875,6009.0,6100.0,241956
2025-01-28,ABB,5857.9755859375,5998.9501953125,6184.75,5909.39990234375,6100.0,270318
2025-01-29,ABB,5967.24560546875,6110.85009765625,6139.2001953125,6015.0,6015.0,119869
2025-01-30,ABB,5584.9462890625,5719.35009765625,6133.9501953125,5678.0,6125.0,854672
2025-01-31,ABB,5736.59619140625,5874.64990234375,5947.85009765625,5710.10009765625,5740.0,511763
2025-02-01,ABB,5370.2626953125,5499.5,5943.39990234375,5405.0,5920.0,510445
2025-02-03,ABB,5075.21337890625,5197.35009765625,5499.0,5105.5,5480.10009765625,1444875
2025-02-04,ABB,5497.25634765625,5629.5498046875,5650.0,5265.0,5271.35009765625,1337087
2025-02-05,ABB,5609.9443359375,5744.9501953125,5805.5498046875,5640.0498046875,5676.0,699315
2025-02-06,ABB,5547.8876953125,5681.39990234375,5874.35009765625,5642.25,5794.9501953125,384010
2025-02-07,ABB,5552.1357421875,5685.75,5758.85009765625,5601.0498046875,5712.7998046875,284417
2025-02-10,ABB,5449.359375,5580.5,5724.2998046875,5558.5,5674.9501953125,376402
2025-02-11,ABB,5309.0849609375,5436.85009765625,5596.0,5408.64990234375,5596.0,350160
2025-02-12,ABB,5321.486328125,5449.5498046875,5510.0,5226.2998046875,5423.0,348968
2025-02-13,ABB,5314.84619140625,5442.75,5569.0,5403.89990234375,5450.10009765625,297830
2025-02-14,ABB,5140.05224609375,5263.75,5495.9501953125,5223.0,5455.0,296054
2025-02-17,ABB,5118.7158203125,5241.89990234375,5275.9501953125,5142.0,5263.0,252290
2025-02-18,ABB,5021.21240234375,5142.0498046875,5515.0,5093.0,5440.0,3924895
2025-02-19,ABB,5003.4404296875,5123.85009765625,5193.9501953125,5019.75,5089.9501953125,938108
2025-02-20,ABB,5219.05126953125,5344.64990234375,5356.0,5072.0,5100.0,757479
2025-02-21,ABB,5167.052734375,5291.39990234375,5365.9501953125,5185.0498046875,5327.0,597090
2025-02-24,ABB,5263.287109375,5389.9501953125,5409.0,5194.89990234375,5248.2001953125,557026
2025-02-25,ABB,5177.2080078125,5301.7998046875,5391.89990234375,5241.4501953125,5389.0,415818
2025-02-27,ABB,5023.80029296875,5144.7001953125,5317.7001953125,5105.2001953125,5301.7998046875,541660
2025-02-28,ABB,4819.41845703125,4935.39990234375,5119.0,4918.0,5110.0,784607
2025-03-03,ABB,4968.72509765625,5088.2998046875,5145.0,4890.0,4954.7998046875,558162
2025-03-04,ABB,5069.40283203125,5191.39990234375,5212.0,5000.0,5000.0,506485
2025-03-05,ABB,5187.46142578125,5312.2998046875,5356.0,5100.0,5100.0,445752
2025-03-06,ABB,5243.8056640625,5370.0,5432.0,5283.60009765625,5342.0,532908
2025-03-07,ABB,5201.376953125,5326.5498046875,5370.0498046875,5280.0,5370.0,482112
2025-03-10,ABB,5039.033203125,5160.2998046875,5410.75,5139.64990234375,5328.0,342786
2025-03-11,ABB,5008.76220703125,5129.2998046875,5182.0,5080.0,5100.0,549888
2025-03-12,ABB,5018.91796875,5139.7001953125,5178.60009765625,5035.0,5154.35009765625,222937
2025-03-13,ABB,4998.26416015625,5118.5498046875,5304.7001953125,5111.0,5152.0,367022
2025-03-17,ABB,5065.7412109375,5187.64990234375,5218.4501953125,5101.0,5160.0,276511
2025-03-18,ABB,5065.7412109375,5187.64990234375,5187.64990234375,5187.64990234375,5187.64990234375,0
2025-03-19,ABB,5346.92431640625,5475.60009765625,5512.7998046875,5346.75,5432.60009765625,580679
2025-03-20,ABB,5332.375,5460.7001953125,5505.60009765625,5340.64990234375,5500.0,442929
2025-03-21,ABB,5329.24951171875,5457.5,5572.64990234375,5433.39990234375,5469.9501953125,685475
2025-03-24,ABB,5402.19384765625,5532.2001953125,5598.0,5471.14990234375,5471.14990234375,310148
2025-03-25,ABB,5286.91796875,5414.14990234375,5594.9501953125,5397.5,5593.0,265207
2025-03-26,ABB,5393.89404296875,5523.7001953125,5622.85009765625,5407.5498046875,5454.2001953125,729146
2025-03-27,ABB,5410.15283203125,5540.35009765625,5578.4501953125,5445.0498046875,5485.0,403518
2025-03-28,ABB,5415.9140625,5546.25,5625.0,5503.75,5559.9501953125,420034
2025-04-01,ABB,5272.2705078125,5399.14990234375,5548.0,5373.0,5539.5,380081
2025-04-02,ABB,5188.2919921875,5313.14990234375,5431.89990234375,5211.10009765625,5425.2001953125,682715
2025-04-03,ABB,5202.10888671875,5327.2998046875,5354.14990234375,5242.7001953125,5250.0,224578
2025-04-04,ABB,4976.14697265625,5095.89990234375,5331.0498046875,5075.7001953125,5325.0,457097
2025-04-07,ABB,4846.9072265625,4963.5498046875,5022.35009765625,4684.4501953125,4684.4501953125,765239
2025-04-08,ABB,4945.3876953125,5064.39990234375,5119.9501953125,4970.0,5041.0498046875,304029
2025-04-09,ABB,4917.8505859375,5036.2001953125,5090.89990234375,4970.0,5074.0,353532
2025-04-11,ABB,5022.43359375,5143.2998046875,5173.9501953125,5052.0498046875,5149.5,416323
2025-04-15,ABB,5123.20751953125,5246.5,5288.5,5158.5,5220.0,334196
2025-04-16,ABB,5253.08251953125,5379.5,5457.5,5252.5,5280.0,566818
2025-04-17,ABB,5440.5703125,5571.5,5645.0,5294.5,5422.5,1143784
2025-04-21,ABB,5496.7197265625,5629.0,5699.0,5519.0,5678.5,684672
2025-04-22,ABB,5548.96240234375,5682.5,5704.0,5591.5,5649.0,325345
2025-04-23,ABB,5578.7451171875,5713.0,5792.0,5609.0,5715.0,376059
2025-04-24,ABB,5554.82080078125,5688.5,5733.0,5621.5,5720.0,374809
2025-04-25,ABB,5369.77392578125,5499.0,5708.5,5385.0,5698.0,638225
2025-04-28,ABB,5405.9052734375,5536.0,5558.5,5459.0,5499.0,205197
2025-04-29,ABB,5452.28857421875,5583.5,5625.0,5560.0,5582.0,224766
2025-04-30,ABB,5392.72216796875,5522.5,5604.0,5469.0,5590.0,316444
2025-05-02,ABB,5345.564453125,5441.0,5531.0,5420.0,5505.0,203903
2025-05-05,ABB,5391.248046875,5487.5,5504.5,5415.5,5499.0,241475
2025-05-06,ABB,5240.4404296875,5334.0,5500.0,5310.0,5500.0,400370
2025-05-07,ABB,5302.8271484375,5397.5,5445.0,5270.0,5270.5,270305
2025-05-08,ABB,5194.75634765625,5287.5,5439.5,5210.0,5402.0,345691
2025-05-09,ABB,5345.07275390625,5440.5,5468.0,5190.0,5190.0,321841
2025-05-12,ABB,5489.0029296875,5587.0,5715.0,5472.5,5515.0,669665
2025-05-13,ABB,5537.634765625,5636.5,5699.0,5528.0,5590.0,638165
2025-05-14,ABB,5536.1611328125,5635.0,5745.0,5591.5,5620.0,400038
2025-05-15,ABB,5634.4072265625,5735.0,5747.5,5608.0,5640.0,356216
2025-05-16,ABB,5717.916015625,5820.0,5866.0,5701.0,5745.0,418266
2025-05-19,ABB,5735.6005859375,5838.0,5913.0,5824.0,5869.5,181786
2025-05-20,ABB,5637.845703125,5738.5,5898.0,5710.0,5897.5,444180
2025-05-21,ABB,5783.25,5886.5,5899.5,5722.0,5750.0,266662
2025-05-22,ABB,5820.091796875,5924.0,5959.0,5826.5,5893.5,286074
2025-05-23,ABB,5856.44287109375,5961.0,5989.5,5875.0,5950.0,208138
2025-05-26,ABB,5891.31982421875,5996.5,6048.0,5965.0,5965.0,219984
2025-05-27,ABB,5909.00439453125,6014.5,6050.0,5958.0,6000.0,244514
2025-05-28,ABB,5909.49560546875,6015.0,6062.0,5981.0,6014.5,160963
2025-05-29,ABB,5937.49609375,6043.5,6070.0,5986.5,6015.0,160875
2025-05-30,ABB,5866.267578125,5971.0,6118.0,5945.5,6080.0,296253
2025-06-02,ABB,5869.7060546875,5974.5,5990.5,5891.0,5960.0,159034
2025-06-03,ABB,5889.8466796875,5995.0,6080.0,5966.0,5974.5,197089
2025-06-04,ABB,5935.53076171875,6041.5,6050.0,5970.0,6009.0,171316
2025-06-05,ABB,5925.7060546875,6031.5,6080.0,6010.0,6041.0,135626
2025-06-06,ABB,5945.35595703125,6051.5,6175.5,6026.5,6069.5,336263
2025-06-09,ABB,6105.98779296875,6215.0,6240.5,6071.0,6093.5,270782
2025-06-10,ABB,6059.8125,6168.0,6260.0,6160.0,6260.0,207893
2025-06-11,ABB,5970.408203125,6077.0,6195.0,6034.0,6190.0,294907
2025-06-12,ABB,5915.39111328125,6021.0,6099.0,5975.0,6079.0,369396
2025-06-13,ABB,5893.77685546875,5999.0,6017.5,5885.0,5890.0,220342
2025-06-16,ABB,5908.51318359375,6014.0,6045.0,5941.0,6001.0,133245
2025-06-17,ABB,5928.654296875,6034.5,6084.0,6014.0,6040.0,101944
2025-06-18,ABB,5937.98681640625,6044.0,6089.5,6000.0,6001.0,165662
2025-06-19,ABB,5766.05712890625,5869.0,6068.5,5850.0,6044.0,130952
2025-06-20,ABB,5863.81201171875,5968.5,5991.0,5853.5,5897.0,241725
2025-06-23,ABB,5819.6005859375,5923.5,5959.0,5880.0,5900.0,88496
2025-06-24,ABB,5898.19775390625,6003.5,6067.0,5940.5,5975.0,228616
2025-06-25,ABB,5861.84619140625,5966.5,6065.0,5941.0,6051.0,138938
2025-06-26,ABB,5907.0400390625,6012.5,6025.0,5953.0,5985.0,110098
2025-06-27,ABB,5963.0400390625,6069.5,6175.0,6030.0,6060.0,241168
2025-06-30,ABB,5973.84716796875,6080.5,6133.5,6060.0,6090.0,157658
2025-07-01,ABB,5845.14453125,5949.5,6144.5,5921.5,6114.5,365605
2025-07-02,ABB,5802.40771484375,5906.0,5989.5,5842.0,5979.0,284183
2025-07-03,ABB,5768.5126953125,5871.5,5938.5,5862.5,5930.0,193225
2025-07-04,ABB,5759.17919921875,5862.0,5901.5,5841.0,5892.0,153889
2025-07-07,ABB,5741.4951171875,5844.0,5862.0,5802.0,5862.0,89857
2025-07-08,ABB,5737.5654296875,5840.0,5885.0,5822.0,5848.0,242940
2025-07-09,ABB,5794.54833984375,5898.0,5940.0,5821.0,5840.5,204872
2025-07-10,ABB,5790.126953125,5893.5,5929.0,5826.5,5898.0,189571
2025-07-11,ABB,5655.52978515625,5756.5,5897.0,5718.0,5880.0,280804
2025-07-14,ABB,5548.44189453125,5647.5,5782.5,5577.0,5756.5,456678
2025-07-15,ABB,5509.63427734375,5608.0,5725.0,5590.5,5679.5,454138
2025-07-16,ABB,5453.63427734375,5551.0,5618.0,5502.5,5608.0,590118
2025-07-17,ABB,5538.6171875,5637.5,5664.0,5468.0,5568.0,1071876
2025-07-18,ABB,5547.4599609375,5646.5,5727.5,5630.5,5684.0,425486
2025-07-21,ABB,5733.63525390625,5836.0,5845.5,5635.5,5666.0,428913
2025-07-22,ABB,5654.05615234375,5755.0,5872.0,5731.0,5850.5,346363
2025-07-23,ABB,5610.828125,5711.0,5788.0,5675.0,5771.5,186980
2025-07-24,ABB,5599.0390625,5699.0,5734.5,5655.0,5711.0,116292
2025-07-25,ABB,5544.0205078125,5643.0,5710.0,5610.5,5699.0,340538
2025-07-28,ABB,5448.23095703125,5545.5,5644.0,5525.0,5640.0,265335
2025-07-29,ABB,5481.14306640625,5579.0,5592.0,5478.0,5545.0,209954
2025-07-30,ABB,5456.58203125,5554.0,5610.0,5470.0,5610.0,331867
2025-07-31,ABB,5413.353515625,5510.0,5574.5,5489.5,5510.0,255793
2025-08-01,ABB,5293.001953125,5387.5,5539.0,5360.5,5539.0,382061
2025-08-04,ABB,5003.1767578125,5092.5,5364.0,5014.5,5310.0,1957165
2025-08-05,ABB,4994.826171875,5084.0,5099.0,5019.5,5070.0,614211
2025-08-06,ABB,5007.59814453125,5097.0,5124.0,5024.5,5124.0,385429
2025-08-07,ABB,5028.720703125,5118.5,5140.0,5017.0,5092.5,355953
2025-08-08,ABB,4943.34912109375,5022.0,5143.5,5005.5,5143.5,348746
2025-08-11,ABB,4967.95751953125,5047.0,5122.5,5002.5,5057.0,429040
2025-08-12,ABB,4992.07373046875,5071.5,5089.5,5017.0,5079.5,273262
2025-08-13,ABB,5007.3310546875,5087.0,5102.0,5038.5,5097.5,231709
2025-08-14,ABB,4951.2236328125,5030.0,5105.5,5023.5,5100.0,237754
2025-08-18,ABB,4958.6064453125,5037.5,5090.0,5003.5,5090.0,307068
2025-08-19,ABB,4988.62841796875,5068.0,5082.0,5007.5,5038.0,204663
2025-08-20,ABB,5041.29052734375,5121.5,5140.5,5070.0,5084.0,312054
2025-08-21,ABB,5060.97705078125,5141.5,5195.0,5112.0,5150.0,377717
2025-08-22,ABB,4983.70703125,5063.0,5170.0,5051.0,5170.0,219900
2025-08-25,ABB,5020.619140625,5100.5,5113.5,5045.0,5100.0,246352
2025-08-26,ABB,4943.34912109375,5022.0,5109.5,5011.0,5100.5,482397
2025-08-28,ABB,4922.185546875,5000.5,5039.5,4953.0,5022.0,335387
2025-08-29,ABB,4920.708984375,4999.0,5060.5,4939.5,5003.0,251338
2025-09-01,ABB,5047.09814453125,5127.39990234375,5140.5,5017.60009765625,5042.0,242505
2025-09-02,ABB,5067.57275390625,5148.2001953125,5174.5,5097.0,5127.39990234375,306762
2025-09-03,ABB,5107.14306640625,5188.39990234375,5209.89990234375,5148.2001953125,5150.0,213167
2025-09-04,ABB,5081.94384765625,5162.7998046875,5221.7998046875,5145.0,5220.0,350954
2025-09-05,ABB,5037.2548828125,5117.39990234375,5185.2001953125,5070.0,5162.7998046875,259197
2025-09-08,ABB,5028.29736328125,5108.2998046875,5187.2998046875,5097.60009765625,5140.0,101582
2025-09-09,ABB,5051.52783203125,5131.89990234375,5150.0,5091.0,5111.0,150868
2025-09-10,ABB,5081.0576171875,5161.89990234375,5195.0,5121.0,5129.7998046875,184147
2025-09-11,ABB,5136.3779296875,5218.10009765625,5237.0,5157.10009765625,5181.7001953125,178386
2025-09-12,ABB,5166.39990234375,5248.60009765625,5265.0,5201.0,5224.0,196396
2025-09-15,ABB,5255.1875,5338.7998046875,5383.2998046875,5241.2001953125,5248.60009765625,435154
2025-09-16,ABB,5265.22802734375,5349.0,5376.89990234375,5316.60009765625,5370.0,154462
2025-09-17,ABB,5301.451171875,5385.7998046875,5415.7998046875,5331.7001953125,5375.60009765625,196332
2025-09-18,ABB,5350.865234375,5436.0,5471.2998046875,5396.0,5410.10009765625,293576
2025-09-19,ABB,5351.7509765625,5436.89990234375,5464.7001953125,5418.0,5458.7998046875,272034
2025-09-22,ABB,5278.8115234375,5362.7998046875,5455.2998046875,5341.0,5430.0,155891
2025-09-23,ABB,5215.71533203125,5298.7001953125,5375.39990234375,5285.0,5360.2001953125,167342
2025-09-24,ABB,5155.27734375,5237.2998046875,5349.7998046875,5223.60009765625,5298.0,137979
2025-09-25,ABB,5119.25048828125,5200.7001953125,5265.0,5184.0,5237.0,308529
2025-09-26,ABB,5092.37744140625,5173.39990234375,5210.0,5121.0,5200.89990234375,348241
2025-09-29,ABB,5126.2392578125,5207.7998046875,5246.0,5167.10009765625,5173.39990234375,228230
2025-09-30,ABB,5102.12255859375,5183.2998046875,5232.60009765625,5175.10009765625,5201.0,215173
2025-10-01,ABB,5117.57666015625,5199.0,5208.0,5143.0,5185.0,94280
2025-10-03,ABB,5102.31982421875,5183.5,5208.5,5148.5,5190.0,291382
2025-10-06,ABB,5136.279296875,5218.0,5244.5,5176.0,5190.5,156474
2025-10-07,ABB,5137.755859375,5219.5,5343.0,5209.5,5233.0,382453
2025-10-08,ABB,5048.18115234375,5128.5,5236.5,5101.0,5236.5,399870
2025-10-09,ABB,5065.89892578125,5146.5,5162.0,5075.0,5120.0,212517
2025-10-10,ABB,5104.78076171875,5186.0,5210.0,5147.5,5151.0,180079
2025-10-13,ABB,5066.88330078125,5147.5,5175.5,5101.0,5160.0,284296
2025-10-14,ABB,5039.322265625,5119.5,5169.5,5081.5,5169.5,299352
2025-10-15,ABB,5092.4765625,5173.5,5228.0,5097.5,5119.5,218559
2025-10-16,ABB,5130.373046875,5212.0,5260.0,5077.5,5190.0,542569
2025-10-17,ABB,5120.5302734375,5202.0,5227.0,5176.0,5208.5,145812
2025-10-20,ABB,5149.56787109375,5231.5,5273.5,5203.5,5228.0,141485
2025-10-21,ABB,5157.9345703125,5240.0,5262.0,5220.0,5248.0,26961
2025-10-23,ABB,5100.35107421875,5181.5,5279.5,5165.0,5244.0,333500
2025-10-24,ABB,5099.85888671875,5181.0,5210.0,5151.5,5198.0,245669
2025-10-27,ABB,5155.96630859375,5238.0,5240.0,5172.0,5198.0,72330
2025-10-28,ABB,5094.44482421875,5175.5,5275.0,5141.5,5260.0,236636
2025-10-29,ABB,5206.16748046875,5289.0,5300.0,5175.5,5175.5,193168
2025-10-30,ABB,5196.32421875,5279.0,5306.0,5237.0,5297.5,121312
2025-10-31,ABB,5138.248046875,5220.0,5295.5,5204.5,5284.0,146857
2025-11-03,ABB,5173.68408203125,5256.0,5279.0,5205.0,5215.0,79178
2025-11-04,ABB,5161.8720703125,5244.0,5270.5,5225.5,5263.0,101847
2025-11-06,ABB,5146.12255859375,5228.0,5280.5,5172.0,5258.0,302941
2025-11-07,ABB,4937.93505859375,5016.5,5151.0,4962.5,5099.0,1147124
2025-11-10,ABB,4913.81884765625,4992.0,5009.0,4921.5,4964.0,207748
2025-11-11,ABB,4900.5302734375,4978.5,5026.5,4941.0,5021.5,202095
2025-11-12,ABB,4846.8837890625,4924.0,5000.0,4911.0,4994.0,322415
2025-11-13,ABB,4836.0556640625,4913.0,4959.0,4896.0,4933.0,308690
2025-11-14,ABB,4874.9375,4952.5,4963.0,4899.0,4913.0,120184
2025-11-17,ABB,4962.54345703125,5041.5,5060.0,4926.0,4955.0,201519
2025-11-18,ABB,5000.9326171875,5080.5,5095.0,4998.5,5041.5,185933
2025-11-19,ABB,5003.3935546875,5083.0,5099.0,5037.0,5081.5,241340
2025-11-20,ABB,5066.39111328125,5147.0,5172.0,5083.0,5083.0,315841
2025-11-21,ABB,5012.2529296875,5092.0,5132.0,5068.5,5130.0,195539
2025-11-24,ABB,4977.80078125,5057.0,5100.0,5024.5,5092.0,453211
2025-11-25,ABB,4991.08935546875,5070.5,5092.0,5035.0,5042.5,179842
2025-11-26,ABB,5116.1005859375,5197.5,5206.5,5058.0,5070.5,157689
2025-11-27,ABB,5158.4267578125,5240.5,5264.5,5188.5,5235.0,123457
2025-11-28,ABB,5093.95263671875,5175.0,5260.5,5170.0,5260.0,82669
2025-12-01,ABB,5108.22607421875,5189.5,5219.5,5148.5,5218.0,68252
2025-12-02,ABB,5101.82763671875,5183.0,5221.5,5161.0,5171.0,149427
2025-12-03,ABB,5027.01806640625,5107.0,5183.0,5088.5,5183.0,81229
2025-12-04,ABB,5091.4921875,5172.5,5182.0,5095.0,5100.0,90233
2025-12-05,ABB,5092.4765625,5173.5,5194.0,5140.5,5172.5,99564
2025-12-08,ABB,4978.29296875,5057.5,5194.0,5049.0,5171.5,130551
2025-12-09,ABB,5036.86083984375,5117.0,5128.0,4981.0,5051.0,113585
2025-12-10,ABB,5071.31298828125,5152.0,5192.0,5098.0,5109.5,118196
2025-12-11,ABB,5160.39599609375,5242.5,5257.5,5147.0,5154.0,197330
2025-12-12,ABB,5195.33984375,5278.0,5299.0,5230.0,5270.0,200377
2025-12-15,ABB,5202.22998046875,5285.0,5298.0,5200.5,5288.0,191017
2025-12-16,ABB,5159.90380859375,5242.0,5280.0,5227.0,5280.0,71299
2025-12-17,ABB,5090.01513671875,5171.0,5262.5,5152.0,5238.0,85858
2025-12-18,ABB,5017.66650390625,5097.5,5185.0,5075.5,5185.0,362593
2025-12-19,ABB,5095.92138671875,5177.0,5191.5,5100.0,5106.0,351488
2025-12-22,ABB,5099.85888671875,5181.0,5233.0,5170.0,5180.5,67499
2025-12-23,ABB,5122.49853515625,5204.0,5215.0,5151.0,5185.0,64953
2025-12-24,ABB,5133.326171875,5215.0,5266.0,5202.0,5212.5,103441
2025-12-26,ABB,5101.82763671875,5183.0,5244.5,5164.5,5215.0,54254
2025-12-29,ABB,5084.109375,5165.0,5218.5,5155.0,5218.5,53679
2025-12-30,ABB,5058.0244140625,5138.5,5169.0,5100.0,5155.0,107504
2025-12-31,ABB,5089.03076171875,5170.0,5207.5,5141.5,5150.0,106827
2026-01-01,ABB,5095.42919921875,5176.5,5195.5,5146.0,5183.0,37884
2026-01-02,ABB,5123.97509765625,5205.5,5220.0,5156.5,5156.5,63490
2026-01-05,ABB,5087.5546875,5168.5,5249.5,5131.0,5230.0,101498
2026-01-06,ABB,5142.677734375,5224.5,5254.5,5160.5,5168.5,122892
2026-01-07,ABB,5216.0107421875,5299.0,5307.5,5181.5,5215.0,123203
2026-01-08,ABB,4942.36474609375,5021.0,5368.0,4983.5,5312.0,681840
2026-01-09,ABB,5013.23681640625,5093.0,5138.0,4983.5,5050.0,329338
2026-01-12,ABB,4968.94140625,5048.0,5075.5,4951.0,5075.0,172796
2026-01-13,ABB,4888.2255859375,4966.0,5081.5,4923.0,5050.0,113004
2026-01-14,ABB,4857.71142578125,4935.0,4992.0,4925.0,4960.5,107017
2026-01-15,ABB,4857.71142578125,4935.0,4935.0,4935.0,4935.0,0
2026-01-16,ABB,4796.1904296875,4872.5,4960.0,4852.0,4935.0,186282
2026-01-19,ABB,4789.2998046875,4865.5,4942.0,4839.0,4877.5,238177
2026-01-20,ABB,4618.025390625,4691.5,4855.0,4673.0,4855.0,413609
2026-01-21,ABB,4633.7744140625,4707.5,4751.5,4637.5,4692.5,349292
2026-01-22,ABB,4681.02294921875,4755.5,4807.0,4719.0,4725.0,145026
2026-01-23,ABB,4620.97802734375,4694.5,4775.0,4668.5,4760.0,114255
2026-01-27,ABB,4633.7744140625,4707.5,4777.0,4649.5,4694.5,178884
2026-01-28,ABB,4964.51220703125,5043.5,5075.0,4750.0,4759.0,419235
2026-01-29,ABB,5388.27001953125,5474.0,5547.5,4983.5,5050.0,2492153
2026-01-30,ABB,5491.13330078125,5578.5,5605.5,5400.0,5440.0,634906
2026-02-02,ABB,5382.36376953125,5468.0,5537.0,5368.5,5490.0,156864
2026-02-03,ABB,5579.7236328125,5668.5,5769.0,5608.0,5641.5,646658
2026-02-04,ABB,5664.869140625,5755.0,5867.0,5582.5,5661.0,509746
2026-02-05,ABB,5679.63427734375,5770.0,5840.5,5663.0,5750.0,205411
2026-02-06,ABB,5724.9140625,5816.0,5845.0,5726.5,5769.0,304093
2026-02-09,ABB,5724.42138671875,5815.5,5850.0,5748.0,5845.0,137449
2026-02-10,ABB,5778.068359375,5870.0,5884.0,5806.0,5850.0,155125
2026-02-11,ABB,5734.26513671875,5825.5,5861.0,5781.0,5851.0,91365
2026-02-12,ABB,5697.8447265625,5788.5,5864.5,5760.0,5819.0,169801
2026-02-13,ABB,5689.9697265625,5780.5,5855.0,5726.5,5788.5,152957
2026-02-16,ABB,5795.78662109375,5888.0,5914.0,5742.5,5781.0,188248
2026-02-17,ABB,5744.6005859375,5836.0,5940.0,5806.0,5922.5,116120
2026-02-18,ABB,5789.38818359375,5881.5,5909.0,5771.5,5836.0,178419
2026-02-19,ABB,5629.92529296875,5719.5,5908.0,5695.0,5885.0,136031
2026-02-20,ABB,5893.23583984375,5987.0,6246.0,5719.5,5725.0,4034978
2026-02-23,ABB,5824.82421875,5917.5,6090.0,5775.0,6090.0,831004
2026-02-24,ABB,5961.15478515625,6056.0,6075.0,5881.5,5881.5,782563
2026-02-25,ABB,6070.9091796875,6167.5,6180.0,6046.5,6101.0,363747
2026-02-26,ABB,6036.94970703125,6133.0,6205.5,6110.5,6170.0,283878
2026-02-27,ABB,5977.888671875,6073.0,6128.0,6039.0,6128.0,602254
2026-03-02,ABB,5889.29833984375,5983.0,6073.0,5835.0,5840.0,275442
2026-03-04,ABB,5739.18701171875,5830.5,5911.5,5793.5,5900.0,275613
2026-03-05,ABB,5836.14453125,5929.0,6000.5,5833.5,5844.0,268401
2026-03-06,ABB,5967.0615234375,6062.0,6118.0,5869.0,5900.0,377080
2026-03-09,ABB,5888.80615234375,5982.5,6000.0,5853.0,5982.0,249926
2026-03-10,ABB,6127.01611328125,6224.5,6250.0,6032.0,6032.5,474110
2026-03-11,ABB,6181.6474609375,6280.0,6325.0,6181.0,6230.0,599883
2026-03-12,ABB,6308.626953125,6409.0,6429.5,6146.0,6242.0,596298
2026-03-13,ABB,6292.38525390625,6392.5,6554.0,6339.5,6439.5,1070957
2026-03-16,ABB,6120.6181640625,6218.0,6417.0,6162.5,6400.0,371084
2026-03-17,ABB,6211.66943359375,6310.5,6337.5,6176.5,6237.5,297126
2026-03-18,ABB,6238.24658203125,6337.5,6415.5,6280.5,6320.5,280678
2026-03-19,ABB,6116.6806640625,6214.0,6322.0,6178.5,6261.0,212355
2026-03-20,ABB,6198.380859375,6297.0,6380.0,6250.0,6250.0,274862
2026-03-23,ABB,5946.88232421875,6041.5,6264.0,5975.0,6264.0,274731
2026-03-24,ABB,6065.4951171875,6162.0,6244.5,6045.0,6200.0,280421
2026-03-25,ABB,6115.2041015625,6212.5,6290.0,6185.5,6200.0,231844
2026-03-27,ABB,6009.3876953125,6105.0,6190.0,5987.0,6190.0,425645
2026-03-30,ABB,5848.4482421875,5941.5,6100.0,5911.0,5995.0,342351
2026-04-01,ABB,5968.0458984375,6063.0,6188.5,6012.0,6180.0,339497
2026-04-02,ABB,6045.80810546875,6142.0,6158.0,5916.5,6021.5,275527
2026-04-06,ABB,6096.501953125,6193.5,6247.5,6088.0,6150.0,259645
2026-04-07,ABB,6170.8193359375,6269.0,6280.0,6081.5,6175.0,253657
2026-04-08,ABB,6462.18359375,6565.0,6584.5,6370.0,6399.0,626418
2026-04-09,ABB,6510.41650390625,6614.0,6642.0,6483.5,6575.0,591302
2026-04-10,ABB,6752.07177734375,6859.5,6905.5,6612.5,6642.0,798909
2026-04-13,ABB,6721.556640625,6828.5,6878.5,6688.0,6725.0,320237
2026-04-15,ABB,6765.35986328125,6873.0,6993.0,6844.0,6890.0,499662
2026-04-16,ABB,6775.69580078125,6883.5,6907.0,6732.5,6873.5,548523
2026-04-17,ABB,6919.4091796875,7029.5,7083.0,6833.5,6880.0,558816
2026-04-20,ABB,7045.896484375,7158.0,7319.5,6993.5,7054.5,559841
2026-04-21,ABB,7141.37744140625,7255.0,7300.0,7184.0,7200.0,260767
2026-04-22,ABB,7468.177734375,7587.0,7822.5,7161.0,7253.0,1729200
2026-04-23,ABB,7456.85791015625,7575.5,7650.0,7533.5,7587.0,376857
2026-04-24,ABB,7213.7265625,7328.5,7594.0,7304.0,7575.5,343502
2026-04-27,ABB,7314.12890625,7430.5,7475.0,7282.5,7330.5,267337
2026-04-28,ABB,7173.86083984375,7288.0,7490.0,7251.5,7449.0,296110
2026-04-29,ABB,7150.728515625,7264.5,7373.0,7212.0,7340.0,361430
2026-04-30,ABB,7145.8759765625,7230.0,7305.0,7102.0,7250.0,327820
2026-05-01,ABB,7145.8759765625,7230.0,7230.0,7230.0,7230.0,0
2026-05-04,ABB,7152.30029296875,7236.5,7363.0,7185.0,7269.0,364239
2026-05-05,ABB,7242.73583984375,7328.0,7349.0,7215.0,7248.0,324323
2026-05-06,ABB,7098.9287109375,7182.5,7389.0,7135.0,7389.0,282411
2026-05-07,ABB,7104.36474609375,7188.0,7279.5,7000.0,7183.0,367185
2026-05-08,ABB,6930.90673828125,7012.5,7210.0,6991.5,7210.0,443952
2026-05-11,ABB,6313.1787109375,6387.5,6687.0,6323.5,6662.0,2419336
2026-05-12,ABB,6254.865234375,6328.5,6403.0,6171.5,6360.0,976463
2026-05-13,ABB,6231.638671875,6305.0,6395.0,6212.5,6344.0,367052
2026-05-14,ABB,6354.19580078125,6429.0,6439.0,6220.0,6350.0,327209
2026-05-15,ABB,6306.75439453125,6381.0,6433.5,6307.0,6425.0,249403
2026-05-18,ABB,6338.8759765625,6413.5,6445.0,6225.0,6310.0,370285
2026-05-19,ABB,6255.359375,6329.0,6463.5,6310.0,6430.5,344676
2026-05-20,ABB,6528.14794921875,6605.0,6624.0,6259.5,6260.0,546490
2026-05-21,ABB,6521.2294921875,6598.0,6718.0,6566.0,6673.0,498808
2026-05-22,ABB,6611.6650390625,6689.5,6741.0,6594.0,6600.5,371775
2026-05-25,ABB,6676.40283203125,6755.0,6826.0,6712.5,6734.0,263153
2026-05-26,ABB,6724.83251953125,6804.0,6822.0,6722.0,6755.0,200573
2026-05-27,ABB,7135.00390625,7219.0,7244.0,6808.0,6841.5,636096
2026-05-28,ABB,7135.00390625,7219.0,7219.0,7219.0,7219.0,0
2026-05-29,ABB,7168.6083984375,7253.0,7340.0,7121.0,7280.0,1105117
2026-06-01,ABB,6945.73193359375,7027.5,7254.0,7004.0,7253.0,452205
2026-06-02,ABB,7062.85302734375,7146.0,7169.0,6957.0,6970.0,511846
2026-06-03,ABB,7112.271484375,7196.0,7247.0,7083.0,7146.0,309040
2026-06-04,ABB,7072.73681640625,7156.0,7327.0,7122.5,7192.0,298566
2026-06-05,ABB,7084.10302734375,7167.5,7217.0,7108.5,7175.0,249982
2026-06-08,ABB,6877.04052734375,6958.0,7129.5,6893.0,7105.5,240753
2026-06-09,ABB,6850.35498046875,6931.0,7063.5,6908.0,7000.0,254364
2026-06-10,ABB,6721.86767578125,6801.0,6951.5,6769.0,6905.5,463997
2026-06-11,ABB,6640.82177734375,6719.0,6815.5,6653.0,6782.0,262862
2026-06-12,ABB,6691.72216796875,6770.5,6854.5,6722.0,6783.0,188800
2026-06-15,ABB,6841.95361328125,6922.5,6977.5,6821.0,6880.0,227935
2026-06-16,ABB,6939.3076171875,7021.0,7079.5,6939.0,6955.0,366666
2026-06-17,ABB,7080.64404296875,7164.0,7187.5,6980.0,7021.0,298071
2026-06-18,ABB,7144.8876953125,7229.0,7254.0,7089.5,7175.0,239735
2026-06-19,ABB,7163.66650390625,7248.0,7304.0,7183.0,7288.0,241827
2026-06-22,ABB,7173.55029296875,7258.0,7290.5,7200.0,7250.0,150159
2026-06-23,ABB,7075.2080078125,7158.5,7285.0,7109.0,7253.5,186185
2026-06-24,ABB,6886.43017578125,6967.5,7199.0,6935.0,7174.5,280561
2026-06-25,ABB,6911.63330078125,6993.0,7098.0,6963.0,7040.0,231515
2026-06-26,ABB,6911.63330078125,6993.0,6993.0,6993.0,6993.0,0
2026-06-29,ABB,7045.0625,7128.0,7268.0,6886.5,7000.0,915384
2026-06-30,ABB,6949.19140625,7031.0,7100.0,6993.0,7070.0,367996
2026-07-01,ABB,6856.28515625,6937.0,7073.5,6915.0,7046.0,146578
2026-07-02,ABB,6781.16943359375,6861.0,6961.0,6830.5,6950.0,264804
2026-07-03,ABB,6869.6279296875,6950.5,6975.0,6752.0,6881.0,345071
2026-07-06,ABB,6990.70263671875,7073.0,7085.0,6891.0,6985.5,238108
2026-07-07,ABB,6896.80810546875,6978.0,7107.0,6868.0,7107.0,229515
2026-07-08,ABB,6692.7109375,6771.5,6943.5,6725.0,6908.5,331230
2026-07-09,ABB,6740.646484375,6820.0,6861.5,6780.0,6780.0,119092
2026-07-10,ABB,6756.46044921875,6836.0,6911.0,6812.0,6835.0,110261
2026-07-13,ABB,6727.7978515625,6807.0,6872.0,6715.5,6800.0,297882
2026-07-14,ABB,6811.80859375,6892.0,6920.0,6744.0,6778.5,187662
2026-07-15,ABB,7120.67236328125,7204.5,7270.0,6926.5,6940.0,763817
2026-07-16,ABB,7578.28515625,7667.5,7924.5,7191.0,7210.5,2577801
2026-07-17,ABB,7418.66455078125,7506.0,7706.5,7485.0,7667.5,366304
2026-07-20,ABB,7429.53662109375,7517.0,7574.0,7416.5,7495.5,272955
2026-07-21,ABB,7444.36181640625,7532.0,7633.0,7492.5,7525.5,254098
2026-07-22,ABB,7418.66455078125,7506.0,7639.0,7485.5,7532.0,212131
2026-07-23,ABB,7440.40869140625,7528.0,7684.5,7486.0,7519.0,304111
2026-07-24,ABB,7289.68310546875,7375.5,7583.0,7333.0,7498.0,258917
2026-07-27,ABB,7242.2412109375,7327.5,7434.0,7225.0,7419.0,370848
2026-07-28,ABB,7159.21875,7243.5,7350.0,7190.0,7327.5,293933
2026-07-29,ABB,7225.439453125,7310.5,7458.0,7085.0,7247.0,570622
2026-07-30,ABB,7206.66015625,7291.5,7332.0,7195.0,7332.0,335960
2026-07-31,ABB,7199.74169921875,7284.5,7485.0,7201.5,7350.5,348950
2026-08-03,ABB,7512.55908203125,7601.0,7657.0,7243.0,7243.5,1207164
2026-08-04,ABB,7610.4072265625,7700.0,7894.5,7600.5,7601.0,718380
2026-08-05,ABB,7601.017578125,7690.5,7833.0,7675.0,7748.0,267379
2026-08-06,ABB,7645.0,7735.0,7784.5,7671.0,7737.0,159592
2026-08-07,ABB,7600.0,7600.0,7670.0,7580.0,7657.5,179322
2026-08-10,ABB,7649.5,7649.5,7723.5,7535.0,7639.5,202217
2026-08-11,ABB,7611.5,7611.5,7714.0,7561.5,7649.5,147983
2026-08-12,ABB,7710.0,7710.0,7741.0,7585.5,7611.5,224512
2026-08-13,ABB,7710.0,7710.0,7772.0,7659.0,7750.0,131083
2026-08-14,ABB,7649.0,7649.0,7825.0,7639.0,7710.0,163080
2026-08-17,ABB,7660.0,7660.0,7760.0,7627.0,7652.5,93962
2026-08-18,ABB,7546.0,7546.0,7734.0,7528.5,7660.0,126259
2026-08-19,ABB,7430.0,7430.0,7543.0,7391.5,7525.0,187000
2026-08-20,ABB,7479.0,7479.0,7481.5,7393.0,7450.5,195920
2026-08-21,ABB,7424.0,7424.0,7545.0,7405.0,7474.0,85392
2026-08-24,ABB,7504.0,7504.0,7566.5,7429.5,7460.0,118675
2026-08-25,ABB,7627.0,7627.0,7627.0,7435.0,7510.0,178245
2026-08-26,ABB,7609.0,7609.0,7699.0,7581.0,7630.0,200058
2026-08-27,ABB,7490.0,7490.0,7693.0,7490.0,7600.0,189460
2026-08-28,ABB,,,7529.0,7440.0,7501.0,98511
