Date,Symbol,Adj Close,Close,High,Low,Open,Volume
2018-03-23,BDL,169.85206604003906,194.89999389648438,201.35000610351562,181.0,185.0,7879318
2018-03-26,BDL,172.9676055908203,198.47500610351562,207.3000030517578,194.5,194.89999389648438,2348330
2018-03-27,BDL,176.7149658203125,202.77499389648438,204.39999389648438,199.75,200.125,1031072
2018-03-28,BDL,172.83685302734375,198.3249969482422,202.5,197.14999389648438,200.5,353908
2018-04-02,BDL,170.91958618164062,196.125,201.0,195.02499389648438,199.5,214862
2018-04-03,BDL,170.91958618164062,196.125,198.9499969482422,194.52499389648438,196.35000610351562,228450
2018-04-04,BDL,170.85423278808594,196.0500030517578,197.5,194.25,196.0,240096
2018-04-05,BDL,169.45985412597656,194.4499969482422,198.14999389648438,194.0,196.52499389648438,139336
2018-04-06,BDL,170.2659912109375,195.375,195.9499969482422,193.125,194.85000610351562,149948
2018-04-09,BDL,169.91737365722656,194.97500610351562,196.5,187.5,196.0,176604
2018-04-10,BDL,167.71690368652344,192.4499969482422,195.39999389648438,191.9499969482422,193.5500030517578,100110
2018-04-11,BDL,166.1046142578125,190.60000610351562,194.39999389648438,190.0,194.39999389648438,95608
2018-04-12,BDL,163.66448974609375,187.8000030517578,192.0,187.5,190.25,122028
2018-04-13,BDL,163.70806884765625,187.85000610351562,191.0,186.14999389648438,186.14999389648438,182670
2018-04-16,BDL,174.10049438476562,199.77499389648438,205.0,186.5,186.5,1103868
2018-04-17,BDL,176.5406494140625,202.5749969482422,208.89999389648438,200.1999969482422,201.35000610351562,920306
2018-04-18,BDL,176.34458923339844,202.35000610351562,204.8249969482422,200.52499389648438,203.9250030517578,258030
2018-04-19,BDL,180.83270263671875,207.5,210.9499969482422,203.1750030517578,204.25,915076
2018-04-20,BDL,181.0941619873047,207.8000030517578,209.5,205.5,207.9499969482422,440532
2018-04-23,BDL,177.82611083984375,204.0500030517578,210.5,203.25,207.89999389648438,302418
2018-04-24,BDL,178.0439910888672,204.3000030517578,205.89999389648438,202.4499969482422,204.0749969482422,149724
2018-04-25,BDL,177.89144897460938,204.125,205.0,202.5,203.0,116550
2018-04-26,BDL,176.5406494140625,202.5749969482422,203.875,202.3249969482422,202.75,68038
2018-04-27,BDL,176.47532653808594,202.5,203.0500030517578,201.5,201.5,79968
2018-04-30,BDL,175.32058715820312,201.1750030517578,205.6999969482422,197.0500030517578,200.27499389648438,139808
2018-05-02,BDL,169.98275756835938,195.0500030517578,201.97500610351562,193.52499389648438,198.0,98920
2018-05-03,BDL,170.94139099121094,196.14999389648438,197.5,193.1750030517578,196.5,64546
2018-05-04,BDL,169.43807983398438,194.4250030517578,197.0,194.0,196.5,41144
2018-05-07,BDL,169.17665100097656,194.125,196.14999389648438,193.0,194.0,57830
2018-05-08,BDL,169.11126708984375,194.0500030517578,198.5,193.0500030517578,195.0,534490
2018-05-09,BDL,169.0023651123047,193.9250030517578,197.0,192.5,197.0,175524
2018-05-10,BDL,169.11126708984375,194.0500030517578,195.4499969482422,193.5,193.5,73980
2018-05-11,BDL,169.08946228027344,194.02499389648438,194.85000610351562,193.5,194.375,61328
2018-05-14,BDL,169.08946228027344,194.02499389648438,194.52499389648438,193.0,193.0,55698
2018-05-15,BDL,166.5186004638672,191.0749969482422,193.375,190.5,190.5,51012
2018-05-16,BDL,165.1460418701172,189.5,190.25,189.0,190.0,38232
2018-05-17,BDL,165.7560272216797,190.1999969482422,191.97500610351562,188.52499389648438,188.52499389648438,31314
2018-05-18,BDL,161.6165313720703,185.4499969482422,190.3249969482422,185.0,188.02499389648438,100708
2018-05-21,BDL,162.22654724121094,186.14999389648438,187.8249969482422,185.0,185.5,84330
2018-05-22,BDL,164.01307678222656,188.1999969482422,189.5,185.0,185.02499389648438,52796
2018-05-23,BDL,165.36387634277344,189.75,190.35000610351562,186.0,186.0,49596
2018-05-24,BDL,165.5164031982422,189.9250030517578,192.0,187.875,190.5,40638
2018-05-25,BDL,166.97613525390625,191.60000610351562,192.27499389648438,188.22500610351562,188.5,44886
2018-05-28,BDL,172.66258239746094,198.125,199.4499969482422,190.0500030517578,190.0500030517578,86166
2018-05-29,BDL,175.42950439453125,201.3000030517578,205.72500610351562,198.47500610351562,198.47500610351562,300474
2018-05-30,BDL,175.29876708984375,201.14999389648438,202.5,199.0,200.0,71636
2018-05-31,BDL,176.6495819091797,202.6999969482422,212.5,201.5,210.0,358856
2018-06-01,BDL,174.81947326660156,200.60000610351562,204.72500610351562,200.0,203.47500610351562,93420
2018-06-04,BDL,172.401123046875,197.8249969482422,201.5,195.0,201.5,67770
2018-06-05,BDL,169.08946228027344,194.02499389648438,197.52499389648438,193.0,197.5,73806
2018-06-06,BDL,169.32913208007812,194.3000030517578,195.02499389648438,192.39999389648438,195.0,37926
2018-06-07,BDL,174.66697692871094,200.4250030517578,202.5,192.52499389648438,192.52499389648438,186682
2018-06-08,BDL,173.5122528076172,199.10000610351562,200.4250030517578,197.5,200.0500030517578,35756
2018-06-11,BDL,172.8804168701172,198.375,200.0,197.3249969482422,198.3249969482422,41700
2018-06-12,BDL,173.90440368652344,199.5500030517578,202.125,197.5,199.5,65610
2018-06-13,BDL,172.3793182373047,197.8000030517578,199.0,197.0,197.75,32344
2018-06-14,BDL,173.09829711914062,198.625,200.75,195.10000610351562,197.0,63092
2018-06-15,BDL,175.2552490234375,201.10000610351562,203.72500610351562,196.77499389648438,197.0,112198
2018-06-18,BDL,171.4642791748047,196.75,201.6999969482422,196.27499389648438,200.75,47752
2018-06-19,BDL,169.37271118164062,194.35000610351562,197.4250030517578,192.97500610351562,196.0,44760
2018-06-20,BDL,168.26156616210938,193.0749969482422,194.75,192.5,192.5,28810
2018-06-21,BDL,166.56216430664062,191.125,192.5,190.72500610351562,191.1999969482422,31044
2018-06-22,BDL,165.8867950439453,190.35000610351562,191.875,189.5,190.3000030517578,38542
2018-06-25,BDL,166.75828552246094,191.35000610351562,192.25,190.0,190.375,39474
2018-06-26,BDL,163.51199340820312,187.625,193.0,187.0,193.0,55254
2018-06-27,BDL,163.55557250976562,187.6750030517578,189.875,186.25,189.14999389648438,46592
2018-06-28,BDL,162.05227661132812,185.9499969482422,189.0,185.0,187.5,39706
2018-06-29,BDL,163.9041290283203,188.0749969482422,188.89999389648438,186.02499389648438,186.4499969482422,27910
2018-07-02,BDL,161.72544860839844,185.5749969482422,189.1750030517578,184.0,189.1750030517578,32112
2018-07-03,BDL,164.57957458496094,188.85000610351562,190.0,184.02499389648438,185.0,46934
2018-07-04,BDL,163.99130249023438,188.1750030517578,189.8000030517578,186.10000610351562,187.5,21660
2018-07-05,BDL,162.1612091064453,186.0749969482422,188.9499969482422,185.625,188.02499389648438,24576
2018-07-06,BDL,163.31588745117188,187.39999389648438,188.0,185.14999389648438,185.14999389648438,32402
2018-07-09,BDL,162.40086364746094,186.35000610351562,188.97500610351562,186.0,187.39999389648438,28686
2018-07-10,BDL,164.7974090576172,189.10000610351562,191.97500610351562,185.0500030517578,188.0,82366
2018-07-11,BDL,165.4510040283203,189.85000610351562,193.0749969482422,187.5,187.5,64652
2018-07-12,BDL,164.16558837890625,188.375,190.75,187.1999969482422,188.77499389648438,36164
2018-07-13,BDL,160.67965698242188,184.375,188.75,183.75,188.75,52004
2018-07-16,BDL,157.49876403808594,180.72500610351562,184.22500610351562,180.25,182.5,52310
2018-07-17,BDL,156.27867126464844,179.3249969482422,181.4499969482422,178.52499389648438,179.0,50570
2018-07-18,BDL,155.6686553955078,178.625,181.97500610351562,177.8000030517578,177.8000030517578,41446
2018-07-19,BDL,153.38104248046875,176.0,181.85000610351562,175.02499389648438,181.85000610351562,121290
2018-07-20,BDL,149.41578674316406,171.4499969482422,177.4499969482422,170.75,177.4499969482422,44702
2018-07-23,BDL,146.56163024902344,168.1750030517578,174.0749969482422,167.5500030517578,171.39999389648438,44442
2018-07-24,BDL,150.09115600585938,172.22500610351562,172.97500610351562,166.5,167.5,65404
2018-07-25,BDL,150.614013671875,172.8249969482422,174.5,171.47500610351562,174.5,50112
2018-07-26,BDL,149.7207794189453,171.8000030517578,172.5,169.89999389648438,172.5,162028
2018-07-27,BDL,149.17608642578125,171.1750030517578,175.125,170.75,175.0,86550
2018-07-30,BDL,163.70806884765625,187.85000610351562,192.27499389648438,171.0500030517578,171.0500030517578,191964
2018-07-31,BDL,167.41189575195312,192.10000610351562,194.5,187.85000610351562,189.1999969482422,271294
2018-08-01,BDL,166.12643432617188,190.625,193.85000610351562,189.5,192.10000610351562,80904
2018-08-02,BDL,164.23095703125,188.4499969482422,190.0,186.02499389648438,188.5,51390
2018-08-03,BDL,164.0784454345703,188.27499389648438,190.0,187.5500030517578,189.9499969482422,39130
2018-08-06,BDL,163.1198272705078,187.1750030517578,191.875,186.8000030517578,188.0,88356
2018-08-07,BDL,161.59474182128906,185.4250030517578,193.10000610351562,184.89999389648438,189.0,60460
2018-08-08,BDL,160.9846954345703,184.72500610351562,186.9499969482422,182.52499389648438,185.0,40798
2018-08-09,BDL,163.33766174316406,187.4250030517578,190.97500610351562,182.77499389648438,182.77499389648438,98460
2018-08-10,BDL,164.6667022705078,188.9499969482422,190.0,185.9250030517578,185.9250030517578,73744
2018-08-13,BDL,165.4728240966797,189.875,190.89999389648438,185.9250030517578,187.5,43388
2018-08-14,BDL,161.59474182128906,185.4250030517578,192.625,180.10000610351562,190.0,199948
2018-08-16,BDL,160.4835968017578,184.14999389648438,184.9250030517578,181.60000610351562,182.5,45886
2018-08-17,BDL,159.91714477539062,183.5,187.5,182.6750030517578,187.5,35612
2018-08-20,BDL,160.28750610351562,183.9250030517578,187.4499969482422,182.0749969482422,183.5,51606
2018-08-21,BDL,158.6970672607422,182.10000610351562,184.4499969482422,181.0749969482422,181.0749969482422,27238
2018-08-23,BDL,157.78196716308594,181.0500030517578,182.4499969482422,180.47500610351562,181.47500610351562,41630
2018-08-24,BDL,156.322265625,179.375,182.5,179.0,181.0,25980
2018-08-27,BDL,157.12838745117188,180.3000030517578,182.5,180.0,182.5,28784
2018-08-28,BDL,154.8843231201172,177.72500610351562,181.0,177.0500030517578,180.3000030517578,55952
2018-08-29,BDL,154.31784057617188,177.0749969482422,179.5,176.10000610351562,177.5,38974
2018-08-30,BDL,153.22848510742188,175.8249969482422,177.52499389648438,175.5,177.22500610351562,24196
2018-08-31,BDL,152.4877471923828,174.97500610351562,176.0,174.3000030517578,176.0,30938
2018-09-03,BDL,156.1915283203125,179.22500610351562,179.5749969482422,174.97500610351562,175.0,33676
2018-09-04,BDL,156.08262634277344,179.10000610351562,180.5,177.89999389648438,179.22500610351562,28604
2018-09-05,BDL,151.87770080566406,174.27499389648438,179.72500610351562,173.72500610351562,179.4499969482422,53272
2018-09-06,BDL,150.59225463867188,172.8000030517578,177.0,171.0,174.3000030517578,79126
2018-09-07,BDL,151.65980529785156,174.02499389648438,181.0,171.35000610351562,174.1999969482422,152498
2018-09-10,BDL,153.42457580566406,176.0500030517578,178.1999969482422,173.9499969482422,175.4250030517578,47742
2018-09-11,BDL,151.79054260253906,174.1750030517578,177.47500610351562,173.0,176.5,554062
2018-09-12,BDL,150.59225463867188,172.8000030517578,176.25,170.02499389648438,176.25,32828
2018-09-14,BDL,151.4419403076172,173.77499389648438,176.25,173.0500030517578,173.0500030517578,41158
2018-09-17,BDL,152.40060424804688,174.875,176.25,172.52499389648438,172.5500030517578,44996
2018-09-18,BDL,153.1304168701172,172.0500030517578,189.625,169.8000030517578,172.1999969482422,778874
2018-09-19,BDL,148.3019561767578,166.625,174.97500610351562,165.9499969482422,174.35000610351562,316510
2018-09-21,BDL,142.22750854492188,159.8000030517578,172.375,155.0,168.5,97928
2018-09-24,BDL,136.3977813720703,153.25,161.97500610351562,152.0749969482422,160.0,70294
2018-09-25,BDL,133.17137145996094,149.625,153.75,149.0,152.5,77620
2018-09-26,BDL,133.83889770507812,150.375,153.5,149.35000610351562,149.5,35050
2018-09-27,BDL,130.6792755126953,146.8249969482422,152.5749969482422,146.0,151.89999389648438,51770
2018-09-28,BDL,124.80506134033203,140.22500610351562,147.375,140.0,146.5,72890
2018-10-01,BDL,124.76058197021484,140.1750030517578,143.97500610351562,137.5,140.22500610351562,66564
2018-10-03,BDL,126.27363586425781,141.875,143.1999969482422,140.39999389648438,140.4499969482422,46376
2018-10-04,BDL,124.78282928466797,140.1999969482422,141.5,139.0500030517578,141.5,34686
2018-10-05,BDL,122.86920928955078,138.0500030517578,142.5,137.72500610351562,142.5,35820
2018-10-08,BDL,122.13494873046875,137.22500610351562,138.97500610351562,133.1999969482422,137.5,38652
2018-10-09,BDL,119.86537170410156,134.6750030517578,140.5,132.5,140.5,48536
2018-10-10,BDL,124.42681884765625,139.8000030517578,142.0,135.125,137.4499969482422,109124
2018-10-11,BDL,125.78410339355469,141.3249969482422,141.89999389648438,135.85000610351562,138.0,40532
2018-10-12,BDL,125.89532470703125,141.4499969482422,143.5,139.52499389648438,141.5,21566
2018-10-15,BDL,126.56289672851562,142.1999969482422,142.5,139.5,139.5,90522
2018-10-16,BDL,128.00918579101562,143.8249969482422,145.97500610351562,141.3000030517578,142.1999969482422,36822
2018-10-17,BDL,127.16365051269531,142.875,149.5,141.375,149.0,21078
2018-10-19,BDL,123.603515625,138.875,142.875,137.3000030517578,142.875,29526
2018-10-22,BDL,121.46746063232422,136.47500610351562,141.47500610351562,135.5,137.0500030517578,25800
2018-10-23,BDL,119.6873550415039,134.47500610351562,136.0,133.25,135.0,19386
2018-10-24,BDL,124.40452575683594,139.77499389648438,140.64999389648438,132.97500610351562,134.47500610351562,28854
2018-10-25,BDL,126.07334899902344,141.64999389648438,143.89999389648438,136.5,138.1999969482422,28016
2018-10-26,BDL,125.73963165283203,141.27499389648438,143.0,137.5,141.6750030517578,22744
2018-10-29,BDL,124.560302734375,139.9499969482422,141.5500030517578,138.5500030517578,140.97500610351562,22400
2018-10-30,BDL,125.25008392333984,140.72500610351562,141.35000610351562,139.22500610351562,139.97500610351562,21030
2018-10-31,BDL,125.62835693359375,141.14999389648438,141.89999389648438,138.0,138.0,16390
2018-11-01,BDL,129.05496215820312,145.0,146.77499389648438,140.64999389648438,140.64999389648438,129528
2018-11-02,BDL,128.78797912597656,144.6999969482422,147.0,143.64999389648438,147.0,36096
2018-11-05,BDL,130.54580688476562,146.6750030517578,149.39999389648438,144.0,145.0,27706
2018-11-06,BDL,128.2761993408203,144.125,147.5500030517578,143.8000030517578,145.39999389648438,13964
2018-11-07,BDL,131.85858154296875,148.14999389648438,150.0,144.0,144.0,15628
2018-11-09,BDL,141.55996704101562,159.0500030517578,163.375,146.625,150.0,137270
2018-11-12,BDL,131.3022918701172,147.52499389648438,156.0,144.75,155.52499389648438,87010
2018-11-13,BDL,129.1884765625,145.14999389648438,148.72500610351562,144.89999389648438,145.0,18754
2018-11-14,BDL,126.31812286376953,141.9250030517578,145.9250030517578,141.5,145.3000030517578,22494
2018-11-15,BDL,126.34040069580078,141.9499969482422,144.0,141.5,144.0,15428
2018-11-16,BDL,125.76184844970703,141.3000030517578,143.4499969482422,140.97500610351562,143.4499969482422,11868
2018-11-19,BDL,125.22782135009766,140.6999969482422,142.47500610351562,140.0,141.5,114774
2018-11-20,BDL,125.69508361816406,141.22500610351562,142.5,140.0,142.5,14294
2018-11-21,BDL,125.8508529663086,141.39999389648438,144.47500610351562,137.85000610351562,140.5,44274
2018-11-22,BDL,125.2723388671875,140.75,142.375,140.0,141.8249969482422,11036
2018-11-26,BDL,124.00401306152344,139.3249969482422,141.97500610351562,138.52499389648438,141.5,15710
2018-11-27,BDL,124.8940658569336,140.3249969482422,144.1750030517578,137.5,137.5500030517578,31642
2018-11-28,BDL,123.38101196289062,138.625,140.27499389648438,138.0749969482422,140.25,18918
2018-11-29,BDL,123.35875701904297,138.60000610351562,140.0,137.125,140.0,25824
2018-11-30,BDL,125.18333435058594,140.64999389648438,142.0,137.9499969482422,138.0500030517578,22912
2018-12-03,BDL,123.73703002929688,139.02499389648438,141.0500030517578,137.77499389648438,141.0,32370
2018-12-04,BDL,124.71607208251953,140.125,141.0,138.64999389648438,140.75,23058
2018-12-05,BDL,123.67024993896484,138.9499969482422,140.5500030517578,137.8000030517578,140.14999389648438,17730
2018-12-06,BDL,122.42422485351562,137.5500030517578,138.375,136.5,137.5,13140
2018-12-07,BDL,120.51063537597656,135.39999389648438,140.9250030517578,135.0,139.02499389648438,22464
2018-12-10,BDL,119.1533432006836,133.875,135.75,133.10000610351562,135.0,105094
2018-12-11,BDL,120.06563568115234,134.89999389648438,136.0,130.0,132.5,11072
2018-12-12,BDL,121.24493408203125,136.22500610351562,137.0,134.625,135.5,11994
2018-12-13,BDL,125.38359069824219,140.875,141.4499969482422,135.75,138.125,35734
2018-12-14,BDL,125.76184844970703,141.3000030517578,144.0500030517578,138.52499389648438,138.5500030517578,20912
2018-12-17,BDL,125.56163024902344,141.0749969482422,143.0,138.3000030517578,141.3000030517578,29472
2018-12-18,BDL,125.80636596679688,141.35000610351562,142.3249969482422,139.5,142.0,17216
2018-12-19,BDL,125.33910369873047,140.8249969482422,142.14999389648438,140.02499389648438,141.0,22168
2018-12-20,BDL,126.0066146850586,141.5749969482422,143.9499969482422,139.9250030517578,140.8249969482422,30442
2018-12-21,BDL,126.69640350341797,142.35000610351562,143.47500610351562,139.5,140.625,20128
2018-12-24,BDL,123.91503143310547,139.22500610351562,142.5,138.52499389648438,142.5,25680
2018-12-26,BDL,122.71350860595703,137.875,139.9250030517578,136.5749969482422,138.0500030517578,17186
2018-12-27,BDL,122.37970733642578,137.5,138.8249969482422,137.0,137.5,13248
2018-12-28,BDL,122.62446594238281,137.77499389648438,139.39999389648438,137.10000610351562,137.5,11884
2018-12-31,BDL,122.93598175048828,138.125,139.5,137.52499389648438,138.625,25176
2019-01-01,BDL,122.958251953125,138.14999389648438,139.64999389648438,136.625,139.64999389648438,27946
2019-01-02,BDL,125.31685638427734,140.8000030517578,142.1999969482422,136.6750030517578,136.6750030517578,46122
2019-01-03,BDL,123.58126068115234,138.85000610351562,141.35000610351562,138.0,140.0,44524
2019-01-04,BDL,122.44647216796875,137.5749969482422,139.625,136.52499389648438,136.52499389648438,19430
2019-01-07,BDL,123.87053680419922,139.1750030517578,141.5,138.5500030517578,138.64999389648438,21876
2019-01-08,BDL,132.4148712158203,148.77499389648438,160.0500030517578,137.6750030517578,141.4499969482422,221820
2019-01-09,BDL,127.18589782714844,142.89999389648438,148.5,142.0,148.5,71698
2019-01-10,BDL,128.69895935058594,144.60000610351562,145.75,141.4250030517578,142.85000610351562,69714
2019-01-11,BDL,127.18589782714844,142.89999389648438,146.10000610351562,142.02499389648438,145.0500030517578,20570
2019-01-14,BDL,124.22655487060547,139.5749969482422,144.0,138.5,144.0,18496
2019-01-15,BDL,125.02758026123047,140.47500610351562,142.25,139.125,140.0,15620
2019-01-16,BDL,129.05496215820312,145.0,146.0,138.8249969482422,140.02499389648438,57888
2019-01-17,BDL,129.76698303222656,145.8000030517578,148.35000610351562,143.125,143.125,77594
2019-01-18,BDL,126.54061126708984,142.1750030517578,146.3249969482422,141.14999389648438,145.8000030517578,46584
2019-01-21,BDL,124.07077026367188,139.39999389648438,142.0,138.35000610351562,141.89999389648438,29386
2019-01-22,BDL,122.20169830322266,137.3000030517578,140.1750030517578,136.5,139.39999389648438,28616
2019-01-23,BDL,121.71219635009766,136.75,138.75,136.0,137.0,18218
2019-01-24,BDL,120.08788299560547,134.9250030517578,139.77499389648438,134.0500030517578,136.8000030517578,22860
2019-01-25,BDL,117.32876586914062,131.8249969482422,138.22500610351562,130.6750030517578,136.9499969482422,54696
2019-01-28,BDL,115.5264663696289,129.8000030517578,132.97500610351562,127.44999694824219,131.52499389648438,28662
2019-01-29,BDL,114.52517700195312,128.6750030517578,130.47500610351562,128.5,129.8000030517578,20224
2019-01-30,BDL,115.10369873046875,129.3249969482422,131.5,127.6500015258789,130.0,17100
2019-01-31,BDL,114.836669921875,129.02499389648438,132.5,128.125,132.5,19642
2019-02-01,BDL,114.45841979980469,128.60000610351562,132.0,128.0,129.375,28962
2019-02-04,BDL,112.23333740234375,126.0999984741211,130.0,125.05000305175781,130.0,20444
2019-02-05,BDL,108.9179458618164,122.375,127.0,121.0,127.0,28440
2019-02-06,BDL,104.26753234863281,117.1500015258789,123.8499984741211,115.5,121.32499694824219,55110
2019-02-07,BDL,108.2059097290039,121.57499694824219,126.5,117.0,117.0,36462
2019-02-08,BDL,109.34071350097656,122.8499984741211,125.0,118.67500305175781,121.5,44058
2019-02-11,BDL,108.2059097290039,121.57499694824219,125.5,120.5,125.5,41660
2019-02-12,BDL,104.97955322265625,117.94999694824219,122.0,117.5,121.57499694824219,27182
2019-02-14,BDL,100.2401123046875,112.625,117.0,112.5,115.5,60914
2019-02-15,BDL,106.6038589477539,119.7750015258789,131.89999389648438,117.57499694824219,125.0,1013592
2019-02-18,BDL,107.42715454101562,120.69999694824219,123.82499694824219,117.5250015258789,117.5250015258789,146254
2019-02-19,BDL,109.54097747802734,123.07499694824219,125.82499694824219,120.69999694824219,120.69999694824219,162110
2019-02-20,BDL,107.78315734863281,121.0999984741211,124.875,120.5,124.0,104194
2019-02-21,BDL,111.87730407714844,125.69999694824219,126.19999694824219,121.8499984741211,121.875,92628
2019-02-22,BDL,112.56707000732422,126.4749984741211,128.5,125.8499984741211,126.0,59100
2019-02-25,BDL,112.74510192871094,126.67500305175781,128.5,124.69999694824219,124.69999694824219,106534
2019-02-26,BDL,111.92182159423828,125.75,127.8499984741211,122.5250015258789,125.0,53042
2019-02-27,BDL,129.4332275390625,145.4250030517578,147.5,124.7750015258789,126.25,1626328
2019-02-28,BDL,135.28521728515625,152.0,158.3000030517578,145.9499969482422,146.0,2197924
2019-03-01,BDL,127.6531982421875,143.4250030517578,153.5,142.60000610351562,152.0,476382
2019-03-05,BDL,128.2094268798828,144.0500030517578,145.8249969482422,138.5,144.3249969482422,278778
2019-03-06,BDL,126.80768585205078,142.47500610351562,146.1999969482422,142.0,145.0,182096
2019-03-07,BDL,124.38230895996094,139.75,144.0,138.52499389648438,143.8249969482422,65976
2019-03-08,BDL,121.845703125,136.89999389648438,139.75,135.0,139.75,65892
2019-03-11,BDL,124.84957885742188,140.27499389648438,143.64999389648438,137.10000610351562,137.9499969482422,136186
2019-03-12,BDL,127.3194351196289,143.0500030517578,145.0,141.64999389648438,141.6750030517578,135896
2019-03-13,BDL,127.6531982421875,143.4250030517578,144.9499969482422,141.5,143.52499389648438,89652
2019-03-14,BDL,126.89665985107422,142.5749969482422,144.39999389648438,142.10000610351562,143.0,53278
2019-03-15,BDL,127.36392211914062,143.10000610351562,145.0,141.8249969482422,142.5,68454
2019-03-18,BDL,129.41099548339844,145.39999389648438,148.0,144.25,145.0,172486
2019-03-19,BDL,127.96466064453125,143.77499389648438,146.39999389648438,143.4250030517578,145.5,64084
2019-03-20,BDL,127.47518920898438,143.22500610351562,145.0,142.6999969482422,143.5,65108
2019-03-22,BDL,127.5864486694336,143.35000610351562,144.97500610351562,142.5,143.52499389648438,59364
2019-03-25,BDL,125.80636596679688,141.35000610351562,142.72500610351562,140.0,141.89999389648438,64024
2019-03-26,BDL,127.57475280761719,140.6750030517578,142.10000610351562,139.14999389648438,140.75,66114
2019-03-27,BDL,129.75123596191406,143.0749969482422,150.9499969482422,138.77499389648438,140.5749969482422,377284
2019-03-28,BDL,127.73345947265625,140.85000610351562,144.22500610351562,140.27499389648438,142.97500610351562,63082
2019-04-01,BDL,128.3909454345703,141.5749969482422,143.5500030517578,141.27499389648438,142.5,54866
2019-04-02,BDL,129.29782104492188,142.5749969482422,143.5,141.27499389648438,142.5,56816
2019-04-03,BDL,128.36827087402344,141.5500030517578,143.35000610351562,141.27499389648438,142.52499389648438,41300
2019-04-04,BDL,128.23223876953125,141.39999389648438,143.0500030517578,141.0500030517578,141.75,17658
2019-04-05,BDL,130.3634033203125,143.75,146.0,140.3000030517578,142.5,107732
2019-04-08,BDL,133.33340454101562,147.02499389648438,148.5,145.10000610351562,147.5,131060
2019-04-09,BDL,133.37875366210938,147.0749969482422,147.97500610351562,145.5,147.97500610351562,48264
2019-04-10,BDL,132.3358612060547,145.9250030517578,147.3249969482422,145.60000610351562,147.0,33072
2019-04-11,BDL,140.4070281982422,154.8249969482422,160.4499969482422,144.5,147.0,3279144
2019-04-12,BDL,139.45480346679688,153.77499389648438,158.0,153.0,155.5,286064
2019-04-15,BDL,136.25808715820312,150.25,154.6999969482422,148.10000610351562,153.5,122318
2019-04-16,BDL,134.71641540527344,148.5500030517578,152.25,148.125,150.0,105330
2019-04-18,BDL,130.97552490234375,144.4250030517578,149.27499389648438,144.0,148.89999389648438,79904
2019-04-22,BDL,129.7965850830078,143.125,147.9250030517578,141.10000610351562,144.0,53196
2019-04-23,BDL,128.3909454345703,141.5749969482422,144.1750030517578,141.22500610351562,143.125,34550
2019-04-24,BDL,129.02574157714844,142.27499389648438,143.0,141.8000030517578,141.8000030517578,23424
2019-04-25,BDL,129.11642456054688,142.375,145.5,141.02499389648438,142.02499389648438,44660
2019-04-26,BDL,128.1642303466797,141.3249969482422,143.3000030517578,141.1999969482422,143.125,28100
2019-04-30,BDL,126.19175720214844,139.14999389648438,142.4499969482422,138.5,142.4499969482422,39454
2019-05-02,BDL,125.73832702636719,138.64999389648438,139.8249969482422,137.5500030517578,137.5500030517578,27638
2019-05-03,BDL,126.01036071777344,138.9499969482422,141.4499969482422,137.75,140.75,39650
2019-05-06,BDL,131.2022705078125,144.6750030517578,145.85000610351562,137.10000610351562,137.5,178574
2019-05-07,BDL,127.6881332397461,140.8000030517578,144.5,140.1750030517578,144.47500610351562,32486
2019-05-08,BDL,123.7658920288086,136.47500610351562,140.02499389648438,136.0,139.5,61646
2019-05-09,BDL,122.90433502197266,135.52499389648438,136.75,134.875,135.75,39328
2019-05-10,BDL,123.53916931152344,136.22500610351562,137.25,134.0500030517578,135.5,37270
2019-05-13,BDL,122.0201416015625,134.5500030517578,138.9499969482422,133.77499389648438,135.0,30508
2019-05-14,BDL,118.89143371582031,131.10000610351562,135.0,130.3000030517578,134.72500610351562,48086
2019-05-15,BDL,115.62667083740234,127.5,134.9499969482422,125.32499694824219,134.0,63606
2019-05-16,BDL,116.62422943115234,128.60000610351562,130.0,126.57499694824219,127.5250015258789,31912
2019-05-17,BDL,119.5942611694336,131.875,132.4499969482422,127.44999694824219,127.57499694824219,33074
2019-05-20,BDL,133.22006225585938,146.89999389648438,158.0,133.5500030517578,135.0,272024
2019-05-21,BDL,131.9957733154297,145.5500030517578,151.0,143.5,143.5,71618
2019-05-22,BDL,134.30831909179688,148.10000610351562,149.5,145.75,147.39999389648438,48208
2019-05-23,BDL,136.89288330078125,150.9499969482422,152.52499389648438,142.1999969482422,150.5,233360
2019-05-24,BDL,139.93093872070312,154.3000030517578,155.85000610351562,148.89999389648438,152.47500610351562,150030
2019-05-27,BDL,149.52113342285156,164.875,166.5,153.47500610351562,156.0,388786
2019-05-28,BDL,149.56649780273438,164.9250030517578,170.4499969482422,163.625,167.0,170476
2019-05-29,BDL,146.4151153564453,161.4499969482422,166.4499969482422,161.0,166.4499969482422,72770
2019-05-30,BDL,145.8936767578125,160.875,168.4499969482422,159.0,160.27499389648438,173728
2019-05-31,BDL,135.46458435058594,149.375,154.9250030517578,147.8000030517578,152.5,287388
2019-06-03,BDL,136.8475799560547,150.89999389648438,153.375,147.02499389648438,149.52499389648438,64240
2019-06-04,BDL,137.77711486816406,151.9250030517578,153.375,148.125,152.35000610351562,65570
2019-06-06,BDL,132.8572998046875,146.5,151.9499969482422,145.5,151.9499969482422,44280
2019-06-07,BDL,131.791748046875,145.3249969482422,147.375,144.3249969482422,144.3249969482422,27626
2019-06-10,BDL,129.45654296875,142.75,146.5,142.0500030517578,145.02499389648438,39814
2019-06-11,BDL,132.47189331054688,146.0749969482422,151.64999389648438,140.75,142.0,215800
2019-06-12,BDL,141.94871520996094,156.52499389648438,158.89999389648438,145.125,147.0,587952
2019-06-13,BDL,137.7091064453125,151.85000610351562,155.47500610351562,150.5,155.4250030517578,111520
2019-06-14,BDL,135.9860382080078,149.9499969482422,154.0500030517578,149.02499389648438,153.625,61682
2019-06-17,BDL,133.8094940185547,147.5500030517578,152.4499969482422,146.75,150.6999969482422,45538
2019-06-18,BDL,141.54061889648438,156.0749969482422,157.35000610351562,147.5,147.5,728174
2019-06-19,BDL,141.63136291503906,156.1750030517578,161.39999389648438,152.5500030517578,154.64999389648438,322476
2019-06-20,BDL,140.70176696777344,155.14999389648438,157.22500610351562,153.3000030517578,155.9250030517578,76616
2019-06-21,BDL,138.52528381347656,152.75,155.85000610351562,151.5,154.0,57076
2019-06-24,BDL,138.36659240722656,152.5749969482422,154.52499389648438,151.625,151.625,39624
2019-06-25,BDL,139.59088134765625,153.9250030517578,159.0,146.5,146.5,118590
2019-06-26,BDL,140.54310607910156,154.97500610351562,155.97500610351562,152.875,152.875,56912
2019-06-27,BDL,142.60621643066406,157.25,158.0500030517578,155.5,156.5,67040
2019-06-28,BDL,154.0555419921875,169.875,170.9499969482422,157.5,157.5,2085230
2019-07-01,BDL,153.57945251464844,169.35000610351562,172.5,167.5,168.4499969482422,473034
2019-07-02,BDL,151.81105041503906,167.39999389648438,170.14999389648438,165.8000030517578,166.5,103344
2019-07-03,BDL,152.19642639160156,167.8249969482422,170.0,165.75,167.75,78572
2019-07-04,BDL,150.6774139404297,166.14999389648438,169.39999389648438,164.8000030517578,168.4499969482422,67122
2019-07-05,BDL,144.21595764160156,159.02499389648438,170.4499969482422,157.47500610351562,166.5,231604
2019-07-08,BDL,135.03379821777344,148.89999389648438,158.9250030517578,147.5,158.9250030517578,131966
2019-07-09,BDL,137.84512329101562,152.0,154.72500610351562,146.0,149.02499389648438,118106
2019-07-10,BDL,135.7593231201172,149.6999969482422,153.1750030517578,148.5,152.75,50732
2019-07-11,BDL,135.84999084472656,149.8000030517578,152.5,149.0,150.22500610351562,39682
2019-07-12,BDL,136.14474487304688,150.125,151.97500610351562,149.5,150.0,47256
2019-07-15,BDL,134.17227172851562,147.9499969482422,151.5,147.5749969482422,149.0,28798
2019-07-16,BDL,133.69619750976562,147.4250030517578,150.875,146.625,147.9499969482422,49192
2019-07-17,BDL,137.59573364257812,151.72500610351562,154.39999389648438,148.5,148.5,88530
2019-07-18,BDL,136.7342071533203,150.77499389648438,154.0,150.0,151.72500610351562,43304
2019-07-19,BDL,138.1625213623047,152.35000610351562,157.4499969482422,149.0,150.77499389648438,117282
2019-07-22,BDL,136.00869750976562,149.97500610351562,154.0,147.625,154.0,58770
2019-07-23,BDL,136.87022399902344,150.9250030517578,151.97500610351562,150.0,150.14999389648438,37022
2019-07-24,BDL,135.283203125,149.1750030517578,151.5,148.5500030517578,150.5,29016
2019-07-25,BDL,133.5148162841797,147.22500610351562,151.64999389648438,145.8000030517578,149.5,28452
2019-07-26,BDL,136.28077697753906,150.27499389648438,152.5,147.5500030517578,149.0,135162
2019-07-29,BDL,138.34393310546875,152.5500030517578,156.0,150.0,150.6750030517578,127192
2019-07-30,BDL,134.82977294921875,148.6750030517578,153.97500610351562,145.8000030517578,150.77499389648438,56734
2019-07-31,BDL,133.3107452392578,147.0,149.0,144.5,147.47500610351562,56668
2019-08-01,BDL,131.950439453125,145.5,147.14999389648438,143.375,146.64999389648438,54676
2019-08-02,BDL,134.82977294921875,148.6750030517578,152.0,142.8000030517578,142.8000030517578,66246
2019-08-05,BDL,131.27029418945312,144.75,146.9499969482422,142.1750030517578,145.0,91482
2019-08-06,BDL,130.72613525390625,144.14999389648438,147.4499969482422,141.625,142.5,28186
2019-08-07,BDL,130.88487243652344,144.3249969482422,146.72500610351562,143.375,143.375,24294
2019-08-08,BDL,132.8346710205078,146.47500610351562,146.9250030517578,143.8000030517578,144.5500030517578,87662
2019-08-09,BDL,133.87754821777344,147.625,149.5,145.4499969482422,147.4499969482422,31420
2019-08-13,BDL,132.3358612060547,145.9250030517578,150.47500610351562,142.9250030517578,144.14999389648438,82796
2019-08-14,BDL,133.3107452392578,147.0,148.5,144.27499389648438,144.27499389648438,94742
2019-08-16,BDL,131.791748046875,145.3249969482422,146.97500610351562,144.5,146.3000030517578,18002
2019-08-19,BDL,132.17715454101562,145.75,148.5,144.25,144.25,33578
2019-08-20,BDL,131.0889129638672,144.5500030517578,146.8249969482422,144.125,144.77499389648438,26816
2019-08-21,BDL,130.3180694580078,143.6999969482422,145.1750030517578,142.25,144.1999969482422,31676
2019-08-22,BDL,122.0201416015625,134.5500030517578,143.89999389648438,132.4250030517578,142.5,63202
2019-08-23,BDL,124.46868896484375,137.25,140.47500610351562,131.10000610351562,131.10000610351562,53658
2019-08-26,BDL,125.78368377685547,138.6999969482422,145.0,137.5,140.0,26954
2019-08-27,BDL,130.8168487548828,144.25,145.5,139.5,140.0,44940
2019-08-28,BDL,127.6881332397461,140.8000030517578,145.5,140.5,142.52499389648438,24842
2019-08-29,BDL,127.9148178100586,141.0500030517578,143.4250030517578,139.5749969482422,140.5500030517578,31828
2019-08-30,BDL,126.9626235961914,140.0,142.9250030517578,139.14999389648438,140.0500030517578,30170
2019-09-03,BDL,123.69786834716797,136.39999389648438,141.4499969482422,135.5500030517578,139.97500610351562,31458
2019-09-04,BDL,123.69786834716797,136.39999389648438,139.0,135.0749969482422,136.5,34000
2019-09-05,BDL,126.35044860839844,139.3249969482422,147.5500030517578,136.5,136.5,82588
2019-09-06,BDL,125.48893737792969,138.375,145.27499389648438,137.5749969482422,140.97500610351562,119298
2019-09-09,BDL,127.93751525878906,141.0749969482422,142.1750030517578,138.125,141.0,31464
2019-09-11,BDL,127.1893539428711,140.25,142.5500030517578,139.5,141.875,54758
2019-09-12,BDL,127.73345947265625,140.85000610351562,144.375,140.3000030517578,140.5,45472
2019-09-13,BDL,129.00306701660156,142.25,143.02499389648438,139.5,141.0,75682
2019-09-16,BDL,129.52455139160156,142.8249969482422,145.875,140.3249969482422,141.35000610351562,59928
2019-09-17,BDL,127.00794982910156,140.0500030517578,144.375,139.52499389648438,142.5,33536
2019-09-18,BDL,129.2298126220703,142.5,143.97500610351562,140.8000030517578,141.02499389648438,34854
2019-09-19,BDL,128.4635467529297,140.8249969482422,146.125,139.6999969482422,143.4499969482422,64976
2019-09-20,BDL,131.97561645507812,144.6750030517578,146.4499969482422,140.3000030517578,141.35000610351562,89622
2019-09-23,BDL,137.8366241455078,151.10000610351562,153.3000030517578,145.3249969482422,149.4499969482422,132064
2019-09-24,BDL,141.62232971191406,155.25,157.0,149.75,152.0,169724
2019-09-25,BDL,141.66793823242188,155.3000030517578,159.5,154.5,157.0,135790
2019-09-26,BDL,143.17311096191406,156.9499969482422,162.39999389648438,155.6750030517578,156.4250030517578,994696
2019-09-27,BDL,139.45582580566406,152.875,156.4499969482422,151.5500030517578,155.5,111522
2019-09-30,BDL,134.963134765625,147.9499969482422,153.5,147.0500030517578,151.6999969482422,55738
2019-10-01,BDL,132.29486083984375,145.02499389648438,153.5,143.3249969482422,147.125,167202
2019-10-03,BDL,133.9824676513672,146.875,147.97500610351562,142.6750030517578,144.97500610351562,54748
2019-10-04,BDL,132.8878173828125,145.6750030517578,149.375,145.0,147.1999969482422,36956
2019-10-07,BDL,129.99151611328125,142.5,147.5,141.5,147.5,52588
2019-10-09,BDL,130.5616455078125,143.125,144.85000610351562,141.0500030517578,142.75,42840
2019-10-10,BDL,129.14768981933594,141.5749969482422,143.3000030517578,141.0,142.3000030517578,31774
2019-10-11,BDL,128.5547637939453,140.9250030517578,143.5,140.25,142.0,41184
2019-10-14,BDL,128.25828552246094,140.60000610351562,142.4250030517578,140.0,141.3249969482422,30778
2019-10-15,BDL,128.32669067382812,140.6750030517578,141.89999389648438,140.0,141.0,29800
2019-10-16,BDL,127.32325744628906,139.5749969482422,140.72500610351562,139.25,140.6750030517578,28142
2019-10-17,BDL,127.87060546875,140.1750030517578,142.02499389648438,138.5,138.5,52106
2019-10-18,BDL,130.90374755859375,143.5,146.0,139.85000610351562,140.9499969482422,89134
2019-10-22,BDL,132.95623779296875,145.75,149.0,141.625,144.75,95386
2019-10-23,BDL,134.59820556640625,147.5500030517578,149.4250030517578,144.5,145.10000610351562,52146
2019-10-24,BDL,132.5685577392578,145.3249969482422,148.85000610351562,145.0,145.60000610351562,33488
2019-10-25,BDL,135.350830078125,148.375,149.97500610351562,144.0500030517578,146.39999389648438,75142
2019-10-27,BDL,138.1103057861328,151.39999389648438,151.9499969482422,149.60000610351562,150.1999969482422,50692
2019-10-29,BDL,149.49024963378906,163.875,169.75,150.75,150.75,499538
2019-10-30,BDL,153.5952606201172,168.375,174.0,161.3000030517578,165.375,409906
2019-10-31,BDL,149.763916015625,164.1750030517578,169.4250030517578,163.60000610351562,166.0,105942
2019-11-01,BDL,151.2234649658203,165.77499389648438,171.5500030517578,163.47500610351562,164.0,165272
2019-11-04,BDL,151.74798583984375,166.35000610351562,175.0,165.35000610351562,167.0,213602
2019-11-05,BDL,147.0956573486328,161.25,167.5500030517578,159.27499389648438,165.14999389648438,99832
2019-11-06,BDL,145.06597900390625,159.02499389648438,164.39999389648438,157.75,160.25,69112
2019-11-07,BDL,148.53240966796875,162.8249969482422,166.5,157.625,157.625,140370
2019-11-08,BDL,149.5814666748047,163.97500610351562,167.4499969482422,161.5,162.5,128270
2019-11-11,BDL,152.3181610107422,166.97500610351562,168.10000610351562,161.5500030517578,161.5500030517578,108134
2019-11-13,BDL,160.23165893554688,175.64999389648438,182.39999389648438,172.3249969482422,173.0,1451168
2019-11-14,BDL,154.64427185058594,169.52499389648438,178.39999389648438,168.64999389648438,176.77499389648438,183180
2019-11-15,BDL,152.1356658935547,166.77499389648438,171.97500610351562,166.14999389648438,170.85000610351562,70440
2019-11-18,BDL,147.89385986328125,162.125,168.0,160.5,166.02499389648438,112802
2019-11-19,BDL,150.03758239746094,164.47500610351562,166.97500610351562,162.125,162.125,87348
2019-11-20,BDL,156.33189392089844,171.375,177.22500610351562,165.0,168.3249969482422,573186
2019-11-21,BDL,159.47906494140625,174.8249969482422,180.89999389648438,170.10000610351562,172.1750030517578,511354
2019-11-22,BDL,159.38784790039062,174.72500610351562,179.89999389648438,172.64999389648438,175.8000030517578,205590
2019-11-25,BDL,157.5405731201172,172.6999969482422,177.5749969482422,172.0749969482422,173.0,114114
2019-11-26,BDL,157.1757049560547,172.3000030517578,176.5,169.0,173.6999969482422,172992
2019-11-27,BDL,155.48812866210938,170.4499969482422,175.9499969482422,169.52499389648438,171.0,90652
2019-11-28,BDL,154.05133056640625,168.875,172.5,167.4499969482422,170.4499969482422,72294
2019-11-29,BDL,152.04446411132812,166.6750030517578,174.97500610351562,164.5,174.97500610351562,197788
2019-12-02,BDL,151.4971160888672,166.0749969482422,171.0500030517578,165.0,165.0,95358
2019-12-03,BDL,148.23594665527344,162.5,168.9499969482422,161.4250030517578,167.4499969482422,93534
2019-12-04,BDL,145.4764862060547,159.47500610351562,161.8249969482422,158.0,161.25,101104
2019-12-05,BDL,140.3680419921875,153.875,161.1999969482422,153.5,160.1999969482422,125692
2019-12-06,BDL,137.28924560546875,150.5,155.4250030517578,148.64999389648438,154.39999389648438,138202
2019-12-09,BDL,135.0771484375,148.0749969482422,151.5,147.625,149.72500610351562,83384
2019-12-10,BDL,130.99497985839844,143.60000610351562,148.39999389648438,142.6750030517578,148.39999389648438,97280
2019-12-11,BDL,129.94590759277344,142.4499969482422,147.25,142.0,143.9499969482422,82310
2019-12-12,BDL,131.61070251464844,144.27499389648438,145.35000610351562,141.52499389648438,143.8000030517578,150220
2019-12-13,BDL,132.5685577392578,145.3249969482422,149.9250030517578,143.9250030517578,146.39999389648438,177404
2019-12-16,BDL,130.37921142578125,142.9250030517578,146.6999969482422,142.5749969482422,146.0,72472
2019-12-17,BDL,129.74069213867188,142.22500610351562,144.89999389648438,141.6999969482422,144.22500610351562,83016
2019-12-18,BDL,130.58445739746094,143.14999389648438,146.1999969482422,141.75,142.5,161362
2019-12-19,BDL,129.42140197753906,141.875,143.97500610351562,141.52499389648438,143.5,59600
2019-12-20,BDL,129.0792999267578,141.5,143.10000610351562,141.14999389648438,143.10000610351562,73514
2019-12-23,BDL,130.0371551513672,142.5500030517578,145.5749969482422,141.375,141.39999389648438,112208
2019-12-24,BDL,129.30734252929688,141.75,144.9250030517578,141.0500030517578,142.5500030517578,48736
2019-12-26,BDL,137.95066833496094,151.22500610351562,153.1999969482422,142.0,143.1750030517578,660400
2019-12-27,BDL,137.4945068359375,150.72500610351562,157.4250030517578,149.52499389648438,153.60000610351562,248308
2019-12-30,BDL,136.2858428955078,149.39999389648438,152.27499389648438,148.10000610351562,151.8249969482422,74052
2019-12-31,BDL,134.30177307128906,147.22500610351562,149.125,146.39999389648438,149.10000610351562,70988
2020-01-01,BDL,135.85255432128906,148.9250030517578,151.0,145.9250030517578,147.5,63494
2020-01-02,BDL,139.68385314941406,153.125,155.25,148.5,148.5,160282
2020-01-03,BDL,138.6119842529297,151.9499969482422,154.9499969482422,150.0,153.75,109498
2020-01-06,BDL,134.0965118408203,147.0,154.35000610351562,146.5,152.22500610351562,93016
2020-01-07,BDL,135.57884216308594,148.625,150.6750030517578,145.0,148.10000610351562,66828
2020-01-08,BDL,133.43516540527344,146.27499389648438,149.60000610351562,145.60000610351562,148.0,77194
2020-01-09,BDL,136.30865478515625,149.4250030517578,151.9499969482422,146.5500030517578,148.6750030517578,73220
2020-01-10,BDL,135.85255432128906,148.9250030517578,153.0,148.0,150.89999389648438,70796
2020-01-13,BDL,138.45236206054688,151.77499389648438,154.0,149.0,149.0,138354
2020-01-14,BDL,143.69766235351562,157.52499389648438,159.5,151.8000030517578,152.5,291240
2020-01-15,BDL,145.54489135742188,159.5500030517578,166.0,158.4499969482422,160.4499969482422,659388
2020-01-16,BDL,146.3202667236328,160.39999389648438,163.0,159.10000610351562,162.5,128688
2020-01-17,BDL,142.64859008789062,156.375,160.39999389648438,156.0,160.39999389648438,94908
2020-01-20,BDL,139.6610565185547,153.10000610351562,157.97500610351562,152.52499389648438,156.6999969482422,62522
2020-01-21,BDL,139.38739013671875,152.8000030517578,155.5,150.5,151.5,209720
2020-01-22,BDL,140.3680419921875,153.875,161.47500610351562,153.35000610351562,155.5,1755264
2020-01-23,BDL,138.292724609375,151.60000610351562,154.8249969482422,151.0,154.10000610351562,150662
2020-01-24,BDL,138.40675354003906,151.72500610351562,153.5749969482422,151.0,152.0500030517578,111578
2020-01-27,BDL,136.17181396484375,149.27499389648438,151.4499969482422,148.75,149.25,85650
2020-01-28,BDL,134.78065490722656,147.75,150.8249969482422,147.5,149.9250030517578,64458
2020-01-29,BDL,138.292724609375,151.60000610351562,155.47500610351562,148.0,148.97500610351562,213224
2020-01-30,BDL,136.12619018554688,149.22500610351562,153.25,147.3000030517578,151.0,120150
2020-01-31,BDL,132.3861083984375,145.125,150.75,144.125,149.22500610351562,117126
2020-02-03,BDL,125.95491790771484,138.0749969482422,142.4499969482422,137.5,141.5500030517578,112098
2020-02-04,BDL,127.30047607421875,139.5500030517578,141.9499969482422,139.0,139.4499969482422,68806
2020-02-05,BDL,130.4248046875,142.97500610351562,145.5,141.0,145.5,173702
2020-02-06,BDL,137.72259521484375,150.97500610351562,154.35000610351562,143.0,143.89999389648438,779194
2020-02-07,BDL,135.21401977539062,148.22500610351562,151.9499969482422,147.5500030517578,151.5,112302
2020-02-10,BDL,134.4158172607422,147.35000610351562,149.3249969482422,145.3000030517578,147.5,85904
2020-02-11,BDL,131.90719604492188,144.60000610351562,148.5,144.25,147.0,77862
2020-02-12,BDL,131.81597900390625,144.5,147.47500610351562,143.5,145.9250030517578,59322
2020-02-13,BDL,125.24797058105469,137.3000030517578,138.5,134.5,137.5,246770
2020-02-14,BDL,124.97431182861328,137.0,140.75,136.625,139.5,71860
2020-02-17,BDL,121.89556121826172,133.625,139.1750030517578,133.02499389648438,139.0,110272
2020-02-18,BDL,122.48849487304688,134.27499389648438,135.75,130.0500030517578,135.6999969482422,167162
2020-02-19,BDL,133.5263671875,146.375,152.89999389648438,135.77499389648438,135.77499389648438,1088896
2020-02-20,BDL,134.18775939941406,147.10000610351562,150.9250030517578,143.0,147.0,359026
2020-02-24,BDL,134.67706298828125,144.5,152.25,140.60000610351562,140.60000610351562,383472
2020-02-25,BDL,132.27708435058594,141.9250030517578,149.35000610351562,141.1999969482422,145.9499969482422,246684
2020-02-26,BDL,130.5528106689453,140.0749969482422,143.6750030517578,139.0,142.3249969482422,87822
2020-02-27,BDL,145.76808166503906,156.39999389648438,161.9499969482422,134.5500030517578,139.64999389648438,1903378
2020-02-28,BDL,127.75682067871094,137.0749969482422,146.6750030517578,136.125,143.5500030517578,521218
2020-03-02,BDL,123.2597885131836,132.25,143.0,130.02499389648438,140.1999969482422,255400
2020-03-03,BDL,124.4481201171875,133.52499389648438,137.125,130.5,133.5500030517578,356880
2020-03-04,BDL,121.46564483642578,130.3249969482422,134.6999969482422,128.14999389648438,134.5,176088
2020-03-05,BDL,122.5374755859375,131.47500610351562,137.0,129.75,130.5500030517578,203800
2020-03-06,BDL,116.45603942871094,124.94999694824219,128.1999969482422,122.4749984741211,125.4000015258789,185890
2020-03-09,BDL,109.8852767944336,117.9000015258789,123.0,114.0,122.9000015258789,280030
2020-03-11,BDL,107.90472412109375,115.7750015258789,120.8499984741211,115.0,115.7750015258789,100446
2020-03-12,BDL,95.6253662109375,102.5999984741211,112.32499694824219,100.67500305175781,112.32499694824219,213184
2020-03-13,BDL,95.41564178466797,102.375,105.17500305175781,87.0,90.375,225536
2020-03-16,BDL,90.94194793701172,97.57499694824219,102.92500305175781,97.05000305175781,101.0,124134
2020-03-17,BDL,89.52062225341797,96.05000305175781,99.69999694824219,95.0,97.0250015258789,114390
2020-03-18,BDL,86.28185272216797,92.57499694824219,98.5,88.4000015258789,96.55000305175781,152010
2020-03-19,BDL,80.85283660888672,86.75,90.3499984741211,83.5,90.3499984741211,158676
2020-03-20,BDL,84.60421752929688,90.7750015258789,92.69999694824219,86.0250015258789,86.80000305175781,123192
2020-03-23,BDL,75.05099487304688,80.5250015258789,87.3499984741211,72.6500015258789,82.5,136338
2020-03-24,BDL,73.67626953125,79.05000305175781,84.5,74.94999694824219,82.0,79368
2020-03-25,BDL,74.5849838256836,80.0250015258789,81.375,76.2750015258789,79.9749984741211,58972
2020-03-26,BDL,78.14995574951172,83.8499984741211,86.69999694824219,79.55000305175781,80.9749984741211,77266
2020-03-27,BDL,86.18864440917969,92.4749984741211,100.5999984741211,89.5,90.0,376984
2020-03-30,BDL,84.67411041259766,90.8499984741211,95.0,86.5,86.5,103036
2020-03-31,BDL,86.28185272216797,92.57499694824219,95.9000015258789,87.69999694824219,93.5,74762
2020-04-01,BDL,85.9090576171875,92.17500305175781,94.7249984741211,91.05000305175781,92.57499694824219,46774
2020-04-03,BDL,85.7226333618164,91.9749984741211,93.0999984741211,90.07499694824219,93.0,25642
2020-04-07,BDL,89.19441223144531,95.69999694824219,99.19999694824219,93.05000305175781,98.5,95614
2020-04-08,BDL,101.6834945678711,109.0999984741211,114.5,94.0999984741211,95.5,896810
2020-04-09,BDL,100.72818756103516,108.07499694824219,112.5,107.5,111.75,115418
2020-04-13,BDL,108.58045196533203,116.5,124.19999694824219,115.05000305175781,117.5,517784
2020-04-15,BDL,103.89704895019531,111.4749984741211,120.5,110.55000305175781,120.5,129760
2020-04-16,BDL,107.97463989257812,115.8499984741211,122.5,109.7249984741211,111.5,275298
2020-04-17,BDL,108.18433380126953,116.07499694824219,119.92500305175781,114.19999694824219,119.0,133412
2020-04-20,BDL,106.4601058959961,114.2249984741211,118.625,113.05000305175781,115.2750015258789,81584
2020-04-21,BDL,102.77861785888672,110.2750015258789,113.4749984741211,109.0250015258789,113.4749984741211,63426
2020-04-22,BDL,100.89128112792969,108.25,110.25,107.5,110.25,46988
2020-04-23,BDL,102.42912292480469,109.9000015258789,113.7750015258789,107.8499984741211,107.8499984741211,76206
2020-04-24,BDL,101.03107452392578,108.4000015258789,112.25,107.30000305175781,110.0,54226
2020-04-27,BDL,100.65827178955078,108.0,111.9000015258789,107.5,110.0,36460
2020-04-28,BDL,99.98255920410156,107.2750015258789,110.0,107.0,108.94999694824219,40140
2020-04-29,BDL,100.09906768798828,107.4000015258789,108.5,104.75,107.2750015258789,53418
2020-04-30,BDL,100.7980728149414,108.1500015258789,112.19999694824219,107.5,108.17500305175781,103786
2020-05-04,BDL,97.6990966796875,104.82499694824219,107.67500305175781,103.55000305175781,107.5,81382
2020-05-05,BDL,99.70294952392578,106.9749984741211,117.8499984741211,105.0250015258789,105.0250015258789,1385154
2020-05-06,BDL,103.38443756103516,110.92500305175781,114.7249984741211,107.0,108.0,1051106
2020-05-07,BDL,106.76302337646484,114.55000305175781,119.0,111.125,111.125,754714
2020-05-08,BDL,101.77669525146484,109.19999694824219,115.69999694824219,108.25,115.125,155158
2020-05-11,BDL,106.59990692138672,114.375,116.3499984741211,106.82499694824219,109.5,826366
2020-05-12,BDL,101.96310424804688,109.4000015258789,112.94999694824219,108.0,111.5,181718
2020-05-13,BDL,111.84253692626953,120.0,122.5,110.0,113.0,1883922
2020-05-14,BDL,109.74547576904297,117.75,121.9000015258789,116.0,117.4000015258789,370606
2020-05-15,BDL,111.56290435791016,119.69999694824219,121.4000015258789,116.0999984741211,118.5,640746
2020-05-18,BDL,109.34937286376953,117.32499694824219,126.0,116.0,125.0,906452
2020-05-19,BDL,105.34169006347656,113.0250015258789,119.69999694824219,111.125,117.55000305175781,203984
2020-05-20,BDL,106.48340606689453,114.25,116.9000015258789,112.5,112.69999694824219,128524
2020-05-21,BDL,107.15912628173828,114.9749984741211,117.5,114.25,115.0,99212
2020-05-22,BDL,104.92227172851562,112.57499694824219,114.8499984741211,111.80000305175781,114.8499984741211,65020
2020-05-26,BDL,104.036865234375,111.625,114.44999694824219,111.05000305175781,113.42500305175781,54962
2020-05-27,BDL,103.43103790283203,110.9749984741211,112.75,109.9749984741211,112.4000015258789,117020
2020-05-28,BDL,111.21340942382812,119.32499694824219,122.25,111.44999694824219,111.94999694824219,914456
2020-05-29,BDL,109.5124740600586,117.5,119.5,116.3499984741211,119.32499694824219,148680
2020-06-01,BDL,111.0270004272461,119.125,121.44999694824219,118.5250015258789,119.17500305175781,158188
2020-06-02,BDL,109.62897491455078,117.625,120.5,117.0,119.5,102704
2020-06-03,BDL,114.87158966064453,123.25,128.5,118.05000305175781,118.69999694824219,1142622
2020-06-04,BDL,111.56290435791016,119.69999694824219,124.75,117.5250015258789,123.25,199456
2020-06-05,BDL,113.28714752197266,121.55000305175781,124.44999694824219,118.375,119.69999694824219,226572
2020-06-08,BDL,114.75507354736328,123.125,129.5,122.05000305175781,122.4749984741211,654680
2020-06-09,BDL,112.5648422241211,120.7750015258789,123.2249984741211,119.05000305175781,121.8499984741211,137968
2020-06-10,BDL,113.170654296875,121.42500305175781,124.9000015258789,120.05000305175781,120.9749984741211,116464
2020-06-11,BDL,110.58428192138672,118.6500015258789,122.44999694824219,118.0999984741211,120.0,86464
2020-06-12,BDL,109.81537628173828,117.82499694824219,119.44999694824219,112.0,112.0,156218
2020-06-15,BDL,109.9784927368164,118.0,121.3499984741211,115.82499694824219,116.0,118872
2020-06-16,BDL,122.51416015625,131.4499969482422,135.0,117.1500015258789,119.4749984741211,1205816
2020-06-17,BDL,124.86751556396484,133.97500610351562,137.375,131.5,134.5,1635480
2020-06-18,BDL,126.28885650634766,135.5,138.75,130.0,132.72500610351562,696956
2020-06-19,BDL,124.30830383300781,133.375,137.0,132.5,136.25,172030
2020-06-22,BDL,124.91410064697266,134.02499389648438,138.0,132.5,134.14999389648438,273884
2020-06-23,BDL,126.19563293457031,135.39999389648438,137.5,134.0749969482422,135.39999389648438,147134
2020-06-24,BDL,121.7452621459961,130.625,136.1999969482422,130.10000610351562,136.1999969482422,162124
2020-06-25,BDL,138.6614227294922,148.77499389648438,155.9499969482422,128.5,130.75,2046110
2020-06-26,BDL,135.53915405273438,145.4250030517578,150.89999389648438,140.25,149.22500610351562,831760
2020-06-29,BDL,140.89830017089844,151.1750030517578,155.9499969482422,146.75,148.0,2026430
2020-06-30,BDL,155.29800415039062,166.625,178.5,162.75,174.5,11985318
2020-07-01,BDL,148.33114624023438,159.14999389648438,165.39999389648438,155.5,164.5,1958628
2020-07-02,BDL,155.95042419433594,167.3249969482422,169.4499969482422,158.75,159.47500610351562,1737626
2020-07-03,BDL,174.42771911621094,187.14999389648438,190.5,171.5500030517578,175.0,17527740
2020-07-06,BDL,199.84861755371094,214.4250030517578,223.22500610351562,187.14999389648438,192.10000610351562,25117734
2020-07-07,BDL,195.70115661621094,209.97500610351562,227.5,207.3000030517578,214.35000610351562,18124298
2020-07-08,BDL,185.37899780273438,198.89999389648438,216.85000610351562,196.0,209.0,6173882
2020-07-09,BDL,178.69175720214844,191.72500610351562,202.5,189.25,198.0,4722398
2020-07-10,BDL,189.13035583496094,202.9250030517578,207.4250030517578,189.0500030517578,191.5,10714190
2020-07-13,BDL,185.6352996826172,199.1750030517578,207.5,197.75,204.39999389648438,2853784
2020-07-14,BDL,181.0916748046875,194.3000030517578,204.85000610351562,193.5500030517578,202.5,2709014
2020-07-15,BDL,175.1267547607422,187.89999389648438,196.9250030517578,186.0749969482422,195.5,1530792
2020-07-16,BDL,167.5075225830078,179.72500610351562,188.5,177.25,187.4499969482422,1621364
2020-07-17,BDL,182.44309997558594,195.75,197.6750030517578,181.0500030517578,181.375,4796908
2020-07-20,BDL,180.92861938476562,194.125,201.75,192.0,199.0,2812770
2020-07-21,BDL,180.1363525390625,193.27499389648438,197.5,192.5,195.0,1196036
2020-07-22,BDL,175.91896057128906,188.75,198.39999389648438,186.25,193.97500610351562,1537892
2020-07-23,BDL,183.58485412597656,196.97500610351562,199.5,188.75,188.9499969482422,3583944
2020-07-24,BDL,176.87429809570312,189.77499389648438,195.9499969482422,188.5500030517578,194.89999389648438,1287582
2020-07-27,BDL,173.33261108398438,185.97500610351562,191.35000610351562,185.0,190.8000030517578,656312
2020-07-28,BDL,180.5791015625,193.75,195.3000030517578,187.5749969482422,188.22500610351562,1413694
2020-07-29,BDL,187.10324096679688,200.75,202.4499969482422,195.60000610351562,196.9250030517578,2944024
2020-07-30,BDL,178.7849578857422,191.8249969482422,201.35000610351562,190.89999389648438,201.0,1011164
2020-07-31,BDL,179.34417724609375,192.4250030517578,195.52499389648438,188.39999389648438,193.0,819824
2020-08-03,BDL,183.6314239501953,197.02499389648438,198.47500610351562,190.3000030517578,192.39999389648438,962548
2020-08-04,BDL,196.2836456298828,210.60000610351562,212.0,202.4499969482422,202.5,5825726
2020-08-05,BDL,194.30308532714844,208.47500610351562,214.39999389648438,205.5749969482422,212.1999969482422,2423412
2020-08-06,BDL,195.42149353027344,209.6750030517578,211.14999389648438,205.9250030517578,208.85000610351562,1198982
2020-08-07,BDL,195.4681396484375,209.72500610351562,214.6999969482422,208.5,210.5,1792544
2020-08-10,BDL,203.8563232421875,218.72500610351562,232.5,216.35000610351562,228.5,6510150
2020-08-11,BDL,198.12440490722656,212.5749969482422,221.89999389648438,211.75,219.6999969482422,1545320
2020-08-12,BDL,199.75540161132812,214.3249969482422,218.52499389648438,207.625,212.89999389648438,2513712
2020-08-13,BDL,214.20172119140625,229.8249969482422,232.39999389648438,213.25,213.25,8468454
2020-08-14,BDL,212.10470581054688,227.5749969482422,240.85000610351562,221.5,232.5,7785652
2020-08-17,BDL,207.07179260253906,222.1750030517578,229.72500610351562,220.0,229.3249969482422,1802674
2020-08-18,BDL,207.14169311523438,222.25,225.75,220.5,222.9499969482422,1394268
2020-08-19,BDL,207.8173828125,222.97500610351562,226.89999389648438,222.0,223.97500610351562,1143490
2020-08-20,BDL,202.5980682373047,217.375,221.0,216.5500030517578,221.0,859404
2020-08-21,BDL,203.8097381591797,218.6750030517578,224.6999969482422,217.75,217.75,1604084
2020-08-24,BDL,203.53012084960938,218.375,222.1999969482422,218.0,220.64999389648438,610510
2020-08-25,BDL,199.05638122558594,213.5749969482422,220.64999389648438,212.25,220.0,732008
2020-08-26,BDL,200.1748046875,214.77499389648438,219.39999389648438,211.97500610351562,214.47500610351562,1311916
2020-08-27,BDL,192.41575622558594,206.4499969482422,214.5,205.0,213.9250030517578,1764450
2020-08-28,BDL,197.9845733642578,212.4250030517578,218.375,210.85000610351562,212.5,3295650
2020-08-31,BDL,184.5401611328125,198.0,214.97500610351562,192.5,213.5,1754384
2020-09-01,BDL,178.92477416992188,191.97500610351562,194.47500610351562,185.52499389648438,189.9499969482422,1398286
2020-09-02,BDL,182.72271728515625,196.0500030517578,197.4499969482422,192.5,192.75,660912
2020-09-03,BDL,186.98670959472656,200.625,204.25,197.6750030517578,198.0,896256
2020-09-04,BDL,181.95382690429688,195.22500610351562,199.64999389648438,193.5,197.125,625218
2020-09-07,BDL,179.15773010253906,192.22500610351562,197.5,190.75,195.875,578190
2020-09-08,BDL,154.24949645996094,165.5,170.85000610351562,165.0749969482422,169.39999389648438,9760506
2020-09-09,BDL,146.25741577148438,156.9250030517578,161.9499969482422,156.5,159.9250030517578,5975774
2020-09-10,BDL,147.2127227783203,157.9499969482422,163.1750030517578,157.3000030517578,157.4499969482422,4787000
2020-09-11,BDL,146.93312072753906,157.64999389648438,161.14999389648438,155.27499389648438,159.75,1584972
2020-09-14,BDL,146.72341918945312,157.4250030517578,161.5,155.77499389648438,160.02499389648438,2146440
2020-09-15,BDL,145.06907653808594,155.64999389648438,159.5,155.0,158.72500610351562,1535858
2020-09-16,BDL,147.09622192382812,157.8249969482422,158.60000610351562,153.8000030517578,156.25,1323848
2020-09-17,BDL,146.37388610839844,157.0500030517578,157.875,155.64999389648438,157.0,651462
2020-09-18,BDL,149.63917541503906,159.25,159.97500610351562,156.5749969482422,157.27499389648438,1116206
2020-09-21,BDL,142.05152893066406,151.1750030517578,160.9250030517578,150.0,159.6999969482422,1169718
2020-09-22,BDL,135.2860565185547,143.97500610351562,150.64999389648438,140.1999969482422,150.14999389648438,1510090
2020-09-23,BDL,138.31642150878906,147.1999969482422,149.27499389648438,143.6750030517578,145.10000610351562,948106
2020-09-24,BDL,137.40028381347656,146.22500610351562,152.3249969482422,141.52499389648438,146.35000610351562,2026594
2020-09-25,BDL,140.14871215820312,149.14999389648438,151.125,146.5,148.72500610351562,839860
2020-09-28,BDL,140.12521362304688,149.125,152.22500610351562,148.60000610351562,150.875,623836
2020-09-29,BDL,142.49783325195312,151.64999389648438,155.6750030517578,149.5,151.10000610351562,1596230
2020-09-30,BDL,147.87734985351562,157.375,158.5,148.1750030517578,151.39999389648438,1428544
2020-10-01,BDL,152.12925720214844,161.89999389648438,162.97500610351562,157.52499389648438,158.0,1695134
2020-10-05,BDL,155.2301025390625,165.1999969482422,166.5,158.75,162.5,1056556
2020-10-06,BDL,155.01870727539062,164.97500610351562,166.6999969482422,163.5,166.25,755350
2020-10-07,BDL,149.49826049804688,159.10000610351562,164.39999389648438,158.5,164.0,670936
2020-10-08,BDL,146.7732391357422,156.1999969482422,160.64999389648438,155.5,159.60000610351562,544576
2020-10-09,BDL,143.01467895507812,152.1999969482422,157.64999389648438,151.0,156.35000610351562,482824
2020-10-12,BDL,141.55819702148438,150.64999389648438,153.75,149.0,152.3000030517578,380850
2020-10-13,BDL,141.6756591796875,150.77499389648438,152.125,147.125,150.0,731816
2020-10-14,BDL,139.4204864501953,148.375,152.72500610351562,147.5,152.5,814880
2020-10-15,BDL,136.41363525390625,145.1750030517578,149.6999969482422,144.5,148.47500610351562,487994
2020-10-16,BDL,138.6922607421875,147.60000610351562,148.10000610351562,144.22500610351562,145.1750030517578,289562
2020-10-19,BDL,140.64207458496094,149.6750030517578,150.75,147.0,148.5,261244
2020-10-20,BDL,138.36338806152344,147.25,149.875,146.75,149.875,197366
2020-10-21,BDL,137.61167907714844,146.4499969482422,148.0,145.5,148.0,292008
2020-10-22,BDL,140.14871215820312,149.14999389648438,149.9499969482422,145.3249969482422,147.0,606790
2020-10-23,BDL,142.56832885742188,151.72500610351562,153.4499969482422,148.9250030517578,149.9499969482422,846248
2020-10-26,BDL,142.94419860839844,152.125,152.89999389648438,150.47500610351562,152.89999389648438,256166
2020-10-27,BDL,141.2293243408203,150.3000030517578,152.02499389648438,148.1750030517578,152.0,230612
2020-10-28,BDL,138.57481384277344,147.47500610351562,150.77499389648438,146.52499389648438,150.47500610351562,168388
2020-10-29,BDL,137.1653594970703,145.97500610351562,146.97500610351562,144.125,146.5749969482422,173324
2020-10-30,BDL,135.96731567382812,144.6999969482422,146.6999969482422,144.0,146.14999389648438,240402
2020-11-02,BDL,134.8162384033203,143.47500610351562,146.5,143.0,146.5,165896
2020-11-03,BDL,134.7222442626953,143.375,146.0,143.0,145.39999389648438,339122
2020-11-04,BDL,134.7222442626953,143.375,145.75,143.0,143.52499389648438,128462
2020-11-05,BDL,139.37353515625,148.3249969482422,150.875,142.75,144.02499389648438,1124110
2020-11-06,BDL,141.8166046142578,150.9250030517578,151.72500610351562,148.3249969482422,148.3249969482422,402842
2020-11-09,BDL,143.69589233398438,152.9250030517578,154.39999389648438,152.125,154.39999389648438,418666
2020-11-10,BDL,140.759521484375,149.8000030517578,153.9499969482422,148.5,153.5,345920
2020-11-11,BDL,141.13536071777344,150.1999969482422,152.0,149.8000030517578,150.6999969482422,189382
2020-11-12,BDL,148.08877563476562,157.60000610351562,159.5,150.25,152.5,1880350
2020-11-13,BDL,143.97781372070312,153.22500610351562,157.0,152.5,157.0,460068
2020-11-14,BDL,145.36376953125,154.6999969482422,155.25,152.9250030517578,154.5,126086
2020-11-17,BDL,144.18923950195312,153.4499969482422,157.02499389648438,152.39999389648438,153.64999389648438,311030
2020-11-18,BDL,143.69589233398438,152.9250030517578,155.60000610351562,152.14999389648438,152.5,236048
2020-11-19,BDL,144.11875915527344,153.375,157.5,152.0,152.0,764178
2020-11-20,BDL,144.49459838867188,153.77499389648438,157.0,153.3000030517578,155.4499969482422,239248
2020-11-23,BDL,144.96441650390625,154.27499389648438,157.5,153.60000610351562,157.5,396070
2020-11-24,BDL,146.5148468017578,155.9250030517578,157.0749969482422,154.25,154.25,594426
2020-11-25,BDL,151.33058166503906,161.0500030517578,163.75,153.375,156.39999389648438,2682274
2020-11-26,BDL,152.4346466064453,162.22500610351562,164.9499969482422,160.22500610351562,163.0,1215320
2020-11-27,BDL,153.96157836914062,163.85000610351562,165.8249969482422,160.3000030517578,163.22500610351562,1202394
2020-12-01,BDL,152.8809814453125,162.6999969482422,164.72500610351562,161.5,164.60000610351562,418990
2020-12-02,BDL,151.33058166503906,161.0500030517578,164.39999389648438,160.10000610351562,163.0,316240
2020-12-03,BDL,152.41114807128906,162.1999969482422,166.0,160.10000610351562,160.10000610351562,753146
2020-12-04,BDL,151.5654754638672,161.3000030517578,164.25,160.52499389648438,162.8249969482422,293860
2020-12-07,BDL,160.8914794921875,171.22500610351562,172.6999969482422,164.125,164.4250030517578,3157298
2020-12-08,BDL,160.3276824951172,170.625,174.5,169.0,172.25,1090264
2020-12-09,BDL,161.8076629638672,172.1999969482422,178.0,171.39999389648438,177.0,2276894
2020-12-10,BDL,159.9988250732422,170.27499389648438,173.14999389648438,167.14999389648438,172.22500610351562,409904
2020-12-11,BDL,159.64646911621094,169.89999389648438,174.4250030517578,169.25,174.4250030517578,397578
2020-12-14,BDL,159.01217651367188,169.22500610351562,171.35000610351562,167.64999389648438,169.97500610351562,319770
2020-12-15,BDL,159.69345092773438,169.9499969482422,171.8000030517578,169.0,170.75,330444
2020-12-16,BDL,160.21026611328125,170.5,171.02499389648438,169.14999389648438,170.75,430976
2020-12-17,BDL,158.49537658691406,168.6750030517578,171.1999969482422,168.10000610351562,171.1999969482422,224028
2020-12-18,BDL,160.6331024169922,170.9499969482422,173.75,170.0,173.75,793244
2020-12-21,BDL,148.79351806640625,158.35000610351562,170.89999389648438,155.5,170.89999389648438,498982
2020-12-22,BDL,148.229736328125,157.75,159.27499389648438,148.5500030517578,158.3000030517578,589218
2020-12-23,BDL,151.4010467529297,161.125,162.5500030517578,157.77499389648438,158.625,266486
2020-12-24,BDL,154.5958251953125,164.52499389648438,166.0,162.22500610351562,162.22500610351562,385220
2020-12-28,BDL,154.73680114746094,164.6750030517578,166.47500610351562,164.0,165.0500030517578,169344
2020-12-29,BDL,154.7602996826172,164.6999969482422,168.89999389648438,163.25,165.60000610351562,488560
2020-12-30,BDL,155.15965270996094,165.125,168.5,163.0,164.9499969482422,370528
2020-12-31,BDL,159.90487670898438,170.1750030517578,173.25,167.0,172.5,1962542
2021-01-01,BDL,163.5460205078125,174.0500030517578,174.47500610351562,170.77499389648438,172.25,1534482
2021-01-04,BDL,164.43869018554688,175.0,176.4499969482422,174.02499389648438,176.4499969482422,1015580
2021-01-05,BDL,162.113037109375,172.52499389648438,177.8000030517578,168.5749969482422,170.0,1251864
2021-01-06,BDL,166.9052276611328,177.625,180.3000030517578,175.02499389648438,177.0749969482422,2580112
2021-01-07,BDL,164.36819458007812,174.9250030517578,180.0,174.39999389648438,179.25,662256
2021-01-08,BDL,162.32447814941406,172.75,176.35000610351562,172.375,175.97500610351562,673408
2021-01-11,BDL,162.58285522460938,173.02499389648438,175.0,171.60000610351562,173.60000610351562,382462
2021-01-12,BDL,161.10292053222656,171.4499969482422,175.02499389648438,171.25,173.5,546200
2021-01-13,BDL,158.4718780517578,168.64999389648438,173.35000610351562,167.5,171.52499389648438,614468
2021-01-14,BDL,163.56948852539062,174.0749969482422,177.5,172.625,173.5500030517578,3110366
2021-01-15,BDL,162.23049926757812,172.64999389648438,182.9499969482422,168.625,182.0,3822252
2021-01-18,BDL,156.0522918701172,166.0749969482422,173.22500610351562,165.5,172.64999389648438,918336
2021-01-19,BDL,160.3042449951172,170.60000610351562,171.3249969482422,166.9250030517578,166.9250030517578,603572
2021-01-20,BDL,158.7772674560547,168.97500610351562,171.1999969482422,168.0,170.0,276740
2021-01-21,BDL,158.8242645263672,169.02499389648438,170.97500610351562,168.27499389648438,170.3000030517578,543766
2021-01-22,BDL,157.4852752685547,167.60000610351562,169.6999969482422,166.5,167.5749969482422,342876
2021-01-25,BDL,156.5220947265625,166.5749969482422,171.14999389648438,163.375,170.5,334314
2021-01-27,BDL,158.1430206298828,168.3000030517578,170.0,166.39999389648438,167.375,455228
2021-01-28,BDL,154.50189208984375,164.4250030517578,167.35000610351562,161.97500610351562,166.0,285882
2021-01-29,BDL,155.51199340820312,165.5,167.72500610351562,165.0,165.14999389648438,199698
2021-02-01,BDL,156.0992889404297,166.125,169.9250030517578,165.25,166.39999389648438,561288
2021-02-02,BDL,156.5925750732422,166.64999389648438,168.9499969482422,165.25,167.5,354368
2021-02-03,BDL,156.94497680664062,167.02499389648438,168.4499969482422,165.77499389648438,167.5749969482422,388572
2021-02-04,BDL,158.3074951171875,168.47500610351562,169.5,166.27499389648438,167.5,415946
2021-02-05,BDL,158.6128387451172,168.8000030517578,169.9250030517578,167.5,168.5,389262
2021-02-08,BDL,160.39816284179688,170.6999969482422,172.25,169.47500610351562,169.6999969482422,910848
2021-02-09,BDL,161.361328125,171.72500610351562,175.4499969482422,170.0,171.0,1620186
2021-02-10,BDL,159.8578643798828,170.125,173.1999969482422,168.9499969482422,172.35000610351562,497124
2021-02-11,BDL,160.3276824951172,170.625,171.1750030517578,169.02499389648438,169.5,268662
2021-02-12,BDL,166.08303833007812,176.75,190.0,170.625,171.47500610351562,11272868
2021-02-15,BDL,162.06610107421875,172.47500610351562,181.25,170.6750030517578,178.0500030517578,1067446
2021-02-16,BDL,160.7740478515625,171.10000610351562,174.5,170.0,173.0,563522
2021-02-17,BDL,162.0895233154297,172.5,173.27499389648438,170.64999389648438,171.0,507806
2021-02-18,BDL,163.07618713378906,173.5500030517578,174.9499969482422,171.3000030517578,173.625,379664
2021-02-19,BDL,159.50550842285156,169.75,174.60000610351562,168.625,174.60000610351562,331304
2021-02-22,BDL,164.48568725585938,175.0500030517578,179.5,168.5,169.97500610351562,2485540
2021-02-23,BDL,162.23049926757812,172.64999389648438,177.5,171.35000610351562,175.9499969482422,681836
2021-02-24,BDL,164.1567840576172,174.6999969482422,176.0,172.0,173.4499969482422,187546
2021-02-25,BDL,167.44554138183594,178.1999969482422,180.0,174.75,175.27499389648438,985324
2021-02-26,BDL,164.57960510253906,175.14999389648438,177.97500610351562,174.375,177.4499969482422,604268
2021-03-01,BDL,172.51966857910156,183.60000610351562,185.0,176.77499389648438,177.39999389648438,2598572
2021-03-02,BDL,180.31875610351562,191.89999389648438,192.5,185.0500030517578,186.0,3731948
2021-03-03,BDL,178.22804260253906,189.6750030517578,195.52499389648438,187.5500030517578,192.5,1263362
2021-03-04,BDL,176.91250610351562,188.27499389648438,189.85000610351562,185.875,187.39999389648438,717610
2021-03-05,BDL,169.91213989257812,180.8249969482422,189.4250030517578,180.125,189.0,641930
2021-03-08,BDL,171.4860382080078,182.5,184.77499389648438,180.77499389648438,182.35000610351562,347864
2021-03-09,BDL,172.07330322265625,183.125,185.47500610351562,182.4250030517578,184.25,389506
2021-03-10,BDL,169.20736694335938,180.0749969482422,184.8000030517578,178.02499389648438,183.89999389648438,717790
2021-03-12,BDL,170.31146240234375,181.25,183.72500610351562,180.375,181.0500030517578,689370
2021-03-15,BDL,168.99595642089844,179.85000610351562,184.0500030517578,178.5,182.14999389648438,397228
2021-03-16,BDL,169.1839141845703,180.0500030517578,181.9250030517578,178.5500030517578,179.97500610351562,518798
2021-03-17,BDL,164.9554901123047,175.5500030517578,183.5,175.0,181.5,832512
2021-03-18,BDL,163.8059539794922,171.0,176.5,168.8249969482422,175.25,519746
2021-03-19,BDL,165.55419921875,172.8249969482422,174.4499969482422,165.0500030517578,170.0,1226316
2021-03-22,BDL,171.63705444335938,179.1750030517578,183.5,175.125,181.5,3391678
2021-03-23,BDL,169.72120666503906,177.1750030517578,178.5,175.6750030517578,178.3249969482422,380014
2021-03-24,BDL,164.97943115234375,172.22500610351562,177.1750030517578,171.1999969482422,175.0,277706
2021-03-25,BDL,159.61502075195312,166.625,172.4499969482422,165.5,172.25,295504
2021-03-26,BDL,163.61436462402344,170.8000030517578,174.5,167.125,167.4499969482422,425212
2021-03-30,BDL,161.14773559570312,168.22500610351562,172.5,167.27499389648438,172.25,395610
2021-03-31,BDL,159.2797393798828,166.27499389648438,168.6750030517578,166.0,167.75,201034
2021-04-01,BDL,161.8661346435547,168.97500610351562,169.6750030517578,166.5,166.5,175404
2021-04-05,BDL,162.4169921875,169.5500030517578,172.4499969482422,166.0500030517578,168.75,256382
2021-04-06,BDL,161.24349975585938,168.3249969482422,170.8249969482422,166.89999389648438,169.89999389648438,183628
2021-04-07,BDL,163.97360229492188,171.1750030517578,173.0,167.5500030517578,167.5500030517578,209124
2021-04-08,BDL,163.8299102783203,171.02499389648438,173.47500610351562,170.0749969482422,171.9499969482422,157140
2021-04-09,BDL,164.83572387695312,172.0749969482422,172.60000610351562,169.89999389648438,170.9499969482422,209538
2021-04-12,BDL,159.90240478515625,166.9250030517578,170.0,162.75,169.0,516656
2021-04-13,BDL,161.26747131347656,168.35000610351562,170.0,164.0,165.125,247500
2021-04-15,BDL,158.9923858642578,165.97500610351562,167.9250030517578,164.125,166.5,169278
2021-04-16,BDL,160.9082489013672,167.97500610351562,169.125,166.0,166.0,158690
2021-04-19,BDL,156.16650390625,163.02499389648438,164.9499969482422,160.5500030517578,162.5500030517578,185972
2021-04-20,BDL,158.13021850585938,165.0749969482422,165.9499969482422,163.89999389648438,164.0,147510
2021-04-22,BDL,156.2862091064453,163.14999389648438,165.9250030517578,162.64999389648438,165.5,133086
2021-04-23,BDL,155.42408752441406,162.25,165.0749969482422,161.10000610351562,162.4250030517578,300796
2021-04-26,BDL,155.85516357421875,162.6999969482422,163.875,162.27499389648438,163.875,119622
2021-04-27,BDL,157.60337829589844,164.52499389648438,165.0500030517578,162.875,163.0,111380
2021-04-28,BDL,164.6920623779297,171.9250030517578,173.5,165.02499389648438,165.5,1298926
2021-04-29,BDL,163.5425567626953,170.72500610351562,175.9499969482422,170.0,173.3000030517578,390364
2021-04-30,BDL,161.3393096923828,168.4250030517578,169.75,167.8249969482422,168.22500610351562,128148
2021-05-03,BDL,157.1723175048828,164.0749969482422,168.375,163.0,168.375,309518
2021-05-04,BDL,159.4473876953125,166.4499969482422,168.0,164.64999389648438,164.64999389648438,271944
2021-05-05,BDL,160.4292449951172,167.47500610351562,169.64999389648438,166.25,166.5,140280
2021-05-06,BDL,160.47714233398438,167.52499389648438,169.0,166.125,168.1999969482422,112040
2021-05-07,BDL,160.50112915039062,167.5500030517578,169.9499969482422,166.5,168.0,177998
2021-05-10,BDL,161.96194458007812,169.0749969482422,171.75,167.5,169.0,317458
2021-05-11,BDL,171.7567901611328,179.3000030517578,181.1999969482422,167.3000030517578,167.8249969482422,2217510
2021-05-12,BDL,166.94317626953125,174.27499389648438,181.85000610351562,173.25,180.6999969482422,603336
2021-05-14,BDL,164.78782653808594,172.02499389648438,175.875,170.35000610351562,174.8249969482422,254926
2021-05-17,BDL,165.43441772460938,172.6999969482422,174.6999969482422,171.5,172.39999389648438,189688
2021-05-18,BDL,164.7160186767578,171.9499969482422,174.75,170.6999969482422,174.75,159598
2021-05-19,BDL,166.60792541503906,173.9250030517578,177.10000610351562,172.10000610351562,172.4250030517578,262098
2021-05-20,BDL,167.70953369140625,175.0749969482422,175.9499969482422,172.47500610351562,173.9250030517578,216458
2021-05-21,BDL,172.2117919921875,179.77499389648438,182.5,174.52499389648438,175.0,1267708
2021-05-24,BDL,172.11602783203125,179.6750030517578,181.3249969482422,178.0500030517578,181.10000610351562,338306
2021-05-25,BDL,172.49917602539062,180.0749969482422,181.8000030517578,179.0500030517578,179.0500030517578,452894
2021-05-26,BDL,178.9173126220703,186.77499389648438,188.0,180.0,180.5,2032766
2021-05-27,BDL,176.73802185058594,184.5,187.5,183.625,187.02499389648438,379632
2021-05-28,BDL,171.1820068359375,178.6999969482422,186.8249969482422,178.02499389648438,185.27499389648438,339724
2021-05-31,BDL,173.24160766601562,180.85000610351562,182.0,177.5,177.75,217132
2021-06-01,BDL,176.7859344482422,184.5500030517578,188.8000030517578,182.5,186.0,1272580
2021-06-02,BDL,176.3308868408203,184.0749969482422,185.25,182.75,185.0,167168
2021-06-03,BDL,176.35482788085938,184.10000610351562,185.0,183.0,184.8000030517578,217678
2021-06-04,BDL,174.91795349121094,182.60000610351562,186.5,181.85000610351562,184.4250030517578,306238
2021-06-07,BDL,176.8098602294922,184.5749969482422,187.35000610351562,183.39999389648438,187.10000610351562,651348
2021-06-08,BDL,174.8461151123047,182.52499389648438,185.6999969482422,182.0749969482422,185.6999969482422,531690
2021-06-09,BDL,175.20530700683594,182.89999389648438,186.4499969482422,181.89999389648438,183.4499969482422,690756
2021-06-10,BDL,174.51083374023438,182.1750030517578,185.25,181.35000610351562,183.0749969482422,266108
2021-06-11,BDL,172.83448791503906,180.4250030517578,184.6999969482422,180.14999389648438,182.5,330404
2021-06-14,BDL,172.2596893310547,179.8249969482422,182.5,178.5,181.5,283660
2021-06-15,BDL,172.49917602539062,180.0749969482422,182.0500030517578,179.52499389648438,180.9499969482422,192906
2021-06-16,BDL,172.1638946533203,179.72500610351562,181.97500610351562,179.27499389648438,180.0749969482422,257932
2021-06-17,BDL,173.8642120361328,181.5,185.25,179.875,179.9499969482422,1003186
2021-06-18,BDL,170.84674072265625,178.35000610351562,184.4499969482422,175.0500030517578,183.0,365398
2021-06-21,BDL,168.57168579101562,175.97500610351562,180.97500610351562,172.625,178.35000610351562,1906392
2021-06-22,BDL,167.374267578125,174.72500610351562,177.0749969482422,173.5749969482422,175.0,365934
2021-06-23,BDL,170.5832977294922,178.0749969482422,181.39999389648438,172.6750030517578,175.10000610351562,1317896
2021-06-24,BDL,170.5593719482422,178.0500030517578,179.375,176.52499389648438,179.375,568306
2021-06-25,BDL,169.6972198486328,177.14999389648438,178.6750030517578,176.5,178.5,286528
2021-06-28,BDL,173.00210571289062,180.60000610351562,181.0,177.125,178.5500030517578,276758
2021-06-29,BDL,172.2596893310547,179.8249969482422,181.75,179.0,181.64999389648438,371892
2021-06-30,BDL,171.44546508789062,178.97500610351562,180.75,178.4250030517578,180.0,190354
2021-07-01,BDL,173.12184143066406,180.72500610351562,184.75,179.625,181.47500610351562,1340818
2021-07-02,BDL,177.3367156982422,185.125,187.0,181.0500030517578,181.0500030517578,1333038
2021-07-05,BDL,176.76194763183594,184.52499389648438,187.0,184.02499389648438,186.625,577708
2021-07-06,BDL,178.94125366210938,186.8000030517578,192.8000030517578,183.1750030517578,184.4499969482422,3133680
2021-07-07,BDL,179.6357421875,187.52499389648438,188.39999389648438,184.9499969482422,186.5,426774
2021-07-08,BDL,178.34255981445312,186.1750030517578,188.3000030517578,183.25,186.3000030517578,411150
2021-07-09,BDL,182.82089233398438,190.85000610351562,199.5,189.0500030517578,192.5,7191928
2021-07-12,BDL,183.68301391601562,191.75,193.625,190.1750030517578,193.625,798676
2021-07-13,BDL,180.16261291503906,188.0749969482422,193.5,186.6750030517578,193.5,441760
2021-07-14,BDL,181.59950256347656,189.5749969482422,192.27499389648438,187.75,189.14999389648438,567676
2021-07-15,BDL,181.6234893798828,189.60000610351562,191.75,188.3000030517578,189.5500030517578,409314
2021-07-16,BDL,179.25259399414062,187.125,190.35000610351562,186.625,190.0,195144
2021-07-19,BDL,181.91082763671875,189.89999389648438,191.5500030517578,186.10000610351562,186.5,434754
2021-07-20,BDL,184.06617736816406,192.14999389648438,194.5,184.14999389648438,189.75,1046478
2021-07-22,BDL,194.65130615234375,203.1999969482422,204.10000610351562,192.02499389648438,194.0,4086608
2021-07-23,BDL,189.07135009765625,197.375,204.3249969482422,196.0,203.5,696026
2021-07-26,BDL,192.75938415527344,201.22500610351562,204.47500610351562,195.0,195.25,1180102
2021-07-27,BDL,193.2862548828125,201.77499389648438,203.625,198.52499389648438,201.6999969482422,784852
2021-07-28,BDL,190.77169799804688,199.14999389648438,202.4499969482422,197.0,200.0500030517578,552724
2021-07-29,BDL,193.88494873046875,202.39999389648438,203.5,199.0,199.0,726656
2021-07-30,BDL,201.18919372558594,210.02499389648438,213.3000030517578,204.02499389648438,204.97500610351562,2077892
2021-08-02,BDL,199.2733154296875,208.02499389648438,214.60000610351562,204.0,210.39999389648438,1236316
2021-08-03,BDL,197.28561401367188,205.9499969482422,209.6750030517578,205.0,208.02499389648438,430744
2021-08-04,BDL,198.31536865234375,207.02499389648438,210.89999389648438,205.6999969482422,207.75,662318
2021-08-05,BDL,190.98719787597656,199.375,208.0,197.52499389648438,208.0,376198
2021-08-06,BDL,190.77169799804688,199.14999389648438,204.47500610351562,198.0,199.47500610351562,462044
2021-08-09,BDL,187.58657836914062,195.8249969482422,201.60000610351562,195.02499389648438,200.1999969482422,214136
2021-08-10,BDL,183.49143981933594,191.5500030517578,198.8249969482422,187.35000610351562,196.9499969482422,379876
2021-08-11,BDL,179.6357421875,187.52499389648438,192.60000610351562,183.5,191.5,284036
2021-08-12,BDL,184.06617736816406,192.14999389648438,193.3249969482422,187.5500030517578,188.02499389648438,207456
2021-08-13,BDL,184.3775177001953,192.47500610351562,198.89999389648438,185.60000610351562,194.27499389648438,1566572
2021-08-16,BDL,181.2642364501953,189.22500610351562,191.5,187.125,189.97500610351562,284606
2021-08-17,BDL,177.67202758789062,185.47500610351562,189.4499969482422,183.8000030517578,188.6750030517578,168220
2021-08-18,BDL,186.00599670410156,194.1750030517578,195.9499969482422,187.5,193.0,1452320
2021-08-20,BDL,179.73155212402344,187.625,196.1750030517578,187.0500030517578,190.0500030517578,441446
2021-08-23,BDL,178.0791015625,185.89999389648438,189.9499969482422,184.0,188.0,144496
2021-08-24,BDL,180.8571319580078,188.8000030517578,189.60000610351562,186.625,187.5500030517578,159446
2021-08-25,BDL,184.0901336669922,192.1750030517578,198.9499969482422,189.75,189.75,1255062
2021-08-26,BDL,187.85000610351562,196.10000610351562,202.14999389648438,193.0500030517578,194.72500610351562,2452514
2021-08-27,BDL,182.988525390625,191.02499389648438,198.0,190.125,196.0,1538266
2021-08-30,BDL,187.29916381835938,195.52499389648438,197.0,191.97500610351562,192.4499969482422,755338
2021-08-31,BDL,188.28106689453125,196.5500030517578,198.1750030517578,195.0500030517578,196.25,422520
2021-09-01,BDL,184.92831420898438,193.0500030517578,196.8249969482422,192.5,196.52499389648438,160258
2021-09-02,BDL,189.5742645263672,197.89999389648438,200.72500610351562,193.8249969482422,194.9499969482422,510914
2021-09-03,BDL,189.3347930908203,197.64999389648438,199.9499969482422,196.3249969482422,198.5749969482422,241258
2021-09-06,BDL,190.24481201171875,198.60000610351562,201.5,197.64999389648438,198.25,271624
2021-09-07,BDL,189.5742645263672,197.89999389648438,199.10000610351562,194.89999389648438,199.0,234984
2021-09-08,BDL,189.5503387451172,197.875,200.0,197.0,198.89999389648438,174196
2021-09-09,BDL,189.35874938964844,197.6750030517578,200.0,195.8000030517578,197.625,269892
2021-09-13,BDL,185.095947265625,193.22500610351562,197.5,192.64999389648438,197.5,364896
2021-09-14,BDL,188.71214294433594,197.0,198.35000610351562,195.0,195.0,895364
2021-09-15,BDL,192.1846466064453,200.625,203.72500610351562,198.5,199.0,1019844
2021-09-16,BDL,193.2144317626953,201.6999969482422,206.4499969482422,199.97500610351562,202.3249969482422,1080200
2021-09-17,BDL,192.61476135253906,200.75,205.47500610351562,199.25,203.5,496248
2021-09-20,BDL,185.58657836914062,193.4250030517578,200.5,192.64999389648438,199.0,234078
2021-09-21,BDL,182.2044219970703,189.89999389648438,195.0749969482422,189.0,193.5,277534
2021-09-22,BDL,183.49972534179688,191.25,193.72500610351562,189.39999389648438,191.4499969482422,319334
2021-09-23,BDL,186.92984008789062,194.8249969482422,196.9250030517578,192.39999389648438,192.39999389648438,406052
2021-09-24,BDL,184.5551300048828,192.35000610351562,196.6750030517578,191.0,194.8249969482422,456372
2021-09-27,BDL,182.6841583251953,190.39999389648438,195.0,190.14999389648438,193.6750030517578,310820
2021-09-28,BDL,182.1804656982422,189.875,192.89999389648438,189.0,191.5,288190
2021-09-29,BDL,181.72467041015625,189.39999389648438,191.14999389648438,188.10000610351562,188.9499969482422,268176
2021-09-30,BDL,183.71560668945312,191.47500610351562,196.22500610351562,190.85000610351562,192.89999389648438,682798
2021-10-01,BDL,181.19696044921875,188.85000610351562,193.0,188.0,191.0,266446
2021-10-04,BDL,181.29293823242188,188.9499969482422,193.9499969482422,188.3249969482422,189.0,356202
2021-10-05,BDL,180.76522827148438,188.39999389648438,192.6750030517578,188.0,188.85000610351562,895938
2021-10-06,BDL,180.47740173339844,188.10000610351562,191.4499969482422,187.52499389648438,189.35000610351562,282894
2021-10-07,BDL,177.07122802734375,184.5500030517578,189.89999389648438,184.0749969482422,189.25,979464
2021-10-08,BDL,178.34254455566406,185.875,187.25,185.5,186.39999389648438,452958
2021-10-11,BDL,180.54933166503906,188.1750030517578,189.9499969482422,185.89999389648438,185.89999389648438,791668
2021-10-12,BDL,182.9000244140625,190.625,191.875,186.0,187.14999389648438,817108
2021-10-13,BDL,181.72467041015625,189.39999389648438,193.60000610351562,189.0,191.5,391170
2021-10-14,BDL,187.55349731445312,195.47500610351562,196.5,193.0,195.0,938992
2021-10-18,BDL,198.20367431640625,206.5749969482422,207.22500610351562,196.5749969482422,197.5,2000002
2021-10-19,BDL,205.68759155273438,214.375,227.5,208.4499969482422,208.4499969482422,6814746
2021-10-20,BDL,202.66525268554688,211.22500610351562,217.27499389648438,207.02499389648438,215.0,1390994
2021-10-21,BDL,213.05154418945312,222.0500030517578,224.97500610351562,209.0,210.0,1414148
2021-10-22,BDL,206.55111694335938,215.27499389648438,224.47500610351562,212.875,224.0,1047646
2021-10-25,BDL,205.8314971923828,214.52499389648438,217.5,206.5,215.35000610351562,709390
2021-10-26,BDL,201.82569885253906,210.35000610351562,217.5,209.10000610351562,212.75,343164
2021-10-27,BDL,203.4807891845703,212.0749969482422,215.97500610351562,209.0,210.97500610351562,486452
2021-10-28,BDL,199.9307403564453,208.375,211.9250030517578,206.5,209.0,272144
2021-10-29,BDL,194.50970458984375,202.72500610351562,207.5,200.0749969482422,206.85000610351562,425540
2021-11-01,BDL,198.99522399902344,207.39999389648438,209.02499389648438,200.89999389648438,202.72500610351562,325406
2021-11-02,BDL,198.7313995361328,207.125,212.3249969482422,204.75,207.47500610351562,225344
2021-11-03,BDL,203.2888946533203,211.875,220.0,207.125,207.8000030517578,883076
2021-11-04,BDL,205.3997344970703,214.0749969482422,217.97500610351562,212.5,215.0,166628
2021-11-08,BDL,205.97543334960938,214.6750030517578,215.3000030517578,211.5,215.0,243616
2021-11-09,BDL,206.33523559570312,215.0500030517578,218.10000610351562,213.5,215.0,409772
2021-11-10,BDL,202.20948791503906,210.75,215.0,209.625,214.25,175824
2021-11-11,BDL,210.24510192871094,219.125,225.5,210.1750030517578,210.9499969482422,2564112
2021-11-12,BDL,203.9125518798828,212.52499389648438,222.64999389648438,210.8249969482422,220.0,627340
2021-11-15,BDL,201.729736328125,210.25,213.5,205.0,212.5,364416
2021-11-16,BDL,199.97872924804688,208.4250030517578,212.0,207.52499389648438,210.25,225974
2021-11-17,BDL,204.77606201171875,213.4250030517578,220.5,207.52499389648438,209.75,958538
2021-11-18,BDL,197.6519775390625,206.0,214.97500610351562,205.39999389648438,214.97500610351562,320904
2021-11-22,BDL,186.76193237304688,194.64999389648438,208.4250030517578,191.5,206.9499969482422,457288
2021-11-23,BDL,189.30455017089844,197.3000030517578,199.89999389648438,193.77499389648438,194.5,333444
2021-11-24,BDL,194.34181213378906,202.5500030517578,204.125,199.3249969482422,201.47500610351562,211132
2021-11-25,BDL,194.38978576660156,202.60000610351562,204.14999389648438,201.9250030517578,203.4499969482422,119584
2021-11-26,BDL,185.87440490722656,193.72500610351562,203.0,192.5500030517578,202.375,213764
2021-11-29,BDL,197.891845703125,206.25,217.47500610351562,185.0,192.8249969482422,3018802
2021-11-30,BDL,198.8273468017578,207.22500610351562,210.27499389648438,203.3000030517578,204.0,606238
2021-12-01,BDL,197.699951171875,206.0500030517578,209.25,205.0,207.10000610351562,184030
2021-12-02,BDL,202.9051055908203,211.47500610351562,215.0,204.0,206.5,623474
2021-12-03,BDL,199.01922607421875,207.4250030517578,219.5,205.25,213.5,980446
2021-12-06,BDL,195.37322998046875,203.625,209.1750030517578,201.77499389648438,207.9250030517578,258448
2021-12-07,BDL,193.76608276367188,201.9499969482422,207.4250030517578,200.5749969482422,204.64999389648438,179912
2021-12-08,BDL,193.6221923828125,201.8000030517578,205.72500610351562,201.0500030517578,204.22500610351562,160964
2021-12-09,BDL,192.902587890625,201.0500030517578,205.22500610351562,200.1750030517578,200.64999389648438,265806
2021-12-10,BDL,193.33433532714844,201.5,204.14999389648438,200.35000610351562,201.39999389648438,198094
2021-12-13,BDL,192.75863647460938,200.89999389648438,204.375,200.25,201.625,153136
2021-12-14,BDL,191.77520751953125,199.875,202.27499389648438,198.3000030517578,200.35000610351562,111562
2021-12-15,BDL,188.65689086914062,196.625,201.8249969482422,195.27499389648438,200.14999389648438,234492
2021-12-16,BDL,192.92657470703125,201.0749969482422,201.75,197.0500030517578,197.5,367790
2021-12-17,BDL,189.54441833496094,197.5500030517578,201.9499969482422,196.35000610351562,201.10000610351562,563732
2021-12-20,BDL,184.53114318847656,192.3249969482422,196.8249969482422,189.1750030517578,196.0500030517578,395004
2021-12-21,BDL,184.00341796875,191.77499389648438,198.4250030517578,190.5,193.3000030517578,167620
2021-12-22,BDL,184.4591827392578,192.25,194.85000610351562,191.1999969482422,192.39999389648438,134896
2021-12-23,BDL,185.20277404785156,193.02499389648438,196.5,192.02499389648438,193.0,254280
2021-12-24,BDL,183.0439453125,190.77499389648438,194.39999389648438,190.39999389648438,193.75,128040
2021-12-27,BDL,183.47573852539062,191.22500610351562,192.4499969482422,188.60000610351562,190.77499389648438,80130
2021-12-28,BDL,184.29127502441406,192.0749969482422,194.9499969482422,191.0749969482422,192.0,135056
2021-12-29,BDL,191.39141845703125,199.47500610351562,201.25,192.0749969482422,192.75,497496
2021-12-30,BDL,188.5609588623047,196.52499389648438,202.22500610351562,195.625,200.85000610351562,284782
2021-12-31,BDL,186.88185119628906,194.77499389648438,199.5,193.5,196.97500610351562,147908
2022-01-03,BDL,187.79339599609375,195.72500610351562,197.72500610351562,193.97500610351562,194.0,232362
2022-01-04,BDL,189.01670837402344,197.0,200.4499969482422,195.89999389648438,196.1999969482422,208698
2022-01-05,BDL,186.7139434814453,194.60000610351562,199.0,193.52499389648438,197.0,209974
2022-01-06,BDL,188.17715454101562,196.125,197.8249969482422,192.8249969482422,193.5,157354
2022-01-07,BDL,190.57586669921875,198.625,202.6999969482422,196.9499969482422,196.9499969482422,334810
2022-01-10,BDL,191.70321655273438,199.8000030517578,203.85000610351562,199.10000610351562,200.875,352036
2022-01-11,BDL,196.4766082763672,204.77499389648438,211.72500610351562,200.22500610351562,201.39999389648438,1204688
2022-01-12,BDL,199.76280212402344,208.1999969482422,208.89999389648438,204.52499389648438,206.0,329814
2022-01-13,BDL,197.62802124023438,205.97500610351562,208.5,204.5,208.5,137556
2022-01-14,BDL,210.0052490234375,218.875,222.4250030517578,205.35000610351562,205.97500610351562,1137542
2022-01-17,BDL,212.0920867919922,221.0500030517578,228.5,219.0,222.0,1724462
2022-01-18,BDL,204.53622436523438,213.1750030517578,222.52499389648438,210.27499389648438,222.1750030517578,392942
2022-01-19,BDL,208.9258270263672,217.75,221.125,210.0749969482422,211.5500030517578,461468
2022-01-20,BDL,221.23109436035156,230.5749969482422,236.6999969482422,217.8249969482422,218.0,4281360
2022-01-21,BDL,220.2476348876953,229.5500030517578,233.125,224.89999389648438,229.5,954482
2022-01-24,BDL,214.3228759765625,223.375,236.0,220.5,227.5,1715464
2022-01-25,BDL,223.24600219726562,232.6750030517578,239.27499389648438,218.5,220.0,2043858
2022-01-27,BDL,234.37588500976562,244.27499389648438,249.5,227.5749969482422,229.39999389648438,3483852
2022-01-28,BDL,233.4644012451172,243.3249969482422,249.0,238.125,247.5,1440158
2022-01-31,BDL,238.86146545410156,248.9499969482422,255.875,246.60000610351562,248.125,1612970
2022-02-01,BDL,235.86309814453125,245.8249969482422,255.85000610351562,244.4250030517578,251.9499969482422,1645196
2022-02-02,BDL,233.82420349121094,243.6999969482422,249.97500610351562,242.52499389648438,247.4499969482422,562608
2022-02-03,BDL,241.45204162597656,251.64999389648438,268.1499938964844,249.0,258.45001220703125,6927930
2022-02-04,BDL,237.0144805908203,247.02499389648438,252.64999389648438,244.6750030517578,252.5500030517578,1364876
2022-02-07,BDL,235.1914825439453,245.125,250.97500610351562,238.75,248.0,815256
2022-02-08,BDL,226.72412109375,236.3000030517578,247.5,233.0749969482422,246.35000610351562,451044
2022-02-09,BDL,227.2998046875,236.89999389648438,240.97500610351562,235.75,237.1999969482422,579316
2022-02-10,BDL,222.62232971191406,232.02499389648438,238.10000610351562,230.5,238.10000610351562,478950
2022-02-11,BDL,216.91343688964844,226.0749969482422,231.35000610351562,225.0500030517578,230.0,315724
2022-02-14,BDL,222.5023956298828,231.89999389648438,239.5,218.0,221.0,4586952
2022-02-15,BDL,223.7497100830078,233.1999969482422,237.9499969482422,228.0500030517578,233.89999389648438,1456276
2022-02-16,BDL,221.30303955078125,230.64999389648438,239.02499389648438,228.5,235.14999389648438,737870
2022-02-17,BDL,228.01937866210938,237.64999389648438,240.0500030517578,230.0500030517578,232.6999969482422,1185126
2022-02-18,BDL,226.77206420898438,236.35000610351562,242.0,235.25,237.64999389648438,711906
2022-02-21,BDL,220.53546142578125,229.85000610351562,236.0,227.5500030517578,234.0,661626
2022-02-22,BDL,213.1954803466797,222.1999969482422,228.85000610351562,217.5,217.5,652488
2022-02-23,BDL,213.09793090820312,218.4499969482422,223.4250030517578,217.5,221.75,458870
2022-02-24,BDL,200.44082641601562,205.47500610351562,215.52499389648438,203.25,211.10000610351562,787268
2022-02-25,BDL,210.63479614257812,215.9250030517578,218.39999389648438,210.02499389648438,210.1999969482422,715480
2022-02-28,BDL,218.5851287841797,224.0749969482422,226.85000610351562,205.10000610351562,210.5,1356714
2022-03-02,BDL,226.16964721679688,231.85000610351562,239.5,227.3000030517578,229.47500610351562,2414644
2022-03-03,BDL,225.4136199951172,231.0749969482422,237.5,230.5,234.3000030517578,495278
2022-03-04,BDL,222.75537109375,228.35000610351562,235.0,227.5,229.97500610351562,522124
2022-03-07,BDL,216.70726013183594,222.14999389648438,228.02499389648438,219.3249969482422,224.89999389648438,1473464
2022-03-08,BDL,219.63377380371094,225.14999389648438,233.47500610351562,224.0,224.25,1061790
2022-03-09,BDL,224.85272216796875,230.5,236.25,227.64999389648438,229.39999389648438,1559926
2022-03-10,BDL,231.8762664794922,237.6999969482422,240.47500610351562,232.1750030517578,237.5,836262
2022-03-11,BDL,240.24119567871094,246.27499389648438,247.5,236.72500610351562,239.0,1403840
2022-03-14,BDL,244.80166625976562,250.9499969482422,257.5,249.5749969482422,249.9499969482422,1896178
2022-03-15,BDL,254.84933471679688,261.25,266.95001220703125,248.25,252.9499969482422,2445280
2022-03-16,BDL,270.74993896484375,277.54998779296875,286.375,259.0,263.0,8003318
2022-03-17,BDL,292.40606689453125,299.75,306.0,280.0249938964844,281.1000061035156,6228026
2022-03-21,BDL,279.0661315917969,286.07501220703125,303.29998779296875,283.0249938964844,300.4750061035156,2866150
2022-03-22,BDL,280.62689208984375,287.67498779296875,293.75,285.04998779296875,287.29998779296875,1382174
2022-03-23,BDL,277.8223571777344,284.79998779296875,299.0,284.0,290.79998779296875,1618308
2022-03-24,BDL,274.5299987792969,281.42498779296875,287.29998779296875,279.0,285.0,1063954
2022-03-25,BDL,272.1888122558594,279.0249938964844,284.1000061035156,277.5249938964844,283.5,580276
2022-03-28,BDL,266.7260437011719,273.42498779296875,281.45001220703125,272.25,280.0,527902
2022-03-29,BDL,274.310546875,281.20001220703125,287.4750061035156,273.0,275.0,1400120
2022-03-30,BDL,267.7746887207031,274.5,284.95001220703125,273.0,283.70001220703125,560714
2022-03-31,BDL,267.9209899902344,274.6499938964844,279.1000061035156,269.0,275.3999938964844,1621626
2022-04-01,BDL,277.33453369140625,284.29998779296875,289.0,272.5,274.20001220703125,1923766
2022-04-04,BDL,283.23638916015625,290.3500061035156,298.79998779296875,287.5,287.6000061035156,2045306
2022-04-05,BDL,277.0906982421875,284.04998779296875,293.8500061035156,283.0,293.0,1148562
2022-04-06,BDL,278.3832702636719,285.375,294.2250061035156,280.8500061035156,283.8999938964844,1376488
2022-04-07,BDL,302.8194885253906,310.42498779296875,314.3500061035156,287.5,287.8999938964844,9809980
2022-04-08,BDL,349.30206298828125,358.07501220703125,369.7250061035156,313.5,314.0,26609330
2022-04-11,BDL,371.5922546386719,380.92498779296875,388.42498779296875,355.5,359.5,14668434
2022-04-12,BDL,371.3727722167969,380.70001220703125,391.82501220703125,370.67498779296875,382.5,5788024
2022-04-13,BDL,359.3253479003906,368.3500061035156,387.0,366.2250061035156,382.75,2363780
2022-04-18,BDL,417.1724853515625,427.6499938964844,442.0,360.0,365.0,19202262
2022-04-19,BDL,403.80816650390625,413.95001220703125,452.45001220703125,405.04998779296875,433.9750061035156,11205840
2022-04-20,BDL,380.6400451660156,390.20001220703125,433.79998779296875,382.625,420.0,6790658
2022-04-21,BDL,374.1042175292969,383.5,400.7749938964844,380.1000061035156,394.8500061035156,4553770
2022-04-22,BDL,389.8097229003906,399.6000061035156,422.3999938964844,381.79998779296875,385.0,11304204
2022-04-25,BDL,373.86029052734375,383.25,399.3999938964844,380.2749938964844,395.0,2393700
2022-04-26,BDL,379.03045654296875,388.54998779296875,401.8500061035156,383.625,392.0,2977324
2022-04-27,BDL,370.76312255859375,380.07501220703125,390.375,373.07501220703125,387.5,2114684
2022-04-28,BDL,361.3739318847656,370.45001220703125,387.5,365.04998779296875,383.5,2000998
2022-04-29,BDL,364.93450927734375,374.1000061035156,393.5,371.0249938964844,374.5,3718038
2022-05-02,BDL,348.64361572265625,357.3999938964844,371.1499938964844,354.0249938964844,371.0,2269928
2022-05-04,BDL,333.93798828125,342.32501220703125,367.4750061035156,339.07501220703125,360.45001220703125,2317728
2022-05-05,BDL,351.9115905761719,360.75,364.875,340.2749938964844,345.0,4669172
2022-05-06,BDL,337.3521728515625,345.82501220703125,357.3500061035156,344.25,349.0,2082568
2022-05-09,BDL,321.0613708496094,329.125,344.0,327.2250061035156,344.0,1512766
2022-05-10,BDL,311.2331848144531,319.04998779296875,341.1499938964844,316.29998779296875,329.5,1530498
2022-05-11,BDL,315.6229248046875,323.54998779296875,326.95001220703125,304.2250061035156,321.6000061035156,3122134
2022-05-12,BDL,311.98919677734375,319.82501220703125,332.5,312.375,320.0,2675350
2022-05-13,BDL,324.4268493652344,332.57501220703125,351.6499938964844,325.45001220703125,325.45001220703125,4659342
2022-05-16,BDL,336.0596923828125,344.5,349.1000061035156,328.29998779296875,338.75,2561162
2022-05-17,BDL,347.4486083984375,356.17498779296875,364.42498779296875,346.57501220703125,347.8500061035156,3834012
2022-05-18,BDL,348.5460510253906,357.29998779296875,366.29998779296875,347.54998779296875,359.20001220703125,2350874
2022-05-19,BDL,351.6432800292969,360.4750061035156,365.2250061035156,340.375,347.0,1927566
2022-05-20,BDL,371.2264709472656,380.54998779296875,388.5,365.5249938964844,373.0,6158722
2022-05-23,BDL,376.9574890136719,386.42498779296875,406.3999938964844,376.2749938964844,383.45001220703125,6272836
2022-05-24,BDL,356.9841613769531,365.95001220703125,391.29998779296875,363.0249938964844,388.0,2171540
2022-05-25,BDL,345.08306884765625,353.75,377.75,350.625,368.0,2308128
2022-05-26,BDL,361.5689697265625,370.6499938964844,374.8999938964844,342.3500061035156,357.2250061035156,2508514
2022-05-27,BDL,361.9591979980469,371.04998779296875,383.5,366.92498779296875,379.32501220703125,2883882
2022-05-30,BDL,364.10528564453125,373.25,378.7250061035156,370.2250061035156,374.45001220703125,1446356
2022-05-31,BDL,382.2252502441406,391.82501220703125,396.95001220703125,365.92498779296875,373.95001220703125,8099920
2022-06-01,BDL,396.6869812011719,406.6499938964844,422.3500061035156,402.5,404.0,11895384
2022-06-02,BDL,402.4912109375,412.6000061035156,416.25,406.0,406.95001220703125,3199870
2022-06-03,BDL,388.10260009765625,397.8500061035156,419.0,395.25,417.0,2783630
2022-06-06,BDL,384.27374267578125,393.92498779296875,397.45001220703125,378.32501220703125,397.45001220703125,2011476
2022-06-07,BDL,398.61358642578125,408.625,412.5,400.5249938964844,401.0,4221474
2022-06-08,BDL,392.858154296875,402.7250061035156,413.875,397.5,412.67498779296875,2179474
2022-06-09,BDL,398.9062194824219,408.92498779296875,412.5,394.0249938964844,399.95001220703125,1609576
2022-06-10,BDL,401.5400695800781,411.625,416.0,399.95001220703125,403.5249938964844,2818748
2022-06-13,BDL,388.20013427734375,397.95001220703125,407.0,390.0,397.5,2129376
2022-06-14,BDL,381.73748779296875,391.32501220703125,405.8500061035156,388.42498779296875,393.5,2262914
2022-06-15,BDL,393.93121337890625,403.82501220703125,407.0,391.6000061035156,395.8500061035156,1741162
2022-06-16,BDL,383.6640625,393.29998779296875,426.67498779296875,390.04998779296875,412.0,8671348
2022-06-17,BDL,394.8335266113281,404.75,409.0,393.0,407.0,4424144
2022-06-20,BDL,349.863037109375,358.6499938964844,413.42498779296875,323.79998779296875,406.95001220703125,10248876
2022-06-21,BDL,362.5444641113281,371.6499938964844,374.0,358.6499938964844,362.3500061035156,3694328
2022-06-22,BDL,355.59405517578125,364.5249938964844,378.8999938964844,361.0,367.5,2843282
2022-06-23,BDL,357.032958984375,366.0,371.4750061035156,360.625,366.5,1527056
2022-06-24,BDL,355.1063537597656,364.0249938964844,371.79998779296875,358.0,369.5,1182646
2022-06-27,BDL,354.5942077636719,363.5,370.75,361.1499938964844,368.5,1275600
2022-06-28,BDL,350.5946350097656,359.3999938964844,364.3999938964844,358.0,363.3999938964844,851666
2022-06-29,BDL,341.5469055175781,350.125,355.07501220703125,346.5,355.0,1398792
2022-06-30,BDL,332.2795715332031,340.625,355.8500061035156,338.79998779296875,349.5,1118904
2022-07-01,BDL,325.4267578125,333.6000061035156,339.9750061035156,330.0249938964844,338.5,1386572
2022-07-04,BDL,329.9871520996094,338.2749938964844,342.25,330.29998779296875,330.5,1139606
2022-07-05,BDL,327.2314147949219,335.45001220703125,343.9750061035156,333.125,340.70001220703125,773604
2022-07-06,BDL,340.20556640625,348.75,352.79998779296875,332.5249938964844,335.0,1291006
2022-07-07,BDL,338.0838623046875,346.57501220703125,354.5,344.0,351.6000061035156,981190
2022-07-08,BDL,348.6924133300781,357.45001220703125,362.32501220703125,347.42498779296875,348.42498779296875,4437166
2022-07-11,BDL,343.985595703125,352.625,360.3500061035156,351.2250061035156,354.95001220703125,1182644
2022-07-12,BDL,339.5227355957031,348.04998779296875,354.5,346.82501220703125,352.0,829148
2022-07-13,BDL,336.13287353515625,344.57501220703125,351.75,343.0,349.79998779296875,513476
2022-07-14,BDL,338.4009094238281,346.8999938964844,348.4750061035156,341.0249938964844,345.0,1226008
2022-07-15,BDL,337.718017578125,346.20001220703125,348.3999938964844,339.42498779296875,348.0,567670
2022-07-18,BDL,347.0096740722656,355.7250061035156,361.8999938964844,347.70001220703125,351.2250061035156,1984746
2022-07-19,BDL,350.6678161621094,359.4750061035156,365.79998779296875,353.5,355.70001220703125,1448082
2022-07-20,BDL,351.4725646972656,360.29998779296875,366.9750061035156,355.70001220703125,361.8999938964844,955144
2022-07-21,BDL,357.886474609375,366.875,369.3999938964844,350.0,361.5,1651536
2022-07-22,BDL,351.88714599609375,360.7250061035156,368.875,359.29998779296875,367.0,925400
2022-07-25,BDL,350.9604797363281,359.7749938964844,363.5,355.75,359.5,898610
2022-07-26,BDL,341.9126892089844,350.5,360.0,349.0,359.0,543166
2022-07-27,BDL,356.49639892578125,365.45001220703125,368.0,355.0,355.0,2612300
2022-07-28,BDL,381.4936218261719,391.07501220703125,394.3500061035156,365.0,367.5,5872084
2022-07-29,BDL,395.9309997558594,405.875,409.70001220703125,390.0,393.0,4302308
2022-08-01,BDL,400.5401916503906,410.6000061035156,417.1000061035156,402.07501220703125,406.5,2239332
2022-08-02,BDL,411.27069091796875,421.6000061035156,431.20001220703125,406.92498779296875,408.0,4568436
2022-08-03,BDL,415.31903076171875,425.75,431.0,417.70001220703125,424.25,2668848
2022-08-04,BDL,409.9781494140625,420.2749938964844,427.8999938964844,406.29998779296875,427.8999938964844,2011248
2022-08-05,BDL,402.5400390625,412.6499938964844,421.3500061035156,409.54998779296875,420.8999938964844,1118534
2022-08-08,BDL,421.2939453125,431.875,438.95001220703125,410.1000061035156,410.1000061035156,6182002
2022-08-10,BDL,413.3924560546875,423.7749938964844,436.8999938964844,418.8999938964844,433.0249938964844,3238586
2022-08-11,BDL,431.26849365234375,442.1000061035156,448.95001220703125,423.75,425.0,5922184
2022-08-12,BDL,400.75970458984375,410.82501220703125,446.5,405.0,443.0,6418214
2022-08-16,BDL,415.6604309082031,426.1000061035156,427.5,411.04998779296875,414.5,2671670
2022-08-17,BDL,415.8555908203125,426.29998779296875,433.5,422.125,428.25,1765210
2022-08-18,BDL,411.90478515625,422.25,431.45001220703125,420.2749938964844,426.25,1435650
2022-08-19,BDL,406.8809509277344,417.1000061035156,427.625,414.3500061035156,424.0,1353268
2022-08-22,BDL,389.3707275390625,399.1499938964844,415.0,397.0,415.0,1379642
2022-08-23,BDL,395.6627197265625,405.6000061035156,413.0,392.875,396.5,1953144
2022-08-24,BDL,392.858154296875,402.7250061035156,410.04998779296875,401.54998779296875,407.0,935550
2022-08-25,BDL,392.15093994140625,402.0,410.5,400.8500061035156,405.0,1024312
2022-08-26,BDL,403.0765380859375,413.20001220703125,418.0,403.45001220703125,403.45001220703125,2718064
2022-08-29,BDL,395.5651550292969,405.5,419.9750061035156,395.0,395.0,2862340
2022-08-30,BDL,398.8818664550781,408.8999938964844,414.45001220703125,407.25,409.0,1369474
2022-09-01,BDL,405.2713928222656,415.45001220703125,421.0249938964844,408.5,409.45001220703125,3230990
2022-09-02,BDL,407.2467956542969,417.4750061035156,427.0,412.75,418.5,3552814
2022-09-05,BDL,405.0030822753906,415.17498779296875,422.0,411.75,419.20001220703125,1095190
2022-09-06,BDL,400.3451232910156,410.3999938964844,420.75,409.2749938964844,417.125,1010754
2022-09-07,BDL,399.8573913574219,409.8999938964844,418.5,408.125,409.8999938964844,1162882
2022-09-08,BDL,397.2235107421875,407.20001220703125,416.0,405.8500061035156,412.0,1173678
2022-09-09,BDL,395.6139221191406,405.54998779296875,413.3999938964844,404.0,409.32501220703125,1205802
2022-09-12,BDL,409.0514831542969,419.32501220703125,421.4750061035156,406.29998779296875,407.54998779296875,4674982
2022-09-13,BDL,416.1482849121094,426.6000061035156,434.92498779296875,421.04998779296875,423.0,4826030
2022-09-14,BDL,421.9036560058594,432.5,438.79998779296875,420.04998779296875,422.5,4022030
2022-09-15,BDL,424.0253601074219,434.67498779296875,446.5,430.04998779296875,435.0,3200888
2022-09-16,BDL,449.7105712890625,460.4750061035156,488.0,434.54998779296875,435.29998779296875,27043856
2022-09-19,BDL,455.0820007324219,465.9750061035156,489.54998779296875,461.75,470.5249938964844,12240426
2022-09-20,BDL,459.037353515625,470.0249938964844,482.1499938964844,466.07501220703125,470.17498779296875,3992488
2022-09-21,BDL,449.75946044921875,460.5249938964844,475.8999938964844,454.0,472.5,2675978
2022-09-22,BDL,453.10430908203125,463.95001220703125,475.45001220703125,457.75,460.0,2758932
2022-09-23,BDL,444.97393798828125,455.625,467.5,452.0,466.0,1616304
2022-09-26,BDL,415.2602233886719,425.20001220703125,455.625,421.25,455.625,2595424
2022-09-27,BDL,412.5256652832031,422.3999938964844,434.875,416.25,427.5,1662704
2022-09-28,BDL,402.7593994140625,412.3999938964844,420.125,409.29998779296875,415.0,1459490
2022-09-29,BDL,424.46484375,434.625,438.5,417.70001220703125,417.70001220703125,2749408
2022-09-30,BDL,427.15057373046875,437.375,439.3999938964844,425.29998779296875,433.5,1956984
2022-10-03,BDL,427.7121887207031,437.95001220703125,443.57501220703125,431.0249938964844,434.0,1644954
2022-10-04,BDL,442.0196533203125,452.6000061035156,460.95001220703125,441.0,442.1000061035156,3365962
2022-10-06,BDL,451.0290222167969,461.82501220703125,469.1499938964844,455.5249938964844,456.67498779296875,2191254
2022-10-07,BDL,448.07470703125,458.79998779296875,467.4750061035156,455.0,463.45001220703125,1177970
2022-10-10,BDL,448.5874938964844,459.32501220703125,463.5,449.0,454.0,2004660
2022-10-11,BDL,436.3796691894531,446.82501220703125,463.0,443.07501220703125,460.5,1255360
2022-10-12,BDL,430.78851318359375,441.1000061035156,451.29998779296875,435.9750061035156,443.0,1157038
2022-10-13,BDL,422.1453857421875,432.25,442.5,430.7749938964844,441.3500061035156,822146
2022-10-14,BDL,418.89813232421875,428.92498779296875,446.2250061035156,427.5,440.0,897712
2022-10-17,BDL,429.6409606933594,439.92498779296875,446.0,417.9750061035156,428.5,1329482
2022-10-18,BDL,435.647216796875,446.07501220703125,452.5,440.07501220703125,445.1000061035156,2252876
2022-10-19,BDL,447.31787109375,458.0249938964844,474.125,447.4750061035156,448.32501220703125,6448624
2022-10-20,BDL,450.0035400390625,460.7749938964844,474.42498779296875,453.1000061035156,455.0,4354072
2022-10-21,BDL,466.8258972167969,478.0,480.5,463.0,463.1000061035156,5103968
2022-10-24,BDL,470.31732177734375,481.57501220703125,485.6499938964844,477.0249938964844,482.3500061035156,877678
2022-10-25,BDL,485.96771240234375,497.6000061035156,504.3500061035156,473.0,482.5,5507646
2022-10-27,BDL,484.1853942871094,495.7749938964844,513.4749755859375,489.5,498.0,4161286
2022-10-28,BDL,475.4934387207031,486.875,504.125,482.75,498.0,1828368
2022-10-31,BDL,467.90020751953125,479.1000061035156,491.82501220703125,476.0,489.32501220703125,1572796
2022-11-01,BDL,472.8565673828125,484.17498779296875,489.7250061035156,476.0,479.75,1626260
2022-11-02,BDL,464.53082275390625,475.6499938964844,489.79998779296875,472.6000061035156,485.0,1238912
2022-11-03,BDL,476.51885986328125,487.92498779296875,494.5,472.54998779296875,472.54998779296875,3705530
2022-11-04,BDL,478.56982421875,490.0249938964844,493.5,484.6499938964844,490.0,1733440
2022-11-07,BDL,486.1630554199219,497.79998779296875,500.5,489.0,492.5,2400994
2022-11-09,BDL,478.42327880859375,489.875,502.5,486.0,500.0,1256906
2022-11-10,BDL,481.3043518066406,492.82501220703125,498.5,486.0249938964844,490.0,1242758
2022-11-11,BDL,475.5910949707031,486.9750061035156,499.3500061035156,484.04998779296875,495.04998779296875,1600682
2022-11-14,BDL,462.6019592285156,473.67498779296875,499.0,463.75,490.04998779296875,2020112
2022-11-15,BDL,448.39215087890625,459.125,477.3999938964844,456.3500061035156,475.04998779296875,2070468
2022-11-16,BDL,467.3386535644531,478.5249938964844,484.8999938964844,462.0,463.5,5256810
2022-11-17,BDL,459.6477355957031,470.6499938964844,482.375,466.7250061035156,480.5,2539462
2022-11-18,BDL,452.93341064453125,463.7749938964844,472.875,462.04998779296875,471.0,1158684
2022-11-21,BDL,456.0830078125,467.0,472.04998779296875,456.5,464.0,1423688
2022-11-22,BDL,471.8554992675781,483.1499938964844,485.0,464.1000061035156,468.45001220703125,3006602
2022-11-23,BDL,471.0009765625,482.2749938964844,493.42498779296875,480.0249938964844,485.0,3298262
2022-11-24,BDL,471.5381164550781,482.82501220703125,488.45001220703125,479.375,482.5,1595796
2022-11-25,BDL,467.778076171875,478.9750061035156,486.29998779296875,476.625,482.82501220703125,951718
2022-11-28,BDL,466.8258972167969,478.0,485.0,475.7749938964844,476.5,845904
2022-11-29,BDL,463.28564453125,474.375,481.7749938964844,471.1000061035156,479.0,915326
2022-11-30,BDL,473.1739807128906,484.5,487.6499938964844,470.5249938964844,476.1000061035156,1312914
2022-12-01,BDL,470.9765625,482.25,489.42498779296875,480.67498779296875,486.75,1152078
2022-12-02,BDL,471.8554992675781,483.1499938964844,494.67498779296875,479.32501220703125,482.5,2391862
2022-12-05,BDL,469.7557678222656,481.0,486.04998779296875,480.1499938964844,485.0,645232
2022-12-06,BDL,468.53497314453125,479.75,484.75,478.04998779296875,479.8500061035156,731678
2022-12-07,BDL,470.4638366699219,481.7250061035156,488.70001220703125,476.5249938964844,480.0,1109510
2022-12-08,BDL,480.3032531738281,491.79998779296875,494.1000061035156,480.0,482.0,1676012
2022-12-09,BDL,460.99053955078125,472.0249938964844,496.0,462.5,491.5,2421732
2022-12-12,BDL,455.8144836425781,466.7250061035156,474.95001220703125,465.04998779296875,474.0,969104
2022-12-13,BDL,457.6456298828125,468.6000061035156,470.9750061035156,465.625,469.0,767538
2022-12-14,BDL,463.8227844238281,474.92498779296875,476.0,467.2250061035156,470.0,988938
2022-12-15,BDL,458.988525390625,469.9750061035156,478.0,467.625,475.0,703360
2022-12-16,BDL,448.36773681640625,459.1000061035156,467.20001220703125,457.54998779296875,467.0,745920
2022-12-19,BDL,452.8113098144531,463.6499938964844,467.0,457.375,459.1000061035156,735892
2022-12-20,BDL,451.2243347167969,462.0249938964844,463.8500061035156,453.625,462.0,676524
2022-12-21,BDL,428.6155090332031,438.875,465.7250061035156,434.5249938964844,464.0,1053358
2022-12-22,BDL,408.69244384765625,418.4750061035156,443.1499938964844,413.5,441.07501220703125,1638768
2022-12-23,BDL,400.43994140625,410.0249938964844,430.0,400.1000061035156,420.57501220703125,2155758
2022-12-26,BDL,443.3869934082031,454.0,458.5,398.70001220703125,407.5,3671936
2022-12-27,BDL,441.0430603027344,451.6000061035156,459.70001220703125,445.0,456.0,1185732
2022-12-28,BDL,449.75946044921875,460.5249938964844,467.20001220703125,445.5,452.5,1615554
2022-12-29,BDL,459.18377685546875,470.17498779296875,471.95001220703125,452.0,457.5,2008558
2022-12-30,BDL,461.0150146484375,472.04998779296875,479.8999938964844,469.04998779296875,471.20001220703125,1460216
2023-01-02,BDL,461.4056396484375,472.45001220703125,476.5,466.375,471.0,862318
2023-01-03,BDL,461.0393981933594,472.07501220703125,476.5,470.5,472.5,493788
2023-01-04,BDL,459.257080078125,470.25,474.32501220703125,462.92498779296875,472.5,701962
2023-01-05,BDL,458.62225341796875,469.6000061035156,481.92498779296875,465.0,471.0,941296
2023-01-06,BDL,457.5968017578125,468.54998779296875,477.2749938964844,465.0249938964844,469.9750061035156,874548
2023-01-09,BDL,457.8653869628906,468.82501220703125,478.5,465.0,470.5,849556
2023-01-10,BDL,447.4887390136719,458.20001220703125,471.6499938964844,456.5,469.9750061035156,569726
2023-01-11,BDL,452.7137145996094,463.54998779296875,474.3999938964844,461.25,463.5,1928010
2023-01-12,BDL,458.842041015625,469.82501220703125,472.8500061035156,462.5249938964844,465.5,738376
2023-01-13,BDL,451.5905456542969,462.3999938964844,477.20001220703125,460.04998779296875,472.17498779296875,1067890
2023-01-16,BDL,452.05450439453125,462.875,468.29998779296875,461.5,464.4750061035156,535298
2023-01-17,BDL,457.6456298828125,468.6000061035156,469.5,461.57501220703125,464.04998779296875,553992
2023-01-18,BDL,454.88671875,465.7749938964844,469.5,463.70001220703125,469.5,345186
2023-01-19,BDL,452.12774658203125,462.95001220703125,465.0,458.2749938964844,465.0,418024
2023-01-20,BDL,456.7666931152344,467.70001220703125,473.2250061035156,460.0249938964844,462.5,826220
2023-01-23,BDL,454.22747802734375,465.1000061035156,470.04998779296875,463.3999938964844,469.8500061035156,282352
2023-01-24,BDL,453.4217529296875,464.2749938964844,467.25,462.29998779296875,463.0249938964844,232484
2023-01-25,BDL,450.5162353515625,461.29998779296875,464.7749938964844,456.82501220703125,464.0,311292
2023-01-27,BDL,451.9568176269531,462.7749938964844,474.82501220703125,431.32501220703125,462.5,1187894
2023-01-30,BDL,444.77862548828125,455.42498779296875,473.8999938964844,451.75,462.7749938964844,1072574
2023-01-31,BDL,461.6253662109375,472.67498779296875,477.45001220703125,458.0,458.5,813342
2023-02-01,BDL,444.1194152832031,454.75,484.4750061035156,431.7250061035156,479.5,2604978
2023-02-02,BDL,452.95782470703125,463.79998779296875,468.0,447.5,451.9750061035156,781890
2023-02-03,BDL,439.5048828125,450.0249938964844,466.1000061035156,447.54998779296875,465.9750061035156,656646
2023-02-06,BDL,443.4845886230469,454.1000061035156,457.3999938964844,451.0,452.29998779296875,353536
2023-02-07,BDL,434.0601806640625,444.45001220703125,457.45001220703125,430.5,454.9750061035156,1956334
2023-02-08,BDL,415.28466796875,425.2250061035156,435.0,417.5,427.5249938964844,2510304
2023-02-09,BDL,412.232666015625,422.1000061035156,425.5,413.70001220703125,421.2250061035156,1569496
2023-02-10,BDL,406.5682678222656,416.29998779296875,422.1000061035156,415.0,422.1000061035156,545252
2023-02-13,BDL,406.0799560546875,415.79998779296875,420.0,401.32501220703125,414.0,1488454
2023-02-14,BDL,394.2872314453125,403.7250061035156,415.79998779296875,401.5,412.5,1317626
2023-02-15,BDL,390.6981506347656,400.04998779296875,402.0,393.5,400.5,1207734
2023-02-16,BDL,440.359375,450.8999938964844,462.54998779296875,402.5,402.5,11181368
2023-02-17,BDL,426.1495666503906,436.3500061035156,474.5,432.57501220703125,449.5,14364724
2023-02-20,BDL,452.6436767578125,459.1499938964844,462.45001220703125,430.57501220703125,436.20001220703125,10116126
2023-02-21,BDL,459.6430969238281,466.25,467.95001220703125,452.0,457.95001220703125,3676430
2023-02-22,BDL,454.6153869628906,461.1499938964844,465.5,456.6499938964844,461.125,2046218
2023-02-23,BDL,478.12744140625,485.0,492.0,461.04998779296875,463.4750061035156,8022830
2023-02-24,BDL,472.3356628417969,479.125,492.0,475.54998779296875,484.45001220703125,3569650
2023-02-27,BDL,463.95611572265625,470.625,488.75,461.07501220703125,477.5,3248756
2023-02-28,BDL,460.62890625,467.25,478.79998779296875,462.0249938964844,473.0,1573332
2023-03-01,BDL,476.3282470703125,483.17498779296875,492.45001220703125,466.0,470.5,4579326
2023-03-02,BDL,468.1459045410156,474.875,486.0,473.07501220703125,482.3500061035156,1617804
2023-03-03,BDL,467.1107482910156,473.82501220703125,488.125,471.5249938964844,477.25,1611182
2023-03-06,BDL,464.0300598144531,470.70001220703125,477.5,467.7749938964844,475.0,1107320
2023-03-08,BDL,465.1883850097656,471.875,481.9750061035156,466.45001220703125,471.0,2476426
2023-03-09,BDL,462.82244873046875,469.4750061035156,476.32501220703125,467.5,473.0,974032
2023-03-10,BDL,453.4570617675781,459.9750061035156,468.5,457.7749938964844,464.8500061035156,1204314
2023-03-13,BDL,437.16619873046875,443.45001220703125,460.0,440.625,460.0,1756174
2023-03-14,BDL,448.133544921875,454.57501220703125,462.32501220703125,443.2749938964844,445.67498779296875,2870350
2023-03-15,BDL,445.25,451.6499938964844,463.45001220703125,448.125,457.45001220703125,969252
2023-03-16,BDL,443.2290954589844,449.6000061035156,456.0,444.3999938964844,449.9750061035156,1147992
2023-03-17,BDL,450.00665283203125,456.4750061035156,462.95001220703125,450.5,462.5,3856246
2023-03-20,BDL,449.3411865234375,455.79998779296875,459.0,450.2250061035156,454.5,806486
2023-03-21,BDL,447.27099609375,453.70001220703125,460.04998779296875,452.0,459.95001220703125,414872
2023-03-22,BDL,449.8341064453125,456.29998779296875,460.5,454.29998779296875,455.5,499694
2023-03-23,BDL,446.260498046875,452.67498779296875,456.6499938964844,451.1499938964844,452.5,343970
2023-03-24,BDL,441.2327575683594,447.57501220703125,456.5,441.82501220703125,452.67498779296875,717638
2023-03-27,BDL,443.6726989746094,450.04998779296875,453.67498779296875,445.04998779296875,449.6499938964844,871566
2023-03-28,BDL,449.4151306152344,455.875,457.9750061035156,439.25,448.20001220703125,895606
2023-03-29,BDL,470.6844177246094,477.45001220703125,480.57501220703125,449.125,449.125,1554958
2023-03-31,BDL,487.3449401855469,494.3500061035156,506.5,489.0,492.5,5491912
2023-04-03,BDL,486.13726806640625,493.125,497.0249938964844,483.625,495.0,973530
2023-04-05,BDL,475.243896484375,482.07501220703125,490.82501220703125,475.875,489.5,1108678
2023-04-06,BDL,477.9056396484375,484.7749938964844,490.75,481.2749938964844,482.5,972896
2023-04-10,BDL,481.6024475097656,488.5249938964844,497.0,482.57501220703125,485.0,1104570
2023-04-11,BDL,488.7990417480469,495.82501220703125,504.70001220703125,486.04998779296875,487.8500061035156,1613332
2023-04-12,BDL,492.2247314453125,499.29998779296875,515.0,494.5,495.5,3284378
2023-04-13,BDL,487.1723937988281,494.17498779296875,502.6499938964844,491.25,499.3999938964844,704216
2023-04-17,BDL,488.62652587890625,495.6499938964844,503.9750061035156,490.17498779296875,492.375,850358
2023-04-18,BDL,485.3239440917969,492.29998779296875,498.92498779296875,489.5,497.0,570760
2023-04-19,BDL,478.8421630859375,485.7250061035156,494.20001220703125,484.0,492.95001220703125,1012506
2023-04-20,BDL,485.1268005371094,492.1000061035156,494.3999938964844,482.7749938964844,487.42498779296875,974442
2023-04-21,BDL,486.0879821777344,493.07501220703125,504.0,486.54998779296875,493.0,1196664
2023-04-24,BDL,488.20751953125,495.2250061035156,497.4750061035156,489.92498779296875,495.45001220703125,561708
2023-04-25,BDL,490.7707214355469,497.82501220703125,514.875,493.0,495.875,2076546
2023-04-26,BDL,489.1440734863281,496.17498779296875,502.5,495.0,498.625,733594
2023-04-27,BDL,493.9992980957031,501.1000061035156,504.0,493.625,495.0,861438
2023-04-28,BDL,495.5273132324219,502.6499938964844,509.45001220703125,498.5,504.5,885966
2023-05-02,BDL,488.7004699707031,495.7250061035156,508.0,493.04998779296875,506.45001220703125,830070
2023-05-03,BDL,510.1176452636719,517.4500122070312,524.2249755859375,494.5,495.8999938964844,3756206
2023-05-04,BDL,512.8040771484375,520.1749877929688,533.6749877929688,515.625,521.7000122070312,1705638
2023-05-05,BDL,501.787353515625,509.0,521.4000244140625,505.9750061035156,521.4000244140625,577600
2023-05-08,BDL,499.3967590332031,506.57501220703125,512.4500122070312,503.2749938964844,512.0,406724
2023-05-09,BDL,496.36529541015625,503.5,513.8499755859375,502.125,507.0,467012
2023-05-10,BDL,496.439208984375,503.57501220703125,505.0,499.5249938964844,503.5,291296
2023-05-11,BDL,501.6640930175781,508.875,515.1500244140625,503.57501220703125,505.5,784318
2023-05-12,BDL,496.7349853515625,503.875,510.92498779296875,502.0,510.92498779296875,348962
2023-05-15,BDL,501.8858947753906,509.1000061035156,513.2999877929688,503.0,505.20001220703125,708822
2023-05-16,BDL,519.8527221679688,527.3250122070312,532.4749755859375,510.0,510.0,2124070
2023-05-17,BDL,530.0559692382812,537.6749877929688,552.4749755859375,527.0,528.5,3470120
2023-05-18,BDL,529.14404296875,536.75,543.4249877929688,530.3250122070312,540.0,739786
2023-05-19,BDL,520.7152709960938,528.2000122070312,540.9249877929688,520.0499877929688,536.75,630258
2023-05-22,BDL,528.3800659179688,535.9749755859375,540.0,522.125,528.2000122070312,754198
2023-05-23,BDL,530.5982055664062,538.2249755859375,544.5,530.4000244140625,536.0,619862
2023-05-24,BDL,524.7572021484375,532.2999877929688,538.7750244140625,530.125,536.5999755859375,396048
2023-05-25,BDL,496.4638671875,503.6000061035156,544.9749755859375,487.6499938964844,531.5,2076124
2023-05-26,BDL,518.4231567382812,525.875,529.5499877929688,489.0,499.5,2867742
2023-05-29,BDL,517.8809814453125,525.3250122070312,527.25,514.7750244140625,527.25,825958
2023-05-30,BDL,517.9302978515625,525.375,532.25,518.5,522.5,710124
2023-05-31,BDL,543.0689697265625,550.875,557.4500122070312,522.0,525.0,1757806
2023-06-01,BDL,547.7269897460938,555.5999755859375,562.0499877929688,543.1749877929688,550.0,1139034
2023-06-02,BDL,552.9765014648438,560.9249877929688,563.75,551.5,554.0,867962
2023-06-05,BDL,565.7677001953125,573.9000244140625,582.25,561.875,564.0,2039496
2023-06-06,BDL,587.184814453125,595.625,599.9749755859375,567.5,574.0,3767324
2023-06-07,BDL,571.0911865234375,579.2999877929688,608.25,576.0,599.0,1830534
2023-06-08,BDL,568.82373046875,577.0,586.9000244140625,571.2249755859375,580.5499877929688,956142
2023-06-09,BDL,567.517578125,575.6749877929688,590.9500122070312,566.7750244140625,580.0,1676516
2023-06-12,BDL,561.8982543945312,569.9749755859375,581.0499877929688,568.875,578.0250244140625,595362
2023-06-13,BDL,550.980224609375,558.9000244140625,574.3250122070312,557.0,571.75,847438
2023-06-14,BDL,544.81884765625,552.6500244140625,564.4249877929688,548.3250122070312,561.7750244140625,751094
2023-06-15,BDL,557.1910400390625,565.2000122070312,575.5,553.9000244140625,553.9000244140625,1703108
2023-06-16,BDL,581.1713256835938,589.5250244140625,599.5750122070312,565.375,568.5499877929688,3715328
2023-06-19,BDL,589.60009765625,598.0750122070312,619.5,592.7249755859375,593.9000244140625,2828644
2023-06-20,BDL,597.8317260742188,606.4249877929688,615.4000244140625,590.125,601.0,1707502
2023-06-21,BDL,586.4700927734375,594.9000244140625,623.5,584.7750244140625,607.9500122070312,2853130
2023-06-22,BDL,577.2772827148438,585.5750122070312,603.7999877929688,582.2999877929688,597.0,772336
2023-06-23,BDL,544.1533203125,551.9749755859375,591.875,547.7750244140625,585.5750122070312,2072428
2023-06-26,BDL,538.9531860351562,546.7000122070312,553.5,531.4749755859375,550.0,1838142
2023-06-27,BDL,534.8125610351562,542.5,557.0,538.0,548.5,1344576
2023-06-28,BDL,541.39306640625,549.1749877929688,550.4249877929688,543.5250244140625,545.2249755859375,976084
2023-06-30,BDL,552.1879272460938,560.125,563.0,540.6749877929688,549.5,911490
2023-07-03,BDL,551.0048828125,558.9249877929688,566.5,552.7750244140625,563.2000122070312,962860
2023-07-04,BDL,544.7448120117188,552.5750122070312,562.5,551.4500122070312,559.0,386206
2023-07-05,BDL,555.6136474609375,563.5999755859375,565.5,551.0250244140625,553.6500244140625,1194804
2023-07-06,BDL,549.994384765625,557.9000244140625,567.9249877929688,553.5,563.5999755859375,786280
2023-07-07,BDL,543.68505859375,551.5,562.3499755859375,544.4000244140625,558.5,918460
2023-07-10,BDL,532.5697631835938,540.2249755859375,551.7249755859375,538.75,551.0,823440
2023-07-11,BDL,607.0738525390625,615.7999877929688,639.0,541.9749755859375,541.9749755859375,19996284
2023-07-12,BDL,606.038818359375,614.75,634.0,600.5250244140625,616.5,5407596
2023-07-13,BDL,598.3986206054688,607.0,622.5,598.5,614.75,1572982
2023-07-14,BDL,582.23095703125,590.5999755859375,612.4249877929688,587.5499877929688,608.9749755859375,1263464
2023-07-17,BDL,574.64013671875,582.9000244140625,602.5750122070312,580.6500244140625,592.0,1268826
2023-07-18,BDL,569.784912109375,577.9749755859375,594.3250122070312,574.0250244140625,585.9000244140625,701724
2023-07-19,BDL,575.9957275390625,584.2750244140625,591.4500122070312,572.5499877929688,578.4749755859375,924792
2023-07-20,BDL,578.0905151367188,586.4000244140625,594.4000244140625,580.4500122070312,586.0,727376
2023-07-21,BDL,581.1220703125,589.4749755859375,597.5,582.0999755859375,584.0,786124
2023-07-24,BDL,580.900146484375,589.25,597.9249877929688,580.0,592.2000122070312,600964
2023-07-25,BDL,588.2692260742188,596.7249755859375,607.0,590.4500122070312,595.2999877929688,1086264
2023-07-26,BDL,590.7831420898438,599.2750244140625,603.3250122070312,593.7000122070312,601.5,413612
2023-07-27,BDL,592.5330200195312,601.0499877929688,603.5,595.8250122070312,599.9249877929688,425676
2023-07-28,BDL,592.0401000976562,600.5499877929688,607.0,597.5750122070312,601.0,502478
2023-07-31,BDL,605.0776977539062,613.7750244140625,615.875,601.0250244140625,602.5,1011868
2023-08-01,BDL,603.549560546875,612.2249755859375,618.6749877929688,605.0,616.4500122070312,570542
2023-08-02,BDL,586.0510864257812,594.4749755859375,608.2999877929688,587.5,605.5,786244
2023-08-03,BDL,586.6180419921875,595.0499877929688,603.0,590.0499877929688,594.9749755859375,380138
2023-08-04,BDL,573.9007568359375,582.1500244140625,598.0499877929688,556.0,598.0499877929688,2606936
2023-08-07,BDL,563.1058959960938,571.2000122070312,579.4000244140625,563.4000244140625,577.4749755859375,672814
2023-08-08,BDL,549.624755859375,557.5250244140625,580.0,546.5499877929688,574.2000122070312,1077682
2023-08-09,BDL,563.3031005859375,571.4000244140625,578.5,560.5499877929688,561.0,606624
2023-08-10,BDL,552.7793579101562,560.7249755859375,574.2999877929688,558.5499877929688,570.5,488830
2023-08-11,BDL,555.761474609375,563.75,572.4500122070312,561.5250244140625,563.5,288992
2023-08-14,BDL,553.8145141601562,561.7750244140625,565.3499755859375,551.1749877929688,564.75,669176
2023-08-16,BDL,562.8840942382812,570.9749755859375,589.9249877929688,562.4749755859375,563.0499877929688,2134026
2023-08-17,BDL,558.7437133789062,566.7750244140625,576.5,562.0499877929688,571.5,495346
2023-08-18,BDL,546.3714599609375,554.2249755859375,569.375,552.0250244140625,567.0,611498
2023-08-21,BDL,547.2094116210938,555.0750122070312,565.5,552.625,557.4249877929688,442398
2023-08-22,BDL,565.1515502929688,573.2750244140625,575.0,557.0750122070312,557.8499755859375,608330
2023-08-23,BDL,572.5452270507812,580.7750244140625,586.2999877929688,573.3250122070312,576.1500244140625,860262
2023-08-24,BDL,567.8380126953125,576.0,590.2000122070312,572.5,586.0250244140625,517940
2023-08-25,BDL,552.138671875,560.0750122070312,580.8499755859375,549.5,575.5,420814
2023-08-28,BDL,552.3110961914062,560.25,568.6749877929688,557.4749755859375,557.5,574250
2023-08-29,BDL,552.7547607421875,560.7000122070312,564.5,556.5499877929688,562.9500122070312,493244
2023-08-30,BDL,557.831787109375,565.8499755859375,578.5999755859375,562.4000244140625,565.7000122070312,723662
2023-08-31,BDL,555.2193603515625,563.2000122070312,574.2000122070312,561.4000244140625,565.5,607350
2023-09-01,BDL,563.648193359375,571.75,577.0250244140625,564.0,565.5750122070312,2084888
2023-09-04,BDL,580.4319458007812,588.7750244140625,603.8250122070312,573.9000244140625,574.625,3567574
2023-09-05,BDL,576.3406982421875,584.625,597.4500122070312,581.1749877929688,588.7999877929688,1139328
2023-09-06,BDL,566.507080078125,574.6500244140625,589.5,573.2249755859375,586.4249877929688,661078
2023-09-07,BDL,584.177978515625,592.5750122070312,609.4500122070312,577.0250244140625,577.7249755859375,4560006
2023-09-08,BDL,587.4559326171875,595.9000244140625,612.2000122070312,593.9749755859375,595.5499877929688,2387958
2023-09-11,BDL,578.2630615234375,586.5750122070312,603.1749877929688,585.5250244140625,599.5,997460
2023-09-12,BDL,531.21435546875,538.8499755859375,594.7999877929688,531.2249755859375,590.0,1966848
2023-09-13,BDL,525.4719848632812,533.0250244140625,562.5,525.75,539.9000244140625,2105444
2023-09-14,BDL,524.65869140625,532.2000122070312,544.5,530.0,541.2750244140625,979708
2023-09-15,BDL,524.65869140625,532.2000122070312,542.4000244140625,528.0,536.0,746700
2023-09-18,BDL,520.025146484375,527.5,549.5,521.0,540.0,1973860
2023-09-20,BDL,513.9554443359375,520.75,544.4749755859375,518.5250244140625,535.0,2720588
2023-09-21,BDL,506.4052429199219,513.0999755859375,530.2000122070312,510.17498779296875,521.375,894720
2023-09-22,BDL,495.6227722167969,502.17498779296875,517.4000244140625,499.2749938964844,516.0250244140625,1406928
2023-09-25,BDL,489.15826416015625,495.625,509.70001220703125,478.0,504.9750061035156,2771684
2023-09-26,BDL,510.5011291503906,517.25,520.625,495.95001220703125,495.95001220703125,1743950
2023-09-27,BDL,505.61566162109375,512.2999877929688,519.7249755859375,508.6000061035156,517.5,827298
2023-09-28,BDL,496.26434326171875,502.82501220703125,515.9249877929688,499.0,513.5,911644
2023-09-29,BDL,508.9219665527344,515.6500244140625,520.0,501.25,504.9750061035156,654256
2023-10-03,BDL,503.9378662109375,510.6000061035156,513.9500122070312,508.07501220703125,513.0250244140625,521720
2023-10-04,BDL,483.35992431640625,489.75,510.0249938964844,486.6000061035156,509.625,1769262
2023-10-05,BDL,494.2904052734375,500.82501220703125,520.9749755859375,494.0249938964844,495.0,3123944
2023-10-06,BDL,491.452880859375,497.95001220703125,506.32501220703125,495.5249938964844,503.29998779296875,873316
2023-10-09,BDL,495.27734375,501.82501220703125,512.4500122070312,488.45001220703125,497.95001220703125,1652502
2023-10-10,BDL,508.4285583496094,515.1500244140625,517.9000244140625,507.5,507.5,1677882
2023-10-11,BDL,509.8102722167969,516.5499877929688,521.5,513.2999877929688,520.0,594952
2023-10-12,BDL,496.6344299316406,503.20001220703125,519.1500244140625,499.3999938964844,517.9500122070312,995190
2023-10-13,BDL,494.16705322265625,500.70001220703125,506.75,498.9750061035156,502.5,764248
2023-10-16,BDL,494.3643798828125,500.8999938964844,506.5,495.0,502.0,763100
2023-10-17,BDL,500.680908203125,507.29998779296875,509.0,500.5249938964844,502.9750061035156,767106
2023-10-18,BDL,498.97845458984375,505.57501220703125,509.75,501.57501220703125,509.0,463982
2023-10-19,BDL,495.94354248046875,502.5,506.0,500.0249938964844,503.32501220703125,269172
2023-10-20,BDL,494.1423645019531,500.67498779296875,505.67498779296875,498.0,502.8999938964844,318418
2023-10-23,BDL,478.62255859375,484.95001220703125,504.0,480.0,501.8500061035156,820660
2023-10-25,BDL,461.0054626464844,467.1000061035156,490.0,450.0,485.0,1813424
2023-10-26,BDL,473.0462341308594,479.29998779296875,481.0249938964844,450.5,466.5,1491682
2023-10-27,BDL,476.2785339355469,482.57501220703125,492.5,475.625,481.79998779296875,752344
2023-10-30,BDL,475.3656005859375,481.6499938964844,487.3500061035156,477.2749938964844,484.9750061035156,319886
2023-10-31,BDL,480.7198181152344,487.07501220703125,488.625,481.5,482.5,326688
2023-11-01,BDL,486.12335205078125,492.54998779296875,499.125,486.5,491.125,643088
2023-11-02,BDL,494.1423645019531,500.67498779296875,503.5,491.32501220703125,494.8999938964844,637448
2023-11-03,BDL,512.4009399414062,519.1749877929688,532.0,502.04998779296875,506.45001220703125,4054712
2023-11-06,BDL,513.5113525390625,520.2999877929688,529.0,513.7249755859375,522.5,1716808
2023-11-07,BDL,516.6696166992188,523.5,527.875,516.0250244140625,521.5,976256
2023-11-08,BDL,521.48095703125,528.375,530.4500122070312,521.4749755859375,527.5,827354
2023-11-09,BDL,519.1862182617188,526.0499877929688,531.4749755859375,523.0750122070312,530.0,426250
2023-11-10,BDL,519.7290649414062,526.5999755859375,528.75,517.5,521.0,631924
2023-11-13,BDL,534.3113403320312,541.375,544.4500122070312,525.0,531.5750122070312,1080662
2023-11-15,BDL,537.740966796875,544.8499755859375,549.2999877929688,534.0999755859375,546.0,1197566
2023-11-16,BDL,546.5001831054688,553.7249755859375,559.7249755859375,543.5250244140625,545.0,1281420
2023-11-17,BDL,555.3580322265625,562.7000122070312,564.5,551.2750244140625,555.5,1083710
2023-11-20,BDL,565.7951049804688,573.2750244140625,575.0,558.0499877929688,564.5,1271396
2023-11-21,BDL,554.5931396484375,561.9249877929688,577.4249877929688,556.2750244140625,575.5,1942902
2023-11-22,BDL,538.2098388671875,545.3250122070312,565.0,541.5250244140625,564.0,842390
2023-11-23,BDL,546.0806884765625,553.2999877929688,560.9749755859375,547.25,547.25,625148
2023-11-24,BDL,572.062255859375,579.625,585.9500122070312,552.2999877929688,554.5,5105992
2023-11-28,BDL,576.4048461914062,584.0250244140625,592.0,578.25,585.7750244140625,2338680
2023-11-29,BDL,569.44677734375,576.9749755859375,591.9749755859375,575.0999755859375,585.0,929982
2023-11-30,BDL,573.7893676757812,581.375,591.0,576.5250244140625,577.4500122070312,1585320
2023-12-01,BDL,604.2122802734375,612.2000122070312,615.5,592.5250244140625,596.0,6038562
2023-12-04,BDL,608.7769165039062,616.8250122070312,632.9000244140625,613.7750244140625,630.0,2633086
2023-12-05,BDL,612.4039306640625,620.5,634.0,605.4500122070312,618.5250244140625,2099076
2023-12-06,BDL,634.3388671875,642.7249755859375,652.0,613.4500122070312,622.4749755859375,4362738
2023-12-07,BDL,641.6917114257812,650.1749877929688,656.6500244140625,634.625,642.7249755859375,2087872
2023-12-08,BDL,653.0663452148438,661.7000122070312,694.9749755859375,652.0,652.9749755859375,6378958
2023-12-11,BDL,670.5107421875,679.375,683.3499755859375,657.0,662.5,2416076
2023-12-12,BDL,673.4716796875,682.375,705.0,668.0499877929688,679.375,2933348
2023-12-13,BDL,682.7735595703125,691.7999877929688,702.4749755859375,680.5,687.0,3256208
2023-12-14,BDL,680.9724731445312,689.9749755859375,700.4500122070312,683.8250122070312,697.0,898424
2023-12-15,BDL,686.7955322265625,695.875,699.5,685.0,690.5,1103406
2023-12-18,BDL,754.6484375,764.625,799.0,698.0,698.5499877929688,10819254
2023-12-19,BDL,749.7383422851562,759.6500244140625,777.9500122070312,751.2000122070312,767.5,3263432
2023-12-20,BDL,729.8512573242188,739.5,789.4500122070312,730.0,763.4500122070312,5040346
2023-12-21,BDL,760.5454711914062,770.5999755859375,777.0,715.5499877929688,724.9000244140625,2760686
2023-12-22,BDL,775.3743896484375,785.625,792.0,767.8499755859375,775.9000244140625,2024000
2023-12-26,BDL,836.3433837890625,847.4000244140625,863.4749755859375,790.1500244140625,793.5,8090550
2023-12-27,BDL,871.0347290039062,882.5499877929688,905.4749755859375,846.9749755859375,850.5,9049692
2023-12-28,BDL,837.7005004882812,848.7750244140625,881.5,844.5999755859375,873.5499877929688,4060728
2023-12-29,BDL,845.0038452148438,856.1749877929688,872.0,842.2750244140625,852.7750244140625,2872850
2024-01-01,BDL,852.0606079101562,863.3250122070312,873.5,858.5,860.0,974358
2024-01-02,BDL,824.5986328125,835.5,868.4000244140625,832.5,867.7000122070312,1739572
2024-01-03,BDL,809.7451171875,820.4500122070312,837.875,815.0,835.625,1469370
2024-01-04,BDL,830.4956665039062,841.4749755859375,862.0,823.9749755859375,824.5750122070312,2366030
2024-01-05,BDL,857.316162109375,868.6500244140625,879.5,847.4749755859375,847.5,3579996
2024-01-08,BDL,847.397216796875,858.5999755859375,872.5,851.4500122070312,871.8250122070312,917266
2024-01-09,BDL,859.5368041992188,870.9000244140625,877.5,860.375,867.1500244140625,1074212
2024-01-10,BDL,856.64990234375,867.9749755859375,875.0,853.0,872.9749755859375,1336788
2024-01-11,BDL,857.9083251953125,869.25,878.5,863.5,870.0499877929688,814898
2024-01-12,BDL,852.035888671875,863.2999877929688,871.9000244140625,857.5999755859375,871.9000244140625,503152
2024-01-15,BDL,866.3960571289062,877.8499755859375,889.7249755859375,858.75,868.6500244140625,1546194
2024-01-16,BDL,861.8067626953125,873.2000122070312,919.4000244140625,863.0,881.75,4193862
2024-01-17,BDL,864.1507568359375,875.5750122070312,893.2000122070312,856.0250244140625,866.0999755859375,1301886
2024-01-18,BDL,847.4466552734375,858.6500244140625,885.0,828.0,876.4500122070312,1530266
2024-01-19,BDL,849.9879760742188,861.2249755859375,872.6500244140625,855.625,865.0,768124
2024-01-23,BDL,823.9324951171875,834.8250122070312,870.5,825.5499877929688,870.5,1309698
2024-01-24,BDL,839.7483520507812,850.8499755859375,877.4500122070312,812.625,834.5,2778372
2024-01-25,BDL,823.636474609375,834.5250244140625,861.0250244140625,827.5,854.0,1220570
2024-01-29,BDL,826.5972900390625,837.5250244140625,845.2000122070312,823.0499877929688,841.75,781790
2024-01-30,BDL,840.0444946289062,851.1500244140625,859.25,825.0,839.0,1798842
2024-01-31,BDL,842.3885498046875,853.5250244140625,861.5,845.6500244140625,851.6500244140625,844308
2024-02-01,BDL,840.9080200195312,852.0250244140625,864.0,837.5,856.625,847606
2024-02-02,BDL,868.2219848632812,879.7000122070312,915.0,853.5,855.0,3858258
2024-02-05,BDL,869.4803466796875,880.9749755859375,907.9749755859375,873.0250244140625,885.0,1155094
2024-02-06,BDL,864.8662719726562,876.2999877929688,894.9500122070312,867.5,879.5999755859375,957002
2024-02-07,BDL,865.902587890625,877.3499755859375,898.0,874.5,882.5,629160
2024-02-08,BDL,943.8472290039062,956.3250122070312,969.4500122070312,875.0499877929688,875.5,8941176
2024-02-09,BDL,907.2805786132812,919.2750244140625,963.4500122070312,903.0250244140625,959.9000244140625,3044030
2024-02-12,BDL,797.482177734375,808.0250244140625,931.4249877929688,795.0,927.5,5064946
2024-02-13,BDL,782.1844482421875,792.5250244140625,832.3499755859375,787.9500122070312,816.0,2578926
2024-02-14,BDL,803.9713134765625,814.5999755859375,822.4749755859375,778.1749877929688,787.0499877929688,2128652
2024-02-15,BDL,821.2183837890625,832.0750122070312,840.0,814.0499877929688,820.2999877929688,1466968
2024-02-16,BDL,843.7948608398438,854.9500122070312,897.0,838.375,840.0250244140625,4472720
2024-02-19,BDL,870.2453002929688,881.75,890.0,860.1749877929688,863.5,1736502
2024-02-20,BDL,864.3975830078125,875.8250122070312,881.0250244140625,860.0250244140625,880.0,961972
2024-02-21,BDL,838.9342041015625,850.0250244140625,879.2999877929688,838.5,876.5,1629028
2024-02-22,BDL,861.8561401367188,873.25,882.7750244140625,831.9749755859375,853.0,1935668
2024-02-23,BDL,881.9652099609375,893.625,909.4749755859375,876.5,877.625,2641122
2024-02-26,BDL,930.8193969726562,943.125,959.4749755859375,887.2750244140625,896.0,5678808
2024-02-27,BDL,931.7077026367188,944.0250244140625,992.4000244140625,935.9749755859375,944.25,5241652
2024-02-28,BDL,901.8030395507812,913.7249755859375,964.6500244140625,900.5,948.7000122070312,2752662
2024-02-29,BDL,892.7476806640625,904.5499877929688,917.5,890.0499877929688,912.0999755859375,1627668
2024-03-01,BDL,908.3662719726562,920.375,924.3499755859375,898.0,912.5,1391268
2024-03-04,BDL,905.2573852539062,917.2249755859375,934.8499755859375,905.0,924.25,1451064
2024-03-05,BDL,885.2716064453125,896.9749755859375,940.0,894.0,917.5,1510380
2024-03-06,BDL,881.2496948242188,892.9000244140625,934.9500122070312,887.5499877929688,934.9500122070312,3238228
2024-03-07,BDL,887.8870239257812,899.625,906.0,892.9000244140625,897.0,989838
2024-03-11,BDL,872.761962890625,884.2999877929688,915.0,881.0,905.0,1424354
2024-03-12,BDL,852.5047607421875,863.7750244140625,904.0,854.5,890.0,1865560
2024-03-13,BDL,784.701171875,795.0750122070312,869.1500244140625,782.5,866.5,3130856
2024-03-14,BDL,818.2081909179688,829.0250244140625,843.4749755859375,776.0499877929688,791.0,1944394
2024-03-15,BDL,829.9775390625,840.9500122070312,848.7999877929688,801.0250244140625,830.0,1965332
2024-03-18,BDL,827.5348510742188,838.4749755859375,855.5,831.4000244140625,840.9500122070312,882600
2024-03-19,BDL,801.2324829101562,811.8250122070312,841.4749755859375,806.3250122070312,840.5,1141702
2024-03-20,BDL,799.2092895507812,809.7750244140625,824.9500122070312,793.5,815.0,1028696
2024-03-21,BDL,820.1080322265625,830.9500122070312,842.7000122070312,827.5250244140625,828.5,1553698
2024-03-22,BDL,832.0255737304688,843.0250244140625,859.8499755859375,840.0250244140625,853.0,2560288
2024-03-26,BDL,853.417724609375,864.7000122070312,873.9749755859375,836.5,846.6500244140625,1844836
2024-03-27,BDL,866.0507202148438,877.5,885.0,865.9749755859375,869.5,1609238
2024-03-28,BDL,864.5208740234375,875.9500122070312,885.9749755859375,871.5,882.9749755859375,747002
2024-04-01,BDL,875.3773193359375,886.9500122070312,890.875,874.5,888.5,1177048
2024-04-02,BDL,866.6982421875,873.7750244140625,883.4749755859375,854.0,880.5250244140625,3081116
2024-04-03,BDL,871.732177734375,878.8499755859375,906.75,867.5,874.4749755859375,2544876
2024-04-04,BDL,872.2777099609375,879.4000244140625,889.5,867.5,883.25,1132990
2024-04-05,BDL,865.3344116210938,872.4000244140625,885.0,868.0,879.0,733606
2024-04-08,BDL,875.9229736328125,883.0750122070312,886.0,869.1749877929688,876.2000122070312,1188656
2024-04-09,BDL,860.5732421875,867.5999755859375,887.0,862.5250244140625,885.0,777472
2024-04-10,BDL,877.0635986328125,884.2249755859375,889.7999877929688,864.0,868.0,1272380
2024-04-12,BDL,873.2200317382812,880.3499755859375,894.9000244140625,876.5,880.0,1377568
2024-04-15,BDL,875.0549926757812,882.2000122070312,904.5,842.5,875.0,2679076
2024-04-16,BDL,915.970947265625,923.4500122070312,930.0,876.0499877929688,879.0,7746718
2024-04-18,BDL,897.719970703125,905.0499877929688,944.0,896.6500244140625,930.0250244140625,2276862
2024-04-19,BDL,909.2012329101562,916.625,925.7999877929688,884.3250122070312,889.5,2404794
2024-04-22,BDL,914.6318969726562,922.0999755859375,940.2249755859375,918.5,925.0,1345048
2024-04-23,BDL,953.7623901367188,961.5499877929688,970.6500244140625,918.9000244140625,926.9500122070312,5013454
2024-04-24,BDL,1014.9378051757812,1023.2249755859375,1041.8499755859375,958.1749877929688,965.0,9780408
2024-04-25,BDL,1021.732177734375,1030.074951171875,1048.9749755859375,1014.4749755859375,1026.949951171875,3723820
2024-04-26,BDL,1000.8280639648438,1009.0,1046.5,1004.4249877929688,1036.0,1799710
2024-04-29,BDL,978.5598754882812,986.5499877929688,1021.4749755859375,982.0,1015.0,1380416
2024-04-30,BDL,980.7669067382812,988.7750244140625,1011.0,972.0,988.5,1795538
2024-05-02,BDL,975.6585693359375,983.625,998.6500244140625,982.0,993.5,944786
2024-05-03,BDL,971.864501953125,979.7999877929688,994.5,971.0,986.0250244140625,1155078
2024-05-06,BDL,945.0831909179688,952.7999877929688,986.0,940.7750244140625,984.9749755859375,1363664
2024-05-07,BDL,915.5989379882812,923.0750122070312,967.5,913.5250244140625,953.5,1597060
2024-05-08,BDL,936.3297119140625,943.9749755859375,956.5,918.0750122070312,925.0,1398546
2024-05-09,BDL,926.5347290039062,934.0999755859375,978.4000244140625,930.0,948.25,2102724
2024-05-10,BDL,923.2366333007812,930.7750244140625,965.1500244140625,915.0250244140625,940.5,766452
2024-05-13,BDL,907.9364624023438,915.3499755859375,939.5,902.7750244140625,934.5,893164
2024-05-14,BDL,969.97998046875,977.9000244140625,986.8499755859375,920.0,920.5,2946444
2024-05-15,BDL,991.5289916992188,999.625,1002.5,965.5,978.0,2208830
2024-05-16,BDL,1026.419189453125,1034.800048828125,1041.0,993.7750244140625,1005.5,3514634
2024-05-17,BDL,1152.7130126953125,1162.125,1173.25,1022.7249755859375,1037.5,11085440
2024-05-21,BDL,1258.9205322265625,1269.199951171875,1344.0999755859375,1246.175048828125,1269.5,7096098
2024-05-22,BDL,1308.7388916015625,1319.425048828125,1368.949951171875,1250.5,1284.5,8728582
2024-05-23,BDL,1393.8936767578125,1405.2750244140625,1479.0,1320.925048828125,1332.0,11343896
2024-05-24,BDL,1510.71484375,1523.050048828125,1658.949951171875,1431.0999755859375,1434.949951171875,10533547
2024-05-27,BDL,1532.338134765625,1544.8499755859375,1640.0,1531.0,1580.0,5180268
2024-05-28,BDL,1441.678466796875,1453.449951171875,1542.0,1431.25,1542.0,4259515
2024-05-29,BDL,1528.321044921875,1540.800048828125,1554.0,1411.0,1444.0,5436219
2024-05-30,BDL,1535.016357421875,1547.550048828125,1598.0,1525.0,1555.0,4844466
2024-05-31,BDL,1544.7369384765625,1557.3499755859375,1630.0,1486.050048828125,1626.0,7314397
2024-06-03,BDL,1583.56982421875,1596.5,1662.949951171875,1580.0999755859375,1662.949951171875,3797720
2024-06-04,BDL,1425.212890625,1436.8499755859375,1579.949951171875,1436.8499755859375,1579.949951171875,3342860
2024-06-05,BDL,1294.6788330078125,1305.25,1387.550048828125,1293.199951171875,1371.699951171875,6401013
2024-06-06,BDL,1357.7139892578125,1368.800048828125,1419.0,1326.25,1330.0,6332980
2024-06-07,BDL,1419.360595703125,1430.949951171875,1440.0,1340.0,1368.9000244140625,3187159
2024-06-10,BDL,1407.3585205078125,1418.8499755859375,1475.0,1405.0,1439.800048828125,2576038
2024-06-11,BDL,1411.1773681640625,1422.699951171875,1458.800048828125,1416.0,1427.800048828125,1605710
2024-06-12,BDL,1409.83837890625,1421.3499755859375,1438.5,1410.050048828125,1425.0,1254013
2024-06-13,BDL,1479.0233154296875,1491.0999755859375,1500.0,1402.0,1425.0,4294918
2024-06-14,BDL,1569.9808349609375,1582.800048828125,1617.300048828125,1473.0,1500.0,9955913
2024-06-18,BDL,1614.1204833984375,1627.300048828125,1650.0,1595.0,1598.5999755859375,7287059
2024-06-19,BDL,1551.1842041015625,1563.8499755859375,1639.0,1536.0,1628.75,3956234
2024-06-20,BDL,1556.838134765625,1569.550048828125,1597.5,1527.0,1567.3499755859375,2357325
2024-06-21,BDL,1518.0548095703125,1530.449951171875,1575.9000244140625,1521.0,1567.800048828125,1643504
2024-06-24,BDL,1540.422119140625,1553.0,1565.0,1496.0,1518.0999755859375,1627649
2024-06-25,BDL,1532.8341064453125,1545.3499755859375,1585.800048828125,1534.25,1559.5,1904136
2024-06-26,BDL,1576.87451171875,1589.75,1630.0,1567.300048828125,1575.0,6721495
2024-06-27,BDL,1588.975830078125,1601.949951171875,1635.6500244140625,1578.0,1607.6500244140625,3237677
2024-06-28,BDL,1583.6690673828125,1596.5999755859375,1649.0,1580.0,1612.0999755859375,2931828
2024-07-01,BDL,1602.2176513671875,1615.300048828125,1624.0,1581.199951171875,1599.300048828125,2090122
2024-07-02,BDL,1583.3717041015625,1596.300048828125,1657.949951171875,1585.0,1626.0,2608871
2024-07-03,BDL,1620.5677490234375,1633.800048828125,1675.949951171875,1590.6500244140625,1605.5999755859375,7386981
2024-07-04,BDL,1670.2620849609375,1683.9000244140625,1715.0,1635.9000244140625,1640.0,9184976
2024-07-05,BDL,1717.8236083984375,1731.8499755859375,1794.699951171875,1656.0,1694.0,9629462
2024-07-08,BDL,1683.206298828125,1696.949951171875,1773.300048828125,1670.0,1741.050048828125,4089435
2024-07-09,BDL,1667.633544921875,1681.25,1714.25,1640.0,1703.25,2199878
2024-07-10,BDL,1618.633544921875,1631.8499755859375,1688.5,1571.300048828125,1688.0,2960122
2024-07-11,BDL,1652.8046875,1666.300048828125,1676.5,1622.949951171875,1638.0,2375360
2024-07-12,BDL,1652.0606689453125,1665.550048828125,1699.0,1621.050048828125,1672.300048828125,2696736
2024-07-15,BDL,1615.5587158203125,1628.75,1680.0,1622.0,1672.949951171875,1731106
2024-07-16,BDL,1588.9261474609375,1601.9000244140625,1646.8499755859375,1584.0,1631.699951171875,1728586
2024-07-18,BDL,1533.9251708984375,1546.449951171875,1609.949951171875,1533.300048828125,1602.0,2115200
2024-07-19,BDL,1455.862548828125,1467.75,1555.0,1462.0,1537.0,2859021
2024-07-22,BDL,1481.6519775390625,1493.75,1511.0,1407.050048828125,1450.050048828125,3148425
2024-07-23,BDL,1456.011474609375,1467.9000244140625,1528.0,1350.0,1510.0,3116965
2024-07-24,BDL,1417.1785888671875,1428.75,1490.0,1425.0,1467.9000244140625,1641033
2024-07-25,BDL,1395.455810546875,1406.8499755859375,1436.0,1393.550048828125,1422.0,1387692
2024-07-26,BDL,1401.0601806640625,1412.5,1433.300048828125,1406.1500244140625,1410.0999755859375,1160129
2024-07-29,BDL,1457.44970703125,1469.3499755859375,1475.75,1415.300048828125,1426.0,2146657
2024-07-30,BDL,1466.3271484375,1478.300048828125,1498.0,1457.449951171875,1469.800048828125,1441946
2024-07-31,BDL,1448.2745361328125,1460.0999755859375,1484.949951171875,1457.550048828125,1479.050048828125,617138
2024-08-01,BDL,1438.50439453125,1450.25,1467.449951171875,1428.0,1460.0999755859375,827899
2024-08-02,BDL,1407.7056884765625,1419.199951171875,1440.0,1407.0,1429.0,797569
2024-08-05,BDL,1330.2879638671875,1341.1500244140625,1378.0,1327.050048828125,1359.8499755859375,1961750
2024-08-06,BDL,1331.6767578125,1342.550048828125,1410.0,1338.0,1346.9000244140625,1644757
2024-08-07,BDL,1391.2899169921875,1402.6500244140625,1408.0,1350.0999755859375,1385.0999755859375,1105077
2024-08-08,BDL,1402.7958984375,1414.25,1444.0,1376.0,1402.6500244140625,1458258
2024-08-09,BDL,1422.4356689453125,1434.050048828125,1449.949951171875,1422.6500244140625,1437.0,828994
2024-08-12,BDL,1333.065185546875,1343.949951171875,1359.949951171875,1222.3499755859375,1224.949951171875,4454884
2024-08-13,BDL,1324.83251953125,1335.6500244140625,1357.949951171875,1322.25,1357.949951171875,1215844
2024-08-14,BDL,1307.1270751953125,1317.800048828125,1351.199951171875,1300.550048828125,1345.0,1026488
2024-08-16,BDL,1308.1190185546875,1318.800048828125,1340.0,1300.0999755859375,1330.0,1029263
2024-08-19,BDL,1319.8233642578125,1330.5999755859375,1351.0,1313.300048828125,1313.300048828125,855127
2024-08-20,BDL,1298.5472412109375,1309.1500244140625,1339.949951171875,1305.050048828125,1337.300048828125,686091
2024-08-21,BDL,1310.6978759765625,1321.4000244140625,1329.800048828125,1302.0999755859375,1309.0,821291
2024-08-22,BDL,1293.8851318359375,1304.449951171875,1332.949951171875,1301.75,1323.6500244140625,641733
2024-08-23,BDL,1305.09375,1315.75,1345.0,1310.0,1324.0,1224789
2024-08-26,BDL,1300.977294921875,1311.5999755859375,1334.4000244140625,1307.0,1325.0,603827
2024-08-27,BDL,1301.4237060546875,1312.050048828125,1324.5,1308.699951171875,1318.0,375399
2024-08-28,BDL,1312.5328369140625,1323.25,1329.449951171875,1310.449951171875,1319.949951171875,711054
2024-08-29,BDL,1288.1322021484375,1298.6500244140625,1324.0,1277.199951171875,1323.1500244140625,1087666
2024-08-30,BDL,1292.34765625,1302.9000244140625,1331.75,1280.050048828125,1300.0,1436261
2024-09-02,BDL,1293.2900390625,1303.8499755859375,1311.449951171875,1286.0,1304.300048828125,724992
2024-09-03,BDL,1309.55712890625,1320.25,1355.0,1315.0,1322.0,1764895
2024-09-04,BDL,1316.351806640625,1327.0999755859375,1366.0,1319.0,1322.0,1504314
2024-09-05,BDL,1301.72119140625,1312.3499755859375,1338.0,1307.8499755859375,1337.9000244140625,540892
2024-09-06,BDL,1279.254638671875,1289.699951171875,1318.0,1285.550048828125,1318.0,555784
2024-09-09,BDL,1227.1302490234375,1237.1500244140625,1289.699951171875,1226.0,1287.449951171875,1112530
2024-09-10,BDL,1240.173828125,1250.300048828125,1265.0,1241.1500244140625,1243.5,478441
2024-09-11,BDL,1227.67578125,1237.699951171875,1263.5999755859375,1232.050048828125,1253.0,355035
2024-09-12,BDL,1227.2791748046875,1237.300048828125,1252.800048828125,1233.0,1246.949951171875,368195
2024-09-13,BDL,1231.4451904296875,1241.5,1258.699951171875,1237.800048828125,1243.3499755859375,349041
2024-09-16,BDL,1216.6656494140625,1226.5999755859375,1248.6500244140625,1225.0,1247.75,357486
2024-09-17,BDL,1184.13134765625,1193.800048828125,1228.0,1185.050048828125,1215.050048828125,933928
2024-09-18,BDL,1156.9532470703125,1166.4000244140625,1200.550048828125,1163.0,1196.9000244140625,794339
2024-09-19,BDL,1112.2186279296875,1121.300048828125,1178.9000244140625,1096.0,1168.0,1852164
2024-09-20,BDL,1140.0908203125,1149.4000244140625,1183.0,1111.300048828125,1126.949951171875,2710099
2024-09-23,BDL,1154.186279296875,1162.75,1183.0,1154.6500244140625,1164.0,930169
2024-09-24,BDL,1132.7950439453125,1141.199951171875,1167.5,1134.199951171875,1165.0,720477
2024-09-25,BDL,1110.2125244140625,1118.449951171875,1152.0,1108.5,1140.0,908278
2024-09-26,BDL,1115.3743896484375,1123.6500244140625,1133.0,1112.0,1118.9000244140625,516105
2024-09-27,BDL,1121.9256591796875,1130.25,1147.9000244140625,1121.949951171875,1124.0,661533
2024-09-30,BDL,1151.45654296875,1160.0,1165.949951171875,1114.800048828125,1134.4000244140625,994630
2024-10-01,BDL,1118.898193359375,1127.199951171875,1162.0,1121.050048828125,1160.0,688191
2024-10-03,BDL,1114.6300048828125,1122.9000244140625,1128.0,1101.1500244140625,1101.6500244140625,726470
2024-10-04,BDL,1100.18701171875,1108.3499755859375,1132.0,1089.0,1124.949951171875,634583
2024-10-07,BDL,1101.1300048828125,1109.300048828125,1142.699951171875,1040.5999755859375,1106.050048828125,1325697
2024-10-08,BDL,1140.736083984375,1149.199951171875,1152.0,1080.0,1110.0,1020404
2024-10-09,BDL,1154.53369140625,1163.0999755859375,1188.0,1145.300048828125,1154.949951171875,1016251
2024-10-10,BDL,1208.7315673828125,1217.699951171875,1221.0,1175.0,1180.050048828125,1453370
2024-10-11,BDL,1212.9503173828125,1221.949951171875,1230.0,1200.0,1225.0,646146
2024-10-14,BDL,1180.4415283203125,1189.199951171875,1226.0,1186.8499755859375,1222.0,477558
2024-10-15,BDL,1195.132568359375,1204.0,1215.0,1170.0,1190.0,722719
2024-10-16,BDL,1187.2906494140625,1196.0999755859375,1225.5,1185.6500244140625,1202.5,483728
2024-10-17,BDL,1143.91259765625,1152.4000244140625,1197.550048828125,1150.0,1196.050048828125,386714
2024-10-18,BDL,1121.5286865234375,1129.8499755859375,1149.949951171875,1114.25,1149.949951171875,646505
2024-10-21,BDL,1108.7733154296875,1117.0,1146.0,1112.199951171875,1129.050048828125,368863
2024-10-22,BDL,1050.0589599609375,1057.8499755859375,1121.800048828125,1030.75,1120.0,1277242
2024-10-23,BDL,1065.047607421875,1072.949951171875,1086.949951171875,1018.0,1050.0,680436
2024-10-24,BDL,1042.514892578125,1050.25,1080.0,1042.050048828125,1065.25,383274
2024-10-25,BDL,1026.037353515625,1033.6500244140625,1056.800048828125,1000.0,1050.25,794222
2024-10-28,BDL,1040.1822509765625,1047.9000244140625,1058.300048828125,1010.0,1033.6500244140625,446068
2024-10-29,BDL,1039.040771484375,1046.75,1068.3499755859375,1035.0,1050.0,372584
2024-10-30,BDL,1056.0147705078125,1063.8499755859375,1081.0,1039.0,1045.0,465965
2024-10-31,BDL,1077.306884765625,1085.300048828125,1090.5,1053.300048828125,1060.75,314525
2024-11-01,BDL,1107.6318359375,1115.8499755859375,1119.9000244140625,1089.0,1090.75,262995
2024-11-04,BDL,1045.84033203125,1053.5999755859375,1117.0,1050.0,1115.8499755859375,589782
2024-11-05,BDL,1024.6474609375,1032.25,1061.0,1023.5999755859375,1058.949951171875,659357
2024-11-06,BDL,1072.691162109375,1080.6500244140625,1119.5999755859375,1037.4000244140625,1037.5,942875
2024-11-07,BDL,1069.167236328125,1077.0999755859375,1099.25,1066.75,1080.6500244140625,412364
2024-11-08,BDL,1042.564697265625,1050.300048828125,1079.949951171875,1047.0,1075.5,335812
2024-11-11,BDL,1034.27587890625,1041.949951171875,1062.9000244140625,1027.3499755859375,1044.0999755859375,316962
2024-11-12,BDL,1020.7266235351562,1028.300048828125,1061.8499755859375,1015.9000244140625,1040.0,465129
2024-11-13,BDL,971.9882202148438,979.2000122070312,1027.949951171875,975.0499877929688,1024.6500244140625,652280
2024-11-14,BDL,982.261962890625,989.5499877929688,1011.0,968.2999877929688,988.0,577725
2024-11-18,BDL,932.7295532226562,939.6500244140625,1016.7000122070312,890.0,999.0999755859375,895260
2024-11-19,BDL,959.2825317382812,966.4000244140625,999.9500122070312,946.1500244140625,946.1500244140625,931303
2024-11-21,BDL,920.0734252929688,926.9000244140625,965.2000122070312,925.0,965.0,509001
2024-11-22,BDL,928.5108032226562,935.4000244140625,941.7000122070312,917.0,928.0,491353
2024-11-25,BDL,986.828125,994.1500244140625,1014.8499755859375,961.0,961.0,1032458
2024-11-26,BDL,1024.4986572265625,1032.0999755859375,1039.75,993.0,994.4000244140625,960042
2024-11-27,BDL,1108.525146484375,1116.75,1130.0,1032.25,1036.050048828125,2151834
2024-11-28,BDL,1161.3333740234375,1169.949951171875,1174.949951171875,1125.0,1127.4000244140625,1766686
2024-11-29,BDL,1141.5302734375,1150.0,1170.0,1132.050048828125,1169.949951171875,786403
2024-12-02,BDL,1143.3665771484375,1151.8499755859375,1177.949951171875,1123.5,1147.949951171875,720806
2024-12-03,BDL,1143.7139892578125,1152.199951171875,1166.5999755859375,1134.199951171875,1151.8499755859375,754518
2024-12-04,BDL,1206.845703125,1215.800048828125,1225.0,1166.199951171875,1166.199951171875,2442257
2024-12-05,BDL,1213.69482421875,1222.699951171875,1225.5,1196.0,1222.1500244140625,620127
2024-12-06,BDL,1210.816162109375,1219.800048828125,1237.0,1202.0,1222.0,562163
2024-12-09,BDL,1207.6397705078125,1216.5999755859375,1238.5,1210.0,1221.949951171875,419345
2024-12-10,BDL,1198.358642578125,1207.25,1220.550048828125,1191.050048828125,1216.5999755859375,385989
2024-12-11,BDL,1203.1234130859375,1212.050048828125,1221.25,1192.050048828125,1200.0,334944
2024-12-12,BDL,1217.9632568359375,1227.0,1241.9000244140625,1196.300048828125,1217.699951171875,962744
2024-12-13,BDL,1251.6630859375,1260.949951171875,1275.0,1210.4000244140625,1220.0,1272678
2024-12-16,BDL,1277.32275390625,1286.800048828125,1295.0,1261.300048828125,1273.4000244140625,975501
2024-12-17,BDL,1270.9202880859375,1280.3499755859375,1297.800048828125,1266.5999755859375,1290.3499755859375,611604
2024-12-18,BDL,1258.760498046875,1268.0999755859375,1289.800048828125,1213.0999755859375,1280.3499755859375,951658
2024-12-19,BDL,1222.7774658203125,1231.8499755859375,1245.0,1214.8499755859375,1219.8499755859375,648958
2024-12-20,BDL,1230.1229248046875,1239.25,1276.0,1168.9000244140625,1229.9000244140625,1614304
2024-12-23,BDL,1203.8677978515625,1212.800048828125,1256.9000244140625,1196.199951171875,1256.0,1000523
2024-12-24,BDL,1205.654541015625,1214.5999755859375,1229.949951171875,1203.0,1204.0,338984
2024-12-26,BDL,1180.0941162109375,1188.8499755859375,1223.5,1181.5,1215.0,277683
2024-12-27,BDL,1191.1123046875,1199.949951171875,1218.0,1173.0,1188.8499755859375,379608
2024-12-30,BDL,1099.8892822265625,1108.050048828125,1199.4000244140625,1083.9000244140625,1190.050048828125,1013081
2024-12-31,BDL,1114.5802001953125,1122.8499755859375,1145.4000244140625,1108.050048828125,1108.050048828125,479637
2025-01-01,BDL,1125.350341796875,1133.699951171875,1139.75,1112.050048828125,1112.050048828125,193054
2025-01-02,BDL,1117.210693359375,1125.5,1159.9000244140625,1121.25,1130.0,510535
2025-01-03,BDL,1135.22705078125,1143.6500244140625,1170.5,1128.699951171875,1134.0,407002
2025-01-06,BDL,1123.811767578125,1132.1500244140625,1149.449951171875,1103.6500244140625,1143.6500244140625,712342
2025-01-07,BDL,1176.0244140625,1184.75,1188.699951171875,1113.1500244140625,1113.1500244140625,656341
2025-01-08,BDL,1173.1456298828125,1181.8499755859375,1190.0,1158.8499755859375,1185.0,391882
2025-01-09,BDL,1194.3880615234375,1203.25,1215.0,1167.0999755859375,1177.0,756049
2025-01-10,BDL,1191.608642578125,1200.449951171875,1206.949951171875,1150.550048828125,1191.0,613966
2025-01-13,BDL,1108.1280517578125,1116.3499755859375,1186.449951171875,1091.9000244140625,1175.050048828125,833122
2025-01-14,BDL,1143.863037109375,1152.3499755859375,1159.0,1096.199951171875,1117.449951171875,593195
2025-01-15,BDL,1125.6480712890625,1134.0,1165.0,1128.0999755859375,1159.4000244140625,273357
2025-01-16,BDL,1192.601318359375,1201.449951171875,1229.0,1140.0,1140.0,1213351
2025-01-17,BDL,1266.8504638671875,1276.25,1289.5,1194.199951171875,1201.4000244140625,3192555
2025-01-20,BDL,1319.4600830078125,1329.25,1345.800048828125,1283.0999755859375,1290.0,2979733
2025-01-21,BDL,1270.969970703125,1280.4000244140625,1340.8499755859375,1272.5,1335.25,1218981
2025-01-22,BDL,1208.1361083984375,1217.0999755859375,1280.300048828125,1196.6500244140625,1276.0,1220946
2025-01-23,BDL,1281.194091796875,1290.699951171875,1303.25,1191.550048828125,1208.0,1706823
2025-01-24,BDL,1232.0584716796875,1241.199951171875,1300.550048828125,1235.050048828125,1294.0,775369
2025-01-27,BDL,1195.6787109375,1204.550048828125,1218.75,1173.0999755859375,1215.5999755859375,870074
2025-01-28,BDL,1203.1234130859375,1212.050048828125,1243.9000244140625,1136.5,1200.0,1399136
2025-01-29,BDL,1220.39501953125,1229.449951171875,1256.0,1208.050048828125,1218.5,828662
2025-01-30,BDL,1258.0159912109375,1267.3499755859375,1292.0,1229.050048828125,1230.0,1153771
2025-01-31,BDL,1295.3887939453125,1305.0,1325.0,1267.300048828125,1275.0,1928838
2025-02-01,BDL,1244.119140625,1253.3499755859375,1345.0,1198.0,1316.0,2534866
2025-02-03,BDL,1169.373779296875,1178.050048828125,1238.0,1133.550048828125,1228.3499755859375,2985292
2025-02-04,BDL,1182.6749267578125,1191.449951171875,1219.949951171875,1179.449951171875,1179.5,917401
2025-02-05,BDL,1206.2005615234375,1215.1500244140625,1233.8499755859375,1188.550048828125,1191.75,667081
2025-02-06,BDL,1203.520263671875,1212.449951171875,1260.5,1195.25,1213.0,2018922
2025-02-07,BDL,1191.55908203125,1200.4000244140625,1223.0,1181.050048828125,1209.0,812573
2025-02-10,BDL,1190.5665283203125,1199.4000244140625,1224.0,1173.5,1200.0,1019932
2025-02-11,BDL,1128.725341796875,1137.0999755859375,1196.449951171875,1106.800048828125,1193.0,1630600
2025-02-12,BDL,1128.2288818359375,1136.5999755859375,1147.25,1048.0,1131.5,2020364
2025-02-13,BDL,1158.1072998046875,1166.699951171875,1194.699951171875,1129.0999755859375,1129.0999755859375,1105634
2025-02-14,BDL,1098.1949462890625,1102.550048828125,1187.199951171875,1094.0,1169.949951171875,812990
2025-02-17,BDL,1067.666015625,1071.9000244140625,1109.5,1058.300048828125,1090.0,1085852
2025-02-18,BDL,1005.8609619140625,1009.8499755859375,1083.699951171875,1002.0,1068.0999755859375,1022536
2025-02-19,BDL,1044.1591796875,1048.300048828125,1103.300048828125,993.5499877929688,1006.5,1916297
2025-02-20,BDL,1029.318115234375,1033.4000244140625,1054.800048828125,1030.699951171875,1040.0,733736
2025-02-21,BDL,1005.6119995117188,1009.5999755859375,1069.550048828125,1005.4000244140625,1033.4000244140625,935246
2025-02-24,BDL,1007.5543212890625,1011.5499877929688,1034.0,974.6500244140625,1000.5999755859375,1051806
2025-02-25,BDL,1019.6563110351562,1023.7000122070312,1037.5999755859375,1000.0999755859375,1011.5499877929688,855519
2025-02-27,BDL,1013.3812866210938,1017.4000244140625,1025.449951171875,995.25,1015.0,657734
2025-02-28,BDL,971.547119140625,975.4000244140625,1018.0,966.1500244140625,999.0,914014
2025-03-03,BDL,975.8799438476562,979.75,997.3499755859375,907.0,975.4000244140625,1702366
2025-03-04,BDL,1045.1552734375,1049.300048828125,1055.0,958.75,975.0,2193751
2025-03-05,BDL,1059.299072265625,1063.5,1068.949951171875,1030.3499755859375,1048.5,1043442
2025-03-06,BDL,1061.440673828125,1065.6500244140625,1084.9000244140625,1051.0,1070.0,706462
2025-03-07,BDL,1130.7158203125,1135.199951171875,1148.5999755859375,1057.300048828125,1061.9000244140625,3164621
2025-03-10,BDL,1138.883544921875,1143.4000244140625,1164.199951171875,1115.3499755859375,1135.199951171875,1349306
2025-03-11,BDL,1112.1893310546875,1116.5999755859375,1129.949951171875,1103.0,1120.0,785671
2025-03-12,BDL,1089.3797607421875,1093.699951171875,1138.449951171875,1090.0,1120.0,589330
2025-03-13,BDL,1103.872314453125,1108.25,1152.4000244140625,1088.0,1106.8499755859375,1806544
2025-03-17,BDL,1102.7767333984375,1107.1500244140625,1137.4000244140625,1100.0,1100.0,825610
2025-03-18,BDL,1102.7767333984375,1107.1500244140625,1107.1500244140625,1107.1500244140625,1107.1500244140625,0
2025-03-19,BDL,1193.267822265625,1198.0,1223.050048828125,1128.0,1128.0,3299343
2025-03-20,BDL,1242.0743408203125,1247.0,1254.0,1189.0,1210.0,2499898
2025-03-21,BDL,1287.9921875,1293.0999755859375,1317.6500244140625,1265.25,1270.0,3193923
2025-03-24,BDL,1354.279296875,1359.6500244140625,1368.4000244140625,1287.5999755859375,1308.9000244140625,3125662
2025-03-25,BDL,1310.4033203125,1315.5999755859375,1375.0999755859375,1297.550048828125,1370.0,1465343
2025-03-26,BDL,1321.50927734375,1326.75,1357.699951171875,1304.75,1315.5999755859375,2421759
2025-03-27,BDL,1276.58740234375,1281.6500244140625,1340.0,1261.550048828125,1327.0,2005914
2025-03-28,BDL,1276.33837890625,1281.4000244140625,1318.949951171875,1275.0,1288.050048828125,1228015
2025-04-01,BDL,1240.231689453125,1245.1500244140625,1321.300048828125,1231.199951171875,1280.0,1197182
2025-04-02,BDL,1288.4404296875,1293.550048828125,1325.0,1222.199951171875,1251.800048828125,1684332
2025-04-03,BDL,1338.193115234375,1343.5,1384.6500244140625,1291.1500244140625,1305.0,4145227
2025-04-04,BDL,1332.5653076171875,1337.8499755859375,1350.0,1270.0999755859375,1347.949951171875,1996134
2025-04-07,BDL,1250.4908447265625,1255.449951171875,1275.0,1141.199951171875,1152.199951171875,1735120
2025-04-08,BDL,1282.414306640625,1287.5,1309.0,1260.0999755859375,1289.0,982571
2025-04-09,BDL,1280.7210693359375,1285.800048828125,1307.300048828125,1252.0,1280.0,1025338
2025-04-11,BDL,1319.86572265625,1325.0999755859375,1333.3499755859375,1298.800048828125,1320.0,1275036
2025-04-15,BDL,1399.3505859375,1404.9000244140625,1415.0,1335.0,1335.0,2842889
2025-04-16,BDL,1393.772705078125,1399.300048828125,1443.0,1393.300048828125,1411.0,2042046
2025-04-17,BDL,1387.69677734375,1393.199951171875,1414.4000244140625,1376.800048828125,1397.699951171875,1378623
2025-04-21,BDL,1421.76171875,1427.4000244140625,1460.0,1395.5999755859375,1398.5999755859375,2958655
2025-04-22,BDL,1404.330810546875,1409.9000244140625,1439.199951171875,1405.0,1429.5,909037
2025-04-23,BDL,1421.662109375,1427.300048828125,1439.0,1387.800048828125,1421.0,1370764
2025-04-24,BDL,1423.9530029296875,1429.5999755859375,1459.4000244140625,1411.0999755859375,1427.0,1438763
2025-04-25,BDL,1408.0162353515625,1413.5999755859375,1439.9000244140625,1373.0,1435.0,1844748
2025-04-28,BDL,1480.628173828125,1486.5,1508.5999755859375,1398.0,1398.0,5450223
2025-04-29,BDL,1530.1319580078125,1536.199951171875,1557.0,1499.0,1500.0,5032386
2025-04-30,BDL,1523.5579833984375,1529.5999755859375,1564.0,1462.5,1540.9000244140625,3843309
2025-05-02,BDL,1478.13818359375,1484.0,1529.5999755859375,1481.5,1518.800048828125,1322788
2025-05-05,BDL,1557.7225341796875,1563.9000244140625,1572.0,1491.0999755859375,1500.0,3295090
2025-05-06,BDL,1521.66552734375,1527.699951171875,1576.0,1511.300048828125,1565.0,2047067
2025-05-07,BDL,1442.1807861328125,1447.9000244140625,1562.0,1427.800048828125,1524.0,3852128
2025-05-08,BDL,1448.0574951171875,1453.800048828125,1497.800048828125,1447.300048828125,1460.0,1772407
2025-05-09,BDL,1525.7493896484375,1531.800048828125,1595.0,1455.0,1455.0,12898745
2025-05-12,BDL,1563.6988525390625,1569.9000244140625,1610.0,1527.5999755859375,1596.800048828125,4420124
2025-05-13,BDL,1739.8004150390625,1746.699951171875,1770.0,1547.0999755859375,1569.9000244140625,20367702
2025-05-14,BDL,1759.123779296875,1766.0999755859375,1820.9000244140625,1743.699951171875,1762.9000244140625,9129637
2025-05-15,BDL,1799.3642578125,1806.5,1814.0,1725.0,1769.9000244140625,4642308
2025-05-16,BDL,1834.7239990234375,1842.0,1938.5999755859375,1807.300048828125,1818.0,10174301
2025-05-19,BDL,1816.695556640625,1823.9000244140625,1918.9000244140625,1803.0,1879.0,4852192
2025-05-20,BDL,1790.69873046875,1797.800048828125,1838.4000244140625,1748.4000244140625,1824.0,4221612
2025-05-21,BDL,1871.7769775390625,1879.199951171875,1889.199951171875,1771.0,1789.0,5087964
2025-05-22,BDL,1916.9976806640625,1924.5999755859375,1933.5999755859375,1862.5,1880.0,5717088
2025-05-23,BDL,1901.5589599609375,1909.0999755859375,1958.0,1877.0,1930.0,4602607
2025-05-26,BDL,1901.8577880859375,1909.4000244140625,1923.4000244140625,1878.0,1910.0,2281347
2025-05-27,BDL,1952.3575439453125,1960.0999755859375,1991.5,1905.0,1909.4000244140625,5742826
2025-05-28,BDL,1909.5272216796875,1917.0999755859375,1974.5,1842.0,1862.0999755859375,8395164
2025-05-29,BDL,1965.8040771484375,1973.5999755859375,1989.0,1923.4000244140625,1938.699951171875,3617250
2025-05-30,BDL,2007.5386962890625,2015.5,2096.60009765625,1956.0999755859375,1977.9000244140625,8889976
2025-06-02,BDL,1966.8001708984375,1974.5999755859375,2032.0,1965.0,2014.0,2748243
2025-06-03,BDL,1969.091064453125,1976.9000244140625,2030.0,1960.0,1974.0,3313702
2025-06-04,BDL,1939.707763671875,1947.4000244140625,2057.0,1940.0,1990.0,4700149
2025-06-05,BDL,1961.023193359375,1968.800048828125,1982.9000244140625,1926.4000244140625,1963.0,3067139
2025-06-06,BDL,1925.962158203125,1933.5999755859375,1998.800048828125,1930.0999755859375,1979.800048828125,2104906
2025-06-09,BDL,1940.9029541015625,1948.5999755859375,1963.800048828125,1925.5,1942.5,2086281
2025-06-10,BDL,1959.4293212890625,1967.199951171875,1991.9000244140625,1942.0,1970.0,3106535
2025-06-11,BDL,1886.9169921875,1894.4000244140625,1974.9000244140625,1886.0999755859375,1974.9000244140625,2360649
2025-06-12,BDL,1863.609375,1871.0,1927.800048828125,1860.300048828125,1893.9000244140625,2120764
2025-06-13,BDL,1892.494873046875,1900.0,1933.800048828125,1833.699951171875,1840.0,4602202
2025-06-16,BDL,1880.542236328125,1888.0,1916.5,1816.5999755859375,1906.9000244140625,3641398
2025-06-17,BDL,1895.881591796875,1903.4000244140625,1941.0,1878.4000244140625,1890.9000244140625,2912898
2025-06-18,BDL,1898.57080078125,1906.0999755859375,1935.9000244140625,1891.5999755859375,1907.0,2218679
2025-06-19,BDL,1876.85693359375,1884.300048828125,1952.9000244140625,1868.0,1909.0,3959965
2025-06-20,BDL,1894.4869384765625,1902.0,1909.199951171875,1857.0,1888.300048828125,2228334
2025-06-23,BDL,1923.5716552734375,1931.199951171875,1952.0,1895.199951171875,1902.0999755859375,3895796
2025-06-24,BDL,1844.3856201171875,1851.699951171875,1941.9000244140625,1846.699951171875,1940.0,3669138
2025-06-25,BDL,1807.7310791015625,1814.9000244140625,1864.5,1800.0,1858.9000244140625,2667837
2025-06-26,BDL,1820.08203125,1827.300048828125,1856.9000244140625,1811.5,1831.800048828125,1971102
2025-06-27,BDL,1882.6339111328125,1890.0999755859375,1907.0,1827.300048828125,1834.9000244140625,3184051
2025-06-30,BDL,1935.524169921875,1943.199951171875,1954.9000244140625,1883.5999755859375,1899.0,3054172
2025-07-01,BDL,1972.477783203125,1980.300048828125,2009.5,1957.0,1962.0999755859375,4257314
2025-07-02,BDL,1967.3978271484375,1975.199951171875,1996.199951171875,1947.0,1985.0,2111770
2025-07-03,BDL,1957.537109375,1965.300048828125,1982.699951171875,1906.5999755859375,1965.0,3248007
2025-07-04,BDL,1969.788330078125,1977.5999755859375,2013.5,1970.800048828125,1989.0,3762094
2025-07-07,BDL,1935.6239013671875,1943.300048828125,1972.699951171875,1927.0,1972.0,1444044
2025-07-08,BDL,1961.8199462890625,1969.5999755859375,1975.0,1935.4000244140625,1940.0,1147588
2025-07-09,BDL,1977.3582763671875,1985.199951171875,1998.0,1964.0,1966.0,1963071
2025-07-10,BDL,1885.3233642578125,1892.800048828125,1976.5999755859375,1883.4000244140625,1976.5999755859375,3463091
2025-07-11,BDL,1849.266357421875,1856.5999755859375,1897.5999755859375,1837.699951171875,1891.0,2136407
2025-07-14,BDL,1816.8946533203125,1824.0999755859375,1851.300048828125,1815.0999755859375,1849.0,1412001
2025-07-15,BDL,1812.4124755859375,1819.5999755859375,1845.0,1813.9000244140625,1829.4000244140625,1314552
2025-07-16,BDL,1794.882080078125,1802.0,1832.0999755859375,1793.0,1824.0,919493
2025-07-17,BDL,1736.015380859375,1742.9000244140625,1814.9000244140625,1737.5,1810.0,2030025
2025-07-18,BDL,1664.9969482421875,1671.5999755859375,1762.800048828125,1668.0,1740.0,2491406
2025-07-21,BDL,1711.6121826171875,1718.4000244140625,1726.5,1647.199951171875,1671.5999755859375,2581371
2025-07-22,BDL,1710.6160888671875,1717.4000244140625,1735.0,1705.0,1726.9000244140625,1627386
2025-07-23,BDL,1697.1695556640625,1703.9000244140625,1725.0999755859375,1687.0999755859375,1720.0,779005
2025-07-24,BDL,1690.396240234375,1697.0999755859375,1718.9000244140625,1685.0,1705.0,888842
2025-07-25,BDL,1651.0523681640625,1657.5999755859375,1692.9000244140625,1640.0999755859375,1690.0,1596471
2025-07-28,BDL,1615.3939208984375,1621.800048828125,1667.699951171875,1611.699951171875,1650.0,1247771
2025-07-29,BDL,1616.6885986328125,1623.0999755859375,1633.0,1591.5999755859375,1613.0,1253255
2025-07-30,BDL,1613.899658203125,1620.300048828125,1639.0,1612.300048828125,1623.0999755859375,683194
2025-07-31,BDL,1612.6048583984375,1619.0,1634.0,1593.4000244140625,1600.0,818584
2025-08-01,BDL,1559.017333984375,1565.199951171875,1616.0,1556.0999755859375,1615.0,852808
2025-08-04,BDL,1581.428466796875,1587.699951171875,1591.699951171875,1556.5999755859375,1560.0,912668
2025-08-05,BDL,1580.3328857421875,1586.5999755859375,1607.699951171875,1550.0,1590.0,1611048
2025-08-06,BDL,1570.870361328125,1577.0999755859375,1616.800048828125,1558.0,1610.0,1716267
2025-08-07,BDL,1561.8062744140625,1568.0,1584.0,1541.0,1565.0,993222
2025-08-08,BDL,1492.9793701171875,1498.9000244140625,1567.199951171875,1491.0999755859375,1562.0,1482093
2025-08-11,BDL,1507.9200439453125,1513.9000244140625,1559.699951171875,1485.0,1493.0,2028208
2025-08-12,BDL,1480.1302490234375,1486.0,1520.4000244140625,1457.0999755859375,1515.0,2031259
2025-08-13,BDL,1584.7154541015625,1591.0,1609.9000244140625,1502.0,1520.300048828125,5047289
2025-08-14,BDL,1571.5677490234375,1577.800048828125,1613.9000244140625,1572.0999755859375,1591.0,2039786
2025-08-18,BDL,1599.2578125,1605.5999755859375,1629.0,1585.5999755859375,1602.0,1833641
2025-08-19,BDL,1542.98095703125,1549.0999755859375,1605.9000244140625,1546.0,1605.5999755859375,2525515
2025-08-20,BDL,1523.4583740234375,1529.5,1570.0,1526.0999755859375,1560.0999755859375,1482051
2025-08-21,BDL,1513.896240234375,1519.9000244140625,1548.0,1513.0,1539.0,1464344
2025-08-22,BDL,1511.6053466796875,1517.5999755859375,1537.0999755859375,1505.800048828125,1520.0,911672
2025-08-25,BDL,1514.693115234375,1520.699951171875,1542.699951171875,1516.0,1540.0,943361
2025-08-26,BDL,1471.763427734375,1477.5999755859375,1521.800048828125,1461.300048828125,1515.0,4587873
2025-08-28,BDL,1423.2557373046875,1428.9000244140625,1481.699951171875,1425.699951171875,1469.9000244140625,1409877
2025-08-29,BDL,1430.0289306640625,1435.699951171875,1449.699951171875,1413.5999755859375,1425.0999755859375,1741846
2025-09-01,BDL,1452.93798828125,1458.699951171875,1463.5,1432.0,1440.0,1072686
2025-09-02,BDL,1465.2890625,1471.0999755859375,1489.5999755859375,1448.800048828125,1470.0,994174
2025-09-03,BDL,1458.914306640625,1464.699951171875,1482.199951171875,1456.699951171875,1470.0,755629
2025-09-04,BDL,1426.1444091796875,1431.800048828125,1478.5,1428.699951171875,1475.0,749436
2025-09-05,BDL,1437.698486328125,1443.4000244140625,1453.0,1425.800048828125,1430.0,1072097
2025-09-08,BDL,1435.7064208984375,1441.4000244140625,1457.4000244140625,1438.0999755859375,1451.0,504473
2025-09-09,BDL,1418.275634765625,1423.9000244140625,1452.5999755859375,1420.9000244140625,1437.0,832229
2025-09-10,BDL,1490.7879638671875,1496.699951171875,1502.0,1425.0999755859375,1426.0,2139137
2025-09-11,BDL,1475.7476806640625,1481.5999755859375,1513.0999755859375,1470.300048828125,1502.300048828125,1555826
2025-09-12,BDL,1560.312255859375,1566.5,1577.300048828125,1481.5999755859375,1481.5999755859375,4503551
2025-09-15,BDL,1598.361328125,1604.699951171875,1609.9000244140625,1554.5999755859375,1578.699951171875,2969216
2025-09-16,BDL,1598.66015625,1605.0,1622.199951171875,1587.4000244140625,1602.9000244140625,2036289
2025-09-17,BDL,1618.1826171875,1624.5999755859375,1636.5999755859375,1607.0999755859375,1607.0999755859375,2588895
2025-09-18,BDL,1603.839599609375,1610.199951171875,1636.4000244140625,1600.5,1627.0,1293234
2025-09-19,BDL,1625.8114013671875,1631.5999755859375,1644.0999755859375,1606.0999755859375,1609.0,2081434
2025-09-22,BDL,1621.9251708984375,1627.699951171875,1654.0,1613.0999755859375,1630.0,1575867
2025-09-23,BDL,1589.7398681640625,1595.4000244140625,1633.5,1570.9000244140625,1625.0,1691145
2025-09-24,BDL,1560.8427734375,1566.4000244140625,1605.0999755859375,1556.0,1590.0,1534898
2025-09-25,BDL,1550.3800048828125,1555.9000244140625,1604.0,1550.0999755859375,1556.0,1279035
2025-09-26,BDL,1492.4862060546875,1497.800048828125,1554.9000244140625,1495.0,1554.9000244140625,943640
2025-09-29,BDL,1493.582275390625,1498.9000244140625,1529.0,1492.5,1505.199951171875,1706791
2025-09-30,BDL,1487.90234375,1493.199951171875,1515.9000244140625,1461.800048828125,1500.0,1012477
2025-10-01,BDL,1536.330078125,1541.800048828125,1545.199951171875,1486.0999755859375,1493.199951171875,1424004
2025-10-03,BDL,1555.3623046875,1560.9000244140625,1578.0999755859375,1526.699951171875,1541.800048828125,1547231
2025-10-06,BDL,1553.568603515625,1559.0999755859375,1578.699951171875,1550.0999755859375,1568.4000244140625,877287
2025-10-07,BDL,1524.17333984375,1529.5999755859375,1565.0,1522.300048828125,1558.0,778100
2025-10-08,BDL,1489.9949951171875,1495.300048828125,1534.800048828125,1492.0,1532.0,858968
2025-10-09,BDL,1514.9063720703125,1520.300048828125,1525.9000244140625,1483.0,1500.0,838414
2025-10-10,BDL,1531.646728515625,1537.0999755859375,1545.300048828125,1511.0,1524.199951171875,1133748
2025-10-13,BDL,1504.0450439453125,1509.4000244140625,1528.300048828125,1500.0,1524.9000244140625,611610
2025-10-14,BDL,1483.51806640625,1488.800048828125,1531.0,1480.699951171875,1515.0,884619
2025-10-15,BDL,1495.5751953125,1500.9000244140625,1521.9000244140625,1485.0999755859375,1490.0,696475
2025-10-16,BDL,1499.5609130859375,1504.9000244140625,1511.4000244140625,1487.5999755859375,1500.9000244140625,659335
2025-10-17,BDL,1534.536376953125,1540.0,1570.0,1492.0999755859375,1501.0,3168047
2025-10-20,BDL,1529.155517578125,1534.5999755859375,1553.5999755859375,1532.0999755859375,1553.5999755859375,490662
2025-10-21,BDL,1536.2303466796875,1541.699951171875,1549.800048828125,1538.5,1541.5,160980
2025-10-23,BDL,1509.4259033203125,1514.800048828125,1552.9000244140625,1510.300048828125,1551.0,738282
2025-10-24,BDL,1538.522216796875,1544.0,1569.0,1527.9000244140625,1560.0,2611624
2025-10-27,BDL,1532.34423828125,1537.800048828125,1559.5,1529.0999755859375,1548.0,743796
2025-10-28,BDL,1512.2158203125,1517.5999755859375,1541.9000244140625,1503.0,1537.800048828125,641168
2025-10-29,BDL,1520.3868408203125,1525.800048828125,1531.199951171875,1509.0,1519.699951171875,608089
2025-10-30,BDL,1509.7247314453125,1515.0999755859375,1534.4000244140625,1509.9000244140625,1521.0,403241
2025-10-31,BDL,1524.4722900390625,1529.9000244140625,1547.0,1511.0999755859375,1512.0,1561910
2025-11-03,BDL,1531.1484375,1536.5999755859375,1541.0,1515.0,1530.0,664625
2025-11-04,BDL,1475.8453369140625,1481.0999755859375,1539.800048828125,1478.0999755859375,1534.0,1203483
2025-11-06,BDL,1432.9979248046875,1438.0999755859375,1486.0999755859375,1424.0999755859375,1483.0,1430679
2025-11-07,BDL,1442.5638427734375,1447.699951171875,1455.0,1413.0,1425.0999755859375,984121
2025-11-10,BDL,1509.0272216796875,1514.4000244140625,1521.5,1449.699951171875,1450.0,1989123
2025-11-11,BDL,1527.9598388671875,1533.4000244140625,1552.0,1512.0999755859375,1513.0,1622623
2025-11-12,BDL,1526.96337890625,1532.4000244140625,1555.0,1521.199951171875,1541.0999755859375,1038141
2025-11-13,BDL,1512.514892578125,1517.9000244140625,1544.9000244140625,1510.0,1530.0,953101
2025-11-14,BDL,1608.0745849609375,1613.800048828125,1633.4000244140625,1583.199951171875,1601.0,8771309
2025-11-17,BDL,1583.86083984375,1589.5,1629.9000244140625,1582.300048828125,1620.0999755859375,1613157
2025-11-18,BDL,1552.6717529296875,1558.199951171875,1587.0,1555.5999755859375,1580.0,850306
2025-11-19,BDL,1531.3477783203125,1536.800048828125,1559.5,1533.9000244140625,1556.5,864822
2025-11-20,BDL,1551.47607421875,1557.0,1583.0,1540.0999755859375,1542.0,1803892
2025-11-21,BDL,1507.333251953125,1512.699951171875,1555.0,1504.4000244140625,1555.0,968660
2025-11-24,BDL,1471.7598876953125,1477.0,1511.800048828125,1472.0999755859375,1498.0,1306842
2025-11-25,BDL,1457.2117919921875,1462.4000244140625,1492.300048828125,1460.0999755859375,1480.0,695115
2025-11-26,BDL,1482.322265625,1487.5999755859375,1493.0999755859375,1469.699951171875,1472.199951171875,617077
2025-11-27,BDL,1499.162353515625,1504.5,1508.0,1486.699951171875,1496.0,721854
2025-11-28,BDL,1508.2301025390625,1513.5999755859375,1519.199951171875,1493.199951171875,1514.300048828125,541716
2025-12-01,BDL,1524.870849609375,1530.300048828125,1539.199951171875,1514.0,1521.300048828125,883914
2025-12-02,BDL,1519.8885498046875,1525.300048828125,1560.0,1515.9000244140625,1560.0,2303031
2025-12-03,BDL,1477.7386474609375,1483.0,1526.800048828125,1470.0,1520.699951171875,1531544
2025-12-04,BDL,1522.5789794921875,1528.0,1539.0,1482.9000244140625,1490.0,1496051
2025-12-05,BDL,1507.1339111328125,1512.5,1537.5999755859375,1497.0999755859375,1537.0,1483241
2025-12-08,BDL,1418.0511474609375,1423.0999755859375,1505.699951171875,1420.0,1495.0,1866269
2025-12-09,BDL,1422.3359375,1427.4000244140625,1434.9000244140625,1385.4000244140625,1422.0,1923537
2025-12-10,BDL,1395.33203125,1400.300048828125,1438.5,1381.5,1427.4000244140625,1052587
2025-12-11,BDL,1408.3856201171875,1413.4000244140625,1426.0999755859375,1396.0,1401.0,869146
2025-12-12,BDL,1404.89794921875,1409.9000244140625,1434.4000244140625,1401.4000244140625,1425.0,820908
2025-12-15,BDL,1397.6239013671875,1402.5999755859375,1409.4000244140625,1390.0,1409.0,698043
2025-12-16,BDL,1350.7906494140625,1355.5999755859375,1402.0,1350.0,1400.0,1592422
2025-12-17,BDL,1319.6016845703125,1324.300048828125,1359.0,1320.0999755859375,1359.0,1065262
2025-12-18,BDL,1337.737060546875,1342.5,1347.4000244140625,1305.699951171875,1325.0,1086825
2025-12-19,BDL,1368.228515625,1373.0999755859375,1376.699951171875,1342.300048828125,1349.0,859088
2025-12-22,BDL,1418.54931640625,1423.5999755859375,1427.0,1372.0999755859375,1380.0,1601899
2025-12-23,BDL,1426.32177734375,1431.4000244140625,1444.0,1414.0,1427.199951171875,1020331
2025-12-24,BDL,1475.9449462890625,1481.199951171875,1498.0,1426.699951171875,1434.0,2713018
2025-12-26,BDL,1472.65673828125,1477.9000244140625,1517.699951171875,1474.0,1490.0,2322415
2025-12-29,BDL,1468.4715576171875,1473.699951171875,1509.800048828125,1462.4000244140625,1498.0,1893765
2025-12-30,BDL,1449.4393310546875,1454.5999755859375,1490.199951171875,1427.5999755859375,1480.0,3164931
2025-12-31,BDL,1461.297119140625,1466.5,1479.800048828125,1454.699951171875,1457.5,732619
2026-01-01,BDL,1476.243896484375,1481.5,1487.0,1446.199951171875,1475.0,819562
2026-01-02,BDL,1489.696044921875,1495.0,1506.0,1477.0,1487.300048828125,1636024
2026-01-05,BDL,1536.330078125,1541.800048828125,1553.0,1494.0,1495.0,3329765
2026-01-06,BDL,1537.027587890625,1542.5,1564.699951171875,1524.0,1540.0,4768472
2026-01-07,BDL,1534.0382080078125,1539.5,1556.5,1526.5,1531.0,2046391
2026-01-08,BDL,1528.1590576171875,1533.5999755859375,1568.9000244140625,1528.0,1540.0,2082519
2026-01-09,BDL,1515.1055908203125,1520.5,1579.5,1511.0,1532.199951171875,2909513
2026-01-12,BDL,1527.561279296875,1533.0,1542.5,1491.0999755859375,1524.5,1635738
2026-01-13,BDL,1517.0985107421875,1522.5,1544.9000244140625,1502.300048828125,1540.0,1110259
2026-01-14,BDL,1508.2301025390625,1513.5999755859375,1535.0,1509.0,1519.9000244140625,1090780
2026-01-15,BDL,1508.2301025390625,1513.5999755859375,1513.5999755859375,1513.5999755859375,1513.5999755859375,0
2026-01-16,BDL,1511.0201416015625,1516.4000244140625,1533.5,1499.0,1516.0,1130721
2026-01-19,BDL,1501.9525146484375,1507.300048828125,1529.4000244140625,1500.5,1509.0,758085
2026-01-20,BDL,1447.9447021484375,1453.0999755859375,1504.4000244140625,1444.9000244140625,1495.0,2133745
2026-01-21,BDL,1414.1649169921875,1419.199951171875,1463.9000244140625,1411.0,1451.800048828125,1493907
2026-01-22,BDL,1446.0513916015625,1451.199951171875,1458.0,1426.199951171875,1426.199951171875,820568
2026-01-23,BDL,1403.0047607421875,1408.0,1457.5,1404.0,1454.0,826325
2026-01-27,BDL,1464.1868896484375,1469.4000244140625,1485.0,1404.0,1415.0,1349065
2026-01-28,BDL,1564.429931640625,1570.0,1575.5,1472.300048828125,1473.0,2537859
2026-01-29,BDL,1525.2694091796875,1530.699951171875,1593.9000244140625,1521.4000244140625,1583.5999755859375,2272674
2026-01-30,BDL,1532.7427978515625,1538.199951171875,1558.0,1498.0,1525.0,2524633
2026-02-02,BDL,1321.494873046875,1326.199951171875,1412.0999755859375,1261.0999755859375,1394.0,6255424
2026-02-03,BDL,1313.423583984375,1318.0999755859375,1415.800048828125,1306.9000244140625,1372.699951171875,3745771
2026-02-04,BDL,1299.3736572265625,1304.0,1319.5999755859375,1293.199951171875,1319.5999755859375,1473391
2026-02-05,BDL,1268.7825927734375,1273.300048828125,1304.0,1250.0999755859375,1304.0,2060781
2026-02-06,BDL,1263.9000244140625,1268.4000244140625,1277.699951171875,1245.0999755859375,1272.9000244140625,1482804
2026-02-09,BDL,1303.199951171875,1303.199951171875,1306.800048828125,1261.5999755859375,1277.0,1599071
2026-02-10,BDL,1300.0,1300.0,1322.699951171875,1288.699951171875,1306.0,1351023
2026-02-11,BDL,1282.5999755859375,1282.5999755859375,1304.800048828125,1266.5999755859375,1301.0,1106168
2026-02-12,BDL,1271.5999755859375,1271.5999755859375,1285.0,1256.0,1279.0,1009251
2026-02-13,BDL,1243.5999755859375,1243.5999755859375,1267.9000244140625,1240.0,1267.5999755859375,1058754
2026-02-16,BDL,1253.699951171875,1253.699951171875,1258.5999755859375,1227.699951171875,1240.0,637362
2026-02-17,BDL,1261.9000244140625,1261.9000244140625,1270.0999755859375,1249.0999755859375,1249.800048828125,674627
2026-02-18,BDL,1299.199951171875,1299.199951171875,1302.199951171875,1258.5999755859375,1269.699951171875,1188469
2026-02-19,BDL,1274.5999755859375,1274.5999755859375,1314.199951171875,1266.0,1301.800048828125,693712
2026-02-20,BDL,1310.4000244140625,1310.4000244140625,1324.5,1267.5999755859375,1271.0,2072110
2026-02-23,BDL,1275.5999755859375,1275.5999755859375,1319.5999755859375,1261.5999755859375,1319.5999755859375,1390335
2026-02-24,BDL,1240.0999755859375,1240.0999755859375,1269.0,1236.0999755859375,1269.0,1249133
2026-02-25,BDL,1240.800048828125,1240.800048828125,1257.4000244140625,1233.300048828125,1251.0,697128
2026-02-26,BDL,1273.4000244140625,1273.4000244140625,1277.4000244140625,1245.0,1245.0,903679
2026-02-27,BDL,1265.199951171875,1265.199951171875,1275.800048828125,1248.699951171875,1273.4000244140625,828133
2026-03-02,BDL,1268.0,1268.0,1317.0,1241.4000244140625,1241.4000244140625,3471100
2026-03-04,BDL,1269.300048828125,1269.300048828125,1294.9000244140625,1258.4000244140625,1274.199951171875,1508091
2026-03-05,BDL,1280.5999755859375,1280.5999755859375,1314.4000244140625,1272.0999755859375,1277.0,1907286
2026-03-06,BDL,1356.699951171875,1356.699951171875,1374.9000244140625,1276.0999755859375,1281.300048828125,5023734
2026-03-09,BDL,1335.5,1335.5,1358.800048828125,1298.0,1357.0,2077090
2026-03-10,BDL,1384.4000244140625,1384.4000244140625,1392.0,1322.0,1364.9000244140625,2329170
2026-03-11,BDL,1360.0,1360.0,1426.0,1343.5,1393.0,1939592
2026-03-12,BDL,1349.4000244140625,1349.4000244140625,1355.0999755859375,1325.800048828125,1344.9000244140625,1295186
2026-03-13,BDL,1312.0,1312.0,1350.9000244140625,1295.5,1344.0,1412719
2026-03-16,BDL,1284.0,1284.0,1312.0,1264.0999755859375,1309.0,1170601
2026-03-17,BDL,1296.800048828125,1296.800048828125,1305.800048828125,1276.0999755859375,1297.800048828125,803550
2026-03-18,BDL,1320.199951171875,1320.199951171875,1327.5,1297.5999755859375,1303.0,871241
2026-03-19,BDL,1257.800048828125,1257.800048828125,1305.0,1252.0,1300.0,1287316
2026-03-20,BDL,1249.9000244140625,1249.9000244140625,1286.9000244140625,1245.199951171875,1265.0,865784
2026-03-23,BDL,1158.5,1158.5,1231.5999755859375,1151.0,1231.5999755859375,1773436
2026-03-24,BDL,1174.0999755859375,1174.0999755859375,1194.0999755859375,1153.0,1185.0999755859375,1309157
2026-03-25,BDL,1182.199951171875,1182.199951171875,1204.199951171875,1176.300048828125,1189.9000244140625,1441884
2026-03-27,BDL,1136.9000244140625,1136.9000244140625,1204.0,1131.199951171875,1190.0,4013357
2026-03-30,BDL,1096.5999755859375,1096.5999755859375,1152.4000244140625,1086.0,1132.0,2407904
2026-04-01,BDL,1203.9000244140625,1203.9000244140625,1216.0,1120.199951171875,1132.199951171875,4217920
2026-04-02,BDL,1185.5999755859375,1185.5999755859375,1192.0,1159.4000244140625,1174.0,1450427
2026-04-06,BDL,1224.5999755859375,1224.5999755859375,1228.699951171875,1159.0,1189.800048828125,2026546
2026-04-07,BDL,1235.9000244140625,1235.9000244140625,1244.0,1206.0,1223.9000244140625,1062581
2026-04-08,BDL,1291.4000244140625,1291.4000244140625,1294.9000244140625,1254.0,1294.9000244140625,1591207
2026-04-09,BDL,1325.5,1325.5,1338.0999755859375,1277.800048828125,1289.0999755859375,2714078
2026-04-10,BDL,1345.9000244140625,1345.9000244140625,1362.0,1332.0,1338.0,1216787
2026-04-13,BDL,1332.800048828125,1332.800048828125,1343.0,1301.199951171875,1316.0,1255678
2026-04-15,BDL,1356.0999755859375,1356.0999755859375,1373.0,1341.5,1358.0,1427573
2026-04-16,BDL,1359.4000244140625,1359.4000244140625,1391.5,1343.199951171875,1374.199951171875,1768334
2026-04-17,BDL,1380.699951171875,1380.699951171875,1387.699951171875,1360.0,1361.9000244140625,1137969
2026-04-20,BDL,1369.800048828125,1369.800048828125,1393.0999755859375,1351.0,1381.0,908875
2026-04-21,BDL,1375.0,1375.0,1399.9000244140625,1367.5,1370.0,1199617
2026-04-22,BDL,1380.199951171875,1380.199951171875,1391.9000244140625,1369.0999755859375,1370.0,836556
2026-04-23,BDL,1423.300048828125,1423.300048828125,1430.0,1368.5999755859375,1370.0,2294904
2026-04-24,BDL,1400.4000244140625,1400.4000244140625,1450.699951171875,1387.0,1433.199951171875,2112044
2026-04-27,BDL,1391.300048828125,1391.300048828125,1421.699951171875,1385.9000244140625,1405.0999755859375,1457456
2026-04-28,BDL,1396.699951171875,1396.699951171875,1406.199951171875,1384.199951171875,1389.9000244140625,723230
2026-04-29,BDL,1394.0999755859375,1394.0999755859375,1431.800048828125,1382.4000244140625,1403.0,1305339
2026-04-30,BDL,1364.0999755859375,1364.0999755859375,1393.300048828125,1352.199951171875,1384.300048828125,1349217
2026-05-01,BDL,1364.0999755859375,1364.0999755859375,1364.0999755859375,1364.0999755859375,1364.0999755859375,0
2026-05-04,BDL,1372.4000244140625,1372.4000244140625,1393.5,1345.0999755859375,1371.0,969095
2026-05-05,BDL,1398.5999755859375,1398.5999755859375,1401.9000244140625,1365.4000244140625,1369.199951171875,947535
2026-05-06,BDL,1401.5,1401.5,1422.9000244140625,1392.5,1405.699951171875,1068435
2026-05-07,BDL,1466.9000244140625,1466.9000244140625,1475.0,1401.0,1405.0,2660844
2026-05-08,BDL,1448.5999755859375,1448.5999755859375,1481.199951171875,1439.0999755859375,1474.0,1508547
2026-05-11,BDL,1401.300048828125,1401.300048828125,1439.0,1396.0,1437.0,965350
2026-05-12,BDL,1334.199951171875,1334.199951171875,1405.5,1328.0999755859375,1393.0,1280176
2026-05-13,BDL,1360.300048828125,1360.300048828125,1376.699951171875,1330.0,1330.0,1009976
2026-05-14,BDL,1353.0999755859375,1353.0999755859375,1382.4000244140625,1333.0999755859375,1361.0,818250
2026-05-15,BDL,1325.4000244140625,1325.4000244140625,1358.4000244140625,1317.0,1357.0,849999
2026-05-18,BDL,1309.199951171875,1309.199951171875,1322.5999755859375,1272.300048828125,1317.4000244140625,827754
2026-05-19,BDL,1311.800048828125,1311.800048828125,1328.9000244140625,1296.800048828125,1312.0,623078
2026-05-20,BDL,1303.800048828125,1303.800048828125,1308.9000244140625,1279.300048828125,1299.0999755859375,749158
2026-05-21,BDL,1303.800048828125,1303.800048828125,1338.9000244140625,1300.0,1311.800048828125,990418
2026-05-22,BDL,1312.5,1312.5,1326.4000244140625,1298.5999755859375,1309.699951171875,581756
2026-05-25,BDL,1326.0999755859375,1326.0999755859375,1331.699951171875,1309.0,1321.0,670808
2026-05-26,BDL,1329.9000244140625,1329.9000244140625,1348.0,1323.199951171875,1326.0999755859375,701058
2026-05-27,BDL,1282.199951171875,1282.199951171875,1341.699951171875,1275.199951171875,1329.9000244140625,1387167
2026-05-28,BDL,1282.199951171875,1282.199951171875,1282.199951171875,1282.199951171875,1282.199951171875,0
2026-05-29,BDL,1204.5999755859375,1204.5999755859375,1230.0,1175.4000244140625,1207.0,7665885
2026-06-01,BDL,1204.0,1204.0,1214.5,1177.0,1212.199951171875,2216350
2026-06-02,BDL,1206.0999755859375,1206.0999755859375,1213.800048828125,1182.5,1192.0,1140918
2026-06-03,BDL,1227.0,1227.0,1230.0,1181.300048828125,1204.0,1438421
2026-06-04,BDL,1212.800048828125,1212.800048828125,1243.699951171875,1210.0,1219.699951171875,1629614
2026-06-05,BDL,1207.4000244140625,1207.4000244140625,1233.199951171875,1200.0,1213.0,1506663
2026-06-08,BDL,1187.0,1187.0,1197.800048828125,1172.0,1191.0,1313509
2026-06-09,BDL,1202.800048828125,1202.800048828125,1209.9000244140625,1189.0,1190.0999755859375,711552
2026-06-10,BDL,1183.800048828125,1183.800048828125,1211.9000244140625,1177.5999755859375,1202.800048828125,786809
2026-06-11,BDL,1160.300048828125,1160.300048828125,1183.5999755859375,1155.199951171875,1175.0,714074
2026-06-12,BDL,1200.199951171875,1200.199951171875,1204.0,1167.800048828125,1178.0,627410
2026-06-15,BDL,1209.699951171875,1209.699951171875,1225.0,1205.0,1217.0,773242
2026-06-16,BDL,1236.699951171875,1236.699951171875,1241.9000244140625,1213.699951171875,1220.0,948899
2026-06-17,BDL,1309.800048828125,1309.800048828125,1313.4000244140625,1232.0999755859375,1236.5,2460322
2026-06-18,BDL,1311.800048828125,1311.800048828125,1321.0,1297.0,1316.5999755859375,1294318
2026-06-19,BDL,1373.4000244140625,1373.4000244140625,1378.800048828125,1304.9000244140625,1309.300048828125,3488237
2026-06-22,BDL,1406.699951171875,1406.699951171875,1414.0,1371.5999755859375,1384.699951171875,2708566
2026-06-23,BDL,1390.5999755859375,1390.5999755859375,1440.5,1383.300048828125,1413.699951171875,2478828
2026-06-24,BDL,1383.5,1383.5,1432.0,1367.0999755859375,1385.0,2403360
2026-06-25,BDL,1368.4000244140625,1368.4000244140625,1396.800048828125,1358.0,1385.0999755859375,1188674
2026-06-26,BDL,1368.4000244140625,1368.4000244140625,1368.4000244140625,1368.4000244140625,1368.4000244140625,0
2026-06-29,BDL,1335.0999755859375,1335.0999755859375,1369.0,1328.199951171875,1368.4000244140625,1540681
2026-06-30,BDL,1368.4000244140625,1368.4000244140625,1388.800048828125,1335.0999755859375,1335.0999755859375,1879246
2026-07-01,BDL,1379.0,1379.0,1385.5999755859375,1362.199951171875,1375.4000244140625,813706
2026-07-02,BDL,1384.9000244140625,1384.9000244140625,1390.5999755859375,1370.699951171875,1380.300048828125,634883
2026-07-03,BDL,1388.199951171875,1388.199951171875,1429.699951171875,1381.300048828125,1405.0,2504960
2026-07-06,BDL,1409.5999755859375,1409.5999755859375,1433.0999755859375,1398.800048828125,1400.0999755859375,2187294
2026-07-07,BDL,1395.699951171875,1395.699951171875,1415.5,1375.5,1408.9000244140625,1328470
2026-07-08,BDL,1337.4000244140625,1337.4000244140625,1390.0,1331.5999755859375,1390.0,1146756
2026-07-09,BDL,1326.300048828125,1326.300048828125,1349.5999755859375,1321.0,1337.800048828125,784726
2026-07-10,BDL,1344.5,1344.5,1354.9000244140625,1321.9000244140625,1330.0,851349
2026-07-13,BDL,1302.800048828125,1302.800048828125,1336.5999755859375,1293.0,1336.5999755859375,2166874
2026-07-14,BDL,1277.800048828125,1277.800048828125,1299.9000244140625,1265.0999755859375,1299.9000244140625,1278174
2026-07-15,BDL,1271.199951171875,1271.199951171875,1297.4000244140625,1268.0,1276.5,998987
2026-07-16,BDL,1262.800048828125,1262.800048828125,1282.800048828125,1245.9000244140625,1279.0,822807
2026-07-17,BDL,1254.800048828125,1254.800048828125,1267.0,1252.0,1262.800048828125,484790
2026-07-20,BDL,1257.5999755859375,1257.5999755859375,1264.4000244140625,1247.4000244140625,1254.300048828125,435008
2026-07-21,BDL,1273.199951171875,1273.199951171875,1276.199951171875,1251.5,1257.5999755859375,405609
2026-07-22,BDL,1249.5,1249.5,1277.9000244140625,1246.0,1275.0,615605
2026-07-23,BDL,1239.800048828125,1239.800048828125,1256.4000244140625,1235.0999755859375,1249.5,422841
2026-07-24,BDL,1243.0,1243.0,1251.199951171875,1221.0,1230.0,550236
2026-07-27,BDL,1256.4000244140625,1256.4000244140625,1263.5,1239.0,1249.199951171875,667606
2026-07-28,BDL,1271.0,1271.0,1285.699951171875,1237.0999755859375,1256.4000244140625,1200970
2026-07-29,BDL,1261.800048828125,1261.800048828125,1271.0,1254.5999755859375,1268.699951171875,412387
2026-07-30,BDL,1245.9000244140625,1245.9000244140625,1265.4000244140625,1240.199951171875,1260.0,559995
2026-07-31,BDL,1253.0999755859375,1253.0999755859375,1264.800048828125,1247.0,1247.0,381704
2026-08-03,BDL,1265.0,1265.0,1272.0,1254.9000244140625,1254.9000244140625,361236
2026-08-04,BDL,1265.0,1265.0,1278.300048828125,1259.0999755859375,1265.0,422213
2026-08-05,BDL,1240.0,1240.0,1283.5,1232.5,1265.300048828125,985899
2026-08-06,BDL,1299.0,1299.0,1308.5999755859375,1235.199951171875,1243.0999755859375,2795990
2026-08-07,BDL,1294.0,1294.0,1311.9000244140625,1288.5,1299.0,872088
2026-08-10,BDL,1310.0,1310.0,1313.199951171875,1280.0,1294.0,886389
2026-08-11,BDL,1307.5999755859375,1307.5999755859375,1319.199951171875,1294.5999755859375,1312.0,505756
2026-08-12,BDL,1340.0,1340.0,1340.0,1308.0,1309.0,1279928
2026-08-13,BDL,1375.5,1375.5,1379.5,1329.0,1330.0,4154401
2026-08-14,BDL,1398.0,1398.0,1419.800048828125,1347.300048828125,1381.5999755859375,8457532
2026-08-17,BDL,1380.0,1380.0,1427.699951171875,1370.0,1413.199951171875,3151086
2026-08-18,BDL,1393.0,1393.0,1401.5,1354.5,1380.0,2608024
2026-08-19,BDL,1349.0,1349.0,1401.699951171875,1347.4000244140625,1393.0,1670098
2026-08-20,BDL,1317.0,1317.0,1356.800048828125,1308.199951171875,1356.800048828125,2094679
2026-08-21,BDL,1359.0,1359.0,1364.699951171875,1317.0,1317.0,2191062
2026-08-24,BDL,1368.0,1368.0,1373.800048828125,1347.699951171875,1363.9000244140625,925426
2026-08-25,BDL,1359.9000244140625,1359.9000244140625,1393.699951171875,1352.0,1363.0,2155826
2026-08-26,BDL,1363.0,1363.0,1378.4000244140625,1323.300048828125,1359.0,1494007
2026-08-27,BDL,1348.5999755859375,1348.5999755859375,1366.5,1339.0999755859375,1355.0,445421
2026-08-28,BDL,1306.0,1306.0,1348.4000244140625,1301.0,1345.800048828125,1589088
