Date,Symbol,Adj Close,Close,High,Low,Open,Volume
2010-01-04,BHARATFORG,119.87866973876953,137.8249969482422,138.64999389648438,135.10000610351562,136.02499389648438,923122
2010-01-05,BHARATFORG,122.40099334716797,140.72500610351562,142.0500030517578,137.60000610351562,140.0,2569538
2010-01-06,BHARATFORG,125.35831451416016,144.125,147.39999389648438,142.1750030517578,142.5,5421274
2010-01-07,BHARATFORG,123.11857604980469,141.5500030517578,144.9499969482422,140.60000610351562,144.9499969482422,1398918
2010-01-08,BHARATFORG,122.50975036621094,140.85000610351562,144.47500610351562,140.0,140.0,1399608
2010-01-11,BHARATFORG,123.66221618652344,142.1750030517578,145.5,141.5500030517578,145.5,1417688
2010-01-12,BHARATFORG,122.7271957397461,141.10000610351562,143.75,140.0,142.64999389648438,1032558
2010-01-13,BHARATFORG,123.92317199707031,142.47500610351562,143.25,139.0,140.0500030517578,851120
2010-01-14,BHARATFORG,129.53326416015625,148.9250030517578,149.75,143.0,143.85000610351562,4545366
2010-01-15,BHARATFORG,128.09814453125,147.27499389648438,152.5,146.64999389648438,152.5,2522156
2010-01-18,BHARATFORG,131.5338592529297,151.22500610351562,151.6750030517578,145.5500030517578,147.5,1660342
2010-01-19,BHARATFORG,128.2286376953125,147.4250030517578,151.75,146.27499389648438,151.75,1298960
2010-01-20,BHARATFORG,127.57630157470703,146.6750030517578,150.39999389648438,145.25,148.25,944100
2010-01-21,BHARATFORG,123.40129089355469,141.875,148.39999389648438,140.3249969482422,146.75,926082
2010-01-22,BHARATFORG,123.18385314941406,141.625,143.0,136.5,142.0,1130076
2010-01-25,BHARATFORG,120.42225646972656,138.4499969482422,147.25,137.27499389648438,143.0,1585570
2010-01-27,BHARATFORG,113.681396484375,130.6999969482422,138.97500610351562,128.5500030517578,137.5,1086178
2010-01-28,BHARATFORG,119.79166412353516,137.72500610351562,139.125,130.02499389648438,132.5,2571422
2010-01-29,BHARATFORG,116.20381927490234,133.60000610351562,136.89999389648438,128.77499389648438,135.25,1548798
2010-02-01,BHARATFORG,119.16108703613281,137.0,137.9499969482422,132.0749969482422,133.5,666886
2010-02-02,BHARATFORG,116.29074096679688,133.6999969482422,139.1999969482422,132.875,138.85000610351562,655430
2010-02-03,BHARATFORG,117.81291198730469,135.4499969482422,136.72500610351562,134.0,134.85000610351562,553818
2010-02-04,BHARATFORG,114.15977478027344,131.25,136.0,130.1750030517578,135.0,814532
2010-02-05,BHARATFORG,108.72361755371094,125.0,129.0,123.25,126.6500015258789,1088306
2010-02-08,BHARATFORG,108.15824890136719,124.3499984741211,128.6999969482422,122.07499694824219,126.5,1369834
2010-02-09,BHARATFORG,108.37567138671875,124.5999984741211,126.42500305175781,122.92500305175781,125.4000015258789,659508
2010-02-10,BHARATFORG,106.61434173583984,122.57499694824219,126.92500305175781,121.55000305175781,125.5,1554906
2010-02-11,BHARATFORG,108.00601959228516,124.17500305175781,125.42500305175781,122.69999694824219,123.44999694824219,506076
2010-02-15,BHARATFORG,107.44066619873047,123.5250015258789,125.17500305175781,122.55000305175781,124.6500015258789,313208
2010-02-16,BHARATFORG,111.68087768554688,128.39999389648438,128.85000610351562,123.05000305175781,124.8499984741211,1804012
2010-02-17,BHARATFORG,109.31072235107422,125.67500305175781,130.14999389648438,125.05000305175781,129.4250030517578,2762224
2010-02-18,BHARATFORG,107.59290313720703,123.69999694824219,127.17500305175781,123.125,126.42500305175781,1042780
2010-02-19,BHARATFORG,105.96202850341797,121.82499694824219,123.4749984741211,120.30000305175781,122.75,659824
2010-02-22,BHARATFORG,105.22269439697266,120.9749984741211,125.0,120.5,125.0,429582
2010-02-23,BHARATFORG,103.24392700195312,118.69999694824219,120.5,117.5,120.5,898058
2010-02-24,BHARATFORG,103.54833984375,119.05000305175781,120.3499984741211,116.0,117.94999694824219,991400
2010-02-25,BHARATFORG,102.2001953125,117.5,120.5,115.7750015258789,119.5,834046
2010-02-26,BHARATFORG,106.83182525634766,122.82499694824219,123.44999694824219,116.32499694824219,118.0250015258789,1029244
2010-03-02,BHARATFORG,114.48595428466797,131.625,132.47500610351562,123.5,124.0,3088028
2010-03-03,BHARATFORG,114.79037475585938,131.97500610351562,134.0,129.6750030517578,132.5,942772
2010-03-04,BHARATFORG,115.02957153320312,132.25,134.0,130.5,134.0,910104
2010-03-05,BHARATFORG,115.39925384521484,132.6750030517578,134.5,131.125,134.5,530532
2010-03-08,BHARATFORG,119.16108703613281,137.0,138.3249969482422,131.625,133.85000610351562,2081402
2010-03-09,BHARATFORG,118.13907623291016,135.8249969482422,138.0,133.75,137.85000610351562,1364004
2010-03-10,BHARATFORG,115.07307434082031,132.3000030517578,135.5,131.3000030517578,135.25,1202256
2010-03-11,BHARATFORG,113.24652099609375,130.1999969482422,133.0,128.6999969482422,131.0,778976
2010-03-12,BHARATFORG,113.63788604736328,130.64999389648438,132.1999969482422,129.5500030517578,130.0749969482422,528756
2010-03-15,BHARATFORG,113.3117446899414,130.27499389648438,131.5,128.5,130.5,570510
2010-03-16,BHARATFORG,115.92110443115234,133.27499389648438,134.0,129.3000030517578,131.3249969482422,480132
2010-03-17,BHARATFORG,114.05105590820312,131.125,135.125,130.375,134.1999969482422,771576
2010-03-18,BHARATFORG,115.00782775878906,132.22500610351562,133.0,130.0500030517578,131.5500030517578,785022
2010-03-19,BHARATFORG,113.81188201904297,130.85000610351562,132.9499969482422,130.3000030517578,132.5,525218
2010-03-22,BHARATFORG,109.70210266113281,126.125,131.0,125.30000305175781,130.02499389648438,982512
2010-03-23,BHARATFORG,109.50641632080078,125.9000015258789,128.39999389648438,123.7750015258789,126.2750015258789,760858
2010-03-25,BHARATFORG,108.61487579345703,124.875,126.7249984741211,122.80000305175781,126.0,2500334
2010-03-26,BHARATFORG,108.81059265136719,125.0999984741211,126.69999694824219,124.25,125.2750015258789,2725982
2010-03-29,BHARATFORG,109.81083679199219,126.25,127.92500305175781,124.5999984741211,125.5,1730234
2010-03-30,BHARATFORG,110.37621307373047,126.9000015258789,129.25,125.82499694824219,127.5,1202576
2010-03-31,BHARATFORG,110.61538696289062,127.17500305175781,128.14999389648438,126.44999694824219,127.0999984741211,439604
2010-04-01,BHARATFORG,111.48518371582031,128.1750030517578,129.0,127.05000305175781,128.25,481840
2010-04-05,BHARATFORG,112.8768310546875,129.77499389648438,130.5,127.7750015258789,129.5,738350
2010-04-06,BHARATFORG,114.0293197631836,131.10000610351562,133.0500030517578,130.39999389648438,131.0,1617642
2010-04-07,BHARATFORG,118.44347381591797,136.1750030517578,136.97500610351562,131.27499389648438,131.72500610351562,2908828
2010-04-08,BHARATFORG,116.89962005615234,134.39999389648438,136.5,132.14999389648438,136.5,1104742
2010-04-09,BHARATFORG,117.79116821289062,135.4250030517578,138.125,134.25,135.5,1560520
2010-04-12,BHARATFORG,117.16057586669922,134.6999969482422,136.4499969482422,133.0749969482422,135.0,458476
2010-04-13,BHARATFORG,116.63865661621094,134.10000610351562,135.4250030517578,133.125,134.5500030517578,315934
2010-04-15,BHARATFORG,117.87812042236328,135.52499389648438,137.3000030517578,134.1999969482422,135.0,853030
2010-04-16,BHARATFORG,117.98682403564453,135.64999389648438,137.0,134.0,135.75,624964
2010-04-19,BHARATFORG,118.66094970703125,136.4250030517578,137.85000610351562,132.0500030517578,134.0,546346
2010-04-20,BHARATFORG,120.0960464477539,138.0749969482422,140.89999389648438,137.1999969482422,138.35000610351562,1767634
2010-04-21,BHARATFORG,120.0743408203125,138.0500030517578,142.0,137.3000030517578,137.5,2376958
2010-04-22,BHARATFORG,119.35680389404297,137.22500610351562,141.4499969482422,135.625,138.6750030517578,1595432
2010-04-23,BHARATFORG,119.53073120117188,137.4250030517578,140.39999389648438,136.0749969482422,137.9250030517578,1285100
2010-04-26,BHARATFORG,120.24829864501953,138.25,139.85000610351562,137.02499389648438,138.0,951044
2010-04-27,BHARATFORG,119.61770629882812,137.52499389648438,139.125,136.47500610351562,137.5,724850
2010-04-28,BHARATFORG,117.57373046875,135.1750030517578,137.5,134.3000030517578,136.5,808176
2010-04-29,BHARATFORG,118.05207824707031,135.72500610351562,137.97500610351562,134.64999389648438,135.5,1569584
2010-04-30,BHARATFORG,119.96566009521484,137.9250030517578,139.75,136.25,136.27499389648438,882498
2010-05-03,BHARATFORG,118.44347381591797,136.1750030517578,137.9499969482422,135.25,137.0,228184
2010-05-04,BHARATFORG,117.46499633789062,135.0500030517578,138.5,134.3000030517578,138.5,1109660
2010-05-05,BHARATFORG,118.3347396850586,136.0500030517578,136.72500610351562,131.64999389648438,132.5,854150
2010-05-06,BHARATFORG,116.11682891845703,133.5,138.25,132.0500030517578,138.0500030517578,974854
2010-05-07,BHARATFORG,112.31148529052734,129.125,133.1999969482422,127.8499984741211,132.5,1010740
2010-05-10,BHARATFORG,115.24699401855469,132.5,133.10000610351562,129.14999389648438,131.14999389648438,690862
2010-05-11,BHARATFORG,114.3989486694336,131.52499389648438,134.25,130.75,130.75,573864
2010-05-12,BHARATFORG,114.05105590820312,131.125,133.125,127.30000305175781,132.0,1207310
2010-05-13,BHARATFORG,118.921875,136.72500610351562,140.1999969482422,131.35000610351562,132.875,1313976
2010-05-14,BHARATFORG,115.87761688232422,133.22500610351562,140.0,132.125,138.0749969482422,2620526
2010-05-17,BHARATFORG,119.74816131591797,137.6750030517578,140.10000610351562,127.3499984741211,131.89999389648438,2291874
2010-05-18,BHARATFORG,116.9213638305664,134.4250030517578,140.9499969482422,133.60000610351562,139.9499969482422,831626
2010-05-19,BHARATFORG,110.33272552490234,126.8499984741211,134.4250030517578,125.19999694824219,133.22500610351562,1265454
2010-05-20,BHARATFORG,114.72512817382812,131.89999389648438,133.125,126.0250015258789,128.5,1021584
2010-05-21,BHARATFORG,113.33350372314453,130.3000030517578,132.60000610351562,127.5250015258789,127.7750015258789,729292
2010-05-24,BHARATFORG,114.24677276611328,131.35000610351562,134.9499969482422,130.52499389648438,132.8000030517578,1197312
2010-05-25,BHARATFORG,108.4626693725586,124.69999694824219,131.5,124.0250015258789,131.1750030517578,817454
2010-05-26,BHARATFORG,112.50719451904297,129.35000610351562,130.64999389648438,125.2249984741211,126.0,693156
2010-05-27,BHARATFORG,114.13805389404297,131.22500610351562,132.5,126.5999984741211,128.75,1170212
2010-05-28,BHARATFORG,114.8338623046875,132.02499389648438,133.75,130.0,132.5,355582
2010-05-31,BHARATFORG,116.8343734741211,134.3249969482422,135.85000610351562,130.5,132.35000610351562,291264
2010-06-01,BHARATFORG,113.46395111083984,130.4499969482422,135.0,128.875,135.0,704690
2010-06-02,BHARATFORG,113.61618041992188,130.625,131.6750030517578,128.5,130.5,426204
2010-06-03,BHARATFORG,116.9865493774414,134.5,135.39999389648438,131.35000610351562,131.89999389648438,547386
2010-06-04,BHARATFORG,116.9213638305664,134.4250030517578,136.39999389648438,132.52499389648438,136.39999389648438,465540
2010-06-07,BHARATFORG,112.2462387084961,129.0500030517578,133.8249969482422,128.14999389648438,132.4499969482422,654296
2010-06-08,BHARATFORG,110.55016326904297,127.0999984741211,131.64999389648438,126.5,130.0,783616
2010-06-09,BHARATFORG,115.20350646972656,132.4499969482422,133.25,127.125,127.125,854798
2010-06-10,BHARATFORG,119.3785171508789,137.25,138.25,131.375,133.0,1955394
2010-06-11,BHARATFORG,120.16136169433594,138.14999389648438,139.5,136.27499389648438,138.5,1131734
2010-06-14,BHARATFORG,120.4005126953125,138.4250030517578,139.9499969482422,137.1999969482422,139.0,646006
2010-06-15,BHARATFORG,121.92262268066406,140.1750030517578,141.4499969482422,136.6999969482422,138.5,1153590
2010-06-16,BHARATFORG,121.09635925292969,139.22500610351562,142.9250030517578,138.1999969482422,141.0500030517578,1138418
2010-06-17,BHARATFORG,123.40129089355469,141.875,142.25,138.25,140.25,551060
2010-06-18,BHARATFORG,122.55326843261719,140.89999389648438,142.89999389648438,139.6999969482422,142.35000610351562,481294
2010-06-21,BHARATFORG,126.2498550415039,145.14999389648438,146.875,141.0,141.0,1027030
2010-06-22,BHARATFORG,126.9456558227539,145.9499969482422,147.625,143.52499389648438,144.5,1112030
2010-06-23,BHARATFORG,126.90216827392578,145.89999389648438,146.0,144.0500030517578,145.5,738834
2010-06-24,BHARATFORG,126.72821807861328,145.6999969482422,149.47500610351562,143.89999389648438,147.3000030517578,2495332
2010-06-25,BHARATFORG,126.1845932006836,145.0749969482422,147.0,143.75,145.5,542956
2010-06-28,BHARATFORG,127.44577026367188,146.52499389648438,147.27499389648438,143.3000030517578,144.02499389648438,467638
2010-06-29,BHARATFORG,122.79247283935547,141.1750030517578,146.4499969482422,140.52499389648438,144.8000030517578,725598
2010-06-30,BHARATFORG,125.85843658447266,144.6999969482422,146.3000030517578,140.02499389648438,140.52499389648438,1303294
2010-07-01,BHARATFORG,125.40180969238281,144.1750030517578,145.35000610351562,141.9499969482422,143.0500030517578,438220
2010-07-02,BHARATFORG,127.96768188476562,147.125,148.8249969482422,144.14999389648438,144.14999389648438,1102812
2010-07-05,BHARATFORG,126.85872650146484,145.85000610351562,148.25,145.1750030517578,147.125,315586
2010-07-06,BHARATFORG,134.0345001220703,154.10000610351562,156.4499969482422,144.25,144.25,2541872
2010-07-07,BHARATFORG,133.70826721191406,153.72500610351562,155.9499969482422,151.875,154.9499969482422,3433588
2010-07-08,BHARATFORG,140.60137939453125,161.64999389648438,164.1999969482422,154.22500610351562,156.5,4511068
2010-07-09,BHARATFORG,143.64556884765625,165.14999389648438,167.6999969482422,162.625,163.5,5004812
2010-07-12,BHARATFORG,144.60238647460938,166.25,167.25,163.8000030517578,166.1999969482422,1567010
2010-07-13,BHARATFORG,143.05853271484375,164.47500610351562,170.0,162.77499389648438,170.0,915524
2010-07-14,BHARATFORG,143.64556884765625,165.14999389648438,168.0,164.02499389648438,165.5,1370488
2010-07-15,BHARATFORG,144.58351135253906,165.72500610351562,169.375,163.1999969482422,165.52499389648438,2137784
2010-07-16,BHARATFORG,143.7328338623047,164.75,167.1750030517578,163.64999389648438,166.0,545930
2010-07-19,BHARATFORG,146.7864227294922,168.25,169.89999389648438,162.1999969482422,162.1999969482422,1164798
2010-07-20,BHARATFORG,145.28146362304688,166.52499389648438,170.77499389648438,165.89999389648438,170.0,1089758
2010-07-21,BHARATFORG,145.87034606933594,167.1999969482422,168.72500610351562,165.77499389648438,167.0,621698
2010-07-22,BHARATFORG,145.71766662597656,167.02499389648438,167.64999389648438,164.64999389648438,166.5749969482422,1045604
2010-07-23,BHARATFORG,144.7580108642578,165.9250030517578,169.52499389648438,165.27499389648438,168.1750030517578,938728
2010-07-26,BHARATFORG,142.8822784423828,163.77499389648438,170.0,163.125,167.64999389648438,3290812
2010-07-27,BHARATFORG,142.184326171875,162.97500610351562,167.5,161.5,167.5,832354
2010-07-28,BHARATFORG,140.3957977294922,160.9250030517578,164.22500610351562,160.14999389648438,163.5,664628
2010-07-29,BHARATFORG,141.39913940429688,162.0749969482422,162.75,158.375,160.5,1500684
2010-07-30,BHARATFORG,142.4896697998047,163.3249969482422,166.0,160.77499389648438,163.0,851856
2010-08-02,BHARATFORG,143.2748565673828,164.22500610351562,165.1999969482422,161.625,164.1750030517578,356976
2010-08-03,BHARATFORG,143.86367797851562,164.89999389648438,166.0,163.14999389648438,163.5,539622
2010-08-04,BHARATFORG,142.8604736328125,163.75,165.5,163.39999389648438,164.89999389648438,227038
2010-08-05,BHARATFORG,145.80490112304688,167.125,169.0,163.14999389648438,164.0,1555018
2010-08-06,BHARATFORG,146.6118927001953,168.0500030517578,171.10000610351562,167.3000030517578,168.0,1670438
2010-08-09,BHARATFORG,150.36334228515625,172.35000610351562,172.75,167.5,169.89999389648438,1749902
2010-08-10,BHARATFORG,149.8834991455078,171.8000030517578,174.35000610351562,171.0749969482422,172.8000030517578,1202038
2010-08-11,BHARATFORG,146.67733764648438,168.125,172.9499969482422,167.25,172.9499969482422,621988
2010-08-12,BHARATFORG,147.8551025390625,169.47500610351562,170.5,165.1750030517578,166.3000030517578,465130
2010-08-13,BHARATFORG,149.64358520507812,171.52499389648438,173.5749969482422,170.27499389648438,170.27499389648438,528868
2010-08-16,BHARATFORG,151.0176544189453,173.10000610351562,177.4499969482422,170.39999389648438,171.0500030517578,1118248
2010-08-17,BHARATFORG,150.0361785888672,171.97500610351562,175.72500610351562,171.0,174.47500610351562,1099084
2010-08-18,BHARATFORG,150.5814208984375,172.60000610351562,174.5,170.97500610351562,173.5,370448
2010-08-19,BHARATFORG,154.59466552734375,177.1999969482422,178.375,172.0749969482422,173.35000610351562,1322828
2010-08-20,BHARATFORG,153.30776977539062,175.72500610351562,177.85000610351562,174.22500610351562,176.89999389648438,732920
2010-08-23,BHARATFORG,153.98394775390625,176.5,177.39999389648438,173.3000030517578,176.0,1250786
2010-08-24,BHARATFORG,156.2303924560547,179.0749969482422,180.5500030517578,174.0,178.0,1232862
2010-08-25,BHARATFORG,155.18353271484375,177.875,180.8000030517578,174.5500030517578,178.5,1296964
2010-08-26,BHARATFORG,154.46380615234375,177.0500030517578,179.89999389648438,176.0749969482422,178.5,777788
2010-08-27,BHARATFORG,154.33291625976562,176.89999389648438,182.0,175.0,176.27499389648438,746044
2010-08-30,BHARATFORG,152.1736602783203,174.4250030517578,180.0,174.0,177.85000610351562,1093324
2010-08-31,BHARATFORG,152.58804321289062,174.89999389648438,176.0749969482422,172.5,172.89999389648438,583392
2010-09-01,BHARATFORG,155.336181640625,178.0500030517578,178.8000030517578,175.0,175.25,733638
2010-09-02,BHARATFORG,156.60122680664062,179.5,181.0500030517578,177.625,181.0500030517578,831600
2010-09-03,BHARATFORG,159.41481018066406,182.72500610351562,185.875,180.0,181.0,1305976
2010-09-06,BHARATFORG,160.83250427246094,184.35000610351562,186.85000610351562,183.52499389648438,183.52499389648438,953838
2010-09-07,BHARATFORG,158.45509338378906,181.625,185.75,181.0,184.0500030517578,999758
2010-09-08,BHARATFORG,158.17160034179688,181.3000030517578,183.89999389648438,179.77499389648438,181.4499969482422,446502
2010-09-09,BHARATFORG,160.9197540283203,184.4499969482422,185.75,181.14999389648438,182.85000610351562,1279176
2010-09-13,BHARATFORG,159.87278747558594,183.25,186.0,181.5,185.0,1207370
2010-09-14,BHARATFORG,161.81399536132812,185.47500610351562,187.5,182.5500030517578,183.25,2090010
2010-09-15,BHARATFORG,160.2435760498047,183.6750030517578,186.125,181.02499389648438,185.375,1138260
2010-09-16,BHARATFORG,157.7790069580078,180.85000610351562,184.5,177.6999969482422,184.0,597868
2010-09-17,BHARATFORG,159.2184600830078,182.5,185.89999389648438,180.77499389648438,181.72500610351562,710084
2010-09-20,BHARATFORG,157.93161010742188,181.02499389648438,184.5,179.89999389648438,184.5,660640
2010-09-21,BHARATFORG,157.21192932128906,180.1999969482422,182.5749969482422,178.875,182.5749969482422,608430
2010-09-22,BHARATFORG,157.29913330078125,180.3000030517578,181.6999969482422,178.8249969482422,181.0,787646
2010-09-23,BHARATFORG,155.22714233398438,177.9250030517578,181.1999969482422,177.5,178.6750030517578,661980
2010-09-24,BHARATFORG,155.9032745361328,178.6999969482422,180.75,177.14999389648438,177.5749969482422,1081020
2010-09-27,BHARATFORG,156.6666259765625,179.5749969482422,182.47500610351562,178.5500030517578,179.0,815580
2010-09-28,BHARATFORG,158.23696899414062,181.375,182.5,178.5500030517578,179.39999389648438,292868
2010-09-29,BHARATFORG,155.53248596191406,178.27499389648438,183.35000610351562,177.8000030517578,182.89999389648438,540864
2010-09-30,BHARATFORG,158.12796020507812,181.25,182.14999389648438,175.85000610351562,178.10000610351562,1525202
2010-10-01,BHARATFORG,161.9011993408203,185.5749969482422,187.1750030517578,181.0,182.0500030517578,1227184
2010-10-04,BHARATFORG,162.86093139648438,186.6750030517578,187.85000610351562,182.75,187.10000610351562,989832
2010-10-05,BHARATFORG,161.39959716796875,185.0,187.9499969482422,183.9250030517578,185.10000610351562,615336
2010-10-06,BHARATFORG,165.36915588378906,189.5500030517578,192.5,184.8000030517578,185.125,1488784
2010-10-07,BHARATFORG,161.50865173339844,185.125,193.0,183.64999389648438,193.0,787526
2010-10-08,BHARATFORG,160.89796447753906,184.4250030517578,187.4499969482422,182.5,187.4499969482422,708866
2010-10-11,BHARATFORG,166.416015625,190.75,194.47500610351562,187.5,187.5,1239862
2010-10-12,BHARATFORG,163.5806884765625,187.5,192.39999389648438,185.8249969482422,191.75,765236
2010-10-13,BHARATFORG,164.69302368164062,188.77499389648438,190.5,187.5,187.5,810348
2010-10-14,BHARATFORG,165.97984313964844,190.25,195.72500610351562,188.0,190.0,3075368
2010-10-15,BHARATFORG,162.05393981933594,185.75,191.4499969482422,184.35000610351562,190.5,1253116
2010-10-18,BHARATFORG,160.50535583496094,183.97500610351562,190.0,181.0749969482422,189.0,655412
2010-10-19,BHARATFORG,161.5958709716797,185.22500610351562,188.375,183.6750030517578,188.375,510298
2010-10-20,BHARATFORG,164.3876953125,188.4250030517578,189.875,183.85000610351562,183.85000610351562,476264
2010-10-21,BHARATFORG,165.63087463378906,189.85000610351562,191.5,187.35000610351562,187.35000610351562,635488
2010-10-22,BHARATFORG,165.65272521972656,189.875,191.97500610351562,187.0,191.25,308612
2010-10-25,BHARATFORG,164.34402465820312,188.375,193.85000610351562,187.0749969482422,192.5749969482422,1038576
2010-10-26,BHARATFORG,163.86419677734375,187.8249969482422,189.5,185.5,189.0,440652
2010-10-27,BHARATFORG,165.36915588378906,189.5500030517578,192.0,187.5500030517578,187.8000030517578,869554
2010-10-28,BHARATFORG,161.35595703125,184.9499969482422,193.0,181.5,190.5,1909420
2010-10-29,BHARATFORG,164.51852416992188,188.5749969482422,190.0,182.3249969482422,185.0,851732
2010-11-01,BHARATFORG,165.1946563720703,189.35000610351562,191.5,187.35000610351562,191.5,420658
2010-11-02,BHARATFORG,164.4749298095703,188.52499389648438,190.8249969482422,187.5,187.77499389648438,266866
2010-11-03,BHARATFORG,163.44979858398438,187.35000610351562,190.4499969482422,186.6999969482422,188.64999389648438,328586
2010-11-04,BHARATFORG,163.1226348876953,186.97500610351562,189.0,186.14999389648438,188.75,1019518
2010-11-08,BHARATFORG,163.01358032226562,186.85000610351562,190.4250030517578,186.52499389648438,189.5,377928
2010-11-09,BHARATFORG,163.4715576171875,187.375,189.89999389648438,185.75,187.25,486352
2010-11-10,BHARATFORG,168.70616149902344,193.375,194.97500610351562,187.02499389648438,187.625,1917704
2010-11-11,BHARATFORG,166.43785095214844,190.77499389648438,196.77499389648438,189.625,194.125,1418088
2010-11-12,BHARATFORG,162.18475341796875,185.89999389648438,192.10000610351562,184.75,190.97500610351562,540804
2010-11-15,BHARATFORG,161.5522918701172,185.1750030517578,187.35000610351562,182.64999389648438,182.77499389648438,331916
2010-11-16,BHARATFORG,162.51193237304688,186.27499389648438,188.6750030517578,184.0,187.4499969482422,765796
2010-11-18,BHARATFORG,161.96665954589844,185.64999389648438,188.4250030517578,181.5749969482422,187.52499389648438,428160
2010-11-19,BHARATFORG,158.62962341308594,181.8249969482422,188.0,180.5,188.0,221076
2010-11-22,BHARATFORG,162.53370666503906,186.3000030517578,187.1750030517578,176.52499389648438,182.5500030517578,753174
2010-11-23,BHARATFORG,161.2469024658203,184.8249969482422,185.75,182.0500030517578,183.02499389648438,595104
2010-11-24,BHARATFORG,160.1127471923828,183.52499389648438,189.25,180.625,184.0,443046
2010-11-25,BHARATFORG,160.13458251953125,183.5500030517578,188.1999969482422,179.10000610351562,183.4499969482422,775526
2010-11-26,BHARATFORG,160.9633331298828,184.5,189.1999969482422,175.5500030517578,182.6999969482422,1711598
2010-11-29,BHARATFORG,159.5238494873047,182.85000610351562,184.97500610351562,179.0,183.25,855650
2010-11-30,BHARATFORG,162.96994018554688,186.8000030517578,187.52499389648438,181.0,183.0,1110314
2010-12-01,BHARATFORG,172.58848571777344,197.8249969482422,202.5,185.52499389648438,185.52499389648438,1516188
2010-12-02,BHARATFORG,175.00949096679688,200.60000610351562,206.5,197.0749969482422,200.0,2002280
2010-12-03,BHARATFORG,171.14898681640625,196.1750030517578,201.375,192.8249969482422,200.5,1066392
2010-12-06,BHARATFORG,170.56005859375,195.5,200.39999389648438,194.35000610351562,197.5,869012
2010-12-07,BHARATFORG,167.637451171875,192.14999389648438,197.25,190.25,197.1750030517578,819056
2010-12-08,BHARATFORG,164.16954040527344,188.1750030517578,193.39999389648438,187.52499389648438,193.39999389648438,572878
2010-12-09,BHARATFORG,157.015625,179.97500610351562,189.625,178.27499389648438,189.625,630396
2010-12-10,BHARATFORG,161.94488525390625,185.625,188.4250030517578,177.625,177.625,1121778
2010-12-13,BHARATFORG,166.32876586914062,190.64999389648438,192.47500610351562,184.0500030517578,186.25,1112510
2010-12-14,BHARATFORG,167.0267333984375,191.4499969482422,194.5500030517578,189.6750030517578,191.02499389648438,562678
2010-12-15,BHARATFORG,169.90576171875,194.75,197.1750030517578,189.8000030517578,192.125,1988686
2010-12-16,BHARATFORG,168.66261291503906,193.3249969482422,196.22500610351562,189.60000610351562,195.0,749868
2010-12-20,BHARATFORG,165.10740661621094,189.25,194.75,188.64999389648438,193.02499389648438,504732
2010-12-21,BHARATFORG,167.1357879638672,191.5749969482422,192.9250030517578,189.5500030517578,190.0,716094
2010-12-22,BHARATFORG,164.16954040527344,188.1750030517578,192.4250030517578,187.52499389648438,191.5,354964
2010-12-23,BHARATFORG,162.86093139648438,186.6750030517578,191.39999389648438,186.0500030517578,187.5,244534
2010-12-24,BHARATFORG,163.5370330810547,187.4499969482422,188.89999389648438,185.5,186.0,327438
2010-12-27,BHARATFORG,161.79217529296875,185.4499969482422,188.47500610351562,184.64999389648438,187.5,209918
2010-12-28,BHARATFORG,159.78555297851562,183.14999389648438,185.47500610351562,182.5,185.25,226820
2010-12-29,BHARATFORG,161.35595703125,184.9499969482422,185.89999389648438,181.5749969482422,185.89999389648438,726490
2010-12-30,BHARATFORG,163.60243225097656,187.52499389648438,189.125,182.75,185.5,798284
2010-12-31,BHARATFORG,165.36915588378906,189.5500030517578,191.1750030517578,187.02499389648438,188.5,841834
2011-01-03,BHARATFORG,165.71812438964844,189.9499969482422,191.0500030517578,188.5500030517578,190.0,401916
2011-01-04,BHARATFORG,168.05186462402344,192.625,194.4499969482422,190.10000610351562,190.875,1072396
2011-01-05,BHARATFORG,165.65272521972656,189.875,194.8000030517578,188.6750030517578,193.72500610351562,530932
2011-01-06,BHARATFORG,162.96994018554688,186.8000030517578,191.5500030517578,185.5749969482422,185.5749969482422,330698
2011-01-07,BHARATFORG,159.02218627929688,182.27499389648438,187.0749969482422,180.77499389648438,187.0749969482422,596510
2011-01-10,BHARATFORG,154.66004943847656,177.27499389648438,183.1999969482422,175.10000610351562,180.72500610351562,730642
2011-01-11,BHARATFORG,151.8682861328125,174.0749969482422,180.75,172.5,175.10000610351562,598058
2011-01-12,BHARATFORG,157.9752655029297,181.0749969482422,182.0,173.72500610351562,174.0749969482422,551024
2011-01-13,BHARATFORG,154.55096435546875,177.14999389648438,182.0,176.0,180.77499389648438,488762
2011-01-14,BHARATFORG,152.58804321289062,174.89999389648438,178.9499969482422,173.8000030517578,177.14999389648438,251928
2011-01-17,BHARATFORG,153.02430725097656,175.39999389648438,177.27499389648438,171.0,172.64999389648438,946394
2011-01-18,BHARATFORG,152.042724609375,174.27499389648438,177.35000610351562,173.1750030517578,175.97500610351562,450132
2011-01-19,BHARATFORG,150.6905059814453,172.72500610351562,176.39999389648438,172.1750030517578,174.75,702586
2011-01-20,BHARATFORG,150.10157775878906,172.0500030517578,174.22500610351562,171.25,173.02499389648438,695528
2011-01-21,BHARATFORG,151.8465118408203,174.0500030517578,176.25,172.3000030517578,172.3000030517578,956378
2011-01-24,BHARATFORG,156.0122833251953,178.8249969482422,179.5,176.625,178.85000610351562,777590
2011-01-25,BHARATFORG,153.87489318847656,176.375,179.97500610351562,175.75,179.89999389648438,293078
2011-01-27,BHARATFORG,150.34153747558594,172.3249969482422,177.97500610351562,170.60000610351562,176.375,601126
2011-01-28,BHARATFORG,150.49415588378906,172.5,176.22500610351562,161.72500610351562,171.0,1877040
2011-01-31,BHARATFORG,149.4254913330078,171.27499389648438,173.375,166.625,169.5,1094078
2011-02-01,BHARATFORG,147.98593139648438,169.625,172.97500610351562,167.02499389648438,171.5,738288
2011-02-02,BHARATFORG,148.59666442871094,170.3249969482422,172.75,165.75,170.10000610351562,1963908
2011-02-03,BHARATFORG,146.72091674804688,168.1750030517578,172.10000610351562,166.6999969482422,169.72500610351562,1482774
2011-02-04,BHARATFORG,145.41229248046875,166.6750030517578,170.4250030517578,165.5,168.39999389648438,524272
2011-02-07,BHARATFORG,145.23779296875,166.47500610351562,168.75,164.75,166.5,369648
2011-02-08,BHARATFORG,141.96621704101562,162.72500610351562,168.25,161.8000030517578,167.0,662532
2011-02-09,BHARATFORG,135.83740234375,155.6999969482422,161.25,154.25,160.0,1483132
2011-02-10,BHARATFORG,135.03038024902344,154.77499389648438,159.25,153.10000610351562,154.5,1814572
2011-02-11,BHARATFORG,137.4731903076172,157.5749969482422,158.5,151.0749969482422,151.6750030517578,1348150
2011-02-14,BHARATFORG,141.9443817138672,162.6999969482422,163.35000610351562,157.5,158.25,4085168
2011-02-15,BHARATFORG,139.74148559570312,160.1750030517578,163.4250030517578,157.77499389648438,162.5,2522700
2011-02-16,BHARATFORG,138.302001953125,158.52499389648438,162.3000030517578,157.39999389648438,161.27499389648438,634048
2011-02-17,BHARATFORG,141.09378051757812,161.72500610351562,162.5,156.27499389648438,158.5,1141296
2011-02-18,BHARATFORG,138.99993896484375,159.3249969482422,163.9499969482422,159.0,163.4499969482422,987792
2011-02-21,BHARATFORG,140.48301696777344,161.02499389648438,161.6999969482422,155.9250030517578,159.0,859198
2011-02-22,BHARATFORG,138.0839080810547,158.27499389648438,160.25,157.625,158.97500610351562,136966
2011-02-23,BHARATFORG,138.28016662597656,158.5,159.22500610351562,156.25,156.25,294328
2011-02-24,BHARATFORG,133.74354553222656,153.3000030517578,159.39999389648438,149.0500030517578,159.39999389648438,3055760
2011-02-25,BHARATFORG,132.58755493164062,151.97500610351562,155.6999969482422,150.6750030517578,154.5,270652
2011-02-28,BHARATFORG,133.54721069335938,153.0749969482422,156.4499969482422,151.0500030517578,151.0500030517578,717870
2011-03-01,BHARATFORG,145.47767639160156,166.75,168.35000610351562,153.75,154.0,1208004
2011-03-03,BHARATFORG,144.6707305908203,165.8249969482422,170.25,162.89999389648438,166.5500030517578,1051784
2011-03-04,BHARATFORG,146.0230255126953,167.375,169.52499389648438,166.52499389648438,167.3000030517578,550530
2011-03-07,BHARATFORG,138.73818969726562,159.02499389648438,166.5,157.64999389648438,166.47500610351562,730716
2011-03-08,BHARATFORG,140.1995391845703,160.6999969482422,161.875,158.6750030517578,159.75,638866
2011-03-09,BHARATFORG,139.37071228027344,159.75,162.4250030517578,157.89999389648438,161.77499389648438,693334
2011-03-10,BHARATFORG,138.32379150390625,158.5500030517578,160.4499969482422,158.125,160.02499389648438,434012
2011-03-11,BHARATFORG,136.99331665039062,157.02499389648438,160.1999969482422,154.875,157.5,643566
2011-03-14,BHARATFORG,140.35220336914062,160.875,161.5,155.97500610351562,155.97500610351562,323556
2011-03-15,BHARATFORG,137.86575317382812,158.02499389648438,159.625,154.4250030517578,159.0,436268
2011-03-16,BHARATFORG,143.6020050048828,164.60000610351562,165.35000610351562,158.10000610351562,158.5500030517578,588232
2011-03-17,BHARATFORG,143.92918395996094,164.97500610351562,167.0500030517578,162.0500030517578,163.97500610351562,520780
2011-03-18,BHARATFORG,141.8571319580078,162.60000610351562,166.0,160.0500030517578,166.0,706942
2011-03-21,BHARATFORG,139.45797729492188,159.85000610351562,163.39999389648438,158.375,162.47500610351562,346112
2011-03-22,BHARATFORG,143.4493408203125,164.4250030517578,165.25,159.8249969482422,160.0500030517578,817786
2011-03-23,BHARATFORG,145.8267059326172,167.14999389648438,167.64999389648438,163.0,164.35000610351562,1089826
2011-03-24,BHARATFORG,150.01437377929688,171.9499969482422,173.02499389648438,164.27499389648438,168.35000610351562,1227038
2011-03-25,BHARATFORG,150.07980346679688,172.02499389648438,173.6999969482422,168.39999389648438,172.1750030517578,1425968
2011-03-28,BHARATFORG,147.57154846191406,169.14999389648438,172.1750030517578,168.5,172.02499389648438,534848
2011-03-29,BHARATFORG,148.33493041992188,170.02499389648438,172.1999969482422,168.3249969482422,169.52499389648438,296446
2011-03-30,BHARATFORG,148.7711944580078,170.52499389648438,173.75,169.625,170.0,660208
2011-03-31,BHARATFORG,151.49749755859375,173.64999389648438,177.5,167.625,171.22500610351562,1440462
2011-04-01,BHARATFORG,155.00900268554688,177.6750030517578,178.4499969482422,172.5749969482422,173.72500610351562,697058
2011-04-04,BHARATFORG,158.67323303222656,181.875,183.4499969482422,176.6999969482422,178.52499389648438,453812
2011-04-05,BHARATFORG,157.3427734375,180.35000610351562,183.02499389648438,179.14999389648438,182.85000610351562,222004
2011-04-06,BHARATFORG,159.24029541015625,182.52499389648438,185.125,179.0500030517578,180.5,784390
2011-04-07,BHARATFORG,159.2621612548828,182.5500030517578,184.75,179.5,182.47500610351562,357326
2011-04-08,BHARATFORG,156.2522430419922,179.10000610351562,185.0,178.1750030517578,184.625,341626
2011-04-11,BHARATFORG,153.65679931640625,176.125,178.9499969482422,175.25,178.9250030517578,306756
2011-04-13,BHARATFORG,156.86294555664062,179.8000030517578,181.39999389648438,172.875,172.875,551582
2011-04-15,BHARATFORG,156.97201538085938,179.9250030517578,180.85000610351562,178.4250030517578,180.0,228136
2011-04-18,BHARATFORG,153.00244140625,175.375,182.5500030517578,175.02499389648438,180.4499969482422,420146
2011-04-19,BHARATFORG,153.54774475097656,176.0,177.25,172.5749969482422,175.25,247064
2011-04-20,BHARATFORG,155.7069549560547,178.47500610351562,180.25,175.5749969482422,177.72500610351562,232686
2011-04-21,BHARATFORG,155.22714233398438,177.9250030517578,181.125,177.1750030517578,178.8249969482422,187766
2011-04-25,BHARATFORG,156.97201538085938,179.9250030517578,180.27499389648438,176.72500610351562,179.14999389648438,340132
2011-04-26,BHARATFORG,157.2555694580078,180.25,181.3000030517578,178.3000030517578,180.5,222166
2011-04-27,BHARATFORG,157.51724243164062,180.5500030517578,182.1750030517578,178.875,180.6999969482422,162080
2011-04-28,BHARATFORG,153.8312530517578,176.3249969482422,181.6999969482422,175.02499389648438,181.6999969482422,800824
2011-04-29,BHARATFORG,151.5847625732422,173.75,177.375,172.6750030517578,177.375,251764
2011-05-02,BHARATFORG,151.8246612548828,174.02499389648438,177.4250030517578,172.85000610351562,174.1999969482422,332156
2011-05-03,BHARATFORG,147.65882873535156,169.25,175.0500030517578,168.6999969482422,172.64999389648438,224358
2011-05-04,BHARATFORG,147.89871215820312,169.52499389648438,171.25,166.125,169.6999969482422,426548
2011-05-05,BHARATFORG,147.37527465820312,168.9250030517578,170.9499969482422,166.1750030517578,170.02499389648438,319778
2011-05-06,BHARATFORG,147.83326721191406,169.4499969482422,170.8249969482422,167.02499389648438,169.10000610351562,157338
2011-05-09,BHARATFORG,150.10157775878906,172.0500030517578,174.0,167.5749969482422,170.125,703038
2011-05-10,BHARATFORG,151.75921630859375,173.9499969482422,174.4499969482422,171.3000030517578,172.10000610351562,211304
2011-05-11,BHARATFORG,151.8682861328125,174.0749969482422,176.0,172.0,175.0,404882
2011-05-12,BHARATFORG,148.8802490234375,170.64999389648438,173.25,169.125,173.25,254590
2011-05-13,BHARATFORG,148.66212463378906,170.39999389648438,172.25,168.625,170.5,170938
2011-05-16,BHARATFORG,144.5398712158203,165.6750030517578,172.02499389648438,165.125,172.02499389648438,581652
2011-05-17,BHARATFORG,144.3435821533203,165.4499969482422,166.10000610351562,163.0749969482422,165.5,206350
2011-05-18,BHARATFORG,141.35545349121094,162.02499389648438,166.5,160.6750030517578,166.25,281138
2011-05-19,BHARATFORG,145.01968383789062,166.22500610351562,166.75,159.0500030517578,161.5500030517578,314742
2011-05-20,BHARATFORG,143.5365753173828,164.52499389648438,167.4250030517578,162.77499389648438,167.4250030517578,258950
2011-05-23,BHARATFORG,142.053466796875,162.8249969482422,164.5,161.72500610351562,164.5,157086
2011-05-24,BHARATFORG,132.82749938964844,152.25,165.1999969482422,150.8000030517578,162.47500610351562,3723516
2011-05-25,BHARATFORG,136.66619873046875,156.64999389648438,157.85000610351562,152.5,152.97500610351562,1179486
2011-05-26,BHARATFORG,136.16453552246094,156.0749969482422,159.97500610351562,154.14999389648438,157.5,1359198
2011-05-27,BHARATFORG,138.302001953125,158.52499389648438,159.0,156.5749969482422,157.60000610351562,302142
2011-05-30,BHARATFORG,138.4764862060547,158.72500610351562,159.89999389648438,157.52499389648438,159.02499389648438,321498
2011-05-31,BHARATFORG,139.47979736328125,159.875,162.9250030517578,158.27499389648438,159.4499969482422,522574
2011-06-01,BHARATFORG,139.21800231933594,159.5749969482422,161.4250030517578,158.60000610351562,159.02499389648438,370466
2011-06-02,BHARATFORG,137.38597106933594,157.47500610351562,159.47500610351562,157.0,159.47500610351562,240292
2011-06-03,BHARATFORG,136.16453552246094,156.0749969482422,159.39999389648438,155.75,157.60000610351562,178620
2011-06-06,BHARATFORG,136.12091064453125,156.02499389648438,156.72500610351562,153.875,156.0,138382
2011-06-07,BHARATFORG,136.57896423339844,156.5500030517578,157.9499969482422,155.25,155.25,162382
2011-06-08,BHARATFORG,136.49171447753906,156.4499969482422,156.97500610351562,155.14999389648438,155.60000610351562,371440
2011-06-09,BHARATFORG,135.20489501953125,154.97500610351562,156.5,154.5,156.4499969482422,238684
2011-06-10,BHARATFORG,134.2670135498047,153.89999389648438,155.75,151.75,155.75,865268
2011-06-13,BHARATFORG,135.24847412109375,155.02499389648438,155.72500610351562,152.25,154.52499389648438,493348
2011-06-14,BHARATFORG,136.2953643798828,156.22500610351562,157.47500610351562,155.25,157.3000030517578,306564
2011-06-15,BHARATFORG,133.6781463623047,153.22500610351562,157.47500610351562,152.625,157.47500610351562,281366
2011-06-16,BHARATFORG,133.3073272705078,152.8000030517578,153.60000610351562,151.52499389648438,152.9499969482422,196632
2011-06-17,BHARATFORG,134.13612365722656,153.75,154.5,151.97500610351562,153.02499389648438,284312
2011-06-20,BHARATFORG,128.9888458251953,147.85000610351562,154.9499969482422,146.875,154.9499969482422,362736
2011-06-21,BHARATFORG,127.15667724609375,145.75,148.9250030517578,143.1999969482422,148.02499389648438,1806596
2011-06-22,BHARATFORG,126.4151382446289,144.89999389648438,147.1999969482422,143.625,146.0749969482422,714798
2011-06-23,BHARATFORG,124.64845275878906,142.875,145.875,142.1750030517578,145.875,432328
2011-06-24,BHARATFORG,130.90818786621094,150.0500030517578,153.0,143.75,144.0749969482422,1055504
2011-06-27,BHARATFORG,133.4163818359375,152.9250030517578,154.6999969482422,148.3000030517578,150.5500030517578,700374
2011-06-28,BHARATFORG,134.13612365722656,153.75,155.5,153.02499389648438,154.0,411832
2011-06-29,BHARATFORG,132.76206970214844,152.1750030517578,157.35000610351562,151.5500030517578,155.0,1095132
2011-06-30,BHARATFORG,134.2451934814453,153.875,159.4499969482422,152.02499389648438,152.10000610351562,4055796
2011-07-01,BHARATFORG,133.5908660888672,153.125,155.9250030517578,152.0500030517578,153.25,464698
2011-07-04,BHARATFORG,135.5974578857422,155.4250030517578,156.89999389648438,153.10000610351562,153.5,1246000
2011-07-05,BHARATFORG,134.3760528564453,154.02499389648438,157.1999969482422,153.10000610351562,154.72500610351562,663744
2011-07-06,BHARATFORG,140.52667236328125,161.0749969482422,162.375,153.75,154.3249969482422,1711656
2011-07-07,BHARATFORG,144.1690673828125,165.25,166.1999969482422,161.0,161.64999389648438,1148648
2011-07-08,BHARATFORG,144.32177734375,165.4250030517578,166.1999969482422,162.0,165.5500030517578,443726
2011-07-11,BHARATFORG,142.96949768066406,163.875,165.97500610351562,162.375,163.5,253704
2011-07-12,BHARATFORG,141.0065155029297,161.625,164.64999389648438,160.72500610351562,162.0,376400
2011-07-13,BHARATFORG,146.590087890625,168.02499389648438,168.75,162.47500610351562,165.8249969482422,788694
2011-07-14,BHARATFORG,147.6151885986328,169.1999969482422,172.14999389648438,165.14999389648438,168.0500030517578,872232
2011-07-15,BHARATFORG,146.45925903320312,167.875,170.75,167.27499389648438,167.47500610351562,158872
2011-07-18,BHARATFORG,145.8921356201172,167.22500610351562,169.75,166.5500030517578,167.5,155044
2011-07-19,BHARATFORG,146.28472900390625,167.6750030517578,170.35000610351562,166.52499389648438,167.375,288218
2011-07-20,BHARATFORG,143.99461364746094,165.0500030517578,169.125,164.5500030517578,169.125,463278
2011-07-21,BHARATFORG,143.97283935546875,165.02499389648438,167.0,163.52499389648438,163.52499389648438,359142
2011-07-22,BHARATFORG,147.50611877441406,169.0749969482422,171.4499969482422,165.9250030517578,166.02499389648438,653502
2011-07-25,BHARATFORG,149.49093627929688,171.35000610351562,173.0,168.5500030517578,169.25,356844
2011-07-26,BHARATFORG,146.87364196777344,168.35000610351562,174.10000610351562,166.10000610351562,171.5,982488
2011-07-27,BHARATFORG,147.37527465820312,168.9250030517578,171.39999389648438,166.64999389648438,168.0,558716
2011-07-28,BHARATFORG,144.01641845703125,165.0749969482422,168.6999969482422,163.0,167.97500610351562,621734
2011-07-29,BHARATFORG,144.03822326660156,165.10000610351562,167.0,160.625,160.625,726962
2011-08-01,BHARATFORG,137.5167694091797,157.625,165.75,150.77499389648438,165.75,1615014
2011-08-02,BHARATFORG,129.90487670898438,148.89999389648438,158.0,147.75,158.0,1619914
2011-08-03,BHARATFORG,132.56570434570312,151.9499969482422,153.85000610351562,145.10000610351562,147.97500610351562,2140180
2011-08-04,BHARATFORG,130.0724334716797,147.375,152.0,145.5,152.0,1212958
2011-08-05,BHARATFORG,122.3497314453125,138.625,144.9499969482422,137.125,144.0,2360460
2011-08-08,BHARATFORG,119.32682037353516,135.1999969482422,138.375,130.97500610351562,136.3000030517578,2775128
2011-08-09,BHARATFORG,119.01795959472656,134.85000610351562,139.1999969482422,131.25,131.25,2235834
2011-08-10,BHARATFORG,125.61528015136719,142.3249969482422,145.35000610351562,136.9250030517578,138.3249969482422,2759464
2011-08-11,BHARATFORG,128.72650146484375,145.85000610351562,146.72500610351562,141.3249969482422,141.5,1275186
2011-08-12,BHARATFORG,128.8809356689453,146.02499389648438,148.97500610351562,143.35000610351562,146.3249969482422,1132768
2011-08-16,BHARATFORG,124.2252426147461,140.75,148.0,137.5500030517578,147.0,800226
2011-08-17,BHARATFORG,124.79889678955078,141.39999389648438,144.4250030517578,136.10000610351562,142.89999389648438,622502
2011-08-18,BHARATFORG,122.94546508789062,139.3000030517578,144.0,137.25,144.0,754564
2011-08-19,BHARATFORG,122.68070220947266,139.0,140.375,134.0,134.0,544460
2011-08-22,BHARATFORG,123.21028900146484,139.60000610351562,141.875,137.5749969482422,139.9499969482422,281650
2011-08-23,BHARATFORG,124.35762023925781,140.89999389648438,141.4250030517578,128.39999389648438,139.47500610351562,231866
2011-08-24,BHARATFORG,121.35678100585938,137.5,142.47500610351562,136.60000610351562,139.10000610351562,265938
2011-08-25,BHARATFORG,120.40802001953125,136.4250030517578,139.9250030517578,133.75,139.9250030517578,901510
2011-08-26,BHARATFORG,116.1936264038086,131.64999389648438,137.4499969482422,129.3000030517578,137.22500610351562,776802
2011-08-29,BHARATFORG,119.94465637207031,135.89999389648438,136.5,132.25,132.5500030517578,179308
2011-08-30,BHARATFORG,122.65863800048828,138.97500610351562,139.85000610351562,135.25,137.5,313170
2011-09-02,BHARATFORG,125.85806274414062,142.60000610351562,143.6750030517578,137.625,139.02499389648438,307900
2011-09-05,BHARATFORG,127.5349349975586,144.5,144.9499969482422,140.02499389648438,142.0,206776
2011-09-06,BHARATFORG,129.0795440673828,146.25,147.0500030517578,140.25,144.9499969482422,572862
2011-09-07,BHARATFORG,130.95506286621094,148.375,149.52499389648438,144.14999389648438,144.97500610351562,521978
2011-09-08,BHARATFORG,128.9691925048828,146.125,149.875,145.3000030517578,147.52499389648438,370446
2011-09-09,BHARATFORG,127.97628021240234,145.0,147.875,143.0749969482422,146.25,528632
2011-09-12,BHARATFORG,124.88719177246094,141.5,144.0,138.5,144.0,548516
2011-09-13,BHARATFORG,122.21733093261719,138.47500610351562,144.9250030517578,137.14999389648438,140.6750030517578,211576
2011-09-14,BHARATFORG,122.96754455566406,139.3249969482422,139.75,135.0,136.5,692242
2011-09-15,BHARATFORG,122.7909927368164,139.125,141.875,137.0500030517578,141.875,328378
2011-09-16,BHARATFORG,126.18900299072266,142.97500610351562,144.97500610351562,137.8000030517578,141.5,1120212
2011-09-19,BHARATFORG,128.108642578125,145.14999389648438,145.97500610351562,140.5,141.5,430946
2011-09-20,BHARATFORG,129.01329040527344,146.1750030517578,146.8249969482422,133.875,145.0500030517578,591690
2011-09-21,BHARATFORG,128.1748504638672,145.22500610351562,147.10000610351562,143.0,145.0,593120
2011-09-22,BHARATFORG,122.39385223388672,138.6750030517578,145.0,136.5749969482422,145.0,590488
2011-09-23,BHARATFORG,120.09907531738281,136.0749969482422,139.02499389648438,134.5500030517578,139.0,451628
2011-09-26,BHARATFORG,121.02581787109375,137.125,148.85000610351562,133.6999969482422,137.4499969482422,544172
2011-09-27,BHARATFORG,120.80518341064453,136.875,139.85000610351562,135.625,137.52499389648438,459792
2011-09-28,BHARATFORG,118.88554382324219,134.6999969482422,137.72500610351562,134.0749969482422,137.5,661672
2011-09-29,BHARATFORG,120.40802001953125,136.4250030517578,137.3000030517578,133.5,134.625,555026
2011-09-30,BHARATFORG,118.33390808105469,134.0749969482422,137.75,133.25,137.75,510466
2011-10-03,BHARATFORG,114.71530151367188,129.97500610351562,132.4499969482422,128.5,130.14999389648438,409684
2011-10-04,BHARATFORG,113.7223892211914,128.85000610351562,130.5500030517578,126.5250015258789,129.47500610351562,342886
2011-10-05,BHARATFORG,112.04544830322266,126.94999694824219,131.5,126.19999694824219,129.0749969482422,290986
2011-10-07,BHARATFORG,112.79562377929688,127.80000305175781,132.0,125.6500015258789,128.5,220686
2011-10-10,BHARATFORG,117.56160736083984,133.1999969482422,135.89999389648438,127.5250015258789,127.625,345008
2011-10-11,BHARATFORG,120.12117767333984,136.10000610351562,136.97500610351562,127.625,132.10000610351562,340094
2011-10-12,BHARATFORG,125.74768829345703,142.47500610351562,143.39999389648438,135.1750030517578,136.5,555880
2011-10-13,BHARATFORG,124.86510467529297,141.47500610351562,143.5,140.0749969482422,142.4499969482422,192686
2011-10-14,BHARATFORG,127.75562286376953,144.75,145.4250030517578,139.25,140.02499389648438,269872
2011-10-17,BHARATFORG,125.41671752929688,142.10000610351562,147.47500610351562,141.75,145.5,478130
2011-10-18,BHARATFORG,124.2252426147461,140.75,141.9499969482422,138.0,140.0,170966
2011-10-19,BHARATFORG,127.38050079345703,144.3249969482422,145.0,139.60000610351562,144.9499969482422,244632
2011-10-20,BHARATFORG,126.63034057617188,143.47500610351562,144.39999389648438,141.64999389648438,144.0,249568
2011-10-21,BHARATFORG,125.81394958496094,142.5500030517578,144.8000030517578,142.0500030517578,143.47500610351562,96320
2011-10-24,BHARATFORG,125.37265014648438,142.0500030517578,144.6999969482422,142.0,142.5,148854
2011-10-25,BHARATFORG,122.59244537353516,138.89999389648438,144.27499389648438,137.52499389648438,142.02499389648438,918030
2011-10-28,BHARATFORG,132.9408721923828,150.625,152.5,141.8000030517578,141.8000030517578,946368
2011-10-31,BHARATFORG,132.08030700683594,149.64999389648438,154.8249969482422,148.8000030517578,152.0,458590
2011-11-01,BHARATFORG,128.218994140625,145.27499389648438,149.22500610351562,144.0749969482422,148.75,204928
2011-11-02,BHARATFORG,129.12362670898438,146.3000030517578,148.4499969482422,141.75,145.27499389648438,293038
2011-11-03,BHARATFORG,128.46168518066406,145.5500030517578,147.47500610351562,144.10000610351562,146.3000030517578,321084
2011-11-04,BHARATFORG,130.97706604003906,148.39999389648438,151.0,146.0,147.0,1062398
2011-11-08,BHARATFORG,128.1307373046875,145.1750030517578,149.75,144.02499389648438,148.5,560724
2011-11-09,BHARATFORG,124.95333099365234,141.5749969482422,147.35000610351562,140.4499969482422,145.75,2011208
2011-11-11,BHARATFORG,125.08576202392578,141.72500610351562,143.4499969482422,140.0,142.75,501218
2011-11-14,BHARATFORG,121.64364624023438,137.8249969482422,143.875,137.25,142.5,358896
2011-11-15,BHARATFORG,120.69486236572266,136.75,138.6750030517578,134.0500030517578,137.4250030517578,467174
2011-11-16,BHARATFORG,121.59951782226562,137.77499389648438,138.6999969482422,131.3000030517578,136.5749969482422,465170
2011-11-17,BHARATFORG,121.7981185913086,138.0,138.75,135.52499389648438,137.47500610351562,479346
2011-11-18,BHARATFORG,122.12906646728516,138.375,139.125,134.3249969482422,136.5,209746
2011-11-21,BHARATFORG,119.06205749511719,134.89999389648438,138.0,132.6999969482422,138.0,528098
2011-11-22,BHARATFORG,118.86347961425781,134.6750030517578,136.9250030517578,133.02499389648438,134.8000030517578,128622
2011-11-23,BHARATFORG,114.47257995605469,129.6999969482422,144.5,128.6999969482422,144.5,335728
2011-11-24,BHARATFORG,118.5545654296875,134.3249969482422,136.0,127.30000305175781,130.27499389648438,498434
2011-11-25,BHARATFORG,117.29684448242188,132.89999389648438,136.1750030517578,132.0,133.5,244702
2011-11-28,BHARATFORG,117.64993286132812,133.3000030517578,136.25,130.3000030517578,130.3000030517578,894290
2011-11-29,BHARATFORG,116.61285400390625,132.125,135.47500610351562,130.6750030517578,133.60000610351562,610868
2011-11-30,BHARATFORG,114.47257995605469,129.6999969482422,133.27499389648438,128.5749969482422,132.02499389648438,339682
2011-12-01,BHARATFORG,115.26689910888672,130.60000610351562,134.1750030517578,128.5500030517578,131.14999389648438,568064
2011-12-02,BHARATFORG,119.12826538085938,134.97500610351562,135.6999969482422,128.60000610351562,130.625,287308
2011-12-05,BHARATFORG,119.26063537597656,135.125,136.52499389648438,130.97500610351562,131.0,271628
2011-12-07,BHARATFORG,118.48838806152344,134.25,137.02499389648438,133.1999969482422,135.125,139676
2011-12-08,BHARATFORG,118.02501678466797,133.72500610351562,135.0,130.60000610351562,134.25,4489676
2011-12-09,BHARATFORG,116.17155456542969,131.625,133.52499389648438,129.5500030517578,131.5,443954
2011-12-12,BHARATFORG,112.57499694824219,127.55000305175781,132.125,126.67500305175781,131.8249969482422,319836
2011-12-13,BHARATFORG,111.91304016113281,126.80000305175781,128.625,125.5,127.55000305175781,749072
2011-12-14,BHARATFORG,112.11162567138672,127.0250015258789,129.85000610351562,126.17500305175781,127.0,496622
2011-12-15,BHARATFORG,111.9571762084961,126.8499984741211,127.625,122.75,126.0,1203466
2011-12-16,BHARATFORG,110.78772735595703,125.5250015258789,129.22500610351562,124.0250015258789,127.0,532476
2011-12-19,BHARATFORG,108.47090911865234,122.9000015258789,126.80000305175781,120.80000305175781,125.0250015258789,687610
2011-12-20,BHARATFORG,104.7419662475586,118.67500305175781,122.94999694824219,115.0999984741211,122.0,892448
2011-12-21,BHARATFORG,111.4055404663086,126.2249984741211,127.7750015258789,118.80000305175781,122.4749984741211,494736
2011-12-22,BHARATFORG,112.57499694824219,127.55000305175781,128.125,122.94999694824219,124.94999694824219,283166
2011-12-23,BHARATFORG,111.42760467529297,126.25,129.5,125.75,128.0,379398
2011-12-26,BHARATFORG,113.85475158691406,129.0,129.89999389648438,125.0999984741211,125.75,191984
2011-12-27,BHARATFORG,112.28813934326172,127.2249984741211,131.3000030517578,126.75,130.0,248352
2011-12-28,BHARATFORG,110.41263580322266,125.0999984741211,132.1750030517578,124.125,129.8000030517578,563902
2011-12-29,BHARATFORG,109.28730773925781,123.82499694824219,126.4000015258789,121.0250015258789,124.67500305175781,972668
2011-12-30,BHARATFORG,111.2510986328125,126.05000305175781,127.125,122.0250015258789,126.0,420706
2012-01-02,BHARATFORG,110.67739868164062,125.4000015258789,126.5,122.80000305175781,126.0250015258789,136888
2012-01-03,BHARATFORG,117.29684448242188,132.89999389648438,134.0,126.19999694824219,126.4749984741211,299274
2012-01-04,BHARATFORG,115.35516357421875,130.6999969482422,133.25,128.5,133.25,477464
2012-01-05,BHARATFORG,114.42843627929688,129.64999389648438,131.3249969482422,128.60000610351562,130.10000610351562,211252
2012-01-06,BHARATFORG,114.49461364746094,129.72500610351562,131.14999389648438,127.57499694824219,129.27499389648438,192088
2012-01-09,BHARATFORG,116.7673110961914,132.3000030517578,133.0,128.72500610351562,129.5,186238
2012-01-10,BHARATFORG,122.57040405273438,138.875,139.9499969482422,132.4250030517578,132.4250030517578,584852
2012-01-11,BHARATFORG,123.49708557128906,139.9250030517578,141.97500610351562,138.0,139.8249969482422,415858
2012-01-12,BHARATFORG,122.48210906982422,138.77499389648438,141.4250030517578,137.64999389648438,138.60000610351562,314318
2012-01-13,BHARATFORG,125.70357513427734,142.4250030517578,144.75,139.3000030517578,140.6999969482422,548156
2012-01-16,BHARATFORG,126.7626953125,143.625,144.72500610351562,139.5,142.5,505996
2012-01-17,BHARATFORG,126.56404876708984,143.39999389648438,145.875,143.02499389648438,145.0,470760
2012-01-18,BHARATFORG,122.8792724609375,139.22500610351562,144.75,138.0749969482422,143.02499389648438,348250
2012-01-19,BHARATFORG,121.95256042480469,138.1750030517578,142.4499969482422,137.5500030517578,139.75,316090
2012-01-20,BHARATFORG,124.97547149658203,141.60000610351562,142.5500030517578,138.1999969482422,138.5,351322
2012-01-23,BHARATFORG,121.55536651611328,137.72500610351562,142.85000610351562,136.75,141.0749969482422,539924
2012-01-24,BHARATFORG,126.10072326660156,142.875,144.0500030517578,136.27499389648438,138.10000610351562,815488
2012-01-25,BHARATFORG,124.84304809570312,141.4499969482422,145.0,139.64999389648438,145.0,776802
2012-01-27,BHARATFORG,127.64530181884766,144.625,145.35000610351562,139.22500610351562,141.97500610351562,1370626
2012-01-30,BHARATFORG,125.08576202392578,141.72500610351562,144.1999969482422,141.0,143.5,576378
2012-01-31,BHARATFORG,128.46168518066406,145.5500030517578,147.0,141.72500610351562,142.5,1121002
2012-02-01,BHARATFORG,128.8588409423828,146.0,147.47500610351562,143.3249969482422,144.0,421862
2012-02-02,BHARATFORG,130.09449768066406,147.39999389648438,149.5,145.0749969482422,147.39999389648438,1053372
2012-02-03,BHARATFORG,134.57366943359375,152.47500610351562,153.4499969482422,145.35000610351562,147.39999389648438,1248454
2012-02-06,BHARATFORG,135.1915283203125,153.1750030517578,156.75,152.1999969482422,154.72500610351562,749096
2012-02-07,BHARATFORG,134.066162109375,151.89999389648438,157.39999389648438,151.27499389648438,156.5,1267580
2012-02-08,BHARATFORG,135.83135986328125,153.89999389648438,157.0,152.27499389648438,152.60000610351562,2823670
2012-02-09,BHARATFORG,137.5965118408203,155.89999389648438,156.5,152.8000030517578,153.5,545832
2012-02-10,BHARATFORG,134.55160522460938,152.4499969482422,158.3249969482422,151.0749969482422,155.89999389648438,806750
2012-02-13,BHARATFORG,134.55160522460938,152.4499969482422,154.5,151.6750030517578,152.5,598242
2012-02-14,BHARATFORG,137.4200439453125,155.6999969482422,171.0,152.5,159.0,1196188
2012-02-15,BHARATFORG,137.50827026367188,155.8000030517578,159.625,153.9499969482422,157.5,1561356
2012-02-16,BHARATFORG,141.5902862548828,160.4250030517578,161.75,152.97500610351562,156.52499389648438,681242
2012-02-17,BHARATFORG,140.99453735351562,159.75,174.6999969482422,158.77499389648438,164.9499969482422,1205862
2012-02-21,BHARATFORG,140.37672424316406,159.0500030517578,163.75,158.0500030517578,160.0,947448
2012-02-22,BHARATFORG,132.4774932861328,150.10000610351562,160.75,147.4250030517578,157.6999969482422,723634
2012-02-23,BHARATFORG,134.7501678466797,152.6750030517578,153.85000610351562,145.64999389648438,149.9499969482422,964518
2012-02-24,BHARATFORG,131.15362548828125,148.60000610351562,153.5,145.8000030517578,152.6999969482422,946578
2012-02-27,BHARATFORG,128.8588409423828,146.0,151.39999389648438,143.10000610351562,151.39999389648438,690920
2012-02-28,BHARATFORG,137.861328125,156.1999969482422,157.1750030517578,146.0,146.0,621538
2012-02-29,BHARATFORG,136.09616088867188,154.1999969482422,158.72500610351562,153.0,156.0,529870
2012-03-01,BHARATFORG,135.34600830078125,153.35000610351562,157.39999389648438,151.35000610351562,154.25,469836
2012-03-02,BHARATFORG,133.66897583007812,151.4499969482422,158.5,149.89999389648438,155.89999389648438,1137510
2012-03-05,BHARATFORG,134.0,151.8249969482422,154.72500610351562,151.5,153.02499389648438,620082
2012-03-06,BHARATFORG,135.34600830078125,153.35000610351562,157.1999969482422,150.1999969482422,151.72500610351562,1554688
2012-03-07,BHARATFORG,135.23509216308594,152.47500610351562,155.5,151.27499389648438,155.5,616968
2012-03-09,BHARATFORG,137.38589477539062,154.89999389648438,156.39999389648438,153.5,153.5,727564
2012-03-12,BHARATFORG,145.36825561523438,163.89999389648438,165.4499969482422,155.625,157.47500610351562,2280002
2012-03-13,BHARATFORG,141.6875457763672,159.75,166.47500610351562,158.85000610351562,166.375,2047204
2012-03-14,BHARATFORG,143.6387176513672,161.9499969482422,164.4499969482422,161.10000610351562,161.64999389648438,1424378
2012-03-15,BHARATFORG,143.15093994140625,161.39999389648438,166.8000030517578,160.75,162.60000610351562,1916374
2012-03-16,BHARATFORG,146.69863891601562,165.39999389648438,168.4250030517578,160.52499389648438,162.9250030517578,2638390
2012-03-19,BHARATFORG,143.50570678710938,161.8000030517578,167.72500610351562,160.4499969482422,165.89999389648438,672224
2012-03-20,BHARATFORG,144.76962280273438,163.22500610351562,165.875,161.5,162.97500610351562,747868
2012-03-21,BHARATFORG,145.59002685546875,164.14999389648438,165.75,162.0,163.22500610351562,1464338
2012-03-22,BHARATFORG,141.13316345214844,159.125,165.5,158.0500030517578,164.5,705660
2012-03-23,BHARATFORG,137.94021606445312,155.52499389648438,162.4499969482422,154.5749969482422,159.0,953704
2012-03-26,BHARATFORG,136.1219940185547,153.47500610351562,157.89999389648438,152.60000610351562,155.8000030517578,1149956
2012-03-27,BHARATFORG,133.41683959960938,150.4250030517578,157.10000610351562,149.0,155.6999969482422,643056
2012-03-28,BHARATFORG,131.8425750732422,148.64999389648438,152.5,147.5,149.5,535592
2012-03-29,BHARATFORG,136.6320037841797,154.0500030517578,156.1999969482422,146.1999969482422,147.125,1602344
2012-03-30,BHARATFORG,141.93141174316406,160.02499389648438,161.5,154.0,156.1750030517578,1409702
2012-04-02,BHARATFORG,139.58102416992188,157.375,161.5,156.6999969482422,159.60000610351562,325408
2012-04-03,BHARATFORG,137.09765625,154.5749969482422,159.35000610351562,153.9250030517578,159.35000610351562,361724
2012-04-04,BHARATFORG,139.47012329101562,157.25,157.9499969482422,152.5,154.25,441408
2012-04-09,BHARATFORG,138.960205078125,156.6750030517578,157.75,155.0,157.5,244668
2012-04-10,BHARATFORG,139.71409606933594,157.52499389648438,159.9499969482422,156.0500030517578,157.25,316516
2012-04-11,BHARATFORG,140.40150451660156,158.3000030517578,158.75,155.6999969482422,157.4250030517578,411172
2012-04-12,BHARATFORG,140.5123291015625,158.4250030517578,160.5500030517578,157.25,158.5,405884
2012-04-13,BHARATFORG,137.34153747558594,154.85000610351562,159.75,154.0,158.75,307416
2012-04-16,BHARATFORG,137.43023681640625,154.9499969482422,157.4499969482422,153.0749969482422,153.10000610351562,553074
2012-04-17,BHARATFORG,143.3283233642578,161.60000610351562,162.125,154.52499389648438,155.9250030517578,721728
2012-04-18,BHARATFORG,146.03347778320312,164.64999389648438,165.8000030517578,160.85000610351562,162.4499969482422,1212276
2012-04-19,BHARATFORG,143.30615234375,161.5749969482422,166.60000610351562,160.875,165.5,547422
2012-04-20,BHARATFORG,142.24183654785156,160.375,163.47500610351562,158.5,160.0,412756
2012-04-23,BHARATFORG,141.310546875,159.3249969482422,162.9499969482422,158.5749969482422,161.0,266386
2012-04-24,BHARATFORG,138.93800354003906,156.64999389648438,159.72500610351562,155.27499389648438,158.77499389648438,1315506
2012-04-25,BHARATFORG,139.40365600585938,157.1750030517578,158.27499389648438,154.52499389648438,157.10000610351562,495558
2012-04-26,BHARATFORG,141.77622985839844,159.85000610351562,161.5,155.6999969482422,157.77499389648438,2685890
2012-04-27,BHARATFORG,139.89144897460938,157.72500610351562,159.5,154.8000030517578,159.5,569184
2012-04-30,BHARATFORG,141.9757537841797,160.0749969482422,161.5,157.0,159.22500610351562,486692
2012-05-02,BHARATFORG,145.01351928710938,163.5,166.0,160.125,160.125,739220
2012-05-03,BHARATFORG,143.15093994140625,161.39999389648438,164.875,160.77499389648438,164.0,447260
2012-05-04,BHARATFORG,141.9757537841797,160.0749969482422,165.6999969482422,159.14999389648438,159.14999389648438,1229412
2012-05-07,BHARATFORG,145.3461151123047,163.875,165.5,156.64999389648438,160.47500610351562,698830
2012-05-08,BHARATFORG,149.07119750976562,168.0749969482422,179.1999969482422,164.0,165.3000030517578,2109982
2012-05-09,BHARATFORG,148.73863220214844,167.6999969482422,171.97500610351562,164.14999389648438,168.0,1258006
2012-05-10,BHARATFORG,149.29295349121094,168.3249969482422,171.77499389648438,164.14999389648438,166.0,684198
2012-05-11,BHARATFORG,143.72743225097656,162.0500030517578,169.0,160.0,167.64999389648438,767472
2012-05-14,BHARATFORG,143.19525146484375,161.4499969482422,163.0,156.75,161.5,596784
2012-05-15,BHARATFORG,141.90928649902344,160.0,162.8000030517578,159.3000030517578,159.3249969482422,411094
2012-05-16,BHARATFORG,140.13534545898438,158.0,160.0,155.85000610351562,160.0,311326
2012-05-17,BHARATFORG,137.0532989501953,154.52499389648438,160.0,151.3249969482422,159.0,503744
2012-05-18,BHARATFORG,137.6075897216797,155.14999389648438,156.875,150.5,152.5,1148648
2012-05-21,BHARATFORG,136.9424285888672,154.39999389648438,157.89999389648438,153.4250030517578,155.02499389648438,521100
2012-05-22,BHARATFORG,136.7871856689453,154.22500610351562,156.85000610351562,153.02499389648438,156.14999389648438,241048
2012-05-23,BHARATFORG,138.67193603515625,156.35000610351562,157.75,152.25,153.375,916550
2012-05-24,BHARATFORG,136.36590576171875,153.75,156.35000610351562,152.5749969482422,156.35000610351562,583632
2012-05-25,BHARATFORG,137.3636932373047,154.875,155.9499969482422,153.0,153.0,224760
2012-05-28,BHARATFORG,141.13316345214844,159.125,161.0,153.5749969482422,155.0,1636716
2012-05-29,BHARATFORG,140.17974853515625,158.0500030517578,160.9499969482422,155.10000610351562,155.10000610351562,520532
2012-05-30,BHARATFORG,139.89144897460938,157.72500610351562,159.89999389648438,156.125,157.97500610351562,410104
2012-05-31,BHARATFORG,138.58319091796875,156.25,158.27499389648438,155.52499389648438,158.25,875748
2012-06-01,BHARATFORG,134.12643432617188,151.22500610351562,157.75,149.1999969482422,156.875,212280
2012-06-04,BHARATFORG,133.17298889160156,150.14999389648438,150.97500610351562,146.3249969482422,149.47500610351562,337840
2012-06-05,BHARATFORG,134.52552795410156,151.6750030517578,153.9250030517578,147.6999969482422,150.0,277570
2012-06-06,BHARATFORG,138.0732421875,155.6750030517578,156.22500610351562,151.5749969482422,153.02499389648438,573754
2012-06-07,BHARATFORG,136.03330993652344,153.375,157.625,152.625,157.4250030517578,1009350
2012-06-08,BHARATFORG,136.6541748046875,154.0749969482422,155.6999969482422,152.0500030517578,152.5,683166
2012-06-11,BHARATFORG,135.8780975341797,153.1999969482422,156.89999389648438,152.3000030517578,156.0,371798
2012-06-12,BHARATFORG,138.2949981689453,155.9250030517578,156.75,147.97500610351562,152.3249969482422,522362
2012-06-13,BHARATFORG,136.54331970214844,153.9499969482422,155.9499969482422,153.39999389648438,155.625,798902
2012-06-14,BHARATFORG,135.5676727294922,152.85000610351562,154.89999389648438,150.77499389648438,154.89999389648438,253214
2012-06-15,BHARATFORG,137.03109741210938,154.5,156.4499969482422,150.5749969482422,153.0,884228
2012-06-18,BHARATFORG,135.1020050048828,152.3249969482422,157.35000610351562,150.8000030517578,156.5,885072
2012-06-19,BHARATFORG,133.3281707763672,150.3249969482422,153.1999969482422,149.77499389648438,151.3000030517578,257230
2012-06-20,BHARATFORG,135.05767822265625,152.27499389648438,154.25,150.25,150.5,1470706
2012-06-21,BHARATFORG,134.81378173828125,152.0,152.47500610351562,150.125,150.89999389648438,657706
2012-06-22,BHARATFORG,131.1551513671875,147.875,151.4250030517578,147.14999389648438,151.4250030517578,614460
2012-06-25,BHARATFORG,130.0908966064453,146.6750030517578,150.35000610351562,145.75,149.35000610351562,292208
2012-06-26,BHARATFORG,128.3391876220703,144.6999969482422,146.6750030517578,143.3249969482422,146.6750030517578,424290
2012-06-27,BHARATFORG,129.35914611816406,145.85000610351562,146.6999969482422,144.25,144.89999389648438,242176
2012-06-28,BHARATFORG,128.8935089111328,145.3249969482422,149.0749969482422,144.4250030517578,147.1750030517578,1085080
2012-06-29,BHARATFORG,133.0620880126953,150.02499389648438,150.625,145.52499389648438,145.52499389648438,750608
2012-07-02,BHARATFORG,132.92904663085938,149.875,151.4250030517578,148.97500610351562,151.4250030517578,520018
2012-07-03,BHARATFORG,136.4324493408203,153.8249969482422,154.4499969482422,150.5,150.60000610351562,1437122
2012-07-04,BHARATFORG,139.27064514160156,157.02499389648438,157.97500610351562,154.4499969482422,154.4499969482422,1628900
2012-07-05,BHARATFORG,141.288330078125,159.3000030517578,160.5500030517578,156.0,156.0,953024
2012-07-06,BHARATFORG,138.27279663085938,155.89999389648438,160.75,154.97500610351562,159.5,717064
2012-07-09,BHARATFORG,134.83595275878906,152.02499389648438,157.3000030517578,151.0,157.3000030517578,602196
2012-07-10,BHARATFORG,136.07765197753906,153.4250030517578,154.4250030517578,152.0749969482422,153.02499389648438,271968
2012-07-11,BHARATFORG,135.9002685546875,153.22500610351562,155.02499389648438,152.52499389648438,155.0,160840
2012-07-12,BHARATFORG,134.48118591308594,151.625,153.22500610351562,151.1999969482422,152.4499969482422,197714
2012-07-13,BHARATFORG,133.4390106201172,150.4499969482422,153.14999389648438,149.5749969482422,152.35000610351562,318340
2012-07-16,BHARATFORG,133.97119140625,151.0500030517578,151.97500610351562,149.0,151.97500610351562,212232
2012-07-17,BHARATFORG,131.4434356689453,148.1999969482422,152.5,147.3000030517578,152.47500610351562,387746
2012-07-18,BHARATFORG,133.5277099609375,150.5500030517578,150.8249969482422,146.75,148.52499389648438,433458
2012-07-19,BHARATFORG,132.43211364746094,148.0749969482422,153.39999389648438,147.3000030517578,151.0,507086
2012-07-20,BHARATFORG,132.67808532714844,148.35000610351562,149.52499389648438,147.0,148.125,404780
2012-07-23,BHARATFORG,131.1352996826172,146.625,148.52499389648438,146.0,148.0,341388
2012-07-24,BHARATFORG,133.34884643554688,149.10000610351562,149.72500610351562,145.25,146.9250030517578,245212
2012-07-25,BHARATFORG,132.34274291992188,147.97500610351562,148.9499969482422,146.875,148.47500610351562,143488
2012-07-26,BHARATFORG,128.5416717529297,143.72500610351562,148.6999969482422,141.5,148.0,1288256
2012-07-27,BHARATFORG,130.50927734375,145.9250030517578,146.72500610351562,144.02499389648438,144.47500610351562,294464
2012-07-30,BHARATFORG,131.5824737548828,147.125,148.35000610351562,145.14999389648438,148.35000610351562,388066
2012-07-31,BHARATFORG,134.26556396484375,150.125,150.75,147.0,149.02499389648438,241878
2012-08-01,BHARATFORG,135.31643676757812,151.3000030517578,153.10000610351562,150.5,150.5,274728
2012-08-02,BHARATFORG,133.95252990722656,149.77499389648438,151.9499969482422,149.0,150.8249969482422,483048
2012-08-03,BHARATFORG,131.1352996826172,146.625,148.77499389648438,146.3000030517578,147.6750030517578,338224
2012-08-06,BHARATFORG,134.2208251953125,150.0749969482422,150.5,147.25,147.5,483178
2012-08-07,BHARATFORG,139.96707153320312,156.5,156.85000610351562,150.14999389648438,151.4499969482422,550500
2012-08-08,BHARATFORG,138.91624450683594,155.3249969482422,159.0,154.75,157.97500610351562,575142
2012-08-09,BHARATFORG,139.09507751464844,155.52499389648438,157.125,154.3000030517578,155.3000030517578,392566
2012-08-10,BHARATFORG,139.51995849609375,156.0,157.5,154.75,156.02499389648438,412166
2012-08-13,BHARATFORG,136.0319366455078,152.10000610351562,156.1750030517578,150.5,156.14999389648438,607938
2012-08-14,BHARATFORG,135.5177001953125,151.52499389648438,152.875,149.5749969482422,150.85000610351562,280794
2012-08-16,BHARATFORG,133.99725341796875,149.8249969482422,152.5,149.1999969482422,152.5,170122
2012-08-17,BHARATFORG,132.49917602539062,148.14999389648438,152.125,147.5500030517578,150.5,237794
2012-08-21,BHARATFORG,131.4483184814453,146.97500610351562,148.47500610351562,145.75,148.1750030517578,429122
2012-08-22,BHARATFORG,129.65960693359375,144.97500610351562,148.5,144.5500030517578,147.0,461952
2012-08-23,BHARATFORG,128.51931762695312,143.6999969482422,146.9250030517578,143.0,146.9250030517578,412436
2012-08-24,BHARATFORG,126.99891662597656,142.0,143.97500610351562,141.0500030517578,142.52499389648438,420688
2012-08-27,BHARATFORG,124.8301010131836,139.5749969482422,142.5,139.0,142.3249969482422,286124
2012-08-28,BHARATFORG,123.86866760253906,138.5,140.25,134.5749969482422,140.02499389648438,439800
2012-08-29,BHARATFORG,126.35052490234375,141.27499389648438,142.47500610351562,139.1999969482422,140.4250030517578,665866
2012-08-30,BHARATFORG,127.06597900390625,142.0749969482422,142.97500610351562,138.5749969482422,141.625,419502
2012-08-31,BHARATFORG,124.74067687988281,139.47500610351562,142.0749969482422,138.375,142.0749969482422,399380
2012-09-03,BHARATFORG,125.07601928710938,139.85000610351562,140.9499969482422,138.72500610351562,139.0749969482422,406912
2012-09-04,BHARATFORG,123.44383239746094,138.02499389648438,140.9499969482422,137.27499389648438,140.0500030517578,451960
2012-09-05,BHARATFORG,122.79541015625,137.3000030517578,138.14999389648438,135.75,137.5,440990
2012-09-06,BHARATFORG,123.24263763427734,137.8000030517578,140.25,136.60000610351562,138.47500610351562,875982
2012-09-07,BHARATFORG,127.71440887451172,142.8000030517578,144.47500610351562,138.5500030517578,139.10000610351562,1604472
2012-09-10,BHARATFORG,131.8284149169922,147.39999389648438,150.4499969482422,147.02499389648438,148.0,744030
2012-09-11,BHARATFORG,130.57635498046875,146.0,148.6750030517578,145.5500030517578,147.0,379716
2012-09-12,BHARATFORG,131.4930419921875,147.02499389648438,149.89999389648438,146.25,147.375,1192670
2012-09-13,BHARATFORG,126.08219146728516,140.97500610351562,148.1999969482422,140.3000030517578,147.625,1344180
2012-09-14,BHARATFORG,129.01123046875,144.25,145.5,141.75,144.8249969482422,1471372
2012-09-17,BHARATFORG,128.42990112304688,143.60000610351562,145.0,141.0749969482422,144.6750030517578,663258
2012-09-18,BHARATFORG,133.72898864746094,149.52499389648438,150.0500030517578,143.625,143.75,790876
2012-09-20,BHARATFORG,131.2917938232422,146.8000030517578,148.4499969482422,145.85000610351562,147.375,210248
2012-09-21,BHARATFORG,135.5177001953125,151.52499389648438,153.5500030517578,146.875,146.875,982684
2012-09-24,BHARATFORG,136.05430603027344,152.125,154.9499969482422,150.0,151.5,861810
2012-09-25,BHARATFORG,135.31643676757812,151.3000030517578,154.0,150.5,152.25,441184
2012-09-26,BHARATFORG,134.01962280273438,149.85000610351562,152.375,145.125,150.02499389648438,1093478
2012-09-27,BHARATFORG,134.19847106933594,150.0500030517578,151.39999389648438,147.375,151.39999389648438,681944
2012-09-28,BHARATFORG,136.63560485839844,152.77499389648438,154.375,150.64999389648438,151.72500610351562,1108542
2012-10-01,BHARATFORG,138.42433166503906,154.77499389648438,155.72500610351562,153.0,153.22500610351562,662822
2012-10-03,BHARATFORG,138.44668579101562,154.8000030517578,155.8249969482422,152.625,154.8000030517578,899684
2012-10-04,BHARATFORG,138.96095275878906,155.375,157.4499969482422,154.14999389648438,154.5,995806
2012-10-05,BHARATFORG,138.46902465820312,154.8249969482422,157.375,153.4499969482422,156.47500610351562,331698
2012-10-08,BHARATFORG,134.8692626953125,150.8000030517578,155.0,149.3000030517578,154.47500610351562,436170
2012-10-09,BHARATFORG,136.7474365234375,152.89999389648438,153.97500610351562,151.125,151.3249969482422,333938
2012-10-10,BHARATFORG,135.13755798339844,151.10000610351562,153.3000030517578,150.0,152.85000610351562,288752
2012-10-11,BHARATFORG,134.17611694335938,150.02499389648438,152.35000610351562,147.5749969482422,151.5,791426
2012-10-12,BHARATFORG,132.45448303222656,148.10000610351562,151.85000610351562,147.75,150.0500030517578,839246
2012-10-15,BHARATFORG,132.14144897460938,147.75,148.75,146.72500610351562,147.5,818884
2012-10-16,BHARATFORG,134.8245391845703,150.75,153.375,147.5,147.72500610351562,731914
2012-10-17,BHARATFORG,136.4791259765625,152.60000610351562,153.25,149.1999969482422,151.52499389648438,783332
2012-10-18,BHARATFORG,137.14988708496094,153.35000610351562,154.3000030517578,152.3000030517578,153.85000610351562,497694
2012-10-19,BHARATFORG,136.38970947265625,152.5,154.5500030517578,151.77499389648438,153.9250030517578,739864
2012-10-22,BHARATFORG,134.95870971679688,150.89999389648438,152.4250030517578,149.02499389648438,151.6999969482422,733856
2012-10-23,BHARATFORG,133.4606170654297,149.22500610351562,151.85000610351562,148.64999389648438,151.0,395248
2012-10-25,BHARATFORG,132.96878051757812,148.6750030517578,150.6999969482422,146.5,149.4250030517578,1272234
2012-10-29,BHARATFORG,126.90946197509766,141.89999389648438,145.4250030517578,141.52499389648438,143.89999389648438,451910
2012-10-30,BHARATFORG,122.19172668457031,136.625,141.5,135.8000030517578,141.5,1316970
2012-10-31,BHARATFORG,121.4315185546875,135.77499389648438,137.3249969482422,131.72500610351562,137.0,1801624
2012-11-01,BHARATFORG,122.25880432128906,136.6999969482422,137.89999389648438,132.97500610351562,135.5,1105024
2012-11-02,BHARATFORG,120.7384262084961,135.0,138.39999389648438,134.5749969482422,137.60000610351562,864722
2012-11-05,BHARATFORG,118.92729949951172,132.97500610351562,135.5,132.5,135.02499389648438,550438
2012-11-06,BHARATFORG,119.50865936279297,133.625,134.14999389648438,130.1999969482422,133.02499389648438,835078
2012-11-07,BHARATFORG,119.03913116455078,133.10000610351562,134.9499969482422,132.75,133.85000610351562,591914
2012-11-08,BHARATFORG,117.25040435791016,131.10000610351562,132.60000610351562,130.9250030517578,132.5,1008862
2012-11-09,BHARATFORG,116.9597396850586,130.77499389648438,133.375,130.25,131.125,632258
2012-11-12,BHARATFORG,115.48405456542969,129.125,132.9250030517578,128.39999389648438,132.9250030517578,518234
2012-11-15,BHARATFORG,118.81553649902344,132.85000610351562,133.375,129.0,129.0,992966
2012-11-16,BHARATFORG,115.90885925292969,129.60000610351562,133.9250030517578,129.0,133.0,584088
2012-11-19,BHARATFORG,114.34373474121094,127.8499984741211,131.4499969482422,127.44999694824219,131.4499969482422,439426
2012-11-20,BHARATFORG,111.28054809570312,124.42500305175781,129.14999389648438,123.07499694824219,128.5,818778
2012-11-21,BHARATFORG,112.46559143066406,125.75,126.625,122.75,125.0,715714
2012-11-22,BHARATFORG,113.60589599609375,127.0250015258789,127.7249984741211,125.0,126.42500305175781,803000
2012-11-23,BHARATFORG,113.53881072998047,126.94999694824219,128.14999389648438,125.9749984741211,127.5,447544
2012-11-26,BHARATFORG,115.55113220214844,129.1999969482422,129.75,126.0,127.2249984741211,696576
2012-11-27,BHARATFORG,115.52874755859375,129.1750030517578,130.22500610351562,128.5,129.47500610351562,390656
2012-11-29,BHARATFORG,116.87030029296875,130.6750030517578,131.1750030517578,128.875,129.22500610351562,1297480
2012-11-30,BHARATFORG,118.70374298095703,132.72500610351562,134.10000610351562,131.02499389648438,131.75,971174
2012-12-03,BHARATFORG,119.24034881591797,133.3249969482422,133.97500610351562,131.8249969482422,132.89999389648438,604380
2012-12-04,BHARATFORG,120.00055694580078,134.1750030517578,135.47500610351562,133.25,133.5500030517578,653928
2012-12-05,BHARATFORG,119.73223114013672,133.875,135.0500030517578,133.10000610351562,134.97500610351562,476794
2012-12-06,BHARATFORG,117.74229431152344,131.64999389648438,134.375,130.27499389648438,134.22500610351562,773876
2012-12-07,BHARATFORG,116.55724334716797,130.3249969482422,132.5,130.0500030517578,131.75,517376
2012-12-10,BHARATFORG,114.61202239990234,128.14999389648438,131.9250030517578,127.25,130.14999389648438,935682
2012-12-11,BHARATFORG,113.53881072998047,126.94999694824219,129.22500610351562,125.07499694824219,128.25,814930
2012-12-12,BHARATFORG,119.46393585205078,133.5749969482422,134.22500610351562,127.30000305175781,127.9749984741211,1985422
2012-12-13,BHARATFORG,117.27275085449219,131.125,134.75,130.5,134.125,1460748
2012-12-14,BHARATFORG,119.9781723022461,134.14999389648438,139.5,130.52499389648438,139.5,1032202
2012-12-17,BHARATFORG,118.1671142578125,132.125,134.64999389648438,131.60000610351562,134.64999389648438,453878
2012-12-18,BHARATFORG,119.24034881591797,133.3249969482422,134.4499969482422,131.0500030517578,132.97500610351562,815728
2012-12-19,BHARATFORG,118.50250244140625,132.5,136.1750030517578,131.6750030517578,133.4250030517578,1623712
2012-12-20,BHARATFORG,115.77469635009766,129.4499969482422,134.25,128.85000610351562,132.5500030517578,1444966
2012-12-21,BHARATFORG,114.925048828125,128.5,129.97500610351562,127.5250015258789,129.25,665498
2012-12-24,BHARATFORG,113.49408721923828,126.9000015258789,129.64999389648438,126.44999694824219,128.52499389648438,458454
2012-12-26,BHARATFORG,112.71154022216797,126.0250015258789,128.75,125.55000305175781,128.75,1245732
2012-12-27,BHARATFORG,114.23194122314453,127.7249984741211,128.75,126.4000015258789,127.5,1264080
2012-12-28,BHARATFORG,112.97984313964844,126.32499694824219,128.5,125.875,128.0,857996
2012-12-31,BHARATFORG,112.68917846679688,126.0,127.5,125.5250015258789,127.5,893662
2013-01-01,BHARATFORG,114.88035583496094,128.4499969482422,129.5,126.0,126.0,501980
2013-01-02,BHARATFORG,117.96588134765625,131.89999389648438,132.1999969482422,128.27499389648438,129.0,1464198
2013-01-03,BHARATFORG,118.39068603515625,132.375,132.6750030517578,130.5,132.0,1289980
2013-01-04,BHARATFORG,117.40692138671875,131.27499389648438,133.25,130.5749969482422,132.22500610351562,1438680
2013-01-07,BHARATFORG,117.33981323242188,131.1999969482422,133.89999389648438,130.8249969482422,132.85000610351562,1114968
2013-01-08,BHARATFORG,116.69142150878906,130.47500610351562,132.0,129.35000610351562,131.97500610351562,778362
2013-01-09,BHARATFORG,114.94741821289062,128.52499389648438,131.25,128.0500030517578,130.75,703648
2013-01-10,BHARATFORG,113.33757019042969,126.7249984741211,129.3249969482422,126.3499984741211,128.6999969482422,664680
2013-01-11,BHARATFORG,112.1525650024414,125.4000015258789,128.0,125.05000305175781,127.44999694824219,745774
2013-01-14,BHARATFORG,114.05307006835938,127.5250015258789,127.875,125.0,126.0,770094
2013-01-15,BHARATFORG,114.65674591064453,128.1999969482422,129.25,126.94999694824219,127.55000305175781,605158
2013-01-16,BHARATFORG,112.46559143066406,125.75,132.0,125.25,132.0,504958
2013-01-17,BHARATFORG,112.26435089111328,125.5250015258789,126.6500015258789,125.1500015258789,125.92500305175781,424828
2013-01-18,BHARATFORG,111.45943450927734,124.625,126.1500015258789,124.05000305175781,126.125,725842
2013-01-21,BHARATFORG,110.34146881103516,123.375,125.7249984741211,122.8499984741211,125.17500305175781,643692
2013-01-22,BHARATFORG,110.11791229248047,123.125,123.875,121.67500305175781,122.5,720284
2013-01-23,BHARATFORG,108.15029907226562,120.92500305175781,123.82499694824219,120.0,123.80000305175781,890498
2013-01-24,BHARATFORG,103.92445373535156,116.19999694824219,120.92500305175781,115.625,120.92500305175781,1265296
2013-01-25,BHARATFORG,104.39400482177734,116.7249984741211,117.44999694824219,113.5,116.2249984741211,1601948
2013-01-28,BHARATFORG,103.99153137207031,116.2750015258789,118.0250015258789,115.5999984741211,117.5,442554
2013-01-29,BHARATFORG,104.66230010986328,117.0250015258789,118.94999694824219,115.75,116.75,577528
2013-01-30,BHARATFORG,104.41635131835938,116.75,118.3499984741211,116.2249984741211,117.2750015258789,664768
2013-01-31,BHARATFORG,102.73943328857422,114.875,117.1500015258789,114.5,116.92500305175781,1193902
2013-02-01,BHARATFORG,102.76176452636719,114.9000015258789,116.5,114.5250015258789,115.0,489738
2013-02-04,BHARATFORG,99.94454193115234,111.75,115.9000015258789,110.75,115.5,1118812
2013-02-05,BHARATFORG,98.98313903808594,110.67500305175781,111.9000015258789,108.2750015258789,111.30000305175781,1061994
2013-02-06,BHARATFORG,100.10110473632812,111.92500305175781,112.7750015258789,110.30000305175781,111.67500305175781,783680
2013-02-07,BHARATFORG,101.10723876953125,113.05000305175781,114.0250015258789,112.05000305175781,112.9749984741211,642714
2013-02-08,BHARATFORG,97.82044982910156,109.375,113.5999984741211,108.6500015258789,113.5999984741211,522022
2013-02-11,BHARATFORG,100.19053649902344,112.0250015258789,113.2249984741211,104.125,108.4749984741211,2173966
2013-02-12,BHARATFORG,97.26148986816406,108.75,112.17500305175781,108.0999984741211,111.9749984741211,772140
2013-02-13,BHARATFORG,98.17820739746094,109.7750015258789,111.94999694824219,109.0250015258789,109.92500305175781,548116
2013-02-14,BHARATFORG,97.48507690429688,109.0,109.9749984741211,107.625,109.5999984741211,443032
2013-02-15,BHARATFORG,100.92835235595703,112.8499984741211,113.44999694824219,108.0,109.0250015258789,739968
2013-02-18,BHARATFORG,100.19053649902344,112.0250015258789,113.44999694824219,110.30000305175781,113.44999694824219,449016
2013-02-19,BHARATFORG,102.38168334960938,114.4749984741211,114.9000015258789,111.4000015258789,111.9000015258789,616954
2013-02-20,BHARATFORG,101.64384460449219,113.6500015258789,116.125,113.125,114.44999694824219,475644
2013-02-21,BHARATFORG,99.20673370361328,110.92500305175781,113.42500305175781,110.2750015258789,113.42500305175781,223440
2013-02-22,BHARATFORG,97.59687042236328,109.125,111.5,108.7750015258789,110.82499694824219,315508
2013-02-25,BHARATFORG,97.55216217041016,109.07499694824219,110.5,107.67500305175781,109.2750015258789,305542
2013-02-26,BHARATFORG,95.56221771240234,106.8499984741211,108.875,106.0,108.5,363970
2013-02-27,BHARATFORG,97.84283447265625,109.4000015258789,110.2249984741211,105.5999984741211,108.30000305175781,416580
2013-02-28,BHARATFORG,95.67399597167969,106.9749984741211,110.69999694824219,105.25,110.0250015258789,821194
2013-03-01,BHARATFORG,96.56835174560547,107.9749984741211,108.92500305175781,105.7750015258789,106.94999694824219,222736
2013-03-04,BHARATFORG,98.17820739746094,109.7750015258789,110.19999694824219,105.57499694824219,107.9749984741211,447226
2013-03-05,BHARATFORG,100.32466125488281,112.17500305175781,112.82499694824219,110.05000305175781,110.07499694824219,412500
2013-03-06,BHARATFORG,98.53594970703125,110.17500305175781,113.6500015258789,110.0,112.9749984741211,260546
2013-03-07,BHARATFORG,106.03788757324219,118.0250015258789,119.25,108.69999694824219,110.4000015258789,1356534
2013-03-08,BHARATFORG,105.16189575195312,117.05000305175781,119.5,115.4000015258789,118.94999694824219,551956
2013-03-11,BHARATFORG,104.19610595703125,115.9749984741211,117.05000305175781,114.5,117.05000305175781,341502
2013-03-12,BHARATFORG,101.97246551513672,113.5,116.5,112.57499694824219,116.5,448416
2013-03-13,BHARATFORG,99.50178527832031,110.75,113.0,109.875,113.0,347046
2013-03-14,BHARATFORG,102.01739501953125,113.55000305175781,114.19999694824219,109.75,110.5999984741211,323976
2013-03-15,BHARATFORG,99.68145751953125,110.94999694824219,114.8499984741211,110.125,113.55000305175781,332982
2013-03-18,BHARATFORG,98.98516845703125,110.17500305175781,111.5,108.1500015258789,109.42500305175781,171198
2013-03-19,BHARATFORG,97.72738647460938,108.7750015258789,110.8499984741211,107.75,110.5,380532
2013-03-20,BHARATFORG,96.58187866210938,107.5,109.625,106.75,108.5250015258789,297778
2013-03-21,BHARATFORG,94.24591827392578,104.9000015258789,108.875,103.0999984741211,107.8499984741211,394710
2013-03-22,BHARATFORG,91.73027801513672,102.0999984741211,104.19999694824219,100.07499694824219,103.5999984741211,452700
2013-03-25,BHARATFORG,90.27033996582031,100.4749984741211,104.5,100.0,104.5,841710
2013-03-26,BHARATFORG,90.33773040771484,100.55000305175781,102.5,98.4749984741211,100.19999694824219,584916
2013-03-28,BHARATFORG,93.0330581665039,103.55000305175781,105.0,97.55000305175781,99.0,2583974
2013-04-01,BHARATFORG,91.57308197021484,101.92500305175781,105.7750015258789,101.25,102.0250015258789,673796
2013-04-02,BHARATFORG,95.36897277832031,106.1500015258789,106.7249984741211,101.3499984741211,101.6500015258789,366982
2013-04-03,BHARATFORG,96.55938720703125,107.4749984741211,108.0,104.8499984741211,105.0,539498
2013-04-04,BHARATFORG,94.26837158203125,104.92500305175781,109.42500305175781,104.0,107.5,490516
2013-04-05,BHARATFORG,94.71759033203125,105.42500305175781,106.7249984741211,103.3499984741211,104.0,249940
2013-04-08,BHARATFORG,95.05451202392578,105.80000305175781,107.5,103.55000305175781,105.5,412064
2013-04-09,BHARATFORG,94.40316772460938,105.07499694824219,108.94999694824219,104.07499694824219,106.9000015258789,321142
2013-04-10,BHARATFORG,96.96368408203125,107.92500305175781,108.4749984741211,104.25,106.5,269256
2013-04-11,BHARATFORG,96.67167663574219,107.5999984741211,109.44999694824219,105.0250015258789,109.0,772462
2013-04-12,BHARATFORG,96.85136413574219,107.80000305175781,109.4000015258789,105.55000305175781,106.0999984741211,384256
2013-04-15,BHARATFORG,95.75080108642578,106.57499694824219,108.44999694824219,105.6500015258789,106.5,342116
2013-04-16,BHARATFORG,98.55839538574219,109.69999694824219,110.82499694824219,105.67500305175781,105.875,377958
2013-04-17,BHARATFORG,97.50276947021484,108.5250015258789,111.8499984741211,107.80000305175781,111.8499984741211,744318
2013-04-18,BHARATFORG,100.60234832763672,111.9749984741211,112.8499984741211,107.375,108.5,468216
2013-04-22,BHARATFORG,103.52227020263672,115.2249984741211,115.94999694824219,110.55000305175781,112.9749984741211,757428
2013-04-23,BHARATFORG,106.66680145263672,118.7249984741211,119.69999694824219,112.57499694824219,115.0,1033240
2013-04-25,BHARATFORG,103.63455200195312,115.3499984741211,120.17500305175781,114.125,120.17500305175781,1922546
2013-04-26,BHARATFORG,104.26348876953125,116.05000305175781,117.94999694824219,115.19999694824219,117.4749984741211,258518
2013-04-29,BHARATFORG,103.00566864013672,114.6500015258789,117.0,113.05000305175781,116.0,462596
2013-04-30,BHARATFORG,103.70195007324219,115.42500305175781,117.4749984741211,113.05000305175781,115.05000305175781,245916
2013-05-02,BHARATFORG,102.30938720703125,113.875,116.0,113.57499694824219,115.30000305175781,371046
2013-05-03,BHARATFORG,103.23029327392578,114.9000015258789,115.6500015258789,112.125,114.75,278568
2013-05-06,BHARATFORG,105.83573913574219,117.80000305175781,118.5,114.3499984741211,115.9000015258789,573682
2013-05-07,BHARATFORG,110.28298950195312,122.75,123.4000015258789,117.125,117.125,1276668
2013-05-08,BHARATFORG,109.20486450195312,121.55000305175781,124.17500305175781,120.57499694824219,123.7750015258789,627898
2013-05-09,BHARATFORG,106.57695007324219,118.625,122.32499694824219,118.05000305175781,121.0,266002
2013-05-10,BHARATFORG,108.08184051513672,120.30000305175781,121.30000305175781,117.4000015258789,118.2750015258789,368156
2013-05-13,BHARATFORG,105.02715301513672,116.9000015258789,121.94999694824219,116.125,120.0999984741211,364000
2013-05-14,BHARATFORG,103.11797332763672,114.7750015258789,117.8499984741211,113.875,117.5,529220
2013-05-15,BHARATFORG,103.99394989013672,115.75,116.75,114.6500015258789,115.5,2322692
2013-05-16,BHARATFORG,104.75759887695312,116.5999984741211,117.67500305175781,115.44999694824219,115.75,214624
2013-05-17,BHARATFORG,108.23906707763672,120.4749984741211,123.17500305175781,115.82499694824219,117.4749984741211,610264
2013-05-20,BHARATFORG,104.48809051513672,116.30000305175781,122.42500305175781,115.2750015258789,121.0,541762
2013-05-21,BHARATFORG,103.34258270263672,115.0250015258789,118.7750015258789,113.6500015258789,116.1500015258789,916178
2013-05-22,BHARATFORG,103.18535614013672,114.8499984741211,117.4000015258789,114.0,115.0,974718
2013-05-23,BHARATFORG,101.61309051513672,113.0999984741211,114.57499694824219,111.9000015258789,113.92500305175781,445906
2013-05-24,BHARATFORG,101.47830963134766,112.94999694824219,114.2249984741211,112.05000305175781,112.05000305175781,272022
2013-05-27,BHARATFORG,104.35332489013672,116.1500015258789,116.9000015258789,111.0,112.07499694824219,695392
2013-05-28,BHARATFORG,108.57596588134766,120.8499984741211,121.5999984741211,115.17500305175781,116.42500305175781,688520
2013-05-29,BHARATFORG,106.98123931884766,119.07499694824219,122.4000015258789,117.75,121.0,498116
2013-05-30,BHARATFORG,107.69998931884766,119.875,122.5,118.0250015258789,118.0999984741211,739886
2013-05-31,BHARATFORG,105.29667663574219,117.19999694824219,122.19999694824219,116.25,122.19999694824219,309918
2013-06-03,BHARATFORG,105.27422332763672,117.17500305175781,119.5999984741211,116.32499694824219,117.32499694824219,1051174
2013-06-04,BHARATFORG,107.72246551513672,119.9000015258789,120.69999694824219,116.875,116.875,1202754
2013-06-05,BHARATFORG,106.32987213134766,118.3499984741211,121.69999694824219,117.80000305175781,119.9000015258789,556664
2013-06-06,BHARATFORG,105.67852783203125,117.625,118.7750015258789,117.05000305175781,118.32499694824219,541418
2013-06-07,BHARATFORG,102.48905181884766,114.07499694824219,118.55000305175781,113.55000305175781,118.55000305175781,828028
2013-06-10,BHARATFORG,102.66874694824219,114.2750015258789,115.94999694824219,112.67500305175781,115.0,491238
2013-06-11,BHARATFORG,101.29865264892578,112.75,114.375,112.07499694824219,114.375,200264
2013-06-12,BHARATFORG,100.64727783203125,112.0250015258789,114.4000015258789,111.32499694824219,113.44999694824219,769418
2013-06-13,BHARATFORG,99.88359832763672,111.17500305175781,112.69999694824219,108.0250015258789,111.0,528808
2013-06-14,BHARATFORG,101.02911376953125,112.44999694824219,114.17500305175781,111.3499984741211,112.82499694824219,296796
2013-06-17,BHARATFORG,99.65900421142578,110.92500305175781,113.0,110.25,112.5,212868
2013-06-18,BHARATFORG,98.04178619384766,109.125,111.44999694824219,108.625,110.0250015258789,241944
2013-06-19,BHARATFORG,98.01935577392578,109.0999984741211,111.82499694824219,108.2750015258789,109.0,429284
2013-06-20,BHARATFORG,96.96368408203125,107.92500305175781,110.0,106.25,109.0999984741211,390978
2013-06-21,BHARATFORG,98.04178619384766,109.125,111.0999984741211,105.9749984741211,106.82499694824219,758750
2013-06-24,BHARATFORG,99.29962921142578,110.5250015258789,111.30000305175781,108.6500015258789,108.6500015258789,350362
2013-06-25,BHARATFORG,96.58187866210938,107.5,111.0,106.5999984741211,110.19999694824219,308650
2013-06-26,BHARATFORG,96.53692626953125,107.44999694824219,107.9749984741211,104.0,107.32499694824219,591972
2013-06-27,BHARATFORG,98.80547332763672,109.9749984741211,110.625,105.57499694824219,109.0,487540
2013-06-28,BHARATFORG,99.59161376953125,110.8499984741211,112.19999694824219,109.80000305175781,111.5,792252
2013-07-01,BHARATFORG,100.71465301513672,112.0999984741211,114.2750015258789,110.80000305175781,110.80000305175781,365520
2013-07-02,BHARATFORG,98.85040283203125,110.0250015258789,113.9000015258789,108.1500015258789,112.2750015258789,263280
2013-07-03,BHARATFORG,97.27812957763672,108.2750015258789,109.19999694824219,106.0999984741211,108.0250015258789,444372
2013-07-04,BHARATFORG,96.89628601074219,107.8499984741211,112.25,106.55000305175781,112.25,506410
2013-07-05,BHARATFORG,96.78400421142578,107.7249984741211,110.92500305175781,107.0,108.94999694824219,162966
2013-07-08,BHARATFORG,98.06425476074219,109.1500015258789,109.7750015258789,105.75,106.9749984741211,282872
2013-07-09,BHARATFORG,97.45783233642578,108.4749984741211,111.1500015258789,108.1500015258789,109.5999984741211,484480
2013-07-10,BHARATFORG,97.36798095703125,108.375,110.44999694824219,108.125,110.44999694824219,438774
2013-07-11,BHARATFORG,99.52422332763672,110.7750015258789,111.92500305175781,108.80000305175781,109.0,210518
2013-07-12,BHARATFORG,101.63555145263672,113.125,113.9749984741211,109.7249984741211,111.92500305175781,278358
2013-07-15,BHARATFORG,101.83768463134766,113.3499984741211,115.2249984741211,112.5,112.5,330254
2013-07-16,BHARATFORG,100.17559051513672,111.5,114.55000305175781,110.5,112.30000305175781,201842
2013-07-17,BHARATFORG,98.78300476074219,109.94999694824219,113.30000305175781,109.2249984741211,111.67500305175781,276778
2013-07-18,BHARATFORG,98.82794189453125,110.0,112.0,108.2750015258789,111.5999984741211,394816
2013-07-19,BHARATFORG,99.79376220703125,111.07499694824219,112.44999694824219,109.55000305175781,111.19999694824219,321710
2013-07-22,BHARATFORG,98.98516845703125,110.17500305175781,112.94999694824219,109.17500305175781,110.2249984741211,190678
2013-07-23,BHARATFORG,100.19807434082031,111.5250015258789,112.75,109.2750015258789,110.44999694824219,1095374
2013-07-24,BHARATFORG,95.23419189453125,106.0,112.9000015258789,102.5250015258789,110.82499694824219,447988
2013-07-25,BHARATFORG,96.71662902832031,107.6500015258789,108.9749984741211,103.6500015258789,104.5,731936
2013-07-26,BHARATFORG,93.25764465332031,103.80000305175781,107.80000305175781,102.7750015258789,107.44999694824219,210630
2013-07-29,BHARATFORG,91.52816009521484,101.875,103.9749984741211,98.7750015258789,103.9749984741211,465724
2013-07-30,BHARATFORG,89.73128509521484,99.875,102.75,99.5250015258789,101.9000015258789,394624
2013-07-31,BHARATFORG,91.55059814453125,101.9000015258789,102.75,97.2750015258789,101.17500305175781,515110
2013-08-01,BHARATFORG,89.3232192993164,98.25,102.9000015258789,95.7750015258789,102.75,364204
2013-08-02,BHARATFORG,89.84595489501953,98.82499694824219,100.94999694824219,96.4000015258789,98.5,445954
2013-08-05,BHARATFORG,89.5505142211914,98.5,100.25,95.55000305175781,100.0,308182
2013-08-06,BHARATFORG,85.89118194580078,94.4749984741211,98.5,92.6500015258789,98.5,524860
2013-08-07,BHARATFORG,89.95962524414062,98.94999694824219,100.5,93.0250015258789,94.0,411482
2013-08-08,BHARATFORG,105.18772888183594,115.69999694824219,117.5,98.25,99.75,4212586
2013-08-12,BHARATFORG,104.46044158935547,114.9000015258789,118.19999694824219,113.80000305175781,118.0,1238534
2013-08-13,BHARATFORG,104.57408142089844,115.0250015258789,117.82499694824219,113.75,115.0,1595398
2013-08-14,BHARATFORG,104.27860260009766,114.69999694824219,118.5,114.05000305175781,116.0250015258789,1682148
2013-08-16,BHARATFORG,100.98295593261719,111.07499694824219,114.80000305175781,108.0,114.7249984741211,369726
2013-08-19,BHARATFORG,100.84660339355469,110.92500305175781,113.0,108.3499984741211,110.0,304004
2013-08-20,BHARATFORG,100.3011245727539,110.32499694824219,112.875,107.6500015258789,108.5,167092
2013-08-21,BHARATFORG,100.46021270751953,110.5,113.5,109.57499694824219,111.0,277672
2013-08-22,BHARATFORG,100.9602279663086,111.05000305175781,113.5,109.30000305175781,111.5,1018582
2013-08-23,BHARATFORG,103.98312377929688,114.375,116.94999694824219,111.25,111.25,637792
2013-08-26,BHARATFORG,103.32398986816406,113.6500015258789,118.75,113.2249984741211,115.5,911234
2013-08-27,BHARATFORG,102.30123138427734,112.5250015258789,115.30000305175781,111.2249984741211,113.5,277874
2013-08-28,BHARATFORG,106.66510009765625,117.32499694824219,118.44999694824219,109.69999694824219,111.0,865578
2013-08-29,BHARATFORG,114.52918243408203,125.9749984741211,133.35000610351562,117.5,118.5,3468712
2013-08-30,BHARATFORG,109.52891540527344,120.4749984741211,129.4499969482422,118.80000305175781,125.17500305175781,1272348
2013-09-02,BHARATFORG,110.46076202392578,121.5,125.55000305175781,120.94999694824219,120.94999694824219,669934
2013-09-03,BHARATFORG,109.09705352783203,120.0,123.875,118.0999984741211,122.0,406940
2013-09-04,BHARATFORG,109.96072387695312,120.94999694824219,124.69999694824219,119.80000305175781,120.9749984741211,505488
2013-09-05,BHARATFORG,112.2336196899414,123.44999694824219,125.75,121.19999694824219,122.19999694824219,1168472
2013-09-06,BHARATFORG,113.64277648925781,125.0,126.44999694824219,123.125,125.2750015258789,1089358
2013-09-10,BHARATFORG,114.41553497314453,125.8499984741211,127.44999694824219,124.32499694824219,125.5,1034844
2013-09-11,BHARATFORG,114.21098327636719,125.625,127.1500015258789,124.0,125.7750015258789,467644
2013-09-12,BHARATFORG,117.30204772949219,129.02499389648438,131.875,125.9000015258789,127.0,1248188
2013-09-13,BHARATFORG,115.34740447998047,126.875,131.4499969482422,125.57499694824219,130.5,1113128
2013-09-16,BHARATFORG,118.1657485961914,129.97500610351562,131.22500610351562,127.19999694824219,127.5,772498
2013-09-17,BHARATFORG,119.7112808227539,131.6750030517578,133.0,128.5,129.97500610351562,648958
2013-09-18,BHARATFORG,118.96124267578125,130.85000610351562,133.75,128.875,132.0,1027828
2013-09-19,BHARATFORG,119.62036895751953,131.5749969482422,133.5,128.6999969482422,132.5,1206758
2013-09-20,BHARATFORG,117.57479095458984,129.3249969482422,132.0500030517578,125.82499694824219,130.10000610351562,370152
2013-09-23,BHARATFORG,115.98380279541016,127.57499694824219,130.75,126.32499694824219,130.75,316182
2013-09-24,BHARATFORG,115.23375701904297,126.75,130.10000610351562,126.375,126.5,672126
2013-09-25,BHARATFORG,115.18831634521484,126.69999694824219,128.4250030517578,126.0,127.9749984741211,276120
2013-09-26,BHARATFORG,115.25650024414062,126.7750015258789,128.25,125.75,127.5,776032
2013-09-27,BHARATFORG,112.68815612792969,123.94999694824219,127.8499984741211,123.0250015258789,126.7750015258789,249334
2013-09-30,BHARATFORG,113.89277648925781,125.2750015258789,126.44999694824219,121.75,124.0,1341088
2013-10-01,BHARATFORG,116.59747314453125,128.25,129.9499969482422,124.0,124.0999984741211,2294576
2013-10-03,BHARATFORG,122.96146392822266,135.25,138.0,128.27499389648438,128.27499389648438,3784038
2013-10-04,BHARATFORG,121.30229187011719,133.4250030517578,137.22500610351562,132.0749969482422,135.5,1041012
2013-10-07,BHARATFORG,120.82498168945312,132.89999389648438,135.875,131.0500030517578,132.97500610351562,438870
2013-10-08,BHARATFORG,119.34762573242188,131.27499389648438,133.5,130.85000610351562,133.0500030517578,437954
2013-10-09,BHARATFORG,120.6658935546875,132.72500610351562,133.64999389648438,130.10000610351562,130.1999969482422,450448
2013-10-10,BHARATFORG,118.91580963134766,130.8000030517578,134.3000030517578,130.35000610351562,133.5,391626
2013-10-11,BHARATFORG,123.25692749023438,135.5749969482422,136.75,131.25,133.25,687468
2013-10-14,BHARATFORG,123.18878173828125,135.5,137.75,134.875,137.35000610351562,717362
2013-10-15,BHARATFORG,121.48411560058594,133.625,137.22500610351562,132.5,137.0,404148
2013-10-17,BHARATFORG,124.50702667236328,136.9499969482422,137.9250030517578,134.0500030517578,134.5,1955034
2013-10-18,BHARATFORG,127.23444366455078,139.9499969482422,140.85000610351562,137.0749969482422,137.5,839202
2013-10-21,BHARATFORG,128.9163360595703,141.8000030517578,143.3000030517578,139.9499969482422,140.14999389648438,947098
2013-10-22,BHARATFORG,127.50718688964844,140.25,143.125,139.77499389648438,142.0,606396
2013-10-23,BHARATFORG,126.7571792602539,139.4250030517578,141.375,138.5,140.5,196334
2013-10-24,BHARATFORG,129.78005981445312,142.75,143.85000610351562,138.1999969482422,139.375,698188
2013-10-25,BHARATFORG,130.1209716796875,143.125,143.8000030517578,140.0,142.9499969482422,1404626
2013-10-28,BHARATFORG,128.02993774414062,140.8249969482422,143.0,138.9499969482422,143.0,820734
2013-10-29,BHARATFORG,131.66651916503906,144.8249969482422,145.625,139.5749969482422,140.75,2069252
2013-10-30,BHARATFORG,134.64395141601562,148.10000610351562,150.22500610351562,145.0749969482422,146.14999389648438,2769996
2013-10-31,BHARATFORG,136.0758514404297,149.6750030517578,152.75,147.0749969482422,148.0,1754630
2013-11-01,BHARATFORG,134.18934631347656,147.60000610351562,150.35000610351562,146.85000610351562,148.77499389648438,468720
2013-11-05,BHARATFORG,134.21209716796875,147.625,149.8000030517578,146.10000610351562,146.5,584150
2013-11-06,BHARATFORG,134.34844970703125,147.77499389648438,151.5,147.5,148.5,859372
2013-11-07,BHARATFORG,134.3257293701172,147.75,149.47500610351562,147.1750030517578,147.89999389648438,738460
2013-11-08,BHARATFORG,133.55296325683594,146.89999389648438,148.875,146.0,147.9499969482422,316000
2013-11-11,BHARATFORG,131.66651916503906,144.8249969482422,147.6750030517578,143.5,146.02499389648438,387744
2013-11-12,BHARATFORG,131.0301055908203,144.125,146.02499389648438,142.625,143.9499969482422,461814
2013-11-13,BHARATFORG,132.37109375,145.60000610351562,146.5,143.0,143.0,393100
2013-11-14,BHARATFORG,136.18946838378906,149.8000030517578,151.4250030517578,146.0,146.0,844678
2013-11-18,BHARATFORG,138.41688537597656,152.25,153.97500610351562,149.52499389648438,149.52499389648438,707416
2013-11-19,BHARATFORG,136.03036499023438,149.625,154.39999389648438,149.0749969482422,153.0,604080
2013-11-20,BHARATFORG,130.23460388183594,143.25,150.0,142.3249969482422,150.0,880482
2013-11-21,BHARATFORG,128.89364624023438,141.77499389648438,143.4499969482422,140.10000610351562,142.0,273762
2013-11-22,BHARATFORG,130.3027801513672,143.3249969482422,144.75,141.5,142.5,474234
2013-11-25,BHARATFORG,134.12115478515625,147.52499389648438,148.3249969482422,143.3000030517578,143.75,396270
2013-11-26,BHARATFORG,132.03018188476562,145.22500610351562,149.8249969482422,143.97500610351562,147.72500610351562,290892
2013-11-27,BHARATFORG,134.21209716796875,147.625,148.5,144.8000030517578,144.8000030517578,689028
2013-11-28,BHARATFORG,133.25750732421875,146.5749969482422,149.9499969482422,145.72500610351562,147.8249969482422,655604
2013-11-29,BHARATFORG,135.55307006835938,149.10000610351562,149.75,145.5500030517578,146.77499389648438,648162
2013-12-02,BHARATFORG,137.71229553222656,151.47500610351562,152.47500610351562,148.9499969482422,149.25,716602
2013-12-03,BHARATFORG,137.16677856445312,150.875,153.375,150.0749969482422,151.4499969482422,586540
2013-12-04,BHARATFORG,135.98495483398438,149.5749969482422,151.4499969482422,148.5749969482422,151.10000610351562,841242
2013-12-05,BHARATFORG,136.3031463623047,149.9250030517578,152.8000030517578,149.5749969482422,151.0,293934
2013-12-06,BHARATFORG,137.75775146484375,151.52499389648438,152.4250030517578,148.3000030517578,150.0,433900
2013-12-09,BHARATFORG,143.16720581054688,157.47500610351562,158.72500610351562,152.5,152.5,1492906
2013-12-10,BHARATFORG,145.84912109375,160.4250030517578,163.4499969482422,157.8249969482422,158.39999389648438,2351030
2013-12-11,BHARATFORG,141.66705322265625,155.8249969482422,160.27499389648438,155.22500610351562,160.27499389648438,279560
2013-12-12,BHARATFORG,140.14425659179688,154.14999389648438,157.4250030517578,153.5,155.8249969482422,397686
2013-12-13,BHARATFORG,139.39422607421875,153.3249969482422,155.89999389648438,152.125,153.0,290492
2013-12-16,BHARATFORG,142.57620239257812,156.8249969482422,158.85000610351562,154.0,155.0,879106
2013-12-17,BHARATFORG,140.82614135742188,154.89999389648438,159.89999389648438,154.0,157.25,706054
2013-12-18,BHARATFORG,142.0307159423828,156.22500610351562,159.625,153.9250030517578,154.89999389648438,977870
2013-12-19,BHARATFORG,148.07652282714844,162.875,163.75,153.875,156.25,894700
2013-12-20,BHARATFORG,148.34925842285156,163.1750030517578,164.39999389648438,160.27499389648438,163.1750030517578,908904
2013-12-23,BHARATFORG,151.05398559570312,166.14999389648438,168.625,161.75,163.5,789762
2013-12-24,BHARATFORG,153.98593139648438,169.375,169.9499969482422,165.0,166.35000610351562,721196
2013-12-26,BHARATFORG,151.16758728027344,166.27499389648438,172.72500610351562,165.1999969482422,169.60000610351562,1113248
2013-12-27,BHARATFORG,149.03114318847656,163.9250030517578,167.6999969482422,163.3000030517578,166.27499389648438,616960
2013-12-30,BHARATFORG,146.78097534179688,161.4499969482422,165.125,161.1999969482422,164.14999389648438,459686
2013-12-31,BHARATFORG,149.12205505371094,164.02499389648438,166.375,160.0,161.6750030517578,955978
2014-01-01,BHARATFORG,149.39480590820312,164.3249969482422,166.5,164.14999389648438,165.0500030517578,542122
2014-01-02,BHARATFORG,146.8491668701172,161.52499389648438,167.4499969482422,160.1999969482422,164.52499389648438,1099052
2014-01-03,BHARATFORG,145.66732788085938,160.22500610351562,162.6999969482422,159.0,160.0,640476
2014-01-06,BHARATFORG,150.69029235839844,165.75,166.875,160.1999969482422,160.4499969482422,2138338
2014-01-07,BHARATFORG,153.71324157714844,169.0749969482422,171.5,167.5500030517578,168.35000610351562,2361210
2014-01-08,BHARATFORG,150.78125,165.85000610351562,170.5,165.125,170.375,1169046
2014-01-09,BHARATFORG,149.39480590820312,164.3249969482422,166.6750030517578,162.77499389648438,165.0,786910
2014-01-10,BHARATFORG,151.1903076171875,166.3000030517578,169.14999389648438,163.5749969482422,164.3000030517578,1742664
2014-01-13,BHARATFORG,157.4179229736328,173.14999389648438,175.52499389648438,167.0,167.0,3128798
2014-01-14,BHARATFORG,156.5997314453125,172.25,174.85000610351562,170.0749969482422,174.0,1272634
2014-01-15,BHARATFORG,152.1676788330078,167.375,173.3249969482422,166.8000030517578,172.0,1166826
2014-01-16,BHARATFORG,158.1907196044922,174.0,175.0,166.25,166.25,1876250
2014-01-17,BHARATFORG,154.00865173339844,169.39999389648438,176.35000610351562,168.5500030517578,174.5,1327670
2014-01-20,BHARATFORG,157.34976196289062,173.0749969482422,173.8249969482422,168.5749969482422,169.39999389648438,515408
2014-01-21,BHARATFORG,157.4179229736328,173.14999389648438,175.5,171.27499389648438,173.875,499938
2014-01-22,BHARATFORG,158.2134246826172,174.02499389648438,174.89999389648438,171.5,173.0,518776
2014-01-23,BHARATFORG,155.3496551513672,170.875,174.5500030517578,170.5749969482422,173.97500610351562,234670
2014-01-24,BHARATFORG,155.531494140625,171.0749969482422,172.1750030517578,168.0,170.5500030517578,966662
2014-01-27,BHARATFORG,148.12196350097656,162.9250030517578,167.5,160.1999969482422,167.0,1260658
2014-01-28,BHARATFORG,148.46292114257812,163.3000030517578,165.14999389648438,159.5749969482422,160.5500030517578,1206244
2014-01-29,BHARATFORG,150.2812042236328,165.3000030517578,167.0749969482422,161.0749969482422,164.5,858472
2014-01-30,BHARATFORG,150.2812042236328,165.3000030517578,170.375,161.125,161.125,2936722
2014-01-31,BHARATFORG,157.64523315429688,173.39999389648438,174.75,164.1750030517578,166.0,1084276
2014-02-03,BHARATFORG,156.281494140625,171.89999389648438,176.47500610351562,170.5500030517578,173.0,691380
2014-02-04,BHARATFORG,154.07687377929688,169.47500610351562,173.5,166.8000030517578,169.0500030517578,2602662
2014-02-05,BHARATFORG,154.84959411621094,170.3249969482422,173.5,169.0,170.0,2087230
2014-02-06,BHARATFORG,155.3496551513672,170.875,175.0,170.0500030517578,171.85000610351562,1845734
2014-02-07,BHARATFORG,155.0769500732422,170.5749969482422,173.39999389648438,169.39999389648438,172.125,675754
2014-02-10,BHARATFORG,157.84982299804688,173.625,174.75,171.0,172.6750030517578,1088030
2014-02-11,BHARATFORG,167.2821807861328,184.0,185.0,172.35000610351562,172.35000610351562,5319624
2014-02-12,BHARATFORG,165.21388244628906,181.72500610351562,186.4499969482422,180.4250030517578,185.52499389648438,1572002
2014-02-13,BHARATFORG,165.37380981445312,180.89999389648438,184.3249969482422,178.5749969482422,181.75,1123496
2014-02-14,BHARATFORG,161.64857482910156,176.8249969482422,183.14999389648438,174.5500030517578,181.1999969482422,2697030
2014-02-17,BHARATFORG,165.00816345214844,180.5,182.25,177.5,178.1999969482422,978466
2014-02-18,BHARATFORG,163.40834045410156,178.75,180.75,177.625,180.25,778628
2014-02-19,BHARATFORG,168.23062133789062,184.02499389648438,186.75,179.10000610351562,179.10000610351562,1904014
2014-02-20,BHARATFORG,167.9563751220703,183.72500610351562,187.47500610351562,181.5,184.02499389648438,1174986
2014-02-21,BHARATFORG,168.73341369628906,184.5749969482422,186.625,184.02499389648438,184.97500610351562,1489650
2014-02-24,BHARATFORG,168.6191864013672,184.4499969482422,186.39999389648438,183.75,184.125,962664
2014-02-25,BHARATFORG,166.9050750732422,182.5749969482422,185.77499389648438,182.0500030517578,184.27499389648438,1029752
2014-02-26,BHARATFORG,170.95025634765625,187.0,188.6750030517578,180.6999969482422,180.6999969482422,1583442
2014-02-28,BHARATFORG,174.90408325195312,191.3249969482422,192.1999969482422,186.75,188.4499969482422,2490306
2014-03-03,BHARATFORG,174.74407958984375,191.14999389648438,195.47500610351562,189.25,192.25,1572276
2014-03-04,BHARATFORG,178.446533203125,195.1999969482422,197.0749969482422,191.35000610351562,192.5,2141026
2014-03-05,BHARATFORG,181.7375030517578,198.8000030517578,201.47500610351562,194.5,196.0,2083786
2014-03-06,BHARATFORG,188.3881072998047,206.0749969482422,206.97500610351562,198.5,200.0,2989326
2014-03-07,BHARATFORG,181.14332580566406,198.14999389648438,206.5,196.6999969482422,206.0,3256572
2014-03-10,BHARATFORG,176.9838409423828,193.60000610351562,201.39999389648438,193.0749969482422,198.0,2229370
2014-03-11,BHARATFORG,178.9264373779297,195.72500610351562,204.9499969482422,193.625,194.0,3081694
2014-03-12,BHARATFORG,180.6405029296875,197.60000610351562,201.85000610351562,196.5,197.4499969482422,1622596
2014-03-13,BHARATFORG,175.79544067382812,192.3000030517578,199.1999969482422,191.35000610351562,198.5,778968
2014-03-14,BHARATFORG,175.7496795654297,192.25,195.77499389648438,189.125,191.0,1905192
2014-03-18,BHARATFORG,178.67503356933594,195.4499969482422,199.47500610351562,192.27499389648438,192.5,1813112
2014-03-19,BHARATFORG,183.0402374267578,200.22500610351562,201.6999969482422,195.0500030517578,196.35000610351562,1887342
2014-03-20,BHARATFORG,179.04075622558594,195.85000610351562,201.5,194.52499389648438,198.1999969482422,1336016
2014-03-21,BHARATFORG,180.66334533691406,197.625,199.1999969482422,196.0,196.5,1169070
2014-03-24,BHARATFORG,181.78323364257812,198.85000610351562,200.89999389648438,197.5500030517578,197.75,1105614
2014-03-25,BHARATFORG,188.86805725097656,206.60000610351562,210.8000030517578,198.14999389648438,199.0500030517578,3968380
2014-03-26,BHARATFORG,183.0402374267578,200.22500610351562,208.5,199.5749969482422,208.0,3128536
2014-03-27,BHARATFORG,181.53182983398438,198.5749969482422,204.52499389648438,197.5500030517578,201.0,2679916
2014-03-28,BHARATFORG,187.08544921875,204.64999389648438,206.39999389648438,201.10000610351562,201.85000610351562,2082442
2014-03-31,BHARATFORG,192.79898071289062,210.89999389648438,212.47500610351562,204.125,205.5,1680972
2014-04-01,BHARATFORG,190.7650146484375,208.6750030517578,214.27499389648438,208.0749969482422,214.27499389648438,952152
2014-04-02,BHARATFORG,196.72998046875,215.1999969482422,216.10000610351562,208.5500030517578,209.97500610351562,1958974
2014-04-03,BHARATFORG,193.41604614257812,211.5749969482422,214.97500610351562,210.14999389648438,214.5,502304
2014-04-04,BHARATFORG,194.44451904296875,212.6999969482422,214.1999969482422,209.0,209.8249969482422,742502
2014-04-07,BHARATFORG,199.6781768798828,218.4250030517578,218.9499969482422,211.14999389648438,211.8000030517578,1495328
2014-04-09,BHARATFORG,202.39781188964844,221.39999389648438,223.4499969482422,217.1999969482422,218.5,1477404
2014-04-10,BHARATFORG,203.42625427246094,222.52499389648438,224.5,219.0500030517578,221.5500030517578,1207798
2014-04-11,BHARATFORG,200.27236938476562,219.0749969482422,222.9250030517578,216.625,222.9250030517578,1755072
2014-04-15,BHARATFORG,195.0387420654297,213.35000610351562,220.0,211.0500030517578,219.35000610351562,1896578
2014-04-16,BHARATFORG,192.09051513671875,210.125,214.89999389648438,208.0,213.5,1541700
2014-04-17,BHARATFORG,193.27896118164062,211.4250030517578,213.5,206.0,210.5,2178056
2014-04-21,BHARATFORG,196.22715759277344,214.64999389648438,216.35000610351562,211.125,211.5,1098206
2014-04-22,BHARATFORG,196.38711547851562,214.8249969482422,217.72500610351562,213.5749969482422,214.1999969482422,1948150
2014-04-23,BHARATFORG,195.7472381591797,214.125,219.0,212.64999389648438,217.0,3250202
2014-04-24,BHARATFORG,195.7472381591797,214.125,214.125,214.125,214.125,0
2014-04-25,BHARATFORG,190.53646850585938,208.4250030517578,217.1999969482422,206.0,217.1999969482422,1312798
2014-04-28,BHARATFORG,188.82235717773438,206.5500030517578,208.0,203.9499969482422,207.5,1128800
2014-04-29,BHARATFORG,185.9427032470703,203.39999389648438,208.77499389648438,202.5,207.4250030517578,1136060
2014-04-30,BHARATFORG,186.39979553222656,203.89999389648438,208.3249969482422,201.25,203.39999389648438,2177080
2014-05-02,BHARATFORG,185.5770721435547,203.0,207.125,202.125,206.125,513724
2014-05-05,BHARATFORG,185.32565307617188,202.72500610351562,204.35000610351562,200.5,203.0,757592
2014-05-06,BHARATFORG,190.58213806152344,208.47500610351562,209.39999389648438,204.0,204.25,1295140
2014-05-07,BHARATFORG,190.8792266845703,208.8000030517578,211.375,207.25,211.0,1846090
2014-05-08,BHARATFORG,191.19920349121094,209.14999389648438,212.0,205.52499389648438,209.9250030517578,857858
2014-05-09,BHARATFORG,197.64410400390625,216.1999969482422,217.75,211.5,214.0,2115042
2014-05-12,BHARATFORG,203.44911193847656,222.5500030517578,224.25,213.1999969482422,217.0,1641094
2014-05-13,BHARATFORG,204.52330017089844,223.72500610351562,229.6999969482422,221.10000610351562,223.5500030517578,1340400
2014-05-14,BHARATFORG,205.55174255371094,224.85000610351562,226.02499389648438,221.4499969482422,224.5,753968
2014-05-15,BHARATFORG,200.52377319335938,219.35000610351562,225.75,218.125,225.0,1267550
2014-05-16,BHARATFORG,209.5054931640625,229.1750030517578,234.6750030517578,218.1999969482422,227.5,2396744
2014-05-19,BHARATFORG,214.09922790527344,234.1999969482422,235.6750030517578,227.02499389648438,230.0,1173062
2014-05-20,BHARATFORG,215.90472412109375,236.1750030517578,243.27499389648438,235.0,237.1999969482422,1269440
2014-05-21,BHARATFORG,223.67518615722656,244.6750030517578,249.3249969482422,232.8000030517578,235.0,1908960
2014-05-22,BHARATFORG,220.74986267089844,241.47500610351562,247.22500610351562,237.0749969482422,247.22500610351562,1580400
2014-05-23,BHARATFORG,217.4588165283203,237.875,244.4250030517578,235.3000030517578,244.4250030517578,1391426
2014-05-26,BHARATFORG,216.1790008544922,236.47500610351562,245.75,228.8000030517578,239.25,1335502
2014-05-27,BHARATFORG,228.3146209716797,249.75,253.5,230.625,238.22500610351562,4396554
2014-05-28,BHARATFORG,228.9088134765625,250.39999389648438,260.5,248.39999389648438,259.5,2859424
2014-05-29,BHARATFORG,233.18260192871094,255.0749969482422,261.0,250.0,250.5,3247998
2014-05-30,BHARATFORG,229.29734802246094,250.8249969482422,258.95001220703125,249.5,257.4750061035156,1140936
2014-06-02,BHARATFORG,239.65029907226562,262.1499938964844,263.0,250.5,250.5,1667474
2014-06-03,BHARATFORG,237.6162872314453,259.92498779296875,263.2749938964844,258.0,262.45001220703125,489994
2014-06-04,BHARATFORG,250.09481811523438,273.57501220703125,282.5,258.57501220703125,260.07501220703125,2515036
2014-06-05,BHARATFORG,262.8702697753906,287.54998779296875,293.0,273.5,275.92498779296875,4954580
2014-06-06,BHARATFORG,257.8423156738281,282.04998779296875,289.0,278.5,288.1499938964844,2427040
2014-06-09,BHARATFORG,259.7850341796875,284.17498779296875,289.95001220703125,280.20001220703125,284.8999938964844,1287002
2014-06-10,BHARATFORG,257.22528076171875,281.375,285.0,277.5,283.5,1066058
2014-06-11,BHARATFORG,258.34521484375,282.6000061035156,286.5,276.25,279.5,1616412
2014-06-12,BHARATFORG,258.3680114746094,282.625,291.75,280.25,283.5,1975924
2014-06-13,BHARATFORG,254.93992614746094,278.875,287.375,275.8999938964844,283.0,950964
2014-06-16,BHARATFORG,264.7215881347656,289.57501220703125,290.5,269.5,276.0,1069388
2014-06-17,BHARATFORG,265.224365234375,290.125,297.29998779296875,286.04998779296875,291.875,2585454
2014-06-18,BHARATFORG,270.7093505859375,296.125,300.5,291.0,296.25,2934022
2014-06-19,BHARATFORG,262.3904113769531,287.0249938964844,299.0,285.5,299.0,1831684
2014-06-20,BHARATFORG,265.0187072753906,289.8999938964844,294.1000061035156,284.17498779296875,288.0,1415678
2014-06-23,BHARATFORG,270.2065124511719,295.57501220703125,297.0,289.3500061035156,292.0,1092276
2014-06-24,BHARATFORG,267.2584228515625,292.3500061035156,297.0,291.07501220703125,296.25,1907178
2014-06-25,BHARATFORG,269.01812744140625,294.2749938964844,299.3500061035156,292.875,294.0,1564278
2014-06-26,BHARATFORG,269.4295654296875,294.7250061035156,297.5,291.1000061035156,293.2749938964844,1826514
2014-06-27,BHARATFORG,278.022705078125,304.125,305.375,293.5,294.95001220703125,2352362
2014-06-30,BHARATFORG,286.135986328125,313.0,316.6000061035156,305.0,307.5,2050932
2014-07-01,BHARATFORG,298.3860168457031,326.3999938964844,336.0,314.875,314.875,4077616
2014-07-02,BHARATFORG,303.2767639160156,331.75,333.0,327.54998779296875,329.45001220703125,1557356
2014-07-03,BHARATFORG,307.27630615234375,336.125,340.7250061035156,327.75,333.1000061035156,2576724
2014-07-04,BHARATFORG,307.00201416015625,335.82501220703125,339.45001220703125,333.0,337.4750061035156,1155734
2014-07-07,BHARATFORG,305.0821838378906,333.7250061035156,339.1499938964844,330.29998779296875,336.6000061035156,1134100
2014-07-08,BHARATFORG,291.2553405761719,318.6000061035156,336.95001220703125,316.04998779296875,331.625,1627004
2014-07-09,BHARATFORG,281.33660888671875,307.75,318.6000061035156,305.625,316.5,2855842
2014-07-10,BHARATFORG,288.76422119140625,315.875,327.7749938964844,304.5249938964844,307.5,3409608
2014-07-11,BHARATFORG,287.91876220703125,314.95001220703125,324.17498779296875,312.7749938964844,318.4750061035156,1839894
2014-07-14,BHARATFORG,294.43218994140625,322.07501220703125,325.95001220703125,315.0,315.0,1211536
2014-07-15,BHARATFORG,311.2300720214844,340.45001220703125,343.67498779296875,324.25,325.0,1952968
2014-07-16,BHARATFORG,319.4119567871094,349.3999938964844,351.57501220703125,342.5,344.1000061035156,2722696
2014-07-17,BHARATFORG,328.1651306152344,358.9750061035156,361.0,346.45001220703125,351.5,2113874
2014-07-18,BHARATFORG,323.5715026855469,353.95001220703125,366.17498779296875,349.32501220703125,358.67498779296875,2568742
2014-07-21,BHARATFORG,328.6907958984375,359.54998779296875,361.0,354.0,354.0,1061986
2014-07-22,BHARATFORG,323.82275390625,354.2250061035156,362.5,352.82501220703125,360.8500061035156,1125732
2014-07-23,BHARATFORG,317.446533203125,347.25,357.7250061035156,342.5,355.9750061035156,1407924
2014-07-24,BHARATFORG,320.3489074707031,350.42498779296875,352.25,339.5,345.0,1711354
2014-07-25,BHARATFORG,316.8750305175781,346.625,355.45001220703125,341.125,351.29998779296875,1617834
2014-07-28,BHARATFORG,324.8055419921875,355.29998779296875,357.20001220703125,342.0,348.3500061035156,1364216
2014-07-30,BHARATFORG,329.3992614746094,360.32501220703125,363.5,351.75,357.5,3511286
2014-07-31,BHARATFORG,330.8162536621094,361.875,369.0,360.125,361.3500061035156,3804014
2014-08-01,BHARATFORG,330.884765625,361.95001220703125,368.70001220703125,356.67498779296875,359.0,2511490
2014-08-04,BHARATFORG,342.65478515625,374.82501220703125,376.8500061035156,363.0249938964844,367.4750061035156,3107842
2014-08-05,BHARATFORG,345.7401428222656,378.20001220703125,380.67498779296875,373.04998779296875,376.5,1664550
2014-08-06,BHARATFORG,346.9513244628906,379.5249938964844,382.70001220703125,375.95001220703125,376.92498779296875,1293086
2014-08-07,BHARATFORG,346.53997802734375,379.07501220703125,382.95001220703125,377.54998779296875,381.04998779296875,1165266
2014-08-08,BHARATFORG,336.4155578613281,368.0,377.4750061035156,365.9750061035156,375.0,1775918
2014-08-11,BHARATFORG,340.6207580566406,372.6000061035156,375.8500061035156,369.2749938964844,369.2749938964844,1452888
2014-08-12,BHARATFORG,342.6776123046875,374.8500061035156,376.70001220703125,367.04998779296875,374.8500061035156,1426538
2014-08-13,BHARATFORG,350.6308288574219,383.54998779296875,385.67498779296875,371.8999938964844,372.5,2083750
2014-08-14,BHARATFORG,350.5852355957031,383.5,388.45001220703125,381.57501220703125,388.0,1490062
2014-08-18,BHARATFORG,351.81939697265625,384.8500061035156,388.8500061035156,380.32501220703125,380.3500061035156,1337024
2014-08-19,BHARATFORG,349.60247802734375,382.42498779296875,392.29998779296875,380.5,385.5,2486252
2014-08-20,BHARATFORG,347.3399658203125,379.95001220703125,386.67498779296875,378.54998779296875,382.5,1146370
2014-08-21,BHARATFORG,348.0506896972656,379.4750061035156,384.5,375.32501220703125,380.5,1135078
2014-08-22,BHARATFORG,355.9156188964844,388.04998779296875,389.1000061035156,379.375,380.0,2153674
2014-08-25,BHARATFORG,363.2531433105469,396.04998779296875,399.95001220703125,389.125,389.4750061035156,2143294
2014-08-26,BHARATFORG,361.0747985839844,393.67498779296875,400.8999938964844,386.3500061035156,399.20001220703125,1084080
2014-08-27,BHARATFORG,365.5689392089844,398.57501220703125,400.8500061035156,394.0,397.54998779296875,1177418
2014-08-28,BHARATFORG,363.0697326660156,395.8500061035156,401.6000061035156,392.67498779296875,400.17498779296875,1807214
2014-09-01,BHARATFORG,366.2798767089844,399.3500061035156,401.5,391.3500061035156,392.67498779296875,1056526
2014-09-02,BHARATFORG,374.3511657714844,408.1499938964844,410.0249938964844,399.8999938964844,399.8999938964844,1077918
2014-09-03,BHARATFORG,385.586669921875,420.3999938964844,423.5,409.54998779296875,409.8999938964844,2321904
2014-09-04,BHARATFORG,394.322998046875,429.92498779296875,432.45001220703125,420.0,420.9750061035156,2624070
2014-09-05,BHARATFORG,393.45159912109375,428.9750061035156,437.79998779296875,424.7749938964844,431.45001220703125,1878512
2014-09-08,BHARATFORG,394.9878845214844,430.6499938964844,433.8500061035156,425.70001220703125,432.3500061035156,1478738
2014-09-09,BHARATFORG,400.3993225097656,436.54998779296875,439.20001220703125,429.625,431.45001220703125,1635870
2014-09-10,BHARATFORG,399.6656188964844,435.75,439.9750061035156,432.29998779296875,434.0,1146850
2014-09-11,BHARATFORG,422.8475341796875,461.0249938964844,466.82501220703125,436.82501220703125,438.3500061035156,3348308
2014-09-12,BHARATFORG,409.9839782714844,447.0,463.45001220703125,445.07501220703125,463.25,4411896
2014-09-15,BHARATFORG,408.8374328613281,445.75,453.6499938964844,440.5249938964844,447.0,2443174
2014-09-16,BHARATFORG,384.463134765625,419.17498779296875,447.3500061035156,415.92498779296875,443.95001220703125,2092852
2014-09-17,BHARATFORG,390.8147277832031,426.1000061035156,430.75,406.1000061035156,422.5,2754758
2014-09-18,BHARATFORG,396.9139709472656,432.75,438.95001220703125,422.25,425.0,2333354
2014-09-19,BHARATFORG,390.1954650878906,425.42498779296875,436.32501220703125,423.0,432.95001220703125,1822632
2014-09-22,BHARATFORG,387.14599609375,422.1000061035156,430.0,414.95001220703125,421.0,1628398
2014-09-23,BHARATFORG,382.7204284667969,417.2749938964844,428.5,415.2749938964844,418.32501220703125,1265900
2014-09-24,BHARATFORG,364.3996276855469,397.29998779296875,419.45001220703125,391.5249938964844,414.25,3300170
2014-09-25,BHARATFORG,363.6887512207031,396.5249938964844,407.7250061035156,392.0249938964844,393.8500061035156,2879662
2014-09-26,BHARATFORG,371.8059387207031,405.375,407.8999938964844,393.07501220703125,397.5,2372888
2014-09-29,BHARATFORG,384.27972412109375,418.9750061035156,421.4750061035156,409.0249938964844,409.95001220703125,2280490
2014-09-30,BHARATFORG,377.561279296875,411.6499938964844,424.3999938964844,409.17498779296875,415.2749938964844,1328562
2014-10-01,BHARATFORG,371.92059326171875,405.5,416.8999938964844,404.5,409.17498779296875,889542
2014-10-07,BHARATFORG,368.366455078125,401.625,411.0249938964844,400.0,401.45001220703125,953242
2014-10-08,BHARATFORG,368.8250732421875,402.125,413.5,399.0249938964844,409.8500061035156,1939146
2014-10-09,BHARATFORG,369.7881774902344,403.17498779296875,408.125,401.25,405.25,1079198
2014-10-10,BHARATFORG,349.10565185546875,380.625,401.4750061035156,378.5,401.3500061035156,3094680
2014-10-13,BHARATFORG,353.0951843261719,384.9750061035156,389.67498779296875,356.25,378.0,6598286
2014-10-14,BHARATFORG,355.8927307128906,388.0249938964844,393.95001220703125,380.0,387.20001220703125,2783780
2014-10-15,BHARATFORG,355.8927307128906,388.0249938964844,388.0249938964844,388.0249938964844,388.0249938964844,0
2014-10-16,BHARATFORG,340.8507080078125,371.625,391.4750061035156,367.57501220703125,386.0,1879926
2014-10-17,BHARATFORG,344.93231201171875,376.07501220703125,379.375,369.79998779296875,370.5,1389414
2014-10-20,BHARATFORG,350.3895263671875,382.0249938964844,388.5,380.0,381.3500061035156,1389642
2014-10-21,BHARATFORG,346.19342041015625,377.45001220703125,387.5,373.5,381.75,1617500
2014-10-22,BHARATFORG,347.9819030761719,379.3999938964844,382.5,377.0,380.45001220703125,1596484
2014-10-27,BHARATFORG,351.69659423828125,383.45001220703125,391.92498779296875,382.07501220703125,390.375,1598302
2014-10-28,BHARATFORG,348.9449768066406,380.45001220703125,384.70001220703125,373.1499938964844,380.54998779296875,1976582
2014-10-29,BHARATFORG,351.2837829589844,383.0,385.0,380.0,381.5,1105952
2014-10-30,BHARATFORG,367.5181579589844,400.70001220703125,402.67498779296875,380.29998779296875,380.29998779296875,4588706
2014-10-31,BHARATFORG,372.8607177734375,406.5249938964844,411.0,403.54998779296875,403.54998779296875,2049992
2014-11-03,BHARATFORG,372.0352478027344,405.625,410.7250061035156,400.92498779296875,405.32501220703125,1290554
2014-11-05,BHARATFORG,386.6184997558594,421.5249938964844,424.70001220703125,407.5,408.5,2479106
2014-11-07,BHARATFORG,383.2707214355469,417.875,426.75,412.5,423.4750061035156,2059206
2014-11-10,BHARATFORG,405.8566589355469,442.5,444.75,413.70001220703125,420.5,6749368
2014-11-11,BHARATFORG,417.0692443847656,454.7250061035156,457.625,443.70001220703125,447.4750061035156,7120412
2014-11-12,BHARATFORG,416.40423583984375,454.0,459.45001220703125,450.7749938964844,455.5,2445160
2014-11-13,BHARATFORG,417.87188720703125,455.6000061035156,461.67498779296875,450.04998779296875,455.54998779296875,1734282
2014-11-14,BHARATFORG,416.9775085449219,454.625,459.6000061035156,452.92498779296875,456.0,958848
2014-11-17,BHARATFORG,413.2859191894531,450.6000061035156,457.3500061035156,448.54998779296875,453.5,2134300
2014-11-18,BHARATFORG,431.6985168457031,470.67498779296875,473.70001220703125,452.17498779296875,453.20001220703125,3444750
2014-11-19,BHARATFORG,420.7609558105469,458.75,478.125,452.45001220703125,474.5,2684580
2014-11-20,BHARATFORG,423.1456604003906,461.3500061035156,463.0,449.1499938964844,460.29998779296875,1688326
2014-11-21,BHARATFORG,418.4679260253906,456.25,466.1000061035156,453.5,463.125,1344938
2014-11-24,BHARATFORG,431.1710510253906,470.1000061035156,475.0,458.8500061035156,462.5,2249222
2014-11-25,BHARATFORG,431.6067199707031,470.57501220703125,473.29998779296875,461.29998779296875,472.5,2417954
2014-11-26,BHARATFORG,431.95068359375,470.95001220703125,472.0,465.0249938964844,465.5,1318350
2014-11-27,BHARATFORG,437.86651611328125,477.3999938964844,481.0,466.57501220703125,471.5,2548996
2014-11-28,BHARATFORG,442.5442810058594,482.5,489.5,478.0,478.0,1277068
2014-12-01,BHARATFORG,436.5824890136719,476.0,484.70001220703125,473.67498779296875,480.0,899060
2014-12-02,BHARATFORG,452.58746337890625,493.45001220703125,497.20001220703125,464.95001220703125,475.5,1796348
2014-12-03,BHARATFORG,459.6497497558594,501.1499938964844,505.0,492.95001220703125,499.0,1475304
2014-12-04,BHARATFORG,454.55938720703125,495.6000061035156,504.42498779296875,487.5,502.4750061035156,1144868
2014-12-05,BHARATFORG,450.1339416503906,490.7749938964844,507.5,487.5249938964844,498.3999938964844,1550540
2014-12-08,BHARATFORG,446.8321533203125,487.17498779296875,495.54998779296875,481.3999938964844,488.54998779296875,1015550
2014-12-09,BHARATFORG,434.2666015625,473.4750061035156,486.92498779296875,460.70001220703125,485.0,1544586
2014-12-10,BHARATFORG,442.4295959472656,482.375,485.92498779296875,468.125,472.42498779296875,1606102
2014-12-11,BHARATFORG,422.8934631347656,461.07501220703125,481.0,459.0249938964844,481.0,3011696
2014-12-12,BHARATFORG,422.2971496582031,460.42498779296875,469.82501220703125,457.0,463.0,1575008
2014-12-15,BHARATFORG,419.1099853515625,456.95001220703125,464.92498779296875,453.45001220703125,457.67498779296875,957654
2014-12-16,BHARATFORG,411.1533508300781,448.2749938964844,458.8999938964844,445.0,452.45001220703125,1275276
2014-12-17,BHARATFORG,396.5013427734375,432.29998779296875,448.4750061035156,420.0249938964844,446.54998779296875,2457326
2014-12-18,BHARATFORG,414.8679504394531,452.32501220703125,454.17498779296875,432.67498779296875,444.5,1595752
2014-12-19,BHARATFORG,416.28961181640625,453.875,460.0,451.75,457.45001220703125,1065842
2014-12-22,BHARATFORG,420.1877746582031,458.125,459.70001220703125,452.75,453.0,895890
2014-12-23,BHARATFORG,417.3444519042969,455.0249938964844,462.5,453.5,459.0,988060
2014-12-24,BHARATFORG,419.61444091796875,457.5,464.0,447.82501220703125,454.29998779296875,2085462
2014-12-26,BHARATFORG,417.0463562011719,454.70001220703125,463.0,451.0,455.0,682566
2014-12-29,BHARATFORG,431.9277038574219,470.92498779296875,472.5,456.0,459.95001220703125,930486
2014-12-30,BHARATFORG,429.70361328125,468.5,474.75,464.57501220703125,474.0,881042
2014-12-31,BHARATFORG,433.05126953125,472.1499938964844,474.95001220703125,463.32501220703125,467.5,691140
2015-01-01,BHARATFORG,430.13922119140625,468.9750061035156,473.9750061035156,467.1499938964844,469.0,247000
2015-01-02,BHARATFORG,432.5467834472656,471.6000061035156,479.5,468.82501220703125,471.375,1085590
2015-01-05,BHARATFORG,433.9685363769531,473.1499938964844,478.0,470.3500061035156,473.625,773022
2015-01-06,BHARATFORG,409.38775634765625,446.3500061035156,470.0,437.7749938964844,470.0,1387456
2015-01-07,BHARATFORG,412.91900634765625,450.20001220703125,454.70001220703125,437.7749938964844,451.8500061035156,1912204
2015-01-08,BHARATFORG,426.86029052734375,465.3999938964844,467.5,453.1499938964844,453.1499938964844,932046
2015-01-09,BHARATFORG,426.05767822265625,464.5249938964844,471.25,459.07501220703125,467.79998779296875,754678
2015-01-12,BHARATFORG,459.1912536621094,500.6499938964844,502.5,465.0,465.0,3760846
2015-01-13,BHARATFORG,451.761962890625,492.54998779296875,505.0,490.67498779296875,504.0,1902398
2015-01-14,BHARATFORG,450.89068603515625,491.6000061035156,500.0,486.54998779296875,494.5,1217052
2015-01-15,BHARATFORG,451.234619140625,491.9750061035156,499.5,486.25,499.5,649338
2015-01-16,BHARATFORG,467.17083740234375,509.3500061035156,514.9249877929688,488.6000061035156,494.25,2908808
2015-01-19,BHARATFORG,467.4229736328125,509.625,519.0,507.5,513.1500244140625,979492
2015-01-20,BHARATFORG,462.4013671875,504.1499938964844,514.5,499.625,512.4500122070312,1099468
2015-01-21,BHARATFORG,462.6535949707031,504.42498779296875,513.4500122070312,497.8999938964844,505.5,818084
2015-01-22,BHARATFORG,467.3542175292969,509.54998779296875,518.5,504.0,507.5,1507718
2015-01-23,BHARATFORG,460.9567565917969,502.57501220703125,517.0,499.5,514.9500122070312,1212640
2015-01-27,BHARATFORG,466.0701904296875,508.1499938964844,513.5,505.5,505.95001220703125,968356
2015-01-28,BHARATFORG,465.4510192871094,507.4750061035156,519.25,501.7749938964844,508.0,1547218
2015-01-29,BHARATFORG,478.01654052734375,521.1749877929688,524.9500122070312,502.95001220703125,509.6499938964844,2454242
2015-01-30,BHARATFORG,474.3936767578125,517.2249755859375,526.0,511.5,522.9000244140625,1217476
2015-02-02,BHARATFORG,488.83941650390625,532.9749755859375,536.0,516.5499877929688,518.2249755859375,3200678
2015-02-03,BHARATFORG,500.99212646484375,546.2249755859375,551.9749755859375,538.5499877929688,540.0,3087006
2015-02-04,BHARATFORG,497.00238037109375,541.875,556.5,539.0,547.0,2030356
2015-02-05,BHARATFORG,498.9743957519531,544.0250244140625,554.2750244140625,538.7999877929688,543.5,1686040
2015-02-06,BHARATFORG,485.05584716796875,528.8499755859375,547.625,525.1749877929688,544.625,1021740
2015-02-09,BHARATFORG,492.508056640625,536.9749755859375,546.4249877929688,508.04998779296875,525.5,1262224
2015-02-10,BHARATFORG,500.96942138671875,546.2000122070312,555.0,530.2249755859375,534.8250122070312,1671562
2015-02-11,BHARATFORG,524.6979370117188,570.5,574.75,548.5,552.0,2615552
2015-02-12,BHARATFORG,543.6209106445312,591.0750122070312,596.0750122070312,573.0,573.5,1855700
2015-02-13,BHARATFORG,546.3802490234375,594.0750122070312,604.7000122070312,587.5,591.5,2086520
2015-02-16,BHARATFORG,540.4480590820312,587.625,597.375,574.0,595.0,1519556
2015-02-18,BHARATFORG,563.6248168945312,612.8250122070312,614.9500122070312,589.7999877929688,591.4500122070312,2169270
2015-02-19,BHARATFORG,573.603759765625,623.6749877929688,640.25,610.1500244140625,625.9500122070312,5410798
2015-02-20,BHARATFORG,588.779052734375,640.1749877929688,650.9500122070312,614.0999755859375,626.5,3539302
2015-02-23,BHARATFORG,581.67431640625,632.4500122070312,649.0,628.5750122070312,642.1500244140625,1774758
2015-02-24,BHARATFORG,584.9623413085938,636.0250244140625,638.75,624.875,635.25,1568166
2015-02-25,BHARATFORG,601.5170288085938,654.0250244140625,658.5,643.5250244140625,645.0,2714368
2015-02-26,BHARATFORG,579.3292236328125,629.9000244140625,656.5,620.0,654.75,3700698
2015-02-27,BHARATFORG,574.3626098632812,624.5,640.0,619.5750122070312,634.125,3155952
2015-03-02,BHARATFORG,591.607177734375,643.25,646.5,624.7249755859375,630.0,1931006
2015-03-03,BHARATFORG,593.6764526367188,645.5,648.5,633.5,645.25,1300746
2015-03-04,BHARATFORG,582.0651245117188,632.875,654.7000122070312,626.625,645.0,1426324
2015-03-05,BHARATFORG,594.7112426757812,646.625,654.2000122070312,629.375,634.375,2118834
2015-03-09,BHARATFORG,583.6055908203125,634.5499877929688,650.5,632.2000122070312,644.0499877929688,964602
2015-03-10,BHARATFORG,590.5493774414062,642.0999755859375,646.0750122070312,630.0,636.5,1257442
2015-03-11,BHARATFORG,600.091552734375,652.4749755859375,654.5,636.0,644.7750244140625,1600138
2015-03-12,BHARATFORG,613.2206420898438,666.75,669.0,655.0,657.5,2352920
2015-03-13,BHARATFORG,592.73388671875,644.4749755859375,673.6500244140625,640.0,670.75,2106036
2015-03-16,BHARATFORG,596.1369018554688,648.1749877929688,657.5,630.0999755859375,648.7999877929688,1134968
2015-03-17,BHARATFORG,603.9313354492188,656.6500244140625,661.9000244140625,646.0750122070312,652.9749755859375,1384930
2015-03-18,BHARATFORG,597.3553466796875,649.5,662.9749755859375,645.5750122070312,662.0,990350
2015-03-19,BHARATFORG,601.7011108398438,654.2249755859375,667.9500122070312,650.0,655.0,1760740
2015-03-20,BHARATFORG,592.0670776367188,643.75,669.0,640.5999755859375,662.3499755859375,1239690
2015-03-23,BHARATFORG,596.4356689453125,648.5,653.4000244140625,641.5250244140625,646.0,1328462
2015-03-24,BHARATFORG,596.5736694335938,648.6500244140625,652.9000244140625,640.0,642.0999755859375,1008468
2015-03-25,BHARATFORG,579.3059692382812,629.875,656.0,626.7999877929688,650.0,1344646
2015-03-26,BHARATFORG,556.1520385742188,604.7000122070312,629.9749755859375,600.0,625.0,2666176
2015-03-27,BHARATFORG,561.6246337890625,610.6500244140625,614.5,593.4749755859375,608.5,2057914
2015-03-30,BHARATFORG,576.2020874023438,626.5,631.0,614.7000122070312,618.5,910198
2015-03-31,BHARATFORG,587.1694946289062,638.4249877929688,641.125,626.5,632.2000122070312,1508066
2015-04-01,BHARATFORG,608.2081298828125,661.2999877929688,666.5499877929688,632.5250244140625,632.5250244140625,1408838
2015-04-06,BHARATFORG,605.01220703125,657.8250122070312,681.5,654.1500244140625,669.5499877929688,2332470
2015-04-07,BHARATFORG,604.1383666992188,656.875,669.5,650.5,662.5,1030682
2015-04-08,BHARATFORG,616.0717163085938,669.8499755859375,673.5,658.25,662.7000122070312,1154820
2015-04-09,BHARATFORG,606.989501953125,659.9749755859375,676.2249755859375,656.0,675.0,1464686
2015-04-10,BHARATFORG,612.4385986328125,665.9000244140625,671.1749877929688,660.0,660.0,912128
2015-04-13,BHARATFORG,602.7587280273438,655.375,664.7249755859375,652.7999877929688,661.0,1092488
2015-04-15,BHARATFORG,605.1729736328125,658.0,668.4500122070312,653.5,657.25,1378154
2015-04-16,BHARATFORG,598.045166015625,650.25,663.5,640.0,660.75,1464340
2015-04-17,BHARATFORG,550.51904296875,598.5750122070312,642.5999755859375,595.5,641.5,3153334
2015-04-20,BHARATFORG,543.828125,591.2999877929688,598.2999877929688,573.2999877929688,595.5,3267222
2015-04-21,BHARATFORG,543.3221435546875,590.75,604.4000244140625,580.2999877929688,600.0,1828048
2015-04-22,BHARATFORG,535.780517578125,582.5499877929688,599.0,573.0499877929688,599.0,2249154
2015-04-23,BHARATFORG,538.8384399414062,585.875,593.5250244140625,579.0,586.5,1855830
2015-04-24,BHARATFORG,552.7261962890625,600.9749755859375,607.9000244140625,581.25,589.6749877929688,1801558
2015-04-27,BHARATFORG,542.4943237304688,589.8499755859375,610.0,577.375,600.0,1601296
2015-04-28,BHARATFORG,558.9802856445312,607.7750244140625,611.25,580.0,581.1500244140625,1731926
2015-04-29,BHARATFORG,572.9140014648438,622.9249877929688,629.0,615.3499755859375,618.5,1612240
2015-04-30,BHARATFORG,577.0068359375,627.375,631.0750122070312,606.5750122070312,624.2999877929688,2130070
2015-05-04,BHARATFORG,582.7318725585938,633.5999755859375,641.2249755859375,631.4500122070312,633.5999755859375,1069424
2015-05-05,BHARATFORG,600.71240234375,653.1500244140625,655.1500244140625,633.9749755859375,633.9749755859375,2035570
2015-05-06,BHARATFORG,569.2122802734375,618.9000244140625,662.5,613.3250122070312,649.25,2849030
2015-05-07,BHARATFORG,554.2667846679688,602.6500244140625,623.5,587.5,618.0,3064756
2015-05-08,BHARATFORG,564.7056884765625,614.0,629.5,610.0,610.0,1128848
2015-05-11,BHARATFORG,571.09765625,620.9500122070312,634.0,616.0,616.0,1180000
2015-05-12,BHARATFORG,564.4525756835938,613.7249755859375,627.9749755859375,605.0,622.0,1396876
2015-05-13,BHARATFORG,572.109375,622.0499877929688,632.1500244140625,617.7999877929688,625.5,2742714
2015-05-14,BHARATFORG,594.895263671875,646.8250122070312,650.0,612.875,620.5,2518512
2015-05-15,BHARATFORG,584.502197265625,635.5250244140625,657.5,634.0,652.0,2200234
2015-05-18,BHARATFORG,593.6537475585938,645.4749755859375,647.9500122070312,633.8250122070312,638.5,1553626
2015-05-19,BHARATFORG,592.73388671875,644.4749755859375,656.8499755859375,633.8499755859375,645.4500122070312,2232416
2015-05-20,BHARATFORG,569.3961181640625,619.0999755859375,665.875,613.9249877929688,651.4749755859375,8739096
2015-05-21,BHARATFORG,571.5804443359375,621.4749755859375,625.9249877929688,608.9749755859375,619.0999755859375,4065708
2015-05-22,BHARATFORG,562.9579467773438,612.0999755859375,625.9749755859375,605.5,625.9749755859375,2713202
2015-05-25,BHARATFORG,576.8688354492188,627.2249755859375,629.9749755859375,607.75,610.9749755859375,3406034
2015-05-26,BHARATFORG,587.0086669921875,638.25,640.0,625.9000244140625,632.4000244140625,3896440
2015-05-27,BHARATFORG,569.87890625,619.625,637.4249877929688,616.625,634.6500244140625,3495254
2015-05-28,BHARATFORG,556.1520385742188,604.7000122070312,622.3499755859375,601.4500122070312,621.25,4037026
2015-05-29,BHARATFORG,566.3379516601562,615.7750244140625,630.9500122070312,600.2750244140625,605.4000244140625,20421386
2015-06-01,BHARATFORG,558.3134765625,607.0499877929688,614.5,603.5499877929688,611.7249755859375,1953940
2015-06-02,BHARATFORG,556.0831298828125,604.625,620.0,597.2999877929688,607.4500122070312,1768270
2015-06-03,BHARATFORG,547.8057861328125,595.625,608.9249877929688,589.0250244140625,605.0499877929688,1971634
2015-06-04,BHARATFORG,551.0476684570312,599.1500244140625,603.4749755859375,582.5499877929688,595.0250244140625,2191836
2015-06-05,BHARATFORG,545.4833374023438,593.0999755859375,598.8499755859375,588.2999877929688,591.5,1785542
2015-06-08,BHARATFORG,530.6300659179688,576.9500122070312,594.7249755859375,574.2750244140625,594.4500122070312,1703514
2015-06-09,BHARATFORG,503.5444030761719,547.5,575.5,502.5,573.5,7781618
2015-06-10,BHARATFORG,525.4566040039062,571.3250122070312,574.0,547.6500244140625,547.6500244140625,2166354
2015-06-11,BHARATFORG,507.798095703125,552.125,579.8250122070312,547.9500122070312,572.5,2265876
2015-06-12,BHARATFORG,509.4075622558594,553.875,558.0999755859375,540.625,552.5,1576490
2015-06-15,BHARATFORG,498.39404296875,541.9000244140625,563.2249755859375,538.5499877929688,557.9749755859375,1611372
2015-06-16,BHARATFORG,502.9696350097656,546.875,550.9000244140625,537.0,546.5,1323756
2015-06-17,BHARATFORG,514.2820434570312,559.1749877929688,562.4749755859375,541.0,550.5,1969292
2015-06-18,BHARATFORG,509.84429931640625,554.3499755859375,566.75,552.2750244140625,562.5,1329284
2015-06-19,BHARATFORG,518.6047973632812,563.875,567.5,552.75,559.3499755859375,1700766
2015-06-22,BHARATFORG,523.3182373046875,569.0,571.5,557.7999877929688,564.2750244140625,1595344
2015-06-23,BHARATFORG,524.8358764648438,570.6500244140625,580.0,567.0,571.5,1291734
2015-06-24,BHARATFORG,515.5007934570312,560.5,573.7000122070312,557.2750244140625,572.0,1477124
2015-06-25,BHARATFORG,520.9500122070312,566.4249877929688,570.9749755859375,553.0,555.0,1968236
2015-06-26,BHARATFORG,512.9716186523438,557.75,572.5,555.0250244140625,563.5,1462656
2015-06-29,BHARATFORG,492.3468933105469,535.3250122070312,538.25,513.4000244140625,532.75,2441282
2015-06-30,BHARATFORG,488.9438781738281,531.625,539.0,526.75,539.0,2630564
2015-07-01,BHARATFORG,509.75244140625,554.25,557.9000244140625,528.6749877929688,530.5999755859375,1816088
2015-07-02,BHARATFORG,514.0752563476562,558.9500122070312,563.3499755859375,548.5,556.9749755859375,1229880
2015-07-03,BHARATFORG,494.1403503417969,537.2750244140625,562.4000244140625,535.0499877929688,562.4000244140625,1989068
2015-07-06,BHARATFORG,501.9349365234375,545.75,549.2000122070312,510.625,515.0,2601786
2015-07-07,BHARATFORG,493.35858154296875,536.4249877929688,549.4000244140625,532.5,547.5,1680182
2015-07-08,BHARATFORG,485.5409851074219,527.9249877929688,541.2000122070312,520.5750122070312,531.25,1899612
2015-07-09,BHARATFORG,493.9564514160156,537.0750122070312,541.8499755859375,529.0,533.5,1511718
2015-07-10,BHARATFORG,492.73773193359375,535.75,543.2750244140625,532.0,539.9000244140625,1668424
2015-07-13,BHARATFORG,516.6502685546875,561.75,563.5,532.625,538.2000122070312,2098648
2015-07-14,BHARATFORG,506.21160888671875,550.4000244140625,564.5,546.7000122070312,564.5,1211070
2015-07-15,BHARATFORG,509.08563232421875,553.5250244140625,563.4500122070312,551.2000122070312,553.9749755859375,1639222
2015-07-16,BHARATFORG,519.3176879882812,564.6500244140625,569.3499755859375,556.4749755859375,557.25,1609360
2015-07-17,BHARATFORG,520.3751220703125,565.7999877929688,572.2249755859375,561.0999755859375,567.0,1321586
2015-07-20,BHARATFORG,513.5653076171875,556.1749877929688,567.6500244140625,551.5,567.6500244140625,782962
2015-07-21,BHARATFORG,502.6461486816406,544.3499755859375,559.4500122070312,538.4000244140625,557.9000244140625,1041082
2015-07-22,BHARATFORG,505.6240234375,547.5750122070312,554.1500244140625,538.6749877929688,543.0,1230010
2015-07-23,BHARATFORG,512.5724487304688,555.0999755859375,559.0,545.5499877929688,549.5,860970
2015-07-24,BHARATFORG,511.9031066894531,554.375,561.4000244140625,548.5,556.5,776228
2015-07-27,BHARATFORG,510.5411071777344,552.9000244140625,559.125,540.6749877929688,550.9500122070312,1264112
2015-07-28,BHARATFORG,505.9704895019531,547.9500122070312,557.7249755859375,544.25,553.5,1013304
2015-07-29,BHARATFORG,510.8182067871094,553.2000122070312,554.7750244140625,542.2000122070312,548.0,958946
2015-07-30,BHARATFORG,512.4341430664062,554.9500122070312,567.0750122070312,552.75,557.5,1729928
2015-07-31,BHARATFORG,529.9553833007812,573.9249877929688,576.0,556.5,556.5,1517054
2015-08-03,BHARATFORG,537.9888305664062,582.625,599.5,565.0,575.75,4859680
2015-08-04,BHARATFORG,543.4597778320312,588.5499877929688,596.9500122070312,577.7750244140625,586.5499877929688,2393532
2015-08-05,BHARATFORG,574.1624755859375,621.7999877929688,624.0,590.7999877929688,593.0,3549322
2015-08-06,BHARATFORG,568.7607421875,615.9500122070312,624.7000122070312,607.6500244140625,624.7000122070312,1514564
2015-08-07,BHARATFORG,564.5130615234375,611.3499755859375,628.625,608.4500122070312,616.5,1420420
2015-08-10,BHARATFORG,561.18896484375,607.75,618.7000122070312,602.5,612.5,995122
2015-08-11,BHARATFORG,554.7483520507812,600.7750244140625,612.4500122070312,599.0,609.9000244140625,1331496
2015-08-12,BHARATFORG,538.542724609375,583.2249755859375,599.9000244140625,579.5250244140625,598.0,1017454
2015-08-13,BHARATFORG,536.4191284179688,580.9249877929688,597.3250122070312,575.375,585.0499877929688,1276774
2015-08-14,BHARATFORG,565.8289184570312,612.7750244140625,615.4249877929688,580.0999755859375,586.9249877929688,1495666
2015-08-17,BHARATFORG,575.5014038085938,623.25,627.2000122070312,602.9500122070312,614.0,1982740
2015-08-18,BHARATFORG,578.8949584960938,626.9249877929688,638.9000244140625,621.9500122070312,628.5,2454128
2015-08-19,BHARATFORG,591.337646484375,640.4000244140625,644.5,625.0,625.5999755859375,2048096
2015-08-20,BHARATFORG,581.9651489257812,630.25,646.5,625.3499755859375,640.0,2008704
2015-08-21,BHARATFORG,563.1744384765625,609.9000244140625,625.0,604.0,619.4500122070312,1529444
2015-08-24,BHARATFORG,516.1276245117188,558.9500122070312,597.5,543.0,575.0,2761002
2015-08-25,BHARATFORG,537.5963745117188,582.2000122070312,597.0,546.25,559.4000244140625,1724430
2015-08-26,BHARATFORG,511.51055908203125,553.9500122070312,586.9749755859375,542.0,582.0,1416016
2015-08-27,BHARATFORG,544.683349609375,589.875,598.2000122070312,565.0,572.5,1573242
2015-08-28,BHARATFORG,546.0453491210938,591.3499755859375,599.9500122070312,585.75,594.3499755859375,1426222
2015-08-31,BHARATFORG,539.2123413085938,583.9500122070312,598.0,580.5499877929688,586.5,1661026
2015-09-01,BHARATFORG,522.129638671875,565.4500122070312,587.0,552.5,575.0,1401390
2015-09-02,BHARATFORG,514.4423828125,557.125,574.2000122070312,553.0,569.5,1036996
2015-09-03,BHARATFORG,521.044677734375,564.2750244140625,572.1500244140625,560.0,560.5,683432
2015-09-04,BHARATFORG,497.3828430175781,538.6500244140625,566.5,530.2999877929688,564.2750244140625,1553730
2015-09-07,BHARATFORG,468.8732604980469,507.7749938964844,540.2249755859375,505.0,536.0,1568046
2015-09-08,BHARATFORG,471.7818298339844,510.92498779296875,519.2000122070312,490.2749938964844,508.57501220703125,2832988
2015-09-09,BHARATFORG,486.60223388671875,526.9749755859375,537.5,520.0,521.0,1289650
2015-09-10,BHARATFORG,471.9434814453125,511.1000061035156,517.5,504.1000061035156,517.5,1734746
2015-09-11,BHARATFORG,475.867919921875,515.3499755859375,527.0,511.0,519.0,947382
2015-09-14,BHARATFORG,473.7672119140625,513.0750122070312,520.75,509.0,519.0,897360
2015-09-15,BHARATFORG,442.5105285644531,479.2250061035156,505.0,478.54998779296875,505.0,4102364
2015-09-16,BHARATFORG,434.0615234375,470.07501220703125,486.25,468.0,480.54998779296875,3439846
2015-09-18,BHARATFORG,427.34393310546875,462.79998779296875,478.45001220703125,460.5,474.8500061035156,4229276
2015-09-21,BHARATFORG,416.70184326171875,451.2749938964844,467.3999938964844,449.5249938964844,460.0,3527722
2015-09-22,BHARATFORG,420.2107238769531,455.07501220703125,465.95001220703125,448.54998779296875,455.0,3484792
2015-09-23,BHARATFORG,423.5580139160156,458.70001220703125,463.8999938964844,447.04998779296875,450.79998779296875,2101092
2015-09-24,BHARATFORG,416.9326171875,451.5249938964844,462.5,450.375,461.5,3075276
2015-09-28,BHARATFORG,418.871826171875,453.625,459.79998779296875,441.20001220703125,451.8999938964844,2058286
2015-09-29,BHARATFORG,413.9779052734375,448.32501220703125,456.5249938964844,442.0,442.5,2130838
2015-09-30,BHARATFORG,419.0102844238281,453.7749938964844,459.0,449.0,451.45001220703125,1710680
2015-10-01,BHARATFORG,427.82867431640625,463.32501220703125,468.75,454.5,457.5,3298682
2015-10-05,BHARATFORG,437.80126953125,474.125,476.8500061035156,466.5249938964844,469.5,2078964
2015-10-06,BHARATFORG,430.2756652832031,465.9750061035156,478.125,462.8999938964844,476.5,1859244
2015-10-07,BHARATFORG,430.2293701171875,465.92498779296875,469.20001220703125,461.04998779296875,465.5,1577014
2015-10-08,BHARATFORG,429.60614013671875,465.25,471.29998779296875,464.0,466.0,1186754
2015-10-09,BHARATFORG,437.96282958984375,474.29998779296875,476.25,468.0,469.45001220703125,2254188
2015-10-12,BHARATFORG,441.51788330078125,478.1499938964844,483.8999938964844,475.25,481.0,1280692
2015-10-13,BHARATFORG,431.66082763671875,467.4750061035156,482.29998779296875,465.1499938964844,479.5,934470
2015-10-14,BHARATFORG,411.09222412109375,445.20001220703125,453.3999938964844,438.25,443.5,5045276
2015-10-15,BHARATFORG,408.737548828125,442.6499938964844,451.79998779296875,439.07501220703125,447.5,2207088
2015-10-16,BHARATFORG,413.9085998535156,448.25,453.67498779296875,440.04998779296875,445.0,1733002
2015-10-19,BHARATFORG,413.77008056640625,448.1000061035156,451.25,445.54998779296875,450.0,1040680
2015-10-20,BHARATFORG,430.85272216796875,466.6000061035156,469.125,447.42498779296875,447.70001220703125,2575044
2015-10-21,BHARATFORG,427.64398193359375,463.125,469.0,460.0,467.45001220703125,860062
2015-10-23,BHARATFORG,425.8202819824219,461.1499938964844,469.57501220703125,460.5,465.3999938964844,928482
2015-10-26,BHARATFORG,416.4017639160156,450.95001220703125,463.42498779296875,447.5,461.4750061035156,2149096
2015-10-27,BHARATFORG,422.1267395019531,457.1499938964844,459.5,446.5,450.5,1204108
2015-10-28,BHARATFORG,400.727294921875,433.9750061035156,456.0,430.6000061035156,456.0,2326918
2015-10-29,BHARATFORG,375.95745849609375,407.1499938964844,440.0,405.0,433.8999938964844,10177440
2015-10-30,BHARATFORG,396.7566223144531,429.67498779296875,434.5,407.0,409.20001220703125,5209966
2015-11-02,BHARATFORG,397.5877685546875,430.57501220703125,434.45001220703125,424.25,434.45001220703125,1126386
2015-11-03,BHARATFORG,395.1176452636719,427.8999938964844,433.6499938964844,421.6000061035156,432.5,1298416
2015-11-04,BHARATFORG,399.7807922363281,432.95001220703125,437.8500061035156,425.5,429.8999938964844,1601270
2015-11-05,BHARATFORG,397.37994384765625,430.3500061035156,437.79998779296875,427.5,433.45001220703125,1045662
2015-11-06,BHARATFORG,400.03472900390625,433.2250061035156,436.0,425.5,432.5,965858
2015-11-09,BHARATFORG,406.68310546875,440.42498779296875,442.9750061035156,423.0,426.0249938964844,1317704
2015-11-10,BHARATFORG,406.8447265625,440.6000061035156,448.3500061035156,435.0,441.0,922018
2015-11-13,BHARATFORG,414.71649169921875,449.125,450.0,433.5,438.0249938964844,1050528
2015-11-16,BHARATFORG,410.4227600097656,444.4750061035156,449.8500061035156,439.45001220703125,445.5,875460
2015-11-17,BHARATFORG,405.8751220703125,439.54998779296875,446.5,435.25,446.5,777666
2015-11-18,BHARATFORG,389.16180419921875,421.45001220703125,439.8500061035156,419.5249938964844,435.0,1992030
2015-11-19,BHARATFORG,396.96441650390625,429.8999938964844,434.0,418.57501220703125,424.20001220703125,2063296
2015-11-20,BHARATFORG,401.7891540527344,435.125,438.42498779296875,425.5,429.5,1012262
2015-11-23,BHARATFORG,408.9453430175781,442.875,444.0,432.125,434.5,1019828
2015-11-24,BHARATFORG,405.1826477050781,438.79998779296875,446.92498779296875,436.17498779296875,442.5,1121646
2015-11-26,BHARATFORG,396.57196044921875,429.4750061035156,442.5,428.5,440.29998779296875,1766742
2015-11-27,BHARATFORG,393.8018798828125,426.4750061035156,434.75,425.04998779296875,431.5,1295830
2015-11-30,BHARATFORG,393.7786865234375,426.45001220703125,431.5,423.32501220703125,423.5,1936694
2015-12-01,BHARATFORG,391.4241027832031,423.8999938964844,429.5249938964844,420.0,427.3500061035156,1284238
2015-12-02,BHARATFORG,391.3316955566406,423.79998779296875,430.0,416.3999938964844,424.5,2239504
2015-12-03,BHARATFORG,399.43450927734375,432.57501220703125,436.45001220703125,421.6000061035156,422.5,1404100
2015-12-04,BHARATFORG,387.6843566894531,419.8500061035156,432.0,419.0249938964844,430.0,1888388
2015-12-07,BHARATFORG,383.7138671875,415.54998779296875,418.42498779296875,408.3500061035156,415.54998779296875,1772216
2015-12-08,BHARATFORG,382.14404296875,413.8500061035156,417.5,406.3500061035156,412.5249938964844,2303852
2015-12-09,BHARATFORG,366.3079528808594,396.70001220703125,403.82501220703125,386.5249938964844,400.0,4902336
2015-12-10,BHARATFORG,370.9710693359375,401.75,407.5,394.5,400.5,2433590
2015-12-11,BHARATFORG,369.81683349609375,400.5,405.0,395.5,402.5,1749372
2015-12-14,BHARATFORG,366.7696533203125,397.20001220703125,401.0,391.5,401.0,1738016
2015-12-15,BHARATFORG,379.7894287109375,411.29998779296875,413.5,397.5,398.5,2391140
2015-12-16,BHARATFORG,388.0998840332031,420.29998779296875,423.6000061035156,411.0,413.5,1920230
2015-12-17,BHARATFORG,387.4304504394531,419.57501220703125,423.42498779296875,416.67498779296875,420.8999938964844,1772524
2015-12-18,BHARATFORG,385.1911926269531,417.1499938964844,420.0,413.67498779296875,413.92498779296875,1638630
2015-12-21,BHARATFORG,394.494384765625,427.2250061035156,428.17498779296875,413.0249938964844,413.0249938964844,1056078
2015-12-22,BHARATFORG,399.22674560546875,432.3500061035156,434.7250061035156,427.5,428.6499938964844,1137832
2015-12-23,BHARATFORG,393.2246398925781,425.8500061035156,437.5,424.20001220703125,433.0,1440258
2015-12-24,BHARATFORG,397.172119140625,430.125,433.95001220703125,427.0,428.5,863458
2015-12-28,BHARATFORG,417.6944580078125,452.3500061035156,455.25,430.17498779296875,431.0249938964844,3462970
2015-12-29,BHARATFORG,412.385009765625,446.6000061035156,456.45001220703125,445.625,455.0,1755170
2015-12-30,BHARATFORG,413.5853576660156,447.8999938964844,458.3500061035156,445.3500061035156,448.5,2424958
2015-12-31,BHARATFORG,411.8309631347656,446.0,453.25,444.125,449.5,1962376
2016-01-01,BHARATFORG,409.84564208984375,443.8500061035156,448.8999938964844,442.5,446.5,446570
2016-01-04,BHARATFORG,402.0892333984375,435.45001220703125,444.79998779296875,432.5,443.25,1073094
2016-01-05,BHARATFORG,395.87945556640625,428.7250061035156,438.1499938964844,427.25,435.04998779296875,1469778
2016-01-06,BHARATFORG,404.60546875,438.17498779296875,441.3500061035156,428.79998779296875,428.79998779296875,1551644
2016-01-07,BHARATFORG,380.7359313964844,412.32501220703125,437.0,409.67498779296875,435.0,1597256
2016-01-08,BHARATFORG,383.8984680175781,415.75,429.0,413.32501220703125,413.32501220703125,1306070
2016-01-11,BHARATFORG,381.9593505859375,413.6499938964844,420.9750061035156,408.20001220703125,415.5,862258
2016-01-12,BHARATFORG,376.5574645996094,407.79998779296875,417.20001220703125,404.5,416.3500061035156,985978
2016-01-13,BHARATFORG,377.4809875488281,408.79998779296875,413.20001220703125,398.29998779296875,411.0,1260990
2016-01-14,BHARATFORG,377.1578369140625,408.45001220703125,415.0,398.07501220703125,407.3999938964844,1067976
2016-01-15,BHARATFORG,366.0078430175781,396.375,412.95001220703125,393.32501220703125,407.5249938964844,1320460
2016-01-18,BHARATFORG,358.228271484375,387.95001220703125,396.5,370.3999938964844,396.5,1995678
2016-01-19,BHARATFORG,364.78436279296875,395.04998779296875,402.5,379.95001220703125,392.7250061035156,1105592
2016-01-20,BHARATFORG,357.69732666015625,387.375,392.0,376.0,392.0,1239588
2016-01-21,BHARATFORG,360.1673583984375,390.04998779296875,396.3999938964844,386.1000061035156,392.0,860828
2016-01-22,BHARATFORG,368.6395568847656,399.2250061035156,401.70001220703125,391.04998779296875,394.3999938964844,730684
2016-01-25,BHARATFORG,375.449462890625,406.6000061035156,414.0,401.7749938964844,402.5,1099700
2016-01-27,BHARATFORG,381.61309814453125,413.2749938964844,415.7250061035156,399.2250061035156,409.75,1292480
2016-01-28,BHARATFORG,379.0506896972656,410.5,414.7250061035156,405.70001220703125,410.5,1179956
2016-01-29,BHARATFORG,384.844970703125,416.7749938964844,419.875,404.0,410.5,988026
2016-02-01,BHARATFORG,387.7997741699219,419.9750061035156,427.8999938964844,417.45001220703125,419.45001220703125,625232
2016-02-02,BHARATFORG,376.5113525390625,407.75,423.67498779296875,405.0,419.0,564412
2016-02-03,BHARATFORG,365.43072509765625,395.75,403.32501220703125,390.0,403.32501220703125,1182954
2016-02-04,BHARATFORG,365.91552734375,396.2749938964844,404.25,388.17498779296875,399.0,1842516
2016-02-05,BHARATFORG,356.1275939941406,385.67498779296875,400.3500061035156,381.1499938964844,400.0,1925538
2016-02-08,BHARATFORG,356.08135986328125,385.625,392.0249938964844,377.57501220703125,386.8999938964844,1516172
2016-02-09,BHARATFORG,359.1979064941406,389.0,405.29998779296875,374.0,385.0,5705140
2016-02-10,BHARATFORG,361.5524597167969,391.54998779296875,398.0,384.0,398.0,2129490
2016-02-11,BHARATFORG,353.3343200683594,382.6499938964844,393.8999938964844,378.04998779296875,393.0,1329434
2016-02-12,BHARATFORG,343.9619445800781,372.5,387.8500061035156,360.0,382.0249938964844,1503140
2016-02-15,BHARATFORG,362.7990417480469,392.8999938964844,395.0,375.5,375.5,802364
2016-02-16,BHARATFORG,357.7666320800781,387.45001220703125,399.5,384.125,399.20001220703125,1550552
2016-02-17,BHARATFORG,363.8846130371094,392.54998779296875,394.0,376.0,386.95001220703125,1694632
2016-02-18,BHARATFORG,357.0946350097656,385.2250061035156,400.875,381.70001220703125,396.29998779296875,1396214
2016-02-19,BHARATFORG,357.67388916015625,385.8500061035156,391.0,380.625,382.5,678382
2016-02-22,BHARATFORG,364.5335388183594,393.25,396.0,384.25,385.45001220703125,1164194
2016-02-23,BHARATFORG,355.5419006347656,383.54998779296875,394.45001220703125,381.45001220703125,394.45001220703125,1224152
2016-02-24,BHARATFORG,351.69488525390625,379.3999938964844,386.25,376.29998779296875,384.0,898804
2016-02-25,BHARATFORG,341.6371765136719,368.54998779296875,383.4750061035156,364.29998779296875,381.8500061035156,1961040
2016-02-26,BHARATFORG,344.3949279785156,371.5249938964844,376.75,366.75,376.75,756016
2016-02-29,BHARATFORG,345.9476318359375,373.20001220703125,379.5,364.5,376.32501220703125,1117398
2016-03-01,BHARATFORG,359.6668701171875,388.0,389.5,371.6499938964844,377.5,971810
2016-03-02,BHARATFORG,366.2716369628906,395.125,399.0,390.0,390.0,751960
2016-03-03,BHARATFORG,383.165771484375,413.3500061035156,414.75,397.75,398.95001220703125,1631756
2016-03-04,BHARATFORG,379.1333923339844,409.0,417.5,405.04998779296875,417.5,820756
2016-03-08,BHARATFORG,372.1811218261719,401.5,417.0,399.5,409.625,1166946
2016-03-09,BHARATFORG,383.1889343261719,413.375,415.4750061035156,397.5,400.82501220703125,1054114
2016-03-10,BHARATFORG,380.6860656738281,410.67498779296875,423.45001220703125,407.54998779296875,416.3999938964844,1498160
2016-03-11,BHARATFORG,378.4150085449219,408.2250061035156,414.95001220703125,406.0,411.5,833666
2016-03-14,BHARATFORG,377.4184875488281,407.1499938964844,413.70001220703125,403.82501220703125,411.9750061035156,799214
2016-03-15,BHARATFORG,372.64447021484375,402.0,408.5,401.0249938964844,408.5,850226
2016-03-16,BHARATFORG,375.68035888671875,405.2749938964844,406.3500061035156,397.1000061035156,402.5,686398
2016-03-17,BHARATFORG,382.58636474609375,412.7250061035156,418.5,407.20001220703125,407.29998779296875,1411092
2016-03-18,BHARATFORG,395.4409484863281,424.5249938964844,426.20001220703125,411.0249938964844,413.45001220703125,1445320
2016-03-21,BHARATFORG,407.8996276855469,437.8999938964844,439.45001220703125,427.79998779296875,429.25,1399918
2016-03-22,BHARATFORG,408.8078308105469,438.875,446.07501220703125,432.5,442.4750061035156,1432518
2016-03-23,BHARATFORG,413.81463623046875,444.25,447.20001220703125,437.75,438.8500061035156,1335766
2016-03-28,BHARATFORG,409.296875,439.3999938964844,450.9750061035156,437.4750061035156,447.5,863680
2016-03-29,BHARATFORG,415.4215087890625,445.9750061035156,457.5,430.0,437.0,2220570
2016-03-30,BHARATFORG,414.4433898925781,444.92498779296875,454.8999938964844,443.0,450.95001220703125,1545626
2016-03-31,BHARATFORG,406.64215087890625,436.54998779296875,450.07501220703125,432.75,445.0249938964844,2998494
2016-04-01,BHARATFORG,401.79840087890625,431.3500061035156,441.5,429.32501220703125,438.5,1123020
2016-04-04,BHARATFORG,394.4861755371094,423.5,437.75,421.0,434.0,1258750
2016-04-05,BHARATFORG,386.6616516113281,415.1000061035156,427.25,411.17498779296875,422.5,1331826
2016-04-06,BHARATFORG,367.0771179199219,394.07501220703125,402.17498779296875,392.5,400.0,3818564
2016-04-07,BHARATFORG,361.67437744140625,388.2749938964844,396.5,383.5,396.5,2731236
2016-04-08,BHARATFORG,358.57720947265625,384.95001220703125,394.5,383.8500061035156,387.5,1421698
2016-04-11,BHARATFORG,361.65118408203125,388.25,391.0,380.04998779296875,385.6000061035156,1629132
2016-04-12,BHARATFORG,374.85504150390625,402.42498779296875,404.95001220703125,387.0,390.5,2330982
2016-04-13,BHARATFORG,386.5918273925781,415.0249938964844,420.0,405.1000061035156,409.0,2115418
2016-04-18,BHARATFORG,387.73284912109375,416.25,418.07501220703125,409.5249938964844,415.0,626132
2016-04-20,BHARATFORG,380.5137939453125,408.5,420.2250061035156,406.0249938964844,419.8999938964844,912326
2016-04-21,BHARATFORG,382.7261047363281,410.875,414.70001220703125,402.8999938964844,409.8999938964844,926584
2016-04-22,BHARATFORG,379.86175537109375,407.79998779296875,415.75,406.125,410.875,838316
2016-04-25,BHARATFORG,369.9414978027344,397.1499938964844,410.17498779296875,396.04998779296875,407.29998779296875,1194778
2016-04-26,BHARATFORG,375.693359375,403.32501220703125,408.45001220703125,392.5,395.0,2219162
2016-04-27,BHARATFORG,373.993408203125,401.5,411.8500061035156,400.25,404.0,1081726
2016-04-28,BHARATFORG,369.3359069824219,396.5,406.45001220703125,394.04998779296875,403.70001220703125,2714704
2016-04-29,BHARATFORG,371.71124267578125,399.04998779296875,400.6000061035156,392.5,392.5,1118550
2016-05-02,BHARATFORG,376.78790283203125,404.5,405.3999938964844,396.0,398.79998779296875,741222
2016-05-03,BHARATFORG,371.4317626953125,398.75,411.3500061035156,395.375,406.0,1783034
2016-05-04,BHARATFORG,361.18548583984375,387.75,398.8500061035156,386.2250061035156,397.45001220703125,1352222
2016-05-05,BHARATFORG,363.3977355957031,390.125,392.5,377.5,378.7250061035156,1379268
2016-05-06,BHARATFORG,363.07171630859375,389.7749938964844,395.0,387.75,387.75,650092
2016-05-09,BHARATFORG,368.2414855957031,395.32501220703125,397.3999938964844,391.17498779296875,391.8999938964844,659452
2016-05-10,BHARATFORG,366.0757141113281,393.0,398.0,391.20001220703125,396.70001220703125,698586
2016-05-11,BHARATFORG,363.56072998046875,390.29998779296875,394.45001220703125,385.0249938964844,389.0,556870
2016-05-12,BHARATFORG,360.6731262207031,387.20001220703125,394.8500061035156,386.5249938964844,391.0,1030348
2016-05-13,BHARATFORG,349.91436767578125,375.6499938964844,385.3500061035156,374.29998779296875,385.3500061035156,1945904
2016-05-16,BHARATFORG,351.05548095703125,376.875,378.54998779296875,372.6000061035156,375.6499938964844,2193504
2016-05-17,BHARATFORG,349.5883483886719,375.29998779296875,379.95001220703125,369.04998779296875,376.7749938964844,5811760
2016-05-18,BHARATFORG,342.811767578125,368.0249938964844,372.5,364.3999938964844,367.7749938964844,2870078
2016-05-19,BHARATFORG,334.61468505859375,359.2250061035156,370.75,357.6000061035156,367.5,1170772
2016-05-20,BHARATFORG,334.6844482421875,359.29998779296875,362.92498779296875,354.57501220703125,359.45001220703125,1755508
2016-05-23,BHARATFORG,331.8434753417969,356.25,362.4750061035156,355.0,361.6000061035156,975128
2016-05-24,BHARATFORG,338.2707214355469,363.1499938964844,365.0,352.45001220703125,356.3500061035156,1196242
2016-05-25,BHARATFORG,345.3267822265625,370.7250061035156,372.95001220703125,364.70001220703125,366.70001220703125,1481288
2016-05-26,BHARATFORG,349.9609069824219,375.70001220703125,378.20001220703125,369.5,372.5,1761276
2016-05-27,BHARATFORG,346.84051513671875,372.3500061035156,379.0249938964844,370.5,376.5,1201008
2016-05-30,BHARATFORG,347.2363586425781,372.7749938964844,376.4750061035156,367.75,375.75,968074
2016-05-31,BHARATFORG,351.82391357421875,377.70001220703125,384.42498779296875,371.54998779296875,374.95001220703125,2103322
2016-06-01,BHARATFORG,354.73486328125,380.82501220703125,383.75,378.29998779296875,379.29998779296875,1001374
2016-06-02,BHARATFORG,353.8498840332031,379.875,382.8999938964844,376.70001220703125,379.92498779296875,925678
2016-06-03,BHARATFORG,350.3568420410156,376.125,387.45001220703125,374.29998779296875,382.1000061035156,1184470
2016-06-06,BHARATFORG,345.04736328125,370.42498779296875,376.875,368.0,372.5,983474
2016-06-07,BHARATFORG,348.51715087890625,374.1499938964844,375.70001220703125,370.45001220703125,370.5,771234
2016-06-08,BHARATFORG,356.2252197265625,382.42498779296875,386.7749938964844,380.0,380.0,1804318
2016-06-09,BHARATFORG,354.26910400390625,380.32501220703125,387.0,378.67498779296875,382.5,802226
2016-06-10,BHARATFORG,349.5185241699219,375.2250061035156,382.2250061035156,374.0,381.3500061035156,940200
2016-06-13,BHARATFORG,346.5609436035156,372.04998779296875,373.8500061035156,364.5,372.8999938964844,1064404
2016-06-14,BHARATFORG,345.09381103515625,370.4750061035156,377.375,367.375,374.79998779296875,510264
2016-06-15,BHARATFORG,346.09527587890625,371.54998779296875,375.70001220703125,369.5,374.5,619408
2016-06-16,BHARATFORG,341.81036376953125,366.95001220703125,374.375,364.0,371.17498779296875,984572
2016-06-17,BHARATFORG,340.0638732910156,365.07501220703125,370.29998779296875,362.7749938964844,370.0,622404
2016-06-20,BHARATFORG,351.7307434082031,377.6000061035156,379.79998779296875,363.0,364.5,1326622
2016-06-21,BHARATFORG,352.2430114746094,378.1499938964844,382.0,375.20001220703125,380.5,791252
2016-06-22,BHARATFORG,343.6501159667969,368.92498779296875,382.3500061035156,368.125,378.0,1686116
2016-06-23,BHARATFORG,350.26361083984375,376.0249938964844,378.375,367.6000061035156,367.6000061035156,1233154
2016-06-24,BHARATFORG,350.21710205078125,375.9750061035156,377.5,341.0,359.0,3559590
2016-06-27,BHARATFORG,345.769287109375,371.20001220703125,375.95001220703125,368.82501220703125,374.45001220703125,827772
2016-06-28,BHARATFORG,344.9075927734375,370.2749938964844,376.9750061035156,368.29998779296875,373.7250061035156,943754
2016-06-29,BHARATFORG,352.3362121582031,378.25,381.4750061035156,371.07501220703125,372.20001220703125,1671568
2016-06-30,BHARATFORG,354.0827941894531,380.125,386.75,375.04998779296875,382.25,2466200
2016-07-01,BHARATFORG,360.2539978027344,386.75,390.0,379.45001220703125,382.5,1395474
2016-07-04,BHARATFORG,362.0237731933594,388.6499938964844,392.5,386.20001220703125,387.5,1065732
2016-07-05,BHARATFORG,357.8320617675781,384.1499938964844,389.45001220703125,381.7749938964844,389.0,591062
2016-07-07,BHARATFORG,345.5363464355469,370.95001220703125,378.375,370.0,378.375,1314144
2016-07-08,BHARATFORG,343.55694580078125,368.82501220703125,373.75,367.04998779296875,370.8999938964844,860780
2016-07-11,BHARATFORG,347.6322021484375,373.20001220703125,376.0,369.875,376.0,686414
2016-07-12,BHARATFORG,349.8911437988281,375.625,378.20001220703125,372.0249938964844,374.25,779930
2016-07-13,BHARATFORG,347.67889404296875,373.25,378.42498779296875,371.20001220703125,376.8500061035156,862876
2016-07-14,BHARATFORG,339.3186340332031,364.2749938964844,370.0,359.3999938964844,370.0,3710940
2016-07-15,BHARATFORG,339.2720947265625,364.2250061035156,368.9750061035156,362.67498779296875,364.3500061035156,987628
2016-07-18,BHARATFORG,343.6966857910156,368.9750061035156,374.5,366.17498779296875,366.8500061035156,1593660
2016-07-19,BHARATFORG,346.817138671875,372.32501220703125,374.5,367.5,371.45001220703125,1171538
2016-07-20,BHARATFORG,347.56231689453125,373.125,376.20001220703125,371.54998779296875,372.5,700680
2016-07-21,BHARATFORG,339.0391540527344,363.9750061035156,374.8500061035156,362.25,373.25,921474
2016-07-22,BHARATFORG,342.67205810546875,367.875,370.0,362.6000061035156,363.25,759124
2016-07-25,BHARATFORG,347.6588439941406,372.9750061035156,373.5,366.1000061035156,368.95001220703125,781086
2016-07-26,BHARATFORG,343.4410705566406,368.45001220703125,376.2250061035156,366.54998779296875,374.0,566202
2016-07-27,BHARATFORG,344.4663391113281,369.54998779296875,372.5,363.75,369.0,968096
2016-07-28,BHARATFORG,349.31341552734375,374.75,376.1499938964844,367.29998779296875,371.5,1450112
2016-07-29,BHARATFORG,354.6497802734375,380.4750061035156,384.0,373.2749938964844,374.5,1876940
2016-08-01,BHARATFORG,349.4299621582031,374.875,385.70001220703125,373.5,381.5,1488992
2016-08-02,BHARATFORG,339.40966796875,364.125,379.5,362.54998779296875,376.0,1458524
2016-08-03,BHARATFORG,337.94146728515625,362.54998779296875,367.5,359.5,363.0,1659008
2016-08-04,BHARATFORG,337.6385498046875,362.2250061035156,365.6499938964844,358.0,361.79998779296875,1782854
2016-08-05,BHARATFORG,379.5142517089844,407.1499938964844,412.20001220703125,359.54998779296875,360.70001220703125,19640598
2016-08-08,BHARATFORG,384.8040466308594,412.82501220703125,422.5,395.8999938964844,407.54998779296875,8647012
2016-08-09,BHARATFORG,383.545654296875,411.4750061035156,415.45001220703125,404.25,408.1499938964844,2369846
2016-08-10,BHARATFORG,383.2193603515625,411.125,423.0,405.25,412.0,3339864
2016-08-11,BHARATFORG,377.6266784667969,405.125,414.92498779296875,401.5249938964844,412.5,1737556
2016-08-12,BHARATFORG,383.9650573730469,411.92498779296875,413.25,402.67498779296875,406.0,2082460
2016-08-16,BHARATFORG,391.6085205078125,420.125,421.3999938964844,405.32501220703125,412.3999938964844,2697676
2016-08-17,BHARATFORG,395.0340881347656,423.79998779296875,426.25,418.0249938964844,422.1499938964844,2564896
2016-08-18,BHARATFORG,391.5619201660156,420.07501220703125,426.42498779296875,418.25,424.2749938964844,1014556
2016-08-19,BHARATFORG,391.2822570800781,419.7749938964844,427.5,418.6499938964844,420.54998779296875,1548184
2016-08-22,BHARATFORG,388.55584716796875,416.8500061035156,423.95001220703125,415.0,422.8500061035156,825184
2016-08-23,BHARATFORG,401.5122985839844,430.75,436.1000061035156,413.75,417.5,2466166
2016-08-24,BHARATFORG,398.9024353027344,427.95001220703125,436.125,426.7749938964844,435.0,1696966
2016-08-25,BHARATFORG,396.94500732421875,425.8500061035156,436.0,425.0,429.5,4094148
2016-08-26,BHARATFORG,399.5781555175781,428.67498779296875,431.29998779296875,423.70001220703125,426.75,1083076
2016-08-29,BHARATFORG,398.1799621582031,427.17498779296875,429.92498779296875,425.0,428.5,817776
2016-08-30,BHARATFORG,400.7433776855469,429.92498779296875,435.20001220703125,427.67498779296875,427.67498779296875,1173108
2016-08-31,BHARATFORG,396.2924499511719,425.1499938964844,434.7250061035156,423.3500061035156,430.5,1828398
2016-09-01,BHARATFORG,399.69464111328125,428.79998779296875,434.0,420.625,425.8999938964844,1415196
2016-09-02,BHARATFORG,406.9420166015625,436.57501220703125,441.5,429.5,429.5,3310528
2016-09-06,BHARATFORG,406.2428894042969,435.82501220703125,438.67498779296875,431.5,437.5,1164972
2016-09-07,BHARATFORG,413.86297607421875,444.0,453.92498779296875,439.07501220703125,445.5,4618132
2016-09-08,BHARATFORG,409.5285949707031,439.3500061035156,448.0,435.95001220703125,447.0,1516806
2016-09-09,BHARATFORG,401.6288757324219,430.875,440.125,429.0249938964844,440.1000061035156,1076198
2016-09-12,BHARATFORG,394.381591796875,423.1000061035156,429.5,413.54998779296875,424.5,1676616
2016-09-14,BHARATFORG,401.2560119628906,430.4750061035156,432.5,423.0,423.1000061035156,930762
2016-09-15,BHARATFORG,405.42730712890625,434.95001220703125,438.0,427.95001220703125,432.20001220703125,1138522
2016-09-16,BHARATFORG,407.96728515625,437.67498779296875,442.0,432.75,439.3500061035156,1588894
2016-09-19,BHARATFORG,421.389892578125,452.07501220703125,453.6000061035156,437.29998779296875,437.95001220703125,2313504
2016-09-20,BHARATFORG,415.98358154296875,446.2749938964844,454.92498779296875,443.54998779296875,454.92498779296875,1460896
2016-09-21,BHARATFORG,419.9450988769531,450.5249938964844,453.3999938964844,445.0,445.0,1530570
2016-09-22,BHARATFORG,431.037353515625,462.42498779296875,463.625,449.54998779296875,457.45001220703125,1990704
2016-09-23,BHARATFORG,439.56634521484375,471.57501220703125,484.6000061035156,462.1499938964844,464.32501220703125,3640692
2016-09-26,BHARATFORG,437.49237060546875,469.3500061035156,480.45001220703125,466.75,469.82501220703125,2089118
2016-09-27,BHARATFORG,441.54705810546875,473.70001220703125,478.70001220703125,471.0249938964844,471.7250061035156,1578202
2016-09-28,BHARATFORG,439.7060546875,471.7250061035156,479.6499938964844,469.5249938964844,477.42498779296875,1688122
2016-09-29,BHARATFORG,418.71002197265625,449.20001220703125,472.04998779296875,427.79998779296875,469.0,4582436
2016-09-30,BHARATFORG,424.48919677734375,455.3999938964844,462.3999938964844,445.125,449.0,1703832
2016-10-03,BHARATFORG,438.3545227050781,470.2749938964844,472.0,456.1000061035156,461.5,1544524
2016-10-04,BHARATFORG,430.82763671875,462.20001220703125,474.04998779296875,460.5,472.32501220703125,1541588
2016-10-05,BHARATFORG,431.1305847167969,462.5249938964844,468.32501220703125,440.5,458.8999938964844,2504578
2016-10-06,BHARATFORG,433.83367919921875,465.42498779296875,472.0,457.0,463.0,1765382
2016-10-07,BHARATFORG,445.7882080078125,478.25,479.75,469.07501220703125,475.92498779296875,2427858
2016-10-10,BHARATFORG,436.6301574707031,468.42498779296875,489.0,466.17498779296875,483.0,2656906
2016-10-13,BHARATFORG,425.91070556640625,456.92498779296875,468.3999938964844,451.625,466.95001220703125,1804408
2016-10-14,BHARATFORG,427.00592041015625,458.1000061035156,462.75,456.5249938964844,460.9750061035156,742438
2016-10-17,BHARATFORG,414.65533447265625,444.8500061035156,461.125,442.04998779296875,461.125,993006
2016-10-18,BHARATFORG,421.9025573730469,452.625,456.0,442.5,447.5,1278722
2016-10-19,BHARATFORG,420.10821533203125,450.70001220703125,458.9750061035156,447.75,457.25,1047234
2016-10-20,BHARATFORG,416.68267822265625,447.0249938964844,453.5,445.6000061035156,452.0,651470
2016-10-21,BHARATFORG,414.6319580078125,444.82501220703125,449.5,441.3500061035156,447.0,1112308
2016-10-24,BHARATFORG,413.2804260253906,443.375,449.25,441.7749938964844,448.8999938964844,814808
2016-10-25,BHARATFORG,408.41009521484375,438.1499938964844,444.3999938964844,435.82501220703125,443.875,878396
2016-10-26,BHARATFORG,406.3360595703125,435.92498779296875,443.8500061035156,434.125,439.0,1100628
2016-10-27,BHARATFORG,399.13543701171875,428.20001220703125,439.0249938964844,426.5,436.04998779296875,1379460
2016-10-28,BHARATFORG,412.4183044433594,442.45001220703125,444.3500061035156,429.0,429.95001220703125,1244776
2016-11-01,BHARATFORG,403.9358825683594,433.3500061035156,443.0,432.125,442.95001220703125,633406
2016-11-02,BHARATFORG,397.8071594238281,426.7749938964844,434.95001220703125,425.0,429.9750061035156,987742
2016-11-03,BHARATFORG,396.19921875,425.04998779296875,434.42498779296875,424.0249938964844,426.79998779296875,866204
2016-11-04,BHARATFORG,388.67230224609375,416.9750061035156,426.1000061035156,413.25,422.5,1090544
2016-11-07,BHARATFORG,400.18408203125,429.32501220703125,436.8999938964844,418.8500061035156,419.0,1226578
2016-11-08,BHARATFORG,395.9662170410156,424.79998779296875,439.25,420.75,431.8999938964844,5148922
2016-11-09,BHARATFORG,409.0625,438.8500061035156,446.20001220703125,382.32501220703125,394.95001220703125,3372642
2016-11-10,BHARATFORG,410.5306701660156,440.42498779296875,452.0,438.0,444.25,1378708
2016-11-11,BHARATFORG,402.1415100097656,431.42498779296875,448.20001220703125,428.3999938964844,435.0,1403004
2016-11-15,BHARATFORG,415.9602355957031,446.25,451.125,422.0,431.42498779296875,2819578
2016-11-16,BHARATFORG,420.15478515625,450.75,462.0,446.5,452.0,2744400
2016-11-17,BHARATFORG,419.33929443359375,449.875,457.9750061035156,446.54998779296875,452.0,975266
2016-11-18,BHARATFORG,422.64825439453125,453.42498779296875,461.70001220703125,450.0,451.5,1621634
2016-11-21,BHARATFORG,399.88116455078125,429.0,456.8500061035156,427.82501220703125,454.3999938964844,1012292
2016-11-22,BHARATFORG,408.4799499511719,438.2250061035156,440.5,422.5249938964844,429.04998779296875,1286728
2016-11-23,BHARATFORG,418.4770202636719,448.95001220703125,451.79998779296875,435.625,438.2250061035156,809144
2016-11-24,BHARATFORG,425.8641357421875,456.875,459.5,443.75,448.4750061035156,2225426
2016-11-25,BHARATFORG,424.04644775390625,454.92498779296875,466.0,452.75,460.9750061035156,1984884
2016-11-28,BHARATFORG,423.5570373535156,454.3999938964844,462.0,447.7749938964844,453.0,1110394
2016-11-29,BHARATFORG,420.0849304199219,450.67498779296875,459.17498779296875,448.20001220703125,453.0,1082018
2016-11-30,BHARATFORG,421.08697509765625,451.75,455.5,439.3999938964844,446.3999938964844,9042832
2016-12-01,BHARATFORG,418.430419921875,448.8999938964844,455.5,447.75,454.0,840528
2016-12-02,BHARATFORG,406.8487854003906,436.4750061035156,453.375,434.6000061035156,440.0,1581932
2016-12-05,BHARATFORG,407.0118408203125,436.6499938964844,438.7250061035156,430.20001220703125,432.5,726666
2016-12-06,BHARATFORG,417.96429443359375,448.3999938964844,453.95001220703125,445.75,447.57501220703125,1814284
2016-12-07,BHARATFORG,426.56317138671875,457.625,462.95001220703125,449.2749938964844,451.5,2424574
2016-12-08,BHARATFORG,449.0506591796875,481.75,485.3500061035156,463.20001220703125,465.0,4336756
2016-12-09,BHARATFORG,447.6990661621094,480.29998779296875,485.95001220703125,474.1000061035156,483.5,1640120
2016-12-12,BHARATFORG,451.1944885253906,484.04998779296875,486.5249938964844,474.5,481.5,1814082
2016-12-13,BHARATFORG,465.6191711425781,499.5249938964844,501.9750061035156,476.2749938964844,480.0,4517642
2016-12-14,BHARATFORG,454.0608215332031,487.125,504.2250061035156,485.5,502.5,1973196
2016-12-15,BHARATFORG,454.5968322753906,487.70001220703125,497.25,482.2749938964844,483.5,1626966
2016-12-16,BHARATFORG,451.9635925292969,484.875,495.125,483.32501220703125,491.5,1444694
2016-12-19,BHARATFORG,450.7984313964844,483.625,489.32501220703125,478.0,487.0,1725936
2016-12-20,BHARATFORG,442.712158203125,474.95001220703125,486.0,471.375,486.0,1640194
2016-12-21,BHARATFORG,433.6473388671875,465.2250061035156,477.45001220703125,463.54998779296875,477.45001220703125,1786614
2016-12-22,BHARATFORG,425.4912414550781,456.4750061035156,463.0,454.54998779296875,460.5,1619104
2016-12-23,BHARATFORG,425.025146484375,455.9750061035156,459.42498779296875,450.25,452.54998779296875,1685672
2016-12-26,BHARATFORG,410.8336181640625,440.75,457.0,439.0,457.0,838552
2016-12-27,BHARATFORG,423.8367614746094,454.70001220703125,457.45001220703125,435.1499938964844,438.0,1332544
2016-12-28,BHARATFORG,419.4556884765625,450.0,458.0,448.5,455.0,1113812
2016-12-29,BHARATFORG,422.9512939453125,453.75,457.25,447.3999938964844,449.82501220703125,1999926
2016-12-30,BHARATFORG,422.5084533691406,453.2749938964844,462.5,451.2749938964844,457.5,1201018
2017-01-02,BHARATFORG,430.87432861328125,462.25,466.0,454.0,454.0,2211820
2017-01-03,BHARATFORG,429.7556457519531,461.04998779296875,468.3999938964844,458.5,466.5,1220350
2017-01-04,BHARATFORG,425.8641357421875,456.875,464.95001220703125,455.1499938964844,464.25,1341400
2017-01-05,BHARATFORG,429.8722229003906,461.17498779296875,464.9750061035156,457.6000061035156,457.6000061035156,1291184
2017-01-06,BHARATFORG,425.0950622558594,456.04998779296875,467.82501220703125,454.32501220703125,467.5,1670448
2017-01-09,BHARATFORG,422.9046325683594,453.70001220703125,461.45001220703125,452.0,458.3500061035156,1134886
2017-01-10,BHARATFORG,433.7870788574219,465.375,467.5,453.5,454.0,2084534
2017-01-11,BHARATFORG,443.69097900390625,476.0,479.6000061035156,461.6000061035156,467.375,2318370
2017-01-12,BHARATFORG,443.4579162597656,475.75,482.4750061035156,474.2250061035156,478.5,1690178
2017-01-13,BHARATFORG,439.7759704589844,471.79998779296875,478.3999938964844,468.7749938964844,476.0,904546
2017-01-16,BHARATFORG,436.0707702636719,467.82501220703125,472.3999938964844,466.375,472.3999938964844,951912
2017-01-17,BHARATFORG,435.6513671875,467.375,472.0,466.29998779296875,470.8999938964844,534808
2017-01-18,BHARATFORG,438.6342468261719,470.57501220703125,476.5,467.54998779296875,469.3999938964844,861882
2017-01-19,BHARATFORG,439.7060546875,471.7250061035156,475.0,469.0,472.5,693634
2017-01-20,BHARATFORG,430.8509216308594,462.2250061035156,474.70001220703125,459.29998779296875,471.7250061035156,812760
2017-01-23,BHARATFORG,435.8144226074219,467.54998779296875,469.9750061035156,457.5,457.5,622280
2017-01-24,BHARATFORG,438.6808166503906,470.625,472.3500061035156,466.2749938964844,467.6000061035156,508440
2017-01-25,BHARATFORG,443.9938659667969,476.32501220703125,481.0,469.3500061035156,471.0,2799756
2017-01-27,BHARATFORG,440.77801513671875,472.875,482.32501220703125,470.25,476.95001220703125,1155296
2017-01-30,BHARATFORG,443.4345703125,475.7250061035156,477.2749938964844,470.6499938964844,472.5,638634
2017-01-31,BHARATFORG,434.346435546875,465.9750061035156,475.7250061035156,463.1000061035156,475.7250061035156,777240
2017-02-01,BHARATFORG,453.31512451171875,486.32501220703125,487.7749938964844,465.0,466.07501220703125,2027324
2017-02-02,BHARATFORG,451.9635925292969,484.875,492.5,478.82501220703125,484.75,1746984
2017-02-03,BHARATFORG,442.19952392578125,474.3999938964844,488.32501220703125,472.5,484.875,1042584
2017-02-06,BHARATFORG,461.005126953125,494.57501220703125,496.0,485.04998779296875,485.04998779296875,2523818
2017-02-07,BHARATFORG,457.4631042480469,490.7749938964844,497.32501220703125,487.0,496.0,1176900
2017-02-08,BHARATFORG,450.7052307128906,483.5249938964844,501.45001220703125,480.0,491.8999938964844,6091114
2017-02-09,BHARATFORG,474.33453369140625,508.875,511.82501220703125,484.04998779296875,484.75,3493164
2017-02-10,BHARATFORG,471.4449462890625,505.7749938964844,518.25,502.5,512.9749755859375,2563874
2017-02-13,BHARATFORG,485.1238098144531,520.4500122070312,523.5,506.0,506.0,2145912
2017-02-14,BHARATFORG,484.3549499511719,519.625,524.5,516.3250122070312,523.5,1396896
2017-02-15,BHARATFORG,475.2666320800781,509.875,525.0,505.5,515.0499877929688,1685814
2017-02-16,BHARATFORG,505.0977478027344,540.5499877929688,545.75,510.82501220703125,514.0,3909542
2017-02-17,BHARATFORG,495.7303771972656,530.5250244140625,542.1500244140625,529.0,541.0,1292198
2017-02-20,BHARATFORG,502.85540771484375,538.1500244140625,541.9249877929688,526.2999877929688,532.0,1279602
2017-02-21,BHARATFORG,505.05108642578125,540.5,543.4749755859375,532.5,538.5,1022530
2017-02-22,BHARATFORG,497.482421875,532.4000244140625,541.9749755859375,530.5,541.0,1060284
2017-02-23,BHARATFORG,500.6127014160156,535.75,547.5,531.5,531.5,2801394
2017-02-27,BHARATFORG,494.46881103515625,529.1749877929688,535.5,524.5999755859375,535.0250244140625,856008
2017-02-28,BHARATFORG,492.179443359375,526.7249755859375,530.75,524.75,528.2999877929688,708498
2017-03-01,BHARATFORG,491.47869873046875,525.9749755859375,531.9749755859375,521.2000122070312,526.6500244140625,860656
2017-03-02,BHARATFORG,486.7366638183594,520.9000244140625,537.5,517.5,529.4000244140625,1695534
2017-03-03,BHARATFORG,487.2972106933594,521.5,524.4249877929688,508.0,520.0,1399416
2017-03-06,BHARATFORG,501.2666320800781,536.4500122070312,544.5,531.25,539.0,3345474
2017-03-07,BHARATFORG,490.147216796875,524.5499877929688,537.4249877929688,523.0,532.625,909392
2017-03-08,BHARATFORG,487.06365966796875,521.25,529.4749755859375,516.5,529.4749755859375,731272
2017-03-09,BHARATFORG,482.0177917480469,515.8499755859375,529.0,513.5,521.25,1185768
2017-03-10,BHARATFORG,482.4849853515625,516.3499755859375,522.0,514.0,519.9500122070312,377492
2017-03-14,BHARATFORG,483.793212890625,517.75,527.4749755859375,515.25,527.0,989516
2017-03-15,BHARATFORG,483.23260498046875,517.1500244140625,524.3499755859375,515.9749755859375,518.4000244140625,1091418
2017-03-16,BHARATFORG,488.839111328125,523.1500244140625,527.0,520.0250244140625,520.0250244140625,929106
2017-03-17,BHARATFORG,483.8398132324219,517.7999877929688,527.0750122070312,515.9749755859375,526.9000244140625,1004020
2017-03-20,BHARATFORG,484.7510070800781,518.7750244140625,522.4749755859375,515.0,520.5,693140
2017-03-21,BHARATFORG,475.54693603515625,508.92498779296875,518.7750244140625,504.20001220703125,518.7750244140625,1151724
2017-03-22,BHARATFORG,473.9818420410156,507.25,519.4000244140625,497.5,505.0,2038334
2017-03-23,BHARATFORG,471.1085205078125,504.17498779296875,507.25,498.32501220703125,507.07501220703125,1733570
2017-03-24,BHARATFORG,474.3088684082031,507.6000061035156,511.75,501.5,507.5,1654740
2017-03-27,BHARATFORG,475.61712646484375,509.0,513.9749755859375,505.9750061035156,512.0,1094230
2017-03-28,BHARATFORG,489.0025329589844,523.3250122070312,524.9500122070312,510.45001220703125,510.5,1430418
2017-03-29,BHARATFORG,483.793212890625,517.75,528.0,516.25,525.0750122070312,1311938
2017-03-30,BHARATFORG,479.75189208984375,513.4249877929688,519.4000244140625,511.6499938964844,517.0,1852146
2017-03-31,BHARATFORG,486.8767395019531,521.0499877929688,524.0,512.7750244140625,514.5,1472034
2017-04-03,BHARATFORG,502.5516357421875,537.8250122070312,539.4249877929688,525.0,526.2000122070312,2202414
2017-04-05,BHARATFORG,501.4536437988281,536.6500244140625,542.9749755859375,533.25,540.0,1687480
2017-04-06,BHARATFORG,510.0970764160156,545.9000244140625,554.5,541.5250244140625,543.0,2874254
2017-04-07,BHARATFORG,499.23443603515625,534.2750244140625,552.0,532.2999877929688,544.4749755859375,1348216
2017-04-10,BHARATFORG,505.33148193359375,540.7999877929688,543.8250122070312,528.0250244140625,537.5499877929688,1284354
2017-04-11,BHARATFORG,512.9935302734375,549.0,553.3250122070312,537.5,541.4000244140625,1010298
2017-04-12,BHARATFORG,503.55609130859375,538.9000244140625,553.0499877929688,535.125,549.0,1111496
2017-04-13,BHARATFORG,505.00433349609375,540.4500122070312,543.8499755859375,532.7999877929688,540.9749755859375,791604
2017-04-17,BHARATFORG,495.0995788574219,529.8499755859375,538.4749755859375,528.5,537.0,779662
2017-04-18,BHARATFORG,484.0734558105469,518.0499877929688,540.0,515.0,532.5,1425888
2017-04-19,BHARATFORG,490.0069274902344,524.4000244140625,527.25,514.0,517.5,796368
2017-04-20,BHARATFORG,505.5884704589844,541.0750122070312,542.1749877929688,525.0,526.5250244140625,1124080
2017-04-21,BHARATFORG,501.7340087890625,536.9500122070312,545.7000122070312,531.5,543.5,829612
2017-04-24,BHARATFORG,529.182373046875,566.3250122070312,571.9500122070312,540.5,545.0,2709898
2017-04-25,BHARATFORG,530.3035888671875,567.5250244140625,574.6500244140625,560.25,574.2249755859375,1864744
2017-04-26,BHARATFORG,520.4922485351562,557.0250244140625,565.75,552.5,564.9749755859375,1159854
2017-04-27,BHARATFORG,530.1868896484375,567.4000244140625,573.9749755859375,553.5,560.0,2078636
2017-04-28,BHARATFORG,534.8356323242188,572.375,578.9749755859375,561.3499755859375,567.5250244140625,1308460
2017-05-02,BHARATFORG,543.619140625,581.7750244140625,584.0,567.25,574.5,1474760
2017-05-03,BHARATFORG,538.1526489257812,575.9249877929688,587.9000244140625,573.2750244140625,582.0,1231146
2017-05-04,BHARATFORG,521.5667724609375,558.1749877929688,585.0,556.3499755859375,584.9749755859375,2533456
2017-05-05,BHARATFORG,513.4608154296875,549.5,568.0999755859375,546.0750122070312,555.0,3350600
2017-05-08,BHARATFORG,513.6942749023438,549.75,556.5,543.0,551.5,1179284
2017-05-09,BHARATFORG,518.4833374023438,554.875,561.5,547.2000122070312,555.2249755859375,1246774
2017-05-10,BHARATFORG,525.655029296875,562.5499877929688,566.9500122070312,555.0,555.0,2079272
2017-05-11,BHARATFORG,528.2013549804688,565.2750244140625,576.0,561.9749755859375,565.5,1675634
2017-05-12,BHARATFORG,521.9639282226562,558.5999755859375,568.0999755859375,554.1500244140625,564.5750122070312,765300
2017-05-15,BHARATFORG,524.2999877929688,561.0999755859375,564.4249877929688,558.0,558.9749755859375,590754
2017-05-16,BHARATFORG,525.6785278320312,562.5750122070312,571.0,560.75,561.5,795092
2017-05-17,BHARATFORG,525.2343139648438,562.0999755859375,564.9500122070312,556.6500244140625,562.9000244140625,646768
2017-05-18,BHARATFORG,493.5812072753906,528.2249755859375,559.0499877929688,523.7750244140625,556.5,2225102
2017-05-19,BHARATFORG,493.3475036621094,527.9749755859375,545.75,518.7000122070312,530.625,2197096
2017-05-22,BHARATFORG,497.5758056640625,532.5,540.5,528.0,534.9000244140625,1171562
2017-05-23,BHARATFORG,489.1894836425781,523.5250244140625,532.4749755859375,510.25,531.5,1282420
2017-05-24,BHARATFORG,506.6163330078125,542.1749877929688,547.4500122070312,519.4749755859375,524.9000244140625,4887666
2017-05-25,BHARATFORG,519.8147583007812,556.2999877929688,559.5,540.1500244140625,550.0,2239032
2017-05-26,BHARATFORG,529.4393920898438,566.5999755859375,570.5750122070312,554.2000122070312,554.5,1178420
2017-05-29,BHARATFORG,530.44384765625,567.6749877929688,574.7000122070312,558.0,566.25,901520
2017-05-30,BHARATFORG,534.8356323242188,572.375,578.4500122070312,560.5250244140625,565.0,1075768
2017-05-31,BHARATFORG,546.5624389648438,584.9249877929688,590.0,571.6500244140625,571.6500244140625,1753804
2017-06-01,BHARATFORG,563.3819580078125,602.9249877929688,606.0,588.0,588.0,3038068
2017-06-02,BHARATFORG,557.4484252929688,596.5750122070312,607.2999877929688,595.1749877929688,605.7249755859375,1291242
2017-06-05,BHARATFORG,554.6685180664062,593.5999755859375,600.0,587.6500244140625,599.2000122070312,748638
2017-06-06,BHARATFORG,545.0440063476562,583.2999877929688,590.7249755859375,578.0250244140625,586.2999877929688,876306
2017-06-07,BHARATFORG,565.554443359375,605.25,609.5,584.9000244140625,585.9000244140625,1269728
2017-06-08,BHARATFORG,553.6640014648438,592.5250244140625,610.5,588.8250122070312,608.0,1286838
2017-06-09,BHARATFORG,549.1087036132812,587.6500244140625,591.75,581.9000244140625,590.0,1252120
2017-06-12,BHARATFORG,547.0299072265625,585.4249877929688,596.0,579.625,587.5,757212
2017-06-13,BHARATFORG,544.133056640625,582.3250122070312,589.75,581.0,585.5,642642
2017-06-14,BHARATFORG,548.3378295898438,586.8250122070312,593.0,579.5,585.0,1274494
2017-06-15,BHARATFORG,544.1095581054688,582.2999877929688,591.0,579.0,587.0,623742
2017-06-16,BHARATFORG,552.8230590820312,591.625,594.7999877929688,580.5250244140625,582.2999877929688,1289888
2017-06-19,BHARATFORG,551.9353637695312,590.6749877929688,603.6500244140625,589.0499877929688,596.0,1294332
2017-06-20,BHARATFORG,552.4259643554688,591.2000122070312,599.9249877929688,587.0499877929688,592.5,910520
2017-06-21,BHARATFORG,545.721435546875,584.0250244140625,592.9749755859375,581.9749755859375,592.0,948852
2017-06-22,BHARATFORG,539.5077514648438,577.375,589.0250244140625,575.5499877929688,584.0,624724
2017-06-23,BHARATFORG,518.3432006835938,554.7249755859375,578.4749755859375,552.0,577.5,2296572
2017-06-27,BHARATFORG,509.3492736816406,545.0999755859375,557.9749755859375,538.6500244140625,554.0,1515842
2017-06-28,BHARATFORG,494.8193359375,529.5499877929688,543.5,526.4500122070312,542.0,2265170
2017-06-29,BHARATFORG,502.29461669921875,537.5499877929688,546.3250122070312,532.3499755859375,532.3499755859375,1803954
2017-06-30,BHARATFORG,510.49407958984375,546.3250122070312,547.7750244140625,534.0,537.5,938702
2017-07-03,BHARATFORG,517.7125244140625,554.0499877929688,574.2750244140625,547.5,550.0,1140416
2017-07-04,BHARATFORG,513.2037963867188,549.2249755859375,560.0,545.6749877929688,557.75,953962
2017-07-05,BHARATFORG,518.9271240234375,555.3499755859375,559.0,548.0,549.0750122070312,701140
2017-07-06,BHARATFORG,517.6656494140625,554.0,570.0499877929688,552.0,564.9749755859375,1502482
2017-07-07,BHARATFORG,523.6693725585938,560.4249877929688,564.9500122070312,555.0,559.5,1531000
2017-07-10,BHARATFORG,523.5057983398438,560.25,564.25,537.5,537.5,163750
2017-07-11,BHARATFORG,515.2596435546875,551.4249877929688,562.5,549.6749877929688,560.0250244140625,755328
2017-07-12,BHARATFORG,523.388916015625,560.125,562.2750244140625,552.0,552.0,855620
2017-07-13,BHARATFORG,523.6459350585938,560.4000244140625,565.5,557.6749877929688,562.5,555416
2017-07-14,BHARATFORG,523.31884765625,560.0499877929688,564.2000122070312,557.7750244140625,560.5,452760
2017-07-17,BHARATFORG,534.4852294921875,572.0,573.5,553.2750244140625,558.5,1829322
2017-07-18,BHARATFORG,534.088134765625,571.5750122070312,578.8499755859375,569.5,574.0,1915434
2017-07-19,BHARATFORG,536.7977905273438,574.4749755859375,580.8499755859375,572.0999755859375,573.0,1435524
2017-07-20,BHARATFORG,530.0233154296875,567.2249755859375,577.7750244140625,562.5,575.0499877929688,845014
2017-07-21,BHARATFORG,530.5139770507812,567.75,573.5,561.25,565.9749755859375,753414
2017-07-24,BHARATFORG,528.1543579101562,565.2249755859375,571.4249877929688,563.0499877929688,568.0,1244640
2017-07-25,BHARATFORG,524.463623046875,561.2750244140625,568.7249755859375,559.5,564.5250244140625,1364118
2017-07-26,BHARATFORG,531.93896484375,569.2750244140625,573.7249755859375,560.7249755859375,561.0,1377328
2017-07-27,BHARATFORG,532.1025390625,569.4500122070312,576.7750244140625,564.0,570.0,1974860
2017-07-28,BHARATFORG,540.1738891601562,575.5499877929688,578.4249877929688,565.5499877929688,567.4500122070312,1463762
2017-07-31,BHARATFORG,539.0475463867188,574.3499755859375,582.5,571.6749877929688,578.5,1403112
2017-08-01,BHARATFORG,539.70458984375,575.0499877929688,579.7249755859375,572.625,575.0499877929688,618852
2017-08-02,BHARATFORG,542.6373901367188,578.1749877929688,584.9500122070312,575.125,575.5499877929688,1722232
2017-08-03,BHARATFORG,545.5000610351562,581.2249755859375,587.4000244140625,574.0,582.4749755859375,1673860
2017-08-04,BHARATFORG,542.215087890625,577.7249755859375,585.875,574.4249877929688,582.5,1038818
2017-08-07,BHARATFORG,545.077880859375,580.7750244140625,585.1749877929688,576.7750244140625,577.7249755859375,1006166
2017-08-08,BHARATFORG,557.7948608398438,594.3250122070312,599.25,574.5999755859375,587.75,2300304
2017-08-09,BHARATFORG,547.048583984375,582.875,600.9500122070312,580.75,592.25,1486420
2017-08-10,BHARATFORG,536.3023071289062,571.4249877929688,598.9500122070312,554.5250244140625,582.4000244140625,6328184
2017-08-11,BHARATFORG,543.834228515625,579.4500122070312,588.5,566.9249877929688,572.25,2434044
2017-08-14,BHARATFORG,554.1112060546875,590.4000244140625,593.9749755859375,582.1500244140625,587.25,1301576
2017-08-16,BHARATFORG,557.161376953125,593.6500244140625,600.4000244140625,591.0,594.9500122070312,1490546
2017-08-17,BHARATFORG,556.4807739257812,592.9249877929688,599.5,588.6500244140625,592.5,742780
2017-08-18,BHARATFORG,549.01953125,584.9749755859375,591.6749877929688,582.5,590.0,798352
2017-08-21,BHARATFORG,533.0174560546875,567.9249877929688,592.9249877929688,556.7000122070312,587.0,1706710
2017-08-22,BHARATFORG,533.3929443359375,568.3250122070312,578.2999877929688,561.0750122070312,572.9249877929688,1377724
2017-08-23,BHARATFORG,547.1425170898438,582.9749755859375,585.0,569.4249877929688,574.9749755859375,1027562
2017-08-24,BHARATFORG,538.6956176757812,573.9749755859375,586.9749755859375,572.5250244140625,586.9749755859375,917778
2017-08-28,BHARATFORG,545.265380859375,580.9749755859375,583.7249755859375,573.9749755859375,580.0499877929688,650694
2017-08-29,BHARATFORG,529.85009765625,564.5499877929688,579.9749755859375,561.3499755859375,579.4749755859375,1141476
2017-08-30,BHARATFORG,536.7949829101562,571.9500122070312,574.7999877929688,567.5,567.5,808468
2017-08-31,BHARATFORG,529.2398681640625,563.9000244140625,574.0,561.2999877929688,574.0,1710514
2017-09-01,BHARATFORG,531.68017578125,566.5,572.625,564.3250122070312,565.5250244140625,804766
2017-09-04,BHARATFORG,527.9964599609375,562.5750122070312,571.625,560.5,567.5,1046306
2017-09-05,BHARATFORG,531.3516845703125,566.1500244140625,570.75,563.0,563.0750122070312,1175710
2017-09-06,BHARATFORG,530.6005859375,565.3499755859375,569.375,560.2999877929688,566.1500244140625,1084622
2017-09-07,BHARATFORG,543.2240600585938,578.7999877929688,589.9749755859375,574.0250244140625,586.0,3468640
2017-09-08,BHARATFORG,544.819580078125,580.5,588.0,576.875,585.0,1662416
2017-09-11,BHARATFORG,553.8295288085938,590.0999755859375,594.5,583.0,587.5,1700166
2017-09-12,BHARATFORG,576.5420532226562,614.2999877929688,617.0,592.625,594.0,2822858
2017-09-13,BHARATFORG,575.2515258789062,612.9249877929688,623.7249755859375,610.4000244140625,617.5499877929688,2832152
2017-09-14,BHARATFORG,590.6436157226562,629.3250122070312,632.9000244140625,615.0,615.0,2718212
2017-09-15,BHARATFORG,582.009033203125,620.125,627.9749755859375,617.5,627.9749755859375,1683448
2017-09-18,BHARATFORG,585.0123901367188,623.3250122070312,629.4500122070312,622.0,627.4749755859375,1004530
2017-09-19,BHARATFORG,594.6087646484375,633.5499877929688,636.375,623.6500244140625,629.0,1454746
2017-09-20,BHARATFORG,594.1160278320312,633.0250244140625,638.0,628.75,633.9749755859375,1492564
2017-09-21,BHARATFORG,587.1005249023438,625.5499877929688,637.4500122070312,618.4749755859375,637.4500122070312,1752692
2017-09-22,BHARATFORG,576.4482421875,614.2000122070312,624.5,611.5,624.5,2115610
2017-09-25,BHARATFORG,573.0693969726562,610.5999755859375,617.8499755859375,587.25,616.0,3067014
2017-09-26,BHARATFORG,598.24560546875,637.4249877929688,640.0,609.5,611.5,4557356
2017-09-27,BHARATFORG,571.0986328125,608.5,645.0250244140625,599.25,645.0,4205870
2017-09-28,BHARATFORG,562.3232421875,599.1500244140625,614.0,593.2000122070312,612.0,1900290
2017-09-29,BHARATFORG,552.7032470703125,588.9000244140625,606.0,586.0,602.5999755859375,967676
2017-10-03,BHARATFORG,579.54541015625,617.5,620.0,600.0,600.0,1929949
2017-10-04,BHARATFORG,590.0569458007812,628.7000122070312,634.0,621.0,625.0,2861203
2017-10-05,BHARATFORG,593.5294799804688,632.4000244140625,638.5,624.25,630.0,1499153
2017-10-06,BHARATFORG,607.513671875,647.2999877929688,649.9000244140625,632.7999877929688,633.0,2626393
2017-10-09,BHARATFORG,605.026611328125,644.6500244140625,651.0,637.5,648.5999755859375,1074428
2017-10-10,BHARATFORG,613.4263916015625,653.5999755859375,655.5,640.0,645.0,836948
2017-10-11,BHARATFORG,600.0054931640625,639.2999877929688,659.0,636.5,655.0,1039187
2017-10-12,BHARATFORG,607.138427734375,646.9000244140625,650.0,634.0499877929688,642.0999755859375,1171780
2017-10-13,BHARATFORG,600.5685424804688,639.9000244140625,649.5,635.9000244140625,648.0,975160
2017-10-16,BHARATFORG,603.2903442382812,642.7999877929688,654.0,640.8499755859375,644.7000122070312,1084958
2017-10-17,BHARATFORG,596.1105346679688,635.1500244140625,655.75,633.5,643.0,1709713
2017-10-18,BHARATFORG,590.948486328125,629.6500244140625,642.0,626.8499755859375,637.0,1351241
2017-10-19,BHARATFORG,589.5407104492188,628.1500244140625,634.5999755859375,625.0,631.5999755859375,142168
2017-10-23,BHARATFORG,600.5685424804688,639.9000244140625,646.0,630.0,630.0,1518729
2017-10-24,BHARATFORG,598.1753540039062,637.3499755859375,643.2999877929688,635.0,642.5,777067
2017-10-25,BHARATFORG,616.9929809570312,657.4000244140625,659.8499755859375,631.8499755859375,643.9500122070312,1458258
2017-10-26,BHARATFORG,621.16943359375,661.8499755859375,666.0,653.0499877929688,663.3499755859375,1595780
2017-10-27,BHARATFORG,630.1793823242188,671.4500122070312,675.9500122070312,650.5999755859375,660.0,1336457
2017-10-30,BHARATFORG,651.8594970703125,694.5499877929688,697.5,677.0,680.0,1551925
2017-10-31,BHARATFORG,655.28515625,698.2000122070312,710.0999755859375,685.0,699.4500122070312,1206918
2017-11-01,BHARATFORG,660.493896484375,703.75,706.0,689.7999877929688,705.25,866055
2017-11-02,BHARATFORG,652.4226684570312,695.1500244140625,705.8499755859375,692.7000122070312,705.8499755859375,925779
2017-11-03,BHARATFORG,662.4647827148438,705.8499755859375,721.0,700.1500244140625,711.0999755859375,1802395
2017-11-06,BHARATFORG,666.6412963867188,710.2999877929688,712.75,696.75,708.0,637710
2017-11-07,BHARATFORG,671.3340454101562,715.2999877929688,729.0,702.0,710.9000244140625,1768817
2017-11-08,BHARATFORG,685.83447265625,730.75,739.4500122070312,712.6500244140625,719.6500244140625,3124579
2017-11-09,BHARATFORG,674.0087890625,718.1500244140625,749.9500122070312,714.0,749.9500122070312,2140392
2017-11-10,BHARATFORG,665.656005859375,709.25,715.5,700.0,715.5,1969500
2017-11-13,BHARATFORG,647.2137451171875,689.5999755859375,709.1500244140625,686.0,709.1500244140625,1406785
2017-11-14,BHARATFORG,649.2315673828125,691.75,703.2000122070312,684.0499877929688,685.4000244140625,1265001
2017-11-15,BHARATFORG,649.1846923828125,691.7000122070312,700.0,684.25,692.5,603530
2017-11-16,BHARATFORG,656.8557739257812,697.8499755859375,700.7000122070312,687.25,698.4500122070312,722897
2017-11-17,BHARATFORG,655.5382080078125,696.4500122070312,707.7999877929688,691.5999755859375,705.0,765764
2017-11-20,BHARATFORG,656.1029663085938,697.0499877929688,704.2000122070312,691.5,703.0,948522
2017-11-21,BHARATFORG,668.38623046875,710.0999755859375,715.6500244140625,698.9500122070312,703.0,1107251
2017-11-22,BHARATFORG,669.4216918945312,711.2000122070312,714.9500122070312,704.5499877929688,714.9500122070312,756543
2017-11-23,BHARATFORG,657.1382446289062,698.1500244140625,714.75,693.75,714.75,1002364
2017-11-24,BHARATFORG,658.1737670898438,699.25,703.0,695.0,700.0,791178
2017-11-27,BHARATFORG,659.9620361328125,701.1500244140625,703.0,692.0,699.0,1059365
2017-11-28,BHARATFORG,656.3383178710938,697.2999877929688,702.9000244140625,695.0,702.0,590325
2017-11-29,BHARATFORG,658.3619384765625,699.4500122070312,701.0,695.5999755859375,698.5,431082
2017-11-30,BHARATFORG,652.431884765625,693.1500244140625,701.0,688.0999755859375,698.0,1177176
2017-12-01,BHARATFORG,644.2430419921875,684.4500122070312,700.7000122070312,678.2999877929688,695.9500122070312,522485
2017-12-04,BHARATFORG,635.6304931640625,675.2999877929688,692.8499755859375,672.0,687.0,702125
2017-12-05,BHARATFORG,655.8675537109375,696.7999877929688,702.0,683.0,683.0,2669145
2017-12-06,BHARATFORG,655.6793212890625,696.5999755859375,709.9000244140625,690.75,697.9500122070312,1522562
2017-12-07,BHARATFORG,662.0798950195312,703.4000244140625,707.5,700.4000244140625,703.0,1022491
2017-12-08,BHARATFORG,665.3743286132812,706.9000244140625,712.8499755859375,701.0999755859375,712.8499755859375,806742
2017-12-11,BHARATFORG,658.408935546875,699.5,712.4500122070312,696.2999877929688,712.25,695680
2017-12-12,BHARATFORG,656.8088989257812,697.7999877929688,701.0,692.0,698.0,1068425
2017-12-13,BHARATFORG,645.37255859375,685.6500244140625,699.9000244140625,681.0,698.0,801449
2017-12-14,BHARATFORG,648.384521484375,688.8499755859375,695.1500244140625,682.9000244140625,689.9000244140625,951407
2017-12-15,BHARATFORG,655.9147338867188,696.8499755859375,701.2000122070312,691.2999877929688,694.9000244140625,1502170
2017-12-18,BHARATFORG,664.8565063476562,706.3499755859375,709.9000244140625,676.0,695.0,842023
2017-12-19,BHARATFORG,685.7055053710938,728.5,729.9000244140625,701.25,701.25,1427071
2017-12-20,BHARATFORG,688.4351806640625,731.4000244140625,738.7000122070312,727.4500122070312,733.9500122070312,1026591
2017-12-21,BHARATFORG,685.4701538085938,728.25,735.25,720.5,731.4000244140625,741049
2017-12-22,BHARATFORG,686.0819091796875,728.9000244140625,736.0,725.0,734.0,903035
2017-12-26,BHARATFORG,685.140625,727.9000244140625,734.8499755859375,724.5,727.2000122070312,435757
2017-12-27,BHARATFORG,678.9754028320312,721.3499755859375,730.7000122070312,716.2000122070312,726.0,390400
2017-12-28,BHARATFORG,688.999755859375,732.0,734.25,718.0,722.4500122070312,1030248
2017-12-29,BHARATFORG,688.5292358398438,731.5,738.9500122070312,725.4500122070312,738.9500122070312,582786
2018-01-01,BHARATFORG,680.528564453125,723.0,733.9500122070312,720.1500244140625,731.5,372741
2018-01-02,BHARATFORG,685.2816772460938,728.0499877929688,733.4000244140625,714.2000122070312,726.7000122070312,739161
2018-01-03,BHARATFORG,690.03515625,733.0999755859375,741.7999877929688,725.25,731.5,1073961
2018-01-04,BHARATFORG,684.2463989257812,726.9500122070312,734.75,724.0,733.2999877929688,669117
2018-01-05,BHARATFORG,695.4474487304688,738.8499755859375,745.75,731.2999877929688,745.75,1719262
2018-01-08,BHARATFORG,698.7889404296875,742.4000244140625,751.0,735.5,740.9000244140625,1218813
2018-01-09,BHARATFORG,689.5645141601562,732.5999755859375,746.4000244140625,729.0999755859375,743.75,877343
2018-01-10,BHARATFORG,683.8699340820312,726.5499877929688,740.0999755859375,717.25,732.5999755859375,1067063
2018-01-11,BHARATFORG,684.7171020507812,727.4500122070312,735.0,720.4500122070312,720.4500122070312,807052
2018-01-12,BHARATFORG,687.6820068359375,730.5999755859375,740.9000244140625,720.0,729.7000122070312,954584
2018-01-15,BHARATFORG,687.8233032226562,730.75,737.7999877929688,725.0999755859375,730.0,420161
2018-01-16,BHARATFORG,673.1867065429688,715.2000122070312,735.8499755859375,710.25,729.0,778726
2018-01-17,BHARATFORG,691.9647827148438,735.1500244140625,737.5,700.5499877929688,719.7000122070312,922960
2018-01-18,BHARATFORG,678.5518798828125,720.9000244140625,737.9000244140625,717.0,735.0,684221
2018-01-19,BHARATFORG,692.529541015625,735.75,737.4500122070312,715.0999755859375,721.0999755859375,688556
2018-01-22,BHARATFORG,696.2474975585938,739.7000122070312,743.7999877929688,729.25,732.0,708591
2018-01-23,BHARATFORG,704.5306396484375,748.5,755.0,733.0,744.0,1206318
2018-01-24,BHARATFORG,702.5068969726562,746.3499755859375,756.0,740.7999877929688,748.4000244140625,942288
2018-01-25,BHARATFORG,678.7872314453125,721.1500244140625,751.9500122070312,716.2999877929688,744.7999877929688,2244964
2018-01-29,BHARATFORG,675.822265625,718.0,728.0,713.7000122070312,722.0999755859375,1288979
2018-01-30,BHARATFORG,678.739990234375,721.0999755859375,723.0999755859375,702.5499877929688,714.0,578102
2018-01-31,BHARATFORG,674.9750366210938,717.0999755859375,724.9000244140625,710.3499755859375,724.9000244140625,869666
2018-02-01,BHARATFORG,681.8932495117188,724.4500122070312,732.0,711.9500122070312,718.5,831151
2018-02-02,BHARATFORG,650.2200927734375,690.7999877929688,720.0,680.7999877929688,715.0,1050389
2018-02-05,BHARATFORG,672.1041259765625,714.0499877929688,719.0,672.0,678.0,1720727
2018-02-06,BHARATFORG,658.7855224609375,699.9000244140625,709.0,674.2999877929688,695.0,1334003
2018-02-07,BHARATFORG,664.8095703125,706.2999877929688,719.2999877929688,702.0,711.0,731339
2018-02-08,BHARATFORG,716.4845581054688,761.2000122070312,764.7999877929688,706.9000244140625,706.9000244140625,3709081
2018-02-09,BHARATFORG,717.990478515625,762.7999877929688,775.0999755859375,747.2999877929688,751.0,3003733
2018-02-12,BHARATFORG,730.7445068359375,776.3499755859375,781.4000244140625,763.5999755859375,770.0999755859375,1567761
2018-02-14,BHARATFORG,718.9317016601562,763.7999877929688,785.0,757.0,785.0,900835
2018-02-15,BHARATFORG,707.9190673828125,752.0999755859375,769.0,749.75,769.0,793119
2018-02-16,BHARATFORG,698.647705078125,742.25,757.4500122070312,737.25,755.0,785849
2018-02-19,BHARATFORG,694.0827026367188,737.4000244140625,747.0,723.7000122070312,742.2999877929688,622264
2018-02-20,BHARATFORG,695.4003295898438,738.7999877929688,754.5999755859375,734.7000122070312,745.5,1092057
2018-02-21,BHARATFORG,713.048828125,757.5499877929688,761.8499755859375,735.25,740.5,1213985
2018-02-22,BHARATFORG,711.7781982421875,756.2000122070312,762.0,748.0499877929688,754.0,1008588
2018-02-23,BHARATFORG,705.9423828125,750.0,763.5,745.7999877929688,756.5499877929688,833265
2018-02-26,BHARATFORG,722.508544921875,767.5999755859375,776.4000244140625,752.5999755859375,757.75,1389478
2018-02-27,BHARATFORG,727.1207275390625,772.5,776.75,763.0,773.0,787760
2018-02-28,BHARATFORG,743.4514770507812,789.8499755859375,798.0,759.0,765.0,1878047
2018-03-01,BHARATFORG,737.9451904296875,784.0,797.4000244140625,777.7999877929688,791.7999877929688,1447995
2018-03-05,BHARATFORG,718.2257690429688,763.0499877929688,785.0,757.0,781.0,1443138
2018-03-06,BHARATFORG,717.237548828125,762.0,772.7000122070312,756.8499755859375,770.0,863068
2018-03-07,BHARATFORG,698.271240234375,741.8499755859375,761.4000244140625,740.0,761.4000244140625,829873
2018-03-08,BHARATFORG,704.4835815429688,748.4500122070312,755.9500122070312,736.5499877929688,743.2000122070312,1251216
2018-03-09,BHARATFORG,703.8716430664062,747.7999877929688,753.7000122070312,745.0,747.25,604663
2018-03-12,BHARATFORG,692.3883056640625,735.5999755859375,759.4500122070312,725.0,754.0,933624
2018-03-13,BHARATFORG,694.4119873046875,737.75,750.2000122070312,729.0,743.0,1032311
2018-03-14,BHARATFORG,697.1417236328125,740.6500244140625,744.7999877929688,733.2999877929688,735.0,779350
2018-03-15,BHARATFORG,695.2120361328125,738.5999755859375,744.3499755859375,733.5499877929688,738.0,946301
2018-03-16,BHARATFORG,693.3295288085938,736.5999755859375,752.5,733.0,739.0,1024724
2018-03-19,BHARATFORG,667.5862426757812,709.25,737.9000244140625,703.5999755859375,736.5999755859375,1020740
2018-03-20,BHARATFORG,666.1744384765625,707.75,714.5499877929688,698.25,701.1500244140625,1013796
2018-03-21,BHARATFORG,662.22119140625,703.5499877929688,719.9000244140625,700.0999755859375,710.0,788133
2018-03-22,BHARATFORG,657.6089477539062,698.6500244140625,709.6500244140625,691.0,703.0,1224364
2018-03-23,BHARATFORG,649.7493896484375,690.2999877929688,697.25,678.0,685.0,1665813
2018-03-26,BHARATFORG,658.032470703125,699.0999755859375,702.4500122070312,683.5999755859375,688.1500244140625,617444
2018-03-27,BHARATFORG,663.6800537109375,705.0999755859375,709.7999877929688,700.0,701.25,1243535
2018-03-28,BHARATFORG,658.550048828125,699.6500244140625,705.0,695.0,703.0,1390605
2018-04-02,BHARATFORG,678.6459350585938,721.0,723.1500244140625,698.5999755859375,703.0,1574573
2018-04-03,BHARATFORG,675.3515014648438,717.5,725.2999877929688,708.8499755859375,721.9500122070312,1348066
2018-04-04,BHARATFORG,674.3631591796875,716.4500122070312,734.5,707.8499755859375,728.0999755859375,3094364
2018-04-05,BHARATFORG,684.1994018554688,726.9000244140625,733.25,722.0499877929688,728.0,1357694
2018-04-06,BHARATFORG,686.3172607421875,729.1500244140625,734.7000122070312,720.75,727.0,692605
2018-04-09,BHARATFORG,681.2815551757812,723.7999877929688,734.5499877929688,721.25,730.0,1014093
2018-04-10,BHARATFORG,688.0584716796875,731.0,737.5,721.9500122070312,728.0,1347972
2018-04-11,BHARATFORG,687.7290649414062,730.6500244140625,742.0,727.4500122070312,735.5,1821154
2018-04-12,BHARATFORG,687.8233032226562,730.75,737.3499755859375,728.0999755859375,735.0,751367
2018-04-13,BHARATFORG,691.0706787109375,734.2000122070312,740.9500122070312,731.5999755859375,737.4000244140625,628033
2018-04-16,BHARATFORG,692.906005859375,736.1500244140625,741.3499755859375,728.25,731.5999755859375,765604
2018-04-17,BHARATFORG,694.7885131835938,738.1500244140625,741.9000244140625,735.9500122070312,739.7000122070312,529950
2018-04-18,BHARATFORG,693.3766479492188,736.6500244140625,746.0,732.4000244140625,740.9000244140625,600450
2018-04-19,BHARATFORG,706.6954345703125,750.7999877929688,754.0,736.0,741.0,576842
2018-04-20,BHARATFORG,718.1317138671875,762.9500122070312,766.7999877929688,749.0,752.0,1474625
2018-04-23,BHARATFORG,715.260986328125,759.9000244140625,765.0,755.75,764.4500122070312,549829
2018-04-24,BHARATFORG,708.154296875,752.3499755859375,760.7000122070312,747.0499877929688,759.0,550194
2018-04-25,BHARATFORG,718.1317138671875,762.9500122070312,765.75,743.2999877929688,750.0,843566
2018-04-26,BHARATFORG,726.1793823242188,771.5,776.0999755859375,761.1500244140625,769.9000244140625,1189135
2018-04-27,BHARATFORG,726.8383178710938,772.2000122070312,782.2000122070312,766.6500244140625,773.9000244140625,909333
2018-04-30,BHARATFORG,729.1914672851562,774.7000122070312,777.7000122070312,760.0,772.2999877929688,471151
2018-05-02,BHARATFORG,723.5909423828125,768.75,784.7999877929688,763.5999755859375,773.9500122070312,474472
2018-05-03,BHARATFORG,706.1307983398438,750.2000122070312,768.7000122070312,745.0,760.0,1221539
2018-05-04,BHARATFORG,690.03515625,733.0999755859375,752.25,727.5,747.5,654459
2018-05-07,BHARATFORG,698.1300048828125,741.7000122070312,746.5999755859375,731.0499877929688,733.7999877929688,668891
2018-05-08,BHARATFORG,696.90625,740.4000244140625,751.5,734.7999877929688,742.0,391061
2018-05-09,BHARATFORG,686.1289672851562,728.9500122070312,744.2000122070312,724.0999755859375,741.0,582431
2018-05-10,BHARATFORG,681.705078125,724.25,736.0,723.0,728.0,369523
2018-05-11,BHARATFORG,682.9756469726562,725.5999755859375,731.9000244140625,721.2999877929688,726.0,273121
2018-05-14,BHARATFORG,691.7294921875,734.9000244140625,739.0999755859375,720.5499877929688,725.0,678648
2018-05-15,BHARATFORG,685.23486328125,728.0,750.9000244140625,721.5,730.5,843427
2018-05-16,BHARATFORG,685.4229736328125,728.2000122070312,737.5,721.5999755859375,723.0999755859375,347987
2018-05-17,BHARATFORG,682.693359375,725.2999877929688,735.7999877929688,723.0499877929688,731.0,984517
2018-05-18,BHARATFORG,680.4343872070312,722.9000244140625,733.0,716.5499877929688,721.0,489945
2018-05-21,BHARATFORG,653.46728515625,694.25,723.5999755859375,690.5499877929688,720.2000122070312,964352
2018-05-22,BHARATFORG,640.94873046875,680.9500122070312,710.7999877929688,657.3499755859375,696.0,5292377
2018-05-23,BHARATFORG,645.7960815429688,686.0999755859375,699.5999755859375,677.0,680.0,1043065
2018-05-24,BHARATFORG,604.75732421875,642.5,681.7999877929688,636.0,675.0,2969248
2018-05-25,BHARATFORG,627.48876953125,666.6500244140625,670.9000244140625,644.0,644.0,1105580
2018-05-28,BHARATFORG,624.4767456054688,663.4500122070312,671.9500122070312,652.0,670.5,926550
2018-05-29,BHARATFORG,620.4292602539062,659.1500244140625,675.9500122070312,650.2000122070312,660.5,1532120
2018-05-30,BHARATFORG,626.6416625976562,665.75,671.7000122070312,656.2999877929688,658.1500244140625,1334883
2018-05-31,BHARATFORG,612.4755249023438,650.7000122070312,669.5499877929688,648.75,667.5999755859375,1374402
2018-06-01,BHARATFORG,604.8515625,642.5999755859375,654.9000244140625,639.0499877929688,644.5,1134819
2018-06-04,BHARATFORG,599.298095703125,636.7000122070312,647.9500122070312,624.0,643.0999755859375,1460273
2018-06-05,BHARATFORG,600.7568969726562,638.25,641.6500244140625,627.5,635.5999755859375,728345
2018-06-06,BHARATFORG,611.9579467773438,650.1500244140625,652.9500122070312,627.5999755859375,644.0,1524680
2018-06-07,BHARATFORG,616.6171264648438,655.0999755859375,661.2000122070312,650.7999877929688,651.0,635623
2018-06-08,BHARATFORG,614.1229248046875,652.4500122070312,654.9000244140625,642.5999755859375,653.0999755859375,899383
2018-06-11,BHARATFORG,609.463623046875,647.5,658.0,644.4000244140625,658.0,438397
2018-06-12,BHARATFORG,613.6522216796875,651.9500122070312,656.9500122070312,645.5,648.7000122070312,604139
2018-06-13,BHARATFORG,617.9820556640625,656.5499877929688,668.8499755859375,652.4500122070312,657.4500122070312,1148429
2018-06-14,BHARATFORG,608.2399291992188,646.2000122070312,655.5,643.9500122070312,654.3499755859375,392696
2018-06-15,BHARATFORG,605.3692016601562,643.1500244140625,651.0,633.4000244140625,646.0,885052
2018-06-18,BHARATFORG,601.039306640625,638.5499877929688,647.5999755859375,635.0,640.3499755859375,342803
2018-06-19,BHARATFORG,595.9566040039062,633.1500244140625,638.5999755859375,625.5,634.0,582020
2018-06-20,BHARATFORG,593.7915649414062,630.8499755859375,638.0,630.0,634.7000122070312,624037
2018-06-21,BHARATFORG,571.766357421875,607.4500122070312,633.6500244140625,605.0499877929688,632.9000244140625,1906085
2018-06-22,BHARATFORG,577.0843505859375,613.0999755859375,618.8499755859375,604.0,607.4500122070312,1567938
2018-06-25,BHARATFORG,569.8367919921875,605.4000244140625,618.0,602.25,613.2999877929688,558894
2018-06-26,BHARATFORG,573.6959838867188,609.5,613.9000244140625,601.7999877929688,603.0,710580
2018-06-27,BHARATFORG,568.8484497070312,604.3499755859375,613.2000122070312,591.0,613.2000122070312,958190
2018-06-28,BHARATFORG,568.8956298828125,604.4000244140625,621.0,596.75,606.0,1734274
2018-06-29,BHARATFORG,576.7078247070312,612.7000122070312,615.7000122070312,602.5,605.0499877929688,697986
2018-07-02,BHARATFORG,575.1548461914062,611.0499877929688,630.0,604.6500244140625,618.0,1315389
2018-07-03,BHARATFORG,583.9556274414062,620.4000244140625,624.25,608.5499877929688,610.9500122070312,680435
2018-07-04,BHARATFORG,599.34521484375,636.75,638.7999877929688,615.7999877929688,621.9000244140625,1102281
2018-07-05,BHARATFORG,579.0610961914062,615.2000122070312,642.5999755859375,611.5,640.5999755859375,961410
2018-07-06,BHARATFORG,595.20361328125,632.3499755859375,635.5999755859375,611.0,615.2000122070312,1103081
2018-07-09,BHARATFORG,613.2286987304688,651.5,655.9000244140625,635.25,637.9000244140625,1844330
2018-07-10,BHARATFORG,606.2162475585938,644.0499877929688,654.0,642.0,654.0,645076
2018-07-11,BHARATFORG,598.7332763671875,636.0999755859375,648.2999877929688,633.0999755859375,641.0,458892
2018-07-12,BHARATFORG,584.5203857421875,621.0,639.75,617.0,638.0,668088
2018-07-13,BHARATFORG,570.2133178710938,605.7999877929688,622.75,603.9500122070312,621.0,643651
2018-07-16,BHARATFORG,556.1884155273438,590.9000244140625,609.7000122070312,588.0,606.9000244140625,833272
2018-07-17,BHARATFORG,580.0964965820312,616.2999877929688,619.7999877929688,582.5,582.5,1309289
2018-07-18,BHARATFORG,560.2830200195312,595.25,616.7000122070312,588.5999755859375,616.0,1094475
2018-07-19,BHARATFORG,548.7054443359375,582.9500122070312,598.9000244140625,575.0999755859375,597.7999877929688,1532424
2018-07-20,BHARATFORG,552.65869140625,587.1500244140625,591.5,575.0,580.2000122070312,761579
2018-07-23,BHARATFORG,568.0953979492188,603.5499877929688,609.0,585.0,588.4000244140625,842520
2018-07-24,BHARATFORG,570.7308959960938,606.3499755859375,612.0999755859375,592.0999755859375,602.0499877929688,866169
2018-07-25,BHARATFORG,584.8497314453125,621.3499755859375,633.75,604.2999877929688,604.2999877929688,1567219
2018-07-26,BHARATFORG,592.3797607421875,629.3499755859375,645.0,619.0499877929688,631.0,2032775
2018-07-27,BHARATFORG,596.0653076171875,630.75,639.9500122070312,624.1500244140625,633.2000122070312,656521
2018-07-30,BHARATFORG,592.3797607421875,626.8499755859375,636.4000244140625,617.7000122070312,630.75,712198
2018-07-31,BHARATFORG,605.4210205078125,640.6500244140625,645.8499755859375,620.0,628.0,1134534
2018-08-01,BHARATFORG,608.7284545898438,644.1500244140625,663.0,632.0,645.5,2251026
2018-08-02,BHARATFORG,600.7431640625,635.7000122070312,648.25,628.7000122070312,644.0,985906
2018-08-03,BHARATFORG,609.8153076171875,645.2999877929688,668.5,639.0,639.0,1914865
2018-08-06,BHARATFORG,611.705322265625,647.2999877929688,652.3499755859375,642.2000122070312,646.0999755859375,446961
2018-08-07,BHARATFORG,602.9639892578125,638.0499877929688,651.9500122070312,633.5499877929688,649.7999877929688,789934
2018-08-08,BHARATFORG,604.2869873046875,639.4500122070312,648.4000244140625,632.0499877929688,640.0,869189
2018-08-09,BHARATFORG,596.7269897460938,631.4500122070312,652.9000244140625,623.0999755859375,644.7999877929688,3477923
2018-08-10,BHARATFORG,594.8368530273438,629.4500122070312,638.1500244140625,626.2000122070312,635.7999877929688,961122
2018-08-13,BHARATFORG,575.4641723632812,608.9500122070312,627.9500122070312,607.0999755859375,627.1500244140625,1356735
2018-08-14,BHARATFORG,584.9141845703125,618.9500122070312,621.9000244140625,605.2000122070312,605.2000122070312,1001131
2018-08-16,BHARATFORG,585.1504516601562,619.2000122070312,626.1500244140625,610.0999755859375,617.0,1238957
2018-08-17,BHARATFORG,595.9710083007812,630.6500244140625,634.75,621.0,623.5999755859375,960299
2018-08-20,BHARATFORG,612.1305541992188,647.75,650.5999755859375,634.7999877929688,635.0499877929688,1215908
2018-08-21,BHARATFORG,605.6099243164062,640.8499755859375,650.4500122070312,639.0,648.0,602337
2018-08-23,BHARATFORG,616.383056640625,652.25,655.5999755859375,631.2999877929688,642.1500244140625,1277935
2018-08-24,BHARATFORG,611.5636596679688,647.1500244140625,659.3499755859375,640.8499755859375,651.75,1205281
2018-08-27,BHARATFORG,612.886474609375,648.5499877929688,658.7000122070312,646.0499877929688,655.0,2099713
2018-08-28,BHARATFORG,618.4620971679688,654.4500122070312,659.0,645.5499877929688,648.0,1331133
2018-08-29,BHARATFORG,630.41650390625,667.0999755859375,685.0,659.0999755859375,659.5,3844392
2018-08-30,BHARATFORG,632.2120361328125,669.0,678.5,662.4500122070312,669.0,1705017
2018-08-31,BHARATFORG,641.7092895507812,679.0499877929688,684.0,668.4500122070312,669.9500122070312,1717798
2018-09-03,BHARATFORG,632.590087890625,669.4000244140625,689.6500244140625,667.0,685.7999877929688,1786210
2018-09-04,BHARATFORG,614.3986206054688,650.1500244140625,676.5499877929688,647.4000244140625,668.7999877929688,1940797
2018-09-05,BHARATFORG,627.0145263671875,663.5,665.7000122070312,639.2000122070312,648.7999877929688,1284439
2018-09-06,BHARATFORG,632.1175537109375,668.9000244140625,681.9000244140625,663.5999755859375,674.5,1790361
2018-09-07,BHARATFORG,650.8287963867188,688.7000122070312,693.9000244140625,663.6500244140625,672.0,1707078
2018-09-10,BHARATFORG,630.369140625,667.0499877929688,692.2000122070312,663.4000244140625,687.9500122070312,985575
2018-09-11,BHARATFORG,618.2730712890625,654.25,677.5499877929688,649.0499877929688,675.5499877929688,1520723
2018-09-12,BHARATFORG,625.8804321289062,662.2999877929688,666.75,647.5,656.4000244140625,832284
2018-09-14,BHARATFORG,631.64501953125,668.4000244140625,674.0,657.0,667.7000122070312,1534664
2018-09-17,BHARATFORG,616.6665649414062,652.5499877929688,667.25,651.0,665.3499755859375,875664
2018-09-18,BHARATFORG,594.8841552734375,629.5,660.75,627.2999877929688,652.6500244140625,1410232
2018-09-19,BHARATFORG,603.908935546875,639.0499877929688,642.9000244140625,631.0999755859375,631.7000122070312,917222
2018-09-21,BHARATFORG,590.206298828125,624.5499877929688,653.75,595.8499755859375,642.0,2281161
2018-09-24,BHARATFORG,574.6135864257812,608.0499877929688,632.5,602.0,629.9000244140625,1465954
2018-09-25,BHARATFORG,582.693359375,616.5999755859375,621.7000122070312,603.1500244140625,608.0,846868
2018-09-26,BHARATFORG,590.6315307617188,625.0,631.4000244140625,618.25,622.2000122070312,911023
2018-09-27,BHARATFORG,578.7716674804688,612.4500122070312,635.0,609.7000122070312,625.0,2147662
2018-09-28,BHARATFORG,568.0457763671875,601.0999755859375,624.75,591.25,616.2000122070312,1340551
2018-10-01,BHARATFORG,591.1511840820312,625.5499877929688,629.4500122070312,590.5499877929688,604.7999877929688,1175862
2018-10-03,BHARATFORG,570.2667236328125,603.4500122070312,618.5,602.0,613.0999755859375,1154916
2018-10-04,BHARATFORG,559.115478515625,591.6500244140625,600.0,586.1500244140625,598.3499755859375,799249
2018-10-05,BHARATFORG,545.2239379882812,576.9500122070312,596.0,575.0,591.5999755859375,902066
2018-10-08,BHARATFORG,534.9703369140625,566.0999755859375,581.7000122070312,559.5999755859375,575.0,2234070
2018-10-09,BHARATFORG,533.7420043945312,564.7999877929688,569.7000122070312,552.0,567.5,1564823
2018-10-10,BHARATFORG,556.6111450195312,589.0,590.9500122070312,559.0499877929688,566.4500122070312,1442209
2018-10-11,BHARATFORG,524.7169189453125,555.25,574.25,551.5499877929688,560.2999877929688,2234840
2018-10-12,BHARATFORG,542.0579833984375,573.5999755859375,584.0,559.0999755859375,560.0,1420975
2018-10-15,BHARATFORG,549.0037231445312,580.9500122070312,584.5,567.0,575.7000122070312,1307540
2018-10-16,BHARATFORG,546.4522705078125,578.25,589.9000244140625,574.0499877929688,584.9000244140625,1993125
2018-10-17,BHARATFORG,529.820068359375,560.6500244140625,586.75,559.0499877929688,584.5999755859375,866039
2018-10-19,BHARATFORG,533.8837280273438,564.9500122070312,570.0,554.6500244140625,558.9000244140625,631144
2018-10-22,BHARATFORG,523.44140625,553.9000244140625,573.0,552.0,567.0999755859375,668097
2018-10-23,BHARATFORG,523.063232421875,553.5,562.8499755859375,542.5,551.9000244140625,1596636
2018-10-24,BHARATFORG,526.1345825195312,556.75,562.5999755859375,546.0999755859375,553.5,916612
2018-10-25,BHARATFORG,516.6370849609375,546.7000122070312,553.75,541.0499877929688,550.0,1133717
2018-10-26,BHARATFORG,522.9215087890625,553.3499755859375,559.9000244140625,541.7999877929688,551.7000122070312,861948
2018-10-29,BHARATFORG,526.2763671875,556.9000244140625,559.0,546.5,554.6500244140625,1313571
2018-10-30,BHARATFORG,538.1834716796875,569.5,574.2000122070312,553.5,556.0,952329
2018-10-31,BHARATFORG,552.7366333007812,584.9000244140625,586.7999877929688,565.5499877929688,574.3499755859375,1030280
2018-11-01,BHARATFORG,549.0983276367188,581.0499877929688,591.3499755859375,578.3499755859375,585.0,430077
2018-11-02,BHARATFORG,573.8575439453125,607.25,637.2999877929688,582.4500122070312,589.0,4309509
2018-11-05,BHARATFORG,565.872314453125,598.7999877929688,619.6500244140625,593.7999877929688,607.0,871744
2018-11-06,BHARATFORG,554.0122680664062,586.25,606.25,583.2000122070312,601.0,760322
2018-11-07,BHARATFORG,559.918701171875,592.5,593.9500122070312,587.2000122070312,587.9000244140625,100152
2018-11-09,BHARATFORG,551.4136352539062,583.5,600.7999877929688,581.5,592.0,934335
2018-11-12,BHARATFORG,552.689208984375,584.8499755859375,596.0999755859375,579.0,585.0,848601
2018-11-13,BHARATFORG,557.6034545898438,590.0499877929688,592.5,578.8499755859375,582.0,598683
2018-11-14,BHARATFORG,552.6421508789062,584.7999877929688,599.7000122070312,583.2000122070312,594.4000244140625,1023074
2018-11-15,BHARATFORG,559.7600708007812,589.7999877929688,592.0,581.0499877929688,584.0,629015
2018-11-16,BHARATFORG,562.7972412109375,593.0,596.0,584.0999755859375,590.5,809715
2018-11-19,BHARATFORG,564.5528564453125,594.8499755859375,602.5,591.0,593.5499877929688,883460
2018-11-20,BHARATFORG,547.7069702148438,577.0999755859375,600.75,571.0,592.2000122070312,1216501
2018-11-21,BHARATFORG,550.696533203125,580.25,585.0499877929688,567.5,577.0,1095386
2018-11-22,BHARATFORG,553.1640625,582.8499755859375,587.9500122070312,576.0,581.7999877929688,583409
2018-11-26,BHARATFORG,543.1038818359375,572.25,585.25,563.9500122070312,584.0,1170925
2018-11-27,BHARATFORG,546.330810546875,575.6500244140625,577.75,566.0,566.0,746454
2018-11-28,BHARATFORG,536.8877563476562,565.7000122070312,582.0,564.6500244140625,576.0,887444
2018-11-29,BHARATFORG,543.0090942382812,572.1500244140625,574.9000244140625,564.0,569.0999755859375,1094642
2018-11-30,BHARATFORG,535.1319580078125,563.8499755859375,576.0,562.0999755859375,576.0,1864406
2018-12-03,BHARATFORG,535.0370483398438,563.75,569.7999877929688,556.5,569.7999877929688,1423254
2018-12-04,BHARATFORG,550.8863525390625,580.4500122070312,587.5999755859375,562.2000122070312,567.0,1311707
2018-12-05,BHARATFORG,504.38201904296875,531.4500122070312,565.0,525.5499877929688,560.0,10232588
2018-12-06,BHARATFORG,499.7317199707031,526.5499877929688,529.9000244140625,510.5,526.0,3487601
2018-12-07,BHARATFORG,479.75372314453125,505.5,534.0,501.0,534.0,4241301
2018-12-10,BHARATFORG,480.2756652832031,506.04998779296875,508.70001220703125,488.04998779296875,488.04998779296875,1634794
2018-12-11,BHARATFORG,471.6391906738281,496.95001220703125,508.29998779296875,492.5,492.5,2572644
2018-12-12,BHARATFORG,488.5326232910156,514.75,529.9000244140625,497.1499938964844,500.0,1850888
2018-12-13,BHARATFORG,482.2212829589844,508.1000061035156,525.9000244140625,503.1499938964844,518.5999755859375,1727935
2018-12-14,BHARATFORG,487.4411926269531,513.5999755859375,519.5,504.70001220703125,508.25,1337897
2018-12-17,BHARATFORG,497.4538879394531,524.1500244140625,526.0,508.1499938964844,516.0,1606047
2018-12-18,BHARATFORG,495.4132995605469,522.0,525.8499755859375,515.25,520.0999755859375,1271134
2018-12-19,BHARATFORG,495.1760559082031,521.75,528.0,518.0,524.5999755859375,1257559
2018-12-20,BHARATFORG,494.9388427734375,521.5,531.0,513.7000122070312,519.0,1733104
2018-12-21,BHARATFORG,476.0048522949219,501.54998779296875,526.0,500.0,522.0,1869274
2018-12-24,BHARATFORG,476.859130859375,502.45001220703125,506.54998779296875,491.0,502.0,2056723
2018-12-26,BHARATFORG,479.706298828125,505.45001220703125,508.5,494.20001220703125,501.54998779296875,1142633
2018-12-27,BHARATFORG,474.72369384765625,500.20001220703125,513.5,498.1499938964844,509.0,1464279
2018-12-28,BHARATFORG,481.41461181640625,507.25,517.9500122070312,501.6000061035156,505.0,1775541
2018-12-31,BHARATFORG,482.7907409667969,508.70001220703125,514.25,506.20001220703125,510.3999938964844,842419
2019-01-01,BHARATFORG,484.9261474609375,510.95001220703125,514.7000122070312,506.54998779296875,510.0,639790
2019-01-02,BHARATFORG,469.6935729980469,494.8999938964844,510.75,492.0,510.0,1621236
2019-01-03,BHARATFORG,462.6705017089844,487.5,500.3999938964844,485.5,495.70001220703125,1732579
2019-01-04,BHARATFORG,462.3383483886719,487.1499938964844,494.3999938964844,483.04998779296875,488.95001220703125,2128419
2019-01-07,BHARATFORG,455.267822265625,479.70001220703125,487.0,470.1000061035156,482.29998779296875,4043811
2019-01-08,BHARATFORG,447.817626953125,471.8500061035156,482.1499938964844,470.1000061035156,480.1000061035156,2436361
2019-01-09,BHARATFORG,452.7052917480469,477.0,478.54998779296875,469.3999938964844,473.54998779296875,1367513
2019-01-10,BHARATFORG,457.7828674316406,482.3500061035156,484.1000061035156,475.6499938964844,480.0,1618253
2019-01-11,BHARATFORG,457.11846923828125,481.6499938964844,485.45001220703125,477.04998779296875,484.1499938964844,944881
2019-01-14,BHARATFORG,452.2307434082031,476.5,482.0,471.0,481.0,967635
2019-01-15,BHARATFORG,461.8638610839844,486.6499938964844,488.6000061035156,474.0,478.5,1650630
2019-01-16,BHARATFORG,464.8059387207031,489.75,494.0,484.1000061035156,487.8999938964844,1218694
2019-01-17,BHARATFORG,464.2839660644531,489.20001220703125,493.95001220703125,485.6000061035156,490.1000061035156,780731
2019-01-18,BHARATFORG,455.3626708984375,479.79998779296875,492.6000061035156,473.0,492.20001220703125,1490363
2019-01-21,BHARATFORG,454.2712097167969,478.6499938964844,483.95001220703125,474.70001220703125,480.0,1140253
2019-01-22,BHARATFORG,461.24688720703125,486.0,488.0,473.8500061035156,476.0,1022305
2019-01-23,BHARATFORG,465.1380920410156,490.1000061035156,493.04998779296875,480.1499938964844,484.5,1999764
2019-01-24,BHARATFORG,451.56634521484375,475.79998779296875,492.95001220703125,473.75,491.0,1023064
2019-01-25,BHARATFORG,455.1729431152344,479.6000061035156,487.5,476.04998779296875,477.3999938964844,1453797
2019-01-28,BHARATFORG,446.6312561035156,470.6000061035156,479.45001220703125,468.25,478.1000061035156,738279
2019-01-29,BHARATFORG,461.2943420410156,486.04998779296875,489.5,463.54998779296875,468.04998779296875,2091115
2019-01-30,BHARATFORG,451.0919189453125,475.29998779296875,488.5,473.79998779296875,486.04998779296875,1008221
2019-01-31,BHARATFORG,467.8904113769531,493.0,496.0,476.5,477.6000061035156,2264567
2019-02-01,BHARATFORG,470.21563720703125,495.45001220703125,505.8500061035156,488.20001220703125,491.0,1723141
2019-02-04,BHARATFORG,462.8128967285156,487.6499938964844,495.0,483.20001220703125,495.0,602203
2019-02-05,BHARATFORG,462.8128967285156,487.6499938964844,494.45001220703125,485.1000061035156,485.1000061035156,618809
2019-02-06,BHARATFORG,457.5455627441406,482.1000061035156,487.3999938964844,472.0,474.29998779296875,1717658
2019-02-07,BHARATFORG,467.7005920410156,492.79998779296875,495.45001220703125,481.70001220703125,482.79998779296875,772841
2019-02-08,BHARATFORG,459.8707580566406,484.54998779296875,498.0,478.1499938964844,498.0,754438
2019-02-11,BHARATFORG,454.6983337402344,479.1000061035156,484.54998779296875,472.5,482.20001220703125,527381
2019-02-12,BHARATFORG,459.15899658203125,483.79998779296875,486.3999938964844,477.3500061035156,479.0,580373
2019-02-14,BHARATFORG,454.0814514160156,478.45001220703125,483.54998779296875,466.0,473.8500061035156,1816217
2019-02-15,BHARATFORG,445.11273193359375,469.0,478.1499938964844,459.0,477.0,2152438
2019-02-18,BHARATFORG,435.6221008300781,459.0,471.1499938964844,457.75,468.0,1031691
2019-02-19,BHARATFORG,434.2934265136719,457.6000061035156,465.8500061035156,456.1000061035156,458.0,675042
2019-02-20,BHARATFORG,449.4309997558594,473.54998779296875,477.95001220703125,459.3999938964844,461.0,1494861
2019-02-21,BHARATFORG,456.31170654296875,480.79998779296875,482.8500061035156,469.6000061035156,476.0,769754
2019-02-22,BHARATFORG,464.2839660644531,489.20001220703125,491.0,477.75,480.95001220703125,837374
2019-02-25,BHARATFORG,469.36138916015625,494.54998779296875,496.25,486.3500061035156,489.20001220703125,1746291
2019-02-26,BHARATFORG,480.46551513671875,506.25,513.3499755859375,486.04998779296875,492.0,2879913
2019-02-27,BHARATFORG,485.1634216308594,511.20001220703125,517.0,506.20001220703125,509.3999938964844,1930334
2019-02-28,BHARATFORG,486.7768249511719,512.9000244140625,518.0,509.6499938964844,514.0,1574255
2019-03-01,BHARATFORG,493.2779235839844,519.75,521.5499877929688,510.0,517.5,1154025
2019-03-05,BHARATFORG,499.30450439453125,526.0999755859375,528.4500122070312,505.20001220703125,514.0,2469584
2019-03-06,BHARATFORG,492.1391296386719,518.5499877929688,526.5,513.0499877929688,520.4500122070312,2106915
2019-03-07,BHARATFORG,490.0510559082031,516.3499755859375,525.0,512.2999877929688,515.0999755859375,1324032
2019-03-08,BHARATFORG,481.509521484375,507.3500061035156,516.5499877929688,502.1000061035156,514.0,1200535
2019-03-11,BHARATFORG,506.65985107421875,533.8499755859375,537.0,506.6499938964844,509.8999938964844,3216600
2019-03-12,BHARATFORG,503.10076904296875,530.0999755859375,537.1500244140625,527.1500244140625,536.5,1476167
2019-03-13,BHARATFORG,510.12396240234375,537.5,544.75,524.0499877929688,530.0,2937794
2019-03-14,BHARATFORG,503.3380126953125,530.3499755859375,541.0,528.0,535.0,972792
2019-03-15,BHARATFORG,508.27325439453125,535.5499877929688,548.25,526.2999877929688,531.5,3914300
2019-03-18,BHARATFORG,490.9052734375,517.25,537.0499877929688,515.5499877929688,537.0,1310619
2019-03-19,BHARATFORG,490.38330078125,516.7000122070312,520.7000122070312,514.1500244140625,517.9500122070312,745438
2019-03-20,BHARATFORG,477.9978942871094,503.6499938964844,516.9500122070312,502.5,515.6500244140625,1445005
2019-03-22,BHARATFORG,469.4089050292969,494.6000061035156,509.8500061035156,492.0,504.6499938964844,1360552
2019-03-25,BHARATFORG,462.7654113769531,487.6000061035156,492.79998779296875,482.0,490.3999938964844,1972061
2019-03-26,BHARATFORG,466.3244323730469,491.3500061035156,494.54998779296875,483.8999938964844,490.0,917148
2019-03-27,BHARATFORG,466.0397033691406,491.04998779296875,499.20001220703125,485.54998779296875,491.5,1356602
2019-03-28,BHARATFORG,469.45635986328125,494.6499938964844,498.3500061035156,488.0,491.04998779296875,1597993
2019-04-01,BHARATFORG,485.54302978515625,511.6000061035156,520.5999755859375,507.8500061035156,513.5999755859375,720664
2019-04-02,BHARATFORG,488.01055908203125,514.2000122070312,516.9000244140625,508.45001220703125,512.0,756465
2019-04-03,BHARATFORG,478.14031982421875,503.79998779296875,523.0,501.1000061035156,510.0,1401379
2019-04-04,BHARATFORG,482.0788879394531,507.95001220703125,510.45001220703125,498.5,503.0,750092
2019-04-05,BHARATFORG,486.2548828125,512.3499755859375,516.7000122070312,509.8999938964844,509.95001220703125,488412
2019-04-08,BHARATFORG,477.7607116699219,503.3999938964844,515.4000244140625,501.3500061035156,513.0,572385
2019-04-09,BHARATFORG,481.6044616699219,507.45001220703125,509.3500061035156,500.0,502.0,414882
2019-04-10,BHARATFORG,472.5408020019531,497.8999938964844,508.45001220703125,496.04998779296875,506.70001220703125,554070
2019-04-11,BHARATFORG,471.0222473144531,496.29998779296875,503.54998779296875,494.3500061035156,495.3999938964844,889507
2019-04-12,BHARATFORG,467.4158020019531,492.5,500.95001220703125,491.45001220703125,496.29998779296875,1241426
2019-04-15,BHARATFORG,486.5870361328125,512.7000122070312,513.7999877929688,495.0,495.0,1280538
2019-04-16,BHARATFORG,482.3636779785156,508.25,515.0,505.8500061035156,515.0,1860311
2019-04-18,BHARATFORG,475.0558776855469,500.54998779296875,513.0,498.5,513.0,506541
2019-04-22,BHARATFORG,457.1659851074219,481.70001220703125,500.79998779296875,480.0,500.79998779296875,1062300
2019-04-23,BHARATFORG,461.4841613769531,486.25,489.6499938964844,474.29998779296875,482.8999938964844,1279843
2019-04-24,BHARATFORG,456.59649658203125,481.1000061035156,490.1499938964844,477.54998779296875,486.70001220703125,897465
2019-04-25,BHARATFORG,456.07452392578125,480.54998779296875,486.1000061035156,478.79998779296875,483.0,1255289
2019-04-26,BHARATFORG,451.8985595703125,476.1499938964844,483.45001220703125,473.04998779296875,482.1000061035156,529245
2019-04-30,BHARATFORG,448.1972351074219,472.25,477.0,465.45001220703125,476.8999938964844,618065
2019-05-02,BHARATFORG,440.5572814941406,464.20001220703125,477.25,462.29998779296875,469.70001220703125,430595
2019-05-03,BHARATFORG,461.81634521484375,486.6000061035156,488.3999938964844,460.0,464.45001220703125,2954245
2019-05-06,BHARATFORG,446.8210144042969,470.79998779296875,485.70001220703125,468.8999938964844,481.70001220703125,1091676
2019-05-07,BHARATFORG,441.648681640625,465.3500061035156,477.0,464.0,473.6000061035156,929965
2019-05-08,BHARATFORG,438.8489074707031,462.3999938964844,474.8999938964844,460.45001220703125,463.5,1123373
2019-05-09,BHARATFORG,437.0931091308594,460.54998779296875,466.79998779296875,459.04998779296875,461.75,712519
2019-05-10,BHARATFORG,433.15447998046875,456.3999938964844,465.29998779296875,455.0,462.0,604441
2019-05-13,BHARATFORG,427.79229736328125,450.75,459.8500061035156,449.1499938964844,456.3999938964844,1148539
2019-05-14,BHARATFORG,433.2019348144531,456.45001220703125,459.20001220703125,448.6000061035156,450.0,985847
2019-05-15,BHARATFORG,430.78179931640625,453.8999938964844,465.0,452.20001220703125,457.0,817757
2019-05-16,BHARATFORG,424.8976135253906,447.70001220703125,457.79998779296875,445.25,457.79998779296875,722258
2019-05-17,BHARATFORG,431.0665283203125,454.20001220703125,455.79998779296875,447.5,447.5,502430
2019-05-20,BHARATFORG,461.34185791015625,486.1000061035156,495.1499938964844,460.75,466.0,5611134
2019-05-21,BHARATFORG,445.39752197265625,469.29998779296875,479.0,462.70001220703125,479.0,2420059
2019-05-22,BHARATFORG,441.6960754394531,465.3999938964844,473.6000061035156,462.0,470.0,935438
2019-05-23,BHARATFORG,436.8558654785156,460.29998779296875,477.79998779296875,458.0,469.6499938964844,1242641
2019-05-24,BHARATFORG,453.8442077636719,478.20001220703125,479.6000061035156,461.0,463.0,1755222
2019-05-27,BHARATFORG,457.7828674316406,482.3500061035156,487.70001220703125,474.25,479.95001220703125,1008173
2019-05-28,BHARATFORG,464.8059387207031,489.75,503.0,484.04998779296875,485.5,3540262
2019-05-29,BHARATFORG,449.6682434082031,473.79998779296875,492.5,470.6499938964844,488.8999938964844,1403034
2019-05-30,BHARATFORG,446.2041931152344,470.1499938964844,477.25,466.0,476.8999938964844,1292545
2019-05-31,BHARATFORG,443.5468444824219,467.3500061035156,478.8999938964844,464.04998779296875,473.0,1142361
2019-06-03,BHARATFORG,440.84197998046875,464.5,472.45001220703125,454.1499938964844,469.0,1286958
2019-06-04,BHARATFORG,439.4183044433594,463.0,467.6499938964844,460.6000061035156,465.0,1066086
2019-06-06,BHARATFORG,436.90338134765625,460.3500061035156,463.0,455.20001220703125,455.95001220703125,1527383
2019-06-07,BHARATFORG,434.10357666015625,457.3999938964844,464.3999938964844,454.6000061035156,460.0,586486
2019-06-10,BHARATFORG,437.6151123046875,461.1000061035156,467.6000061035156,459.1000061035156,460.79998779296875,892432
2019-06-11,BHARATFORG,450.142822265625,474.29998779296875,476.70001220703125,460.0,461.5,1030037
2019-06-12,BHARATFORG,444.1636962890625,468.0,477.25,465.1499938964844,477.25,647469
2019-06-13,BHARATFORG,436.2389831542969,459.6499938964844,468.8999938964844,457.6499938964844,465.20001220703125,615365
2019-06-14,BHARATFORG,431.2089538574219,454.3500061035156,460.8500061035156,452.0,459.6499938964844,950168
2019-06-17,BHARATFORG,420.1523132324219,442.70001220703125,456.8999938964844,440.5,456.8999938964844,1695534
2019-06-18,BHARATFORG,417.1152648925781,439.5,445.3999938964844,437.5,440.29998779296875,878570
2019-06-19,BHARATFORG,412.36993408203125,434.5,443.3999938964844,430.6000061035156,439.0,1740460
2019-06-20,BHARATFORG,417.5898742675781,440.0,441.5,431.0,434.6000061035156,1637388
2019-06-21,BHARATFORG,416.8779602050781,439.25,444.8999938964844,435.8500061035156,440.3500061035156,1174854
2019-06-24,BHARATFORG,414.173095703125,436.3999938964844,441.0,432.8999938964844,439.79998779296875,564527
2019-06-25,BHARATFORG,413.65118408203125,435.8500061035156,437.1499938964844,430.1499938964844,432.3500061035156,1358199
2019-06-26,BHARATFORG,425.7518005371094,448.6000061035156,450.20001220703125,434.1499938964844,435.20001220703125,1282722
2019-06-27,BHARATFORG,432.7274169921875,455.95001220703125,457.0,447.75,451.25,1623682
2019-06-28,BHARATFORG,426.9855651855469,449.8999938964844,468.0,448.0,456.0,1393708
2019-07-01,BHARATFORG,434.2934265136719,457.6000061035156,462.79998779296875,451.1499938964844,451.1499938964844,1000370
2019-07-02,BHARATFORG,436.66607666015625,460.1000061035156,461.3999938964844,445.0,460.3999938964844,1313702
2019-07-03,BHARATFORG,439.18109130859375,462.75,473.8999938964844,457.5,462.6000061035156,3274216
2019-07-04,BHARATFORG,451.7087707519531,475.95001220703125,481.79998779296875,462.20001220703125,463.0,1988905
2019-07-05,BHARATFORG,434.7679138183594,458.1000061035156,477.95001220703125,452.0,477.1499938964844,1081491
2019-07-08,BHARATFORG,426.2737121582031,449.1499938964844,460.75,444.04998779296875,454.79998779296875,971252
2019-07-09,BHARATFORG,430.9717102050781,454.1000061035156,455.8999938964844,435.5,448.70001220703125,1774858
2019-07-10,BHARATFORG,420.6268310546875,443.20001220703125,455.3999938964844,439.3999938964844,450.8999938964844,685065
2019-07-11,BHARATFORG,440.9368591308594,464.6000061035156,466.1499938964844,445.6000061035156,447.6499938964844,2118840
2019-07-12,BHARATFORG,438.89642333984375,462.45001220703125,469.8500061035156,459.25,464.0,1383499
2019-07-15,BHARATFORG,438.9912414550781,462.54998779296875,469.20001220703125,455.6499938964844,462.0,1253961
2019-07-16,BHARATFORG,441.9808044433594,465.70001220703125,467.20001220703125,459.29998779296875,462.54998779296875,822696
2019-07-17,BHARATFORG,441.2215576171875,464.8999938964844,473.8999938964844,461.29998779296875,465.70001220703125,1432317
2019-07-18,BHARATFORG,418.396484375,440.8500061035156,462.79998779296875,438.3999938964844,462.79998779296875,2481984
2019-07-19,BHARATFORG,414.9324035644531,437.20001220703125,447.8500061035156,432.54998779296875,441.3500061035156,1516928
2019-07-22,BHARATFORG,415.5493469238281,437.8500061035156,442.25,430.04998779296875,437.95001220703125,1624792
2019-07-23,BHARATFORG,410.803955078125,432.8500061035156,439.95001220703125,430.0,439.95001220703125,1633353
2019-07-24,BHARATFORG,409.5701599121094,431.54998779296875,435.95001220703125,421.3999938964844,433.0,1937300
2019-07-25,BHARATFORG,406.438232421875,428.25,438.0,426.79998779296875,431.79998779296875,954127
2019-07-26,BHARATFORG,412.0377502441406,434.1499938964844,438.95001220703125,423.6000061035156,427.1000061035156,776510
2019-07-29,BHARATFORG,406.0111389160156,427.79998779296875,436.0,425.1499938964844,434.0,716282
2019-07-30,BHARATFORG,395.1917419433594,416.3999938964844,429.79998779296875,414.79998779296875,427.3500061035156,1183508
2019-07-31,BHARATFORG,401.408203125,422.95001220703125,426.70001220703125,410.25,413.0,971360
2019-08-01,BHARATFORG,401.1695251464844,420.20001220703125,423.70001220703125,414.6499938964844,417.25,772632
2019-08-02,BHARATFORG,403.5563049316406,422.70001220703125,426.79998779296875,408.8999938964844,418.20001220703125,1488186
2019-08-05,BHARATFORG,400.3580322265625,419.3500061035156,431.1499938964844,409.0,418.8999938964844,866209
2019-08-06,BHARATFORG,399.54644775390625,418.5,421.8500061035156,398.45001220703125,407.0,2395348
2019-08-07,BHARATFORG,387.6126403808594,406.0,424.75,403.8999938964844,418.5,1182019
2019-08-08,BHARATFORG,399.26007080078125,418.20001220703125,420.8500061035156,403.3999938964844,405.8999938964844,966386
2019-08-09,BHARATFORG,409.09356689453125,428.5,435.0,417.0,420.0,1150246
2019-08-13,BHARATFORG,382.3617248535156,400.5,430.54998779296875,398.1000061035156,429.20001220703125,3340232
2019-08-14,BHARATFORG,384.41436767578125,402.6499938964844,407.8500061035156,384.0,396.0,2586023
2019-08-16,BHARATFORG,379.9749450683594,398.0,400.95001220703125,389.20001220703125,399.70001220703125,1066571
2019-08-19,BHARATFORG,378.59063720703125,396.54998779296875,402.8500061035156,393.20001220703125,398.0,886024
2019-08-20,BHARATFORG,373.1964111328125,390.8999938964844,404.29998779296875,389.3999938964844,397.0,1322079
2019-08-21,BHARATFORG,372.1940612792969,389.8500061035156,394.6000061035156,387.95001220703125,392.0,778405
2019-08-22,BHARATFORG,366.4179992675781,383.79998779296875,391.75,380.0,389.5,957945
2019-08-23,BHARATFORG,373.0055236816406,390.70001220703125,395.79998779296875,379.6000061035156,382.45001220703125,1299982
2019-08-26,BHARATFORG,373.0532531738281,390.75,398.0,379.95001220703125,398.0,1233732
2019-08-27,BHARATFORG,377.3972473144531,395.29998779296875,403.75,388.25,392.70001220703125,1448232
2019-08-28,BHARATFORG,372.0030822753906,389.6499938964844,401.29998779296875,387.20001220703125,396.0,905159
2019-08-29,BHARATFORG,365.2723693847656,382.6000061035156,391.29998779296875,380.8500061035156,389.3999938964844,989077
2019-08-30,BHARATFORG,366.943115234375,384.3500061035156,388.75,380.0,386.95001220703125,1056295
2019-09-03,BHARATFORG,364.6995544433594,382.0,386.75,377.70001220703125,380.1000061035156,1013168
2019-09-04,BHARATFORG,364.93829345703125,382.25,384.1499938964844,376.0,376.0,1185083
2019-09-05,BHARATFORG,376.3470458984375,394.20001220703125,397.3500061035156,382.0,384.0,1589404
2019-09-06,BHARATFORG,377.0630798339844,394.95001220703125,397.8999938964844,391.20001220703125,396.1499938964844,797520
2019-09-09,BHARATFORG,382.1707458496094,400.29998779296875,402.70001220703125,391.8500061035156,394.95001220703125,1560225
2019-09-11,BHARATFORG,392.8157653808594,411.45001220703125,413.29998779296875,399.29998779296875,401.8999938964844,1755539
2019-09-12,BHARATFORG,387.2784729003906,405.6499938964844,416.5,402.6000061035156,412.45001220703125,1242282
2019-09-13,BHARATFORG,393.9136962890625,412.6000061035156,414.0,402.3500061035156,405.75,605160
2019-09-16,BHARATFORG,392.4816589355469,411.1000061035156,416.79998779296875,408.54998779296875,408.54998779296875,533905
2019-09-17,BHARATFORG,378.4474182128906,396.3999938964844,411.5,393.70001220703125,410.70001220703125,1088390
2019-09-18,BHARATFORG,382.027587890625,400.1499938964844,404.6499938964844,386.0,394.95001220703125,1911376
2019-09-19,BHARATFORG,376.29931640625,394.1499938964844,406.79998779296875,390.29998779296875,400.0,922739
2019-09-20,BHARATFORG,405.37030029296875,424.6000061035156,448.04998779296875,388.25,396.6000061035156,4087050
2019-09-23,BHARATFORG,431.863525390625,452.3500061035156,462.79998779296875,430.8999938964844,430.8999938964844,3649871
2019-09-24,BHARATFORG,439.3579406738281,460.20001220703125,466.95001220703125,449.0,455.1499938964844,1795514
2019-09-25,BHARATFORG,422.2686462402344,442.29998779296875,459.1000061035156,436.70001220703125,458.5,1587444
2019-09-26,BHARATFORG,429.9541015625,450.3500061035156,459.6000061035156,443.8500061035156,444.45001220703125,1354520
2019-09-27,BHARATFORG,426.51708984375,446.75,452.45001220703125,444.0,449.3999938964844,870892
2019-09-30,BHARATFORG,426.1352233886719,446.3500061035156,454.1000061035156,438.95001220703125,448.8500061035156,1502636
2019-10-01,BHARATFORG,424.70318603515625,444.8500061035156,456.04998779296875,438.20001220703125,449.1499938964844,1637370
2019-10-03,BHARATFORG,421.2661437988281,441.25,452.25,435.75,443.54998779296875,1433241
2019-10-04,BHARATFORG,405.99078369140625,425.25,449.79998779296875,421.29998779296875,442.5,1715848
2019-10-07,BHARATFORG,405.99078369140625,425.25,429.3999938964844,417.0,424.0,697196
2019-10-09,BHARATFORG,412.7215270996094,432.29998779296875,438.3500061035156,419.1000061035156,425.0,921692
2019-10-10,BHARATFORG,404.701904296875,423.8999938964844,433.29998779296875,422.1000061035156,430.6499938964844,624592
2019-10-11,BHARATFORG,399.21234130859375,418.1499938964844,426.0,413.20001220703125,420.20001220703125,1441510
2019-10-14,BHARATFORG,410.8598937988281,430.3500061035156,436.0,414.6000061035156,416.0,960679
2019-10-15,BHARATFORG,408.99810791015625,428.3999938964844,437.3500061035156,425.45001220703125,432.45001220703125,1279522
2019-10-16,BHARATFORG,417.590576171875,437.3999938964844,441.0,428.5,428.8500061035156,1060884
2019-10-17,BHARATFORG,432.1498718261719,452.6499938964844,465.0,432.3999938964844,437.3999938964844,1689477
2019-10-18,BHARATFORG,425.6100769042969,445.79998779296875,454.5,442.8500061035156,453.0,1291597
2019-10-22,BHARATFORG,426.5647888183594,446.79998779296875,455.0,444.20001220703125,448.6000061035156,1946588
2019-10-23,BHARATFORG,434.2025146484375,454.79998779296875,459.75,444.04998779296875,445.5,1305450
2019-10-24,BHARATFORG,430.7655029296875,451.20001220703125,470.5,450.0,456.0,2043859
2019-10-25,BHARATFORG,431.3383483886719,451.79998779296875,454.8999938964844,446.70001220703125,453.79998779296875,890806
2019-10-27,BHARATFORG,432.4363098144531,452.95001220703125,457.95001220703125,452.29998779296875,453.04998779296875,37692
2019-10-29,BHARATFORG,442.4130859375,463.3999938964844,478.79998779296875,452.04998779296875,454.5,3311695
2019-10-30,BHARATFORG,435.3481140136719,456.0,467.54998779296875,452.8500061035156,465.5,1374801
2019-10-31,BHARATFORG,433.2955017089844,453.8500061035156,464.79998779296875,450.8999938964844,455.0,1901204
2019-11-01,BHARATFORG,437.9736328125,458.75,460.0,448.1000061035156,451.95001220703125,1033117
2019-11-04,BHARATFORG,440.5990295410156,461.5,467.3999938964844,454.20001220703125,459.0,1277869
2019-11-05,BHARATFORG,443.5108947753906,464.54998779296875,486.79998779296875,457.0,469.20001220703125,3863420
2019-11-06,BHARATFORG,443.3199768066406,464.3500061035156,468.3500061035156,454.0,463.0,1028386
2019-11-07,BHARATFORG,447.902587890625,469.1499938964844,474.0,460.1499938964844,467.1000061035156,1103108
2019-11-08,BHARATFORG,407.327392578125,426.6499938964844,473.45001220703125,420.8500061035156,468.70001220703125,7061664
2019-11-11,BHARATFORG,416.2539367675781,436.0,444.6499938964844,420.04998779296875,422.0,4433185
2019-11-13,BHARATFORG,408.90264892578125,428.29998779296875,436.1499938964844,426.79998779296875,431.25,1646596
2019-11-14,BHARATFORG,416.68359375,436.45001220703125,439.8999938964844,421.0,428.0,2907511
2019-11-15,BHARATFORG,419.88189697265625,439.79998779296875,443.20001220703125,428.6000061035156,438.3999938964844,2804725
2019-11-18,BHARATFORG,427.90142822265625,448.20001220703125,452.5,443.04998779296875,448.1000061035156,2101685
2019-11-19,BHARATFORG,434.1548156738281,454.75,459.6000061035156,445.8500061035156,450.45001220703125,1289037
2019-11-20,BHARATFORG,438.9441223144531,458.25,464.70001220703125,454.0,454.8999938964844,1711834
2019-11-21,BHARATFORG,431.0895690917969,450.04998779296875,457.6499938964844,445.5,457.6499938964844,1419393
2019-11-22,BHARATFORG,431.616455078125,450.6000061035156,453.5,447.29998779296875,447.29998779296875,1224765
2019-11-25,BHARATFORG,429.4132995605469,448.29998779296875,451.0,443.0,450.6000061035156,1404417
2019-11-26,BHARATFORG,435.3999938964844,454.54998779296875,463.5,450.04998779296875,450.5,3091316
2019-11-27,BHARATFORG,448.7143859863281,468.45001220703125,469.95001220703125,456.20001220703125,457.3500061035156,1795906
2019-11-28,BHARATFORG,448.3312683105469,468.04998779296875,471.8500061035156,463.0,470.0,1430002
2019-11-29,BHARATFORG,444.83502197265625,464.3999938964844,469.0,459.3500061035156,469.0,1039535
2019-12-02,BHARATFORG,447.181884765625,466.8500061035156,468.75,455.75,464.3999938964844,1042658
2019-12-03,BHARATFORG,429.5091247558594,448.3999938964844,468.0,444.0,467.5,1646557
2019-12-04,BHARATFORG,426.0607604980469,444.79998779296875,451.8500061035156,430.70001220703125,442.0,2492408
2019-12-05,BHARATFORG,423.7139892578125,442.3500061035156,447.04998779296875,438.20001220703125,445.0,1242839
2019-12-06,BHARATFORG,422.9955749511719,441.6000061035156,447.8999938964844,440.1000061035156,444.6000061035156,522868
2019-12-09,BHARATFORG,426.4439392089844,445.20001220703125,454.79998779296875,438.79998779296875,441.0,1039163
2019-12-10,BHARATFORG,421.12774658203125,439.6499938964844,449.45001220703125,438.20001220703125,445.20001220703125,451709
2019-12-11,BHARATFORG,420.98406982421875,439.5,443.29998779296875,434.1000061035156,439.5,662680
2019-12-12,BHARATFORG,429.6048583984375,448.5,451.1000061035156,436.70001220703125,442.0,973815
2019-12-13,BHARATFORG,444.93084716796875,464.5,468.0,450.75,450.95001220703125,2671617
2019-12-16,BHARATFORG,451.0611877441406,470.8999938964844,472.8999938964844,462.6000061035156,465.0,1646201
2019-12-17,BHARATFORG,465.1418762207031,485.6000061035156,489.6499938964844,470.6000061035156,473.5,3348800
2019-12-18,BHARATFORG,475.48687744140625,496.3999938964844,497.8500061035156,483.20001220703125,486.0,2222895
2019-12-19,BHARATFORG,473.37957763671875,494.20001220703125,496.25,483.75,494.8999938964844,2086708
2019-12-20,BHARATFORG,471.4159240722656,492.1499938964844,496.0,489.20001220703125,492.0,1418187
2019-12-23,BHARATFORG,479.4140930175781,500.5,505.0,489.6499938964844,492.20001220703125,2594353
2019-12-24,BHARATFORG,465.7165832519531,486.20001220703125,500.5,483.75,500.0,2254170
2019-12-26,BHARATFORG,471.4638366699219,492.20001220703125,493.95001220703125,483.0,487.0,1358802
2019-12-27,BHARATFORG,468.1591491699219,488.75,494.75,485.70001220703125,492.6499938964844,846384
2019-12-30,BHARATFORG,470.79327392578125,491.5,493.20001220703125,486.3999938964844,490.0,519572
2019-12-31,BHARATFORG,462.7950744628906,483.1499938964844,493.0,482.0,492.3999938964844,607473
2020-01-01,BHARATFORG,464.7108459472656,485.1499938964844,489.3999938964844,482.6499938964844,486.1000061035156,925007
2020-01-02,BHARATFORG,470.41021728515625,491.1000061035156,492.29998779296875,485.8999938964844,486.8999938964844,1047050
2020-01-03,BHARATFORG,466.0518493652344,486.54998779296875,493.1499938964844,482.54998779296875,491.0,613158
2020-01-06,BHARATFORG,457.7663269042969,477.8999938964844,491.0,470.70001220703125,487.29998779296875,1987548
2020-01-07,BHARATFORG,463.32196044921875,483.70001220703125,491.5,480.0,480.29998779296875,1862852
2020-01-08,BHARATFORG,467.2013244628906,487.75,490.0,475.5,480.6000061035156,910355
2020-01-09,BHARATFORG,485.92767333984375,507.29998779296875,511.8999938964844,491.29998779296875,492.5,2916567
2020-01-10,BHARATFORG,491.48333740234375,513.0999755859375,522.9000244140625,505.6499938964844,510.04998779296875,3219510
2020-01-13,BHARATFORG,493.8779296875,515.5999755859375,518.75,511.45001220703125,515.0,975174
2020-01-14,BHARATFORG,496.943115234375,518.7999877929688,521.75,514.0,517.2000122070312,1210947
2020-01-15,BHARATFORG,505.803466796875,528.0499877929688,530.0,511.0,517.9000244140625,1320196
2020-01-16,BHARATFORG,504.9413146972656,527.1500244140625,533.9000244140625,521.4000244140625,530.0,1164193
2020-01-17,BHARATFORG,500.4394226074219,522.4500122070312,530.7000122070312,519.2999877929688,527.0,597719
2020-01-20,BHARATFORG,496.79949951171875,518.6500244140625,525.4000244140625,514.4500122070312,522.0,929302
2020-01-21,BHARATFORG,489.4239196777344,510.95001220703125,519.0,506.6499938964844,515.1500244140625,1430656
2020-01-22,BHARATFORG,481.5215148925781,502.70001220703125,515.0,500.29998779296875,514.5,1150991
2020-01-23,BHARATFORG,493.54278564453125,515.25,516.2000122070312,502.1499938964844,502.79998779296875,1418500
2020-01-24,BHARATFORG,500.05621337890625,522.0499877929688,524.7999877929688,511.6000061035156,517.9500122070312,1360540
2020-01-27,BHARATFORG,487.5081481933594,508.95001220703125,524.9000244140625,504.0,521.5,914230
2020-01-28,BHARATFORG,478.7436218261719,499.79998779296875,513.5999755859375,494.1499938964844,509.1000061035156,1019061
2020-01-29,BHARATFORG,483.7245788574219,505.0,512.7000122070312,499.79998779296875,499.79998779296875,623861
2020-01-30,BHARATFORG,478.1689758300781,499.20001220703125,508.8999938964844,492.1000061035156,505.0,809937
2020-01-31,BHARATFORG,469.9791259765625,490.6499938964844,503.5,487.75,499.95001220703125,700915
2020-02-03,BHARATFORG,467.8717956542969,488.45001220703125,496.0,472.0,473.0,953099
2020-02-04,BHARATFORG,481.1383361816406,502.29998779296875,509.0,489.0,489.0,847450
2020-02-05,BHARATFORG,487.5081481933594,508.95001220703125,518.4000244140625,497.0,498.25,1167931
2020-02-06,BHARATFORG,489.7591552734375,511.29998779296875,527.9500122070312,510.04998779296875,510.04998779296875,1540411
2020-02-07,BHARATFORG,496.1768798828125,518.0,519.8499755859375,508.6499938964844,513.9000244140625,939053
2020-02-10,BHARATFORG,478.2647399902344,499.29998779296875,519.2000122070312,483.6499938964844,515.0499877929688,6078229
2020-02-11,BHARATFORG,470.7454528808594,491.45001220703125,501.3500061035156,483.0,492.20001220703125,2916081
2020-02-12,BHARATFORG,462.890869140625,483.25,494.3999938964844,479.25,491.45001220703125,2141454
2020-02-13,BHARATFORG,461.7893371582031,482.1000061035156,485.54998779296875,474.1499938964844,482.70001220703125,1175915
2020-02-14,BHARATFORG,464.9982604980469,485.45001220703125,496.3999938964844,484.0,484.54998779296875,1570830
2020-02-17,BHARATFORG,464.9024353027344,485.3500061035156,488.3999938964844,481.25,486.0,960652
2020-02-18,BHARATFORG,460.1609802246094,480.3999938964844,482.6499938964844,473.0,482.1000061035156,949344
2020-02-19,BHARATFORG,459.8257141113281,480.04998779296875,487.6499938964844,477.6499938964844,483.25,1174731
2020-02-20,BHARATFORG,464.0882568359375,484.5,490.8999938964844,476.0,479.0,893829
2020-02-24,BHARATFORG,442.823486328125,462.29998779296875,482.54998779296875,458.25,482.54998779296875,1341865
2020-02-25,BHARATFORG,445.26611328125,464.8500061035156,468.70001220703125,456.0,458.0,1184693
2020-02-26,BHARATFORG,438.9920349121094,458.29998779296875,465.1499938964844,452.6499938964844,458.6000061035156,1382554
2020-02-27,BHARATFORG,442.15301513671875,461.6000061035156,463.8999938964844,450.04998779296875,454.70001220703125,1190250
2020-02-28,BHARATFORG,417.05682373046875,435.3999938964844,450.0,422.70001220703125,450.0,2250396
2020-03-02,BHARATFORG,431.9516296386719,450.95001220703125,466.3999938964844,440.0,440.5,1421454
2020-03-03,BHARATFORG,427.04473876953125,443.8500061035156,461.20001220703125,435.75,448.0,2683562
2020-03-04,BHARATFORG,420.06927490234375,436.6000061035156,441.8999938964844,426.0,438.8999938964844,2354370
2020-03-05,BHARATFORG,423.2924499511719,439.95001220703125,443.3999938964844,432.1000061035156,436.0,1473099
2020-03-06,BHARATFORG,422.76324462890625,439.3999938964844,442.0,422.75,428.1000061035156,1385610
2020-03-09,BHARATFORG,397.1703796386719,412.79998779296875,418.0,401.0,418.0,2249529
2020-03-11,BHARATFORG,387.1641845703125,402.3999938964844,412.95001220703125,394.0,412.3999938964844,2606148
2020-03-12,BHARATFORG,355.173095703125,369.1499938964844,381.75,363.29998779296875,381.20001220703125,4375162
2020-03-13,BHARATFORG,363.83233642578125,378.1499938964844,382.0,332.5,332.5,1900915
2020-03-16,BHARATFORG,356.2795715332031,370.29998779296875,378.0,349.20001220703125,351.0,1238077
2020-03-17,BHARATFORG,343.3388366699219,356.8500061035156,389.95001220703125,350.8500061035156,370.0,1538037
2020-03-18,BHARATFORG,333.9579772949219,347.1000061035156,366.5,335.95001220703125,365.0,1713773
2020-03-19,BHARATFORG,293.5482177734375,305.1000061035156,334.8500061035156,301.5,330.0,3200990
2020-03-20,BHARATFORG,289.8439025878906,301.25,328.0,292.3999938964844,305.0,3649612
2020-03-23,BHARATFORG,236.44529724121094,245.75,284.0,242.60000610351562,279.0,1940415
2020-03-24,BHARATFORG,235.86802673339844,245.14999389648438,267.0,234.1999969482422,243.3000030517578,3289425
2020-03-25,BHARATFORG,244.0461883544922,253.64999389648438,261.6000061035156,237.85000610351562,246.64999389648438,1436123
2020-03-26,BHARATFORG,273.00653076171875,283.75,288.0,248.0,255.0,2370269
2020-03-27,BHARATFORG,254.1005401611328,264.1000061035156,297.75,255.39999389648438,291.25,1954218
2020-03-30,BHARATFORG,237.02259826660156,246.35000610351562,259.6499938964844,244.0,258.70001220703125,1963543
2020-03-31,BHARATFORG,226.05421447753906,234.9499969482422,253.5500030517578,231.0500030517578,249.9499969482422,2858267
2020-04-01,BHARATFORG,221.33973693847656,230.0500030517578,234.39999389648438,223.25,234.39999389648438,3183888
2020-04-03,BHARATFORG,211.33352661132812,219.64999389648438,230.0500030517578,215.0,230.0,2286232
2020-04-07,BHARATFORG,210.22706604003906,218.5,225.1999969482422,207.5,224.85000610351562,5465734
2020-04-08,BHARATFORG,222.78294372558594,231.5500030517578,261.0,214.60000610351562,218.4499969482422,5030676
2020-04-09,BHARATFORG,236.2528839111328,245.5500030517578,250.0,235.0500030517578,239.8000030517578,1893139
2020-04-13,BHARATFORG,230.2876434326172,239.35000610351562,250.0,235.4499969482422,250.0,1008656
2020-04-15,BHARATFORG,228.3152618408203,237.3000030517578,253.0,235.0500030517578,243.6999969482422,1874948
2020-04-16,BHARATFORG,229.42172241210938,238.4499969482422,243.75,229.0,237.3000030517578,2238188
2020-04-17,BHARATFORG,273.0545959472656,283.79998779296875,286.0,246.0,250.10000610351562,11341585
2020-04-20,BHARATFORG,279.3566589355469,290.3500061035156,295.0,277.3999938964844,289.29998779296875,6400285
2020-04-21,BHARATFORG,249.48226928710938,259.29998779296875,283.8500061035156,256.54998779296875,282.0,3072350
2020-04-22,BHARATFORG,246.6920623779297,256.3999938964844,263.3500061035156,250.60000610351562,255.0,2497060
2020-04-23,BHARATFORG,246.7882843017578,256.5,271.3999938964844,254.25,260.0,3012694
2020-04-24,BHARATFORG,253.28271484375,263.25,265.0,251.10000610351562,251.10000610351562,2241342
2020-04-27,BHARATFORG,260.93170166015625,271.20001220703125,278.8500061035156,265.75,268.5,2873596
2020-04-28,BHARATFORG,256.6502380371094,266.75,277.8500061035156,263.29998779296875,272.0,1615231
2020-04-29,BHARATFORG,271.37091064453125,282.04998779296875,287.45001220703125,265.6000061035156,267.5,3470987
2020-04-30,BHARATFORG,297.49298095703125,309.20001220703125,324.3500061035156,287.0,290.0,8508735
2020-05-04,BHARATFORG,259.58465576171875,269.79998779296875,298.70001220703125,267.8999938964844,298.5,3450305
2020-05-05,BHARATFORG,268.5807189941406,279.1499938964844,283.8999938964844,270.29998779296875,276.0,4391899
2020-05-06,BHARATFORG,274.0166931152344,284.79998779296875,287.79998779296875,272.5,279.0,3620864
2020-05-07,BHARATFORG,267.6185607910156,278.1499938964844,292.5,276.3999938964844,284.0,2853200
2020-05-08,BHARATFORG,269.20611572265625,279.79998779296875,298.79998779296875,277.0,285.70001220703125,3936943
2020-05-11,BHARATFORG,275.7005310058594,286.54998779296875,295.8999938964844,280.75,280.79998779296875,4424434
2020-05-12,BHARATFORG,273.2470397949219,284.0,287.54998779296875,270.1000061035156,283.0,2888134
2020-05-13,BHARATFORG,274.497802734375,285.29998779296875,303.3500061035156,282.95001220703125,299.0,6278881
2020-05-14,BHARATFORG,265.83856201171875,276.29998779296875,282.0,271.3500061035156,282.0,2984629
2020-05-15,BHARATFORG,266.8007507324219,277.29998779296875,280.75,271.1499938964844,279.1000061035156,3499251
2020-05-18,BHARATFORG,259.4885559082031,269.70001220703125,288.0,263.1000061035156,284.0,5345881
2020-05-19,BHARATFORG,260.35443115234375,270.6000061035156,281.29998779296875,269.0,273.6000061035156,2623792
2020-05-20,BHARATFORG,271.2265930175781,281.8999938964844,283.79998779296875,267.70001220703125,270.5,2514032
2020-05-21,BHARATFORG,280.559326171875,291.6000061035156,296.0,281.54998779296875,284.3500061035156,3845052
2020-05-22,BHARATFORG,273.5838317871094,284.3500061035156,294.45001220703125,277.70001220703125,287.6499938964844,3357220
2020-05-26,BHARATFORG,280.65557861328125,291.70001220703125,294.8999938964844,286.70001220703125,290.0,1913305
2020-05-27,BHARATFORG,277.432373046875,288.3500061035156,301.79998779296875,287.1499938964844,293.54998779296875,4309946
2020-05-28,BHARATFORG,295.3280944824219,306.95001220703125,310.3999938964844,290.0,291.29998779296875,4702998
2020-05-29,BHARATFORG,313.70489501953125,326.04998779296875,336.6000061035156,300.6499938964844,305.0,5943563
2020-06-01,BHARATFORG,321.54638671875,334.20001220703125,338.8999938964844,328.0,332.8999938964844,3600418
2020-06-02,BHARATFORG,321.20965576171875,333.8500061035156,342.0,332.0,336.0,4370997
2020-06-03,BHARATFORG,321.7869567871094,334.45001220703125,344.75,331.1000061035156,336.25,2993273
2020-06-04,BHARATFORG,328.04083251953125,340.95001220703125,350.29998779296875,335.6499938964844,336.5,4237284
2020-06-05,BHARATFORG,335.83416748046875,349.04998779296875,350.0,341.79998779296875,345.6000061035156,2421775
2020-06-08,BHARATFORG,349.2559509277344,363.0,372.75,354.04998779296875,354.04998779296875,6093965
2020-06-09,BHARATFORG,348.43817138671875,362.1499938964844,378.8999938964844,356.1499938964844,373.0,5881791
2020-06-10,BHARATFORG,340.5486145019531,353.95001220703125,366.29998779296875,350.3999938964844,364.8999938964844,2361211
2020-06-11,BHARATFORG,339.9713134765625,353.3500061035156,363.54998779296875,349.45001220703125,354.5,1191102
2020-06-12,BHARATFORG,337.2292175292969,350.5,355.20001220703125,327.0,330.0,2224247
2020-06-15,BHARATFORG,327.60784912109375,340.5,351.20001220703125,337.04998779296875,351.0,1534878
2020-06-16,BHARATFORG,334.96820068359375,348.1499938964844,358.8999938964844,343.5,348.29998779296875,2349769
2020-06-17,BHARATFORG,344.5895690917969,358.1499938964844,363.8999938964844,344.5,346.70001220703125,3217717
2020-06-18,BHARATFORG,346.7062683105469,360.3500061035156,363.6000061035156,355.75,357.70001220703125,1479580
2020-06-19,BHARATFORG,361.5713195800781,375.79998779296875,379.79998779296875,361.54998779296875,363.8999938964844,3234162
2020-06-22,BHARATFORG,359.0216369628906,373.1499938964844,385.70001220703125,367.04998779296875,379.8999938964844,3190009
2020-06-23,BHARATFORG,354.98065185546875,368.95001220703125,377.79998779296875,367.0,373.1499938964844,1894701
2020-06-24,BHARATFORG,343.1463623046875,356.6499938964844,374.6000061035156,353.70001220703125,368.95001220703125,1634500
2020-06-25,BHARATFORG,343.91607666015625,357.45001220703125,365.0,348.1499938964844,351.95001220703125,1726134
2020-06-26,BHARATFORG,339.15350341796875,352.5,363.20001220703125,350.45001220703125,363.20001220703125,1246334
2020-06-29,BHARATFORG,304.5166015625,316.5,353.6000061035156,309.25,350.0,9808466
2020-06-30,BHARATFORG,307.2586669921875,319.3500061035156,322.54998779296875,306.6000061035156,315.0,9498212
2020-07-01,BHARATFORG,324.57708740234375,337.3500061035156,341.70001220703125,321.0,322.0,6851171
2020-07-02,BHARATFORG,321.7388000488281,334.3999938964844,342.1000061035156,331.54998779296875,337.0,1795803
2020-07-03,BHARATFORG,345.21490478515625,358.79998779296875,361.3999938964844,338.04998779296875,340.95001220703125,8521914
2020-07-06,BHARATFORG,354.40338134765625,368.3500061035156,370.0,353.75,360.1000061035156,4786362
2020-07-07,BHARATFORG,361.1383056640625,375.3500061035156,378.0,362.3999938964844,368.95001220703125,3343597
2020-07-08,BHARATFORG,348.77484130859375,362.5,378.70001220703125,360.25,375.0,1854363
2020-07-09,BHARATFORG,355.7503356933594,369.75,371.8999938964844,363.20001220703125,364.1499938964844,2555821
2020-07-10,BHARATFORG,341.0777587890625,354.5,374.45001220703125,353.1499938964844,368.95001220703125,2925733
2020-07-13,BHARATFORG,355.0768737792969,369.04998779296875,377.8999938964844,358.29998779296875,359.0,8621251
2020-07-14,BHARATFORG,352.91204833984375,366.79998779296875,375.0,363.0,366.8999938964844,4831790
2020-07-15,BHARATFORG,352.6716003417969,366.54998779296875,376.79998779296875,363.79998779296875,371.95001220703125,3224171
2020-07-16,BHARATFORG,364.9388122558594,379.29998779296875,383.79998779296875,362.95001220703125,369.6499938964844,5333436
2020-07-17,BHARATFORG,363.1588439941406,377.45001220703125,386.0,375.25,381.0,2685499
2020-07-20,BHARATFORG,368.21002197265625,382.70001220703125,387.1499938964844,376.8500061035156,382.79998779296875,3833797
2020-07-21,BHARATFORG,369.797607421875,384.3500061035156,386.75,379.6499938964844,383.5,2329570
2020-07-22,BHARATFORG,372.5396728515625,387.20001220703125,389.0,379.25,386.0,3337571
2020-07-23,BHARATFORG,374.70452880859375,389.45001220703125,397.6000061035156,386.0,388.0,3381800
2020-07-24,BHARATFORG,369.55706787109375,384.1000061035156,389.0,377.20001220703125,389.0,2205238
2020-07-27,BHARATFORG,368.3062438964844,382.79998779296875,388.6499938964844,379.25,384.0,1628936
2020-07-28,BHARATFORG,378.360595703125,393.25,394.5,379.45001220703125,383.5,2260156
2020-07-29,BHARATFORG,371.3370361328125,385.95001220703125,398.0,382.79998779296875,395.0,1995708
2020-07-30,BHARATFORG,370.6634826660156,385.25,393.8999938964844,383.29998779296875,389.25,1868410
2020-07-31,BHARATFORG,367.4884948730469,381.95001220703125,389.6000061035156,380.1499938964844,385.29998779296875,2639052
2020-08-03,BHARATFORG,371.6256103515625,386.25,391.79998779296875,376.0,380.20001220703125,2520665
2020-08-04,BHARATFORG,377.4465637207031,392.29998779296875,395.0,383.0,389.29998779296875,2092928
2020-08-05,BHARATFORG,385.8652648925781,401.04998779296875,413.8999938964844,393.3999938964844,398.1000061035156,3786407
2020-08-06,BHARATFORG,388.46307373046875,403.75,406.0,400.0,401.95001220703125,1724039
2020-08-07,BHARATFORG,392.35968017578125,407.79998779296875,413.5,404.70001220703125,405.0,2008743
2020-08-10,BHARATFORG,406.791748046875,422.79998779296875,434.8999938964844,419.0,430.0,6397860
2020-08-11,BHARATFORG,397.8919982910156,413.54998779296875,424.70001220703125,411.0,424.70001220703125,2928453
2020-08-12,BHARATFORG,418.3374328613281,434.79998779296875,442.29998779296875,406.6000061035156,412.79998779296875,9540525
2020-08-13,BHARATFORG,483.8590087890625,502.8999938964844,507.0,437.0,439.1000061035156,27030317
2020-08-14,BHARATFORG,476.2099914550781,494.95001220703125,511.8999938964844,485.20001220703125,497.1499938964844,11399073
2020-08-17,BHARATFORG,478.3267517089844,497.1499938964844,503.54998779296875,487.1499938964844,496.95001220703125,4036776
2020-08-18,BHARATFORG,480.63580322265625,499.54998779296875,504.8500061035156,493.5,497.0,2584667
2020-08-19,BHARATFORG,471.4955749511719,490.04998779296875,504.79998779296875,487.6000061035156,500.0,3915586
2020-08-20,BHARATFORG,471.9765625,490.54998779296875,496.0,482.04998779296875,483.8999938964844,2718809
2020-08-21,BHARATFORG,471.2549743652344,489.79998779296875,497.79998779296875,488.54998779296875,494.8999938964844,2703551
2020-08-24,BHARATFORG,480.49151611328125,499.3999938964844,508.0,491.1499938964844,492.79998779296875,4638849
2020-08-25,BHARATFORG,480.92449951171875,499.8500061035156,513.7999877929688,494.0,499.0,3884811
2020-08-26,BHARATFORG,480.2509765625,499.1499938964844,503.0,494.75,502.0,1709264
2020-08-27,BHARATFORG,491.5561218261719,510.8999938964844,519.25,498.29998779296875,500.0,4404394
2020-08-28,BHARATFORG,483.2336120605469,502.25,522.0999755859375,499.29998779296875,522.0,3939482
2020-08-31,BHARATFORG,472.6019592285156,491.20001220703125,509.75,483.95001220703125,506.0,3202996
2020-09-01,BHARATFORG,477.8456115722656,496.6499938964844,500.0,484.54998779296875,492.0,1815482
2020-09-02,BHARATFORG,479.7218017578125,498.6000061035156,501.70001220703125,476.0,490.0,2978631
2020-09-03,BHARATFORG,472.55389404296875,491.1499938964844,512.7000122070312,489.20001220703125,505.5,2702923
2020-09-04,BHARATFORG,470.1485290527344,488.6499938964844,505.6000061035156,478.0,483.0,3409255
2020-09-07,BHARATFORG,468.3685607910156,486.79998779296875,495.6499938964844,482.79998779296875,493.1000061035156,2040432
2020-09-08,BHARATFORG,453.3110656738281,471.1499938964844,489.54998779296875,468.25,487.8999938964844,1488523
2020-09-09,BHARATFORG,448.3079833984375,465.95001220703125,469.0,456.0,466.0,3005948
2020-09-10,BHARATFORG,443.9783935546875,461.45001220703125,472.0,454.3500061035156,470.0,2270798
2020-09-11,BHARATFORG,445.8545227050781,463.3999938964844,466.5,456.29998779296875,459.5,1726709
2020-09-14,BHARATFORG,457.59259033203125,475.6000061035156,481.8500061035156,465.0,465.25,4172860
2020-09-15,BHARATFORG,458.6510009765625,476.70001220703125,481.3999938964844,471.75,478.5,1682826
2020-09-16,BHARATFORG,462.4514465332031,480.6499938964844,487.54998779296875,475.04998779296875,476.70001220703125,2974795
2020-09-17,BHARATFORG,460.527099609375,478.6499938964844,483.6000061035156,469.04998779296875,474.0,1180931
2020-09-18,BHARATFORG,461.20062255859375,479.3500061035156,487.3999938964844,476.6000061035156,481.0,2531657
2020-09-21,BHARATFORG,437.8206787109375,455.04998779296875,483.79998779296875,451.04998779296875,479.3500061035156,2037919
2020-09-22,BHARATFORG,435.5115966796875,452.6499938964844,459.95001220703125,433.1000061035156,453.5,2301486
2020-09-23,BHARATFORG,429.73876953125,446.6499938964844,457.8999938964844,443.20001220703125,454.0,1794217
2020-09-24,BHARATFORG,414.9218444824219,431.25,444.0,427.5,441.3999938964844,1423380
2020-09-25,BHARATFORG,428.0550537109375,444.8999938964844,448.6499938964844,428.6499938964844,433.8999938964844,2974187
2020-09-28,BHARATFORG,436.95477294921875,454.1499938964844,457.8999938964844,445.0,452.0,1904837
2020-09-29,BHARATFORG,432.33648681640625,449.3500061035156,459.3500061035156,447.04998779296875,457.3999938964844,1367811
2020-09-30,BHARATFORG,430.60467529296875,447.54998779296875,451.45001220703125,444.1000061035156,448.1499938964844,626631
2020-10-01,BHARATFORG,431.1819152832031,448.1499938964844,455.79998779296875,445.6499938964844,448.0,1061152
2020-10-05,BHARATFORG,447.97125244140625,465.6000061035156,469.0,454.3999938964844,458.04998779296875,5051942
2020-10-06,BHARATFORG,448.5485534667969,466.20001220703125,472.8999938964844,463.54998779296875,470.25,1899037
2020-10-07,BHARATFORG,450.2803649902344,468.0,476.79998779296875,465.6000061035156,469.45001220703125,2235404
2020-10-08,BHARATFORG,449.6069030761719,467.29998779296875,474.0,464.04998779296875,472.54998779296875,1218220
2020-10-09,BHARATFORG,448.16363525390625,465.79998779296875,478.0,464.04998779296875,465.25,1711557
2020-10-12,BHARATFORG,442.87188720703125,460.29998779296875,469.95001220703125,452.25,468.0,1748962
2020-10-13,BHARATFORG,440.6590270996094,458.0,476.75,456.20001220703125,459.8999938964844,2213111
2020-10-14,BHARATFORG,426.7080383300781,443.5,456.95001220703125,439.5,456.95001220703125,2792999
2020-10-15,BHARATFORG,428.1031188964844,444.95001220703125,458.29998779296875,441.04998779296875,443.0,3117587
2020-10-16,BHARATFORG,435.36724853515625,452.5,458.75,446.1000061035156,447.6000061035156,1925347
2020-10-19,BHARATFORG,434.3570556640625,451.45001220703125,458.45001220703125,450.5,455.20001220703125,1077488
2020-10-20,BHARATFORG,443.6897888183594,461.1499938964844,462.5,445.75,450.0,2114068
2020-10-21,BHARATFORG,440.1298522949219,457.45001220703125,468.6000061035156,452.29998779296875,465.0,2076931
2020-10-22,BHARATFORG,446.528076171875,464.1000061035156,467.20001220703125,452.75,453.1000061035156,1720250
2020-10-23,BHARATFORG,476.3543701171875,495.1000061035156,498.75,462.0,468.20001220703125,6277025
2020-10-26,BHARATFORG,465.0973205566406,483.3999938964844,495.8999938964844,476.54998779296875,495.1000061035156,2591511
2020-10-27,BHARATFORG,450.80950927734375,468.54998779296875,482.5,465.6000061035156,482.5,1620444
2020-10-28,BHARATFORG,442.63140869140625,460.04998779296875,484.5,457.3999938964844,474.0,3254704
2020-10-29,BHARATFORG,437.7245178222656,454.95001220703125,458.8500061035156,447.25,452.04998779296875,1587359
2020-10-30,BHARATFORG,434.212646484375,451.29998779296875,459.75,448.0,454.95001220703125,1699783
2020-11-02,BHARATFORG,433.82781982421875,450.8999938964844,457.1000061035156,445.0,454.0,1634382
2020-11-03,BHARATFORG,440.9957275390625,458.3500061035156,462.20001220703125,452.5,454.8500061035156,1770775
2020-11-04,BHARATFORG,446.19134521484375,463.75,472.25,456.5,460.0,2696842
2020-11-05,BHARATFORG,455.23541259765625,473.1499938964844,475.0,463.3999938964844,469.75,2054891
2020-11-06,BHARATFORG,458.9877624511719,477.04998779296875,486.8500061035156,473.5,474.29998779296875,2572553
2020-11-09,BHARATFORG,475.055419921875,493.75,495.0,480.5,480.6000061035156,2672873
2020-11-10,BHARATFORG,500.02288818359375,519.7000122070312,539.6500244140625,495.04998779296875,497.95001220703125,8129967
2020-11-11,BHARATFORG,480.8282470703125,499.75,530.6500244140625,494.6499938964844,520.0,6034436
2020-11-12,BHARATFORG,477.9418640136719,496.75,508.25,490.54998779296875,495.0,2931252
2020-11-13,BHARATFORG,462.88433837890625,481.1000061035156,498.5,478.0,496.3999938964844,2769394
2020-11-14,BHARATFORG,465.81890869140625,484.1499938964844,487.04998779296875,482.1000061035156,486.8500061035156,189696
2020-11-17,BHARATFORG,476.25811767578125,495.0,499.6000061035156,486.5,488.0,3239040
2020-11-18,BHARATFORG,480.97259521484375,499.8999938964844,507.5,490.20001220703125,493.79998779296875,2392506
2020-11-19,BHARATFORG,490.6901550292969,510.0,516.5,497.20001220703125,499.70001220703125,4484398
2020-11-20,BHARATFORG,478.4710388183594,497.29998779296875,518.0,493.29998779296875,514.3499755859375,2246948
2020-11-23,BHARATFORG,480.29913330078125,499.20001220703125,503.0,491.20001220703125,500.6000061035156,2223551
2020-11-24,BHARATFORG,475.3921813964844,494.1000061035156,502.79998779296875,492.1000061035156,500.0,1461928
2020-11-25,BHARATFORG,477.0758972167969,495.8500061035156,508.8999938964844,492.75,498.0,2961694
2020-11-26,BHARATFORG,493.76898193359375,513.2000122070312,517.5,498.3500061035156,499.25,4272886
2020-11-27,BHARATFORG,489.1026306152344,508.3500061035156,525.7000122070312,499.8500061035156,517.0,4848508
2020-12-01,BHARATFORG,489.7279968261719,509.0,513.7999877929688,499.29998779296875,513.5,1690088
2020-12-02,BHARATFORG,496.126220703125,515.6500244140625,527.3499755859375,510.3999938964844,513.0,3312276
2020-12-03,BHARATFORG,518.9771118164062,539.4000244140625,542.0999755859375,519.0,532.0,5331095
2020-12-04,BHARATFORG,531.0518188476562,551.9500122070312,565.5,540.2000122070312,540.9000244140625,8988023
2020-12-07,BHARATFORG,528.5021362304688,549.2999877929688,560.5999755859375,544.3499755859375,555.7999877929688,2321595
2020-12-08,BHARATFORG,523.4509887695312,544.0499877929688,557.0,535.0,551.0,1784366
2020-12-09,BHARATFORG,527.7324829101562,548.5,562.0,544.5,552.0,3735074
2020-12-10,BHARATFORG,518.7845458984375,539.2000122070312,551.0,535.6500244140625,550.0,1919646
2020-12-11,BHARATFORG,531.2924194335938,552.2000122070312,557.5,539.0499877929688,540.4000244140625,4950148
2020-12-14,BHARATFORG,520.6607666015625,541.1500244140625,555.9000244140625,540.0499877929688,555.0,1678590
2020-12-15,BHARATFORG,532.7836303710938,553.75,562.0999755859375,538.2999877929688,543.0,3276928
2020-12-16,BHARATFORG,535.6218872070312,556.7000122070312,567.25,550.75,565.0,3279346
2020-12-17,BHARATFORG,536.3916015625,557.5,563.4500122070312,550.0999755859375,554.9000244140625,2079622
2020-12-18,BHARATFORG,534.61181640625,555.6500244140625,562.9000244140625,546.0999755859375,560.2000122070312,3045825
2020-12-21,BHARATFORG,504.35247802734375,524.2000122070312,554.9500122070312,502.6499938964844,550.0,2872623
2020-12-22,BHARATFORG,498.0505065917969,517.6500244140625,533.2999877929688,492.1000061035156,524.0,4837913
2020-12-23,BHARATFORG,518.1111450195312,538.5,543.5,511.25,518.6500244140625,2466862
2020-12-24,BHARATFORG,506.6616516113281,526.5999755859375,540.9000244140625,505.0,505.0,4567503
2020-12-28,BHARATFORG,507.8161926269531,527.7999877929688,533.25,524.25,530.0,1642152
2020-12-29,BHARATFORG,503.6309814453125,523.4500122070312,532.8499755859375,519.25,526.0,1174879
2020-12-30,BHARATFORG,498.00238037109375,517.5999755859375,526.0,513.3499755859375,521.4000244140625,1583260
2020-12-31,BHARATFORG,505.410888671875,525.2999877929688,527.0,518.0999755859375,520.0,1163755
2021-01-01,BHARATFORG,517.7261962890625,538.0999755859375,540.0,524.25,527.6500244140625,1528589
2021-01-04,BHARATFORG,531.6771240234375,552.5999755859375,553.75,534.2000122070312,546.5,2925683
2021-01-05,BHARATFORG,535.4776000976562,556.5499877929688,558.7000122070312,538.25,548.75,1897354
2021-01-06,BHARATFORG,527.5400390625,548.2999877929688,559.0,542.0999755859375,557.0,1600465
2021-01-07,BHARATFORG,576.1760864257812,598.8499755859375,603.0999755859375,550.0,555.0,13271502
2021-01-08,BHARATFORG,580.45751953125,603.2999877929688,606.0,593.5999755859375,601.0,2897356
2021-01-11,BHARATFORG,587.8179321289062,610.9500122070312,622.8499755859375,597.9000244140625,604.0,4065354
2021-01-12,BHARATFORG,597.8722534179688,621.4000244140625,625.0,605.2999877929688,608.0,2348196
2021-01-13,BHARATFORG,604.4629516601562,628.25,676.9000244140625,615.25,624.7000122070312,15115174
2021-01-14,BHARATFORG,598.8826293945312,622.4500122070312,640.0,611.1500244140625,632.7999877929688,2579015
2021-01-15,BHARATFORG,590.3195190429688,613.5499877929688,627.7000122070312,601.0499877929688,622.5,2656981
2021-01-18,BHARATFORG,566.506591796875,588.7999877929688,613.5499877929688,579.25,612.5499877929688,2240300
2021-01-19,BHARATFORG,576.5128784179688,599.2000122070312,600.9500122070312,589.5,590.6500244140625,2200851
2021-01-20,BHARATFORG,598.0165405273438,621.5499877929688,625.5499877929688,601.0499877929688,601.9500122070312,3431694
2021-01-21,BHARATFORG,595.4188232421875,618.8499755859375,637.3499755859375,612.7999877929688,627.0,2847910
2021-01-22,BHARATFORG,605.5693969726562,629.4000244140625,644.5,618.0,618.8499755859375,5322813
2021-01-25,BHARATFORG,585.4607543945312,608.5,636.0,597.2999877929688,635.2999877929688,2163010
2021-01-27,BHARATFORG,579.0143432617188,601.7999877929688,607.5,580.7000122070312,607.0,3488403
2021-01-28,BHARATFORG,560.5894775390625,582.6500244140625,599.25,562.0,562.0,2305090
2021-01-29,BHARATFORG,561.6959228515625,583.7999877929688,605.0,578.5999755859375,592.1500244140625,2767087
2021-02-01,BHARATFORG,590.031005859375,613.25,621.2999877929688,576.5,587.0,2812694
2021-02-02,BHARATFORG,623.8500366210938,648.4000244140625,650.7000122070312,618.5,620.0,4078912
2021-02-03,BHARATFORG,610.3320922851562,634.3499755859375,668.0,631.4500122070312,659.9000244140625,3529045
2021-02-04,BHARATFORG,605.232666015625,629.0499877929688,642.4000244140625,625.0999755859375,634.0,1822926
2021-02-05,BHARATFORG,594.5047607421875,617.9000244140625,646.0,615.0,632.0,2202933
2021-02-08,BHARATFORG,618.7025756835938,643.0499877929688,645.0,620.0,621.0,2427690
2021-02-09,BHARATFORG,620.8673095703125,645.2999877929688,655.6500244140625,638.8499755859375,647.9500122070312,3422137
2021-02-10,BHARATFORG,631.0660400390625,655.9000244140625,659.0,637.3499755859375,649.0,2813641
2021-02-11,BHARATFORG,623.3689575195312,647.9000244140625,666.6500244140625,644.1500244140625,653.25,2694261
2021-02-12,BHARATFORG,615.8641967773438,640.0999755859375,654.0,623.75,649.8499755859375,6216143
2021-02-15,BHARATFORG,604.2705078125,628.0499877929688,651.7999877929688,616.0,635.5499877929688,3836869
2021-02-16,BHARATFORG,606.8682861328125,630.75,639.7000122070312,622.0,628.5,2209598
2021-02-17,BHARATFORG,613.603271484375,637.75,653.4000244140625,629.2000122070312,632.0,3584057
2021-02-18,BHARATFORG,609.0812377929688,633.0499877929688,645.5999755859375,626.5999755859375,644.0,1883851
2021-02-19,BHARATFORG,580.1691284179688,603.0,630.8499755859375,595.0499877929688,630.8499755859375,2933921
2021-02-22,BHARATFORG,566.3141479492188,588.5999755859375,607.7000122070312,583.5999755859375,603.7999877929688,3466097
2021-02-23,BHARATFORG,585.5088500976562,608.5499877929688,620.0,588.9500122070312,608.9500122070312,5335514
2021-02-24,BHARATFORG,579.5916137695312,602.4000244140625,617.7000122070312,600.0,613.7999877929688,1068009
2021-02-25,BHARATFORG,597.3431396484375,620.8499755859375,623.7000122070312,604.2999877929688,607.7999877929688,2384168
2021-02-26,BHARATFORG,586.9519653320312,610.0499877929688,615.9000244140625,597.5,608.4000244140625,3448159
2021-03-01,BHARATFORG,595.0821533203125,618.5,627.2999877929688,611.2999877929688,619.5999755859375,1894304
2021-03-02,BHARATFORG,612.544921875,636.6500244140625,647.1500244140625,616.6500244140625,624.9000244140625,3305660
2021-03-03,BHARATFORG,606.6758422851562,630.5499877929688,650.0,628.7999877929688,648.7999877929688,2123361
2021-03-04,BHARATFORG,617.211181640625,641.5,648.7999877929688,615.0,632.0,3679029
2021-03-05,BHARATFORG,594.3124389648438,617.7000122070312,641.8499755859375,613.75,640.7999877929688,1620601
2021-03-08,BHARATFORG,595.51513671875,618.9500122070312,641.9500122070312,615.75,627.0,3257881
2021-03-09,BHARATFORG,589.694091796875,612.9000244140625,631.0999755859375,605.7000122070312,625.0,1553213
2021-03-10,BHARATFORG,599.0267944335938,622.5999755859375,626.0,611.5499877929688,619.9500122070312,1609145
2021-03-12,BHARATFORG,593.2539672851562,616.5999755859375,631.75,612.2999877929688,628.0999755859375,1106334
2021-03-15,BHARATFORG,590.0789794921875,613.2999877929688,620.5,602.0499877929688,619.0,1303964
2021-03-16,BHARATFORG,587.8660278320312,611.0,621.2000122070312,609.0,616.5,1206829
2021-03-17,BHARATFORG,568.67138671875,591.0499877929688,623.75,581.3499755859375,619.0,2598606
2021-03-18,BHARATFORG,564.8709106445312,587.0999755859375,605.0,581.5,602.0499877929688,1811009
2021-03-19,BHARATFORG,577.3306884765625,600.0499877929688,604.0,579.75,581.9500122070312,2863512
2021-03-22,BHARATFORG,574.251708984375,596.8499755859375,607.9500122070312,591.0,591.0,1512975
2021-03-23,BHARATFORG,572.5680541992188,595.0999755859375,601.4500122070312,588.7999877929688,599.9000244140625,1350302
2021-03-24,BHARATFORG,559.0018920898438,581.0,602.5999755859375,578.0499877929688,590.0,2689937
2021-03-25,BHARATFORG,548.947509765625,570.5499877929688,587.4500122070312,568.2999877929688,580.2000122070312,2936971
2021-03-26,BHARATFORG,565.0153198242188,587.25,592.9500122070312,574.0499877929688,574.0499877929688,1602949
2021-03-30,BHARATFORG,568.2865600585938,590.6500244140625,600.4500122070312,588.3499755859375,593.0,933525
2021-03-31,BHARATFORG,573.3858642578125,595.9500122070312,597.75,588.5,590.8499755859375,846169
2021-04-01,BHARATFORG,590.126953125,613.3499755859375,616.0,596.25,603.7999877929688,1338081
2021-04-05,BHARATFORG,585.60498046875,608.6500244140625,617.0,588.8499755859375,612.9500122070312,1296370
2021-04-06,BHARATFORG,595.9961547851562,619.4500122070312,624.7999877929688,605.0,613.2999877929688,1512152
2021-04-07,BHARATFORG,589.2130737304688,612.4000244140625,625.0,608.2000122070312,623.0,1214445
2021-04-08,BHARATFORG,591.5703125,614.8499755859375,621.5,613.0,615.0,833770
2021-04-09,BHARATFORG,587.1444702148438,610.25,626.9000244140625,609.0,616.8499755859375,1360268
2021-04-12,BHARATFORG,559.0018920898438,581.0,600.0,574.2999877929688,600.0,1534224
2021-04-13,BHARATFORG,568.1904296875,590.5499877929688,595.1500244140625,578.75,581.5999755859375,1049508
2021-04-15,BHARATFORG,553.2772827148438,575.0499877929688,597.1500244140625,559.0,591.9500122070312,2270249
2021-04-16,BHARATFORG,564.5342407226562,586.75,597.4000244140625,575.0499877929688,578.0999755859375,1931848
2021-04-19,BHARATFORG,539.6148071289062,560.8499755859375,574.4000244140625,555.75,562.0,3335665
2021-04-20,BHARATFORG,553.5658569335938,575.3499755859375,590.75,564.0,573.7999877929688,2630705
2021-04-22,BHARATFORG,566.3623046875,588.6500244140625,590.7999877929688,566.0999755859375,570.0,2278786
2021-04-23,BHARATFORG,560.30078125,582.3499755859375,597.7000122070312,577.6500244140625,588.0,1815472
2021-04-26,BHARATFORG,554.7203979492188,576.5499877929688,588.5,568.5,584.7999877929688,2356930
2021-04-27,BHARATFORG,573.0491943359375,595.5999755859375,598.7999877929688,573.75,580.75,1733010
2021-04-28,BHARATFORG,570.0184326171875,592.4500122070312,606.1500244140625,587.2000122070312,598.7999877929688,2506260
2021-04-29,BHARATFORG,581.8045654296875,604.7000122070312,613.0999755859375,586.2999877929688,598.0,3162769
2021-04-30,BHARATFORG,587.288818359375,610.4000244140625,621.0,595.25,602.75,3022088
2021-05-03,BHARATFORG,592.7728881835938,616.0999755859375,619.7999877929688,598.5999755859375,602.5499877929688,1066735
2021-05-04,BHARATFORG,607.8784790039062,631.7999877929688,654.0499877929688,618.5999755859375,619.9000244140625,5956470
2021-05-05,BHARATFORG,615.4794311523438,639.7000122070312,643.0,623.25,632.0,2287909
2021-05-06,BHARATFORG,618.55810546875,642.9000244140625,647.7999877929688,632.8499755859375,640.0499877929688,1499277
2021-05-07,BHARATFORG,612.689208984375,636.7999877929688,650.7000122070312,633.5999755859375,643.75,1722259
2021-05-10,BHARATFORG,625.5819091796875,650.2000122070312,656.5,640.0499877929688,640.7000122070312,2940598
2021-05-11,BHARATFORG,642.9486083984375,668.25,672.4500122070312,641.0999755859375,645.9000244140625,3503310
2021-05-12,BHARATFORG,639.4847412109375,664.6500244140625,670.6500244140625,650.0,670.6500244140625,1593136
2021-05-14,BHARATFORG,623.7057495117188,648.25,668.5,642.0499877929688,666.9000244140625,1678843
2021-05-17,BHARATFORG,630.4407348632812,655.25,668.4000244140625,642.0,650.0,1497726
2021-05-18,BHARATFORG,652.9547119140625,678.6500244140625,689.0,655.0,665.0,5293348
2021-05-19,BHARATFORG,653.6281127929688,679.3499755859375,687.4000244140625,672.7999877929688,679.7999877929688,2096140
2021-05-20,BHARATFORG,631.1622314453125,656.0,684.3499755859375,654.0,681.0,1943758
2021-05-21,BHARATFORG,620.2420654296875,644.6500244140625,663.5,643.0,660.0,2695667
2021-05-24,BHARATFORG,626.7845458984375,651.4500122070312,662.0,646.7999877929688,648.7000122070312,2281114
2021-05-25,BHARATFORG,633.2789916992188,658.2000122070312,663.2999877929688,652.0,655.0,1228450
2021-05-26,BHARATFORG,642.6116943359375,667.9000244140625,679.25,656.6500244140625,659.0,2464662
2021-05-27,BHARATFORG,656.8994750976562,682.75,684.5,665.2999877929688,669.75,2885516
2021-05-28,BHARATFORG,651.8963012695312,677.5499877929688,694.8499755859375,674.0999755859375,689.7999877929688,4109401
2021-05-31,BHARATFORG,652.1848754882812,677.8499755859375,686.0,673.0499877929688,678.0,1413697
2021-06-01,BHARATFORG,641.4091186523438,666.6500244140625,687.7000122070312,660.0999755859375,682.0,1612530
2021-06-02,BHARATFORG,671.0908203125,697.5,701.9500122070312,667.0,668.0,3349283
2021-06-03,BHARATFORG,669.5515747070312,695.9000244140625,704.9000244140625,682.5,700.6500244140625,3687431
2021-06-04,BHARATFORG,722.4691162109375,750.9000244140625,758.6500244140625,695.0999755859375,698.5,22014361
2021-06-07,BHARATFORG,721.6032104492188,750.0,790.9000244140625,744.1500244140625,788.4500122070312,10826618
2021-06-08,BHARATFORG,728.9635009765625,757.6500244140625,763.1500244140625,745.0,750.0,2981785
2021-06-09,BHARATFORG,727.6646728515625,756.2999877929688,769.4000244140625,750.5,760.0,2950131
2021-06-10,BHARATFORG,729.636962890625,758.3499755859375,763.0,749.0,760.0,3442696
2021-06-11,BHARATFORG,719.582763671875,747.9000244140625,773.9500122070312,745.0,768.0,3178972
2021-06-14,BHARATFORG,712.6552124023438,740.7000122070312,751.0,725.0,750.0,1779662
2021-06-15,BHARATFORG,713.4249267578125,741.5,749.9000244140625,732.2000122070312,745.0,2202815
2021-06-16,BHARATFORG,704.1403198242188,731.8499755859375,744.7999877929688,729.0,743.7999877929688,1616971
2021-06-17,BHARATFORG,697.5977783203125,725.0499877929688,739.7999877929688,723.2000122070312,731.5,2110137
2021-06-18,BHARATFORG,699.3296508789062,726.8499755859375,731.9000244140625,706.5999755859375,729.9500122070312,2212168
2021-06-21,BHARATFORG,701.9755859375,729.5999755859375,734.5,711.5,711.5,1695813
2021-06-22,BHARATFORG,713.1364135742188,741.2000122070312,744.5,731.4500122070312,733.0,2732042
2021-06-23,BHARATFORG,703.1781616210938,730.8499755859375,751.5,729.5,746.5,2024549
2021-06-24,BHARATFORG,707.7002563476562,735.5499877929688,737.9000244140625,727.2999877929688,731.2000122070312,815571
2021-06-25,BHARATFORG,713.3287353515625,741.4000244140625,750.0,736.0,736.7999877929688,1918673
2021-06-28,BHARATFORG,710.8753662109375,738.8499755859375,745.8499755859375,735.7999877929688,742.75,1062356
2021-06-29,BHARATFORG,719.2459716796875,747.5499877929688,763.9500122070312,740.7000122070312,743.7999877929688,4442304
2021-06-30,BHARATFORG,733.0526123046875,761.9000244140625,768.4000244140625,748.4000244140625,751.4500122070312,2350911
2021-07-01,BHARATFORG,736.6605834960938,765.6500244140625,770.0,759.5499877929688,762.0,1094294
2021-07-02,BHARATFORG,742.674072265625,771.9000244140625,779.9500122070312,764.1500244140625,766.8499755859375,1729701
2021-07-05,BHARATFORG,741.7118530273438,770.9000244140625,779.5,765.4500122070312,776.0,817693
2021-07-06,BHARATFORG,738.296142578125,767.3499755859375,778.2000122070312,759.5,770.9000244140625,1354496
2021-07-07,BHARATFORG,775.7715454101562,806.2999877929688,809.6500244140625,768.0,773.0,7674233
2021-07-08,BHARATFORG,778.3211669921875,808.9500122070312,817.8499755859375,800.5499877929688,807.0,2464204
2021-07-09,BHARATFORG,777.4071655273438,808.0,820.0,804.0,805.5999755859375,2295070
2021-07-12,BHARATFORG,775.7235107421875,806.25,818.5999755859375,804.0999755859375,810.0,1240297
2021-07-13,BHARATFORG,789.193359375,820.25,832.0,810.0,811.0,3607999
2021-07-14,BHARATFORG,781.3518676757812,812.0999755859375,822.0,809.2999877929688,819.5,1254828
2021-07-15,BHARATFORG,781.4002075195312,810.1500244140625,817.1500244140625,807.0499877929688,812.0999755859375,929055
2021-07-16,BHARATFORG,778.6995239257812,807.3499755859375,814.5499877929688,803.2000122070312,811.7000122070312,387016
2021-07-19,BHARATFORG,783.2327270507812,812.0499877929688,814.25,792.0,804.0,1184953
2021-07-20,BHARATFORG,770.1635131835938,798.5,819.5999755859375,795.0,816.0,1269998
2021-07-22,BHARATFORG,772.7677001953125,801.2000122070312,810.0,793.2000122070312,810.0,1131810
2021-07-23,BHARATFORG,760.9043579101562,788.9000244140625,808.75,786.4000244140625,802.7000122070312,555945
2021-07-26,BHARATFORG,755.8887939453125,783.7000122070312,794.9000244140625,780.0,788.0,1256853
2021-07-27,BHARATFORG,752.6576538085938,780.3499755859375,786.9000244140625,776.0999755859375,784.2000122070312,634528
2021-07-28,BHARATFORG,750.3910522460938,778.0,784.5,766.9500122070312,782.0,421472
2021-07-29,BHARATFORG,757.3356323242188,785.2000122070312,794.4000244140625,774.6500244140625,780.0,1155947
2021-07-30,BHARATFORG,744.266357421875,771.6500244140625,789.8499755859375,770.25,786.7999877929688,1406463
2021-08-02,BHARATFORG,757.43212890625,785.2999877929688,787.0,771.0,777.25,1360852
2021-08-03,BHARATFORG,783.3775024414062,812.2000122070312,820.0,787.5,789.2000122070312,3313907
2021-08-04,BHARATFORG,762.7850952148438,790.8499755859375,817.7999877929688,788.2000122070312,815.9500122070312,1011634
2021-08-05,BHARATFORG,753.4776000976562,781.2000122070312,801.1500244140625,777.5999755859375,792.0499877929688,1036871
2021-08-06,BHARATFORG,751.934326171875,779.5999755859375,805.5499877929688,776.8499755859375,782.5999755859375,1514625
2021-08-09,BHARATFORG,747.5939331054688,775.0999755859375,789.7999877929688,772.25,784.0,900246
2021-08-10,BHARATFORG,724.1563110351562,750.7999877929688,779.7000122070312,746.0,779.5,1480912
2021-08-11,BHARATFORG,754.9242553710938,782.7000122070312,786.0,746.7000122070312,751.0999755859375,2435357
2021-08-12,BHARATFORG,798.1344604492188,827.5,844.7999877929688,775.0499877929688,787.0,15755004
2021-08-13,BHARATFORG,790.6112060546875,819.7000122070312,835.0,814.7000122070312,833.7000122070312,3470286
2021-08-16,BHARATFORG,775.8059692382812,804.3499755859375,833.5,802.2000122070312,823.6500244140625,1928149
2021-08-17,BHARATFORG,782.0270385742188,810.7999877929688,816.4000244140625,790.5,801.0,2634226
2021-08-18,BHARATFORG,774.407470703125,802.9000244140625,823.0,799.5,814.5,2465802
2021-08-20,BHARATFORG,726.133544921875,752.8499755859375,799.9000244140625,747.0,798.0,2732904
2021-08-23,BHARATFORG,694.1117553710938,719.6500244140625,773.2999877929688,717.0,762.0,3655328
2021-08-24,BHARATFORG,714.7041625976562,741.0,745.7000122070312,720.0499877929688,727.25,2855082
2021-08-25,BHARATFORG,705.1552734375,731.0999755859375,748.2000122070312,728.5499877929688,743.2000122070312,1821422
2021-08-26,BHARATFORG,701.29736328125,727.0999755859375,735.6500244140625,724.0,731.0999755859375,878476
2021-08-27,BHARATFORG,703.56396484375,729.4500122070312,734.6500244140625,722.25,729.0499877929688,856128
2021-08-30,BHARATFORG,732.8369140625,759.7999877929688,775.0,732.6500244140625,732.6500244140625,4252860
2021-08-31,BHARATFORG,739.9742431640625,767.2000122070312,769.4000244140625,746.0499877929688,758.4500122070312,3404792
2021-09-01,BHARATFORG,753.332763671875,781.0499877929688,784.9000244140625,762.7999877929688,770.7000122070312,2545047
2021-09-02,BHARATFORG,753.6705322265625,781.4000244140625,785.9500122070312,775.5,784.3499755859375,1481791
2021-09-03,BHARATFORG,763.2190551757812,791.2999877929688,811.4500122070312,785.2999877929688,791.0,3896373
2021-09-06,BHARATFORG,760.1809692382812,788.1500244140625,804.9000244140625,786.5,799.9500122070312,1572573
2021-09-07,BHARATFORG,749.6195068359375,777.2000122070312,795.0,767.7000122070312,792.2999877929688,1957784
2021-09-08,BHARATFORG,744.98974609375,772.4000244140625,781.2000122070312,766.0499877929688,777.2000122070312,929880
2021-09-09,BHARATFORG,746.3882446289062,773.8499755859375,776.5,758.5499877929688,775.0,1203910
2021-09-13,BHARATFORG,747.015380859375,774.5,780.4500122070312,765.1500244140625,777.0,1287735
2021-09-14,BHARATFORG,752.368408203125,780.0499877929688,791.8499755859375,774.0,776.0,2152450
2021-09-15,BHARATFORG,759.6022338867188,787.5499877929688,791.0,775.0,780.0499877929688,1287314
2021-09-16,BHARATFORG,750.8250732421875,778.4500122070312,794.9500122070312,777.0499877929688,792.7000122070312,1224948
2021-09-17,BHARATFORG,734.52490234375,761.5499877929688,784.1500244140625,756.0499877929688,779.9500122070312,1928495
2021-09-20,BHARATFORG,713.8360595703125,740.0999755859375,768.4500122070312,734.0499877929688,760.0,1924787
2021-09-21,BHARATFORG,712.7750244140625,739.0,749.7000122070312,727.2000122070312,739.5,1884073
2021-09-22,BHARATFORG,714.559326171875,740.8499755859375,750.8499755859375,730.5999755859375,739.0,2727267
2021-09-23,BHARATFORG,737.1771240234375,764.2999877929688,767.6500244140625,742.5499877929688,742.5499877929688,1539670
2021-09-24,BHARATFORG,723.1917724609375,749.7999877929688,774.9000244140625,738.0499877929688,768.0,2047990
2021-09-27,BHARATFORG,752.9471435546875,780.6500244140625,785.7999877929688,744.4000244140625,749.7999877929688,3984098
2021-09-28,BHARATFORG,729.075439453125,755.9000244140625,793.0,751.0499877929688,783.7000122070312,2304265
2021-09-29,BHARATFORG,717.7905883789062,744.2000122070312,752.7000122070312,736.9000244140625,752.7000122070312,3149740
2021-09-30,BHARATFORG,711.2800903320312,737.4500122070312,751.9500122070312,735.0,750.0,2547525
2021-10-01,BHARATFORG,701.779541015625,727.5999755859375,741.25,721.0,737.0,2280554
2021-10-04,BHARATFORG,715.620361328125,741.9500122070312,745.0,730.0,730.0,1193970
2021-10-05,BHARATFORG,697.2463989257812,722.9000244140625,735.75,720.2999877929688,735.75,2455538
2021-10-06,BHARATFORG,696.040771484375,721.6500244140625,732.0,717.2999877929688,726.0,2086669
2021-10-07,BHARATFORG,715.1863403320312,741.5,750.1500244140625,727.8499755859375,730.0,3925051
2021-10-08,BHARATFORG,731.6795654296875,758.5999755859375,771.0,733.7000122070312,744.9500122070312,4161240
2021-10-11,BHARATFORG,765.8232421875,794.0,796.4000244140625,762.5499877929688,764.0,3765565
2021-10-12,BHARATFORG,762.49560546875,790.5499877929688,804.4000244140625,783.5499877929688,796.2999877929688,2179096
2021-10-13,BHARATFORG,775.6612548828125,804.2000122070312,813.7000122070312,790.7999877929688,792.0,2937616
2021-10-14,BHARATFORG,772.5748901367188,801.0,817.0,795.0,806.0,2153914
2021-10-18,BHARATFORG,770.6458129882812,799.0,818.0,796.0,818.0,1659447
2021-10-19,BHARATFORG,763.026123046875,791.0999755859375,813.0,783.5999755859375,800.0,2459112
2021-10-20,BHARATFORG,746.581298828125,774.0499877929688,799.0,761.8499755859375,792.0,2743887
2021-10-21,BHARATFORG,754.5385131835938,782.2999877929688,786.9500122070312,770.0499877929688,781.7000122070312,1647655
2021-10-22,BHARATFORG,759.650390625,787.5999755859375,806.0,778.6500244140625,785.0,2050915
2021-10-25,BHARATFORG,733.6567993164062,760.6500244140625,793.3499755859375,756.0,790.0,1113840
2021-10-26,BHARATFORG,758.0108642578125,785.9000244140625,788.0,758.0499877929688,759.7999877929688,1298265
2021-10-27,BHARATFORG,753.5257568359375,781.25,799.8499755859375,777.75,789.9500122070312,738857
2021-10-28,BHARATFORG,738.1417236328125,765.2999877929688,784.4000244140625,762.2000122070312,772.0,972969
2021-10-29,BHARATFORG,739.9260864257812,767.1500244140625,778.9000244140625,748.2999877929688,760.0,1232532
2021-11-01,BHARATFORG,763.3155517578125,791.4000244140625,794.0,767.0499877929688,767.0499877929688,910765
2021-11-02,BHARATFORG,755.3582763671875,783.1500244140625,791.7999877929688,779.2999877929688,791.0,791841
2021-11-03,BHARATFORG,747.5939331054688,775.0999755859375,787.9500122070312,767.2000122070312,778.75,946203
2021-11-04,BHARATFORG,753.6221313476562,781.3499755859375,784.7999877929688,772.0499877929688,774.0,121651
2021-11-08,BHARATFORG,785.740478515625,814.6500244140625,820.9000244140625,781.5,782.0,3228051
2021-11-09,BHARATFORG,804.4520263671875,834.0499877929688,837.25,814.6500244140625,814.6500244140625,2985897
2021-11-10,BHARATFORG,802.4747924804688,832.0,847.9500122070312,828.0,830.0,3143770
2021-11-11,BHARATFORG,754.2973022460938,782.0499877929688,823.9500122070312,777.75,822.25,3738001
2021-11-12,BHARATFORG,747.5457153320312,775.0499877929688,807.9000244140625,765.5999755859375,791.0,7646975
2021-11-15,BHARATFORG,749.7640991210938,777.3499755859375,799.25,771.0,775.5,3370631
2021-11-16,BHARATFORG,772.2373046875,800.6500244140625,814.0,776.3499755859375,780.0,4019030
2021-11-17,BHARATFORG,774.2628173828125,802.75,825.0,796.0,798.5,2867176
2021-11-18,BHARATFORG,751.1144409179688,778.75,802.2999877929688,768.25,802.0,2535600
2021-11-22,BHARATFORG,714.6559448242188,740.9500122070312,782.0,729.4000244140625,782.0,2416974
2021-11-23,BHARATFORG,719.4784545898438,745.9500122070312,748.6500244140625,724.0,735.0,1923996
2021-11-24,BHARATFORG,714.3182373046875,740.5999755859375,754.75,735.0,750.0,1145860
2021-11-25,BHARATFORG,710.3557739257812,735.0,744.9000244140625,727.1500244140625,741.0,1887358
2021-11-26,BHARATFORG,674.7413330078125,698.1500244140625,729.25,691.0,729.25,5054410
2021-11-29,BHARATFORG,673.6781616210938,697.0499877929688,706.0,678.8499755859375,690.0,2413024
2021-11-30,BHARATFORG,670.3922119140625,693.6500244140625,717.6500244140625,689.1500244140625,697.0,2584353
2021-12-01,BHARATFORG,676.38427734375,699.8499755859375,706.1500244140625,688.2000122070312,697.2999877929688,1269839
2021-12-02,BHARATFORG,682.18310546875,705.8499755859375,710.0,691.5,705.4000244140625,1357075
2021-12-03,BHARATFORG,680.1535034179688,703.75,719.0,700.5,705.0,2088737
2021-12-06,BHARATFORG,664.88330078125,687.9500122070312,703.0,681.0999755859375,684.7999877929688,1986204
2021-12-07,BHARATFORG,673.1949462890625,696.5499877929688,699.25,686.0,697.0,1187456
2021-12-08,BHARATFORG,697.1633911132812,721.3499755859375,723.0,701.0,701.0,1225465
2021-12-09,BHARATFORG,700.5460815429688,724.8499755859375,728.0,717.2999877929688,725.0,605970
2021-12-10,BHARATFORG,705.47509765625,729.9500122070312,735.2000122070312,717.0,717.0,863269
2021-12-13,BHARATFORG,713.8350219726562,738.5999755859375,745.7999877929688,731.3499755859375,736.0,1168364
2021-12-14,BHARATFORG,711.2255249023438,735.9000244140625,739.9500122070312,723.2000122070312,735.0,586248
2021-12-15,BHARATFORG,704.1702880859375,728.5999755859375,741.0499877929688,724.2999877929688,736.0499877929688,455424
2021-12-16,BHARATFORG,702.2373657226562,726.5999755859375,737.3499755859375,720.0499877929688,732.9000244140625,481949
2021-12-17,BHARATFORG,677.5441284179688,701.0499877929688,729.0,696.2000122070312,727.0,1063648
2021-12-20,BHARATFORG,641.9779052734375,664.25,695.5499877929688,652.5,695.0,2735289
2021-12-21,BHARATFORG,650.8212280273438,673.4000244140625,675.75,656.5499877929688,663.0,2385554
2021-12-22,BHARATFORG,661.404052734375,684.3499755859375,688.25,675.4500122070312,678.5999755859375,641613
2021-12-23,BHARATFORG,673.9681396484375,697.3499755859375,698.7000122070312,685.6500244140625,692.0,1062346
2021-12-24,BHARATFORG,667.734375,690.9000244140625,707.0,677.25,703.7000122070312,1368268
2021-12-27,BHARATFORG,663.9651489257812,687.0,693.4500122070312,677.4500122070312,681.2999877929688,943024
2021-12-28,BHARATFORG,678.5105590820312,702.0499877929688,703.0,687.25,689.9500122070312,865783
2021-12-29,BHARATFORG,678.2206420898438,701.75,706.0,695.7000122070312,701.9500122070312,578098
2021-12-30,BHARATFORG,670.6338500976562,693.9000244140625,701.4500122070312,690.2999877929688,700.0,661932
2021-12-31,BHARATFORG,674.4513549804688,697.8499755859375,702.8499755859375,692.0999755859375,694.1500244140625,1117696
2022-01-03,BHARATFORG,687.0638427734375,710.9000244140625,714.3499755859375,697.5,697.5,1177051
2022-01-04,BHARATFORG,692.9591674804688,717.0,723.0,710.75,712.0,1192385
2022-01-05,BHARATFORG,696.8250732421875,721.0,725.0,713.0,723.7999877929688,1426330
2022-01-06,BHARATFORG,723.8379516601562,748.9500122070312,751.5499877929688,715.0,720.0,2639418
2022-01-07,BHARATFORG,723.2098388671875,748.2999877929688,755.4500122070312,742.75,747.7000122070312,1144890
2022-01-10,BHARATFORG,741.76611328125,767.5,769.0,749.0999755859375,749.0999755859375,1134669
2022-01-11,BHARATFORG,743.8922119140625,769.7000122070312,773.0999755859375,763.0499877929688,767.0,861216
2022-01-12,BHARATFORG,735.0006713867188,760.5,765.75,735.6500244140625,744.0,3136263
2022-01-13,BHARATFORG,742.2491455078125,768.0,771.2000122070312,756.2000122070312,760.0,942527
2022-01-14,BHARATFORG,754.9098510742188,781.0999755859375,784.0,761.0,764.0,1183085
2022-01-17,BHARATFORG,749.497802734375,775.5,787.5,770.0999755859375,782.0,1070495
2022-01-18,BHARATFORG,735.6289672851562,761.1500244140625,779.5999755859375,755.2000122070312,778.0,1330065
2022-01-19,BHARATFORG,732.9227905273438,758.3499755859375,764.0,748.9500122070312,757.0,627399
2022-01-20,BHARATFORG,725.0460815429688,750.2000122070312,763.1500244140625,742.5,762.0999755859375,687357
2022-01-21,BHARATFORG,715.5746459960938,740.4000244140625,755.7999877929688,732.0,747.0,1316006
2022-01-24,BHARATFORG,694.7955932617188,718.9000244140625,740.4000244140625,710.0,735.0,1334962
2022-01-25,BHARATFORG,704.8468017578125,729.2999877929688,733.6500244140625,705.0499877929688,715.0,926048
2022-01-27,BHARATFORG,694.8921508789062,719.0,728.6500244140625,703.4500122070312,726.8499755859375,1167077
2022-01-28,BHARATFORG,704.4603881835938,728.9000244140625,748.9500122070312,721.9500122070312,722.7999877929688,864318
2022-01-31,BHARATFORG,710.3557739257812,735.0,744.0,729.2999877929688,737.7999877929688,913742
2022-02-01,BHARATFORG,723.1131591796875,748.2000122070312,753.7000122070312,730.0999755859375,744.0,834026
2022-02-02,BHARATFORG,727.945556640625,753.2000122070312,761.9500122070312,744.0,756.0,704701
2022-02-03,BHARATFORG,717.1692504882812,742.0499877929688,763.0,739.5,755.0,595479
2022-02-04,BHARATFORG,706.1515502929688,730.6500244140625,747.4000244140625,728.2999877929688,740.0,372365
2022-02-07,BHARATFORG,699.6278686523438,723.9000244140625,737.0499877929688,711.2999877929688,731.2999877929688,875013
2022-02-08,BHARATFORG,699.1448364257812,723.4000244140625,739.9000244140625,714.0,729.5999755859375,1610975
2022-02-09,BHARATFORG,722.8232421875,747.9000244140625,750.0,726.0,733.0,656286
2022-02-10,BHARATFORG,705.4266967773438,729.9000244140625,767.1500244140625,712.0,749.7000122070312,4738129
2022-02-11,BHARATFORG,707.7944946289062,732.3499755859375,757.25,716.3499755859375,729.0,3758227
2022-02-14,BHARATFORG,676.6258544921875,700.0999755859375,727.4500122070312,693.2000122070312,720.0,2124421
2022-02-15,BHARATFORG,693.7808227539062,717.8499755859375,721.75,694.3499755859375,709.9500122070312,1380986
2022-02-16,BHARATFORG,697.8399658203125,722.0499877929688,733.1500244140625,715.7000122070312,722.0,962465
2022-02-17,BHARATFORG,680.2985229492188,703.9000244140625,728.0,700.0499877929688,725.5,1418393
2022-02-18,BHARATFORG,670.8754272460938,694.1500244140625,704.7999877929688,691.0999755859375,703.7999877929688,1187208
2022-02-21,BHARATFORG,661.4523315429688,684.4000244140625,698.9000244140625,677.0,693.0,1604938
2022-02-22,BHARATFORG,667.8310546875,691.0,696.0499877929688,650.5,652.0,1639090
2022-02-23,BHARATFORG,680.7333374023438,704.3499755859375,711.9500122070312,691.0499877929688,699.2999877929688,1064201
2022-02-24,BHARATFORG,645.215576171875,667.5999755859375,688.2000122070312,659.0,688.0,4866256
2022-02-25,BHARATFORG,649.2747192382812,671.7999877929688,694.2000122070312,667.6500244140625,686.9000244140625,1946167
2022-02-28,BHARATFORG,655.8951416015625,678.6500244140625,682.0,652.5499877929688,667.0,1962564
2022-03-02,BHARATFORG,640.6248168945312,662.8499755859375,670.0,655.0,667.0,3323853
2022-03-03,BHARATFORG,622.5036010742188,644.0999755859375,671.4000244140625,641.0999755859375,665.2000122070312,2398493
2022-03-04,BHARATFORG,611.6790161132812,632.9000244140625,644.4500122070312,623.5,633.5,2726367
2022-03-07,BHARATFORG,592.108154296875,612.6500244140625,622.75,603.2000122070312,618.0,2197227
2022-03-08,BHARATFORG,594.620849609375,615.25,618.2000122070312,595.0,613.0,2905793
2022-03-09,BHARATFORG,607.8616333007812,628.9500122070312,631.5999755859375,611.0499877929688,620.0,2503180
2022-03-10,BHARATFORG,616.5597534179688,637.9500122070312,654.7000122070312,632.9500122070312,648.0,2912874
2022-03-11,BHARATFORG,611.1475830078125,632.3499755859375,640.9000244140625,629.1500244140625,637.9500122070312,1394422
2022-03-14,BHARATFORG,627.6741943359375,649.4500122070312,652.5499877929688,625.0499877929688,634.75,2124004
2022-03-15,BHARATFORG,631.105224609375,653.0,668.7999877929688,645.3499755859375,651.8499755859375,2128873
2022-03-16,BHARATFORG,652.3192749023438,674.9500122070312,676.9000244140625,657.1500244140625,662.0,1094758
2022-03-17,BHARATFORG,659.0361938476562,681.9000244140625,693.5,676.0,690.0,1125022
2022-03-21,BHARATFORG,646.6170043945312,669.0499877929688,686.7000122070312,666.0,684.0,690631
2022-03-22,BHARATFORG,666.3812866210938,689.5,693.8499755859375,668.0,674.4000244140625,1249429
2022-03-23,BHARATFORG,658.0213623046875,680.8499755859375,698.7999877929688,677.2999877929688,696.75,1081529
2022-03-24,BHARATFORG,670.9719848632812,694.25,698.8499755859375,675.5999755859375,675.5999755859375,1613089
2022-03-25,BHARATFORG,667.154541015625,690.2999877929688,700.8499755859375,683.3499755859375,699.0,1200801
2022-03-28,BHARATFORG,676.0460815429688,699.5,703.8499755859375,679.0499877929688,691.0,2140301
2022-03-29,BHARATFORG,684.2127685546875,707.9500122070312,709.5999755859375,700.0499877929688,705.7000122070312,595518
2022-03-30,BHARATFORG,679.0421142578125,702.5999755859375,725.2999877929688,701.0,710.1500244140625,1082631
2022-03-31,BHARATFORG,677.1091918945312,700.5999755859375,712.3499755859375,696.7999877929688,704.5999755859375,952386
2022-04-01,BHARATFORG,678.4622192382812,702.0,704.2000122070312,694.2000122070312,700.0,643003
2022-04-04,BHARATFORG,685.3241577148438,709.0999755859375,711.7999877929688,705.4000244140625,709.5999755859375,491203
2022-04-05,BHARATFORG,702.962158203125,727.3499755859375,732.4000244140625,712.2000122070312,714.4500122070312,1419805
2022-04-06,BHARATFORG,702.962158203125,727.3499755859375,732.4000244140625,702.7999877929688,723.9500122070312,1218028
2022-04-07,BHARATFORG,704.556884765625,729.0,736.25,719.0999755859375,730.0,1254802
2022-04-08,BHARATFORG,721.0835571289062,746.0999755859375,753.8499755859375,726.8499755859375,730.0,2157135
2022-04-11,BHARATFORG,715.2847900390625,740.0999755859375,748.2000122070312,735.0499877929688,746.0,608494
2022-04-12,BHARATFORG,704.8951416015625,729.3499755859375,739.9000244140625,716.4500122070312,739.9000244140625,962218
2022-04-13,BHARATFORG,708.4711303710938,733.0499877929688,742.75,726.5999755859375,731.0,866681
2022-04-18,BHARATFORG,704.025390625,728.4500122070312,732.2000122070312,713.9500122070312,721.5,1084412
2022-04-19,BHARATFORG,701.6091918945312,725.9500122070312,742.5,718.2999877929688,735.5499877929688,1118319
2022-04-20,BHARATFORG,706.7314453125,731.25,752.0,723.0,728.0,1528988
2022-04-21,BHARATFORG,714.0282592773438,738.7999877929688,749.9000244140625,731.0,733.0,1266140
2022-04-22,BHARATFORG,699.7728881835938,724.0499877929688,738.4000244140625,721.8499755859375,737.0,1088115
2022-04-25,BHARATFORG,678.0272216796875,701.5499877929688,727.8499755859375,698.9500122070312,718.5,1354015
2022-04-26,BHARATFORG,703.9769897460938,728.4000244140625,731.4500122070312,709.4000244140625,709.5,1434098
2022-04-27,BHARATFORG,690.7363891601562,714.7000122070312,725.5499877929688,710.0,720.0999755859375,1054075
2022-04-28,BHARATFORG,696.4869384765625,720.6500244140625,725.0,706.9000244140625,725.0,876171
2022-04-29,BHARATFORG,678.2206420898438,701.75,729.2000122070312,698.7999877929688,729.2000122070312,1054623
2022-05-02,BHARATFORG,655.7018432617188,678.4500122070312,690.4500122070312,674.0999755859375,687.5999755859375,1339651
2022-05-04,BHARATFORG,649.1298828125,671.6500244140625,695.1500244140625,665.5999755859375,679.0,1556102
2022-05-05,BHARATFORG,654.3004150390625,677.0,691.75,674.0,676.6500244140625,457345
2022-05-06,BHARATFORG,636.4207763671875,658.5,670.0,651.5999755859375,660.0,1231990
2022-05-09,BHARATFORG,615.9315795898438,637.2999877929688,656.5,627.9500122070312,653.0999755859375,1855922
2022-05-10,BHARATFORG,610.3258666992188,631.5,649.0999755859375,630.0,637.7999877929688,968280
2022-05-11,BHARATFORG,608.39306640625,629.5,638.1500244140625,623.5499877929688,634.0,1294267
2022-05-12,BHARATFORG,583.7481079101562,604.0,631.8499755859375,597.0,624.0,1626401
2022-05-13,BHARATFORG,607.9581298828125,629.0499877929688,651.7000122070312,611.1500244140625,611.5,2123113
2022-05-16,BHARATFORG,639.2235717773438,661.4000244140625,669.9000244140625,624.2000122070312,624.2000122070312,3467849
2022-05-17,BHARATFORG,655.4119262695312,678.1500244140625,680.5,647.1500244140625,647.2000122070312,2243124
2022-05-18,BHARATFORG,667.3960571289062,690.5499877929688,700.0,678.7000122070312,686.0,1798987
2022-05-19,BHARATFORG,639.2235717773438,661.4000244140625,684.4500122070312,651.2999877929688,680.0,1202929
2022-05-20,BHARATFORG,651.5944213867188,674.2000122070312,690.5499877929688,670.0999755859375,675.0,1095756
2022-05-23,BHARATFORG,667.4443969726562,690.5999755859375,698.4500122070312,678.0499877929688,680.0,1589614
2022-05-24,BHARATFORG,652.6090698242188,675.25,699.0,668.5999755859375,690.0,1139190
2022-05-25,BHARATFORG,642.8961791992188,665.2000122070312,690.0,656.0,679.9500122070312,975233
2022-05-26,BHARATFORG,644.732421875,667.0999755859375,676.2000122070312,653.0,669.0,1024439
2022-05-27,BHARATFORG,650.6279296875,673.2000122070312,680.7999877929688,668.5499877929688,674.0,471460
2022-05-30,BHARATFORG,662.2737426757812,685.25,688.4000244140625,673.5999755859375,679.0,788371
2022-05-31,BHARATFORG,681.2650756835938,704.9000244140625,723.7000122070312,688.8499755859375,698.0,5763035
2022-06-01,BHARATFORG,670.9719848632812,694.25,712.4500122070312,689.0,707.0,1072943
2022-06-02,BHARATFORG,661.8389282226562,684.7999877929688,697.0,675.0,695.0,967421
2022-06-03,BHARATFORG,636.9039916992188,659.0,690.75,657.25,688.0,1188031
2022-06-06,BHARATFORG,627.3359375,649.0999755859375,660.0,640.0999755859375,654.0,1718692
2022-06-07,BHARATFORG,631.5883178710938,653.5,656.0499877929688,639.0,647.7999877929688,1486747
2022-06-08,BHARATFORG,641.5913696289062,663.8499755859375,666.0,643.2000122070312,655.0,1348733
2022-06-09,BHARATFORG,656.4267578125,679.2000122070312,685.5499877929688,655.0499877929688,661.0499877929688,1343002
2022-06-10,BHARATFORG,653.9138793945312,676.5999755859375,680.0,665.5499877929688,674.7000122070312,734112
2022-06-13,BHARATFORG,636.807373046875,658.9000244140625,669.8499755859375,649.5,665.0,2008760
2022-06-14,BHARATFORG,627.3359375,649.0999755859375,665.0,645.25,654.4000244140625,1712813
2022-06-15,BHARATFORG,631.6366577148438,653.5499877929688,657.9500122070312,642.25,653.4500122070312,771115
2022-06-16,BHARATFORG,611.9690551757812,633.2000122070312,665.5999755859375,630.0,660.0,1438872
2022-06-17,BHARATFORG,612.8388061523438,634.0999755859375,643.9500122070312,625.9000244140625,628.5999755859375,1386139
2022-06-20,BHARATFORG,602.0145263671875,622.9000244140625,634.4000244140625,615.0,634.0999755859375,921751
2022-06-21,BHARATFORG,625.1613159179688,646.8499755859375,651.0,623.5,629.0,940086
2022-06-22,BHARATFORG,616.2698364257812,637.6500244140625,645.9500122070312,631.5499877929688,645.9500122070312,675173
2022-06-23,BHARATFORG,629.4620971679688,651.2999877929688,655.9000244140625,633.0,639.5,992371
2022-06-24,BHARATFORG,623.5184326171875,645.1500244140625,660.4000244140625,643.7000122070312,654.75,1051323
2022-06-27,BHARATFORG,625.7412719726562,647.4500122070312,657.0,645.1500244140625,656.9500122070312,1787237
2022-06-28,BHARATFORG,636.662353515625,658.75,661.3499755859375,641.2999877929688,645.0,1555945
2022-06-29,BHARATFORG,633.5696411132812,655.5499877929688,658.0499877929688,644.3499755859375,652.0,1214583
2022-06-30,BHARATFORG,629.9453125,651.7999877929688,659.9500122070312,645.1500244140625,653.5499877929688,2548802
2022-07-01,BHARATFORG,624.1465454101562,645.7999877929688,649.3499755859375,635.0,645.1500244140625,650298
2022-07-04,BHARATFORG,627.6258544921875,649.4000244140625,654.9500122070312,638.0999755859375,648.0,657612
2022-07-05,BHARATFORG,635.5509033203125,657.5999755859375,662.8499755859375,648.5499877929688,654.75,1138202
2022-07-06,BHARATFORG,634.4879150390625,656.5,663.0,651.25,659.0,655634
2022-07-07,BHARATFORG,642.557861328125,664.8499755859375,677.7999877929688,659.2000122070312,659.2000122070312,1401791
2022-07-08,BHARATFORG,646.2304077148438,668.6500244140625,675.4000244140625,665.0,669.0,1048845
2022-07-11,BHARATFORG,633.2313842773438,655.2000122070312,671.5999755859375,649.5499877929688,666.0,1171380
2022-07-12,BHARATFORG,611.8724365234375,633.0999755859375,656.1500244140625,630.0,656.0,1206735
2022-07-13,BHARATFORG,616.99462890625,638.4000244140625,641.75,631.5999755859375,633.1500244140625,883658
2022-07-14,BHARATFORG,642.7313842773438,659.2999877929688,664.5,633.0,636.5499877929688,2475429
2022-07-15,BHARATFORG,626.3534545898438,642.5,658.5999755859375,640.8499755859375,655.2000122070312,1232480
2022-07-18,BHARATFORG,639.0755004882812,655.5499877929688,661.7999877929688,646.4000244140625,647.0,517785
2022-07-19,BHARATFORG,651.7975463867188,668.5999755859375,669.8499755859375,652.0,654.7999877929688,1212124
2022-07-20,BHARATFORG,664.9094848632812,682.0499877929688,693.0,671.5,679.0999755859375,2197339
2022-07-21,BHARATFORG,670.8561401367188,688.1500244140625,691.0,681.8499755859375,684.7999877929688,1398681
2022-07-22,BHARATFORG,688.8425903320312,706.5999755859375,714.9000244140625,691.0,693.7999877929688,4168816
2022-07-25,BHARATFORG,687.5265502929688,705.25,716.2000122070312,696.8499755859375,704.9500122070312,1522712
2022-07-26,BHARATFORG,686.356689453125,704.0499877929688,709.2999877929688,693.6500244140625,701.25,1263196
2022-07-27,BHARATFORG,696.0078735351562,713.9500122070312,714.8499755859375,701.0499877929688,702.0,1441206
2022-07-28,BHARATFORG,712.3857421875,730.75,737.5,713.5,713.5,2329846
2022-07-29,BHARATFORG,714.5791015625,733.0,742.5,731.3499755859375,737.2000122070312,1300749
2022-08-01,BHARATFORG,731.2493286132812,750.0999755859375,752.2000122070312,733.0,733.0,1597850
2022-08-02,BHARATFORG,733.004150390625,751.9000244140625,756.6500244140625,741.8499755859375,747.0,1353677
2022-08-03,BHARATFORG,708.5836791992188,726.8499755859375,746.75,716.5999755859375,746.75,1987237
2022-08-04,BHARATFORG,692.7908325195312,710.6500244140625,732.0,700.0999755859375,727.0,1819561
2022-08-05,BHARATFORG,688.6475830078125,706.4000244140625,716.5,703.5,711.2000122070312,940681
2022-08-08,BHARATFORG,694.5455932617188,712.4500122070312,713.6500244140625,703.5,709.0,919501
2022-08-10,BHARATFORG,696.6903076171875,714.6500244140625,720.2000122070312,710.0,715.0,1074813
2022-08-11,BHARATFORG,717.4061889648438,735.9000244140625,740.7000122070312,715.5999755859375,720.0,3518498
2022-08-12,BHARATFORG,770.3417358398438,790.2000122070312,798.0,750.0,750.0,11297733
2022-08-16,BHARATFORG,759.4230346679688,779.0,799.2000122070312,777.2999877929688,797.0,2050237
2022-08-17,BHARATFORG,744.4588623046875,763.6500244140625,787.0,761.5499877929688,781.0,1316850
2022-08-18,BHARATFORG,731.1030883789062,749.9500122070312,768.6500244140625,747.4000244140625,765.0,2067453
2022-08-19,BHARATFORG,717.5037231445312,736.0,757.1500244140625,732.3499755859375,755.0,1544351
2022-08-22,BHARATFORG,702.9781494140625,721.0999755859375,733.0,718.0999755859375,733.0,1080828
2022-08-23,BHARATFORG,719.3560180664062,737.9000244140625,741.7000122070312,718.25,721.0999755859375,1627890
2022-08-24,BHARATFORG,715.261474609375,733.7000122070312,737.9000244140625,724.2999877929688,737.9000244140625,746398
2022-08-25,BHARATFORG,708.09619140625,726.3499755859375,738.5999755859375,724.5499877929688,734.9500122070312,810543
2022-08-26,BHARATFORG,714.3840942382812,732.7999877929688,740.0,730.0,735.2999877929688,722599
2022-08-29,BHARATFORG,704.879150390625,723.0499877929688,726.4000244140625,710.4500122070312,719.7000122070312,1171405
2022-08-30,BHARATFORG,722.2318115234375,740.8499755859375,744.4000244140625,725.5,725.5499877929688,1585747
2022-09-01,BHARATFORG,732.711669921875,751.5999755859375,753.9000244140625,732.5,737.0,1457864
2022-09-02,BHARATFORG,747.4322509765625,766.7000122070312,769.0,748.2000122070312,750.5,2036208
2022-09-05,BHARATFORG,748.4071044921875,767.7000122070312,784.8499755859375,762.2999877929688,776.5,2608302
2022-09-06,BHARATFORG,757.2296752929688,776.75,779.9000244140625,768.0999755859375,770.0499877929688,1255892
2022-09-07,BHARATFORG,746.2136840820312,765.4500122070312,773.0,749.4000244140625,773.0,2868201
2022-09-08,BHARATFORG,746.2136840820312,765.4500122070312,780.0,760.6500244140625,769.0,1098505
2022-09-09,BHARATFORG,767.8557739257812,787.6500244140625,792.5,766.0,768.0,2406973
2022-09-12,BHARATFORG,765.272216796875,785.0,801.1500244140625,784.0499877929688,793.7000122070312,1551719
2022-09-13,BHARATFORG,767.270751953125,787.0499877929688,793.5,783.5999755859375,788.9500122070312,788139
2022-09-14,BHARATFORG,758.886962890625,778.4500122070312,787.5,768.0,771.9500122070312,739366
2022-09-15,BHARATFORG,765.0286865234375,784.75,788.7999877929688,773.4000244140625,781.0,639751
2022-09-16,BHARATFORG,727.057373046875,745.7999877929688,787.9000244140625,736.7999877929688,787.9000244140625,1937270
2022-09-19,BHARATFORG,717.9912109375,736.5,751.4000244140625,734.0999755859375,749.5499877929688,1180189
2022-09-20,BHARATFORG,750.113037109375,769.4500122070312,772.7000122070312,743.1500244140625,743.9000244140625,1513887
2022-09-21,BHARATFORG,747.627197265625,766.9000244140625,784.0,762.4500122070312,770.9500122070312,1478319
2022-09-22,BHARATFORG,761.9089965820312,781.5499877929688,785.8499755859375,757.5499877929688,763.0,1355130
2022-09-23,BHARATFORG,728.3248291015625,747.0999755859375,783.9000244140625,744.8499755859375,782.9000244140625,1205048
2022-09-26,BHARATFORG,705.707763671875,723.9000244140625,744.0,708.0999755859375,744.0,1093066
2022-09-27,BHARATFORG,685.771728515625,703.4500122070312,731.9000244140625,700.0,727.5499877929688,3483488
2022-09-28,BHARATFORG,676.7542114257812,694.2000122070312,707.7999877929688,685.5499877929688,695.0,1508897
2022-09-29,BHARATFORG,669.442626953125,686.7000122070312,706.0,677.3499755859375,697.0,1939514
2022-09-30,BHARATFORG,678.0214233398438,695.5,702.9000244140625,680.4000244140625,685.1500244140625,1321666
2022-10-03,BHARATFORG,674.4632568359375,691.8499755859375,702.0999755859375,683.0,697.4000244140625,1370936
2022-10-04,BHARATFORG,689.2324829101562,707.0,713.9500122070312,695.0999755859375,705.0,907951
2022-10-06,BHARATFORG,744.70263671875,763.9000244140625,773.0,722.5,722.5,6396270
2022-10-07,BHARATFORG,748.0658569335938,767.3499755859375,772.0,755.0499877929688,760.0,1933521
2022-10-10,BHARATFORG,758.5944213867188,778.1500244140625,781.4000244140625,753.1500244140625,764.0,2064561
2022-10-11,BHARATFORG,754.695068359375,774.1500244140625,785.9000244140625,768.5499877929688,784.6500244140625,1389766
2022-10-12,BHARATFORG,745.3849487304688,764.5999755859375,779.75,750.0499877929688,774.2000122070312,807532
2022-10-13,BHARATFORG,729.4458618164062,748.25,766.7000122070312,745.3499755859375,765.6500244140625,811464
2022-10-14,BHARATFORG,729.0071411132812,747.7999877929688,766.7999877929688,744.0999755859375,760.0,643056
2022-10-17,BHARATFORG,753.3789672851562,772.7999877929688,776.0,742.0999755859375,747.5,1768267
2022-10-18,BHARATFORG,757.7658081054688,777.2999877929688,787.75,771.4000244140625,776.7000122070312,2248106
2022-10-19,BHARATFORG,761.5191040039062,781.1500244140625,798.0,774.2999877929688,781.0999755859375,2075839
2022-10-20,BHARATFORG,769.1717529296875,789.0,790.0,770.7999877929688,777.9500122070312,1458841
2022-10-21,BHARATFORG,758.6431884765625,778.2000122070312,794.2999877929688,772.4000244140625,789.0,1062437
2022-10-24,BHARATFORG,766.5883178710938,786.3499755859375,788.7000122070312,781.0499877929688,781.0499877929688,191350
2022-10-25,BHARATFORG,786.3782348632812,806.6500244140625,812.7999877929688,775.3499755859375,789.7999877929688,3021828
2022-10-27,BHARATFORG,800.5626831054688,821.2000122070312,829.9500122070312,810.5,815.0,2921733
2022-10-28,BHARATFORG,812.2123413085938,833.1500244140625,836.7000122070312,822.2000122070312,826.3499755859375,2998664
2022-10-31,BHARATFORG,813.23583984375,834.2000122070312,847.0,825.5499877929688,839.9500122070312,1805765
2022-11-01,BHARATFORG,829.3212280273438,850.7000122070312,853.0,832.5499877929688,834.2000122070312,1860855
2022-11-02,BHARATFORG,825.9091186523438,847.2000122070312,865.0,844.0999755859375,849.0,1816118
2022-11-03,BHARATFORG,835.6578979492188,857.2000122070312,871.9000244140625,851.0499877929688,853.0,2739843
2022-11-04,BHARATFORG,833.4157104492188,854.9000244140625,861.7000122070312,846.0999755859375,858.0,928799
2022-11-07,BHARATFORG,853.4979248046875,875.5,877.4000244140625,854.6500244140625,856.2999877929688,1243388
2022-11-09,BHARATFORG,856.9100952148438,879.0,890.0,873.0,876.1500244140625,2484874
2022-11-10,BHARATFORG,858.27490234375,880.4000244140625,887.0,870.0,881.7999877929688,1108075
2022-11-11,BHARATFORG,864.6602172851562,886.9500122070312,896.7000122070312,884.25,888.5499877929688,1364047
2022-11-14,BHARATFORG,837.6563110351562,859.25,891.9000244140625,842.4000244140625,889.0,3132699
2022-11-15,BHARATFORG,831.6121215820312,853.0499877929688,859.1500244140625,839.5,840.0,1561020
2022-11-16,BHARATFORG,817.7202758789062,838.7999877929688,852.9500122070312,830.0999755859375,852.0,1569160
2022-11-17,BHARATFORG,816.4042358398438,837.4500122070312,848.9500122070312,831.2999877929688,835.2999877929688,1117392
2022-11-18,BHARATFORG,815.673095703125,836.7000122070312,841.5,827.0,839.7999877929688,758344
2022-11-21,BHARATFORG,806.070556640625,826.8499755859375,833.75,816.0,833.75,1355380
2022-11-22,BHARATFORG,817.9152221679688,839.0,843.25,821.0,826.7999877929688,1053580
2022-11-23,BHARATFORG,822.7896118164062,844.0,848.7999877929688,838.2999877929688,843.0,916467
2022-11-24,BHARATFORG,824.1080322265625,843.8499755859375,847.2000122070312,839.7999877929688,843.0,798206
2022-11-25,BHARATFORG,827.233154296875,847.0499877929688,849.9000244140625,837.6500244140625,843.7000122070312,815980
2022-11-28,BHARATFORG,838.952392578125,859.0499877929688,861.0999755859375,847.0499877929688,847.0499877929688,1026517
2022-11-29,BHARATFORG,828.8933715820312,848.75,866.1500244140625,846.0,861.7999877929688,1039792
2022-11-30,BHARATFORG,839.440673828125,859.5499877929688,863.7999877929688,848.0,848.75,1443604
2022-12-01,BHARATFORG,828.8933715820312,848.75,863.25,844.0,860.4500122070312,926801
2022-12-02,BHARATFORG,834.9483032226562,854.9500122070312,856.9000244140625,839.0,848.75,974544
2022-12-05,BHARATFORG,827.6238403320312,847.4500122070312,859.4000244140625,845.0999755859375,855.4500122070312,792068
2022-12-06,BHARATFORG,821.4223022460938,841.0999755859375,845.7999877929688,834.25,840.75,1357304
2022-12-07,BHARATFORG,817.4671020507812,837.0499877929688,845.3499755859375,833.6500244140625,842.9000244140625,654168
2022-12-08,BHARATFORG,850.9646606445312,871.3499755859375,878.4500122070312,834.0,839.0,2618796
2022-12-09,BHARATFORG,837.3410034179688,857.4000244140625,880.0,848.0,873.2000122070312,1025490
2022-12-12,BHARATFORG,848.9138793945312,869.25,875.5499877929688,852.75,869.5,1855409
2022-12-13,BHARATFORG,868.6412353515625,889.4500122070312,902.0,870.0,873.9500122070312,2384699
2022-12-14,BHARATFORG,887.3920288085938,908.6500244140625,911.0,888.0,894.9500122070312,2285450
2022-12-15,BHARATFORG,878.2119750976562,899.25,919.4500122070312,892.5499877929688,910.0999755859375,2009684
2022-12-16,BHARATFORG,861.5120239257812,882.1500244140625,893.8499755859375,867.4000244140625,893.0,1872329
2022-12-19,BHARATFORG,865.56494140625,886.2999877929688,888.5499877929688,863.25,885.0,1420325
2022-12-20,BHARATFORG,876.0634155273438,897.0499877929688,900.0,875.0499877929688,884.8499755859375,1218798
2022-12-21,BHARATFORG,852.771240234375,873.2000122070312,905.0,868.0,899.9500122070312,1554591
2022-12-22,BHARATFORG,838.5128784179688,858.5999755859375,884.2999877929688,853.0499877929688,880.0,1365071
2022-12-23,BHARATFORG,822.6919555664062,842.4000244140625,859.7000122070312,827.4000244140625,857.9500122070312,2265831
2022-12-26,BHARATFORG,855.3104858398438,875.7999877929688,880.9000244140625,833.25,843.7999877929688,1300649
2022-12-27,BHARATFORG,852.3806762695312,872.7999877929688,886.4000244140625,867.0,878.25,1025722
2022-12-28,BHARATFORG,853.2596435546875,873.7000122070312,881.9000244140625,867.0999755859375,872.9500122070312,803964
2022-12-29,BHARATFORG,857.4590454101562,878.0,881.0,858.5499877929688,870.0,909834
2022-12-30,BHARATFORG,859.2658081054688,879.8499755859375,885.0,873.0999755859375,882.0,599455
2023-01-02,BHARATFORG,863.3675537109375,884.0499877929688,891.8499755859375,878.4000244140625,883.0,718239
2023-01-03,BHARATFORG,858.2892456054688,878.8499755859375,888.7000122070312,875.0,885.8499755859375,473048
2023-01-04,BHARATFORG,840.6126098632812,860.75,881.0,859.2000122070312,880.0,1287231
2023-01-05,BHARATFORG,859.1192626953125,879.7000122070312,881.75,855.4000244140625,863.0,1022049
2023-01-06,BHARATFORG,849.1578979492188,869.5,884.0,865.3499755859375,879.0,477770
2023-01-09,BHARATFORG,861.804931640625,882.4500122070312,885.2000122070312,871.0,875.0,402350
2023-01-10,BHARATFORG,862.5862426757812,883.25,887.9500122070312,876.5499877929688,886.2999877929688,550315
2023-01-11,BHARATFORG,845.5933227539062,865.8499755859375,890.4000244140625,860.0,884.0,1336137
2023-01-12,BHARATFORG,852.9179077148438,873.3499755859375,879.9000244140625,868.4500122070312,870.4000244140625,564899
2023-01-13,BHARATFORG,853.015625,873.4500122070312,878.0,864.2999877929688,876.0,581572
2023-01-16,BHARATFORG,841.100830078125,861.25,879.9000244140625,857.3499755859375,873.0,722718
2023-01-17,BHARATFORG,844.81201171875,865.0499877929688,868.9000244140625,859.0,862.0,955031
2023-01-18,BHARATFORG,852.3319091796875,872.75,875.5,860.2999877929688,865.0,553751
2023-01-19,BHARATFORG,853.89453125,874.3499755859375,878.5,865.25,872.8499755859375,415181
2023-01-20,BHARATFORG,841.1985473632812,861.3499755859375,882.3499755859375,860.0,874.3499755859375,956488
2023-01-23,BHARATFORG,858.6798095703125,879.25,881.4500122070312,864.0499877929688,866.0,799262
2023-01-24,BHARATFORG,850.0856323242188,870.4500122070312,884.0,865.5499877929688,882.0,527017
2023-01-25,BHARATFORG,842.4681396484375,862.6500244140625,869.9000244140625,849.0,869.9000244140625,795188
2023-01-27,BHARATFORG,835.1436157226562,855.1500244140625,873.0,839.5999755859375,866.0,1391478
2023-01-30,BHARATFORG,844.86083984375,865.0999755859375,869.8499755859375,850.1500244140625,855.0999755859375,542054
2023-01-31,BHARATFORG,853.6503295898438,874.0999755859375,884.0,864.5,867.0,1355161
2023-02-01,BHARATFORG,847.8394775390625,868.1500244140625,903.7999877929688,845.0499877929688,884.8499755859375,1510298
2023-02-02,BHARATFORG,850.7203979492188,871.0999755859375,884.2999877929688,860.0499877929688,862.0,904253
2023-02-03,BHARATFORG,847.2534790039062,867.5499877929688,884.4500122070312,852.1500244140625,872.0,1069217
2023-02-06,BHARATFORG,855.359375,875.8499755859375,884.0,863.0,875.0,680364
2023-02-07,BHARATFORG,845.8862915039062,866.1500244140625,878.9000244140625,859.2000122070312,878.0,646067
2023-02-08,BHARATFORG,846.13037109375,866.4000244140625,869.1500244140625,858.5499877929688,868.0,586262
2023-02-09,BHARATFORG,849.2067260742188,869.5499877929688,874.9000244140625,863.0,864.5,560265
2023-02-10,BHARATFORG,862.342041015625,883.0,885.0,865.1500244140625,869.5499877929688,623404
2023-02-13,BHARATFORG,869.2271118164062,890.0499877929688,910.0,886.0,887.9500122070312,2309490
2023-02-14,BHARATFORG,853.0643310546875,873.5,903.7000122070312,858.5999755859375,890.0,3793347
2023-02-15,BHARATFORG,816.148681640625,835.7000122070312,857.0,811.6500244140625,850.0,5995432
2023-02-16,BHARATFORG,835.9249267578125,855.9500122070312,874.2000122070312,835.0,837.0,2868392
2023-02-17,BHARATFORG,842.2240600585938,862.4000244140625,866.0,847.9500122070312,858.0,1692410
2023-02-20,BHARATFORG,840.2219848632812,860.3499755859375,874.2999877929688,856.0499877929688,865.8499755859375,895226
2023-02-21,BHARATFORG,834.8017578125,854.7999877929688,871.0,852.8499755859375,865.5999755859375,1381249
2023-02-22,BHARATFORG,822.20361328125,841.9000244140625,862.1500244140625,837.0499877929688,854.5999755859375,977266
2023-02-23,BHARATFORG,810.7285766601562,830.1500244140625,843.75,818.9000244140625,843.75,2341872
2023-02-24,BHARATFORG,809.5565185546875,828.9500122070312,837.5999755859375,823.5499877929688,836.9000244140625,1096876
2023-02-27,BHARATFORG,802.5739135742188,821.7999877929688,829.4000244140625,813.0,824.0,1144982
2023-02-28,BHARATFORG,796.9094848632812,816.0,826.8499755859375,812.8499755859375,821.9500122070312,1104103
2023-03-01,BHARATFORG,804.7713012695312,824.0499877929688,827.9500122070312,815.0499877929688,817.0,732485
2023-03-02,BHARATFORG,813.8048706054688,833.2999877929688,836.9000244140625,821.4500122070312,829.0,1262632
2023-03-03,BHARATFORG,805.747802734375,825.0499877929688,844.9500122070312,814.5,844.9500122070312,1475015
2023-03-06,BHARATFORG,808.5311889648438,827.9000244140625,834.5,826.0,828.9000244140625,440453
2023-03-08,BHARATFORG,815.0255737304688,834.5499877929688,836.1500244140625,819.5499877929688,827.9000244140625,483070
2023-03-09,BHARATFORG,805.894287109375,825.2000122070312,845.0,822.9000244140625,844.0,1183815
2023-03-10,BHARATFORG,801.6949462890625,820.9000244140625,823.5499877929688,814.2999877929688,822.0,618539
2023-03-13,BHARATFORG,777.32861328125,795.9500122070312,824.7999877929688,792.0,820.9000244140625,1325529
2023-03-14,BHARATFORG,769.0275268554688,787.4500122070312,795.0,780.0,795.0,1194923
2023-03-15,BHARATFORG,774.3988037109375,792.9500122070312,808.7000122070312,790.5,790.5,812807
2023-03-16,BHARATFORG,770.0528564453125,788.5,794.6500244140625,776.0999755859375,794.0999755859375,960790
2023-03-17,BHARATFORG,781.967529296875,800.7000122070312,826.2999877929688,793.0999755859375,806.9500122070312,1760495
2023-03-20,BHARATFORG,769.3692626953125,787.7999877929688,807.0,779.0499877929688,805.0,1055771
2023-03-21,BHARATFORG,759.847412109375,778.0499877929688,790.2000122070312,770.1500244140625,788.5499877929688,825685
2023-03-22,BHARATFORG,764.095703125,782.4000244140625,793.2000122070312,780.5,785.0,425557
2023-03-23,BHARATFORG,752.0833129882812,770.0999755859375,782.0999755859375,766.9500122070312,782.0999755859375,776317
2023-03-24,BHARATFORG,746.9073486328125,764.7999877929688,773.6500244140625,761.0,770.0999755859375,490579
2023-03-27,BHARATFORG,739.4364013671875,757.1500244140625,769.5,754.75,765.0,588990
2023-03-28,BHARATFORG,732.6490478515625,750.2000122070312,760.0,747.75,760.0,607955
2023-03-29,BHARATFORG,739.5828247070312,757.2999877929688,760.0,745.4000244140625,750.2000122070312,1341232
2023-03-31,BHARATFORG,752.4252319335938,770.4500122070312,772.0,758.0,758.0,613531
2023-04-03,BHARATFORG,753.1576538085938,771.2000122070312,784.5999755859375,768.9000244140625,780.75,1059247
2023-04-05,BHARATFORG,740.5595092773438,758.2999877929688,763.6500244140625,747.0499877929688,760.0,2446994
2023-04-06,BHARATFORG,744.5635375976562,762.4000244140625,765.0,752.1500244140625,758.0999755859375,1153433
2023-04-10,BHARATFORG,738.7527465820312,756.4500122070312,762.9000244140625,743.5499877929688,762.9000244140625,1153620
2023-04-11,BHARATFORG,746.1260375976562,764.0,765.2000122070312,755.5,760.0,653069
2023-04-12,BHARATFORG,751.1067504882812,769.0999755859375,776.5,763.0,766.0,1952959
2023-04-13,BHARATFORG,746.5655517578125,764.4500122070312,770.5,761.0,770.5,1017640
2023-04-17,BHARATFORG,759.7496948242188,777.9500122070312,779.4000244140625,759.5499877929688,768.75,865797
2023-04-18,BHARATFORG,770.8341674804688,789.2999877929688,793.0,772.8499755859375,780.0,1349083
2023-04-19,BHARATFORG,762.2888793945312,780.5499877929688,793.7999877929688,776.0499877929688,793.7999877929688,885865
2023-04-20,BHARATFORG,769.2228393554688,787.6500244140625,791.0,776.0,780.6500244140625,739652
2023-04-21,BHARATFORG,764.4374389648438,782.75,787.5999755859375,775.5499877929688,787.5999755859375,691874
2023-04-24,BHARATFORG,772.201416015625,790.7000122070312,791.5999755859375,776.0999755859375,777.7000122070312,749433
2023-04-25,BHARATFORG,765.9512329101562,784.2999877929688,790.5999755859375,779.4000244140625,790.5999755859375,909544
2023-04-26,BHARATFORG,773.5198364257812,792.0499877929688,793.5,780.7000122070312,783.0,643599
2023-04-27,BHARATFORG,772.543212890625,791.0499877929688,797.9500122070312,788.0499877929688,791.0,881296
2023-04-28,BHARATFORG,782.6022338867188,801.3499755859375,803.7999877929688,789.5,791.0,906746
2023-05-02,BHARATFORG,780.9909057617188,799.7000122070312,808.4500122070312,798.0,803.2999877929688,1356601
2023-05-03,BHARATFORG,766.48828125,784.8499755859375,797.0,782.0999755859375,797.0,1399263
2023-05-04,BHARATFORG,756.9176025390625,775.0499877929688,789.5,773.8499755859375,787.9000244140625,1306888
2023-05-05,BHARATFORG,742.4637451171875,760.25,785.2000122070312,748.4000244140625,774.9000244140625,3963420
2023-05-08,BHARATFORG,760.0916137695312,778.2999877929688,784.0,767.3499755859375,767.3499755859375,2222652
2023-05-09,BHARATFORG,755.98974609375,774.0999755859375,786.7000122070312,772.5,780.0,841271
2023-05-10,BHARATFORG,758.0895385742188,776.25,779.9000244140625,772.6500244140625,775.0,810393
2023-05-11,BHARATFORG,759.993896484375,778.2000122070312,782.9000244140625,773.5,776.5999755859375,735837
2023-05-12,BHARATFORG,739.826904296875,757.5499877929688,781.0,755.4000244140625,780.0,1888833
2023-05-15,BHARATFORG,748.8117065429688,766.75,770.0,757.0,758.9000244140625,1888769
2023-05-16,BHARATFORG,751.3021240234375,769.2999877929688,773.7999877929688,764.0,770.0,1204503
2023-05-17,BHARATFORG,758.6754150390625,776.8499755859375,778.9000244140625,763.3499755859375,769.2999877929688,699753
2023-05-18,BHARATFORG,747.542236328125,765.4500122070312,784.0,762.3499755859375,780.0,796524
2023-05-19,BHARATFORG,739.5828247070312,757.2999877929688,768.0,752.8499755859375,768.0,1096316
2023-05-22,BHARATFORG,742.5615234375,760.3499755859375,763.5,756.0499877929688,758.0999755859375,439329
2023-05-23,BHARATFORG,750.8138427734375,768.7999877929688,772.9500122070312,756.2000122070312,762.0,739813
2023-05-24,BHARATFORG,744.3194580078125,762.1500244140625,768.9000244140625,760.2999877929688,768.7999877929688,950395
2023-05-25,BHARATFORG,739.7293701171875,757.4500122070312,765.0,754.0499877929688,762.5,860993
2023-05-26,BHARATFORG,749.495361328125,767.4500122070312,768.5999755859375,756.0,758.2000122070312,924717
2023-05-29,BHARATFORG,768.7832641601562,787.2000122070312,789.0,766.2999877929688,774.0,1359781
2023-05-30,BHARATFORG,763.7538452148438,782.0499877929688,793.5,780.1500244140625,791.5499877929688,1542396
2023-05-31,BHARATFORG,772.7874145507812,791.2999877929688,793.9000244140625,776.8499755859375,782.0999755859375,1354337
2023-06-01,BHARATFORG,778.4028930664062,797.0499877929688,799.4000244140625,786.25,791.4500122070312,1065254
2023-06-02,BHARATFORG,770.4923706054688,788.9500122070312,801.7000122070312,785.5999755859375,799.0999755859375,1249805
2023-06-05,BHARATFORG,779.6724243164062,798.3499755859375,804.5499877929688,792.4000244140625,798.2000122070312,1708483
2023-06-06,BHARATFORG,783.7254028320312,802.5,804.0499877929688,796.4500122070312,799.0999755859375,730992
2023-06-07,BHARATFORG,789.5361938476562,808.4500122070312,810.4000244140625,799.0499877929688,803.0,992533
2023-06-08,BHARATFORG,798.8628540039062,818.0,830.0,810.5,812.0,1857339
2023-06-09,BHARATFORG,796.5188598632812,815.5999755859375,821.6500244140625,812.0,820.0,577794
2023-06-12,BHARATFORG,805.6502685546875,824.9500122070312,826.0,814.2999877929688,817.5499877929688,931494
2023-06-13,BHARATFORG,810.1912841796875,829.5999755859375,831.8499755859375,822.5999755859375,827.4000244140625,725398
2023-06-14,BHARATFORG,808.6287841796875,828.0,831.9000244140625,822.1500244140625,830.75,346936
2023-06-15,BHARATFORG,803.5992431640625,822.8499755859375,832.0,820.25,828.1500244140625,506666
2023-06-16,BHARATFORG,818.2484130859375,837.8499755859375,841.7000122070312,824.3499755859375,824.4000244140625,1044724
2023-06-19,BHARATFORG,806.2360229492188,825.5499877929688,845.7000122070312,822.9500122070312,837.9500122070312,1579210
2023-06-20,BHARATFORG,798.47216796875,817.5999755859375,828.7999877929688,812.1500244140625,827.0,1690477
2023-06-21,BHARATFORG,794.760986328125,813.7999877929688,824.0,809.5499877929688,821.9000244140625,1120347
2023-06-22,BHARATFORG,795.8841552734375,814.9500122070312,827.6500244140625,811.2999877929688,817.4500122070312,794796
2023-06-23,BHARATFORG,788.1201171875,807.0,818.7000122070312,801.6500244140625,816.7999877929688,522363
2023-06-26,BHARATFORG,796.2258911132812,815.2999877929688,818.9000244140625,799.7999877929688,807.1500244140625,767301
2023-06-27,BHARATFORG,800.57177734375,819.75,823.75,811.0,819.9500122070312,578957
2023-06-28,BHARATFORG,797.54443359375,816.6500244140625,823.4000244140625,813.5,820.0,568288
2023-06-30,BHARATFORG,817.2228393554688,836.7999877929688,843.0,817.0,817.0,1418152
2023-07-03,BHARATFORG,820.93408203125,840.5999755859375,843.9500122070312,832.0499877929688,843.9500122070312,700921
2023-07-04,BHARATFORG,817.515869140625,837.0999755859375,846.7999877929688,833.0,843.0,511943
2023-07-05,BHARATFORG,834.8017578125,854.7999877929688,857.7000122070312,832.2000122070312,837.0,1489107
2023-07-06,BHARATFORG,835.3877563476562,855.4000244140625,859.25,849.0,859.0,758345
2023-07-07,BHARATFORG,828.5565185546875,842.9500122070312,854.25,839.0,852.0,1019335
2023-07-10,BHARATFORG,836.7147216796875,851.25,854.7999877929688,839.5,843.2000122070312,739590
2023-07-11,BHARATFORG,838.5823364257812,853.1500244140625,862.9000244140625,850.0999755859375,856.4500122070312,718175
2023-07-12,BHARATFORG,839.9584350585938,854.5499877929688,861.7000122070312,851.0499877929688,855.9000244140625,715091
2023-07-13,BHARATFORG,843.4476318359375,858.0999755859375,860.5,850.25,855.0999755859375,918372
2023-07-14,BHARATFORG,852.392333984375,867.2000122070312,869.0,855.3499755859375,865.0,722002
2023-07-17,BHARATFORG,851.5076904296875,866.2999877929688,871.5,862.0999755859375,869.9500122070312,894465
2023-07-18,BHARATFORG,855.5868530273438,870.4500122070312,875.0,863.8499755859375,865.0999755859375,856007
2023-07-19,BHARATFORG,840.9412841796875,855.5499877929688,872.7000122070312,853.0,871.0,1353387
2023-07-20,BHARATFORG,837.0586547851562,851.5999755859375,859.0499877929688,845.25,859.0499877929688,899448
2023-07-21,BHARATFORG,837.599365234375,852.1500244140625,855.4500122070312,844.0,850.4500122070312,473811
2023-07-24,BHARATFORG,837.6485595703125,852.2000122070312,855.0,840.2999877929688,852.0999755859375,687269
2023-07-25,BHARATFORG,852.7364501953125,867.5499877929688,869.0,854.0,858.0,881239
2023-07-26,BHARATFORG,861.4844360351562,876.4500122070312,879.9500122070312,867.0999755859375,870.0,899574
2023-07-27,BHARATFORG,882.37158203125,897.7000122070312,914.25,871.0,880.0,1482538
2023-07-28,BHARATFORG,887.43359375,902.8499755859375,920.9500122070312,897.4500122070312,920.9500122070312,3143050
2023-07-31,BHARATFORG,915.5453491210938,931.4500122070312,935.9500122070312,901.9500122070312,902.0,2257553
2023-08-01,BHARATFORG,917.6094360351562,933.5499877929688,938.2999877929688,922.5,935.0,945998
2023-08-02,BHARATFORG,890.1859130859375,905.6500244140625,934.0499877929688,895.0,934.0,1726166
2023-08-03,BHARATFORG,892.8888549804688,908.4000244140625,912.75,898.9500122070312,900.9000244140625,874836
2023-08-04,BHARATFORG,896.9679565429688,912.5499877929688,919.0999755859375,904.2000122070312,911.0,709770
2023-08-07,BHARATFORG,894.6581420898438,910.2000122070312,927.5499877929688,907.0,913.0,463759
2023-08-08,BHARATFORG,890.2841796875,905.75,912.9000244140625,899.5,910.2000122070312,325241
2023-08-09,BHARATFORG,946.6548461914062,963.0999755859375,975.0,887.2000122070312,905.75,6270873
2023-08-10,BHARATFORG,934.27001953125,950.5,979.6500244140625,946.4500122070312,976.0,2372341
2023-08-11,BHARATFORG,954.8131713867188,971.4000244140625,983.5,947.1500244140625,950.0,1979567
2023-08-14,BHARATFORG,935.203857421875,951.4500122070312,969.5,948.0499877929688,969.5,800530
2023-08-16,BHARATFORG,943.7552490234375,960.1500244140625,967.9000244140625,935.8499755859375,952.0,1435461
2023-08-17,BHARATFORG,939.8726806640625,956.2000122070312,972.4000244140625,952.7999877929688,966.7999877929688,875435
2023-08-18,BHARATFORG,954.1741943359375,970.75,974.0499877929688,950.2999877929688,956.7999877929688,1561756
2023-08-21,BHARATFORG,963.3154907226562,980.0499877929688,991.2999877929688,967.2999877929688,974.9500122070312,2824960
2023-08-22,BHARATFORG,989.5103759765625,1006.7000122070312,1011.2000122070312,982.9000244140625,990.0499877929688,2871799
2023-08-23,BHARATFORG,1018.2119140625,1035.9000244140625,1043.449951171875,1010.0,1011.7999877929688,3273142
2023-08-24,BHARATFORG,1023.5687255859375,1041.3499755859375,1052.0999755859375,1026.9000244140625,1038.0,1863812
2023-08-25,BHARATFORG,1005.2371826171875,1022.7000122070312,1048.0,1020.0,1042.0,1421983
2023-08-28,BHARATFORG,1031.2845458984375,1049.199951171875,1056.800048828125,1023.0499877929688,1025.0,1884969
2023-08-29,BHARATFORG,1051.8277587890625,1070.0999755859375,1076.0,1052.0,1056.0,1751500
2023-08-30,BHARATFORG,1039.0989990234375,1057.1500244140625,1080.8499755859375,1054.300048828125,1073.0,1944316
2023-08-31,BHARATFORG,1052.073486328125,1070.3499755859375,1080.949951171875,1057.6500244140625,1060.0,1758962
2023-09-01,BHARATFORG,1060.3792724609375,1078.800048828125,1080.0999755859375,1055.949951171875,1072.949951171875,890014
2023-09-04,BHARATFORG,1066.7191162109375,1085.25,1096.0,1078.550048828125,1085.0,1903517
2023-09-05,BHARATFORG,1078.66162109375,1097.4000244140625,1099.449951171875,1075.0,1085.0,629423
2023-09-06,BHARATFORG,1080.234375,1099.0,1110.0,1091.550048828125,1101.0,889082
2023-09-07,BHARATFORG,1087.4588623046875,1106.3499755859375,1111.9000244140625,1094.050048828125,1105.0,746876
2023-09-08,BHARATFORG,1086.5250244140625,1105.4000244140625,1110.0,1094.199951171875,1106.949951171875,669736
2023-09-11,BHARATFORG,1096.1575927734375,1115.199951171875,1117.699951171875,1100.0,1107.0999755859375,879928
2023-09-12,BHARATFORG,1056.300048828125,1074.6500244140625,1120.0,1071.300048828125,1117.0,1093620
2023-09-13,BHARATFORG,1062.639892578125,1081.0999755859375,1083.9000244140625,1064.050048828125,1079.75,1051830
2023-09-14,BHARATFORG,1089.27734375,1108.199951171875,1118.3499755859375,1091.0,1100.0,1338948
2023-09-15,BHARATFORG,1115.02978515625,1134.4000244140625,1148.050048828125,1110.199951171875,1130.0,2341714
2023-09-18,BHARATFORG,1102.3994140625,1121.550048828125,1145.0,1117.949951171875,1145.0,824581
2023-09-20,BHARATFORG,1108.98486328125,1128.25,1135.75,1108.6500244140625,1119.9000244140625,967266
2023-09-21,BHARATFORG,1080.0377197265625,1098.800048828125,1143.3499755859375,1092.0,1127.6500244140625,1276809
2023-09-22,BHARATFORG,1072.32177734375,1090.949951171875,1113.949951171875,1087.550048828125,1101.0,860021
2023-09-25,BHARATFORG,1087.3604736328125,1106.25,1110.0,1076.699951171875,1090.949951171875,1424185
2023-09-26,BHARATFORG,1068.7342529296875,1087.300048828125,1115.699951171875,1085.25,1106.199951171875,1029816
2023-09-27,BHARATFORG,1071.0931396484375,1089.699951171875,1094.699951171875,1080.25,1087.300048828125,808201
2023-09-28,BHARATFORG,1065.146484375,1083.6500244140625,1096.8499755859375,1076.8499755859375,1092.25,1353886
2023-09-29,BHARATFORG,1072.960693359375,1091.5999755859375,1100.949951171875,1081.300048828125,1094.800048828125,907502
2023-10-03,BHARATFORG,1065.1954345703125,1083.699951171875,1090.949951171875,1073.0,1090.949951171875,545460
2023-10-04,BHARATFORG,1042.7847900390625,1060.9000244140625,1080.9000244140625,1051.800048828125,1080.800048828125,788586
2023-10-05,BHARATFORG,1051.58203125,1069.8499755859375,1077.050048828125,1062.699951171875,1070.0,464238
2023-10-06,BHARATFORG,1073.2557373046875,1091.9000244140625,1094.699951171875,1072.0,1072.0,993174
2023-10-09,BHARATFORG,1065.83447265625,1084.3499755859375,1089.949951171875,1073.6500244140625,1089.949951171875,493176
2023-10-10,BHARATFORG,1090.4075927734375,1109.3499755859375,1115.9000244140625,1087.5999755859375,1094.0,1268718
2023-10-11,BHARATFORG,1095.3221435546875,1114.3499755859375,1121.9000244140625,1112.449951171875,1117.949951171875,660234
2023-10-12,BHARATFORG,1098.5657958984375,1117.6500244140625,1122.75,1110.0,1118.0,648613
2023-10-13,BHARATFORG,1098.8115234375,1117.9000244140625,1127.0,1111.050048828125,1111.050048828125,441654
2023-10-16,BHARATFORG,1103.1856689453125,1122.3499755859375,1127.0,1112.0,1119.5,575772
2023-10-17,BHARATFORG,1102.05517578125,1121.199951171875,1128.800048828125,1118.300048828125,1124.050048828125,261269
2023-10-18,BHARATFORG,1087.2130126953125,1106.0999755859375,1125.8499755859375,1103.449951171875,1124.0,366909
2023-10-19,BHARATFORG,1076.056884765625,1094.75,1102.0,1084.050048828125,1100.0999755859375,830150
2023-10-20,BHARATFORG,1052.7615966796875,1071.050048828125,1095.0,1065.050048828125,1090.0,747206
2023-10-23,BHARATFORG,1038.4110107421875,1056.449951171875,1085.1500244140625,1051.199951171875,1071.800048828125,1581681
2023-10-25,BHARATFORG,1011.183837890625,1028.75,1062.1500244140625,1011.2000122070312,1049.0,2363189
2023-10-26,BHARATFORG,1000.2241821289062,1017.5999755859375,1022.9000244140625,1008.9000244140625,1016.1500244140625,1236865
2023-10-27,BHARATFORG,1007.4979858398438,1025.0,1037.550048828125,1022.6500244140625,1025.0,615619
2023-10-30,BHARATFORG,1010.7906494140625,1028.3499755859375,1034.0,1002.2999877929688,1025.0,1536810
2023-10-31,BHARATFORG,1001.9443969726562,1019.3499755859375,1039.300048828125,1015.0,1028.550048828125,346106
2023-11-01,BHARATFORG,1009.70947265625,1027.25,1032.25,1017.4500122070312,1024.0,595750
2023-11-02,BHARATFORG,1014.3291015625,1031.949951171875,1040.0,1024.0999755859375,1035.0,468806
2023-11-03,BHARATFORG,1013.2479858398438,1030.8499755859375,1043.0,1027.25,1034.449951171875,438050
2023-11-06,BHARATFORG,1057.3321533203125,1075.699951171875,1083.800048828125,1032.5,1041.800048828125,3643475
2023-11-07,BHARATFORG,1036.7890625,1054.800048828125,1073.949951171875,1015.0,1073.5,5358480
2023-11-08,BHARATFORG,1016.3441772460938,1034.0,1064.0,1027.300048828125,1063.0,1848097
2023-11-09,BHARATFORG,1015.2631225585938,1032.9000244140625,1046.050048828125,1029.0999755859375,1035.0,1185106
2023-11-10,BHARATFORG,1022.7332763671875,1040.5,1043.0,1018.0,1032.0,1066829
2023-11-13,BHARATFORG,1013.5919799804688,1031.199951171875,1044.5,1028.0999755859375,1044.0,1398118
2023-11-15,BHARATFORG,1043.6695556640625,1061.800048828125,1064.0,1036.75,1041.0,1213644
2023-11-16,BHARATFORG,1039.1971435546875,1057.25,1063.9000244140625,1049.0999755859375,1061.800048828125,614110
2023-11-17,BHARATFORG,1042.2935791015625,1060.4000244140625,1070.0,1054.4000244140625,1059.0,595745
2023-11-20,BHARATFORG,1049.0264892578125,1067.25,1070.0,1056.300048828125,1061.0,974108
2023-11-21,BHARATFORG,1059.3472900390625,1077.75,1081.0,1067.5,1072.449951171875,950378
2023-11-22,BHARATFORG,1078.0228271484375,1096.75,1098.3499755859375,1070.949951171875,1081.0,909485
2023-11-23,BHARATFORG,1075.6636962890625,1094.3499755859375,1107.0,1088.6500244140625,1098.949951171875,1142761
2023-11-24,BHARATFORG,1096.5018310546875,1115.550048828125,1120.9000244140625,1093.5,1096.0,1312834
2023-11-28,BHARATFORG,1078.36669921875,1097.0999755859375,1122.0,1088.449951171875,1121.449951171875,1267193
2023-11-29,BHARATFORG,1095.6663818359375,1114.699951171875,1117.8499755859375,1100.1500244140625,1103.949951171875,492071
2023-11-30,BHARATFORG,1101.1214599609375,1120.25,1128.3499755859375,1110.949951171875,1114.699951171875,1157006
2023-12-01,BHARATFORG,1136.7525634765625,1156.5,1163.449951171875,1124.5999755859375,1130.0,2714425
2023-12-04,BHARATFORG,1137.4404296875,1157.199951171875,1175.800048828125,1155.050048828125,1172.0,1606671
2023-12-05,BHARATFORG,1150.513427734375,1170.5,1185.949951171875,1158.300048828125,1164.0,1129629
2023-12-06,BHARATFORG,1149.137451171875,1169.0999755859375,1179.6500244140625,1163.699951171875,1174.9000244140625,520319
2023-12-07,BHARATFORG,1144.4686279296875,1164.3499755859375,1177.8499755859375,1160.75,1172.8499755859375,573632
2023-12-08,BHARATFORG,1157.050048828125,1177.1500244140625,1180.25,1164.199951171875,1166.449951171875,756528
2023-12-11,BHARATFORG,1172.9241943359375,1193.300048828125,1200.5,1175.050048828125,1181.699951171875,1031436
2023-12-12,BHARATFORG,1166.53515625,1186.800048828125,1210.9000244140625,1180.300048828125,1200.0,874194
2023-12-13,BHARATFORG,1173.46484375,1193.8499755859375,1198.75,1174.25,1192.800048828125,675591
2023-12-14,BHARATFORG,1180.5909423828125,1201.0999755859375,1206.0,1188.25,1198.5,593147
2023-12-15,BHARATFORG,1176.26611328125,1196.699951171875,1205.0,1188.0,1202.6500244140625,486937
2023-12-18,BHARATFORG,1186.1937255859375,1206.800048828125,1215.699951171875,1181.0,1197.5999755859375,1027677
2023-12-19,BHARATFORG,1200.052978515625,1220.9000244140625,1230.0,1197.550048828125,1206.800048828125,751405
2023-12-20,BHARATFORG,1156.0667724609375,1176.1500244140625,1227.0,1149.550048828125,1227.0,1218390
2023-12-21,BHARATFORG,1163.73388671875,1183.949951171875,1187.5,1153.050048828125,1164.949951171875,717489
2023-12-22,BHARATFORG,1181.2298583984375,1201.75,1203.9000244140625,1183.1500244140625,1188.0,517014
2023-12-26,BHARATFORG,1205.9993896484375,1226.949951171875,1230.0,1202.050048828125,1205.050048828125,768606
2023-12-27,BHARATFORG,1197.7921142578125,1218.5999755859375,1238.5,1204.4000244140625,1230.0,878725
2023-12-28,BHARATFORG,1224.38037109375,1245.6500244140625,1249.9000244140625,1222.800048828125,1223.550048828125,1803621
2023-12-29,BHARATFORG,1217.204833984375,1238.3499755859375,1247.0,1228.9000244140625,1245.0,603888
2024-01-01,BHARATFORG,1226.198486328125,1247.5,1258.0,1233.949951171875,1242.0,609955
2024-01-02,BHARATFORG,1220.2027587890625,1241.4000244140625,1259.0,1225.550048828125,1255.5999755859375,703395
2024-01-03,BHARATFORG,1214.8458251953125,1235.949951171875,1244.25,1215.75,1242.0,565828
2024-01-04,BHARATFORG,1239.271484375,1260.800048828125,1265.0999755859375,1219.300048828125,1229.050048828125,872939
2024-01-05,BHARATFORG,1245.4149169921875,1267.050048828125,1270.0,1251.0,1268.0,671381
2024-01-08,BHARATFORG,1234.602783203125,1256.050048828125,1276.3499755859375,1248.5999755859375,1272.0,1003414
2024-01-09,BHARATFORG,1252.197021484375,1273.949951171875,1290.0,1262.0,1267.0,1187562
2024-01-10,BHARATFORG,1261.927978515625,1283.8499755859375,1287.0,1255.5,1279.550048828125,731879
2024-01-11,BHARATFORG,1252.934326171875,1274.699951171875,1299.0,1270.300048828125,1285.0,430781
2024-01-12,BHARATFORG,1231.80126953125,1253.199951171875,1275.0,1234.25,1272.0,1262925
2024-01-15,BHARATFORG,1235.9295654296875,1257.4000244140625,1264.699951171875,1248.1500244140625,1260.0,430152
2024-01-16,BHARATFORG,1204.7218017578125,1225.6500244140625,1259.050048828125,1221.5,1256.5999755859375,568277
2024-01-17,BHARATFORG,1185.4072265625,1206.0,1233.449951171875,1203.25,1225.5999755859375,822748
2024-01-18,BHARATFORG,1201.969482421875,1222.8499755859375,1237.5,1186.9000244140625,1200.0,1184472
2024-01-19,BHARATFORG,1212.7818603515625,1233.8499755859375,1241.4000244140625,1221.300048828125,1225.0,409600
2024-01-23,BHARATFORG,1173.0714111328125,1193.449951171875,1232.0,1189.050048828125,1223.949951171875,522523
2024-01-24,BHARATFORG,1195.0399169921875,1215.800048828125,1225.0,1180.0,1193.449951171875,495413
2024-01-25,BHARATFORG,1179.7552490234375,1200.25,1226.0,1192.050048828125,1226.0,792922
2024-01-29,BHARATFORG,1222.414306640625,1243.6500244140625,1250.0,1200.449951171875,1201.0999755859375,1842394
2024-01-30,BHARATFORG,1188.2579345703125,1208.9000244140625,1256.050048828125,1205.0,1250.0,613893
2024-01-31,BHARATFORG,1214.15771484375,1235.25,1243.949951171875,1204.0,1210.949951171875,892789
2024-02-01,BHARATFORG,1208.55517578125,1229.550048828125,1245.75,1217.0,1242.0,346050
2024-02-02,BHARATFORG,1217.6962890625,1238.8499755859375,1251.949951171875,1231.050048828125,1237.9000244140625,570679
2024-02-05,BHARATFORG,1249.8870849609375,1271.5999755859375,1274.8499755859375,1229.550048828125,1245.5999755859375,1419072
2024-02-06,BHARATFORG,1263.5498046875,1285.5,1305.0,1275.25,1284.0,1223155
2024-02-07,BHARATFORG,1263.30419921875,1285.25,1296.6500244140625,1276.0,1286.6500244140625,654867
2024-02-08,BHARATFORG,1260.404541015625,1282.300048828125,1295.3499755859375,1268.1500244140625,1286.0,728305
2024-02-09,BHARATFORG,1291.6124267578125,1314.050048828125,1321.25,1272.800048828125,1285.0,1936968
2024-02-12,BHARATFORG,1111.638671875,1130.949951171875,1330.0,1116.949951171875,1324.0,7363983
2024-02-13,BHARATFORG,1073.796142578125,1092.449951171875,1161.0,1063.0,1160.949951171875,6017374
2024-02-14,BHARATFORG,1086.2301025390625,1105.0999755859375,1120.9000244140625,1074.449951171875,1084.550048828125,2028786
2024-02-15,BHARATFORG,1091.4888916015625,1110.449951171875,1115.4000244140625,1094.300048828125,1115.0,856004
2024-02-16,BHARATFORG,1114.4892578125,1133.8499755859375,1136.0,1106.3499755859375,1121.8499755859375,1009339
2024-02-19,BHARATFORG,1105.544677734375,1124.75,1150.0,1117.0,1150.0,883522
2024-02-20,BHARATFORG,1103.3822021484375,1122.550048828125,1125.699951171875,1100.0,1124.9000244140625,1337593
2024-02-21,BHARATFORG,1104.119384765625,1123.300048828125,1142.4000244140625,1115.699951171875,1125.9000244140625,1137612
2024-02-22,BHARATFORG,1113.7030029296875,1133.050048828125,1135.5,1109.4000244140625,1123.4000244140625,508795
2024-02-23,BHARATFORG,1115.22998046875,1132.0999755859375,1145.550048828125,1125.0,1133.050048828125,443601
2024-02-26,BHARATFORG,1158.0816650390625,1175.5999755859375,1181.8499755859375,1119.4000244140625,1132.0999755859375,3694478
2024-02-27,BHARATFORG,1160.396484375,1177.949951171875,1195.199951171875,1169.800048828125,1173.9000244140625,1178342
2024-02-28,BHARATFORG,1135.0794677734375,1152.25,1181.550048828125,1141.1500244140625,1175.75,770303
2024-02-29,BHARATFORG,1133.84814453125,1151.0,1158.0,1135.800048828125,1145.0,1187019
2024-03-01,BHARATFORG,1166.6026611328125,1184.25,1187.9000244140625,1150.050048828125,1150.050048828125,740159
2024-03-04,BHARATFORG,1171.4296875,1189.1500244140625,1193.699951171875,1170.0,1182.0,1806324
2024-03-05,BHARATFORG,1168.129638671875,1185.800048828125,1211.0,1179.949951171875,1190.0,1251169
2024-03-06,BHARATFORG,1164.139892578125,1181.75,1190.75,1150.0999755859375,1189.0,674420
2024-03-07,BHARATFORG,1161.283203125,1178.8499755859375,1193.5999755859375,1170.3499755859375,1181.6500244140625,557070
2024-03-11,BHARATFORG,1142.56640625,1159.8499755859375,1190.5999755859375,1143.4000244140625,1170.050048828125,2315091
2024-03-12,BHARATFORG,1138.6258544921875,1155.8499755859375,1170.9000244140625,1139.0,1160.050048828125,942567
2024-03-13,BHARATFORG,1110.205810546875,1127.0,1164.449951171875,1115.0,1155.8499755859375,1538078
2024-03-14,BHARATFORG,1096.4637451171875,1113.050048828125,1127.0,1096.699951171875,1111.0,1500630
2024-03-15,BHARATFORG,1102.817626953125,1119.5,1130.6500244140625,1099.0999755859375,1117.949951171875,1004065
2024-03-18,BHARATFORG,1097.7935791015625,1114.4000244140625,1121.0,1090.300048828125,1119.0,1199978
2024-03-19,BHARATFORG,1096.118896484375,1112.699951171875,1133.0,1093.5999755859375,1111.75,830859
2024-03-20,BHARATFORG,1076.4169921875,1092.699951171875,1118.5999755859375,1088.0,1110.0,1044847
2024-03-21,BHARATFORG,1085.578369140625,1102.0,1122.0,1094.0,1097.800048828125,2400850
2024-03-22,BHARATFORG,1112.126708984375,1128.949951171875,1133.5999755859375,1101.300048828125,1102.0,1129996
2024-03-26,BHARATFORG,1113.3089599609375,1130.1500244140625,1140.949951171875,1127.0,1131.9000244140625,728614
2024-03-27,BHARATFORG,1094.641357421875,1111.199951171875,1143.050048828125,1107.25,1132.4000244140625,1811541
2024-03-28,BHARATFORG,1112.76708984375,1129.5999755859375,1135.199951171875,1103.5,1114.949951171875,1391471
2024-04-01,BHARATFORG,1131.484130859375,1148.5999755859375,1153.4000244140625,1121.0,1132.199951171875,1247843
2024-04-02,BHARATFORG,1138.1334228515625,1155.3499755859375,1159.9000244140625,1135.1500244140625,1159.9000244140625,713289
2024-04-03,BHARATFORG,1124.736083984375,1141.75,1144.0999755859375,1105.300048828125,1125.0,1586014
2024-04-04,BHARATFORG,1134.1929931640625,1151.3499755859375,1172.5,1139.25,1152.5,2867983
2024-04-05,BHARATFORG,1128.5777587890625,1145.6500244140625,1154.9000244140625,1136.0,1149.949951171875,838396
2024-04-08,BHARATFORG,1156.406982421875,1173.9000244140625,1180.0,1136.0,1152.949951171875,2521920
2024-04-09,BHARATFORG,1131.58251953125,1148.699951171875,1183.449951171875,1140.050048828125,1183.25,1115923
2024-04-10,BHARATFORG,1159.8548583984375,1177.4000244140625,1183.550048828125,1150.0,1153.9000244140625,1060445
2024-04-12,BHARATFORG,1151.62939453125,1169.050048828125,1187.0,1163.0,1177.300048828125,970493
2024-04-15,BHARATFORG,1152.8607177734375,1170.300048828125,1176.5,1155.0,1155.0,1166614
2024-04-16,BHARATFORG,1163.0562744140625,1180.6500244140625,1189.5999755859375,1162.5,1165.0,1425666
2024-04-18,BHARATFORG,1168.5235595703125,1186.199951171875,1196.800048828125,1174.4000244140625,1187.699951171875,1051256
2024-04-19,BHARATFORG,1175.3209228515625,1193.0999755859375,1196.300048828125,1158.0999755859375,1180.0,780402
2024-04-22,BHARATFORG,1186.5509033203125,1204.5,1215.0,1197.1500244140625,1205.8499755859375,757775
2024-04-23,BHARATFORG,1188.570556640625,1206.550048828125,1212.0,1194.75,1212.0,475098
2024-04-24,BHARATFORG,1203.7900390625,1222.0,1231.0,1209.050048828125,1220.0,1274760
2024-04-25,BHARATFORG,1292.3011474609375,1311.8499755859375,1325.9000244140625,1237.199951171875,1240.75,6402642
2024-04-26,BHARATFORG,1290.38037109375,1309.9000244140625,1326.0,1306.3499755859375,1318.0,1068859
2024-04-29,BHARATFORG,1262.89599609375,1282.0,1316.9000244140625,1273.550048828125,1312.25,1178300
2024-04-30,BHARATFORG,1252.2569580078125,1271.199951171875,1301.0,1266.5999755859375,1291.0,621752
2024-05-02,BHARATFORG,1255.2615966796875,1274.25,1285.0,1262.800048828125,1271.5,492405
2024-05-03,BHARATFORG,1233.5401611328125,1252.199951171875,1280.949951171875,1242.199951171875,1274.9000244140625,683589
2024-05-06,BHARATFORG,1229.796875,1248.4000244140625,1261.9000244140625,1238.8499755859375,1261.9000244140625,1136733
2024-05-07,BHARATFORG,1221.47265625,1239.949951171875,1250.300048828125,1223.699951171875,1249.699951171875,713704
2024-05-08,BHARATFORG,1384.2108154296875,1405.1500244140625,1474.4000244140625,1209.1500244140625,1242.0,12388890
2024-05-09,BHARATFORG,1391.69775390625,1412.75,1463.300048828125,1391.0,1411.0,9267970
2024-05-10,BHARATFORG,1376.8717041015625,1397.699951171875,1438.0,1390.0,1420.5999755859375,2132506
2024-05-13,BHARATFORG,1394.8994140625,1416.0,1423.0,1368.9000244140625,1390.449951171875,1603773
2024-05-14,BHARATFORG,1419.37890625,1440.8499755859375,1449.800048828125,1408.0999755859375,1413.949951171875,726933
2024-05-15,BHARATFORG,1440.9033203125,1462.699951171875,1467.449951171875,1431.0,1439.050048828125,888218
2024-05-16,BHARATFORG,1460.9007568359375,1483.0,1492.300048828125,1457.199951171875,1468.0999755859375,1258685
2024-05-17,BHARATFORG,1457.206787109375,1479.25,1490.800048828125,1471.5,1489.0,523810
2024-05-21,BHARATFORG,1479.6669921875,1502.050048828125,1510.0,1467.050048828125,1490.050048828125,1171767
2024-05-22,BHARATFORG,1456.2708740234375,1478.300048828125,1510.949951171875,1460.0,1508.0,766715
2024-05-23,BHARATFORG,1470.998046875,1493.25,1499.9000244140625,1463.8499755859375,1481.0,399306
2024-05-24,BHARATFORG,1550.05224609375,1573.5,1587.0,1480.5,1493.25,3141428
2024-05-27,BHARATFORG,1548.574462890625,1572.0,1591.0,1533.0999755859375,1589.9000244140625,2895264
2024-05-28,BHARATFORG,1541.9251708984375,1565.25,1600.0,1559.6500244140625,1579.0,1009029
2024-05-29,BHARATFORG,1545.274658203125,1568.6500244140625,1573.0,1545.0999755859375,1555.0,740468
2024-05-30,BHARATFORG,1531.1876220703125,1554.3499755859375,1579.699951171875,1548.8499755859375,1560.0999755859375,919313
2024-05-31,BHARATFORG,1531.384521484375,1554.550048828125,1586.949951171875,1548.0999755859375,1569.0,2388880
2024-06-03,BHARATFORG,1584.284423828125,1608.25,1649.949951171875,1588.9000244140625,1649.949951171875,1873076
2024-06-04,BHARATFORG,1424.698486328125,1446.25,1614.0,1412.8499755859375,1608.25,3325214
2024-06-05,BHARATFORG,1479.0267333984375,1501.4000244140625,1514.949951171875,1406.25,1490.0,2791709
2024-06-06,BHARATFORG,1533.847412109375,1557.050048828125,1578.8499755859375,1497.0999755859375,1515.0,1052271
2024-06-07,BHARATFORG,1559.607666015625,1583.199951171875,1589.9000244140625,1538.699951171875,1549.75,779819
2024-06-10,BHARATFORG,1557.2435302734375,1580.800048828125,1604.9000244140625,1557.3499755859375,1593.9000244140625,2285921
2024-06-11,BHARATFORG,1578.7186279296875,1602.5999755859375,1619.449951171875,1584.0,1590.0,788578
2024-06-12,BHARATFORG,1607.2864990234375,1631.5999755859375,1644.949951171875,1605.050048828125,1605.449951171875,995791
2024-06-13,BHARATFORG,1612.556640625,1636.949951171875,1655.0,1623.6500244140625,1640.0,1143028
2024-06-14,BHARATFORG,1691.7093505859375,1717.300048828125,1739.449951171875,1627.0,1639.0,3052519
2024-06-18,BHARATFORG,1671.416259765625,1696.699951171875,1734.0,1691.5,1720.0,1438259
2024-06-19,BHARATFORG,1678.0167236328125,1703.4000244140625,1733.4000244140625,1688.0,1720.0,3289884
2024-06-20,BHARATFORG,1764.705078125,1791.4000244140625,1800.699951171875,1697.0,1704.0,3677708
2024-06-21,BHARATFORG,1726.0892333984375,1752.199951171875,1804.5,1746.5,1804.5,925218
2024-06-24,BHARATFORG,1717.1248779296875,1743.0999755859375,1776.300048828125,1734.0,1749.0,1489126
2024-06-25,BHARATFORG,1693.8272705078125,1719.449951171875,1764.75,1715.4000244140625,1752.800048828125,1133078
2024-06-26,BHARATFORG,1654.4727783203125,1679.5,1726.800048828125,1674.0,1719.0999755859375,2063096
2024-06-27,BHARATFORG,1655.507080078125,1680.550048828125,1696.449951171875,1674.6500244140625,1681.0,1401014
2024-06-28,BHARATFORG,1645.458984375,1670.3499755859375,1692.8499755859375,1666.449951171875,1685.0,1106864
2024-07-01,BHARATFORG,1641.12451171875,1665.949951171875,1696.800048828125,1662.75,1673.0999755859375,1139145
2024-07-02,BHARATFORG,1620.979248046875,1645.5,1681.25,1641.050048828125,1668.75,1389017
2024-07-03,BHARATFORG,1632.89892578125,1657.5999755859375,1669.949951171875,1639.050048828125,1669.949951171875,1034534
2024-07-04,BHARATFORG,1645.409912109375,1670.300048828125,1680.4000244140625,1627.25,1650.0,1511383
2024-07-05,BHARATFORG,1653.7664794921875,1672.25,1686.0,1660.5,1678.0,1214143
2024-07-08,BHARATFORG,1655.595947265625,1674.0999755859375,1693.25,1646.25,1682.949951171875,1498080
2024-07-09,BHARATFORG,1651.541259765625,1670.0,1681.8499755859375,1662.449951171875,1681.0,613813
2024-07-10,BHARATFORG,1641.4539794921875,1659.800048828125,1678.5999755859375,1603.0,1678.5999755859375,936230
2024-07-11,BHARATFORG,1622.5650634765625,1640.699951171875,1665.6500244140625,1632.0,1665.6500244140625,836449
2024-07-12,BHARATFORG,1601.055419921875,1618.949951171875,1648.5999755859375,1613.949951171875,1647.0,1108682
2024-07-15,BHARATFORG,1615.741455078125,1633.800048828125,1637.5,1602.6500244140625,1628.0,1267534
2024-07-16,BHARATFORG,1635.0751953125,1653.3499755859375,1663.75,1634.050048828125,1634.25,814531
2024-07-18,BHARATFORG,1603.5772705078125,1621.5,1665.8499755859375,1612.1500244140625,1661.949951171875,1232254
2024-07-19,BHARATFORG,1561.9427490234375,1579.4000244140625,1634.300048828125,1575.0,1626.9000244140625,945152
2024-07-22,BHARATFORG,1607.4835205078125,1625.449951171875,1646.300048828125,1549.449951171875,1569.949951171875,1555103
2024-07-23,BHARATFORG,1581.029296875,1598.699951171875,1634.25,1500.0,1630.0,1886680
2024-07-24,BHARATFORG,1573.5628662109375,1591.1500244140625,1612.25,1585.0,1598.5,1093834
2024-07-25,BHARATFORG,1574.799072265625,1592.4000244140625,1603.9000244140625,1558.550048828125,1570.0,447267
2024-07-26,BHARATFORG,1666.276611328125,1684.9000244140625,1694.300048828125,1604.5999755859375,1604.5999755859375,2755566
2024-07-29,BHARATFORG,1717.8006591796875,1737.0,1747.0,1691.25,1694.949951171875,1776427
2024-07-30,BHARATFORG,1724.574951171875,1743.8499755859375,1753.0,1719.199951171875,1740.449951171875,867925
2024-07-31,BHARATFORG,1714.33935546875,1733.5,1745.0,1722.050048828125,1736.1500244140625,620610
2024-08-01,BHARATFORG,1698.5657958984375,1717.550048828125,1771.199951171875,1703.6500244140625,1740.0,1134832
2024-08-02,BHARATFORG,1637.102783203125,1655.4000244140625,1707.0,1648.0,1707.0,1338199
2024-08-05,BHARATFORG,1535.8839111328125,1553.050048828125,1597.6500244140625,1538.0999755859375,1579.949951171875,2625461
2024-08-06,BHARATFORG,1500.6773681640625,1517.449951171875,1608.75,1510.4000244140625,1568.0,2039941
2024-08-07,BHARATFORG,1540.2352294921875,1557.449951171875,1576.5,1530.0,1559.0,1457651
2024-08-08,BHARATFORG,1587.70458984375,1605.449951171875,1643.0,1536.1500244140625,1562.0,4108498
2024-08-09,BHARATFORG,1618.4610595703125,1636.550048828125,1654.949951171875,1617.9000244140625,1628.050048828125,2016949
2024-08-12,BHARATFORG,1575.936279296875,1593.550048828125,1629.949951171875,1565.550048828125,1629.949951171875,1651574
2024-08-13,BHARATFORG,1563.574462890625,1581.050048828125,1605.0,1576.25,1594.949951171875,479156
2024-08-14,BHARATFORG,1549.87744140625,1567.199951171875,1583.949951171875,1553.25,1574.0999755859375,464424
2024-08-16,BHARATFORG,1566.9864501953125,1584.5,1601.800048828125,1575.800048828125,1582.9000244140625,744491
2024-08-19,BHARATFORG,1570.15087890625,1587.699951171875,1613.699951171875,1560.1500244140625,1610.0,1185925
2024-08-20,BHARATFORG,1559.96484375,1577.4000244140625,1604.6500244140625,1551.050048828125,1600.0,1042184
2024-08-21,BHARATFORG,1582.3150634765625,1600.0,1610.0,1573.1500244140625,1577.0,853929
2024-08-22,BHARATFORG,1603.2806396484375,1621.199951171875,1647.949951171875,1594.0,1607.9000244140625,955957
2024-08-23,BHARATFORG,1602.390869140625,1620.300048828125,1636.949951171875,1601.9000244140625,1636.5,868264
2024-08-26,BHARATFORG,1616.63134765625,1634.699951171875,1638.1500244140625,1613.699951171875,1622.0,713146
2024-08-27,BHARATFORG,1589.63330078125,1607.4000244140625,1644.9000244140625,1602.0999755859375,1644.9000244140625,659375
2024-08-28,BHARATFORG,1566.9864501953125,1584.5,1620.0,1579.25,1614.0,927975
2024-08-29,BHARATFORG,1560.4593505859375,1577.9000244140625,1589.0,1556.25,1584.5,816590
2024-08-30,BHARATFORG,1569.458740234375,1587.0,1590.050048828125,1575.0999755859375,1579.5,931250
2024-09-02,BHARATFORG,1545.1800537109375,1562.449951171875,1599.0,1545.5,1597.0,931058
2024-09-03,BHARATFORG,1549.778564453125,1567.0999755859375,1591.050048828125,1564.050048828125,1576.6500244140625,878145
2024-09-04,BHARATFORG,1587.9520263671875,1605.699951171875,1614.9000244140625,1554.0,1568.0,1095011
2024-09-05,BHARATFORG,1591.1658935546875,1608.949951171875,1629.9000244140625,1590.199951171875,1625.0,1562878
2024-09-06,BHARATFORG,1534.054443359375,1551.199951171875,1606.0,1547.199951171875,1606.0,1243240
2024-09-09,BHARATFORG,1537.960693359375,1555.1500244140625,1561.050048828125,1524.75,1535.0,950996
2024-09-10,BHARATFORG,1553.28955078125,1570.6500244140625,1578.0,1553.050048828125,1565.0,424183
2024-09-11,BHARATFORG,1544.4383544921875,1561.699951171875,1581.5999755859375,1552.25,1571.0,1122926
2024-09-12,BHARATFORG,1573.4144287109375,1591.0,1594.0999755859375,1566.300048828125,1569.0,445898
2024-09-13,BHARATFORG,1598.3853759765625,1616.25,1629.699951171875,1587.0999755859375,1588.0,1776046
2024-09-16,BHARATFORG,1583.501708984375,1601.199951171875,1625.0,1586.5999755859375,1625.0,1739277
2024-09-17,BHARATFORG,1578.4580078125,1596.0999755859375,1610.0,1578.0999755859375,1606.0,1441523
2024-09-18,BHARATFORG,1558.2835693359375,1575.699951171875,1612.949951171875,1562.050048828125,1599.949951171875,366662
2024-09-19,BHARATFORG,1568.420166015625,1585.949951171875,1594.800048828125,1534.050048828125,1579.949951171875,887601
2024-09-20,BHARATFORG,1573.760498046875,1591.3499755859375,1600.949951171875,1573.0,1585.949951171875,976662
2024-09-23,BHARATFORG,1564.7115478515625,1582.199951171875,1626.0,1577.0999755859375,1600.800048828125,2341523
2024-09-24,BHARATFORG,1555.3662109375,1572.75,1588.4000244140625,1557.5,1582.9000244140625,1095753
2024-09-25,BHARATFORG,1542.2626953125,1559.5,1581.4000244140625,1553.8499755859375,1577.0,1014215
2024-09-26,BHARATFORG,1511.6051025390625,1528.5,1555.0999755859375,1502.5999755859375,1552.0,1967406
2024-09-27,BHARATFORG,1505.671630859375,1522.5,1539.0,1520.0,1534.0,1217594
2024-09-30,BHARATFORG,1499.8367919921875,1516.5999755859375,1537.75,1512.300048828125,1520.5,753983
2024-10-01,BHARATFORG,1513.2864990234375,1530.199951171875,1555.0,1514.4000244140625,1519.0,472946
2024-10-03,BHARATFORG,1472.7891845703125,1489.25,1551.0,1473.050048828125,1529.0,1217926
2024-10-04,BHARATFORG,1457.5098876953125,1473.800048828125,1498.949951171875,1460.1500244140625,1488.0,1162303
2024-10-07,BHARATFORG,1418.100341796875,1433.949951171875,1486.0,1425.0999755859375,1477.949951171875,1454350
2024-10-08,BHARATFORG,1464.9764404296875,1481.3499755859375,1486.4000244140625,1429.4000244140625,1433.0,501482
2024-10-09,BHARATFORG,1493.6064453125,1510.300048828125,1520.5,1482.3499755859375,1485.050048828125,1303802
2024-10-10,BHARATFORG,1484.458740234375,1501.050048828125,1526.9000244140625,1489.0,1520.0,978224
2024-10-11,BHARATFORG,1475.8548583984375,1492.3499755859375,1510.0,1479.949951171875,1505.050048828125,532795
2024-10-14,BHARATFORG,1473.6297607421875,1490.0999755859375,1505.3499755859375,1474.25,1486.0999755859375,760996
2024-10-15,BHARATFORG,1464.0863037109375,1480.449951171875,1505.75,1475.8499755859375,1505.75,1222899
2024-10-16,BHARATFORG,1458.6966552734375,1475.0,1488.550048828125,1456.449951171875,1484.0,762827
2024-10-17,BHARATFORG,1454.8397216796875,1471.0999755859375,1478.800048828125,1442.75,1472.5,1026919
2024-10-18,BHARATFORG,1458.449462890625,1474.75,1485.0,1454.800048828125,1471.949951171875,888822
2024-10-21,BHARATFORG,1426.5557861328125,1442.5,1496.0,1436.6500244140625,1475.0,1263428
2024-10-22,BHARATFORG,1390.6571044921875,1406.199951171875,1442.199951171875,1401.5,1437.0,684238
2024-10-23,BHARATFORG,1389.47021484375,1405.0,1431.4000244140625,1392.550048828125,1406.050048828125,841615
2024-10-24,BHARATFORG,1413.8477783203125,1429.6500244140625,1432.9000244140625,1397.300048828125,1405.0,475970
2024-10-25,BHARATFORG,1384.723388671875,1400.199951171875,1439.949951171875,1390.0,1438.050048828125,591131
2024-10-28,BHARATFORG,1350.4071044921875,1365.5,1409.0,1357.9000244140625,1392.0,1700514
2024-10-29,BHARATFORG,1368.0595703125,1383.3499755859375,1387.0,1340.800048828125,1367.0,714147
2024-10-30,BHARATFORG,1404.8485107421875,1420.550048828125,1430.0,1376.3499755859375,1383.3499755859375,1095800
2024-10-31,BHARATFORG,1394.5634765625,1410.1500244140625,1441.199951171875,1395.25,1415.0,844545
2024-11-01,BHARATFORG,1402.969482421875,1418.6500244140625,1428.0,1391.0,1428.0,95867
2024-11-04,BHARATFORG,1407.1724853515625,1422.9000244140625,1435.0,1395.5,1422.199951171875,715523
2024-11-05,BHARATFORG,1444.653564453125,1460.800048828125,1464.75,1417.5,1450.0,1623271
2024-11-06,BHARATFORG,1454.7904052734375,1471.050048828125,1482.9000244140625,1451.5999755859375,1460.9000244140625,990250
2024-11-07,BHARATFORG,1430.659912109375,1446.6500244140625,1479.449951171875,1441.5,1475.0,584800
2024-11-08,BHARATFORG,1404.3541259765625,1420.050048828125,1456.5999755859375,1416.1500244140625,1450.050048828125,811080
2024-11-11,BHARATFORG,1382.0531005859375,1397.5,1420.050048828125,1380.199951171875,1414.0999755859375,692395
2024-11-12,BHARATFORG,1345.5611572265625,1360.5999755859375,1397.550048828125,1340.0,1397.5,745108
2024-11-13,BHARATFORG,1306.893310546875,1321.5,1363.3499755859375,1312.699951171875,1360.0,584312
2024-11-14,BHARATFORG,1314.063232421875,1328.75,1356.9000244140625,1301.550048828125,1321.5,1860816
2024-11-18,BHARATFORG,1290.1307373046875,1304.550048828125,1336.3499755859375,1286.5999755859375,1329.0,1548457
2024-11-19,BHARATFORG,1308.7227783203125,1323.3499755859375,1355.3499755859375,1296.0,1296.0,1521514
2024-11-21,BHARATFORG,1281.8729248046875,1296.199951171875,1317.949951171875,1288.5999755859375,1314.1500244140625,571103
2024-11-22,BHARATFORG,1301.6024169921875,1316.1500244140625,1326.699951171875,1296.3499755859375,1299.0,325496
2024-11-25,BHARATFORG,1304.9649658203125,1319.550048828125,1350.0,1314.550048828125,1328.0,1609259
2024-11-26,BHARATFORG,1307.5362548828125,1322.1500244140625,1333.5999755859375,1315.25,1320.0,471592
2024-11-27,BHARATFORG,1310.750244140625,1325.4000244140625,1332.4000244140625,1313.199951171875,1325.25,359994
2024-11-28,BHARATFORG,1314.5081787109375,1329.199951171875,1360.300048828125,1316.8499755859375,1326.0,1254378
2024-11-29,BHARATFORG,1317.5244140625,1332.25,1345.8499755859375,1325.949951171875,1332.0,705598
2024-12-02,BHARATFORG,1328.8974609375,1343.75,1349.800048828125,1305.3499755859375,1329.5,982093
2024-12-03,BHARATFORG,1335.473876953125,1350.4000244140625,1355.949951171875,1338.0999755859375,1346.0,791810
2024-12-04,BHARATFORG,1362.6697998046875,1377.9000244140625,1386.449951171875,1351.4000244140625,1364.9000244140625,2021679
2024-12-05,BHARATFORG,1363.9554443359375,1379.199951171875,1394.949951171875,1360.8499755859375,1394.949951171875,1249730
2024-12-06,BHARATFORG,1339.7757568359375,1354.75,1385.0,1351.300048828125,1383.0,637711
2024-12-09,BHARATFORG,1348.3795166015625,1363.449951171875,1375.0,1341.0,1354.75,909119
2024-12-10,BHARATFORG,1346.1544189453125,1361.199951171875,1376.050048828125,1350.300048828125,1370.0,714858
2024-12-11,BHARATFORG,1364.1533203125,1379.4000244140625,1385.0,1343.949951171875,1365.1500244140625,1760051
2024-12-12,BHARATFORG,1337.5010986328125,1352.449951171875,1379.0,1350.050048828125,1378.9000244140625,937430
2024-12-13,BHARATFORG,1333.39697265625,1348.300048828125,1356.050048828125,1318.949951171875,1352.0,580701
2024-12-16,BHARATFORG,1349.0223388671875,1364.0999755859375,1372.949951171875,1348.5,1357.25,1080759
2024-12-17,BHARATFORG,1325.7821044921875,1340.5999755859375,1370.699951171875,1333.0,1364.0999755859375,1074430
2024-12-18,BHARATFORG,1292.0096435546875,1306.449951171875,1349.949951171875,1303.3499755859375,1340.5999755859375,637487
2024-12-19,BHARATFORG,1283.4552001953125,1297.800048828125,1316.9000244140625,1275.5,1290.0,1019636
2024-12-20,BHARATFORG,1264.76416015625,1278.9000244140625,1315.699951171875,1274.3499755859375,1297.800048828125,1495889
2024-12-23,BHARATFORG,1284.83984375,1299.199951171875,1310.0,1272.199951171875,1284.0,915584
2024-12-24,BHARATFORG,1310.1568603515625,1324.800048828125,1330.75,1293.9000244140625,1301.0,805397
2024-12-26,BHARATFORG,1299.723388671875,1314.25,1331.8499755859375,1308.0999755859375,1328.0,962802
2024-12-27,BHARATFORG,1300.3167724609375,1314.8499755859375,1347.0,1311.5999755859375,1320.0,1037735
2024-12-30,BHARATFORG,1287.954833984375,1302.3499755859375,1315.1500244140625,1281.25,1308.699951171875,3744544
2024-12-31,BHARATFORG,1285.1363525390625,1299.5,1312.6500244140625,1278.8499755859375,1301.0,558405
2025-01-01,BHARATFORG,1285.5318603515625,1299.9000244140625,1304.6500244140625,1288.1500244140625,1303.300048828125,358152
2025-01-02,BHARATFORG,1301.1573486328125,1315.699951171875,1320.949951171875,1295.0,1300.0,749880
2025-01-03,BHARATFORG,1281.8233642578125,1296.1500244140625,1322.0,1291.0,1318.199951171875,1816419
2025-01-06,BHARATFORG,1246.8148193359375,1260.75,1301.6500244140625,1251.1500244140625,1296.300048828125,758114
2025-01-07,BHARATFORG,1256.0120849609375,1270.050048828125,1290.0,1258.3499755859375,1271.949951171875,823200
2025-01-08,BHARATFORG,1234.7496337890625,1248.550048828125,1271.949951171875,1225.0,1270.050048828125,855048
2025-01-09,BHARATFORG,1213.7344970703125,1227.300048828125,1254.449951171875,1225.0,1248.0,636615
2025-01-10,BHARATFORG,1196.4774169921875,1209.8499755859375,1229.0999755859375,1203.449951171875,1225.050048828125,868167
2025-01-13,BHARATFORG,1156.9195556640625,1169.8499755859375,1211.300048828125,1167.550048828125,1204.800048828125,1720272
2025-01-14,BHARATFORG,1177.2423095703125,1190.4000244140625,1202.9000244140625,1169.8499755859375,1169.8499755859375,1507971
2025-01-15,BHARATFORG,1170.468017578125,1183.550048828125,1208.8499755859375,1170.800048828125,1199.0,1300950
2025-01-16,BHARATFORG,1191.9283447265625,1205.25,1222.949951171875,1190.0,1190.0,1506184
2025-01-17,BHARATFORG,1194.1533203125,1207.5,1217.800048828125,1197.449951171875,1209.0,745195
2025-01-20,BHARATFORG,1203.74609375,1217.199951171875,1225.9000244140625,1196.1500244140625,1213.0,424789
2025-01-21,BHARATFORG,1188.3680419921875,1201.6500244140625,1234.3499755859375,1199.550048828125,1223.300048828125,986443
2025-01-22,BHARATFORG,1212.893798828125,1226.449951171875,1229.0999755859375,1186.050048828125,1210.949951171875,1450962
2025-01-23,BHARATFORG,1214.179443359375,1227.75,1239.5,1206.449951171875,1219.6500244140625,503606
2025-01-24,BHARATFORG,1203.1033935546875,1216.550048828125,1243.8499755859375,1211.25,1230.050048828125,459008
2025-01-27,BHARATFORG,1184.1156005859375,1197.3499755859375,1235.5999755859375,1181.050048828125,1210.5999755859375,526050
2025-01-28,BHARATFORG,1197.7135009765625,1211.0999755859375,1227.3499755859375,1181.6500244140625,1210.0,749314
2025-01-29,BHARATFORG,1184.1650390625,1197.4000244140625,1220.4000244140625,1190.25,1210.050048828125,604487
2025-01-30,BHARATFORG,1170.962646484375,1184.050048828125,1205.050048828125,1180.0,1200.0,2102523
2025-01-31,BHARATFORG,1210.5205078125,1224.050048828125,1238.0,1182.5,1182.5,627704
2025-02-01,BHARATFORG,1162.160888671875,1175.1500244140625,1240.949951171875,1148.550048828125,1238.0,872295
2025-02-03,BHARATFORG,1126.50927734375,1139.0999755859375,1166.0,1123.0,1166.0,1589240
2025-02-04,BHARATFORG,1158.9468994140625,1171.9000244140625,1199.0999755859375,1159.949951171875,1162.949951171875,1501122
2025-02-05,BHARATFORG,1143.7664794921875,1156.550048828125,1184.5,1149.0,1174.800048828125,2461419
2025-02-06,BHARATFORG,1125.1248779296875,1137.699951171875,1163.0,1132.4000244140625,1162.75,855048
2025-02-07,BHARATFORG,1126.8555908203125,1139.449951171875,1148.5,1125.6500244140625,1137.699951171875,1231822
2025-02-10,BHARATFORG,1122.2569580078125,1134.800048828125,1148.4000244140625,1130.5,1144.9000244140625,460118
2025-02-11,BHARATFORG,1100.005615234375,1112.300048828125,1134.75,1108.050048828125,1133.9000244140625,793322
2025-02-12,BHARATFORG,1092.440185546875,1104.6500244140625,1117.0,1070.800048828125,1112.9000244140625,1217773
2025-02-13,BHARATFORG,1064.304443359375,1076.199951171875,1099.050048828125,1044.699951171875,1075.0,3020065
2025-02-14,BHARATFORG,1066.4306640625,1078.3499755859375,1106.300048828125,1059.550048828125,1088.75,1776818
2025-02-17,BHARATFORG,1070.683349609375,1082.6500244140625,1088.699951171875,1051.550048828125,1078.3499755859375,425715
2025-02-18,BHARATFORG,1067.51123046875,1076.949951171875,1082.75,1051.050048828125,1082.3499755859375,976428
2025-02-19,BHARATFORG,1066.619384765625,1076.050048828125,1082.8499755859375,1047.5999755859375,1058.0,346156
2025-02-20,BHARATFORG,1071.872802734375,1081.3499755859375,1103.449951171875,1067.949951171875,1091.0,1894343
2025-02-21,BHARATFORG,1049.669189453125,1058.949951171875,1098.199951171875,1053.550048828125,1083.0,564026
2025-02-24,BHARATFORG,1032.421630859375,1041.550048828125,1050.3499755859375,1037.1500244140625,1048.1500244140625,486862
2025-02-25,BHARATFORG,1036.03955078125,1045.199951171875,1054.3499755859375,1038.699951171875,1039.5,660269
2025-02-27,BHARATFORG,1029.29931640625,1038.4000244140625,1050.0,1024.300048828125,1045.25,942500
2025-02-28,BHARATFORG,1007.5911254882812,1016.5,1035.050048828125,1002.1500244140625,1035.050048828125,2472393
2025-03-03,BHARATFORG,1021.2206420898438,1030.25,1032.699951171875,1002.4000244140625,1018.0,549605
2025-03-04,BHARATFORG,1013.8358764648438,1022.7999877929688,1032.75,1006.25,1010.2999877929688,708878
2025-03-05,BHARATFORG,1047.8353271484375,1057.0999755859375,1059.699951171875,1004.0,1020.0,677352
2025-03-06,BHARATFORG,1076.927978515625,1086.449951171875,1090.0,1066.949951171875,1075.0,896629
2025-03-07,BHARATFORG,1078.266357421875,1087.800048828125,1099.0,1083.050048828125,1086.6500244140625,1212897
2025-03-10,BHARATFORG,1059.531982421875,1068.9000244140625,1099.0,1062.9000244140625,1092.6500244140625,717330
2025-03-11,BHARATFORG,1054.9722900390625,1064.300048828125,1074.800048828125,1045.25,1055.0,725140
2025-03-12,BHARATFORG,1080.6451416015625,1090.199951171875,1095.0,1061.300048828125,1070.0,770987
2025-03-13,BHARATFORG,1030.141845703125,1039.25,1095.0,1032.0,1095.0,1894793
2025-03-17,BHARATFORG,1066.9166259765625,1076.3499755859375,1079.550048828125,1037.0999755859375,1037.0999755859375,628264
2025-03-18,BHARATFORG,1066.9166259765625,1076.3499755859375,1076.3499755859375,1076.3499755859375,1076.3499755859375,0
2025-03-19,BHARATFORG,1126.0439453125,1136.0,1144.4000244140625,1098.4000244140625,1102.5,1209976
2025-03-20,BHARATFORG,1183.8328857421875,1194.300048828125,1202.0,1147.0,1147.0,2766980
2025-03-21,BHARATFORG,1170.9468994140625,1181.300048828125,1207.300048828125,1169.199951171875,1207.0,2395430
2025-03-24,BHARATFORG,1190.8707275390625,1201.4000244140625,1206.5999755859375,1185.0,1185.0,1330920
2025-03-25,BHARATFORG,1175.8533935546875,1186.25,1210.0,1170.550048828125,1207.0,1298776
2025-03-26,BHARATFORG,1172.5328369140625,1182.9000244140625,1202.199951171875,1178.0,1186.25,812349
2025-03-27,BHARATFORG,1148.990966796875,1159.1500244140625,1199.0,1129.8499755859375,1182.0,5362970
2025-03-28,BHARATFORG,1158.9031982421875,1169.1500244140625,1181.550048828125,1154.0,1174.449951171875,2164434
2025-04-01,BHARATFORG,1138.5830078125,1148.6500244140625,1179.0,1144.050048828125,1160.0,900487
2025-04-02,BHARATFORG,1142.84521484375,1152.949951171875,1167.4000244140625,1138.5,1154.0,1275536
2025-04-03,BHARATFORG,1107.3094482421875,1117.0999755859375,1135.800048828125,1082.550048828125,1130.0,2078500
2025-04-04,BHARATFORG,1017.0574340820312,1026.050048828125,1100.0,1014.0,1097.0,4793116
2025-04-07,BHARATFORG,943.2599487304688,951.5999755859375,959.8499755859375,919.0999755859375,925.0,3849870
2025-04-08,BHARATFORG,961.8456420898438,970.3499755859375,994.9500122070312,947.4000244140625,994.9500122070312,1980407
2025-04-09,BHARATFORG,961.3499755859375,969.8499755859375,972.7000122070312,940.75,965.0499877929688,1791396
2025-04-11,BHARATFORG,993.3670043945312,1002.1500244140625,1010.0,976.5,1010.0,2146554
2025-04-15,BHARATFORG,1063.695068359375,1073.0999755859375,1076.0,1040.0999755859375,1041.0,2570787
2025-04-16,BHARATFORG,1045.8529052734375,1055.0999755859375,1078.5,1050.0,1075.699951171875,1152520
2025-04-17,BHARATFORG,1058.8380126953125,1068.199951171875,1071.9000244140625,1041.0,1049.0999755859375,1223336
2025-04-21,BHARATFORG,1084.610107421875,1094.199951171875,1100.5,1066.699951171875,1070.0,1241237
2025-04-22,BHARATFORG,1093.9278564453125,1103.5999755859375,1112.199951171875,1085.4000244140625,1094.199951171875,698419
2025-04-23,BHARATFORG,1125.548095703125,1135.5,1139.5999755859375,1095.9000244140625,1103.0,1365780
2025-04-24,BHARATFORG,1096.8023681640625,1106.5,1129.0,1097.9000244140625,1126.0,1987515
2025-04-25,BHARATFORG,1078.960205078125,1088.5,1115.699951171875,1080.800048828125,1105.5999755859375,1392564
2025-04-28,BHARATFORG,1107.3094482421875,1117.0999755859375,1120.0,1082.0,1082.0,1193121
2025-04-29,BHARATFORG,1124.061279296875,1134.0,1156.0,1117.0999755859375,1135.0,2134718
2025-04-30,BHARATFORG,1094.5224609375,1104.199951171875,1135.0,1098.0,1135.0,1270756
2025-05-02,BHARATFORG,1094.7208251953125,1104.4000244140625,1120.5999755859375,1100.0,1104.0,634781
2025-05-05,BHARATFORG,1109.78759765625,1119.5999755859375,1124.4000244140625,1095.0999755859375,1108.9000244140625,672694
2025-05-06,BHARATFORG,1077.7706298828125,1087.300048828125,1130.0,1080.0,1125.0,1383512
2025-05-07,BHARATFORG,1130.9010009765625,1140.9000244140625,1144.4000244140625,1088.5999755859375,1091.9000244140625,1768753
2025-05-08,BHARATFORG,1103.641845703125,1113.4000244140625,1158.800048828125,1086.199951171875,1152.0,2683717
2025-05-09,BHARATFORG,1155.3843994140625,1165.5999755859375,1176.9000244140625,1111.0,1129.0999755859375,5531033
2025-05-12,BHARATFORG,1188.68994140625,1199.199951171875,1213.0999755859375,1173.300048828125,1205.0,2499123
2025-05-13,BHARATFORG,1193.3487548828125,1203.9000244140625,1231.699951171875,1192.0,1195.0,3252512
2025-05-14,BHARATFORG,1235.2779541015625,1246.199951171875,1263.0,1206.0999755859375,1210.0,3139778
2025-05-15,BHARATFORG,1234.7823486328125,1245.699951171875,1263.199951171875,1244.0,1258.0,1297070
2025-05-16,BHARATFORG,1251.9306640625,1263.0,1270.0,1240.4000244140625,1250.0,1693383
2025-05-19,BHARATFORG,1246.2808837890625,1257.300048828125,1279.0,1251.5999755859375,1271.0,1427244
2025-05-20,BHARATFORG,1216.642822265625,1227.4000244140625,1268.0999755859375,1224.199951171875,1263.0,786186
2025-05-21,BHARATFORG,1218.228759765625,1229.0,1248.4000244140625,1219.0999755859375,1226.800048828125,805567
2025-05-22,BHARATFORG,1228.73583984375,1239.5999755859375,1242.0,1217.0,1228.9000244140625,968052
2025-05-23,BHARATFORG,1234.187744140625,1245.0999755859375,1251.9000244140625,1231.300048828125,1241.0,691587
2025-05-26,BHARATFORG,1238.747314453125,1249.699951171875,1259.5999755859375,1240.800048828125,1245.0,786355
2025-05-27,BHARATFORG,1239.441162109375,1250.4000244140625,1259.699951171875,1238.300048828125,1246.0,1239119
2025-05-28,BHARATFORG,1238.251708984375,1249.199951171875,1259.300048828125,1242.0,1247.0999755859375,1299910
2025-05-29,BHARATFORG,1244.89306640625,1255.9000244140625,1276.300048828125,1250.5999755859375,1256.5999755859375,1200243
2025-05-30,BHARATFORG,1230.0244140625,1240.9000244140625,1262.4000244140625,1238.0,1260.0,1020675
2025-06-02,BHARATFORG,1245.8841552734375,1256.9000244140625,1264.0,1230.0,1238.0,1572954
2025-06-03,BHARATFORG,1259.265869140625,1270.4000244140625,1285.800048828125,1253.4000244140625,1258.9000244140625,1513075
2025-06-04,BHARATFORG,1259.563232421875,1270.699951171875,1280.5999755859375,1245.9000244140625,1274.9000244140625,2282886
2025-06-05,BHARATFORG,1258.472900390625,1269.5999755859375,1278.699951171875,1257.0,1277.0999755859375,1340532
2025-06-06,BHARATFORG,1285.0380859375,1296.4000244140625,1299.699951171875,1262.4000244140625,1278.0,1728190
2025-06-09,BHARATFORG,1332.815673828125,1344.5999755859375,1362.0999755859375,1298.4000244140625,1305.0,2575104
2025-06-10,BHARATFORG,1326.96728515625,1338.699951171875,1360.0,1331.199951171875,1360.0,1606742
2025-06-11,BHARATFORG,1321.9119873046875,1333.5999755859375,1350.5999755859375,1325.4000244140625,1342.0,779516
2025-06-12,BHARATFORG,1293.5626220703125,1305.0,1342.5999755859375,1298.5999755859375,1334.800048828125,1186291
2025-06-13,BHARATFORG,1297.8250732421875,1309.300048828125,1315.0,1271.0,1271.0,883872
2025-06-16,BHARATFORG,1310.01708984375,1321.5999755859375,1325.0,1295.199951171875,1311.0,744549
2025-06-17,BHARATFORG,1289.1021728515625,1300.5,1324.9000244140625,1295.0,1321.5999755859375,560014
2025-06-18,BHARATFORG,1286.42578125,1297.800048828125,1321.0999755859375,1290.5999755859375,1320.0,1099732
2025-06-19,BHARATFORG,1265.8079833984375,1277.0,1307.4000244140625,1273.0,1299.0,555035
2025-06-20,BHARATFORG,1267.0966796875,1278.300048828125,1284.300048828125,1269.0,1273.0,904701
2025-06-23,BHARATFORG,1284.4434814453125,1295.800048828125,1305.0,1275.0999755859375,1275.0999755859375,2877325
2025-06-24,BHARATFORG,1283.94775390625,1295.300048828125,1316.9000244140625,1287.5,1309.5999755859375,1239813
2025-06-25,BHARATFORG,1263.9246826171875,1275.0999755859375,1306.0999755859375,1270.5999755859375,1296.5999755859375,896447
2025-06-26,BHARATFORG,1275.224853515625,1286.5,1291.4000244140625,1275.300048828125,1280.0,993564
2025-06-27,BHARATFORG,1298.2215576171875,1309.699951171875,1324.5,1287.9000244140625,1287.9000244140625,1393640
2025-06-30,BHARATFORG,1296.6353759765625,1308.0999755859375,1323.5,1305.5999755859375,1317.0,578990
2025-07-01,BHARATFORG,1272.9449462890625,1284.199951171875,1314.9000244140625,1270.0,1314.9000244140625,1356145
2025-07-02,BHARATFORG,1299.90673828125,1311.4000244140625,1319.0,1275.0,1288.9000244140625,1905720
2025-07-03,BHARATFORG,1287.31787109375,1298.699951171875,1336.0999755859375,1297.0,1311.9000244140625,1616581
2025-07-04,BHARATFORG,1309.0272216796875,1314.5,1318.0,1291.199951171875,1305.0,1039888
2025-07-07,BHARATFORG,1300.7615966796875,1306.199951171875,1314.0,1293.0,1314.0,436455
2025-07-08,BHARATFORG,1275.76611328125,1281.0999755859375,1307.699951171875,1277.300048828125,1306.199951171875,1030390
2025-07-09,BHARATFORG,1256.247802734375,1261.5,1287.0,1260.0,1284.0,755470
2025-07-10,BHARATFORG,1229.658935546875,1234.800048828125,1266.800048828125,1220.5,1262.9000244140625,1081155
2025-07-11,BHARATFORG,1209.7421875,1214.800048828125,1236.5,1210.800048828125,1222.0,916202
2025-07-14,BHARATFORG,1203.9664306640625,1209.0,1218.5999755859375,1201.199951171875,1210.9000244140625,973388
2025-07-15,BHARATFORG,1232.2481689453125,1237.4000244140625,1241.0,1200.0,1210.0,1117950
2025-07-16,BHARATFORG,1226.173583984375,1231.300048828125,1238.5,1224.0,1238.0999755859375,675810
2025-07-17,BHARATFORG,1219.70068359375,1224.800048828125,1241.699951171875,1221.5999755859375,1234.0,824491
2025-07-18,BHARATFORG,1211.5347900390625,1216.5999755859375,1238.0999755859375,1215.0999755859375,1225.0999755859375,517976
2025-07-21,BHARATFORG,1215.71728515625,1220.800048828125,1225.5999755859375,1210.800048828125,1216.5999755859375,418077
2025-07-22,BHARATFORG,1199.6842041015625,1204.699951171875,1222.199951171875,1203.0,1222.0,652973
2025-07-23,BHARATFORG,1218.6051025390625,1223.699951171875,1226.300048828125,1205.199951171875,1207.199951171875,514972
2025-07-24,BHARATFORG,1211.93310546875,1217.0,1230.300048828125,1213.4000244140625,1224.0999755859375,366807
2025-07-25,BHARATFORG,1198.9871826171875,1204.0,1217.9000244140625,1185.699951171875,1214.0,1123836
2025-07-28,BHARATFORG,1183.5516357421875,1188.5,1227.699951171875,1187.0,1202.699951171875,435067
2025-07-29,BHARATFORG,1215.3189697265625,1220.4000244140625,1223.5,1185.0,1188.5,478123
2025-07-30,BHARATFORG,1183.6513671875,1188.5999755859375,1225.5,1179.0,1225.5,1273567
2025-07-31,BHARATFORG,1164.2325439453125,1169.0999755859375,1182.199951171875,1144.5999755859375,1163.9000244140625,1929438
2025-08-01,BHARATFORG,1141.3282470703125,1146.0999755859375,1168.0,1141.9000244140625,1168.0,580962
2025-08-04,BHARATFORG,1172.4979248046875,1177.4000244140625,1179.5999755859375,1140.4000244140625,1145.0,596728
2025-08-05,BHARATFORG,1155.668212890625,1160.5,1177.699951171875,1151.5999755859375,1175.0,384753
2025-08-06,BHARATFORG,1134.65625,1139.4000244140625,1172.9000244140625,1132.800048828125,1151.699951171875,1375068
2025-08-07,BHARATFORG,1156.763671875,1161.5999755859375,1165.699951171875,1102.0,1128.0,2555948
2025-08-08,BHARATFORG,1130.4736328125,1135.199951171875,1170.300048828125,1129.0,1159.0,740040
2025-08-11,BHARATFORG,1161.0458984375,1165.9000244140625,1173.300048828125,1129.5,1136.800048828125,630216
2025-08-12,BHARATFORG,1147.60205078125,1152.4000244140625,1174.300048828125,1150.0,1165.9000244140625,518053
2025-08-13,BHARATFORG,1176.5809326171875,1181.5,1185.5999755859375,1158.0999755859375,1158.0999755859375,425145
2025-08-14,BHARATFORG,1175.5849609375,1180.5,1186.0,1167.0999755859375,1182.4000244140625,638001
2025-08-18,BHARATFORG,1179.568359375,1184.5,1200.0999755859375,1180.0,1199.800048828125,335523
2025-08-19,BHARATFORG,1183.5516357421875,1188.5,1194.4000244140625,1175.4000244140625,1184.9000244140625,217082
2025-08-20,BHARATFORG,1154.074951171875,1158.9000244140625,1194.4000244140625,1157.0,1194.4000244140625,598367
2025-08-21,BHARATFORG,1149.294921875,1154.0999755859375,1180.5,1148.9000244140625,1160.800048828125,2558248
2025-08-22,BHARATFORG,1118.324462890625,1123.0,1157.0999755859375,1120.199951171875,1150.0,1414231
2025-08-25,BHARATFORG,1134.65625,1139.4000244140625,1157.800048828125,1124.5999755859375,1125.9000244140625,1825618
2025-08-26,BHARATFORG,1117.62744140625,1122.300048828125,1143.199951171875,1110.0,1136.199951171875,1196400
2025-08-28,BHARATFORG,1119.917724609375,1124.5999755859375,1132.4000244140625,1105.0999755859375,1115.0,1103861
2025-08-29,BHARATFORG,1102.09228515625,1106.699951171875,1127.9000244140625,1100.5,1117.0,1414573
2025-09-01,BHARATFORG,1121.710205078125,1126.4000244140625,1131.9000244140625,1104.5999755859375,1106.699951171875,588447
2025-09-02,BHARATFORG,1129.876220703125,1134.5999755859375,1143.199951171875,1115.5999755859375,1125.0,624504
2025-09-03,BHARATFORG,1130.8719482421875,1135.5999755859375,1140.699951171875,1130.0999755859375,1139.0,245821
2025-09-04,BHARATFORG,1126.6895751953125,1131.4000244140625,1165.0,1128.0,1165.0,683551
2025-09-05,BHARATFORG,1131.9674072265625,1136.699951171875,1149.9000244140625,1128.0,1145.0,775351
2025-09-08,BHARATFORG,1197.792236328125,1202.800048828125,1214.9000244140625,1140.5999755859375,1144.0,3849812
2025-09-09,BHARATFORG,1176.780029296875,1181.699951171875,1206.9000244140625,1170.0999755859375,1203.0,748250
2025-09-10,BHARATFORG,1194.904296875,1199.9000244140625,1238.699951171875,1198.199951171875,1205.0,2479810
2025-09-11,BHARATFORG,1206.8543701171875,1211.9000244140625,1218.4000244140625,1194.0,1199.300048828125,610937
2025-09-12,BHARATFORG,1217.908203125,1223.0,1235.5999755859375,1215.0,1229.0,1086138
2025-09-15,BHARATFORG,1232.0489501953125,1237.199951171875,1240.0,1217.300048828125,1223.699951171875,818690
2025-09-16,BHARATFORG,1257.9407958984375,1263.199951171875,1265.199951171875,1239.0,1240.0,1396380
2025-09-17,BHARATFORG,1263.3182373046875,1268.5999755859375,1275.4000244140625,1261.300048828125,1269.4000244140625,1638765
2025-09-18,BHARATFORG,1263.3182373046875,1268.5999755859375,1278.5,1266.800048828125,1278.0,622251
2025-09-19,BHARATFORG,1267.401123046875,1272.699951171875,1275.5999755859375,1253.5999755859375,1267.0,1013984
2025-09-22,BHARATFORG,1250.770751953125,1256.0,1273.800048828125,1252.300048828125,1265.5999755859375,402246
2025-09-23,BHARATFORG,1245.7916259765625,1251.0,1273.800048828125,1247.0999755859375,1256.0,1451840
2025-09-24,BHARATFORG,1203.9664306640625,1209.0,1250.5,1207.0999755859375,1250.5,926067
2025-09-25,BHARATFORG,1202.2735595703125,1207.300048828125,1225.0,1204.0,1210.4000244140625,463260
2025-09-26,BHARATFORG,1176.1826171875,1181.0999755859375,1210.0,1179.0,1199.0,705082
2025-09-29,BHARATFORG,1208.945556640625,1214.0,1228.9000244140625,1182.199951171875,1192.800048828125,9224344
2025-09-30,BHARATFORG,1207.352294921875,1212.4000244140625,1223.699951171875,1193.199951171875,1203.9000244140625,1252243
2025-10-01,BHARATFORG,1214.522216796875,1219.5999755859375,1229.9000244140625,1202.4000244140625,1219.9000244140625,843754
2025-10-03,BHARATFORG,1215.1197509765625,1220.199951171875,1230.0,1210.199951171875,1219.5999755859375,434862
2025-10-06,BHARATFORG,1229.459716796875,1234.5999755859375,1238.5999755859375,1212.0,1222.0,313008
2025-10-07,BHARATFORG,1211.7340087890625,1216.800048828125,1240.5,1212.699951171875,1237.0,686058
2025-10-08,BHARATFORG,1186.0413818359375,1191.0,1221.0,1183.0,1217.0,824378
2025-10-09,BHARATFORG,1204.2652587890625,1209.300048828125,1212.800048828125,1179.4000244140625,1190.5,469286
2025-10-10,BHARATFORG,1214.920654296875,1220.0,1227.0999755859375,1208.199951171875,1215.0,423694
2025-10-13,BHARATFORG,1221.0947265625,1226.199951171875,1228.0,1200.199951171875,1220.0,290988
2025-10-14,BHARATFORG,1217.80859375,1222.9000244140625,1233.800048828125,1202.0,1225.5999755859375,970885
2025-10-15,BHARATFORG,1227.4681396484375,1232.5999755859375,1241.0,1217.800048828125,1227.0,373500
2025-10-16,BHARATFORG,1259.932373046875,1265.199951171875,1275.9000244140625,1230.0,1234.0,1695549
2025-10-17,BHARATFORG,1236.4306640625,1241.5999755859375,1270.0,1236.5,1269.800048828125,674285
2025-10-20,BHARATFORG,1242.5052490234375,1247.699951171875,1254.300048828125,1240.4000244140625,1245.0,587947
2025-10-21,BHARATFORG,1238.2232666015625,1243.4000244140625,1259.0999755859375,1235.0999755859375,1258.0,93642
2025-10-23,BHARATFORG,1294.68701171875,1300.0999755859375,1311.0,1265.0,1268.9000244140625,3449100
2025-10-24,BHARATFORG,1278.5545654296875,1283.9000244140625,1311.0,1277.0,1300.0999755859375,852230
2025-10-27,BHARATFORG,1295.981689453125,1301.4000244140625,1307.199951171875,1284.0,1289.9000244140625,621215
2025-10-28,BHARATFORG,1302.6536865234375,1308.0999755859375,1320.5999755859375,1289.0,1302.199951171875,1303001
2025-10-29,BHARATFORG,1316.695068359375,1322.199951171875,1324.5,1295.699951171875,1308.0999755859375,643943
2025-10-30,BHARATFORG,1311.7158203125,1317.199951171875,1326.800048828125,1305.0,1325.0,430914
2025-10-31,BHARATFORG,1319.1845703125,1324.699951171875,1328.800048828125,1307.300048828125,1317.199951171875,793616
2025-11-03,BHARATFORG,1335.117919921875,1340.699951171875,1355.699951171875,1316.5999755859375,1324.0999755859375,797023
2025-11-04,BHARATFORG,1319.3837890625,1324.9000244140625,1342.9000244140625,1319.5999755859375,1341.0,547122
2025-11-06,BHARATFORG,1314.2054443359375,1319.699951171875,1331.5999755859375,1299.0999755859375,1320.0,1108499
2025-11-07,BHARATFORG,1311.6162109375,1317.0999755859375,1320.699951171875,1301.4000244140625,1315.0,457443
2025-11-10,BHARATFORG,1322.869384765625,1328.4000244140625,1336.0,1306.800048828125,1318.300048828125,723187
2025-11-11,BHARATFORG,1396.262451171875,1402.0999755859375,1411.0,1303.699951171875,1333.800048828125,4813720
2025-11-12,BHARATFORG,1383.4161376953125,1389.199951171875,1410.0,1378.5999755859375,1410.0,1721977
2025-11-13,BHARATFORG,1383.017822265625,1388.800048828125,1410.9000244140625,1377.0,1396.199951171875,1046952
2025-11-14,BHARATFORG,1390.8848876953125,1396.699951171875,1405.0,1368.0,1377.0,1232599
2025-11-17,BHARATFORG,1377.93896484375,1383.699951171875,1402.0,1380.0,1402.0,1511212
2025-11-18,BHARATFORG,1390.7852783203125,1396.5999755859375,1404.0,1371.5,1388.0,1361221
2025-11-19,BHARATFORG,1440.1787109375,1446.199951171875,1453.5,1396.699951171875,1398.9000244140625,2476584
2025-11-20,BHARATFORG,1429.4237060546875,1435.4000244140625,1460.199951171875,1432.9000244140625,1460.0,903044
2025-11-21,BHARATFORG,1404.32861328125,1410.199951171875,1435.9000244140625,1406.300048828125,1432.199951171875,796865
2025-11-24,BHARATFORG,1406.3204345703125,1412.199951171875,1430.0999755859375,1402.699951171875,1410.199951171875,3019271
2025-11-25,BHARATFORG,1403.830810546875,1409.699951171875,1422.699951171875,1399.300048828125,1410.0,668177
2025-11-26,BHARATFORG,1425.3409423828125,1431.300048828125,1436.0,1405.300048828125,1408.0,567619
2025-11-27,BHARATFORG,1427.43212890625,1433.4000244140625,1445.199951171875,1428.9000244140625,1435.0,463627
2025-11-28,BHARATFORG,1427.8304443359375,1433.800048828125,1438.300048828125,1412.699951171875,1433.4000244140625,1148404
2025-12-01,BHARATFORG,1427.0338134765625,1433.0,1450.0,1424.9000244140625,1438.0,495952
2025-12-02,BHARATFORG,1415.4820556640625,1421.4000244140625,1433.9000244140625,1409.199951171875,1428.699951171875,1579879
2025-12-03,BHARATFORG,1400.84326171875,1406.699951171875,1415.0,1385.0,1415.0,1946889
2025-12-04,BHARATFORG,1388.4949951171875,1394.300048828125,1419.300048828125,1389.699951171875,1405.0,805774
2025-12-05,BHARATFORG,1400.146240234375,1406.0,1408.300048828125,1385.699951171875,1394.4000244140625,483518
2025-12-08,BHARATFORG,1367.881103515625,1373.5999755859375,1405.0,1364.199951171875,1400.0,662073
2025-12-09,BHARATFORG,1377.540771484375,1383.300048828125,1390.800048828125,1347.5,1368.0,700847
2025-12-10,BHARATFORG,1378.0386962890625,1383.800048828125,1392.4000244140625,1375.699951171875,1387.0999755859375,570470
2025-12-11,BHARATFORG,1401.540283203125,1407.4000244140625,1414.199951171875,1375.0,1375.0,550022
2025-12-12,BHARATFORG,1420.660400390625,1426.5999755859375,1430.0,1404.699951171875,1414.9000244140625,509588
2025-12-15,BHARATFORG,1408.2125244140625,1414.0999755859375,1426.5999755859375,1397.5,1426.0,546507
2025-12-16,BHARATFORG,1411.498779296875,1417.4000244140625,1424.0,1395.0,1414.0999755859375,425601
2025-12-17,BHARATFORG,1407.415771484375,1413.300048828125,1419.4000244140625,1400.5,1415.0,282655
2025-12-18,BHARATFORG,1401.639892578125,1407.5,1419.800048828125,1384.0,1419.800048828125,431008
2025-12-19,BHARATFORG,1433.905029296875,1439.9000244140625,1442.699951171875,1400.5,1401.4000244140625,503965
2025-12-22,BHARATFORG,1450.13720703125,1456.199951171875,1463.4000244140625,1440.9000244140625,1450.800048828125,605327
2025-12-23,BHARATFORG,1454.1204833984375,1460.199951171875,1465.0,1437.5,1463.199951171875,477398
2025-12-24,BHARATFORG,1444.4609375,1450.5,1470.5999755859375,1447.0,1467.5,406574
2025-12-26,BHARATFORG,1437.7889404296875,1443.800048828125,1460.0,1438.0,1447.300048828125,544143
2025-12-29,BHARATFORG,1439.6807861328125,1445.699951171875,1455.4000244140625,1438.199951171875,1442.9000244140625,587076
2025-12-30,BHARATFORG,1448.5438232421875,1454.5999755859375,1466.800048828125,1441.0,1441.0,791722
2025-12-31,BHARATFORG,1464.278076171875,1470.4000244140625,1490.9000244140625,1455.0,1490.9000244140625,1952667
2026-01-01,BHARATFORG,1458.3031005859375,1464.4000244140625,1480.0,1459.4000244140625,1480.0,368504
2026-01-02,BHARATFORG,1471.0496826171875,1477.199951171875,1487.9000244140625,1462.4000244140625,1467.0,1005873
2026-01-05,BHARATFORG,1476.128662109375,1482.300048828125,1494.0,1465.9000244140625,1486.9000244140625,918595
2026-01-06,BHARATFORG,1468.5601806640625,1474.699951171875,1506.5,1468.800048828125,1483.0,841560
2026-01-07,BHARATFORG,1477.223876953125,1483.4000244140625,1491.0999755859375,1464.0999755859375,1475.5999755859375,483951
2026-01-08,BHARATFORG,1448.0460205078125,1454.0999755859375,1485.699951171875,1446.800048828125,1480.0,1960058
2026-01-09,BHARATFORG,1438.48583984375,1444.5,1467.0999755859375,1439.300048828125,1458.9000244140625,725796
2026-01-12,BHARATFORG,1450.5355224609375,1456.5999755859375,1460.0999755859375,1419.0,1435.0,533588
2026-01-13,BHARATFORG,1454.2200927734375,1460.300048828125,1467.5999755859375,1448.0,1457.300048828125,476748
2026-01-14,BHARATFORG,1441.174560546875,1447.199951171875,1464.5999755859375,1440.0,1454.9000244140625,306790
2026-01-16,BHARATFORG,1451.332275390625,1457.4000244140625,1478.0,1444.0999755859375,1444.0999755859375,513291
2026-01-19,BHARATFORG,1409.208251953125,1415.0999755859375,1456.4000244140625,1412.0,1454.9000244140625,435724
2026-01-20,BHARATFORG,1388.2957763671875,1394.0999755859375,1418.800048828125,1385.5,1409.0,634730
2026-01-21,BHARATFORG,1374.2545166015625,1380.0,1405.699951171875,1366.699951171875,1386.0,878004
2026-01-22,BHARATFORG,1425.5400390625,1431.5,1442.4000244140625,1381.0,1395.0,682858
2026-01-23,BHARATFORG,1402.9345703125,1408.800048828125,1444.5,1398.699951171875,1435.0,650137
2026-01-27,BHARATFORG,1412.59423828125,1418.5,1444.300048828125,1395.0999755859375,1427.9000244140625,662750
2026-01-28,BHARATFORG,1453.025146484375,1459.0999755859375,1469.0999755859375,1414.4000244140625,1424.699951171875,1434750
2026-01-29,BHARATFORG,1431.9134521484375,1437.9000244140625,1463.0999755859375,1425.4000244140625,1461.0999755859375,993700
2026-01-30,BHARATFORG,1435.3988037109375,1441.4000244140625,1450.9000244140625,1419.199951171875,1434.699951171875,1048256
2026-02-02,BHARATFORG,1437.689208984375,1443.699951171875,1453.5999755859375,1384.4000244140625,1385.300048828125,638162
2026-02-03,BHARATFORG,1532.5924072265625,1539.0,1588.0,1533.0999755859375,1560.0,5756431
2026-02-04,BHARATFORG,1584.3759765625,1591.0,1596.9000244140625,1529.0,1540.0,1510124
2026-02-05,BHARATFORG,1566.6500244140625,1573.199951171875,1599.0,1561.5,1598.0,1823030
2026-02-06,BHARATFORG,1551.015380859375,1557.5,1573.699951171875,1541.4000244140625,1573.199951171875,638178
2026-02-09,BHARATFORG,1583.7784423828125,1590.4000244140625,1615.4000244140625,1578.0,1585.0,1122123
2026-02-10,BHARATFORG,1607.2801513671875,1614.0,1617.0,1582.199951171875,1590.5,918399
2026-02-11,BHARATFORG,1669.42041015625,1676.4000244140625,1688.4000244140625,1607.5999755859375,1620.0,2361480
2026-02-12,BHARATFORG,1719.5108642578125,1726.699951171875,1756.9000244140625,1619.5999755859375,1676.0,5012665
2026-02-13,BHARATFORG,1731.5606689453125,1738.800048828125,1784.199951171875,1725.9000244140625,1756.9000244140625,4313855
2026-02-16,BHARATFORG,1720.2081298828125,1727.4000244140625,1773.199951171875,1720.199951171875,1739.0999755859375,2443341
2026-02-17,BHARATFORG,1743.908935546875,1751.199951171875,1766.0,1726.0999755859375,1727.5999755859375,1658775
2026-02-18,BHARATFORG,1766.0418701171875,1771.4000244140625,1778.9000244140625,1747.300048828125,1753.300048828125,1977808
2026-02-19,BHARATFORG,1752.8817138671875,1758.199951171875,1801.300048828125,1751.800048828125,1779.800048828125,1767490
2026-02-20,BHARATFORG,1774.6158447265625,1780.0,1784.0,1738.199951171875,1749.5999755859375,2389917
2026-02-23,BHARATFORG,1826.45849609375,1832.0,1838.0,1783.0,1798.0,2598731
2026-02-24,BHARATFORG,1852.6790771484375,1858.300048828125,1864.699951171875,1817.800048828125,1834.5999755859375,1733890
2026-02-25,BHARATFORG,1896.246826171875,1902.0,1908.9000244140625,1849.199951171875,1868.0,1539022
2026-02-26,BHARATFORG,1906.216552734375,1912.0,1919.9000244140625,1884.800048828125,1902.0999755859375,1444595
2026-02-27,BHARATFORG,1905.4189453125,1911.199951171875,1926.300048828125,1901.0999755859375,1922.0,1401713
2026-03-02,BHARATFORG,1873.615478515625,1879.300048828125,1929.5,1852.199951171875,1860.0999755859375,1490881
2026-03-04,BHARATFORG,1836.2288818359375,1841.800048828125,1870.0,1810.4000244140625,1870.0,1688493
2026-03-05,BHARATFORG,1892.65771484375,1898.4000244140625,1918.0,1859.9000244140625,1900.0,3038129
2026-03-06,BHARATFORG,1918.08056640625,1923.9000244140625,1935.5,1879.9000244140625,1894.9000244140625,1711572
2026-03-09,BHARATFORG,1856.6669921875,1862.300048828125,1909.199951171875,1809.9000244140625,1909.199951171875,1166675
2026-03-10,BHARATFORG,1836.627685546875,1842.199951171875,1886.5,1827.0999755859375,1885.0,959909
2026-03-11,BHARATFORG,1791.6640625,1797.0999755859375,1862.800048828125,1793.0,1849.699951171875,807896
2026-03-12,BHARATFORG,1774.217041015625,1779.5999755859375,1792.4000244140625,1720.0,1789.9000244140625,1253973
2026-03-13,BHARATFORG,1670.0330810546875,1675.0999755859375,1775.5,1666.0999755859375,1764.0,1361265
2026-03-16,BHARATFORG,1691.866943359375,1697.0,1717.4000244140625,1650.0,1675.0999755859375,905203
2026-03-17,BHARATFORG,1740.7186279296875,1746.0,1755.0,1691.199951171875,1708.0,1099383
2026-03-18,BHARATFORG,1798.9420166015625,1804.4000244140625,1812.0,1760.0,1760.0,2118929
2026-03-19,BHARATFORG,1707.2203369140625,1712.4000244140625,1773.0,1701.0,1760.199951171875,874537
2026-03-20,BHARATFORG,1706.322998046875,1711.5,1757.9000244140625,1706.300048828125,1718.0,939720
2026-03-23,BHARATFORG,1643.61328125,1648.5999755859375,1700.0,1634.0,1700.0,1394239
2026-03-24,BHARATFORG,1703.6312255859375,1708.800048828125,1724.4000244140625,1649.4000244140625,1700.0,1227249
2026-03-25,BHARATFORG,1731.2474365234375,1736.5,1751.4000244140625,1720.0,1738.5,1733055
2026-03-27,BHARATFORG,1719.8818359375,1725.0999755859375,1739.0,1684.300048828125,1721.0,2212093
2026-03-30,BHARATFORG,1669.53466796875,1674.5999755859375,1707.800048828125,1653.699951171875,1690.0,1836256
2026-04-01,BHARATFORG,1663.3533935546875,1668.4000244140625,1730.5,1661.699951171875,1710.0,957975
2026-04-02,BHARATFORG,1637.6314697265625,1642.5999755859375,1657.4000244140625,1613.4000244140625,1644.699951171875,1002002
2026-04-06,BHARATFORG,1665.5467529296875,1670.5999755859375,1680.0,1616.5999755859375,1637.0,1211548
2026-04-07,BHARATFORG,1666.24462890625,1671.300048828125,1675.5999755859375,1610.199951171875,1667.9000244140625,1247449
2026-04-08,BHARATFORG,1776.0115966796875,1781.4000244140625,1791.4000244140625,1716.5,1716.5,1961222
2026-04-09,BHARATFORG,1734.138671875,1739.4000244140625,1781.0,1724.0999755859375,1778.0,1861562
2026-04-10,BHARATFORG,1793.3590087890625,1798.800048828125,1805.0,1751.0,1751.0,1462504
2026-04-13,BHARATFORG,1795.8514404296875,1801.300048828125,1822.5,1739.199951171875,1770.0,1138866
2026-04-15,BHARATFORG,1826.0596923828125,1831.5999755859375,1849.300048828125,1811.5,1830.0,1709299
2026-04-16,BHARATFORG,1850.1866455078125,1855.800048828125,1860.0,1830.0,1847.9000244140625,1279566
2026-04-17,BHARATFORG,1854.872314453125,1860.5,1876.0,1821.0,1855.800048828125,1036045
2026-04-20,BHARATFORG,1860.5550537109375,1866.199951171875,1881.9000244140625,1831.699951171875,1864.0,742005
2026-04-21,BHARATFORG,1890.0655517578125,1895.800048828125,1915.0,1873.0,1875.0,971441
2026-04-22,BHARATFORG,1897.443115234375,1903.199951171875,1925.0,1888.0999755859375,1888.0999755859375,1054785
2026-04-23,BHARATFORG,1868.43115234375,1874.0999755859375,1912.4000244140625,1846.4000244140625,1899.0,1398269
2026-04-24,BHARATFORG,1850.385986328125,1856.0,1892.0999755859375,1836.0,1884.0,680205
2026-04-27,BHARATFORG,1895.3494873046875,1901.0999755859375,1919.4000244140625,1865.4000244140625,1865.4000244140625,890710
2026-04-28,BHARATFORG,1889.068603515625,1894.800048828125,1915.0,1890.0,1910.0,546155
2026-04-29,BHARATFORG,1902.029296875,1907.800048828125,1949.9000244140625,1897.199951171875,1905.699951171875,1752427
2026-04-30,BHARATFORG,1875.908447265625,1881.5999755859375,1906.5,1846.699951171875,1904.0999755859375,2076179
2026-05-01,BHARATFORG,1875.908447265625,1881.5999755859375,1881.5999755859375,1881.5999755859375,1881.5999755859375,0
2026-05-04,BHARATFORG,1840.216796875,1845.800048828125,1916.0999755859375,1837.5,1912.300048828125,1030440
2026-05-05,BHARATFORG,1860.953857421875,1866.5999755859375,1878.300048828125,1818.300048828125,1845.800048828125,1019363
2026-05-06,BHARATFORG,1868.1322021484375,1873.800048828125,1905.0,1831.199951171875,1885.0,1389306
2026-05-07,BHARATFORG,1986.871826171875,1992.9000244140625,2026.5999755859375,1856.0999755859375,1887.4000244140625,7055670
2026-05-08,BHARATFORG,1983.6815185546875,1989.699951171875,2044.0,1975.0999755859375,2009.4000244140625,3399059
2026-05-11,BHARATFORG,1980.98974609375,1987.0,2007.4000244140625,1952.4000244140625,1983.0,1307321
2026-05-12,BHARATFORG,1907.2135009765625,1913.0,1999.0,1907.199951171875,1999.0,1099257
2026-05-13,BHARATFORG,1940.0140380859375,1945.9000244140625,1986.9000244140625,1911.800048828125,1912.9000244140625,1225143
2026-05-14,BHARATFORG,1943.0050048828125,1948.9000244140625,1976.699951171875,1938.800048828125,1972.0,1194716
2026-05-15,BHARATFORG,1907.313232421875,1913.0999755859375,1959.699951171875,1905.0999755859375,1959.699951171875,822275
2026-05-18,BHARATFORG,1885.280029296875,1891.0,1910.0,1865.4000244140625,1910.0,472953
2026-05-19,BHARATFORG,1851.6820068359375,1857.300048828125,1902.800048828125,1848.0,1885.0,1020594
2026-05-20,BHARATFORG,1882.488525390625,1888.199951171875,1905.699951171875,1827.5999755859375,1845.0,953954
2026-05-21,BHARATFORG,1893.0565185546875,1898.800048828125,1931.9000244140625,1892.199951171875,1902.0,589383
2026-05-22,BHARATFORG,1891.959716796875,1897.699951171875,1916.9000244140625,1892.0,1900.0,636410
2026-05-25,BHARATFORG,1912.49755859375,1918.300048828125,1942.9000244140625,1896.300048828125,1914.800048828125,831690
2026-05-26,BHARATFORG,1924.5609130859375,1930.4000244140625,1939.9000244140625,1908.300048828125,1926.5999755859375,1012118
2026-05-27,BHARATFORG,1932.736083984375,1938.5999755859375,1961.0,1916.0,1938.9000244140625,561943
2026-05-28,BHARATFORG,1932.736083984375,1938.5999755859375,1938.5999755859375,1938.5999755859375,1938.5999755859375,0
2026-05-29,BHARATFORG,1951.27978515625,1957.199951171875,1967.800048828125,1920.0,1956.4000244140625,3127027
2026-06-01,BHARATFORG,1916.8841552734375,1922.699951171875,1970.0999755859375,1915.300048828125,1970.0999755859375,758736
2026-06-02,BHARATFORG,1897.14404296875,1902.9000244140625,1918.800048828125,1870.5,1913.9000244140625,1291251
2026-06-03,BHARATFORG,1930.6424560546875,1936.5,1948.9000244140625,1893.9000244140625,1908.0999755859375,808066
2026-06-04,BHARATFORG,1931.639404296875,1937.5,1988.5,1931.5,1936.5,1347808
2026-06-05,BHARATFORG,1923.9627685546875,1929.800048828125,1952.0,1917.0999755859375,1928.0999755859375,380703
2026-06-08,BHARATFORG,1887.3736572265625,1893.0999755859375,1931.0,1882.199951171875,1909.9000244140625,402580
2026-06-09,BHARATFORG,1919.5760498046875,1925.4000244140625,1954.5999755859375,1903.4000244140625,1908.0,1005803
2026-06-10,BHARATFORG,1943.303955078125,1949.199951171875,1975.4000244140625,1877.0,1925.4000244140625,1923743
2026-06-11,BHARATFORG,1937.0230712890625,1942.9000244140625,1965.0,1928.800048828125,1947.199951171875,801831
2026-06-12,BHARATFORG,1939.2164306640625,1945.0999755859375,1982.699951171875,1912.199951171875,1952.0,893592
2026-06-15,BHARATFORG,2014.3883056640625,2020.5,2036.0,1954.800048828125,1971.5,1665028
2026-06-16,BHARATFORG,2006.2132568359375,2012.300048828125,2040.0,2005.5,2040.0,925881
2026-06-17,BHARATFORG,2028.3460693359375,2034.5,2039.0,2001.0999755859375,2022.0,670471
2026-06-18,BHARATFORG,2013.7901611328125,2019.9000244140625,2049.10009765625,2005.9000244140625,2040.0,840631
2026-06-19,BHARATFORG,2035.2252197265625,2041.4000244140625,2059.5,2019.9000244140625,2031.0999755859375,1726725
2026-06-22,BHARATFORG,2097.4365234375,2103.800048828125,2113.60009765625,2041.699951171875,2060.0,1846475
2026-06-23,BHARATFORG,2145.789794921875,2152.300048828125,2158.5,2103.800048828125,2115.0,1891131
2026-06-24,BHARATFORG,2116.37890625,2122.800048828125,2167.5,2099.300048828125,2145.0,1303397
2026-06-25,BHARATFORG,2138.810791015625,2145.300048828125,2166.0,2122.89990234375,2139.800048828125,1291633
2026-06-26,BHARATFORG,2138.810791015625,2145.300048828125,2145.300048828125,2145.300048828125,2145.300048828125,0
2026-06-29,BHARATFORG,2164.333251953125,2170.89990234375,2238.0,2096.10009765625,2145.300048828125,7505450
2026-06-30,BHARATFORG,2137.614501953125,2144.10009765625,2166.10009765625,2056.10009765625,2114.10009765625,2138525
2026-07-01,BHARATFORG,2102.42138671875,2108.800048828125,2167.89990234375,2088.300048828125,2151.0,1124785
2026-07-02,BHARATFORG,2142.39990234375,2148.89990234375,2153.699951171875,2098.199951171875,2135.0,773217
2026-07-03,BHARATFORG,2136.699951171875,2136.699951171875,2175.0,2129.60009765625,2160.0,537585
2026-07-06,BHARATFORG,2138.699951171875,2138.699951171875,2176.10009765625,2134.0,2139.89990234375,648594
2026-07-07,BHARATFORG,2111.60009765625,2111.60009765625,2143.89990234375,2096.60009765625,2136.0,773390
2026-07-08,BHARATFORG,2100.5,2100.5,2149.89990234375,2083.0,2108.10009765625,861054
2026-07-09,BHARATFORG,2130.60009765625,2130.60009765625,2140.199951171875,2085.39990234375,2102.0,585560
2026-07-10,BHARATFORG,2117.0,2117.0,2159.89990234375,2108.10009765625,2143.39990234375,495091
2026-07-13,BHARATFORG,2145.60009765625,2145.60009765625,2153.0,2096.300048828125,2108.0,628327
2026-07-14,BHARATFORG,2119.699951171875,2119.699951171875,2149.0,2098.10009765625,2137.39990234375,568854
2026-07-15,BHARATFORG,2100.39990234375,2100.39990234375,2152.39990234375,2095.5,2124.0,719809
2026-07-16,BHARATFORG,2104.699951171875,2104.699951171875,2126.699951171875,2082.0,2102.300048828125,832197
2026-07-17,BHARATFORG,2190.5,2190.5,2196.699951171875,2101.0,2101.0,1942065
2026-07-20,BHARATFORG,2209.0,2209.0,2215.39990234375,2169.10009765625,2194.699951171875,864497
2026-07-21,BHARATFORG,2201.800048828125,2201.800048828125,2223.199951171875,2186.800048828125,2208.10009765625,718771
2026-07-22,BHARATFORG,2185.5,2185.5,2215.0,2179.5,2188.0,796312
2026-07-23,BHARATFORG,2175.300048828125,2175.300048828125,2207.0,2159.199951171875,2182.0,761358
2026-07-24,BHARATFORG,2151.60009765625,2151.60009765625,2169.0,2128.10009765625,2162.0,634484
2026-07-27,BHARATFORG,2181.300048828125,2181.300048828125,2189.0,2151.60009765625,2168.0,704988
2026-07-28,BHARATFORG,2162.699951171875,2162.699951171875,2186.60009765625,2142.0,2182.0,734961
2026-07-29,BHARATFORG,2171.5,2171.5,2185.0,2151.199951171875,2173.5,686018
2026-07-30,BHARATFORG,2164.699951171875,2164.699951171875,2175.39990234375,2141.39990234375,2165.0,317987
2026-07-31,BHARATFORG,2199.800048828125,2199.800048828125,2212.60009765625,2161.5,2164.699951171875,952103
2026-08-03,BHARATFORG,2211.0,2211.0,2232.5,2192.0,2218.0,596791
2026-08-04,BHARATFORG,2195.0,2195.0,2214.89990234375,2177.10009765625,2213.199951171875,699993
2026-08-05,BHARATFORG,2197.10009765625,2197.10009765625,2229.800048828125,2184.0,2197.699951171875,743973
2026-08-06,BHARATFORG,2210.0,2210.0,2222.39990234375,2176.10009765625,2197.10009765625,897784
2026-08-07,BHARATFORG,2265.199951171875,2265.199951171875,2270.0,2190.39990234375,2209.89990234375,1152060
2026-08-10,BHARATFORG,2093.10009765625,2093.10009765625,2295.0,2056.10009765625,2278.800048828125,5058607
2026-08-11,BHARATFORG,2051.0,2051.0,2144.39990234375,2028.0,2114.89990234375,4011397
2026-08-12,BHARATFORG,2081.5,2081.5,2081.5,2042.9000244140625,2051.0,1981864
2026-08-13,BHARATFORG,2088.0,2088.0,2103.0,2075.0,2080.0,1073265
2026-08-14,BHARATFORG,2065.0,2065.0,2090.699951171875,2052.60009765625,2088.0,804954
2026-08-17,BHARATFORG,2093.0,2093.0,2099.60009765625,2055.60009765625,2057.800048828125,1157779
2026-08-18,BHARATFORG,2098.89990234375,2098.89990234375,2098.89990234375,2064.0,2089.89990234375,771575
2026-08-19,BHARATFORG,2069.0,2069.0,2095.0,2048.60009765625,2090.0,1263394
2026-08-20,BHARATFORG,2062.0,2062.0,2084.0,2045.199951171875,2071.10009765625,417329
2026-08-21,BHARATFORG,2063.0,2063.0,2072.0,2021.300048828125,2054.0,877899
2026-08-24,BHARATFORG,2041.0,2041.0,2067.199951171875,2036.9000244140625,2058.0,993747
2026-08-25,BHARATFORG,2052.5,2052.5,2052.5,2026.0,2040.5,559434
2026-08-26,BHARATFORG,2005.0,2005.0,2052.5,2005.0,2052.5,456259
2026-08-27,BHARATFORG,2050.0,2050.0,2050.0,2006.0,2006.0,1465432
2026-08-28,BHARATFORG,,,2048.10009765625,2005.4000244140625,2048.10009765625,362638
