Date,Symbol,Adj Close,Close,High,Low,Open,Volume
2021-04-19,LODHA,230.33375549316406,232.625,239.0,211.3000030517578,218.0,22102730
2021-04-20,LODHA,249.0723419189453,251.5500030517578,256.92498779296875,228.6750030517578,234.0,11705072
2021-04-22,LODHA,259.2956237792969,261.875,271.375,245.8000030517578,249.0,4728296
2021-04-23,LODHA,262.73638916015625,265.3500061035156,268.45001220703125,258.8500061035156,261.3999938964844,2300838
2021-04-26,LODHA,287.193115234375,290.04998779296875,293.0,266.0,266.0,4139576
2021-04-27,LODHA,299.2234802246094,302.20001220703125,306.375,285.5249938964844,288.0,4373976
2021-04-28,LODHA,304.7930908203125,307.82501220703125,310.0,298.1000061035156,302.3999938964844,1970340
2021-04-29,LODHA,297.8620300292969,300.82501220703125,309.5,290.57501220703125,309.375,3749610
2021-04-30,LODHA,293.9261779785156,296.8500061035156,310.95001220703125,294.04998779296875,296.0,689580
2021-05-03,LODHA,296.6985778808594,299.6499938964844,302.5,285.1000061035156,295.0,848474
2021-05-04,LODHA,295.9064636230469,298.8500061035156,304.0,291.3500061035156,300.625,587900
2021-05-05,LODHA,300.01556396484375,303.0,306.0,293.75,295.5,582008
2021-05-06,LODHA,298.01055908203125,300.9750061035156,306.125,297.7749938964844,303.0,281584
2021-05-07,LODHA,312.7637939453125,315.875,319.0,301.5,301.5,2697842
2021-05-10,LODHA,342.4682922363281,345.875,379.04998779296875,314.92498779296875,315.0,3202552
2021-05-11,LODHA,342.44354248046875,345.8500061035156,351.3500061035156,337.57501220703125,342.3999938964844,938596
2021-05-12,LODHA,320.1404113769531,323.32501220703125,355.125,317.4750061035156,350.0,1409480
2021-05-14,LODHA,320.75927734375,323.95001220703125,335.7250061035156,307.25,332.45001220703125,1291314
2021-05-17,LODHA,320.5117492675781,323.70001220703125,328.5,313.79998779296875,324.0,2173164
2021-05-18,LODHA,313.308349609375,316.42498779296875,323.92498779296875,307.25,323.92498779296875,1331362
2021-05-19,LODHA,314.0262145996094,317.1499938964844,321.0,311.75,311.75,676842
2021-05-20,LODHA,311.1795349121094,314.2749938964844,322.57501220703125,308.0249938964844,317.1499938964844,415756
2021-05-21,LODHA,319.0017395019531,322.17498779296875,328.45001220703125,314.25,318.45001220703125,1315414
2021-05-24,LODHA,318.9274597167969,322.1000061035156,326.0,319.0,324.4750061035156,601734
2021-05-25,LODHA,313.2093505859375,316.32501220703125,325.0,314.0,321.5,872216
2021-05-26,LODHA,309.4715270996094,312.54998779296875,314.8500061035156,309.0,310.0,481392
2021-05-27,LODHA,304.4465026855469,307.4750061035156,312.5,305.0,310.07501220703125,207686
2021-05-28,LODHA,314.447021484375,317.57501220703125,321.5,307.5,308.0,832566
2021-05-31,LODHA,312.4667663574219,315.57501220703125,320.75,310.9750061035156,317.42498779296875,471108
2021-06-01,LODHA,310.06561279296875,313.1499938964844,318.3999938964844,309.0249938964844,318.0,327116
2021-06-02,LODHA,305.9565124511719,309.0,318.8500061035156,308.5,315.0,279100
2021-06-03,LODHA,308.2833557128906,311.3500061035156,317.9750061035156,309.6499938964844,310.2749938964844,580872
2021-06-04,LODHA,310.75872802734375,313.8500061035156,317.0,310.5,314.0,380764
2021-06-07,LODHA,331.7251892089844,335.0249938964844,344.5,315.7749938964844,316.8500061035156,2295650
2021-06-08,LODHA,341.97320556640625,345.375,355.0,331.5,331.5,2462672
2021-06-09,LODHA,329.8191223144531,333.1000061035156,351.32501220703125,325.7749938964844,348.0,1648102
2021-06-10,LODHA,343.7060241699219,347.125,350.20001220703125,333.1499938964844,334.875,1125198
2021-06-11,LODHA,333.1361083984375,336.45001220703125,349.57501220703125,330.7250061035156,347.0,998786
2021-06-14,LODHA,339.176025390625,342.54998779296875,352.5,325.8999938964844,335.125,1202520
2021-06-15,LODHA,350.9340515136719,354.42498779296875,357.5,345.0,345.875,1744190
2021-06-16,LODHA,337.5423278808594,340.8999938964844,359.0249938964844,337.0,355.0,975476
2021-06-17,LODHA,332.0222473144531,335.32501220703125,346.5,331.0,339.45001220703125,533454
2021-06-18,LODHA,337.146240234375,340.5,343.1000061035156,316.04998779296875,337.8999938964844,1099232
2021-06-21,LODHA,348.5577087402344,352.0249938964844,354.0,333.3999938964844,337.5,656338
2021-06-22,LODHA,346.4536437988281,349.8999938964844,356.54998779296875,348.0,354.0,691016
2021-06-23,LODHA,337.6660461425781,341.0249938964844,352.2749938964844,340.0,351.3500061035156,402636
2021-06-24,LODHA,340.61175537109375,344.0,348.5,338.04998779296875,340.5,314878
2021-06-25,LODHA,334.7946472167969,338.125,343.875,336.5249938964844,343.5,227050
2021-06-28,LODHA,340.240478515625,343.625,346.5,336.0249938964844,337.0,755846
2021-06-29,LODHA,334.4975891113281,337.82501220703125,344.75,336.5,344.0,288388
2021-06-30,LODHA,338.45819091796875,341.82501220703125,352.20001220703125,340.0,346.29998779296875,1182746
2021-07-01,LODHA,337.41851806640625,340.7749938964844,347.42498779296875,339.0,344.875,279824
2021-07-02,LODHA,334.7698669433594,338.1000061035156,343.875,334.25,343.875,289698
2021-07-05,LODHA,332.1707458496094,335.4750061035156,344.0,332.67498779296875,342.45001220703125,700086
2021-07-06,LODHA,322.2196960449219,325.42498779296875,338.375,322.5,336.5,982870
2021-07-07,LODHA,328.85369873046875,332.125,336.2250061035156,327.5,327.5,812308
2021-07-08,LODHA,340.53753662109375,343.92498779296875,351.0,334.0249938964844,335.95001220703125,958542
2021-07-09,LODHA,382.5199279785156,386.32501220703125,394.5,338.5249938964844,342.125,4419464
2021-07-12,LODHA,391.33221435546875,395.2250061035156,407.8999938964844,387.82501220703125,395.0,1616146
2021-07-13,LODHA,385.3418273925781,389.17498779296875,399.0,384.82501220703125,399.0,650124
2021-07-14,LODHA,391.6540222167969,395.54998779296875,413.4750061035156,387.5249938964844,387.5249938964844,1570018
2021-07-15,LODHA,410.64019775390625,414.7250061035156,419.5,386.0,395.07501220703125,2022148
2021-07-16,LODHA,422.10113525390625,426.29998779296875,436.25,412.625,418.54998779296875,1764134
2021-07-19,LODHA,411.8035583496094,415.8999938964844,423.8500061035156,410.5,412.0,1110652
2021-07-20,LODHA,392.6936950683594,396.6000061035156,417.7749938964844,394.0,415.75,769106
2021-07-22,LODHA,423.908203125,428.125,433.5,400.9750061035156,402.95001220703125,1395546
2021-07-23,LODHA,418.2643127441406,422.42498779296875,426.9750061035156,415.54998779296875,424.5,716396
2021-07-26,LODHA,417.57122802734375,421.7250061035156,427.3999938964844,416.1000061035156,420.9750061035156,580478
2021-07-27,LODHA,434.18096923828125,438.5,442.5,417.9750061035156,423.8500061035156,1263070
2021-07-28,LODHA,422.37347412109375,426.57501220703125,439.5,408.0249938964844,439.5,820236
2021-07-29,LODHA,423.6854248046875,427.8999938964844,442.67498779296875,425.5,430.0,449450
2021-07-30,LODHA,422.6952209472656,426.8999938964844,432.5,420.7250061035156,428.0,350354
2021-08-02,LODHA,454.8998718261719,459.42498779296875,464.04998779296875,426.3999938964844,430.0,3402276
2021-08-03,LODHA,456.18707275390625,460.7250061035156,472.45001220703125,456.79998779296875,462.5,841332
2021-08-04,LODHA,437.15142822265625,441.5,464.7250061035156,438.0,460.45001220703125,403084
2021-08-05,LODHA,429.7253112792969,434.0,443.2749938964844,417.6000061035156,442.3500061035156,463746
2021-08-06,LODHA,432.7452697753906,437.04998779296875,442.45001220703125,431.0,437.0,514600
2021-08-09,LODHA,424.99737548828125,429.2250061035156,442.3500061035156,425.1499938964844,439.57501220703125,526400
2021-08-10,LODHA,398.3127746582031,402.2749938964844,433.25,393.5,427.70001220703125,659950
2021-08-11,LODHA,413.734375,417.8500061035156,422.95001220703125,380.67498779296875,405.1499938964844,1117712
2021-08-12,LODHA,421.87835693359375,426.07501220703125,434.95001220703125,412.7250061035156,420.0,789418
2021-08-13,LODHA,431.507568359375,435.79998779296875,438.70001220703125,419.7250061035156,428.75,520180
2021-08-16,LODHA,430.7402038574219,435.0249938964844,441.5,427.5,435.0,242652
2021-08-17,LODHA,421.2347412109375,425.42498779296875,435.0249938964844,421.17498779296875,435.0249938964844,139248
2021-08-18,LODHA,426.4330139160156,430.67498779296875,438.5,418.8500061035156,424.92498779296875,480416
2021-08-20,LODHA,422.22491455078125,426.42498779296875,441.125,422.5,423.0249938964844,465826
2021-08-23,LODHA,400.8128967285156,404.79998779296875,434.8500061035156,400.5,426.5,303248
2021-08-24,LODHA,415.7146911621094,419.8500061035156,423.04998779296875,403.0249938964844,403.9750061035156,225588
2021-08-25,LODHA,421.4822998046875,425.67498779296875,429.5,422.07501220703125,424.4750061035156,424412
2021-08-26,LODHA,429.05694580078125,433.32501220703125,440.0,423.92498779296875,426.8999938964844,368752
2021-08-27,LODHA,441.2605285644531,445.6499938964844,453.4750061035156,435.9750061035156,435.9750061035156,620758
2021-08-30,LODHA,462.3012390136719,466.8999938964844,473.6499938964844,445.0,445.0,706930
2021-08-31,LODHA,474.52960205078125,479.25,486.625,461.125,469.3999938964844,800842
2021-09-01,LODHA,492.3028259277344,497.20001220703125,512.5,482.5,484.45001220703125,2093950
2021-09-02,LODHA,513.8880615234375,519.0,525.0,493.1499938964844,494.92498779296875,1464952
2021-09-03,LODHA,538.9141845703125,544.2750244140625,550.0,521.0,524.5,2532386
2021-09-06,LODHA,539.2112426757812,544.5750122070312,551.0,523.2000122070312,544.75,1292892
2021-09-07,LODHA,508.9868469238281,514.0499877929688,542.5,508.0,542.0,703248
2021-09-08,LODHA,521.0419311523438,526.2249755859375,528.0,512.75,520.0,606406
2021-09-09,LODHA,512.8236694335938,517.9249877929688,530.0999755859375,513.0499877929688,522.5,688002
2021-09-13,LODHA,526.1412353515625,531.375,536.7000122070312,520.2000122070312,521.9749755859375,343822
2021-09-14,LODHA,519.1359252929688,524.2999877929688,534.9500122070312,522.5,534.9500122070312,266326
2021-09-15,LODHA,505.79364013671875,510.82501220703125,529.0,504.0,525.0,290150
2021-09-16,LODHA,502.45184326171875,507.45001220703125,519.9500122070312,499.5,515.9500122070312,414828
2021-09-17,LODHA,497.69915771484375,502.6499938964844,521.3499755859375,495.0,502.5,936826
2021-09-20,LODHA,486.5351867675781,491.375,512.0,485.5249938964844,498.0249938964844,430956
2021-09-21,LODHA,504.06085205078125,509.07501220703125,512.5,468.07501220703125,486.54998779296875,677092
2021-09-22,LODHA,522.2053833007812,527.4000244140625,537.25,508.125,514.3499755859375,1049552
2021-09-23,LODHA,547.7759399414062,553.2249755859375,576.0,528.2750244140625,537.0,3459764
2021-09-24,LODHA,525.7698974609375,531.0,561.0,516.5,557.8499755859375,1250308
2021-09-27,LODHA,545.5234375,550.9500122070312,553.5,529.0,535.5,753626
2021-09-28,LODHA,521.388427734375,526.5750122070312,551.9749755859375,521.5,551.9749755859375,427030
2021-09-29,LODHA,529.532470703125,534.7999877929688,542.0,520.0,524.0,456410
2021-09-30,LODHA,523.5420532226562,528.75,539.5,526.2750244140625,537.4500122070312,280948
2021-10-01,LODHA,522.3787231445312,527.5750122070312,537.0,525.2750244140625,530.5,303420
2021-10-04,LODHA,524.3341064453125,529.5499877929688,549.9000244140625,525.2750244140625,543.9000244140625,706526
2021-10-05,LODHA,535.8446655273438,541.1749877929688,549.8499755859375,519.0,530.0,2286168
2021-10-06,LODHA,521.1656494140625,526.3499755859375,550.0,525.0,547.5750122070312,646294
2021-10-07,LODHA,555.9942626953125,561.5250244140625,572.5,536.3250122070312,547.5,2913302
2021-10-08,LODHA,576.1190185546875,581.8499755859375,591.0750122070312,557.7999877929688,572.0,1872180
2021-10-11,LODHA,589.0158081054688,594.875,605.0,585.0,590.0,815064
2021-10-12,LODHA,590.9217529296875,596.7999877929688,601.0,581.4000244140625,597.0999755859375,1093142
2021-10-13,LODHA,584.4857788085938,590.2999877929688,597.5,583.5999755859375,593.5,464342
2021-10-14,LODHA,592.654541015625,598.5499877929688,612.5,589.2999877929688,594.9000244140625,601920
2021-10-18,LODHA,586.2185668945312,592.0499877929688,608.6500244140625,588.0250244140625,602.4000244140625,295274
2021-10-19,LODHA,547.5780029296875,553.0250244140625,601.5,545.5999755859375,597.5,619186
2021-10-20,LODHA,520.7201538085938,525.9000244140625,566.5,515.5250244140625,556.5499877929688,685170
2021-10-21,LODHA,508.51654052734375,513.5750122070312,544.9749755859375,500.5,529.5,818354
2021-10-22,LODHA,520.94287109375,526.125,541.5,515.125,529.5,1183770
2021-10-25,LODHA,478.76251220703125,483.5249938964844,530.0,475.0,528.4500122070312,929288
2021-10-26,LODHA,524.1113891601562,529.3250122070312,535.0,477.5249938964844,480.0,1214192
2021-10-27,LODHA,530.2008666992188,535.4749755859375,553.7750244140625,524.4249877929688,531.5,737406
2021-10-28,LODHA,518.1704711914062,523.3250122070312,540.5999755859375,517.5,538.75,282240
2021-10-29,LODHA,526.8590087890625,532.0999755859375,548.7750244140625,505.1000061035156,522.5,841916
2021-11-01,LODHA,569.3612670898438,575.0250244140625,579.9000244140625,523.25,524.9000244140625,1199966
2021-11-02,LODHA,583.2481689453125,589.0499877929688,595.0,561.5,574.0,647448
2021-11-03,LODHA,585.1294555664062,590.9500122070312,599.2999877929688,550.1749877929688,590.875,546436
2021-11-04,LODHA,579.2132568359375,584.9749755859375,596.9000244140625,577.0999755859375,596.9000244140625,138674
2021-11-08,LODHA,570.9454956054688,576.625,588.4749755859375,571.5,585.0,214294
2021-11-09,LODHA,586.0205078125,591.8499755859375,610.0,580.3250122070312,582.9000244140625,922452
2021-11-10,LODHA,610.7247924804688,616.7999877929688,620.0,582.9249877929688,589.0,847110
2021-11-11,LODHA,612.0862426757812,618.1749877929688,633.0,607.5,626.5,1290202
2021-11-12,LODHA,620.6262817382812,626.7999877929688,637.5,609.0750122070312,617.5,826108
2021-11-15,LODHA,635.9736328125,642.2999877929688,653.3499755859375,628.9249877929688,637.0,971626
2021-11-16,LODHA,701.2493286132812,708.2249755859375,729.3250122070312,642.5,645.0,4838454
2021-11-17,LODHA,707.363525390625,714.4000244140625,731.0,696.2999877929688,704.9500122070312,1156958
2021-11-18,LODHA,681.5452880859375,688.3250122070312,700.0,674.5,699.0,1148046
2021-11-22,LODHA,680.7532348632812,687.5250244140625,740.9000244140625,680.0,696.9500122070312,1063008
2021-11-23,LODHA,672.138916015625,678.8250122070312,690.3250122070312,666.0499877929688,688.4500122070312,546854
2021-11-24,LODHA,688.6990966796875,695.5499877929688,698.625,675.0,682.2249755859375,1670310
2021-11-25,LODHA,700.16015625,707.125,720.4500122070312,695.5750122070312,702.9000244140625,488030
2021-11-26,LODHA,673.030029296875,679.7249755859375,704.0,665.5,704.0,486842
2021-11-29,LODHA,695.9767456054688,702.9000244140625,740.0,582.0,656.5499877929688,532176
2021-11-30,LODHA,701.9176025390625,708.9000244140625,759.0,677.5,720.0,1579478
2021-12-01,LODHA,737.8601684570312,745.2000122070312,769.5,695.8250122070312,707.1500244140625,1657866
2021-12-02,LODHA,710.1854248046875,717.25,753.7249755859375,712.5,753.7249755859375,733008
2021-12-03,LODHA,707.6357421875,714.6749877929688,732.0,702.4249877929688,724.2999877929688,357996
2021-12-06,LODHA,709.2942504882812,716.3499755859375,727.4749755859375,706.9500122070312,718.8499755859375,428438
2021-12-07,LODHA,707.9575805664062,715.0,730.7249755859375,713.0,725.0,358724
2021-12-08,LODHA,713.4776611328125,720.5750122070312,734.5,712.5,720.0,499964
2021-12-09,LODHA,711.596435546875,718.6749877929688,730.0,714.0,727.875,365538
2021-12-10,LODHA,697.4619750976562,704.4000244140625,725.0250244140625,700.0,724.5,417044
2021-12-13,LODHA,678.7728881835938,685.5250244140625,713.7999877929688,680.125,711.8499755859375,416282
2021-12-14,LODHA,646.54345703125,652.9749755859375,689.9000244140625,630.7000122070312,689.5,1238144
2021-12-15,LODHA,632.7803955078125,639.0750122070312,654.5,631.2000122070312,653.9749755859375,1066986
2021-12-16,LODHA,625.2305908203125,631.4500122070312,670.1749877929688,626.2000122070312,632.6749877929688,1241892
2021-12-17,LODHA,586.2433471679688,592.0750122070312,641.625,581.2000122070312,637.4749755859375,5157754
2021-12-20,LODHA,532.2058715820312,537.5,572.9249877929688,531.125,565.0,2037696
2021-12-21,LODHA,562.8015747070312,568.4000244140625,575.8499755859375,548.25,549.75,2229748
2021-12-22,LODHA,600.2044067382812,606.1749877929688,609.4000244140625,565.0250244140625,572.5250244140625,1216016
2021-12-23,LODHA,631.2704467773438,637.5499877929688,640.9500122070312,607.9500122070312,608.375,1196650
2021-12-24,LODHA,616.9627685546875,623.0999755859375,648.6500244140625,619.0499877929688,643.4000244140625,560720
2021-12-27,LODHA,608.8930053710938,614.9500122070312,636.5,594.0250244140625,629.9000244140625,655276
2021-12-28,LODHA,601.3184204101562,607.2999877929688,627.5,600.0,616.0,419708
2021-12-29,LODHA,618.1014404296875,624.25,634.875,610.5,610.5,1027698
2021-12-30,LODHA,614.2398071289062,620.3499755859375,627.5,613.0750122070312,624.9749755859375,270284
2021-12-31,LODHA,610.7000122070312,616.7750244140625,630.8250122070312,610.0999755859375,623.5,173134
2022-01-03,LODHA,614.6607055664062,620.7750244140625,668.8499755859375,615.0,616.5999755859375,687116
2022-01-04,LODHA,610.3782958984375,616.4500122070312,629.7750244140625,611.5,628.8499755859375,506730
2022-01-05,LODHA,613.6705322265625,619.7750244140625,636.0,616.0999755859375,627.5,412058
2022-01-06,LODHA,594.1150512695312,600.0250244140625,623.0499877929688,595.6500244140625,617.5,418062
2022-01-07,LODHA,596.887451171875,602.8250122070312,619.1500244140625,591.5250244140625,619.1500244140625,772460
2022-01-10,LODHA,606.3681640625,612.4000244140625,617.4500122070312,605.5499877929688,611.0,279504
2022-01-11,LODHA,617.4330444335938,623.5750122070312,628.5,613.625,614.5750122070312,470536
2022-01-12,LODHA,614.6854248046875,620.7999877929688,642.0250244140625,616.0,628.5,654450
2022-01-13,LODHA,603.4967041015625,609.5,624.1749877929688,606.0250244140625,622.5750122070312,219734
2022-01-14,LODHA,595.9220581054688,601.8499755859375,612.2000122070312,596.4000244140625,609.5,444188
2022-01-17,LODHA,615.1557006835938,621.2750244140625,626.0,596.5,608.8250122070312,572394
2022-01-18,LODHA,613.8684692382812,619.9749755859375,638.5499877929688,615.2750244140625,629.3499755859375,635700
2022-01-19,LODHA,613.1259155273438,619.2249755859375,625.9249877929688,605.7750244140625,618.8499755859375,561364
2022-01-20,LODHA,631.5180053710938,637.7999877929688,642.5,618.5999755859375,622.375,438652
2022-01-21,LODHA,631.8892822265625,638.1749877929688,649.9500122070312,623.0,630.0,474180
2022-01-24,LODHA,599.9569091796875,605.9249877929688,660.2000122070312,583.0,640.0,652578
2022-01-25,LODHA,635.7261352539062,642.0499877929688,649.5,578.0750122070312,589.9500122070312,438828
2022-01-27,LODHA,627.3345947265625,633.5750122070312,657.5,613.5,639.5,670708
2022-01-28,LODHA,635.1815185546875,641.5,663.5750122070312,631.0,649.9749755859375,565806
2022-01-31,LODHA,640.7015991210938,647.0750122070312,665.0,640.2750244140625,654.3250122070312,287734
2022-02-01,LODHA,642.2116088867188,648.5999755859375,665.0,642.0,654.9749755859375,242314
2022-02-02,LODHA,679.3917846679688,686.1500244140625,696.0,650.0,650.0,493516
2022-02-03,LODHA,659.6134643554688,666.1749877929688,686.0,657.5,682.3499755859375,237370
2022-02-04,LODHA,648.0782470703125,654.5250244140625,669.9749755859375,650.0,667.5,187602
2022-02-07,LODHA,653.0785522460938,659.5750122070312,668.9749755859375,641.5499877929688,641.5499877929688,331554
2022-02-08,LODHA,639.9837646484375,646.3499755859375,669.875,635.0,669.875,311824
2022-02-09,LODHA,641.6917724609375,648.0750122070312,655.0,642.0750122070312,650.0,277774
2022-02-10,LODHA,642.7808837890625,649.1749877929688,669.5750122070312,644.2750244140625,661.0,1001048
2022-02-11,LODHA,637.2608642578125,643.5999755859375,647.4500122070312,630.5499877929688,647.4500122070312,363374
2022-02-14,LODHA,605.5017700195312,611.5250244140625,629.7000122070312,608.4000244140625,615.0,205274
2022-02-15,LODHA,609.8832397460938,615.9500122070312,635.0,585.7000122070312,619.9000244140625,1020658
2022-02-16,LODHA,637.0875854492188,643.4249877929688,647.5,621.2999877929688,625.4749755859375,314104
2022-02-17,LODHA,626.0474243164062,632.2750244140625,654.2999877929688,621.7999877929688,643.4249877929688,188246
2022-02-18,LODHA,628.9436645507812,635.2000122070312,637.5,625.7000122070312,629.9749755859375,119448
2022-02-21,LODHA,627.7802124023438,634.0250244140625,641.0250244140625,621.7249755859375,622.5,517192
2022-02-22,LODHA,586.7384033203125,592.5750122070312,635.25,590.0,627.5,1086082
2022-02-23,LODHA,590.3029174804688,596.1749877929688,606.1500244140625,589.0750122070312,592.5750122070312,843200
2022-02-24,LODHA,521.8588256835938,527.0499877929688,579.4000244140625,512.5,550.5,2256080
2022-02-25,LODHA,581.6143798828125,587.4000244140625,590.0,545.6749877929688,550.0499877929688,1043360
2022-02-28,LODHA,558.1973876953125,563.75,577.2000122070312,553.0499877929688,570.0,1024496
2022-03-02,LODHA,544.2114868164062,549.625,561.9000244140625,546.0250244140625,557.0,743440
2022-03-03,LODHA,536.0674438476562,541.4000244140625,565.0,531.0,562.3499755859375,811090
2022-03-04,LODHA,516.3386840820312,521.4749755859375,537.75,517.5,527.5250244140625,632932
2022-03-07,LODHA,492.2285461425781,497.125,507.5,489.2749938964844,492.75,884690
2022-03-08,LODHA,510.1502380371094,515.2249755859375,521.1500244140625,485.07501220703125,494.04998779296875,747400
2022-03-09,LODHA,533.9138793945312,539.2249755859375,552.4000244140625,516.0250244140625,524.9000244140625,461218
2022-03-10,LODHA,539.6320190429688,545.0,551.9249877929688,528.2000122070312,547.5,642334
2022-03-11,LODHA,542.99853515625,548.4000244140625,554.0,531.3250122070312,544.0,982412
2022-03-14,LODHA,528.2947998046875,533.5499877929688,546.2999877929688,515.5,545.0,843020
2022-03-15,LODHA,512.89794921875,518.0,538.4749755859375,511.0,538.4749755859375,838446
2022-03-16,LODHA,523.2202758789062,528.4249877929688,543.5,520.2249755859375,528.8499755859375,460234
2022-03-17,LODHA,549.8305053710938,555.2999877929688,559.0,531.1500244140625,537.0,2051924
2022-03-21,LODHA,548.7166137695312,554.1749877929688,566.4500122070312,540.5250244140625,562.5,347298
2022-03-22,LODHA,526.9581298828125,532.2000122070312,561.9500122070312,527.1749877929688,558.8499755859375,816958
2022-03-23,LODHA,530.6217041015625,535.9000244140625,541.5250244140625,532.5,538.4000244140625,427146
2022-03-24,LODHA,538.5675659179688,543.9249877929688,547.8250122070312,530.9000244140625,537.8250122070312,525926
2022-03-25,LODHA,533.3941040039062,538.7000122070312,548.125,533.0,545.5,279930
2022-03-28,LODHA,533.4931030273438,538.7999877929688,542.5,531.0750122070312,542.5,667086
2022-03-29,LODHA,530.8444213867188,536.125,547.4749755859375,532.5,540.5,534052
2022-03-30,LODHA,553.2713012695312,558.7750244140625,562.0,540.2000122070312,543.5,1622862
2022-03-31,LODHA,557.5537109375,563.0999755859375,564.5,553.5,561.0,1967048
2022-04-01,LODHA,584.4363403320312,590.25,595.9000244140625,565.5,565.5,1046568
2022-04-04,LODHA,594.80810546875,600.7249755859375,610.5,592.2249755859375,596.0,732002
2022-04-05,LODHA,586.144287109375,591.9749755859375,603.4249877929688,586.25,601.5,345362
2022-04-06,LODHA,575.3268432617188,581.0499877929688,600.5,560.6500244140625,580.5499877929688,1514968
2022-04-07,LODHA,576.02001953125,581.75,610.9500122070312,577.9000244140625,599.5,1281558
2022-04-08,LODHA,578.6934204101562,584.4500122070312,594.5,580.9500122070312,589.9000244140625,352462
2022-04-11,LODHA,575.1784057617188,580.9000244140625,589.9500122070312,576.1500244140625,588.4500122070312,242484
2022-04-12,LODHA,563.3707885742188,568.9749755859375,582.9500122070312,563.125,575.0,266472
2022-04-13,LODHA,562.8262939453125,568.4249877929688,580.5,566.0999755859375,574.0,165306
2022-04-18,LODHA,541.5133056640625,546.9000244140625,568.4249877929688,545.125,568.4249877929688,202330
2022-04-19,LODHA,515.9426879882812,521.0750122070312,550.0,510.79998779296875,550.0,391534
2022-04-20,LODHA,497.3278503417969,502.2749938964844,528.5,496.79998779296875,522.5,813002
2022-04-21,LODHA,506.2144470214844,511.25,521.0,490.0,512.375,732252
2022-04-22,LODHA,506.9075622558594,511.95001220703125,523.5250244140625,504.0249938964844,511.0,293028
2022-04-25,LODHA,488.06988525390625,492.92498779296875,511.5,491.0,511.5,511596
2022-04-26,LODHA,501.0161437988281,506.0,509.8999938964844,496.3500061035156,505.0,145858
2022-04-27,LODHA,501.387451171875,506.375,522.5,495.6499938964844,522.5,752950
2022-04-28,LODHA,514.729736328125,519.8499755859375,525.4249877929688,507.54998779296875,515.0,502314
2022-04-29,LODHA,499.5804138183594,504.54998779296875,529.5250244140625,482.75,527.5,239760
2022-05-02,LODHA,509.06109619140625,514.125,519.9749755859375,501.6000061035156,504.54998779296875,156000
2022-05-04,LODHA,505.54608154296875,510.57501220703125,524.0,505.0,516.0,366616
2022-05-05,LODHA,509.9026794433594,514.9749755859375,520.0999755859375,507.17498779296875,512.5,222192
2022-05-06,LODHA,489.80267333984375,494.67498779296875,508.5,480.4750061035156,508.5,508016
2022-05-09,LODHA,465.5439758300781,470.17498779296875,496.5,461.20001220703125,491.0,360746
2022-05-10,LODHA,439.6268310546875,444.0,474.95001220703125,438.6499938964844,470.17498779296875,789232
2022-05-11,LODHA,443.9092102050781,448.32501220703125,457.4750061035156,418.0,445.0249938964844,879468
2022-05-12,LODHA,435.4433898925781,439.7749938964844,454.0,430.0,453.5,206032
2022-05-13,LODHA,426.1607666015625,430.3999938964844,456.0,425.875,450.0,274756
2022-05-16,LODHA,455.8405456542969,460.375,465.3999938964844,424.0249938964844,442.4750061035156,616590
2022-05-17,LODHA,456.73162841796875,461.2749938964844,468.4750061035156,451.5,468.4750061035156,317736
2022-05-18,LODHA,450.5184631347656,455.0,467.20001220703125,438.8999938964844,467.20001220703125,343098
2022-05-19,LODHA,446.3598327636719,450.79998779296875,455.5,433.0,441.0,345510
2022-05-20,LODHA,489.5799255371094,494.45001220703125,495.875,460.79998779296875,463.5,1003496
2022-05-23,LODHA,462.9943542480469,467.6000061035156,501.3500061035156,459.4750061035156,499.0,455496
2022-05-24,LODHA,447.7955627441406,452.25,469.95001220703125,450.07501220703125,465.0,222748
2022-05-25,LODHA,421.45758056640625,425.6499938964844,457.2749938964844,413.3999938964844,454.0,364456
2022-05-26,LODHA,435.2206115722656,439.54998779296875,441.8500061035156,407.1000061035156,427.5,560162
2022-05-27,LODHA,437.0029296875,441.3500061035156,446.8500061035156,425.0,446.5,265742
2022-05-30,LODHA,463.61322021484375,468.2250061035156,473.3500061035156,444.3999938964844,444.95001220703125,606194
2022-05-31,LODHA,479.3565979003906,484.125,489.3500061035156,456.25,456.25,577054
2022-06-01,LODHA,495.1742858886719,500.1000061035156,507.5,484.2749938964844,489.0,1337190
2022-06-02,LODHA,512.3780517578125,517.4749755859375,520.0,500.42498779296875,501.0,592016
2022-06-03,LODHA,540.2013549804688,545.5750122070312,551.0,513.5250244140625,524.0,2189472
2022-06-06,LODHA,530.6959228515625,535.9749755859375,556.0,526.0,545.5750122070312,949510
2022-06-07,LODHA,518.0962524414062,523.25,533.5,517.5250244140625,533.5,500042
2022-06-08,LODHA,544.384765625,549.7999877929688,555.7750244140625,529.9000244140625,529.9000244140625,983694
2022-06-09,LODHA,547.3800048828125,552.8250122070312,557.5,537.5,540.0999755859375,394386
2022-06-10,LODHA,543.4688720703125,548.875,552.4000244140625,538.5499877929688,538.5499877929688,1264388
2022-06-13,LODHA,547.0333251953125,552.4749755859375,554.5250244140625,535.4749755859375,536.7249755859375,1173048
2022-06-14,LODHA,543.1470947265625,548.5499877929688,557.2249755859375,543.75,553.5,775654
2022-06-15,LODHA,522.9232177734375,528.125,548.2000122070312,520.0,548.2000122070312,570946
2022-06-16,LODHA,513.71484375,518.8250122070312,532.4249877929688,510.0,529.9000244140625,469188
2022-06-17,LODHA,518.7894287109375,523.9500122070312,533.8499755859375,496.07501220703125,510.04998779296875,3711084
2022-06-20,LODHA,502.15478515625,507.1499938964844,530.0,492.6499938964844,530.0,1193512
2022-06-21,LODHA,510.86810302734375,515.9500122070312,530.0,507.5,514.9500122070312,529278
2022-06-22,LODHA,500.2488098144531,505.2250061035156,519.0,499.3999938964844,519.0,861338
2022-06-23,LODHA,506.11541748046875,511.1499938964844,516.1749877929688,506.82501220703125,509.9750061035156,575322
2022-06-24,LODHA,500.2488098144531,505.2250061035156,513.5750122070312,503.0,511.0,300700
2022-06-27,LODHA,508.6650085449219,513.7249755859375,522.2249755859375,508.2250061035156,514.0,327940
2022-06-28,LODHA,509.06109619140625,514.125,527.5,495.0249938964844,512.0,597992
2022-06-29,LODHA,521.2647094726562,526.4500122070312,531.9500122070312,516.1749877929688,523.9000244140625,308768
2022-06-30,LODHA,529.2354125976562,534.5,546.4500122070312,517.9000244140625,529.5,399786
2022-07-01,LODHA,528.19580078125,533.4500122070312,535.4749755859375,522.5,530.0250244140625,78134
2022-07-04,LODHA,524.21044921875,529.4249877929688,539.9000244140625,525.9749755859375,539.0,111336
2022-07-05,LODHA,514.9772338867188,520.0999755859375,534.3499755859375,516.0750122070312,532.7000122070312,108884
2022-07-06,LODHA,541.7113037109375,547.0999755859375,548.0,524.0,527.4749755859375,220544
2022-07-07,LODHA,546.0184936523438,551.4500122070312,564.875,545.0,564.875,195872
2022-07-08,LODHA,538.815185546875,544.1749877929688,556.6500244140625,539.0999755859375,556.6500244140625,124582
2022-07-11,LODHA,539.6072387695312,544.9749755859375,554.875,539.25,543.5,112546
2022-07-12,LODHA,542.7510375976562,548.1500244140625,555.0,526.4249877929688,546.5,623986
2022-07-13,LODHA,545.399658203125,550.8250122070312,569.5,541.0999755859375,548.1500244140625,739236
2022-07-14,LODHA,551.489013671875,556.9749755859375,570.0,535.0,546.5250244140625,621118
2022-07-15,LODHA,544.4342651367188,549.8499755859375,559.0,549.4249877929688,554.5,84612
2022-07-18,LODHA,550.449462890625,555.9249877929688,564.0,552.5,552.5,756464
2022-07-19,LODHA,557.3804931640625,562.9249877929688,570.0,554.3499755859375,556.9500122070312,931658
2022-07-20,LODHA,560.474609375,566.0499877929688,575.0,562.5,571.5,694184
2022-07-21,LODHA,553.4693603515625,558.9749755859375,577.5,552.0,571.875,279534
2022-07-22,LODHA,558.5438842773438,564.0999755859375,571.5,556.9000244140625,559.4749755859375,404198
2022-07-25,LODHA,572.45556640625,578.1500244140625,580.0,559.7999877929688,565.0,497346
2022-07-26,LODHA,560.8707885742188,566.4500122070312,584.9749755859375,562.5,578.1500244140625,493786
2022-07-27,LODHA,566.8363037109375,572.4749755859375,579.2000122070312,561.7000122070312,575.4000244140625,431770
2022-07-28,LODHA,579.7825317382812,585.5499877929688,594.5,572.5,572.5,669050
2022-07-29,LODHA,566.6135864257812,572.25,589.875,569.2999877929688,584.5750122070312,132550
2022-08-01,LODHA,559.6577758789062,565.2249755859375,575.5,560.9000244140625,572.5,397022
2022-08-02,LODHA,544.904541015625,550.3250122070312,569.9749755859375,542.5999755859375,568.9749755859375,487922
2022-08-03,LODHA,546.9838256835938,552.4249877929688,556.8250122070312,545.0,549.5,480728
2022-08-04,LODHA,513.5167846679688,518.625,540.7249755859375,507.5,538.5,16209528
2022-08-05,LODHA,527.9729614257812,533.2249755859375,535.8499755859375,519.1500244140625,520.0,3445942
2022-08-08,LODHA,529.4581909179688,534.7249755859375,542.2000122070312,529.5,535.0,892294
2022-08-10,LODHA,522.4281616210938,527.625,541.1749877929688,520.2999877929688,537.5,492098
2022-08-11,LODHA,533.7406005859375,539.0499877929688,547.3499755859375,530.7249755859375,534.0,1484990
2022-08-12,LODHA,543.3945922851562,548.7999877929688,553.5,535.1500244140625,538.9249877929688,1043578
2022-08-16,LODHA,549.7562866210938,555.2249755859375,559.5,547.0,547.0,1370832
2022-08-17,LODHA,564.682861328125,570.2999877929688,571.8499755859375,553.5250244140625,562.5,1186200
2022-08-18,LODHA,553.2713012695312,558.7750244140625,577.0,556.0250244140625,569.5,839214
2022-08-19,LODHA,542.7014770507812,548.0999755859375,562.75,540.0,561.5,297980
2022-08-22,LODHA,523.2944946289062,528.5,548.5,525.5,548.5,900684
2022-08-23,LODHA,522.848876953125,528.0499877929688,532.4000244140625,522.5,525.0,512156
2022-08-24,LODHA,538.9636840820312,544.3250122070312,548.0,526.9249877929688,526.9749755859375,376946
2022-08-25,LODHA,529.7553100585938,535.0250244140625,556.25,532.6500244140625,552.5,406866
2022-08-26,LODHA,523.5172729492188,528.7249755859375,543.3250122070312,525.5,535.5,183220
2022-08-29,LODHA,516.511962890625,521.6500244140625,526.7000122070312,511.9750061035156,517.5,123078
2022-08-30,LODHA,543.0974731445312,548.5,552.5,525.25,534.0,940872
2022-09-01,LODHA,536.8347778320312,542.1749877929688,548.5,532.0,543.0,777560
2022-09-02,LODHA,538.9883422851562,544.3499755859375,552.0,540.7750244140625,545.0,607770
2022-09-05,LODHA,546.4144897460938,551.8499755859375,555.9249877929688,541.0250244140625,544.3499755859375,575984
2022-09-06,LODHA,544.0381469726562,549.4500122070312,557.5,545.0,556.9749755859375,321098
2022-09-07,LODHA,548.4195556640625,553.875,555.0,542.6500244140625,547.5,258674
2022-09-08,LODHA,547.5780029296875,553.0250244140625,558.5,550.5250244140625,555.0,159332
2022-09-09,LODHA,546.736328125,552.1749877929688,556.0,545.5499877929688,553.5,330842
2022-09-12,LODHA,546.48876953125,551.9249877929688,554.2249755859375,549.0,552.1749877929688,146692
2022-09-13,LODHA,545.3748779296875,550.7999877929688,559.9249877929688,547.5,559.9249877929688,284182
2022-09-14,LODHA,525.4727783203125,530.7000122070312,543.0,529.5,539.375,732624
2022-09-15,LODHA,515.1505737304688,520.2750244140625,536.7750244140625,518.0,532.5250244140625,390462
2022-09-16,LODHA,513.0712280273438,518.1749877929688,530.0,513.125,519.0250244140625,467240
2022-09-19,LODHA,510.249267578125,515.3250122070312,522.2750244140625,505.3999938964844,514.0999755859375,227474
2022-09-20,LODHA,523.690673828125,528.9000244140625,532.4249877929688,520.0750122070312,520.0750122070312,133990
2022-09-21,LODHA,532.5523681640625,537.8499755859375,539.4749755859375,523.0499877929688,528.9000244140625,532996
2022-09-22,LODHA,536.785400390625,542.125,543.6500244140625,533.4000244140625,537.5,266334
2022-09-23,LODHA,512.774169921875,517.875,542.125,513.5,542.0,479030
2022-09-26,LODHA,496.585205078125,501.5249938964844,517.7999877929688,493.04998779296875,510.0,372108
2022-09-27,LODHA,487.6243591308594,492.4750061035156,511.2250061035156,490.0,511.2250061035156,306278
2022-09-28,LODHA,476.7326965332031,481.4750061035156,494.5,477.5,494.5,269006
2022-09-29,LODHA,468.6629943847656,473.32501220703125,489.0,464.0,487.5,586014
2022-09-30,LODHA,457.54852294921875,462.1000061035156,468.4750061035156,460.0,465.5,420064
2022-10-03,LODHA,458.5139465332031,463.07501220703125,467.5,454.0,465.0,745730
2022-10-04,LODHA,481.3368835449219,486.125,488.5,463.8500061035156,465.5,455752
2022-10-06,LODHA,493.04547119140625,497.95001220703125,503.57501220703125,485.0249938964844,500.0,878236
2022-10-07,LODHA,498.21893310546875,503.17498779296875,509.0,495.0,502.4750061035156,869040
2022-10-10,LODHA,499.7784729003906,504.75,508.92498779296875,499.0,503.0,290698
2022-10-11,LODHA,485.1737365722656,490.0,519.3499755859375,485.6000061035156,507.4750061035156,525942
2022-10-12,LODHA,492.1542663574219,497.04998779296875,506.54998779296875,476.5,493.5,601200
2022-10-13,LODHA,490.02545166015625,494.8999938964844,499.0,489.75,497.04998779296875,321578
2022-10-14,LODHA,485.04998779296875,489.875,503.5,487.57501220703125,500.0,343578
2022-10-17,LODHA,500.3478088378906,505.32501220703125,508.0,482.5,486.29998779296875,533104
2022-10-18,LODHA,499.8031921386719,504.7749938964844,507.5,488.2250061035156,502.5,822806
2022-10-19,LODHA,509.7542724609375,514.8250122070312,521.0,491.0,506.5,1154652
2022-10-20,LODHA,499.4814147949219,504.45001220703125,509.5,501.5,504.17498779296875,214342
2022-10-21,LODHA,497.7734069824219,502.7250061035156,515.5250244140625,499.0249938964844,506.9750061035156,733992
2022-10-24,LODHA,511.0166320800781,516.0999755859375,519.9500122070312,502.7250061035156,504.3999938964844,179616
2022-10-25,LODHA,499.110107421875,504.07501220703125,520.0,502.3500061035156,520.0,776906
2022-10-27,LODHA,502.3280944824219,507.32501220703125,513.875,505.2749938964844,508.875,710196
2022-10-28,LODHA,489.95123291015625,494.82501220703125,506.125,493.0,506.125,477780
2022-10-31,LODHA,490.1987609863281,495.07501220703125,500.70001220703125,486.0,495.0,448370
2022-11-01,LODHA,496.1396484375,501.07501220703125,505.95001220703125,490.5,499.5,696388
2022-11-02,LODHA,487.87188720703125,492.7250061035156,504.75,490.0,492.45001220703125,489744
2022-11-03,LODHA,473.63848876953125,478.3500061035156,492.7250061035156,476.5,492.7250061035156,678700
2022-11-04,LODHA,469.50457763671875,474.17498779296875,481.57501220703125,471.0,478.3500061035156,549138
2022-11-07,LODHA,460.1476745605469,464.7250061035156,476.5,461.5,476.0,716486
2022-11-09,LODHA,472.82159423828125,477.5249938964844,479.79998779296875,463.5,470.0,2832778
2022-11-10,LODHA,475.44549560546875,480.17498779296875,482.3500061035156,467.5,478.0,1502460
2022-11-11,LODHA,473.0691223144531,477.7749938964844,485.0,467.75,485.0,1316984
2022-11-14,LODHA,468.1183776855469,472.7749938964844,485.9750061035156,468.9750061035156,480.17498779296875,645278
2022-11-15,LODHA,487.3520812988281,492.20001220703125,496.82501220703125,467.5,474.4750061035156,2955738
2022-11-16,LODHA,488.2679748535156,493.125,506.9750061035156,490.79998779296875,493.1000061035156,1403528
2022-11-17,LODHA,501.58544921875,506.57501220703125,510.0,483.625,493.0,1718704
2022-11-18,LODHA,512.0068359375,517.0999755859375,520.0,494.5249938964844,506.5,1732978
2022-11-21,LODHA,493.1939697265625,498.1000061035156,517.0999755859375,487.5249938964844,517.0999755859375,975760
2022-11-22,LODHA,477.7475891113281,482.5,492.9750061035156,479.29998779296875,491.0,680394
2022-11-23,LODHA,489.2828674316406,494.1499938964844,501.2250061035156,480.5,480.5,1038100
2022-11-24,LODHA,503.417236328125,508.42498779296875,512.2000122070312,488.5249938964844,497.5,1281648
2022-11-25,LODHA,509.9275207519531,515.0,517.5,496.5249938964844,505.04998779296875,1179848
2022-11-28,LODHA,494.8524169921875,499.7749938964844,516.1500244140625,495.5249938964844,515.0750122070312,1126786
2022-11-29,LODHA,493.738525390625,498.6499938964844,509.95001220703125,491.7250061035156,501.7250061035156,918208
2022-11-30,LODHA,487.797607421875,492.6499938964844,497.3999938964844,490.54998779296875,494.8500061035156,217330
2022-12-01,LODHA,495.3475341796875,500.2749938964844,503.5,493.5,493.5,395778
2022-12-02,LODHA,519.3091430664062,524.4749755859375,526.5,503.5,504.5,2424890
2022-12-05,LODHA,538.3448486328125,543.7000122070312,547.5,525.0499877929688,527.9000244140625,2147106
2022-12-06,LODHA,522.6261596679688,527.8250122070312,539.2000122070312,526.0499877929688,535.0499877929688,365676
2022-12-07,LODHA,527.997802734375,533.25,537.5,517.5499877929688,526.0,1281882
2022-12-08,LODHA,538.2953491210938,543.6500244140625,554.4500122070312,539.2000122070312,539.2000122070312,1667570
2022-12-09,LODHA,522.9974975585938,528.2000122070312,546.9500122070312,525.5750122070312,546.4749755859375,484890
2022-12-12,LODHA,536.2902221679688,541.625,546.2249755859375,519.125,521.5,545820
2022-12-13,LODHA,508.3680114746094,513.4249877929688,544.2000122070312,502.67498779296875,542.5,1321308
2022-12-14,LODHA,515.5465087890625,520.6749877929688,524.875,511.32501220703125,519.875,720310
2022-12-15,LODHA,518.467529296875,523.625,529.0750122070312,512.875,524.9500122070312,1171144
2022-12-16,LODHA,511.43743896484375,516.5250244140625,527.25,505.625,524.0,3118380
2022-12-19,LODHA,514.927734375,520.0499877929688,522.3250122070312,511.5249938964844,518.0,281278
2022-12-20,LODHA,509.9522399902344,515.0250244140625,521.9500122070312,510.75,520.0,809214
2022-12-21,LODHA,513.3187866210938,518.4249877929688,537.9000244140625,513.1500244140625,519.0,867856
2022-12-22,LODHA,508.4175109863281,513.4749755859375,523.4749755859375,510.29998779296875,519.5,535492
2022-12-23,LODHA,509.18487548828125,514.25,519.7000122070312,505.67498779296875,513.4749755859375,1473180
2022-12-26,LODHA,506.8085021972656,511.8500061035156,519.4500122070312,509.0,514.25,205548
2022-12-27,LODHA,509.8037109375,514.875,524.875,502.54998779296875,513.375,492428
2022-12-28,LODHA,536.6614990234375,542.0,549.5,512.6749877929688,513.9000244140625,1321834
2022-12-29,LODHA,542.0084228515625,547.4000244140625,554.9749755859375,525.5,539.0,597444
2022-12-30,LODHA,540.0527954101562,545.4249877929688,557.0,540.0999755859375,557.0,378300
2023-01-02,LODHA,545.1026000976562,550.5250244140625,552.5,533.0750122070312,538.0,392352
2023-01-03,LODHA,540.3250732421875,545.7000122070312,552.5,542.5250244140625,547.9000244140625,147356
2023-01-04,LODHA,530.4236450195312,535.7000122070312,549.9500122070312,531.5499877929688,549.9500122070312,188614
2023-01-05,LODHA,533.1465454101562,538.4500122070312,547.3499755859375,535.2999877929688,541.0250244140625,286350
2023-01-06,LODHA,523.839111328125,529.0499877929688,543.4000244140625,526.0,540.5,216584
2023-01-09,LODHA,521.43798828125,526.625,534.9000244140625,520.5250244140625,532.5,1023108
2023-01-10,LODHA,511.41278076171875,516.5,529.9749755859375,512.8250122070312,527.9249877929688,428906
2023-01-11,LODHA,512.4028930664062,517.5,522.4000244140625,510.29998779296875,516.5499877929688,448646
2023-01-12,LODHA,506.1649475097656,511.20001220703125,520.9500122070312,508.0249938964844,520.5,1068172
2023-01-13,LODHA,504.92724609375,509.95001220703125,514.0,505.5,510.0,432864
2023-01-16,LODHA,508.26898193359375,513.3250122070312,515.9749755859375,505.625,510.0,319988
2023-01-17,LODHA,537.8002319335938,543.1500244140625,550.0,508.8500061035156,510.0,1683238
2023-01-18,LODHA,547.9988403320312,553.4500122070312,559.5,518.0250244140625,543.1500244140625,1201778
2023-01-19,LODHA,549.1621704101562,554.625,561.25,535.2249755859375,549.0,876634
2023-01-20,LODHA,555.4495849609375,560.9749755859375,571.0,550.2249755859375,554.5,593000
2023-01-23,LODHA,541.8846435546875,547.2750244140625,564.7249755859375,535.0,564.7249755859375,441118
2023-01-24,LODHA,533.5674438476562,538.875,543.2999877929688,533.125,540.0,611710
2023-01-25,LODHA,528.1463012695312,533.4000244140625,541.0999755859375,528.875,533.3499755859375,342258
2023-01-27,LODHA,500.7933349609375,505.7749938964844,536.5,500.0,534.7249755859375,270398
2023-01-30,LODHA,509.18487548828125,514.25,518.4249877929688,500.0,504.125,633954
2023-01-31,LODHA,506.1401672363281,511.17498779296875,521.0499877929688,505.6000061035156,519.5,877548
2023-02-01,LODHA,513.9623413085938,519.0750122070312,527.2000122070312,508.79998779296875,520.0,418686
2023-02-02,LODHA,502.47662353515625,507.4750061035156,515.75,495.3999938964844,515.75,495830
2023-02-03,LODHA,482.5251159667969,487.32501220703125,512.0250244140625,475.0,507.0,1034844
2023-02-06,LODHA,494.8772277832031,499.79998779296875,506.125,484.04998779296875,488.4750061035156,303758
2023-02-07,LODHA,491.9315185546875,496.82501220703125,503.125,495.04998779296875,503.125,112474
2023-02-08,LODHA,489.03533935546875,493.8999938964844,500.6499938964844,490.5249938964844,495.875,237806
2023-02-09,LODHA,491.98101806640625,496.875,501.20001220703125,491.54998779296875,495.9750061035156,296156
2023-02-10,LODHA,494.6544494628906,499.57501220703125,504.70001220703125,486.1000061035156,494.0249938964844,409464
2023-02-13,LODHA,493.09490966796875,498.0,502.0,495.0,501.9750061035156,498502
2023-02-14,LODHA,482.6983947753906,487.5,495.0,485.5,487.5,104938
2023-02-15,LODHA,481.8072204589844,486.6000061035156,488.42498779296875,481.5,487.5,114746
2023-02-16,LODHA,463.1181335449219,467.7250061035156,489.4750061035156,465.875,486.7250061035156,1066408
2023-02-17,LODHA,445.7657470703125,450.20001220703125,464.5249938964844,447.5,464.5249938964844,610610
2023-02-20,LODHA,435.9385070800781,440.2749938964844,448.5,427.70001220703125,448.5,932204
2023-02-21,LODHA,432.6957702636719,437.0,452.0249938964844,435.5,442.4750061035156,249982
2023-02-22,LODHA,420.3188781738281,424.5,437.9750061035156,422.7749938964844,437.0,240504
2023-02-23,LODHA,398.9563903808594,402.92498779296875,427.8999938964844,400.5,427.8999938964844,668412
2023-02-24,LODHA,356.2561340332031,359.79998779296875,404.1000061035156,355.5,403.95001220703125,3334292
2023-02-27,LODHA,399.8970031738281,403.875,421.0,357.5,358.0,10271222
2023-02-28,LODHA,406.0606994628906,410.1000061035156,416.5,396.25,400.0,2861756
2023-03-01,LODHA,418.21478271484375,422.375,435.04998779296875,402.3500061035156,404.92498779296875,3205428
2023-03-02,LODHA,493.7632751464844,498.67498779296875,506.8500061035156,417.5,422.4750061035156,13669366
2023-03-03,LODHA,509.18487548828125,514.25,543.8250122070312,483.1499938964844,500.5,13142818
2023-03-06,LODHA,490.64434814453125,495.5249938964844,524.0,488.3500061035156,500.04998779296875,3480972
2023-03-08,LODHA,461.5339050292969,466.125,489.32501220703125,460.67498779296875,487.5,1460710
2023-03-09,LODHA,460.1723937988281,464.75,478.5,460.625,468.0,803264
2023-03-10,LODHA,447.3995056152344,451.8500061035156,461.7749938964844,449.0249938964844,461.5,392770
2023-03-13,LODHA,434.601806640625,438.92498779296875,453.5,435.04998779296875,452.4750061035156,404536
2023-03-14,LODHA,420.8634338378906,425.04998779296875,446.5,422.5,437.5,667636
2023-03-15,LODHA,427.91827392578125,432.17498779296875,438.0,424.79998779296875,432.3999938964844,487046
2023-03-16,LODHA,423.80914306640625,428.0249938964844,434.8500061035156,422.95001220703125,433.25,701570
2023-03-17,LODHA,441.7803955078125,446.17498779296875,458.45001220703125,423.0,434.5,1896546
2023-03-20,LODHA,426.8538818359375,431.1000061035156,446.5249938964844,415.5,446.5,597480
2023-03-21,LODHA,421.75457763671875,425.95001220703125,434.2250061035156,423.0,434.0,304126
2023-03-22,LODHA,425.4676818847656,429.70001220703125,437.0,425.5,427.3999938964844,232610
2023-03-23,LODHA,419.2049560546875,423.375,428.0249938964844,420.0,428.0249938964844,215906
2023-03-24,LODHA,408.9816589355469,413.04998779296875,423.875,410.5,423.0,421898
2023-03-27,LODHA,393.7828674316406,397.70001220703125,416.3500061035156,392.79998779296875,413.5,836800
2023-03-28,LODHA,390.06976318359375,393.95001220703125,415.0,388.5,400.0,968898
2023-03-29,LODHA,428.98272705078125,433.25,433.32501220703125,394.0,394.0,1578236
2023-03-31,LODHA,460.5684814453125,465.1499938964844,472.25,420.8500061035156,435.0,2512550
2023-04-03,LODHA,453.4146423339844,457.92498779296875,475.5,452.7749938964844,459.9750061035156,1388838
2023-04-05,LODHA,447.0529479980469,451.5,468.32501220703125,447.67498779296875,455.5,538886
2023-04-06,LODHA,452.77105712890625,457.2749938964844,469.82501220703125,445.0,452.5,872360
2023-04-10,LODHA,466.7569274902344,471.3999938964844,474.5,455.0,460.5,1165336
2023-04-11,LODHA,452.10272216796875,456.6000061035156,486.875,455.29998779296875,475.0,1380028
2023-04-12,LODHA,453.068115234375,457.57501220703125,464.625,454.0249938964844,459.42498779296875,480110
2023-04-13,LODHA,452.9443664550781,457.45001220703125,462.375,454.125,457.57501220703125,407128
2023-04-17,LODHA,467.1034851074219,471.75,473.45001220703125,455.1000061035156,461.3500061035156,946646
2023-04-18,LODHA,462.177490234375,466.7749938964844,483.0,465.25,471.9750061035156,902004
2023-04-19,LODHA,471.55914306640625,476.25,483.5,468.0,469.625,977042
2023-04-20,LODHA,466.3113708496094,470.95001220703125,479.42498779296875,467.6499938964844,478.95001220703125,417850
2023-04-21,LODHA,449.4292907714844,453.8999938964844,478.4750061035156,450.5249938964844,474.07501220703125,1418682
2023-04-24,LODHA,449.3550720214844,453.82501220703125,472.0,451.79998779296875,460.0,1472038
2023-04-25,LODHA,442.4735107421875,446.875,461.0,440.04998779296875,461.0,1203452
2023-04-26,LODHA,449.0085144042969,453.4750061035156,458.75,446.875,450.9750061035156,692336
2023-04-27,LODHA,465.6182556152344,470.25,483.6000061035156,452.5,455.0,2924156
2023-04-28,LODHA,459.8753967285156,464.45001220703125,476.1000061035156,458.0249938964844,475.5,1404372
2023-05-02,LODHA,453.2413635253906,457.75,466.9750061035156,455.5,465.0,668564
2023-05-03,LODHA,450.59271240234375,455.07501220703125,461.82501220703125,452.54998779296875,458.45001220703125,740748
2023-05-04,LODHA,448.6124572753906,453.07501220703125,458.2250061035156,450.5,455.1499938964844,552406
2023-05-05,LODHA,443.6369323730469,448.04998779296875,454.4750061035156,445.5,451.9750061035156,799420
2023-05-08,LODHA,458.3158874511719,462.875,496.5,451.625,453.125,7539090
2023-05-09,LODHA,475.0989685058594,479.82501220703125,489.5,464.70001220703125,466.4750061035156,3071052
2023-05-10,LODHA,482.89642333984375,487.70001220703125,491.8500061035156,477.92498779296875,483.3500061035156,927050
2023-05-11,LODHA,486.7579650878906,491.6000061035156,498.9750061035156,486.5,491.0,1397966
2023-05-12,LODHA,482.5745849609375,487.375,495.8999938964844,473.0249938964844,494.0,2183476
2023-05-15,LODHA,497.9961853027344,502.95001220703125,508.75,476.0249938964844,485.0,2475144
2023-05-16,LODHA,494.23358154296875,499.1499938964844,507.5,496.2749938964844,506.92498779296875,1188290
2023-05-17,LODHA,490.322509765625,495.20001220703125,501.0,484.125,500.0,871678
2023-05-18,LODHA,489.8769836425781,494.75,500.0,480.1499938964844,500.0,974782
2023-05-19,LODHA,477.9208984375,482.67498779296875,494.7250061035156,479.5,494.7250061035156,576354
2023-05-22,LODHA,476.1881103515625,480.92498779296875,486.6499938964844,478.0,482.5,372768
2023-05-23,LODHA,489.8274841308594,494.70001220703125,495.6000061035156,480.2250061035156,484.32501220703125,791644
2023-05-24,LODHA,485.2975158691406,490.125,500.5,487.75,493.5,850926
2023-05-25,LODHA,479.23284912109375,484.0,496.9750061035156,481.75,492.6499938964844,817900
2023-05-26,LODHA,505.1004943847656,510.125,517.5,477.0,484.9750061035156,1948786
2023-05-29,LODHA,524.9282836914062,530.1500244140625,532.5,500.0,510.0,2495412
2023-05-30,LODHA,520.3240966796875,525.5,540.9000244140625,512.7000122070312,530.5,10026412
2023-05-31,LODHA,540.07763671875,545.4500122070312,554.6500244140625,529.8499755859375,537.0,991117
2023-06-01,LODHA,553.5435180664062,559.0499877929688,565.2999877929688,548.7999877929688,550.0,1081287
2023-06-02,LODHA,552.0088500976562,557.5,576.75,551.3499755859375,558.9000244140625,823692
2023-06-05,LODHA,550.8702392578125,556.3499755859375,564.4500122070312,536.4000244140625,554.9500122070312,1114988
2023-06-06,LODHA,568.296875,573.9500122070312,582.0,550.0999755859375,558.0,3227475
2023-06-07,LODHA,587.8523559570312,593.7000122070312,599.5,563.0999755859375,573.9000244140625,2524710
2023-06-08,LODHA,574.435791015625,580.1500244140625,593.0,576.0,592.0,2534420
2023-06-09,LODHA,593.3477172851562,599.25,611.0,571.9000244140625,581.9500122070312,1703170
2023-06-12,LODHA,607.7048950195312,613.75,623.0,601.0,601.0,1313871
2023-06-13,LODHA,672.90625,679.5999755859375,692.9000244140625,605.6500244140625,614.0,3350853
2023-06-14,LODHA,643.350341796875,649.75,709.0,642.7999877929688,684.0,4595541
2023-06-15,LODHA,641.6670532226562,648.0499877929688,663.7000122070312,637.0499877929688,653.0,2152185
2023-06-16,LODHA,618.0519409179688,624.2000122070312,665.9000244140625,621.0,650.0,1809974
2023-06-19,LODHA,623.5473022460938,629.75,637.2999877929688,621.4500122070312,624.5,1131328
2023-06-20,LODHA,632.2109985351562,638.5,645.0,621.0,630.0,1456048
2023-06-21,LODHA,637.0132446289062,643.3499755859375,652.0,637.2000122070312,637.2000122070312,744743
2023-06-22,LODHA,640.2312622070312,646.5999755859375,651.5,630.5499877929688,645.0,722144
2023-06-23,LODHA,645.1820678710938,651.5999755859375,663.9000244140625,638.0,646.5999755859375,1318194
2023-06-26,LODHA,639.3896484375,645.75,657.5499877929688,640.5999755859375,651.0,433081
2023-06-27,LODHA,659.3412475585938,665.9000244140625,673.4000244140625,649.5,649.9500122070312,1086206
2023-06-28,LODHA,661.76708984375,668.3499755859375,673.1500244140625,648.5,668.0,790158
2023-06-30,LODHA,673.1043090820312,679.7999877929688,686.0,658.9500122070312,663.5499877929688,937027
2023-07-03,LODHA,684.094970703125,690.9000244140625,696.8499755859375,661.0,661.0,1203748
2023-07-04,LODHA,692.4617309570312,699.3499755859375,722.5,691.8499755859375,694.5499877929688,3209164
2023-07-05,LODHA,694.78857421875,701.7000122070312,709.7000122070312,675.5999755859375,705.0,1068883
2023-07-06,LODHA,720.9285278320312,728.0999755859375,740.0,703.0499877929688,705.0,3435011
2023-07-07,LODHA,693.7489624023438,700.6500244140625,734.2999877929688,692.2999877929688,725.0,1116960
2023-07-10,LODHA,669.0941772460938,675.75,703.5999755859375,670.2999877929688,703.0,683955
2023-07-11,LODHA,655.2815551757812,661.7999877929688,681.0,658.2999877929688,675.5499877929688,488916
2023-07-12,LODHA,676.56982421875,683.2999877929688,695.5499877929688,662.4500122070312,663.5,1321922
2023-07-13,LODHA,691.1250610351562,698.0,725.9500122070312,672.0,679.9000244140625,2344967
2023-07-14,LODHA,702.6107177734375,709.5999755859375,719.9000244140625,695.5499877929688,698.0,756698
2023-07-17,LODHA,697.7095336914062,704.6500244140625,713.4500122070312,696.25,709.9000244140625,624851
2023-07-18,LODHA,692.115234375,699.0,714.7000122070312,697.0499877929688,706.9000244140625,338894
2023-07-19,LODHA,691.0755615234375,697.9500122070312,704.0,690.0,702.1500244140625,385382
2023-07-20,LODHA,678.2530517578125,685.0,705.5499877929688,679.0,698.7999877929688,504856
2023-07-21,LODHA,699.1947631835938,706.1500244140625,719.9000244140625,680.0,681.0999755859375,961926
2023-07-24,LODHA,714.2945556640625,721.4000244140625,734.4500122070312,702.1500244140625,703.9500122070312,2387794
2023-07-25,LODHA,720.4829711914062,727.6500244140625,739.0,722.0499877929688,728.5999755859375,792562
2023-07-26,LODHA,720.0374755859375,727.2000122070312,736.3499755859375,714.4000244140625,730.0,787213
2023-07-27,LODHA,720.2354736328125,727.4000244140625,734.4500122070312,720.5,728.7000122070312,372354
2023-07-28,LODHA,739.54345703125,746.9000244140625,752.0,695.1500244140625,704.0,1795663
2023-07-31,LODHA,751.8707275390625,759.3499755859375,765.6500244140625,738.0,739.0,1027930
2023-08-01,LODHA,753.3064575195312,760.7999877929688,773.0,747.4000244140625,760.0,994590
2023-08-02,LODHA,724.2950439453125,731.5,761.4000244140625,714.0499877929688,761.4000244140625,956794
2023-08-03,LODHA,703.1057739257812,710.0999755859375,735.2000122070312,708.5,732.7999877929688,439527
2023-08-04,LODHA,696.0757446289062,703.0,721.75,702.0,716.9500122070312,579831
2023-08-07,LODHA,719.5918579101562,726.75,744.5,706.5999755859375,706.5999755859375,885078
2023-08-08,LODHA,710.9776000976562,718.0499877929688,732.9500122070312,716.1500244140625,730.5,363322
2023-08-09,LODHA,703.5513916015625,710.5499877929688,723.2999877929688,705.0,721.5,297136
2023-08-10,LODHA,685.8277587890625,692.6500244140625,715.5499877929688,688.0499877929688,713.0,833794
2023-08-11,LODHA,689.73876953125,696.5999755859375,707.0,695.0999755859375,696.8499755859375,606185
2023-08-14,LODHA,679.49072265625,686.25,697.2000122070312,673.5,696.9500122070312,556188
2023-08-16,LODHA,706.224853515625,713.25,716.0,683.75,686.9000244140625,1015281
2023-08-17,LODHA,709.4428100585938,716.5,730.0,706.7000122070312,715.0,1215747
2023-08-18,LODHA,689.1446533203125,696.0,716.5999755859375,690.0,716.4000244140625,639879
2023-08-21,LODHA,697.0164794921875,703.9500122070312,724.9000244140625,690.1500244140625,696.0499877929688,685085
2023-08-22,LODHA,688.84765625,695.7000122070312,708.5,695.0,703.9500122070312,1280561
2023-08-23,LODHA,687.263427734375,694.0999755859375,705.8499755859375,690.0999755859375,695.7000122070312,828452
2023-08-24,LODHA,675.1340942382812,681.8499755859375,704.9000244140625,676.0,695.9500122070312,745083
2023-08-25,LODHA,648.3504638671875,654.7999877929688,680.0,651.75,679.0,1076909
2023-08-28,LODHA,638.5975341796875,644.9500122070312,672.5499877929688,641.0499877929688,660.0499877929688,844704
2023-08-29,LODHA,666.123779296875,672.75,691.75,647.9500122070312,647.9500122070312,2105735
2023-08-30,LODHA,662.90576171875,669.5,697.5999755859375,667.0,678.0999755859375,639179
2023-08-31,LODHA,663.747314453125,670.3499755859375,683.3499755859375,666.3499755859375,672.4000244140625,601210
2023-09-01,LODHA,674.0449829101562,680.75,685.2000122070312,663.1500244140625,673.9000244140625,941318
2023-09-04,LODHA,694.8380737304688,701.75,709.9000244140625,678.0999755859375,683.4000244140625,1749402
2023-09-05,LODHA,727.7111206054688,734.9500122070312,739.0499877929688,705.2000122070312,709.75,2138692
2023-09-06,LODHA,714.888671875,722.0,736.1500244140625,711.3499755859375,735.9500122070312,1713408
2023-09-07,LODHA,735.6818237304688,743.0,746.0,721.0,723.7000122070312,1486084
2023-09-08,LODHA,762.6502075195312,769.2000122070312,779.7000122070312,744.9000244140625,746.2000122070312,2715416
2023-09-11,LODHA,790.9570922851562,797.75,799.0,776.5999755859375,781.9500122070312,1818016
2023-09-12,LODHA,778.4644165039062,785.1500244140625,818.0,750.0,818.0,2446554
2023-09-13,LODHA,786.6937255859375,793.4500122070312,798.0,730.0,783.0,2252565
2023-09-14,LODHA,793.6836547851562,800.5,821.2000122070312,793.4500122070312,805.3499755859375,2582053
2023-09-15,LODHA,789.4697875976562,796.25,810.0,785.0,807.9000244140625,1965261
2023-09-18,LODHA,769.7888793945312,776.4000244140625,801.5,773.5499877929688,797.0,436734
2023-09-20,LODHA,768.3512573242188,774.9500122070312,792.5999755859375,755.0499877929688,776.4000244140625,1140802
2023-09-21,LODHA,756.552490234375,763.0499877929688,791.7999877929688,752.3499755859375,778.9000244140625,530653
2023-09-22,LODHA,734.293701171875,740.5999755859375,774.0999755859375,734.5,770.0,655291
2023-09-25,LODHA,753.4789428710938,759.9500122070312,768.4000244140625,715.9000244140625,742.9500122070312,1490197
2023-09-26,LODHA,785.50390625,792.25,796.0,764.7000122070312,764.7000122070312,1079566
2023-09-27,LODHA,783.2730712890625,790.0,824.0,779.0499877929688,788.0,2018797
2023-09-28,LODHA,788.7261962890625,795.5,805.0,786.5999755859375,797.9000244140625,2433918
2023-09-29,LODHA,793.1383666992188,799.9500122070312,806.4000244140625,792.5999755859375,794.9500122070312,1006883
2023-10-03,LODHA,781.6370849609375,788.3499755859375,802.0999755859375,783.9500122070312,798.0,546229
2023-10-04,LODHA,743.7127685546875,750.0999755859375,791.2000122070312,744.6500244140625,789.9000244140625,1438598
2023-10-05,LODHA,742.7213134765625,749.0999755859375,774.25,746.7999877929688,759.0,1256107
2023-10-06,LODHA,772.4163208007812,779.0499877929688,782.4000244140625,748.0,756.5,1152789
2023-10-09,LODHA,770.58203125,777.2000122070312,808.4500122070312,754.25,769.0999755859375,931789
2023-10-10,LODHA,793.534912109375,800.3499755859375,813.7999877929688,764.0999755859375,785.9000244140625,2420207
2023-10-11,LODHA,807.0191040039062,813.9500122070312,829.4000244140625,803.3499755859375,809.6500244140625,2342479
2023-10-12,LODHA,800.1283569335938,807.0,817.2000122070312,792.0,816.5,1196326
2023-10-13,LODHA,803.05322265625,809.9500122070312,822.0,790.0,801.0,889265
2023-10-16,LODHA,809.7456665039062,816.7000122070312,819.2000122070312,803.9500122070312,815.0,817011
2023-10-17,LODHA,810.7372436523438,817.7000122070312,821.5,793.5,821.5,1252181
2023-10-18,LODHA,807.614013671875,814.5499877929688,819.5,805.1500244140625,819.5,947806
2023-10-19,LODHA,810.0431518554688,817.0,822.4000244140625,797.8499755859375,813.0,646069
2023-10-20,LODHA,808.1098022460938,815.0499877929688,819.6500244140625,777.0999755859375,815.0,1830050
2023-10-23,LODHA,776.828369140625,783.5,811.0,777.2000122070312,809.0,1023226
2023-10-25,LODHA,752.1900634765625,758.6500244140625,783.9500122070312,751.0,777.5,1419305
2023-10-26,LODHA,720.0658569335938,726.25,749.0499877929688,701.7000122070312,749.0,2148132
2023-10-27,LODHA,731.1209716796875,737.4000244140625,773.8499755859375,728.5,737.0,1142622
2023-10-30,LODHA,753.67724609375,760.1500244140625,777.9500122070312,742.2000122070312,745.0999755859375,1300281
2023-10-31,LODHA,780.99267578125,787.7000122070312,794.0,767.9000244140625,768.7999877929688,1090566
2023-11-01,LODHA,797.104248046875,803.9500122070312,820.0,785.9000244140625,794.0,1249290
2023-11-02,LODHA,843.0100708007812,850.25,868.5,803.7000122070312,804.7000122070312,3886302
2023-11-03,LODHA,842.2169189453125,849.4500122070312,865.0,835.5999755859375,856.5,1805841
2023-11-06,LODHA,854.1146240234375,861.4500122070312,880.0,858.25,868.0,1601646
2023-11-07,LODHA,832.8968505859375,840.0499877929688,860.2000122070312,821.9000244140625,860.0,1837594
2023-11-08,LODHA,837.656005859375,844.8499755859375,854.9500122070312,826.0,841.0,1018713
2023-11-09,LODHA,842.1176147460938,849.3499755859375,861.0,831.6500244140625,839.6500244140625,1092609
2023-11-10,LODHA,846.8272094726562,854.0999755859375,875.0,837.5499877929688,848.0,1541176
2023-11-13,LODHA,843.0100708007812,850.25,871.2999877929688,846.9000244140625,862.0499877929688,743166
2023-11-15,LODHA,845.4887084960938,852.75,871.4000244140625,839.0,864.5,2894755
2023-11-16,LODHA,861.600341796875,869.0,877.6500244140625,852.0,855.0,2208645
2023-11-17,LODHA,862.1456298828125,869.5499877929688,876.0,858.0,874.0,1596502
2023-11-20,LODHA,851.5368041992188,858.8499755859375,891.7999877929688,850.0999755859375,877.0,2171092
2023-11-21,LODHA,854.362548828125,861.7000122070312,883.2999877929688,856.0499877929688,866.7000122070312,1906436
2023-11-22,LODHA,856.6925048828125,864.0499877929688,869.7000122070312,843.2000122070312,863.0,2107463
2023-11-23,LODHA,870.2262573242188,877.7000122070312,885.7999877929688,866.0999755859375,869.25,1913168
2023-11-24,LODHA,883.8096313476562,891.4000244140625,895.0,872.7000122070312,883.7999877929688,1773089
2023-11-28,LODHA,862.0961303710938,869.5,917.0,861.7999877929688,900.0,2749645
2023-11-29,LODHA,843.4562377929688,850.7000122070312,887.9000244140625,845.0,880.0,2327814
2023-11-30,LODHA,874.1922607421875,881.7000122070312,902.75,844.25,859.0,33598797
2023-12-01,LODHA,911.5712280273438,919.4000244140625,932.0,883.5,884.3499755859375,2360793
2023-12-04,LODHA,905.2752685546875,913.0499877929688,947.7000122070312,907.0,938.0,1345166
2023-12-05,LODHA,906.0189208984375,913.7999877929688,924.7999877929688,898.8499755859375,919.0499877929688,832271
2023-12-06,LODHA,894.0714721679688,901.75,921.5999755859375,896.0,916.3499755859375,586426
2023-12-07,LODHA,888.6183471679688,896.25,902.3499755859375,886.75,892.0,446220
2023-12-08,LODHA,909.8856811523438,917.7000122070312,925.0,896.9000244140625,896.9000244140625,849971
2023-12-11,LODHA,917.1731567382812,925.0499877929688,935.0,912.7000122070312,922.25,869134
2023-12-12,LODHA,887.1806640625,894.7999877929688,943.0,886.0,934.5,642453
2023-12-13,LODHA,893.6749267578125,901.3499755859375,906.9000244140625,882.5499877929688,898.9000244140625,482246
2023-12-14,LODHA,932.8385620117188,940.8499755859375,946.9000244140625,910.2999877929688,914.0,932009
2023-12-15,LODHA,926.8895874023438,934.8499755859375,945.0,922.0499877929688,945.0,553971
2023-12-18,LODHA,922.0809936523438,930.0,946.7999877929688,919.0,945.0,543487
2023-12-19,LODHA,913.0584716796875,920.9000244140625,944.0,902.5499877929688,925.0,1081968
2023-12-20,LODHA,910.877197265625,918.7000122070312,936.2000122070312,893.6500244140625,925.0,775169
2023-12-21,LODHA,915.487548828125,923.3499755859375,928.0,877.25,903.0,1059896
2023-12-22,LODHA,929.2196655273438,937.2000122070312,950.9500122070312,921.5499877929688,927.9500122070312,764884
2023-12-26,LODHA,944.6868286132812,952.7999877929688,955.0,922.0,937.4000244140625,472142
2023-12-27,LODHA,959.8069458007812,968.0499877929688,972.0,952.7999877929688,960.0,900980
2023-12-28,LODHA,979.3391723632812,987.75,995.9500122070312,950.0,967.0,826653
2023-12-29,LODHA,1014.8343505859375,1023.5499877929688,1030.0,975.5499877929688,998.0,937259
2024-01-01,LODHA,1043.438720703125,1052.4000244140625,1061.0,997.0,1015.0,407624
2024-01-02,LODHA,1005.8614501953125,1014.5,1063.300048828125,1002.2000122070312,1055.0,914756
2024-01-03,LODHA,995.5003662109375,1004.0499877929688,1012.5,980.0999755859375,1012.0499877929688,460650
2024-01-04,LODHA,1087.7581787109375,1097.0999755859375,1124.949951171875,1012.0,1015.0,3271539
2024-01-05,LODHA,1081.263916015625,1090.550048828125,1198.9000244140625,1079.050048828125,1104.0,4672353
2024-01-08,LODHA,1114.2308349609375,1123.800048828125,1136.949951171875,1091.050048828125,1091.050048828125,1225361
2024-01-09,LODHA,1122.2618408203125,1131.9000244140625,1142.0,1110.6500244140625,1134.9000244140625,680667
2024-01-10,LODHA,1127.268798828125,1136.949951171875,1143.0,1116.0,1129.0,285426
2024-01-11,LODHA,1122.7574462890625,1132.4000244140625,1151.9000244140625,1112.75,1139.0,425621
2024-01-12,LODHA,1197.763427734375,1208.050048828125,1225.0,1157.449951171875,1163.0,2588785
2024-01-15,LODHA,1197.763427734375,1208.050048828125,1208.050048828125,1208.050048828125,1208.050048828125,0
2024-01-16,LODHA,1170.89404296875,1180.949951171875,1217.949951171875,1168.050048828125,1217.949951171875,382939
2024-01-17,LODHA,1119.931884765625,1129.550048828125,1160.300048828125,1115.8499755859375,1158.0,549154
2024-01-18,LODHA,1117.849609375,1127.449951171875,1138.75,1083.0,1115.0,759062
2024-01-19,LODHA,1122.4105224609375,1132.050048828125,1154.0,1108.699951171875,1145.0,700082
2024-01-23,LODHA,1063.912841796875,1073.050048828125,1143.1500244140625,1029.0,1143.1500244140625,729495
2024-01-24,LODHA,1052.1142578125,1061.1500244140625,1106.0,1031.050048828125,1073.050048828125,1124885
2024-01-25,LODHA,1047.0577392578125,1056.050048828125,1117.5,1010.25,1070.4000244140625,977716
2024-01-29,LODHA,1025.4432373046875,1034.25,1069.0,1025.5999755859375,1050.0,971097
2024-01-30,LODHA,1026.5833740234375,1035.4000244140625,1058.0,1026.5,1053.949951171875,412872
2024-01-31,LODHA,1060.9879150390625,1070.0999755859375,1075.0,1023.5,1033.0,778825
2024-02-01,LODHA,1063.11962890625,1072.25,1079.800048828125,1027.0,1065.050048828125,716667
2024-02-02,LODHA,1105.3074951171875,1114.800048828125,1138.449951171875,1082.550048828125,1088.0,734225
2024-02-05,LODHA,1127.5662841796875,1137.25,1207.1500244140625,1120.0,1130.0,789294
2024-02-06,LODHA,1101.837158203125,1111.300048828125,1135.1500244140625,1095.300048828125,1134.9000244140625,319201
2024-02-07,LODHA,1121.6669921875,1131.300048828125,1135.0,1120.0,1120.0,642341
2024-02-08,LODHA,1099.4080810546875,1108.8499755859375,1136.0,1101.0,1134.949951171875,413134
2024-02-09,LODHA,1079.5289306640625,1088.800048828125,1100.0,1062.800048828125,1100.0,406648
2024-02-12,LODHA,1023.8071899414062,1032.5999755859375,1114.449951171875,1021.25,1098.0,371633
2024-02-13,LODHA,1033.672607421875,1042.550048828125,1068.4000244140625,1010.7999877929688,1020.0,518413
2024-02-14,LODHA,1086.171630859375,1095.5,1105.0,1042.550048828125,1045.0,628612
2024-02-15,LODHA,1050.8253173828125,1059.8499755859375,1090.050048828125,1045.5,1090.0,559097
2024-02-16,LODHA,1064.1112060546875,1073.25,1084.0999755859375,1062.0,1080.0,237936
2024-02-19,LODHA,1083.69287109375,1093.0,1101.800048828125,1068.550048828125,1084.0,239671
2024-02-20,LODHA,1108.033935546875,1117.550048828125,1157.0,1105.0,1105.0,1069807
2024-02-21,LODHA,1126.525146484375,1136.199951171875,1179.300048828125,1109.449951171875,1124.949951171875,4372635
2024-02-22,LODHA,1125.781494140625,1135.449951171875,1145.699951171875,1122.949951171875,1141.949951171875,762120
2024-02-23,LODHA,1100.6968994140625,1110.1500244140625,1145.0,1099.8499755859375,1145.0,879892
2024-02-26,LODHA,1105.90234375,1115.4000244140625,1132.949951171875,1109.9000244140625,1119.0,653463
2024-02-27,LODHA,1137.48095703125,1147.25,1161.25,1108.0,1110.0,1669533
2024-02-28,LODHA,1141.8436279296875,1151.6500244140625,1174.0,1115.050048828125,1160.0,695676
2024-02-29,LODHA,1155.3277587890625,1165.25,1194.949951171875,1108.25,1158.0,7182898
2024-03-01,LODHA,1163.3092041015625,1173.300048828125,1184.0,1150.050048828125,1164.0,361887
2024-03-04,LODHA,1174.9095458984375,1185.0,1193.9000244140625,1165.4000244140625,1175.5,432929
2024-03-05,LODHA,1196.276123046875,1206.550048828125,1221.9000244140625,1179.9000244140625,1187.0,1561747
2024-03-06,LODHA,1186.46044921875,1196.6500244140625,1206.050048828125,1126.0,1206.050048828125,1010212
2024-03-07,LODHA,1162.714111328125,1172.699951171875,1233.949951171875,1148.800048828125,1197.0,1223851
2024-03-11,LODHA,1170.844482421875,1180.9000244140625,1277.9000244140625,1164.0,1192.050048828125,1888131
2024-03-12,LODHA,1111.504150390625,1121.050048828125,1197.3499755859375,1105.25,1193.949951171875,6300023
2024-03-13,LODHA,1003.9776000976562,1012.5999755859375,1121.0,986.5,1118.3499755859375,2717829
2024-03-14,LODHA,1016.222412109375,1024.949951171875,1050.0,977.3499755859375,982.0,1117683
2024-03-15,LODHA,995.4013061523438,1003.9500122070312,1079.0,994.3499755859375,1040.0,2154943
2024-03-18,LODHA,1072.14208984375,1081.3499755859375,1149.0,1010.0,1010.0,1967825
2024-03-19,LODHA,1072.1917724609375,1081.4000244140625,1125.9000244140625,1046.5,1125.25,1837325
2024-03-20,LODHA,1092.76513671875,1102.1500244140625,1117.8499755859375,1077.300048828125,1082.050048828125,740931
2024-03-21,LODHA,1120.8736572265625,1130.5,1139.0,1106.5,1124.1500244140625,496251
2024-03-22,LODHA,1148.3377685546875,1158.199951171875,1170.0,1130.800048828125,1130.9000244140625,641678
2024-03-26,LODHA,1148.6353759765625,1158.5,1168.0,1108.199951171875,1136.0,659912
2024-03-27,LODHA,1138.274169921875,1148.050048828125,1181.449951171875,1141.0,1168.800048828125,609014
2024-03-28,LODHA,1126.1781005859375,1135.8499755859375,1166.75,1123.25,1157.25,2245991
2024-04-01,LODHA,1161.4254150390625,1171.4000244140625,1177.0999755859375,1135.4000244140625,1135.8499755859375,628432
2024-04-02,LODHA,1157.2611083984375,1167.199951171875,1195.6500244140625,1160.1500244140625,1175.0,428175
2024-04-03,LODHA,1105.95166015625,1115.449951171875,1156.199951171875,1110.0,1156.199951171875,1242461
2024-04-04,LODHA,1128.5576171875,1138.25,1149.0999755859375,1118.0,1120.0,915243
2024-04-05,LODHA,1149.824951171875,1159.699951171875,1164.949951171875,1136.3499755859375,1150.0,1256137
2024-04-08,LODHA,1184.2296142578125,1194.4000244140625,1211.1500244140625,1169.949951171875,1176.5,1246762
2024-04-09,LODHA,1189.8314208984375,1200.050048828125,1218.300048828125,1197.050048828125,1203.3499755859375,982122
2024-04-10,LODHA,1216.6510009765625,1227.0999755859375,1247.949951171875,1206.800048828125,1206.8499755859375,1055016
2024-04-12,LODHA,1188.0963134765625,1198.300048828125,1253.949951171875,1180.75,1227.1500244140625,820102
2024-04-15,LODHA,1184.1800537109375,1194.3499755859375,1219.0,1137.050048828125,1140.199951171875,459087
2024-04-16,LODHA,1149.37890625,1159.25,1199.5999755859375,1152.25,1193.9000244140625,490464
2024-04-18,LODHA,1171.3897705078125,1181.449951171875,1190.75,1157.0,1162.1500244140625,683284
2024-04-19,LODHA,1161.02880859375,1171.0,1185.0,1158.300048828125,1181.449951171875,1087676
2024-04-22,LODHA,1185.121826171875,1195.300048828125,1205.949951171875,1180.949951171875,1194.9000244140625,2026181
2024-04-23,LODHA,1224.632568359375,1235.1500244140625,1265.0,1192.800048828125,1209.0,2063669
2024-04-24,LODHA,1239.80224609375,1250.449951171875,1276.699951171875,1237.6500244140625,1248.9000244140625,499197
2024-04-25,LODHA,1202.96875,1213.300048828125,1309.449951171875,1192.8499755859375,1279.9000244140625,1227018
2024-04-26,LODHA,1187.352783203125,1197.550048828125,1227.3499755859375,1171.949951171875,1227.3499755859375,780758
2024-04-29,LODHA,1216.2545166015625,1226.699951171875,1233.75,1160.050048828125,1160.1500244140625,734557
2024-04-30,LODHA,1228.05322265625,1238.5999755859375,1261.9000244140625,1228.25,1236.449951171875,869441
2024-05-02,LODHA,1232.7132568359375,1243.300048828125,1256.0,1216.0,1238.0999755859375,612996
2024-05-03,LODHA,1200.688232421875,1211.0,1278.949951171875,1205.25,1253.199951171875,610761
2024-05-06,LODHA,1156.5670166015625,1166.5,1219.949951171875,1153.300048828125,1219.9000244140625,1064709
2024-05-07,LODHA,1108.7279052734375,1118.25,1176.9000244140625,1110.0,1175.9000244140625,1030053
2024-05-08,LODHA,1102.977294921875,1112.449951171875,1128.800048828125,1094.0,1115.0,1139273
2024-05-09,LODHA,1114.08203125,1123.6500244140625,1144.0,1100.0999755859375,1115.5,1122432
2024-05-10,LODHA,1115.718017578125,1125.300048828125,1145.5,1103.050048828125,1125.0,1673210
2024-05-13,LODHA,1132.8211669921875,1142.550048828125,1154.300048828125,1088.0,1127.5,1322700
2024-05-14,LODHA,1154.3858642578125,1164.300048828125,1192.6500244140625,1143.3499755859375,1143.3499755859375,1328849
2024-05-15,LODHA,1179.3216552734375,1189.449951171875,1205.0,1144.0,1144.0,900246
2024-05-16,LODHA,1183.882568359375,1194.050048828125,1204.9000244140625,1179.949951171875,1202.3499755859375,1155816
2024-05-17,LODHA,1189.6331787109375,1199.8499755859375,1217.0999755859375,1188.050048828125,1200.0,640004
2024-05-21,LODHA,1232.1181640625,1242.699951171875,1249.699951171875,1202.9000244140625,1219.0,1604150
2024-05-22,LODHA,1301.4229736328125,1312.5999755859375,1331.800048828125,1252.6500244140625,1256.4000244140625,2573288
2024-05-23,LODHA,1321.3519287109375,1332.699951171875,1379.8499755859375,1313.6500244140625,1350.0,2478906
2024-05-24,LODHA,1324.425537109375,1335.800048828125,1351.0,1319.550048828125,1339.0,718310
2024-05-27,LODHA,1337.959228515625,1349.449951171875,1374.0,1336.0999755859375,1349.6500244140625,824184
2024-05-28,LODHA,1333.249755859375,1344.699951171875,1372.5999755859375,1336.550048828125,1358.9000244140625,817834
2024-05-29,LODHA,1283.7747802734375,1294.800048828125,1331.050048828125,1285.6500244140625,1316.4000244140625,1556064
2024-05-30,LODHA,1307.966796875,1319.199951171875,1335.0,1276.949951171875,1280.0,941563
2024-05-31,LODHA,1366.2164306640625,1377.949951171875,1399.0,1331.25,1378.0,13974208
2024-06-03,LODHA,1421.4918212890625,1433.699951171875,1459.25,1396.449951171875,1400.0,1397491
2024-06-04,LODHA,1292.6981201171875,1303.800048828125,1486.8499755859375,1295.5999755859375,1445.0,1466624
2024-06-05,LODHA,1285.8072509765625,1296.8499755859375,1348.199951171875,1176.699951171875,1314.800048828125,1797849
2024-06-06,LODHA,1377.42041015625,1389.25,1432.0,1309.800048828125,1309.800048828125,1008523
2024-06-07,LODHA,1421.144775390625,1433.3499755859375,1468.0999755859375,1412.050048828125,1419.8499755859375,1023720
2024-06-10,LODHA,1462.3411865234375,1474.9000244140625,1504.75,1443.3499755859375,1458.0,791057
2024-06-11,LODHA,1465.61279296875,1478.199951171875,1497.050048828125,1467.300048828125,1495.3499755859375,871745
2024-06-12,LODHA,1454.458740234375,1466.949951171875,1505.949951171875,1463.0,1483.75,520809
2024-06-13,LODHA,1525.6473388671875,1538.75,1552.5,1475.199951171875,1488.050048828125,1859278
2024-06-14,LODHA,1543.841064453125,1557.0999755859375,1588.9000244140625,1523.4000244140625,1545.0,1136761
2024-06-18,LODHA,1578.6422119140625,1592.199951171875,1649.949951171875,1538.5,1545.0,1903465
2024-06-19,LODHA,1532.3399658203125,1545.5,1600.8499755859375,1515.0,1600.699951171875,1114503
2024-06-20,LODHA,1570.3138427734375,1583.800048828125,1603.0,1527.0,1557.0,1250154
2024-06-21,LODHA,1581.22021484375,1594.800048828125,1614.800048828125,1575.050048828125,1597.1500244140625,3109702
2024-06-24,LODHA,1535.7603759765625,1548.949951171875,1589.699951171875,1540.0,1585.199951171875,1602379
2024-06-25,LODHA,1467.695068359375,1480.300048828125,1550.300048828125,1465.550048828125,1549.9000244140625,776003
2024-06-26,LODHA,1422.632080078125,1434.8499755859375,1494.75,1430.300048828125,1480.300048828125,994548
2024-06-27,LODHA,1525.3995361328125,1538.5,1550.0,1438.550048828125,1444.4000244140625,2981561
2024-06-28,LODHA,1490.7471923828125,1503.550048828125,1559.0,1485.050048828125,1502.050048828125,1148196
2024-07-01,LODHA,1508.5938720703125,1521.550048828125,1535.0,1495.5999755859375,1510.0,417929
2024-07-02,LODHA,1480.3365478515625,1493.050048828125,1532.3499755859375,1487.300048828125,1530.0,601588
2024-07-03,LODHA,1481.030517578125,1493.75,1514.199951171875,1468.0,1514.199951171875,380036
2024-07-04,LODHA,1496.795166015625,1509.6500244140625,1525.0,1486.699951171875,1500.0,358693
2024-07-05,LODHA,1520.8387451171875,1533.9000244140625,1538.75,1507.0,1519.949951171875,350222
2024-07-08,LODHA,1526.5396728515625,1539.6500244140625,1556.9000244140625,1530.0999755859375,1548.0,1202449
2024-07-09,LODHA,1548.3028564453125,1561.5999755859375,1577.4000244140625,1541.949951171875,1548.4000244140625,267303
2024-07-10,LODHA,1512.1632080078125,1525.1500244140625,1595.0,1501.0,1571.0999755859375,1069175
2024-07-11,LODHA,1459.76318359375,1472.300048828125,1537.4000244140625,1468.8499755859375,1526.25,510491
2024-07-12,LODHA,1383.91455078125,1395.800048828125,1479.8499755859375,1387.9000244140625,1479.8499755859375,1699752
2024-07-15,LODHA,1451.2364501953125,1463.699951171875,1522.75,1370.0,1416.4000244140625,3531368
2024-07-16,LODHA,1447.5184326171875,1459.949951171875,1482.0,1445.0,1463.699951171875,614567
2024-07-18,LODHA,1464.0264892578125,1476.5999755859375,1500.0,1414.0,1457.5,1056179
2024-07-19,LODHA,1436.314697265625,1448.6500244140625,1480.0,1400.199951171875,1476.75,659954
2024-07-22,LODHA,1425.6065673828125,1437.8499755859375,1449.949951171875,1398.050048828125,1407.0,601764
2024-07-23,LODHA,1358.2352294921875,1369.9000244140625,1464.050048828125,1361.0,1450.0,1185573
2024-07-24,LODHA,1388.32666015625,1400.25,1411.800048828125,1371.0,1383.0,728296
2024-07-25,LODHA,1383.4189453125,1395.300048828125,1425.449951171875,1377.050048828125,1390.050048828125,718930
2024-07-26,LODHA,1391.0533447265625,1403.0,1425.0,1394.0,1405.0,503216
2024-07-29,LODHA,1349.410888671875,1361.0,1414.800048828125,1355.0999755859375,1414.800048828125,878846
2024-07-30,LODHA,1316.7911376953125,1328.0999755859375,1373.1500244140625,1324.949951171875,1366.0,885589
2024-07-31,LODHA,1297.655517578125,1308.800048828125,1374.25,1297.0,1350.0,2487920
2024-08-01,LODHA,1262.755126953125,1273.5999755859375,1319.0,1256.0,1319.0,2029007
2024-08-02,LODHA,1220.6666259765625,1231.1500244140625,1276.550048828125,1217.5,1267.949951171875,1778456
2024-08-05,LODHA,1165.292236328125,1175.300048828125,1216.4000244140625,1160.0999755859375,1201.75,2066196
2024-08-06,LODHA,1180.1148681640625,1190.25,1206.6500244140625,1147.9000244140625,1184.949951171875,3006216
2024-08-07,LODHA,1205.1002197265625,1215.449951171875,1241.949951171875,1208.5999755859375,1241.949951171875,1254444
2024-08-08,LODHA,1177.983154296875,1188.0999755859375,1228.0,1180.0999755859375,1225.9000244140625,568868
2024-08-09,LODHA,1233.7542724609375,1244.3499755859375,1275.0,1184.5999755859375,1200.0,1480085
2024-08-12,LODHA,1286.9473876953125,1298.0,1318.0,1235.0,1242.25,2731445
2024-08-13,LODHA,1298.64697265625,1309.800048828125,1336.0,1298.0,1311.0,1256792
2024-08-14,LODHA,1273.1162109375,1284.050048828125,1320.0,1276.5,1320.0,909029
2024-08-16,LODHA,1287.4185791015625,1296.199951171875,1322.300048828125,1268.4000244140625,1289.800048828125,692107
2024-08-19,LODHA,1279.224365234375,1287.949951171875,1327.5,1277.050048828125,1297.4000244140625,387206
2024-08-20,LODHA,1250.7188720703125,1259.25,1290.0999755859375,1254.0,1282.199951171875,550733
2024-08-21,LODHA,1231.4503173828125,1239.8499755859375,1254.949951171875,1228.0999755859375,1251.5999755859375,745626
2024-08-22,LODHA,1214.5654296875,1222.8499755859375,1245.0,1215.1500244140625,1245.0,482889
2024-08-23,LODHA,1153.3828125,1161.25,1218.699951171875,1156.199951171875,1218.699951171875,1679184
2024-08-26,LODHA,1206.8184814453125,1215.050048828125,1223.800048828125,1144.0,1161.75,2271552
2024-08-27,LODHA,1228.917724609375,1237.300048828125,1288.550048828125,1211.75,1218.949951171875,2194264
2024-08-28,LODHA,1243.2696533203125,1251.75,1259.9000244140625,1216.550048828125,1237.0999755859375,686481
2024-08-29,LODHA,1245.951416015625,1254.449951171875,1277.25,1242.5999755859375,1258.9000244140625,1240117
2024-08-30,LODHA,1245.4052734375,1253.9000244140625,1282.0,1244.199951171875,1254.449951171875,3070120
2024-09-02,LODHA,1245.703125,1254.199951171875,1269.0,1237.199951171875,1253.9000244140625,632858
2024-09-03,LODHA,1221.269775390625,1229.5999755859375,1259.449951171875,1221.449951171875,1258.0,590533
2024-09-04,LODHA,1209.947021484375,1218.199951171875,1239.5999755859375,1206.5999755859375,1219.0,748066
2024-09-05,LODHA,1199.5181884765625,1207.699951171875,1222.199951171875,1201.050048828125,1219.0,597083
2024-09-06,LODHA,1178.8094482421875,1186.8499755859375,1215.699951171875,1181.8499755859375,1209.050048828125,376467
2024-09-09,LODHA,1185.2158203125,1193.300048828125,1211.449951171875,1181.75,1190.25,735162
2024-09-10,LODHA,1179.7529296875,1187.800048828125,1212.4000244140625,1184.050048828125,1198.949951171875,477252
2024-09-11,LODHA,1189.685302734375,1197.800048828125,1205.0,1165.5999755859375,1180.0,655344
2024-09-12,LODHA,1188.9403076171875,1197.050048828125,1209.800048828125,1188.050048828125,1209.0,439179
2024-09-13,LODHA,1221.8656005859375,1230.199951171875,1247.699951171875,1213.3499755859375,1220.0,1173646
2024-09-16,LODHA,1267.35546875,1276.0,1297.5,1248.9000244140625,1275.0,1934106
2024-09-17,LODHA,1274.705322265625,1283.4000244140625,1290.0,1238.3499755859375,1272.0,786870
2024-09-18,LODHA,1279.67138671875,1288.4000244140625,1306.9000244140625,1276.550048828125,1290.0,645143
2024-09-19,LODHA,1294.6690673828125,1303.5,1320.949951171875,1261.050048828125,1303.0,1434772
2024-09-20,LODHA,1386.3935546875,1395.8499755859375,1410.0,1307.0,1307.0,3434814
2024-09-23,LODHA,1415.197021484375,1424.8499755859375,1440.0,1380.8499755859375,1419.0,1452231
2024-09-24,LODHA,1378.6959228515625,1388.0999755859375,1434.4000244140625,1370.699951171875,1428.9000244140625,1178499
2024-09-25,LODHA,1379.9873046875,1389.4000244140625,1395.0,1311.199951171875,1328.9000244140625,1075320
2024-09-26,LODHA,1375.964599609375,1385.3499755859375,1408.0,1352.0,1377.0,765030
2024-09-27,LODHA,1291.590087890625,1300.4000244140625,1383.800048828125,1280.8499755859375,1352.3499755859375,3315577
2024-09-30,LODHA,1226.037353515625,1234.4000244140625,1288.949951171875,1224.0,1280.0,1979310
2024-10-01,LODHA,1212.77783203125,1221.050048828125,1252.0,1214.4000244140625,1250.0,1338808
2024-10-03,LODHA,1167.8839111328125,1175.8499755859375,1217.0,1171.0,1217.0,1615291
2024-10-04,LODHA,1165.3016357421875,1173.25,1185.0,1123.0,1164.0,3151171
2024-10-07,LODHA,1180.0509033203125,1188.0999755859375,1222.0,1178.199951171875,1204.949951171875,3443411
2024-10-08,LODHA,1158.99462890625,1166.9000244140625,1191.550048828125,1151.0999755859375,1181.0,1353926
2024-10-09,LODHA,1200.809326171875,1209.0,1225.0,1147.75,1171.300048828125,1022086
2024-10-10,LODHA,1175.7801513671875,1183.800048828125,1224.8499755859375,1181.550048828125,1217.0,648210
2024-10-11,LODHA,1161.924560546875,1169.8499755859375,1190.9000244140625,1167.3499755859375,1190.0,443244
2024-10-14,LODHA,1202.348876953125,1210.550048828125,1215.0,1171.0999755859375,1179.0,664476
2024-10-15,LODHA,1214.019287109375,1222.300048828125,1234.0,1198.0999755859375,1218.949951171875,640122
2024-10-16,LODHA,1214.8138427734375,1223.0999755859375,1228.0,1191.0999755859375,1219.0,789916
2024-10-17,LODHA,1161.626708984375,1169.550048828125,1217.949951171875,1165.0,1210.199951171875,963471
2024-10-18,LODHA,1153.134521484375,1161.0,1184.949951171875,1141.0999755859375,1167.0,1210372
2024-10-21,LODHA,1129.4957275390625,1137.199951171875,1181.949951171875,1130.199951171875,1167.8499755859375,509391
2024-10-22,LODHA,1075.6131591796875,1082.949951171875,1144.199951171875,1078.4000244140625,1144.199951171875,1053565
2024-10-23,LODHA,1080.281494140625,1087.6500244140625,1099.800048828125,1043.5,1063.0,1588467
2024-10-24,LODHA,1057.834716796875,1065.050048828125,1083.9000244140625,1050.0,1080.0,967869
2024-10-25,LODHA,1075.0174560546875,1082.3499755859375,1087.9000244140625,1043.699951171875,1069.949951171875,898227
2024-10-28,LODHA,1100.692138671875,1108.199951171875,1136.949951171875,1043.050048828125,1111.0,1786769
2024-10-29,LODHA,1179.5543212890625,1187.5999755859375,1198.699951171875,1097.4000244140625,1118.0,2928166
2024-10-30,LODHA,1171.211181640625,1179.199951171875,1201.1500244140625,1160.699951171875,1160.699951171875,1004100
2024-10-31,LODHA,1198.0780029296875,1206.25,1222.0,1176.0,1176.449951171875,1440322
2024-11-01,LODHA,1199.269775390625,1207.449951171875,1221.949951171875,1192.5,1211.050048828125,99911
2024-11-04,LODHA,1186.8544921875,1194.949951171875,1285.449951171875,1185.0,1212.75,1854459
2024-11-05,LODHA,1153.8297119140625,1161.699951171875,1193.0,1152.050048828125,1193.0,773396
2024-11-06,LODHA,1210.2947998046875,1218.550048828125,1224.699951171875,1166.0999755859375,1180.0,1145914
2024-11-07,LODHA,1209.0531005859375,1217.300048828125,1261.0,1212.0999755859375,1230.0,969102
2024-11-08,LODHA,1162.37158203125,1170.300048828125,1227.0,1164.449951171875,1227.0,765837
2024-11-11,LODHA,1179.4549560546875,1187.5,1208.949951171875,1161.75,1170.25,809247
2024-11-12,LODHA,1232.5428466796875,1240.949951171875,1291.0,1187.5,1195.0,4639217
2024-11-13,LODHA,1193.9560546875,1202.0999755859375,1240.050048828125,1179.0,1232.5,1154288
2024-11-14,LODHA,1213.8702392578125,1222.1500244140625,1247.3499755859375,1195.0999755859375,1197.0,917068
2024-11-18,LODHA,1227.874755859375,1236.25,1267.6500244140625,1218.25,1263.0,2147088
2024-11-19,LODHA,1251.6129150390625,1260.1500244140625,1294.0,1240.050048828125,1256.0,1893843
2024-11-21,LODHA,1224.3487548828125,1232.699951171875,1271.449951171875,1224.449951171875,1265.0,1549344
2024-11-22,LODHA,1236.4163818359375,1244.8499755859375,1284.5,1163.050048828125,1175.0,1824580
2024-11-25,LODHA,1218.9356689453125,1227.25,1324.949951171875,1212.1500244140625,1324.949951171875,3951255
2024-11-26,LODHA,1267.4052734375,1276.050048828125,1309.550048828125,1245.1500244140625,1250.0,3038757
2024-11-27,LODHA,1273.2650146484375,1281.949951171875,1309.1500244140625,1267.050048828125,1289.8499755859375,1796183
2024-11-28,LODHA,1264.17724609375,1272.800048828125,1326.4000244140625,1265.8499755859375,1290.9000244140625,1811936
2024-11-29,LODHA,1244.7098388671875,1253.199951171875,1305.0,1242.0,1295.0,1409079
2024-12-02,LODHA,1280.8135986328125,1289.550048828125,1316.800048828125,1246.0,1254.449951171875,3061815
2024-12-03,LODHA,1287.5179443359375,1296.300048828125,1316.0,1285.0,1297.0,770876
2024-12-04,LODHA,1361.8111572265625,1371.0999755859375,1381.449951171875,1290.9000244140625,1300.0,3131476
2024-12-05,LODHA,1360.420654296875,1369.699951171875,1388.5999755859375,1349.449951171875,1375.0,1585598
2024-12-06,LODHA,1362.0098876953125,1371.300048828125,1397.4000244140625,1356.75,1365.0,1145369
2024-12-09,LODHA,1367.174560546875,1376.5,1382.0,1354.050048828125,1356.0,731021
2024-12-10,LODHA,1392.1044921875,1401.5999755859375,1407.050048828125,1377.0,1377.0,2483381
2024-12-11,LODHA,1401.4407958984375,1411.0,1422.0,1383.5,1400.0,1723949
2024-12-12,LODHA,1426.569580078125,1436.300048828125,1442.0999755859375,1406.0,1411.0,1343959
2024-12-13,LODHA,1408.443115234375,1418.050048828125,1434.75,1372.0,1429.949951171875,1488375
2024-12-16,LODHA,1457.60791015625,1467.550048828125,1484.5,1417.449951171875,1428.0,2613659
2024-12-17,LODHA,1480.6505126953125,1490.75,1523.0,1464.5999755859375,1469.0,3153493
2024-12-18,LODHA,1469.427001953125,1479.449951171875,1508.5999755859375,1466.9000244140625,1498.550048828125,1952964
2024-12-19,LODHA,1466.248779296875,1476.25,1483.0,1423.800048828125,1435.1500244140625,1206964
2024-12-20,LODHA,1391.2105712890625,1400.699951171875,1495.0,1392.0,1480.0,1023456
2024-12-23,LODHA,1430.244384765625,1440.0,1465.800048828125,1402.300048828125,1404.3499755859375,2486998
2024-12-24,LODHA,1393.544677734375,1403.050048828125,1442.0,1391.25,1439.0,1021001
2024-12-26,LODHA,1404.47021484375,1414.050048828125,1417.300048828125,1384.25,1398.0999755859375,614519
2024-12-27,LODHA,1398.8087158203125,1408.3499755859375,1429.800048828125,1398.050048828125,1406.0,383153
2024-12-30,LODHA,1410.8267822265625,1420.449951171875,1461.199951171875,1373.449951171875,1395.050048828125,4052271
2024-12-31,LODHA,1379.9873046875,1389.4000244140625,1401.550048828125,1351.199951171875,1395.0,1478192
2025-01-01,LODHA,1355.5538330078125,1364.800048828125,1393.6500244140625,1358.5999755859375,1382.0,367445
2025-01-02,LODHA,1363.5989990234375,1372.9000244140625,1382.75,1346.5999755859375,1374.0,456627
2025-01-03,LODHA,1390.0684814453125,1399.550048828125,1412.1500244140625,1366.5999755859375,1369.9000244140625,908087
2025-01-06,LODHA,1337.0301513671875,1346.1500244140625,1448.0,1341.1500244140625,1421.0,878096
2025-01-07,LODHA,1331.666748046875,1340.75,1364.949951171875,1320.0,1356.0,519362
2025-01-08,LODHA,1341.2017822265625,1350.3499755859375,1359.0,1326.699951171875,1359.0,987831
2025-01-09,LODHA,1300.429931640625,1309.300048828125,1355.6500244140625,1302.550048828125,1350.300048828125,459750
2025-01-10,LODHA,1275.003173828125,1283.699951171875,1327.9000244140625,1276.8499755859375,1316.0,789698
2025-01-13,LODHA,1157.405517578125,1165.300048828125,1259.9000244140625,1160.300048828125,1256.9000244140625,2072547
2025-01-14,LODHA,1136.398681640625,1144.1500244140625,1178.9000244140625,1136.800048828125,1165.300048828125,2127808
2025-01-15,LODHA,1117.3287353515625,1124.949951171875,1162.0,1110.0,1162.0,3165699
2025-01-16,LODHA,1120.8050537109375,1128.449951171875,1166.199951171875,1125.800048828125,1134.9000244140625,1364331
2025-01-17,LODHA,1168.9764404296875,1176.949951171875,1198.25,1131.3499755859375,1135.0,4892113
2025-01-20,LODHA,1200.5611572265625,1208.75,1222.5,1171.050048828125,1180.449951171875,2096285
2025-01-21,LODHA,1139.7757568359375,1147.550048828125,1209.4000244140625,1136.5999755859375,1202.0999755859375,1534096
2025-01-22,LODHA,1069.9022216796875,1077.199951171875,1148.5999755859375,1062.25,1147.550048828125,3308966
2025-01-23,LODHA,1074.9677734375,1082.300048828125,1094.6500244140625,1053.199951171875,1060.75,1582475
2025-01-24,LODHA,1092.100830078125,1099.550048828125,1109.0,1076.0,1077.0,2566066
2025-01-27,LODHA,1096.0240478515625,1103.5,1137.0,1087.4000244140625,1100.0,5455401
2025-01-28,LODHA,1123.3377685546875,1131.0,1150.0,1098.8499755859375,1120.050048828125,2243789
2025-01-29,LODHA,1127.8072509765625,1135.5,1150.0,1102.0,1108.300048828125,2018443
2025-01-30,LODHA,1152.7371826171875,1160.5999755859375,1174.1500244140625,1133.0,1141.8499755859375,1861163
2025-01-31,LODHA,1196.33984375,1204.5,1235.4000244140625,1158.199951171875,1167.449951171875,3559155
2025-02-01,LODHA,1271.4774169921875,1280.1500244140625,1292.0,1169.699951171875,1218.3499755859375,1269754
2025-02-03,LODHA,1288.66015625,1297.449951171875,1305.050048828125,1237.199951171875,1249.8499755859375,2093414
2025-02-04,LODHA,1277.7843017578125,1286.5,1297.800048828125,1270.5999755859375,1280.0,1170642
2025-02-05,LODHA,1259.8070068359375,1268.4000244140625,1303.75,1265.4000244140625,1286.3499755859375,751453
2025-02-06,LODHA,1190.5791015625,1198.699951171875,1267.1500244140625,1194.0999755859375,1252.300048828125,2114481
2025-02-07,LODHA,1230.4075927734375,1238.800048828125,1243.0,1202.0,1202.0,1983603
2025-02-10,LODHA,1168.678466796875,1176.6500244140625,1244.949951171875,1170.449951171875,1236.0,1288374
2025-02-11,LODHA,1162.5205078125,1170.449951171875,1184.75,1147.6500244140625,1183.0,1144470
2025-02-12,LODHA,1164.7056884765625,1172.6500244140625,1201.699951171875,1150.0,1168.0,2380787
2025-02-13,LODHA,1165.2518310546875,1173.199951171875,1194.199951171875,1165.0,1178.5,1182683
2025-02-14,LODHA,1145.735107421875,1153.550048828125,1185.75,1135.199951171875,1174.699951171875,2535663
2025-02-17,LODHA,1159.8885498046875,1167.800048828125,1171.8499755859375,1123.5999755859375,1144.0,820581
2025-02-18,LODHA,1154.6741943359375,1162.550048828125,1181.0999755859375,1148.550048828125,1162.0,1108216
2025-02-19,LODHA,1173.7440185546875,1181.75,1199.199951171875,1149.949951171875,1159.0,626677
2025-02-20,LODHA,1184.421142578125,1192.5,1200.9000244140625,1169.449951171875,1179.25,498434
2025-02-21,LODHA,1207.3150634765625,1215.550048828125,1222.3499755859375,1182.800048828125,1188.0,2045038
2025-02-24,LODHA,1186.9041748046875,1195.0,1215.0,1185.0,1197.0,731706
2025-02-25,LODHA,1188.4932861328125,1196.5999755859375,1214.3499755859375,1183.199951171875,1200.949951171875,1486433
2025-02-27,LODHA,1186.8544921875,1194.949951171875,1215.0,1174.550048828125,1194.0,2220279
2025-02-28,LODHA,1123.2384033203125,1130.9000244140625,1194.9000244140625,1120.050048828125,1184.9000244140625,4466895
2025-03-03,LODHA,1113.2564697265625,1120.8499755859375,1165.699951171875,1101.25,1131.25,1050459
2025-03-04,LODHA,1110.376220703125,1117.949951171875,1135.3499755859375,1087.050048828125,1120.8499755859375,1162488
2025-03-05,LODHA,1144.692138671875,1152.5,1159.9000244140625,1111.9000244140625,1115.0,734447
2025-03-06,LODHA,1130.4393310546875,1138.1500244140625,1172.75,1132.0,1158.0,779868
2025-03-07,LODHA,1105.4598388671875,1113.0,1149.9000244140625,1103.5999755859375,1138.1500244140625,1292906
2025-03-10,LODHA,1068.412353515625,1075.699951171875,1128.0,1072.050048828125,1118.0,1119938
2025-03-11,LODHA,1124.6787109375,1132.3499755859375,1149.949951171875,1065.0,1075.699951171875,2683783
2025-03-12,LODHA,1074.3717041015625,1081.699951171875,1137.449951171875,1075.6500244140625,1122.0999755859375,1175851
2025-03-13,LODHA,1048.1009521484375,1055.25,1090.449951171875,1050.1500244140625,1086.449951171875,1369790
2025-03-17,LODHA,1056.791748046875,1064.0,1075.0,1035.1500244140625,1049.0,862374
2025-03-18,LODHA,1056.791748046875,1064.0,1064.0,1064.0,1064.0,0
2025-03-19,LODHA,1169.4730224609375,1177.449951171875,1190.4000244140625,1113.5,1113.5,1890436
2025-03-20,LODHA,1185.6627197265625,1193.75,1238.0999755859375,1178.0999755859375,1180.0,2406145
2025-03-21,LODHA,1172.750732421875,1180.75,1224.4000244140625,1164.550048828125,1179.0,2261969
2025-03-24,LODHA,1208.5068359375,1216.75,1240.0,1188.449951171875,1190.0,1577877
2025-03-25,LODHA,1201.6038818359375,1209.800048828125,1251.0,1198.800048828125,1229.6500244140625,672554
2025-03-26,LODHA,1189.23828125,1197.3499755859375,1252.949951171875,1190.0,1210.25,1534225
2025-03-27,LODHA,1232.890625,1241.300048828125,1255.0,1190.0,1193.0,1158000
2025-03-28,LODHA,1187.6988525390625,1195.800048828125,1248.3499755859375,1191.0,1241.75,965367
2025-04-01,LODHA,1149.3602294921875,1157.199951171875,1205.0,1147.0,1205.0,1191228
2025-04-02,LODHA,1210.1951904296875,1218.449951171875,1223.0,1163.6500244140625,1163.6500244140625,1919618
2025-04-03,LODHA,1209.5,1217.75,1231.75,1175.1500244140625,1189.0,732130
2025-04-04,LODHA,1172.85009765625,1180.8499755859375,1222.25,1161.0999755859375,1211.0,456039
2025-04-07,LODHA,1099.10302734375,1106.5999755859375,1144.949951171875,1076.0,1116.550048828125,1482723
2025-04-08,LODHA,1125.0262451171875,1132.699951171875,1149.800048828125,1111.0,1120.0,1767581
2025-04-09,LODHA,1103.7215576171875,1111.25,1134.050048828125,1095.300048828125,1134.050048828125,958219
2025-04-11,LODHA,1114.99462890625,1122.5999755859375,1149.0,1102.5,1102.5,1777845
2025-04-15,LODHA,1205.7755126953125,1214.0,1216.9000244140625,1145.0,1157.0,3463329
2025-04-16,LODHA,1232.3939208984375,1240.800048828125,1254.9000244140625,1225.199951171875,1240.0,2739797
2025-04-17,LODHA,1227.7257080078125,1236.0999755859375,1262.4000244140625,1225.0,1240.4000244140625,872152
2025-04-21,LODHA,1284.6375732421875,1293.4000244140625,1308.0,1239.0,1250.0,1108203
2025-04-22,LODHA,1304.5020751953125,1313.4000244140625,1339.9000244140625,1285.0,1300.0,1250475
2025-04-23,LODHA,1357.1429443359375,1366.4000244140625,1369.800048828125,1330.0,1331.699951171875,2431953
2025-04-24,LODHA,1311.255859375,1320.199951171875,1380.300048828125,1307.300048828125,1379.9000244140625,2388212
2025-04-25,LODHA,1296.2581787109375,1305.0999755859375,1390.0,1293.0,1355.5,4799027
2025-04-28,LODHA,1301.32373046875,1310.199951171875,1332.800048828125,1272.5999755859375,1314.699951171875,1240596
2025-04-29,LODHA,1279.274169921875,1288.0,1320.0999755859375,1284.0,1315.0,778686
2025-04-30,LODHA,1320.2943115234375,1329.300048828125,1362.699951171875,1303.0999755859375,1320.9000244140625,5035119
2025-05-02,LODHA,1329.134033203125,1338.199951171875,1382.5,1315.0,1319.9000244140625,2216584
2025-05-05,LODHA,1324.565185546875,1333.5999755859375,1359.0,1318.0999755859375,1359.0,663064
2025-05-06,LODHA,1287.2198486328125,1296.0,1345.9000244140625,1288.0,1325.0999755859375,638709
2025-05-07,LODHA,1293.1793212890625,1302.0,1306.9000244140625,1268.4000244140625,1270.0,702143
2025-05-08,LODHA,1279.0755615234375,1287.800048828125,1317.4000244140625,1270.300048828125,1305.0,1782078
2025-05-09,LODHA,1225.93798828125,1234.300048828125,1271.0,1225.0,1250.0,1098567
2025-05-12,LODHA,1296.5562744140625,1305.4000244140625,1311.800048828125,1281.199951171875,1300.0,1038362
2025-05-13,LODHA,1265.17041015625,1273.800048828125,1315.9000244140625,1262.4000244140625,1305.9000244140625,1624657
2025-05-14,LODHA,1307.5810546875,1316.5,1328.0,1250.0,1250.0,1570410
2025-05-15,LODHA,1361.7117919921875,1371.0,1378.800048828125,1306.0,1317.699951171875,2246902
2025-05-16,LODHA,1385.3507080078125,1394.800048828125,1411.800048828125,1353.300048828125,1378.0,1948465
2025-05-19,LODHA,1412.3663330078125,1422.0,1432.0,1379.300048828125,1394.800048828125,1320018
2025-05-20,LODHA,1370.8494873046875,1380.199951171875,1434.0,1375.0,1430.0,1204564
2025-05-21,LODHA,1399.4544677734375,1409.0,1424.0,1379.5999755859375,1383.9000244140625,944200
2025-05-22,LODHA,1400.149658203125,1409.699951171875,1420.800048828125,1382.0,1400.0,529470
2025-05-23,LODHA,1403.228759765625,1412.800048828125,1425.0,1405.0999755859375,1408.4000244140625,407529
2025-05-26,LODHA,1429.3504638671875,1439.0999755859375,1469.9000244140625,1411.199951171875,1420.0,2067043
2025-05-27,LODHA,1443.5535888671875,1453.4000244140625,1470.0,1423.5,1442.0,2006076
2025-05-28,LODHA,1457.8560791015625,1467.800048828125,1483.5,1452.5,1460.0,1396273
2025-05-29,LODHA,1447.129150390625,1457.0,1474.0,1432.0999755859375,1474.0,991951
2025-05-30,LODHA,1415.842529296875,1425.5,1462.0,1418.5999755859375,1459.800048828125,2215653
2025-06-02,LODHA,1424.185791015625,1433.9000244140625,1445.0,1412.0999755859375,1420.0,1479490
2025-06-03,LODHA,1436.799560546875,1446.5999755859375,1475.0,1438.5,1459.0,1650498
2025-06-04,LODHA,1435.011962890625,1444.800048828125,1472.800048828125,1434.199951171875,1472.800048828125,1331886
2025-06-05,LODHA,1451.7972412109375,1461.699951171875,1479.9000244140625,1451.0,1458.9000244140625,1528240
2025-06-06,LODHA,1505.7294921875,1516.0,1529.9000244140625,1465.0,1465.0,2235584
2025-06-09,LODHA,1501.45849609375,1511.699951171875,1531.0,1501.0,1530.0,1365885
2025-06-10,LODHA,1457.4588623046875,1467.4000244140625,1517.4000244140625,1462.0999755859375,1515.0,977125
2025-06-11,LODHA,1465.8018798828125,1475.800048828125,1491.0,1461.0999755859375,1467.4000244140625,987368
2025-06-12,LODHA,1439.28271484375,1449.0999755859375,1477.9000244140625,1445.199951171875,1477.9000244140625,737676
2025-06-13,LODHA,1442.759033203125,1452.5999755859375,1458.0,1420.0,1433.199951171875,948683
2025-06-16,LODHA,1460.6370849609375,1470.5999755859375,1474.800048828125,1437.0,1455.9000244140625,405280
2025-06-17,LODHA,1436.203857421875,1446.0,1504.0,1443.0999755859375,1475.699951171875,1293255
2025-06-18,LODHA,1433.4227294921875,1443.199951171875,1469.5,1433.5,1450.0,576064
2025-06-19,LODHA,1415.7432861328125,1425.4000244140625,1468.5,1415.199951171875,1439.9000244140625,773708
2025-06-20,LODHA,1473.1517333984375,1483.199951171875,1497.0,1428.0,1430.0,3387202
2025-06-23,LODHA,1463.31884765625,1473.300048828125,1495.0,1461.300048828125,1477.800048828125,823714
2025-06-24,LODHA,1460.5377197265625,1470.5,1509.800048828125,1467.300048828125,1496.0,887932
2025-06-25,LODHA,1446.73193359375,1456.5999755859375,1495.699951171875,1447.199951171875,1481.0,1049577
2025-06-26,LODHA,1431.635009765625,1441.4000244140625,1467.300048828125,1420.199951171875,1461.4000244140625,907176
2025-06-27,LODHA,1412.56494140625,1422.199951171875,1453.0,1415.9000244140625,1449.9000244140625,859030
2025-06-30,LODHA,1374.8223876953125,1384.199951171875,1430.0,1382.0,1427.199951171875,1730108
2025-07-01,LODHA,1382.072998046875,1391.5,1396.300048828125,1363.5999755859375,1393.199951171875,1279409
2025-07-02,LODHA,1389.323486328125,1398.800048828125,1407.0,1380.0,1390.0,941661
2025-07-03,LODHA,1359.6260986328125,1368.9000244140625,1406.300048828125,1365.9000244140625,1399.0,668346
2025-07-04,LODHA,1358.83154296875,1368.0999755859375,1382.0,1354.300048828125,1371.0,425688
2025-07-07,LODHA,1367.96923828125,1377.300048828125,1384.4000244140625,1359.0,1366.0,442561
2025-07-08,LODHA,1365.58544921875,1374.9000244140625,1389.300048828125,1352.0,1385.0,964835
2025-07-09,LODHA,1380.6824951171875,1390.0999755859375,1397.300048828125,1360.699951171875,1370.0,1057621
2025-07-10,LODHA,1402.2354736328125,1411.800048828125,1413.9000244140625,1383.0,1386.0,657475
2025-07-11,LODHA,1390.61474609375,1400.0999755859375,1422.0,1393.0,1411.800048828125,1140138
2025-07-14,LODHA,1410.0819091796875,1419.699951171875,1423.199951171875,1387.0,1400.0999755859375,534480
2025-07-15,LODHA,1424.2850341796875,1434.0,1439.9000244140625,1416.300048828125,1426.699951171875,732457
2025-07-16,LODHA,1430.4429931640625,1440.199951171875,1449.5,1431.199951171875,1434.0,694775
2025-07-17,LODHA,1430.6417236328125,1440.4000244140625,1455.0,1433.199951171875,1446.800048828125,1043937
2025-07-18,LODHA,1435.1112060546875,1444.9000244140625,1458.699951171875,1441.0999755859375,1447.0,802788
2025-07-21,LODHA,1438.8853759765625,1448.699951171875,1451.0,1431.0,1443.4000244140625,319633
2025-07-22,LODHA,1432.5289306640625,1442.300048828125,1461.5,1434.0,1461.5,371182
2025-07-23,LODHA,1324.9625244140625,1334.0,1404.0,1330.0999755859375,1400.0,17783631
2025-07-24,LODHA,1317.115966796875,1326.0999755859375,1337.0,1304.300048828125,1336.0,1321225
2025-07-25,LODHA,1270.732421875,1279.4000244140625,1319.5,1275.0999755859375,1317.5999755859375,2664662
2025-07-28,LODHA,1195.048583984375,1203.199951171875,1284.0,1190.5999755859375,1280.0,7197953
2025-07-29,LODHA,1238.0552978515625,1246.5,1256.0,1211.0999755859375,1211.0999755859375,4143162
2025-07-30,LODHA,1229.8115234375,1238.199951171875,1255.5,1232.5,1246.5999755859375,1198616
2025-07-31,LODHA,1223.2562255859375,1231.5999755859375,1252.300048828125,1216.0999755859375,1218.0,1649835
2025-08-01,LODHA,1199.716796875,1207.9000244140625,1242.300048828125,1197.5999755859375,1237.0,857479
2025-08-04,LODHA,1235.572265625,1244.0,1246.5999755859375,1203.0,1214.300048828125,630565
2025-08-05,LODHA,1225.639892578125,1234.0,1247.0999755859375,1222.0,1246.0,538727
2025-08-06,LODHA,1219.18408203125,1227.5,1246.4000244140625,1208.5999755859375,1236.9000244140625,1176641
2025-08-07,LODHA,1214.1185302734375,1222.4000244140625,1235.0,1201.5,1210.0,967280
2025-08-08,LODHA,1194.45263671875,1202.5999755859375,1231.800048828125,1196.0,1221.800048828125,587784
2025-08-11,LODHA,1216.6015625,1224.9000244140625,1227.9000244140625,1198.0999755859375,1209.0,642421
2025-08-12,LODHA,1205.9739990234375,1214.199951171875,1233.5,1210.9000244140625,1225.0,673722
2025-08-13,LODHA,1217.49560546875,1225.800048828125,1230.699951171875,1214.199951171875,1214.199951171875,964805
2025-08-14,LODHA,1223.2562255859375,1231.5999755859375,1239.9000244140625,1228.199951171875,1229.9000244140625,1514599
2025-08-18,LODHA,1238.552001953125,1247.0,1269.9000244140625,1238.0,1248.0,2175568
2025-08-19,LODHA,1249.27880859375,1257.800048828125,1260.0,1226.0999755859375,1254.9000244140625,1106601
2025-08-20,LODHA,1291.19287109375,1300.0,1302.4000244140625,1254.0,1259.4000244140625,1941354
2025-08-21,LODHA,1284.836181640625,1293.5999755859375,1327.5999755859375,1290.5,1313.0,1535305
2025-08-22,LODHA,1256.58544921875,1261.0,1301.0,1260.0,1293.5999755859375,789131
2025-08-25,LODHA,1259.9736328125,1264.4000244140625,1284.9000244140625,1262.0,1266.800048828125,881356
2025-08-26,LODHA,1232.47021484375,1236.800048828125,1268.9000244140625,1229.0999755859375,1265.199951171875,1154640
2025-08-28,LODHA,1203.97021484375,1208.199951171875,1247.699951171875,1205.0999755859375,1239.0,1036875
2025-08-29,LODHA,1188.1259765625,1192.300048828125,1216.199951171875,1182.5999755859375,1200.0,1005139
2025-09-01,LODHA,1202.9737548828125,1207.199951171875,1210.699951171875,1180.0,1180.0,356624
2025-09-02,LODHA,1190.4178466796875,1194.5999755859375,1216.699951171875,1188.5999755859375,1213.5,927690
2025-09-03,LODHA,1197.194091796875,1201.4000244140625,1205.0,1191.5999755859375,1194.5999755859375,731127
2025-09-04,LODHA,1187.8270263671875,1192.0,1226.4000244140625,1183.5,1220.0,1118956
2025-09-05,LODHA,1170.786865234375,1174.9000244140625,1207.300048828125,1168.0,1192.0,638996
2025-09-08,LODHA,1177.46337890625,1181.5999755859375,1192.0,1177.199951171875,1187.9000244140625,308691
2025-09-09,LODHA,1168.295654296875,1172.4000244140625,1186.0,1170.4000244140625,1186.0,382723
2025-09-10,LODHA,1177.46337890625,1181.5999755859375,1193.0,1172.4000244140625,1176.9000244140625,881354
2025-09-11,LODHA,1175.470458984375,1179.5999755859375,1187.5999755859375,1173.0,1186.4000244140625,375287
2025-09-12,LODHA,1164.2100830078125,1168.300048828125,1217.199951171875,1161.0999755859375,1214.5,3504642
2025-09-15,LODHA,1183.6417236328125,1187.800048828125,1201.0,1159.5999755859375,1174.0999755859375,1819935
2025-09-16,LODHA,1196.4964599609375,1200.699951171875,1211.4000244140625,1182.699951171875,1187.800048828125,1037458
2025-09-17,LODHA,1200.3829345703125,1204.5999755859375,1210.300048828125,1194.199951171875,1206.0,1316331
2025-09-18,LODHA,1200.4825439453125,1204.699951171875,1216.9000244140625,1198.0,1200.0,1586089
2025-09-19,LODHA,1211.8426513671875,1216.0999755859375,1223.0,1199.0999755859375,1212.0999755859375,1146560
2025-09-22,LODHA,1208.0560302734375,1212.300048828125,1229.0,1206.199951171875,1220.0,1037077
2025-09-23,LODHA,1201.18017578125,1205.4000244140625,1217.699951171875,1194.4000244140625,1212.300048828125,916013
2025-09-24,LODHA,1175.2711181640625,1179.4000244140625,1207.199951171875,1175.0,1205.4000244140625,647426
2025-09-25,LODHA,1145.376220703125,1149.4000244140625,1181.4000244140625,1145.0,1179.4000244140625,985809
2025-09-26,LODHA,1137.105224609375,1141.0999755859375,1157.9000244140625,1136.0999755859375,1149.4000244140625,1187515
2025-09-29,LODHA,1151.2554931640625,1155.300048828125,1157.0,1139.5,1152.800048828125,1010427
2025-09-30,LODHA,1131.8238525390625,1135.800048828125,1165.0,1128.300048828125,1165.0,1130788
2025-10-01,LODHA,1135.809814453125,1139.800048828125,1159.800048828125,1135.800048828125,1141.5,1098688
2025-10-03,LODHA,1109.1036376953125,1113.0,1147.0,1108.0,1144.699951171875,1665979
2025-10-06,LODHA,1111.1961669921875,1115.0999755859375,1122.199951171875,1105.300048828125,1122.0,1415808
2025-10-07,LODHA,1140.9915771484375,1145.0,1152.199951171875,1098.800048828125,1118.0,6502049
2025-10-08,LODHA,1124.74853515625,1128.699951171875,1160.0,1125.0,1150.0,1724214
2025-10-09,LODHA,1124.74853515625,1128.699951171875,1141.699951171875,1115.0999755859375,1137.5,682554
2025-10-10,LODHA,1151.8533935546875,1155.9000244140625,1161.300048828125,1120.5999755859375,1130.300048828125,1061874
2025-10-13,LODHA,1150.259033203125,1154.300048828125,1157.9000244140625,1139.800048828125,1155.0,547636
2025-10-14,LODHA,1138.0020751953125,1142.0,1168.0,1136.5,1165.0999755859375,479321
2025-10-15,LODHA,1167.8970947265625,1172.0,1187.4000244140625,1144.199951171875,1148.0,1575396
2025-10-16,LODHA,1190.6173095703125,1194.800048828125,1197.0,1175.0,1177.0,2296704
2025-10-17,LODHA,1182.744873046875,1186.9000244140625,1197.5,1178.4000244140625,1194.800048828125,774211
2025-10-20,LODHA,1181.449462890625,1185.5999755859375,1194.9000244140625,1174.0,1194.9000244140625,750454
2025-10-21,LODHA,1180.6522216796875,1184.800048828125,1196.9000244140625,1179.0,1196.0,68509
2025-10-23,LODHA,1171.185546875,1175.300048828125,1196.0,1172.0,1196.0,1679963
2025-10-24,LODHA,1168.7939453125,1172.9000244140625,1199.5,1168.199951171875,1184.0999755859375,938533
2025-10-27,LODHA,1172.8795166015625,1177.0,1189.5,1174.0,1184.0,575452
2025-10-28,LODHA,1164.9075927734375,1169.0,1181.9000244140625,1163.199951171875,1177.0,1135709
2025-10-29,LODHA,1175.07177734375,1179.199951171875,1190.4000244140625,1167.699951171875,1172.0,896789
2025-10-30,LODHA,1167.2991943359375,1171.4000244140625,1189.9000244140625,1166.5999755859375,1187.800048828125,870241
2025-10-31,LODHA,1193.7064208984375,1197.9000244140625,1214.0,1184.199951171875,1199.0,5985377
2025-11-03,LODHA,1230.776123046875,1235.0999755859375,1240.0,1196.800048828125,1200.0,2096532
2025-11-04,LODHA,1218.618896484375,1222.9000244140625,1244.0,1220.0,1242.0,1186673
2025-11-06,LODHA,1228.1851806640625,1232.5,1237.5,1213.9000244140625,1222.0,1539222
2025-11-07,LODHA,1222.305908203125,1226.5999755859375,1233.9000244140625,1199.300048828125,1232.5,804549
2025-11-10,LODHA,1201.877685546875,1206.0999755859375,1232.5,1203.0999755859375,1226.0999755859375,516966
2025-11-11,LODHA,1216.7254638671875,1221.0,1225.5,1195.0999755859375,1206.0999755859375,1909398
2025-11-12,LODHA,1212.938720703125,1217.199951171875,1243.0,1211.4000244140625,1221.0,2586644
2025-11-13,LODHA,1213.33740234375,1217.5999755859375,1234.800048828125,1215.0,1220.0,882806
2025-11-14,LODHA,1205.2657470703125,1209.5,1217.0,1201.5,1213.0999755859375,541800
2025-11-17,LODHA,1216.0279541015625,1220.300048828125,1223.0,1210.5,1212.4000244140625,781591
2025-11-18,LODHA,1187.8270263671875,1192.0,1232.0,1186.5999755859375,1225.0,871832
2025-11-19,LODHA,1197.7919921875,1202.0,1206.4000244140625,1176.699951171875,1192.0999755859375,849225
2025-11-20,LODHA,1196.5963134765625,1200.800048828125,1206.9000244140625,1191.4000244140625,1206.9000244140625,719624
2025-11-21,LODHA,1172.6802978515625,1176.800048828125,1202.0,1161.9000244140625,1201.0,1730092
2025-11-24,LODHA,1155.8394775390625,1159.9000244140625,1181.0,1155.5999755859375,1180.0,1196025
2025-11-25,LODHA,1156.1383056640625,1160.199951171875,1174.5999755859375,1156.0,1160.0,504998
2025-11-26,LODHA,1159.5263671875,1163.5999755859375,1175.0,1157.9000244140625,1165.0,833164
2025-11-27,LODHA,1152.5509033203125,1156.5999755859375,1172.0,1151.199951171875,1167.5999755859375,598418
2025-11-28,LODHA,1144.1802978515625,1148.199951171875,1178.5999755859375,1145.300048828125,1166.0,1536998
2025-12-01,LODHA,1124.2503662109375,1128.199951171875,1158.0,1125.0999755859375,1156.300048828125,684453
2025-12-02,LODHA,1115.8798828125,1119.800048828125,1130.5,1114.5,1127.0,1993162
2025-12-03,LODHA,1100.0355224609375,1103.9000244140625,1126.0,1100.0,1120.0,1062825
2025-12-04,LODHA,1105.6158447265625,1109.5,1120.0,1093.5999755859375,1105.0,962511
2025-12-05,LODHA,1107.70849609375,1111.5999755859375,1124.9000244140625,1102.0,1113.5,727204
2025-12-08,LODHA,1068.2470703125,1072.0,1115.9000244140625,1066.0,1115.4000244140625,636718
2025-12-09,LODHA,1072.233154296875,1076.0,1078.5,1056.199951171875,1072.0,1064805
2025-12-10,LODHA,1068.546142578125,1072.300048828125,1097.4000244140625,1064.800048828125,1081.0,759811
2025-12-11,LODHA,1076.7174072265625,1080.5,1085.5,1067.0999755859375,1070.0,419301
2025-12-12,LODHA,1087.2802734375,1091.0999755859375,1096.199951171875,1079.4000244140625,1087.199951171875,1174813
2025-12-15,LODHA,1087.1806640625,1091.0,1101.9000244140625,1075.5999755859375,1092.0,2704691
2025-12-16,LODHA,1071.63525390625,1075.4000244140625,1099.5,1071.0,1092.0,450739
2025-12-17,LODHA,1060.075927734375,1063.800048828125,1129.300048828125,1058.4000244140625,1121.0,980532
2025-12-18,LODHA,1065.3572998046875,1069.0999755859375,1076.0,1047.5999755859375,1063.0,455006
2025-12-19,LODHA,1086.38330078125,1090.199951171875,1093.699951171875,1071.4000244140625,1078.5999755859375,545392
2025-12-22,LODHA,1091.664794921875,1095.5,1108.699951171875,1090.199951171875,1098.0,537621
2025-12-23,LODHA,1079.0093994140625,1082.800048828125,1093.9000244140625,1080.0999755859375,1093.0,403609
2025-12-24,LODHA,1076.3187255859375,1080.0999755859375,1090.9000244140625,1075.0999755859375,1082.800048828125,412998
2025-12-26,LODHA,1069.7418212890625,1073.5,1085.0,1069.699951171875,1079.4000244140625,478206
2025-12-29,LODHA,1060.97265625,1064.699951171875,1082.4000244140625,1061.5,1075.0,643460
2025-12-30,LODHA,1053.199951171875,1056.9000244140625,1068.699951171875,1053.0,1064.0,656685
2025-12-31,LODHA,1057.5845947265625,1061.300048828125,1070.0,1056.199951171875,1062.9000244140625,509451
2026-01-01,LODHA,1069.0443115234375,1072.800048828125,1074.9000244140625,1061.0,1061.0,393122
2026-01-02,LODHA,1081.899169921875,1085.699951171875,1089.0999755859375,1070.199951171875,1074.0,1416306
2026-01-05,LODHA,1116.0791015625,1120.0,1130.0,1086.199951171875,1090.699951171875,2876700
2026-01-06,LODHA,1108.2066650390625,1112.0999755859375,1126.4000244140625,1100.5,1125.4000244140625,1918861
2026-01-07,LODHA,1107.010986328125,1110.9000244140625,1138.5,1104.199951171875,1120.0,2651449
2026-01-08,LODHA,1086.38330078125,1090.199951171875,1128.800048828125,1085.0999755859375,1114.0,1683229
2026-01-09,LODHA,1057.6842041015625,1061.4000244140625,1082.0999755859375,1052.800048828125,1082.0,2660754
2026-01-12,LODHA,1074.02685546875,1077.800048828125,1080.5,1040.199951171875,1061.5,1566981
2026-01-13,LODHA,1070.6387939453125,1074.4000244140625,1088.4000244140625,1060.0,1078.0,803297
2026-01-14,LODHA,1055.0933837890625,1058.800048828125,1069.5999755859375,1047.5,1054.4000244140625,981592
2026-01-15,LODHA,1055.0933837890625,1058.800048828125,1058.800048828125,1058.800048828125,1058.800048828125,0
2026-01-16,LODHA,1067.1510009765625,1070.9000244140625,1086.9000244140625,1055.0,1055.0,1941994
2026-01-19,LODHA,1040.3450927734375,1044.0,1073.5999755859375,1036.800048828125,1064.300048828125,795590
2026-01-20,LODHA,975.8716430664062,979.2999877929688,1045.699951171875,971.7999877929688,1045.699951171875,2354624
2026-01-21,LODHA,976.7684936523438,980.2000122070312,989.0,961.2999877929688,976.7000122070312,1199343
2026-01-22,LODHA,942.1900024414062,945.5,988.5,937.0,980.5,2425976
2026-01-23,LODHA,897.148193359375,900.2999877929688,947.9000244140625,892.7000122070312,945.5,3143100
2026-01-27,LODHA,904.0240478515625,907.2000122070312,913.5,863.7999877929688,910.7999877929688,5964791
2026-01-28,LODHA,925.8473510742188,929.0999755859375,933.7999877929688,909.0,912.0,1884319
2026-01-29,LODHA,948.0693359375,951.4000244140625,959.0,904.0999755859375,920.0,6125720
2026-01-30,LODHA,968.0989379882812,971.5,977.0,936.0,947.7000122070312,2914884
2026-02-02,LODHA,958.0841674804688,961.4500122070312,965.7999877929688,918.0,926.0999755859375,1783088
2026-02-03,LODHA,1028.2874755859375,1031.9000244140625,1046.550048828125,984.5,984.5,2869363
2026-02-04,LODHA,1052.8013916015625,1056.5,1059.800048828125,1013.25,1029.0,1867196
2026-02-05,LODHA,1044.8792724609375,1048.550048828125,1051.25,1033.4000244140625,1049.0,1164041
2026-02-06,LODHA,1051.40625,1055.0999755859375,1066.550048828125,1027.4000244140625,1051.199951171875,1104084
2026-02-09,LODHA,1086.582763671875,1090.4000244140625,1095.0,1056.550048828125,1065.0,1350887
2026-02-10,LODHA,1091.2164306640625,1095.050048828125,1100.0,1080.0999755859375,1100.0,1030861
2026-02-11,LODHA,1091.0670166015625,1094.9000244140625,1098.9000244140625,1080.449951171875,1091.0,512383
2026-02-12,LODHA,1081.0521240234375,1084.8499755859375,1096.050048828125,1080.0,1089.0999755859375,1511339
2026-02-13,LODHA,1069.841552734375,1073.5999755859375,1079.050048828125,1045.9000244140625,1071.25,1795630
2026-02-16,LODHA,1094.0565185546875,1097.9000244140625,1100.0,1060.199951171875,1073.4000244140625,692541
2026-02-17,LODHA,1093.1097412109375,1096.949951171875,1105.0,1085.199951171875,1090.0,490586
2026-02-18,LODHA,1104.2706298828125,1108.1500244140625,1113.199951171875,1088.8499755859375,1100.0,598625
2026-02-19,LODHA,1063.314453125,1067.050048828125,1108.1500244140625,1061.050048828125,1100.5,1005993
2026-02-20,LODHA,1067.400146484375,1071.1500244140625,1083.75,1057.3499755859375,1060.300048828125,549915
2026-02-23,LODHA,1069.14404296875,1072.9000244140625,1085.4000244140625,1064.0,1076.449951171875,579542
2026-02-24,LODHA,1037.1563720703125,1040.800048828125,1078.449951171875,1024.6500244140625,1065.0,798095
2026-02-25,LODHA,1018.92041015625,1022.5,1059.1500244140625,1015.6500244140625,1044.449951171875,1280861
2026-02-26,LODHA,1007.9589233398438,1011.5,1030.9000244140625,998.0,1022.7000122070312,1020849
2026-02-27,LODHA,984.7903442382812,988.25,1013.0,984.7000122070312,1012.0,1986835
2026-03-02,LODHA,962.8175048828125,966.2000122070312,978.7000122070312,948.5,948.5,2083185
2026-03-04,LODHA,909.6542358398438,912.8499755859375,954.0,905.0999755859375,952.0,3409192
2026-03-05,LODHA,913.0423583984375,916.25,929.0,901.0999755859375,924.9000244140625,1951445
2026-03-06,LODHA,886.1369018554688,889.25,919.7000122070312,885.9500122070312,916.25,1595028
2026-03-09,LODHA,885.73828125,888.8499755859375,892.7000122070312,850.4500122070312,869.9500122070312,959578
2026-03-10,LODHA,898.7924194335938,901.9500122070312,906.9000244140625,890.0,901.4000244140625,732423
2026-03-11,LODHA,877.3179321289062,880.4000244140625,919.7000122070312,877.2000122070312,903.9500122070312,673418
2026-03-12,LODHA,866.0076293945312,869.0499877929688,887.0499877929688,860.3499755859375,875.0,728482
2026-03-13,LODHA,863.3170166015625,866.3499755859375,877.5499877929688,857.0499877929688,865.0,640875
2026-03-16,LODHA,845.7786865234375,848.75,874.5999755859375,831.9500122070312,868.0,1542884
2026-03-17,LODHA,839.2516479492188,842.2000122070312,860.2999877929688,835.0,860.0,1466255
2026-03-18,LODHA,851.1597900390625,854.1500244140625,871.3499755859375,846.0999755859375,847.4000244140625,5171884
2026-03-19,LODHA,815.0864868164062,817.9500122070312,846.5,812.0,846.5,1221650
2026-03-20,LODHA,794.1102294921875,796.9000244140625,835.0999755859375,792.2999877929688,822.4000244140625,2237596
2026-03-23,LODHA,725.351806640625,727.9000244140625,789.0,724.0,789.0,4129352
2026-03-24,LODHA,723.8570556640625,726.4000244140625,742.0,715.4500122070312,740.0,11500326
2026-03-25,LODHA,731.2808837890625,733.8499755859375,759.8499755859375,725.0999755859375,747.5999755859375,14941152
2026-03-27,LODHA,697.7487182617188,700.2000122070312,729.6500244140625,691.8499755859375,725.0,5401882
2026-03-30,LODHA,674.6299438476562,677.0,702.9500122070312,672.5999755859375,692.0,4775583
2026-04-01,LODHA,682.95068359375,685.3499755859375,697.0,677.4500122070312,692.0,4257259
2026-04-02,LODHA,693.6132202148438,696.0499877929688,702.9500122070312,650.7999877929688,675.0,4877982
2026-04-06,LODHA,707.7635498046875,710.25,715.7999877929688,686.6500244140625,696.0499877929688,7760768
2026-04-07,LODHA,715.1376342773438,717.6500244140625,723.9000244140625,702.4000244140625,710.0,2527244
2026-04-08,LODHA,776.1233520507812,778.8499755859375,782.2000122070312,754.0499877929688,754.7999877929688,5440433
2026-04-09,LODHA,786.785888671875,789.5499877929688,793.25,762.4000244140625,782.0,2930280
2026-04-10,LODHA,823.6563720703125,826.5499877929688,842.0,790.0,790.0,8271085
2026-04-13,LODHA,817.826904296875,820.7000122070312,827.4000244140625,784.2999877929688,788.0,2549142
2026-04-15,LODHA,857.487548828125,860.5,863.0999755859375,837.6500244140625,842.0,4552767
2026-04-16,LODHA,870.4420166015625,873.5,878.4500122070312,848.4000244140625,869.9000244140625,3166380
2026-04-17,LODHA,869.495361328125,872.5499877929688,878.7000122070312,857.2000122070312,877.2999877929688,2292458
2026-04-20,LODHA,853.5513916015625,856.5499877929688,873.6500244140625,846.8499755859375,869.0,1454799
2026-04-21,LODHA,872.6343383789062,875.7000122070312,888.5,860.0999755859375,860.0999755859375,2635667
2026-04-22,LODHA,881.7024536132812,884.7999877929688,894.7999877929688,872.5499877929688,878.1500244140625,3123516
2026-04-23,LODHA,853.5015258789062,856.5,880.0,854.5999755859375,878.0499877929688,1641168
2026-04-24,LODHA,837.7568969726562,840.7000122070312,868.2000122070312,833.7999877929688,857.0999755859375,1597049
2026-04-27,LODHA,876.3712158203125,879.4500122070312,885.0,836.3499755859375,851.5999755859375,3641403
2026-04-28,LODHA,879.8091430664062,882.9000244140625,890.0,872.0499877929688,873.0,3714661
2026-04-29,LODHA,909.5048217773438,912.7000122070312,921.4500122070312,882.0,885.0,4734976
2026-04-30,LODHA,894.7566528320312,897.9000244140625,914.2999877929688,892.7000122070312,912.6500244140625,2976918
2026-05-01,LODHA,894.7566528320312,897.9000244140625,897.9000244140625,897.9000244140625,897.9000244140625,0
2026-05-04,LODHA,920.3666381835938,923.5999755859375,929.9000244140625,901.0999755859375,901.0999755859375,2872626
2026-05-05,LODHA,904.6219482421875,907.7999877929688,931.7000122070312,901.0,916.3499755859375,2290420
2026-05-06,LODHA,945.8272094726562,949.1500244140625,950.25,909.25,911.9500122070312,2490212
2026-05-07,LODHA,963.9634399414062,967.3499755859375,970.0,931.0,950.0,2441466
2026-05-08,LODHA,958.7318115234375,962.0999755859375,974.9000244140625,956.3499755859375,967.3499755859375,1812273
2026-05-11,LODHA,927.8403930664062,931.0999755859375,956.5999755859375,922.5499877929688,956.5999755859375,1722110
2026-05-12,LODHA,876.2715454101562,879.3499755859375,926.25,876.8499755859375,923.75,2005707
2026-05-13,LODHA,870.9403076171875,874.0,889.0,869.0999755859375,873.5499877929688,1661360
2026-05-14,LODHA,869.7943115234375,872.8499755859375,887.0,854.0999755859375,884.0499877929688,1213529
2026-05-15,LODHA,846.9744873046875,849.9500122070312,879.75,845.0,877.2000122070312,1092096
2026-05-18,LODHA,854.7471923828125,857.75,861.2000122070312,830.2000122070312,833.4000244140625,2353716
2026-05-19,LODHA,889.0765991210938,892.2000122070312,904.0,845.7000122070312,845.7000122070312,3657358
2026-05-20,LODHA,876.9192504882812,880.0,884.2999877929688,856.0999755859375,883.3499755859375,3575772
2026-05-21,LODHA,880.6561279296875,883.75,903.3499755859375,878.6500244140625,882.6500244140625,1339789
2026-05-22,LODHA,883.6456298828125,886.75,894.2000122070312,875.0,889.0,1018152
2026-05-25,LODHA,903.6752319335938,906.8499755859375,909.8499755859375,897.0499877929688,903.8499755859375,1152800
2026-05-26,LODHA,900.5363159179688,903.7000122070312,912.5,899.8499755859375,910.0,2158528
2026-05-27,LODHA,920.41650390625,923.6500244140625,935.0,903.7999877929688,910.0,2513863
2026-05-28,LODHA,920.41650390625,923.6500244140625,923.6500244140625,923.6500244140625,923.6500244140625,0
2026-05-29,LODHA,934.8158569335938,938.0999755859375,969.0,923.5999755859375,923.6500244140625,9135214
2026-06-01,LODHA,889.873779296875,893.0,942.0,887.5999755859375,941.1500244140625,2050481
2026-06-02,LODHA,900.6359252929688,903.7999877929688,908.0,871.0,888.0,2630026
2026-06-03,LODHA,876.1220703125,879.2000122070312,903.7999877929688,871.5499877929688,903.7999877929688,1938065
2026-06-04,LODHA,878.6631469726562,881.75,895.0,856.5,872.0,1343237
2026-06-05,LODHA,891.3187255859375,894.4500122070312,909.0,884.2000122070312,891.0,1370207
2026-06-08,LODHA,867.8511352539062,870.9000244140625,889.8499755859375,865.0,880.0999755859375,1371879
2026-06-09,LODHA,884.7916259765625,887.9000244140625,895.0,862.2000122070312,862.4000244140625,1245149
2026-06-10,LODHA,858.9822998046875,862.0,890.5999755859375,856.4000244140625,888.0,747498
2026-06-11,LODHA,865.0111083984375,868.0499877929688,871.5499877929688,848.0,861.5499877929688,893056
2026-06-12,LODHA,896.1516723632812,899.2999877929688,901.0,875.5999755859375,885.0499877929688,1782006
2026-06-15,LODHA,917.626220703125,920.8499755859375,942.9500122070312,917.7000122070312,919.5,2057483
2026-06-16,LODHA,934.6664428710938,937.9500122070312,939.9000244140625,916.4500122070312,925.9500122070312,827292
2026-06-17,LODHA,911.597412109375,914.7999877929688,925.1500244140625,900.1500244140625,924.9500122070312,3535454
2026-06-18,LODHA,920.7652587890625,924.0,933.9500122070312,915.0,916.5,1976059
2026-06-19,LODHA,914.9357299804688,918.1500244140625,923.0,907.0,922.6500244140625,1749432
2026-06-22,LODHA,923.406005859375,926.6500244140625,930.0,918.0999755859375,922.0,852381
2026-06-23,LODHA,907.5616455078125,910.75,968.5999755859375,905.8499755859375,926.6500244140625,3850012
2026-06-24,LODHA,934.5667114257812,937.8499755859375,939.0,906.0999755859375,910.75,2227225
2026-06-25,LODHA,944.1331787109375,947.4500122070312,972.0,942.1500244140625,955.0,4936333
2026-06-26,LODHA,944.1331787109375,947.4500122070312,947.4500122070312,947.4500122070312,947.4500122070312,0
2026-06-29,LODHA,936.2608032226562,939.5499877929688,955.9000244140625,931.0,947.0,4308359
2026-06-30,LODHA,951.9058227539062,955.25,966.0,938.4500122070312,947.0,3588024
2026-07-01,LODHA,988.8261108398438,992.2999877929688,995.0999755859375,954.2999877929688,964.25,2871907
2026-07-02,LODHA,1002.677490234375,1006.2000122070312,1014.5999755859375,991.0999755859375,993.5,3964029
2026-07-03,LODHA,1053.2996826171875,1057.0,1062.0,1015.0,1015.0,7862663
2026-07-06,LODHA,1092.0634765625,1095.9000244140625,1098.699951171875,1049.0999755859375,1063.949951171875,6269479
2026-07-07,LODHA,1098.690185546875,1102.550048828125,1107.5999755859375,1086.199951171875,1095.9000244140625,2538415
2026-07-08,LODHA,1111.1961669921875,1115.0999755859375,1155.0,1085.5,1093.949951171875,10368353
2026-07-09,LODHA,1187.9765625,1192.1500244140625,1220.0,1102.0,1107.800048828125,7067035
2026-07-10,LODHA,1216.476318359375,1220.75,1225.199951171875,1139.1500244140625,1190.0,6417760
2026-07-13,LODHA,1194.4537353515625,1198.6500244140625,1219.949951171875,1183.0999755859375,1206.0,2250980
2026-07-14,LODHA,1143.233642578125,1147.25,1188.8499755859375,1144.199951171875,1185.0,2379703
2026-07-15,LODHA,1158.3306884765625,1162.4000244140625,1178.9000244140625,1145.0,1145.0,1703105
2026-07-16,LODHA,1173.9757080078125,1178.0999755859375,1194.5999755859375,1150.75,1165.5,2047707
2026-07-17,LODHA,1184.58837890625,1188.75,1195.0,1165.25,1177.8499755859375,1143368
2026-07-20,LODHA,1184.2396240234375,1188.4000244140625,1195.0,1180.0,1188.5999755859375,899790
2026-07-21,LODHA,1194.752685546875,1198.949951171875,1205.0,1182.25,1188.75,1188038
2026-07-22,LODHA,1156.935546875,1161.0,1203.800048828125,1153.1500244140625,1191.0,2428115
2026-07-23,LODHA,1142.38671875,1146.4000244140625,1176.050048828125,1131.0999755859375,1155.0,1955224
2026-07-24,LODHA,1140.0947265625,1144.0999755859375,1166.300048828125,1124.0,1137.0,1446063
2026-07-27,LODHA,1194.5035400390625,1198.699951171875,1207.0,1150.0999755859375,1155.0,4971286
2026-07-28,LODHA,1296.8441162109375,1301.4000244140625,1316.4000244140625,1228.25,1233.199951171875,12877563
2026-07-29,LODHA,1311.74169921875,1316.3499755859375,1344.949951171875,1275.4000244140625,1290.0,4953761
2026-07-30,LODHA,1282.6439208984375,1287.1500244140625,1328.800048828125,1281.0999755859375,1305.0,3725269
2026-07-31,LODHA,1239.5950927734375,1243.949951171875,1297.0,1239.550048828125,1285.4000244140625,3593817
2026-08-03,LODHA,1235.459716796875,1239.800048828125,1257.800048828125,1226.4000244140625,1248.0,1834226
2026-08-04,LODHA,1225.4947509765625,1229.800048828125,1260.9000244140625,1229.800048828125,1243.0,912671
2026-08-05,LODHA,1245.6240234375,1250.0,1264.199951171875,1240.300048828125,1249.9000244140625,1531623
2026-08-06,LODHA,1209.75,1214.0,1255.0,1214.0,1255.0,1279323
2026-08-07,LODHA,1218.699951171875,1218.699951171875,1225.0,1204.699951171875,1214.0,890480
2026-08-10,LODHA,1213.0,1213.0,1240.0,1204.0,1220.0,708849
2026-08-11,LODHA,1212.0,1212.0,1229.0,1201.699951171875,1213.0,795290
2026-08-12,LODHA,1209.0,1209.0,1217.5999755859375,1185.0,1215.0,1174178
2026-08-13,LODHA,1232.300048828125,1232.300048828125,1244.699951171875,1200.4000244140625,1209.0,1227769
2026-08-14,LODHA,1243.9000244140625,1243.9000244140625,1254.5999755859375,1227.0,1237.9000244140625,1145101
2026-08-17,LODHA,1254.0,1254.0,1254.0,1220.5999755859375,1243.4000244140625,856360
2026-08-18,LODHA,1211.0999755859375,1211.0999755859375,1260.0,1211.0999755859375,1254.0,1547121
2026-08-19,LODHA,1210.0,1210.0,1220.0,1195.199951171875,1217.0,1076314
2026-08-20,LODHA,1240.0,1240.0,1246.5,1215.5,1220.0,952802
2026-08-21,LODHA,1242.0,1242.0,1262.0,1232.199951171875,1254.0,1491660
2026-08-24,LODHA,1258.4000244140625,1258.4000244140625,1264.0,1225.4000244140625,1230.0,1261611
2026-08-25,LODHA,1281.0999755859375,1281.0999755859375,1283.0,1253.0999755859375,1257.5,2232829
2026-08-26,LODHA,1265.0,1265.0,1306.9000244140625,1265.0,1282.0,1402916
2026-08-27,LODHA,1246.300048828125,1246.300048828125,1278.0,1246.300048828125,1268.0,801407
2026-08-28,LODHA,1274.0,1274.0,1274.0,1248.5,1260.0,995058
