Date,Symbol,Adj Close,Close,High,Low,Open,Volume
2010-01-04,MFSL,210.23556518554688,229.6999969482422,230.89999389648438,221.60000610351562,226.0,903073
2010-01-05,MFSL,207.9474334716797,227.1999969482422,233.4499969482422,226.25,231.89999389648438,309256
2010-01-06,MFSL,206.75758361816406,225.89999389648438,231.0,224.0,228.5,250409
2010-01-07,MFSL,203.05079650878906,221.85000610351562,228.0,221.10000610351562,226.6999969482422,153867
2010-01-08,MFSL,198.5659942626953,216.9499969482422,224.6999969482422,216.25,223.0,212640
2010-01-11,MFSL,199.1151580810547,217.5500030517578,224.5,216.14999389648438,218.0,264448
2010-01-12,MFSL,197.65074157714844,215.9499969482422,220.89999389648438,215.0,219.0,163214
2010-01-13,MFSL,198.9778594970703,217.39999389648438,221.5,208.14999389648438,214.0,117013
2010-01-14,MFSL,204.9270782470703,223.89999389648438,225.0,218.10000610351562,220.89999389648438,210228
2010-01-15,MFSL,203.2338409423828,222.0500030517578,225.89999389648438,221.5,223.1999969482422,90292
2010-01-18,MFSL,206.6203155517578,225.75,227.0,218.0500030517578,218.0500030517578,103649
2010-01-19,MFSL,203.6914825439453,222.5500030517578,228.14999389648438,220.5500030517578,225.75,191960
2010-01-20,MFSL,203.92030334472656,222.8000030517578,225.6999969482422,222.0,222.0500030517578,56094
2010-01-21,MFSL,200.07618713378906,218.60000610351562,224.0,217.25,220.0,165890
2010-01-22,MFSL,196.09478759765625,214.25,217.0,205.39999389648438,213.0,226055
2010-01-25,MFSL,190.19137573242188,207.8000030517578,213.6999969482422,206.1999969482422,212.85000610351562,147812
2010-01-27,MFSL,174.22003173828125,190.35000610351562,209.0,188.10000610351562,209.0,394454
2010-01-28,MFSL,190.60324096679688,208.25,218.89999389648438,194.0,194.8000030517578,2039587
2010-01-29,MFSL,191.33543395996094,209.0500030517578,210.89999389648438,196.4499969482422,201.0,684690
2010-02-01,MFSL,183.14385986328125,200.10000610351562,208.0,199.0,205.0,516377
2010-02-02,MFSL,180.53533935546875,197.25,205.5,195.1999969482422,204.85000610351562,133678
2010-02-03,MFSL,187.948974609375,205.35000610351562,206.5,199.4499969482422,200.0,190020
2010-02-04,MFSL,184.1048583984375,201.14999389648438,208.3000030517578,200.5,206.0,106251
2010-02-05,MFSL,182.3658905029297,199.25,202.8000030517578,192.75,193.8000030517578,88279
2010-02-08,MFSL,182.27435302734375,199.14999389648438,205.0,196.0500030517578,203.8000030517578,113971
2010-02-09,MFSL,183.326904296875,200.3000030517578,202.5,196.0,197.0,162877
2010-02-10,MFSL,181.03875732421875,197.8000030517578,208.75,196.0,203.4499969482422,1080914
2010-02-11,MFSL,181.03875732421875,197.8000030517578,202.0,197.3000030517578,200.5,62091
2010-02-15,MFSL,181.03875732421875,197.8000030517578,201.0,196.5,199.10000610351562,51346
2010-02-16,MFSL,180.44381713867188,197.14999389648438,200.0,196.0,200.0,35827
2010-02-17,MFSL,181.03875732421875,197.8000030517578,205.89999389648438,196.6999969482422,199.6999969482422,360681
2010-02-18,MFSL,184.83706665039062,201.9499969482422,209.0,197.0,197.0,1145167
2010-02-19,MFSL,181.63365173339844,198.4499969482422,201.9499969482422,197.5,200.0,145620
2010-02-22,MFSL,177.46922302246094,193.89999389648438,203.0,192.89999389648438,200.9499969482422,164539
2010-02-23,MFSL,174.72344970703125,190.89999389648438,197.89999389648438,190.0500030517578,194.0,141202
2010-02-24,MFSL,175.31837463378906,191.5500030517578,193.8000030517578,188.5,189.9499969482422,153446
2010-02-25,MFSL,177.74380493164062,194.1999969482422,196.60000610351562,191.1999969482422,192.0,371367
2010-02-26,MFSL,178.65907287597656,195.1999969482422,204.8000030517578,194.10000610351562,197.0,758482
2010-03-02,MFSL,183.23536682128906,200.1999969482422,200.9499969482422,195.3000030517578,196.5,300689
2010-03-03,MFSL,188.4981231689453,205.9499969482422,207.0,200.14999389648438,202.0,436281
2010-03-04,MFSL,190.3286590576172,207.9499969482422,211.4499969482422,206.89999389648438,206.89999389648438,497754
2010-03-05,MFSL,197.05581665039062,215.3000030517578,216.6999969482422,208.0,208.0,485220
2010-03-08,MFSL,191.5642547607422,209.3000030517578,219.6999969482422,208.0,217.89999389648438,213297
2010-03-09,MFSL,186.16419982910156,203.39999389648438,210.8000030517578,202.60000610351562,210.35000610351562,126659
2010-03-10,MFSL,182.13705444335938,199.0,204.9499969482422,197.5,204.89999389648438,163577
2010-03-11,MFSL,179.7573699951172,196.39999389648438,200.9499969482422,195.1999969482422,199.0,201263
2010-03-12,MFSL,176.46243286132812,192.8000030517578,199.89999389648438,192.10000610351562,198.60000610351562,328935
2010-03-15,MFSL,174.082763671875,190.1999969482422,194.89999389648438,186.25,194.4499969482422,466618
2010-03-16,MFSL,177.1488800048828,193.5500030517578,195.0,186.5500030517578,188.10000610351562,401258
2010-03-17,MFSL,177.1946563720703,193.60000610351562,194.8000030517578,190.75,194.0,348618
2010-03-18,MFSL,180.2150115966797,196.89999389648438,199.75,191.0500030517578,192.25,329652
2010-03-19,MFSL,179.6658935546875,196.3000030517578,198.85000610351562,192.64999389648438,197.85000610351562,508560
2010-03-22,MFSL,185.34048461914062,202.5,204.0,191.85000610351562,191.89999389648438,700100
2010-03-23,MFSL,187.07945251464844,204.39999389648438,207.9499969482422,201.0,203.0,451133
2010-03-25,MFSL,186.57606506347656,203.85000610351562,208.39999389648438,202.0,206.14999389648438,237557
2010-03-26,MFSL,185.8438720703125,203.0500030517578,205.0,199.0,205.0,121845
2010-03-29,MFSL,186.34725952148438,203.60000610351562,210.3000030517578,201.0,203.0,257291
2010-03-30,MFSL,189.09304809570312,206.60000610351562,208.6999969482422,204.0,204.9499969482422,129554
2010-03-31,MFSL,189.64219665527344,207.1999969482422,209.6999969482422,206.0,208.5,138225
2010-04-01,MFSL,198.52023315429688,216.89999389648438,217.9499969482422,208.0500030517578,208.8000030517578,389913
2010-04-05,MFSL,194.9507293701172,213.0,219.89999389648438,209.1999969482422,217.0,238768
2010-04-06,MFSL,195.77444458007812,213.89999389648438,218.5,213.0,214.8000030517578,167840
2010-04-07,MFSL,199.52703857421875,218.0,222.89999389648438,214.10000610351562,215.35000610351562,1515663
2010-04-08,MFSL,198.10836791992188,216.4499969482422,219.4499969482422,213.10000610351562,215.0,441676
2010-04-09,MFSL,201.2202606201172,219.85000610351562,220.89999389648438,217.0,217.85000610351562,322959
2010-04-12,MFSL,198.29141235351562,216.64999389648438,218.8000030517578,214.5,217.0500030517578,1051046
2010-04-13,MFSL,196.68971252441406,214.89999389648438,218.14999389648438,213.5,215.39999389648438,327214
2010-04-15,MFSL,177.0115966796875,193.39999389648438,219.85000610351562,190.5500030517578,216.9499969482422,1544651
2010-04-16,MFSL,169.1861114501953,184.85000610351562,197.89999389648438,176.1999969482422,193.0,6161352
2010-04-19,MFSL,166.11996459960938,181.5,187.89999389648438,175.64999389648438,183.89999389648438,1165312
2010-04-20,MFSL,173.99124145507812,190.10000610351562,191.9499969482422,184.0,185.9499969482422,1126137
2010-04-21,MFSL,171.6573028564453,187.5500030517578,192.8000030517578,184.5,191.9499969482422,455864
2010-04-22,MFSL,171.2911834716797,187.14999389648438,189.89999389648438,186.0,188.0,288841
2010-04-23,MFSL,173.85394287109375,189.9499969482422,190.89999389648438,182.75,187.1999969482422,350685
2010-04-26,MFSL,169.04881286621094,184.6999969482422,192.39999389648438,184.0,190.0500030517578,393132
2010-04-27,MFSL,168.7284698486328,184.35000610351562,186.5,183.0,186.0,273576
2010-04-28,MFSL,163.74029541015625,178.89999389648438,183.0,177.25,180.5500030517578,277922
2010-04-29,MFSL,166.02845764160156,181.39999389648438,184.85000610351562,177.35000610351562,181.0,310810
2010-04-30,MFSL,163.9691162109375,179.14999389648438,183.89999389648438,178.5500030517578,183.0,329790
2010-05-03,MFSL,164.06065368652344,179.25,183.0,176.0,178.5,426005
2010-05-04,MFSL,157.9283905029297,172.5500030517578,182.0,171.5,178.0,530026
2010-05-05,MFSL,159.94195556640625,174.75,177.9499969482422,166.0,166.0,681132
2010-05-06,MFSL,166.07421875,181.4499969482422,183.3000030517578,173.0,174.0,348634
2010-05-07,MFSL,161.77249145507812,176.75,178.64999389648438,174.25,178.64999389648438,193410
2010-05-10,MFSL,161.90980529785156,176.89999389648438,180.0,176.1999969482422,179.8000030517578,254324
2010-05-11,MFSL,159.39280700683594,174.14999389648438,179.8000030517578,173.14999389648438,179.8000030517578,236311
2010-05-12,MFSL,157.97415161132812,172.60000610351562,175.85000610351562,171.1999969482422,175.85000610351562,83065
2010-05-13,MFSL,166.3488006591797,181.75,186.75,172.64999389648438,174.0,800575
2010-05-14,MFSL,163.46571350097656,178.60000610351562,181.0,176.64999389648438,178.39999389648438,405846
2010-05-17,MFSL,168.68272399902344,184.3000030517578,185.0,172.64999389648438,175.5,458587
2010-05-18,MFSL,166.07421875,181.4499969482422,184.89999389648438,180.14999389648438,183.0,155825
2010-05-19,MFSL,158.7521209716797,173.4499969482422,180.89999389648438,172.10000610351562,180.39999389648438,277396
2010-05-20,MFSL,160.3995819091797,175.25,178.89999389648438,174.10000610351562,174.10000610351562,244609
2010-05-21,MFSL,160.53688049316406,175.39999389648438,178.0,170.5500030517578,170.5500030517578,157048
2010-05-24,MFSL,159.9877166748047,174.8000030517578,179.39999389648438,173.5,178.0,57479
2010-05-25,MFSL,155.594482421875,170.0,175.0,167.14999389648438,174.8000030517578,110998
2010-05-26,MFSL,157.9283905029297,172.5500030517578,175.89999389648438,168.0500030517578,173.35000610351562,544390
2010-05-27,MFSL,152.48257446289062,166.60000610351562,171.0500030517578,160.9499969482422,171.0,1192699
2010-05-28,MFSL,148.95883178710938,162.75,169.0,160.5500030517578,169.0,1123567
2010-05-31,MFSL,149.09609985351562,162.89999389648438,164.0,158.39999389648438,163.10000610351562,480117
2010-06-01,MFSL,146.8994903564453,160.5,165.60000610351562,160.0,163.75,306243
2010-06-02,MFSL,147.67747497558594,161.35000610351562,163.1999969482422,160.10000610351562,161.25,273528
2010-06-03,MFSL,148.73001098632812,162.5,165.0,161.5,161.5,493611
2010-06-04,MFSL,148.08932495117188,161.8000030517578,164.25,160.0500030517578,162.0500030517578,260109
2010-06-07,MFSL,145.70965576171875,159.1999969482422,161.0500030517578,156.60000610351562,160.0,207705
2010-06-08,MFSL,147.17405700683594,160.8000030517578,162.1999969482422,159.5,160.9499969482422,346786
2010-06-09,MFSL,149.645263671875,163.5,170.6999969482422,161.10000610351562,161.9499969482422,1032352
2010-06-10,MFSL,150.69781494140625,164.64999389648438,166.89999389648438,162.60000610351562,164.5,355496
2010-06-11,MFSL,148.31813049316406,162.0500030517578,165.9499969482422,161.5,164.0500030517578,536009
2010-06-14,MFSL,148.68423461914062,162.4499969482422,164.39999389648438,161.0500030517578,163.6999969482422,250242
2010-06-15,MFSL,148.08932495117188,161.8000030517578,163.8000030517578,161.10000610351562,163.8000030517578,352423
2010-06-16,MFSL,148.04356384277344,161.75,165.1999969482422,161.0,164.0,285439
2010-06-17,MFSL,148.13511657714844,161.85000610351562,164.5,160.5500030517578,162.75,843868
2010-06-18,MFSL,150.4232635498047,164.35000610351562,168.1999969482422,161.0,163.0,2347608
2010-06-21,MFSL,153.94700622558594,168.1999969482422,176.89999389648438,166.25,171.0,3085434
2010-06-22,MFSL,152.71141052246094,166.85000610351562,168.9499969482422,165.8000030517578,168.0,1578940
2010-06-23,MFSL,150.05714416503906,163.9499969482422,167.89999389648438,162.8000030517578,167.5,1408347
2010-06-24,MFSL,149.5994873046875,163.4499969482422,167.5,162.60000610351562,164.0,308718
2010-06-25,MFSL,147.49440002441406,161.14999389648438,165.0,160.3000030517578,164.8000030517578,360843
2010-06-28,MFSL,151.15545654296875,165.14999389648438,165.85000610351562,160.10000610351562,162.4499969482422,597575
2010-06-29,MFSL,143.6045379638672,156.89999389648438,165.0,156.5,163.0,814337
2010-06-30,MFSL,140.7214813232422,153.75,165.5,151.60000610351562,165.5,860031
2010-07-01,MFSL,143.19268798828125,156.4499969482422,158.0500030517578,154.3000030517578,154.39999389648438,793181
2010-07-02,MFSL,144.93167114257812,158.35000610351562,159.39999389648438,156.35000610351562,158.0,517759
2010-07-05,MFSL,144.51980590820312,157.89999389648438,158.85000610351562,155.0,156.0,118803
2010-07-06,MFSL,142.7808074951172,156.0,159.5,155.64999389648438,158.4499969482422,143808
2010-07-07,MFSL,141.6824951171875,154.8000030517578,157.64999389648438,154.60000610351562,156.10000610351562,142112
2010-07-08,MFSL,141.95706176757812,155.10000610351562,158.1999969482422,142.39999389648438,156.0,239064
2010-07-09,MFSL,141.31637573242188,154.39999389648438,157.39999389648438,154.0,156.5,459958
2010-07-12,MFSL,144.3367462158203,157.6999969482422,159.75,151.6999969482422,155.39999389648438,851985
2010-07-13,MFSL,153.6724090576172,167.89999389648438,169.10000610351562,158.0,159.0,2180617
2010-07-14,MFSL,150.19444274902344,164.10000610351562,169.9499969482422,163.5,169.89999389648438,1220316
2010-07-15,MFSL,150.65208435058594,164.60000610351562,168.3000030517578,163.10000610351562,164.89999389648438,927566
2010-07-16,MFSL,149.3706817626953,163.1999969482422,169.64999389648438,162.1999969482422,165.75,672254
2010-07-19,MFSL,147.9520263671875,161.64999389648438,166.5,161.25,164.5,504339
2010-07-20,MFSL,145.57235717773438,159.0500030517578,163.89999389648438,158.5,162.89999389648438,1084132
2010-07-21,MFSL,146.25880432128906,159.8000030517578,161.89999389648438,158.64999389648438,160.25,300721
2010-07-22,MFSL,144.93167114257812,158.35000610351562,160.89999389648438,157.60000610351562,158.0500030517578,330683
2010-07-23,MFSL,143.23846435546875,156.5,164.4499969482422,155.39999389648438,159.5,953047
2010-07-26,MFSL,140.85874938964844,153.89999389648438,160.0,153.0,157.35000610351562,811648
2010-07-27,MFSL,141.7740020751953,154.89999389648438,156.3000030517578,153.35000610351562,154.5,289426
2010-07-28,MFSL,140.49269104003906,153.5,155.85000610351562,153.10000610351562,155.5,205860
2010-07-29,MFSL,140.85874938964844,153.89999389648438,156.3000030517578,152.1999969482422,153.10000610351562,158895
2010-07-30,MFSL,140.9503173828125,154.0,155.3000030517578,152.5,154.4499969482422,220947
2010-08-02,MFSL,142.18589782714844,155.35000610351562,158.0500030517578,153.5500030517578,154.6999969482422,434036
2010-08-03,MFSL,141.49945068359375,154.60000610351562,156.89999389648438,153.85000610351562,156.5,268955
2010-08-04,MFSL,140.2180633544922,153.1999969482422,155.0,152.6999969482422,155.0,413410
2010-08-05,MFSL,142.18589782714844,155.35000610351562,159.85000610351562,152.0,153.1999969482422,1279758
2010-08-06,MFSL,148.95883178710938,162.75,164.89999389648438,153.1999969482422,156.0,3027427
2010-08-09,MFSL,151.796142578125,165.85000610351562,167.5,162.25,164.14999389648438,1863429
2010-08-10,MFSL,150.88088989257812,164.85000610351562,168.1999969482422,164.25,166.6999969482422,1191727
2010-08-11,MFSL,146.12152099609375,159.64999389648438,166.85000610351562,158.60000610351562,165.0,435352
2010-08-12,MFSL,144.70286560058594,158.10000610351562,159.6999969482422,157.5,157.5,337662
2010-08-13,MFSL,141.54519653320312,154.64999389648438,159.0,154.0,158.10000610351562,828471
2010-08-16,MFSL,139.11978149414062,152.0,156.64999389648438,150.10000610351562,154.64999389648438,550053
2010-08-17,MFSL,137.33502197265625,150.0500030517578,153.89999389648438,149.64999389648438,153.4499969482422,390177
2010-08-18,MFSL,139.53163146972656,152.4499969482422,153.0500030517578,150.35000610351562,150.5,1035095
2010-08-19,MFSL,139.8519744873047,152.8000030517578,153.60000610351562,152.1999969482422,153.3000030517578,568157
2010-08-20,MFSL,139.66893005371094,152.60000610351562,153.6999969482422,151.1999969482422,153.6999969482422,239266
2010-08-23,MFSL,139.62315368652344,152.5500030517578,154.10000610351562,151.5,153.9499969482422,213690
2010-08-24,MFSL,143.6503143310547,156.9499969482422,158.5,150.9499969482422,153.0,1137155
2010-08-25,MFSL,141.8197784423828,154.9499969482422,159.0,154.10000610351562,157.5500030517578,409196
2010-08-26,MFSL,139.8977508544922,152.85000610351562,155.8000030517578,152.14999389648438,155.8000030517578,162867
2010-08-27,MFSL,139.62315368652344,152.5500030517578,155.5,150.0,152.0,253649
2010-08-30,MFSL,140.67572021484375,153.6999969482422,155.0,152.1999969482422,153.14999389648438,366066
2010-08-31,MFSL,141.22486877441406,154.3000030517578,156.0,150.10000610351562,153.0,1445724
2010-09-01,MFSL,141.31637573242188,154.39999389648438,157.89999389648438,152.5,155.75,249982
2010-09-02,MFSL,139.9434814453125,152.89999389648438,158.0,151.75,156.39999389648438,562661
2010-09-03,MFSL,143.97064208984375,157.3000030517578,158.39999389648438,151.5500030517578,154.10000610351562,750887
2010-09-06,MFSL,145.023193359375,158.4499969482422,160.75,156.5,159.0,455997
2010-09-07,MFSL,142.18589782714844,155.35000610351562,159.9499969482422,154.5500030517578,159.8000030517578,264607
2010-09-08,MFSL,150.01136779785156,163.89999389648438,165.5,155.14999389648438,155.5,1785330
2010-09-09,MFSL,157.15042114257812,171.6999969482422,172.5,163.14999389648438,165.0,2381842
2010-09-13,MFSL,156.3267059326172,170.8000030517578,174.5,166.89999389648438,172.85000610351562,1018125
2010-09-14,MFSL,150.97239685058594,164.9499969482422,171.8000030517578,164.10000610351562,171.14999389648438,563427
2010-09-15,MFSL,147.8605194091797,161.5500030517578,166.5,161.10000610351562,166.0,236068
2010-09-16,MFSL,148.5469512939453,162.3000030517578,163.89999389648438,159.10000610351562,162.0,469834
2010-09-17,MFSL,156.1436309814453,170.60000610351562,173.39999389648438,162.3000030517578,163.10000610351562,1723440
2010-09-20,MFSL,160.125,174.9499969482422,176.0,171.0,171.89999389648438,1264282
2010-09-21,MFSL,155.2741241455078,169.64999389648438,176.1999969482422,167.35000610351562,176.0,405738
2010-09-22,MFSL,153.94700622558594,168.1999969482422,172.0,164.85000610351562,170.39999389648438,380006
2010-09-23,MFSL,155.41140747070312,169.8000030517578,172.0,166.39999389648438,168.10000610351562,362896
2010-09-24,MFSL,156.92160034179688,171.4499969482422,172.39999389648438,169.10000610351562,170.8000030517578,763992
2010-09-27,MFSL,154.99954223632812,169.35000610351562,172.35000610351562,167.1999969482422,172.0,546461
2010-09-28,MFSL,155.82327270507812,170.25,177.39999389648438,168.0,169.89999389648438,1518932
2010-09-29,MFSL,155.0452880859375,169.39999389648438,175.39999389648438,167.5,172.39999389648438,872574
2010-09-30,MFSL,155.3199005126953,169.6999969482422,171.25,165.5,169.0,296783
2010-10-01,MFSL,156.00633239746094,170.4499969482422,173.6999969482422,168.3000030517578,171.39999389648438,308240
2010-10-04,MFSL,156.78431701660156,171.3000030517578,172.9499969482422,168.5500030517578,171.89999389648438,534569
2010-10-05,MFSL,160.0792694091797,174.89999389648438,181.60000610351562,171.5500030517578,171.5500030517578,2343165
2010-10-06,MFSL,159.1182403564453,173.85000610351562,179.39999389648438,172.10000610351562,177.0,686644
2010-10-07,MFSL,155.0452880859375,169.39999389648438,178.0,168.3000030517578,175.0,625956
2010-10-08,MFSL,151.38426208496094,165.39999389648438,171.10000610351562,163.60000610351562,171.0,421147
2010-10-11,MFSL,152.94021606445312,167.10000610351562,168.75,166.3000030517578,167.10000610351562,166705
2010-10-12,MFSL,154.90802001953125,169.25,173.89999389648438,167.1999969482422,168.39999389648438,533885
2010-10-13,MFSL,154.58767700195312,168.89999389648438,170.89999389648438,167.3000030517578,170.0,657071
2010-10-14,MFSL,157.56227111816406,172.14999389648438,179.39999389648438,170.10000610351562,170.5,2433542
2010-10-15,MFSL,156.9673614501953,171.5,176.5,170.10000610351562,173.0,540655
2010-10-18,MFSL,156.09786987304688,170.5500030517578,172.25,166.25,171.0,277070
2010-10-19,MFSL,157.01312255859375,171.5500030517578,174.64999389648438,170.10000610351562,171.0,452944
2010-10-20,MFSL,156.05210876464844,170.5,175.1999969482422,169.0500030517578,173.0,386882
2010-10-21,MFSL,155.82327270507812,170.25,175.25,168.60000610351562,171.5,617531
2010-10-22,MFSL,154.8164825439453,169.14999389648438,174.8000030517578,168.0,171.0,838008
2010-10-25,MFSL,153.53514099121094,167.75,172.4499969482422,167.0,170.5,436776
2010-10-26,MFSL,151.8876495361328,165.9499969482422,170.1999969482422,165.0,168.5,480441
2010-10-27,MFSL,152.8486785888672,167.0,169.89999389648438,166.10000610351562,166.10000610351562,409946
2010-10-28,MFSL,152.57411193847656,166.6999969482422,169.8000030517578,162.1999969482422,165.10000610351562,535821
2010-10-29,MFSL,144.84014892578125,158.25,167.4499969482422,155.14999389648438,165.1999969482422,988913
2010-11-01,MFSL,145.43505859375,158.89999389648438,162.6999969482422,158.0500030517578,159.9499969482422,359263
2010-11-02,MFSL,147.0367889404297,160.64999389648438,161.89999389648438,157.14999389648438,160.0,335561
2010-11-03,MFSL,147.0367889404297,160.64999389648438,162.35000610351562,159.1999969482422,161.9499969482422,272526
2010-11-04,MFSL,148.68423461914062,162.4499969482422,165.89999389648438,160.25,161.85000610351562,471353
2010-11-08,MFSL,152.7571563720703,166.89999389648438,170.85000610351562,162.10000610351562,164.10000610351562,2169751
2010-11-09,MFSL,152.89447021484375,167.0500030517578,170.35000610351562,165.64999389648438,167.89999389648438,1129505
2010-11-10,MFSL,155.6859893798828,170.10000610351562,172.0,166.0,168.3000030517578,1383087
2010-11-11,MFSL,155.3656768798828,169.75,177.14999389648438,167.35000610351562,170.10000610351562,2266230
2010-11-12,MFSL,148.91307067871094,162.6999969482422,171.8000030517578,161.8000030517578,170.10000610351562,528231
2010-11-15,MFSL,148.40966796875,162.14999389648438,164.0,160.10000610351562,164.0,466809
2010-11-16,MFSL,144.93167114257812,158.35000610351562,163.64999389648438,157.1999969482422,162.0,779322
2010-11-18,MFSL,147.9520263671875,161.64999389648438,162.4499969482422,154.0,159.75,997673
2010-11-19,MFSL,145.2520294189453,158.6999969482422,161.60000610351562,156.8000030517578,160.5,422922
2010-11-22,MFSL,147.58592224121094,161.25,162.0,157.5500030517578,160.25,226148
2010-11-23,MFSL,144.06214904785156,157.39999389648438,160.5,154.0,160.0,314836
2010-11-24,MFSL,144.51980590820312,157.89999389648438,161.0,156.10000610351562,158.4499969482422,192204
2010-11-25,MFSL,142.3231964111328,155.5,158.85000610351562,152.6999969482422,158.4499969482422,438239
2010-11-26,MFSL,136.37399291992188,149.0,156.75,132.0,156.0,1103426
2010-11-29,MFSL,135.77908325195312,148.35000610351562,150.75,146.75,150.75,111484
2010-11-30,MFSL,136.37399291992188,149.0,152.0,146.0500030517578,147.5,213902
2010-12-01,MFSL,140.9960479736328,154.0500030517578,156.5,147.5,150.0,1105432
2010-12-02,MFSL,147.40286254882812,161.0500030517578,164.89999389648438,154.14999389648438,155.64999389648438,780629
2010-12-03,MFSL,141.95706176757812,155.10000610351562,164.5500030517578,153.5,163.6999969482422,765209
2010-12-06,MFSL,139.62315368652344,152.5500030517578,158.1999969482422,151.8000030517578,157.4499969482422,338631
2010-12-07,MFSL,138.25027465820312,151.0500030517578,154.0,150.0,153.9499969482422,208930
2010-12-08,MFSL,134.95533752441406,147.4499969482422,151.25,147.0,150.10000610351562,283149
2010-12-09,MFSL,132.43836975097656,144.6999969482422,148.5,142.39999389648438,148.0,573101
2010-12-10,MFSL,134.4976806640625,146.9499969482422,148.10000610351562,140.0,141.5,158749
2010-12-13,MFSL,136.0536346435547,148.64999389648438,150.0,144.64999389648438,148.0500030517578,269063
2010-12-14,MFSL,134.3146209716797,146.75,150.89999389648438,145.0,149.8000030517578,514583
2010-12-15,MFSL,133.0790252685547,145.39999389648438,147.9499969482422,145.10000610351562,146.5,159123
2010-12-16,MFSL,130.79087829589844,142.89999389648438,145.89999389648438,141.1999969482422,145.89999389648438,422673
2010-12-20,MFSL,126.67219543457031,138.39999389648438,143.0,136.0500030517578,142.0,919571
2010-12-21,MFSL,124.97898864746094,136.5500030517578,138.25,135.85000610351562,137.8000030517578,297094
2010-12-22,MFSL,125.48236846923828,137.10000610351562,139.64999389648438,135.39999389648438,136.6999969482422,301019
2010-12-23,MFSL,126.26032257080078,137.9499969482422,140.8000030517578,136.10000610351562,138.39999389648438,336497
2010-12-24,MFSL,129.28073120117188,141.25,142.89999389648438,138.1999969482422,140.0,574740
2010-12-27,MFSL,128.13661193847656,140.0,142.8000030517578,139.35000610351562,142.39999389648438,201694
2010-12-28,MFSL,129.0518798828125,141.0,142.35000610351562,139.1999969482422,141.0,235226
2010-12-29,MFSL,130.83663940429688,142.9499969482422,144.4499969482422,141.10000610351562,141.6999969482422,310223
2010-12-30,MFSL,132.98753356933594,145.3000030517578,146.89999389648438,142.6999969482422,144.9499969482422,633037
2010-12-31,MFSL,135.09263610839844,147.60000610351562,148.4499969482422,145.14999389648438,146.0,161582
2011-01-03,MFSL,136.602783203125,149.25,150.6999969482422,146.5,147.39999389648438,133417
2011-01-04,MFSL,139.07398986816406,151.9499969482422,152.89999389648438,150.35000610351562,151.60000610351562,261135
2011-01-05,MFSL,135.87057495117188,148.4499969482422,153.0,147.89999389648438,153.0,297957
2011-01-06,MFSL,134.1773681640625,146.60000610351562,150.14999389648438,146.0,149.8000030517578,153740
2011-01-07,MFSL,130.01290893554688,142.0500030517578,147.39999389648438,141.0,146.10000610351562,145338
2011-01-10,MFSL,129.7841033935547,141.8000030517578,145.75,139.0,142.8000030517578,452978
2011-01-11,MFSL,130.88238525390625,143.0,144.60000610351562,141.5,142.89999389648438,134307
2011-01-12,MFSL,133.85699462890625,146.25,146.8000030517578,142.0,144.60000610351562,128320
2011-01-13,MFSL,133.81124877929688,146.1999969482422,147.39999389648438,143.60000610351562,144.85000610351562,158295
2011-01-14,MFSL,131.88919067382812,144.10000610351562,149.25,142.8000030517578,146.10000610351562,215365
2011-01-17,MFSL,131.0654754638672,143.1999969482422,145.6999969482422,142.0,144.85000610351562,71287
2011-01-18,MFSL,129.2349395751953,141.1999969482422,146.89999389648438,140.8000030517578,143.5500030517578,208947
2011-01-19,MFSL,130.5163116455078,142.60000610351562,143.5,140.0500030517578,141.5,187992
2011-01-20,MFSL,133.0790252685547,145.39999389648438,145.85000610351562,141.5,142.0,141548
2011-01-21,MFSL,133.53665161132812,145.89999389648438,147.9499969482422,144.0500030517578,144.0500030517578,128267
2011-01-24,MFSL,132.80447387695312,145.10000610351562,147.75,143.8000030517578,145.0,111010
2011-01-25,MFSL,132.34683227539062,144.60000610351562,146.0,142.3000030517578,145.8000030517578,88223
2011-01-27,MFSL,132.66717529296875,144.9499969482422,145.5,142.60000610351562,144.3000030517578,275452
2011-01-28,MFSL,131.8434295654297,144.0500030517578,145.35000610351562,141.60000610351562,145.0,321243
2011-01-31,MFSL,133.03330993652344,145.35000610351562,146.0,141.0,144.0500030517578,234315
2011-02-01,MFSL,133.76547241210938,146.14999389648438,149.0,141.0,143.10000610351562,231761
2011-02-02,MFSL,134.26885986328125,146.6999969482422,149.89999389648438,142.0,148.0,188795
2011-02-03,MFSL,137.28924560546875,150.0,151.89999389648438,147.5500030517578,148.0,535152
2011-02-04,MFSL,137.38076782226562,150.10000610351562,153.8000030517578,149.5,151.4499969482422,320796
2011-02-07,MFSL,136.83160400390625,149.5,153.6999969482422,147.75,151.0,207462
2011-02-08,MFSL,133.67393493652344,146.0500030517578,150.4499969482422,144.3000030517578,150.4499969482422,147706
2011-02-09,MFSL,133.76547241210938,146.14999389648438,151.0,143.0500030517578,145.0,650764
2011-02-10,MFSL,132.89598083496094,145.1999969482422,150.0,143.35000610351562,149.5,170833
2011-02-11,MFSL,139.25704956054688,152.14999389648438,153.6999969482422,142.10000610351562,147.39999389648438,384832
2011-02-14,MFSL,139.57740783691406,152.5,156.0,152.0500030517578,154.0,1005499
2011-02-15,MFSL,135.18414306640625,147.6999969482422,154.0,145.5,154.0,383206
2011-02-16,MFSL,134.7264862060547,147.1999969482422,148.0,146.0,147.6999969482422,122440
2011-02-17,MFSL,135.73330688476562,148.3000030517578,151.0,148.0,149.39999389648438,245181
2011-02-18,MFSL,134.6807403564453,147.14999389648438,149.89999389648438,144.0500030517578,148.35000610351562,241383
2011-02-21,MFSL,133.58242797851562,145.9499969482422,148.85000610351562,144.39999389648438,146.9499969482422,81486
2011-02-22,MFSL,131.3857879638672,143.5500030517578,147.3000030517578,143.10000610351562,144.5500030517578,105070
2011-02-23,MFSL,132.6214141845703,144.89999389648438,146.0,143.5,143.5,123714
2011-02-24,MFSL,127.08407592773438,138.85000610351562,145.0,137.0,143.6999969482422,332518
2011-02-25,MFSL,128.6400146484375,140.5500030517578,141.89999389648438,137.0,139.0,211766
2011-02-28,MFSL,129.1891632080078,141.14999389648438,149.8000030517578,140.0,142.6999969482422,284267
2011-03-01,MFSL,130.88238525390625,143.0,143.89999389648438,141.0,142.39999389648438,110336
2011-03-03,MFSL,135.1383819580078,147.64999389648438,148.6999969482422,143.5,144.0,326257
2011-03-04,MFSL,135.45870971679688,148.0,151.0,147.0,147.0,520500
2011-03-07,MFSL,131.7061309814453,143.89999389648438,147.0500030517578,143.3000030517578,147.0500030517578,34531
2011-03-08,MFSL,131.0196990966797,143.14999389648438,146.89999389648438,142.75,146.89999389648438,94835
2011-03-09,MFSL,132.02650451660156,144.25,145.5,142.8000030517578,143.0,53690
2011-03-10,MFSL,131.7519073486328,143.9499969482422,144.9499969482422,142.10000610351562,144.0,541432
2011-03-11,MFSL,131.93496704101562,144.14999389648438,146.0,140.5500030517578,143.25,191242
2011-03-14,MFSL,133.3535919189453,145.6999969482422,146.3000030517578,142.5,144.0,396524
2011-03-15,MFSL,129.7383270263672,141.75,143.5,137.39999389648438,143.5,803714
2011-03-16,MFSL,132.6214141845703,144.89999389648438,145.9499969482422,141.4499969482422,142.0,110547
2011-03-17,MFSL,130.74510192871094,142.85000610351562,145.75,142.5,145.0,39209
2011-03-18,MFSL,131.8434295654297,144.0500030517578,146.35000610351562,143.3000030517578,145.0,810098
2011-03-21,MFSL,130.42477416992188,142.5,146.0,141.5,145.0,223445
2011-03-22,MFSL,130.1501922607422,142.1999969482422,144.8000030517578,141.5500030517578,143.0,98512
2011-03-23,MFSL,130.79087829589844,142.89999389648438,145.10000610351562,141.6999969482422,142.6999969482422,588115
2011-03-24,MFSL,131.6146240234375,143.8000030517578,144.4499969482422,142.4499969482422,142.64999389648438,74865
2011-03-25,MFSL,134.22312927246094,146.64999389648438,147.6999969482422,144.25,146.0,294236
2011-03-28,MFSL,137.38076782226562,150.10000610351562,151.4499969482422,145.5,147.14999389648438,301379
2011-03-29,MFSL,145.023193359375,158.4499969482422,162.25,152.0,152.8000030517578,1501243
2011-03-30,MFSL,147.35711669921875,161.0,162.0,158.0,162.0,258512
2011-03-31,MFSL,146.21304321289062,159.75,165.0,157.89999389648438,159.9499969482422,700359
2011-04-01,MFSL,150.01136779785156,163.89999389648438,164.89999389648438,158.9499969482422,160.0,263488
2011-04-04,MFSL,152.94021606445312,167.10000610351562,168.5,162.10000610351562,164.0500030517578,216551
2011-04-05,MFSL,151.75038146972656,165.8000030517578,168.8000030517578,164.35000610351562,168.8000030517578,120330
2011-04-06,MFSL,152.8486785888672,167.0,170.8000030517578,163.5,166.0500030517578,191589
2011-04-07,MFSL,155.1368408203125,169.5,170.89999389648438,164.5,167.10000610351562,498868
2011-04-08,MFSL,152.57411193847656,166.6999969482422,171.89999389648438,164.5,165.64999389648438,887953
2011-04-11,MFSL,152.89447021484375,167.0500030517578,169.1999969482422,163.4499969482422,166.0,597478
2011-04-13,MFSL,153.85548400878906,168.10000610351562,169.10000610351562,166.25,169.0,121229
2011-04-15,MFSL,152.80291748046875,166.9499969482422,168.35000610351562,164.0500030517578,164.0500030517578,474965
2011-04-18,MFSL,144.3367462158203,157.6999969482422,168.5,157.10000610351562,164.3000030517578,339708
2011-04-19,MFSL,145.3435516357422,158.8000030517578,159.6999969482422,155.75,155.75,115303
2011-04-20,MFSL,145.0689697265625,158.5,162.0,155.0,155.0,100175
2011-04-21,MFSL,147.4486541748047,161.10000610351562,162.5,159.10000610351562,159.39999389648438,99413
2011-04-25,MFSL,145.52659606933594,159.0,162.0,158.60000610351562,162.0,36708
2011-04-26,MFSL,144.93167114257812,158.35000610351562,160.1999969482422,156.10000610351562,159.1999969482422,89855
2011-04-27,MFSL,148.82156372070312,162.60000610351562,165.1999969482422,158.5500030517578,159.0,251279
2011-04-28,MFSL,149.8740692138672,163.75,166.0,160.25,166.0,304381
2011-04-29,MFSL,153.39785766601562,167.60000610351562,168.89999389648438,161.5,165.39999389648438,351750
2011-05-02,MFSL,152.0706787109375,166.14999389648438,169.5,165.0,168.5,151082
2011-05-03,MFSL,150.3774871826172,164.3000030517578,168.39999389648438,163.0500030517578,168.39999389648438,86477
2011-05-04,MFSL,155.1368408203125,169.5,170.75,163.75,166.6999969482422,487393
2011-05-05,MFSL,152.2080078125,166.3000030517578,173.75,165.64999389648438,170.0,520175
2011-05-06,MFSL,152.1622314453125,166.25,168.4499969482422,165.0,166.3000030517578,64237
2011-05-09,MFSL,151.8876495361328,165.9499969482422,167.0,164.60000610351562,166.14999389648438,48995
2011-05-10,MFSL,152.34527587890625,166.4499969482422,167.89999389648438,165.10000610351562,165.14999389648438,101293
2011-05-11,MFSL,159.94195556640625,174.75,176.0,166.35000610351562,167.60000610351562,427250
2011-05-12,MFSL,158.2945098876953,172.9499969482422,179.0,171.5500030517578,175.0,462625
2011-05-13,MFSL,158.7063751220703,173.39999389648438,178.25,171.5500030517578,175.14999389648438,333076
2011-05-16,MFSL,153.6266632080078,167.85000610351562,175.35000610351562,166.1999969482422,173.39999389648438,146045
2011-05-17,MFSL,152.89447021484375,167.0500030517578,170.85000610351562,165.5,167.89999389648438,114593
2011-05-18,MFSL,151.70458984375,165.75,168.4499969482422,165.0,168.4499969482422,60943
2011-05-19,MFSL,147.26559448242188,160.89999389648438,167.9499969482422,160.3000030517578,167.9499969482422,52766
2011-05-20,MFSL,151.15545654296875,165.14999389648438,166.5,159.10000610351562,162.0,96357
2011-05-23,MFSL,146.8994903564453,160.5,166.39999389648438,155.14999389648438,155.14999389648438,38706
2011-05-24,MFSL,147.26559448242188,160.89999389648438,161.89999389648438,158.0,161.8000030517578,23559
2011-05-25,MFSL,144.4740447998047,157.85000610351562,162.4499969482422,155.10000610351562,160.39999389648438,104250
2011-05-26,MFSL,149.55372619628906,163.39999389648438,170.89999389648438,155.8000030517578,158.89999389648438,671481
2011-05-27,MFSL,153.07749938964844,167.25,171.0,163.0,171.0,115205
2011-05-30,MFSL,149.41644287109375,163.25,169.39999389648438,162.5500030517578,169.39999389648438,100673
2011-05-31,MFSL,153.85548400878906,168.10000610351562,168.5,163.25,165.39999389648438,122088
2011-06-01,MFSL,152.0706787109375,166.14999389648438,169.5,162.89999389648438,167.0,237321
2011-06-02,MFSL,149.2791748046875,163.10000610351562,167.10000610351562,162.1999969482422,164.9499969482422,73126
2011-06-03,MFSL,153.39785766601562,167.60000610351562,171.0,162.25,163.10000610351562,258778
2011-06-06,MFSL,152.57411193847656,166.6999969482422,168.64999389648438,165.0,167.0,37701
2011-06-07,MFSL,153.6266632080078,167.85000610351562,168.89999389648438,165.5,167.8000030517578,55721
2011-06-08,MFSL,153.53514099121094,167.75,170.8000030517578,165.5,165.5,138438
2011-06-09,MFSL,153.16905212402344,167.35000610351562,169.75,165.25,165.25,67452
2011-06-10,MFSL,152.4368438720703,166.5500030517578,168.5500030517578,165.9499969482422,168.0,28035
2011-06-13,MFSL,163.87759399414062,179.0500030517578,183.89999389648438,166.0500030517578,168.0,2954990
2011-06-14,MFSL,161.5436553955078,176.5,181.6999969482422,175.3000030517578,181.6999969482422,592759
2011-06-15,MFSL,164.33522033691406,179.5500030517578,181.64999389648438,171.10000610351562,172.60000610351562,741504
2011-06-16,MFSL,161.95553588867188,176.9499969482422,181.89999389648438,175.5,177.0500030517578,324030
2011-06-17,MFSL,162.59622192382812,177.64999389648438,181.5,176.0,177.60000610351562,362226
2011-06-20,MFSL,155.73175048828125,170.14999389648438,179.89999389648438,168.0,179.5,288310
2011-06-21,MFSL,157.97415161132812,172.60000610351562,176.0,170.25,173.64999389648438,170037
2011-06-22,MFSL,161.08604431152344,176.0,177.25,171.4499969482422,174.39999389648438,246296
2011-06-23,MFSL,161.5436553955078,176.5,179.0,173.39999389648438,173.39999389648438,182766
2011-06-24,MFSL,163.46571350097656,178.60000610351562,182.85000610351562,168.0,168.0,5788541
2011-06-27,MFSL,161.77249145507812,176.75,180.5,175.8000030517578,179.0,157333
2011-06-28,MFSL,172.38954162597656,188.35000610351562,191.64999389648438,177.5,178.0,1649479
2011-06-29,MFSL,168.3623504638672,183.9499969482422,191.0,182.14999389648438,190.10000610351562,974128
2011-06-30,MFSL,167.81321716308594,183.35000610351562,186.8000030517578,181.3000030517578,183.1999969482422,465997
2011-07-01,MFSL,168.31658935546875,183.89999389648438,188.8000030517578,183.1999969482422,183.6999969482422,237714
2011-07-04,MFSL,167.63014221191406,183.14999389648438,186.39999389648438,182.60000610351562,185.89999389648438,99998
2011-07-05,MFSL,164.56402587890625,179.8000030517578,185.75,179.0500030517578,182.0,281612
2011-07-06,MFSL,164.1521759033203,179.35000610351562,182.89999389648438,178.10000610351562,179.8000030517578,159737
2011-07-07,MFSL,167.1267852783203,182.60000610351562,184.5,175.8000030517578,176.60000610351562,273942
2011-07-08,MFSL,164.79286193847656,180.0500030517578,184.89999389648438,179.1999969482422,183.9499969482422,131779
2011-07-11,MFSL,163.3284149169922,178.4499969482422,183.0500030517578,177.89999389648438,180.0,235030
2011-07-12,MFSL,161.6809539794922,176.64999389648438,180.1999969482422,175.0500030517578,175.0500030517578,139819
2011-07-13,MFSL,167.30982971191406,182.8000030517578,184.89999389648438,177.6999969482422,177.9499969482422,433554
2011-07-14,MFSL,165.38775634765625,180.6999969482422,184.35000610351562,180.0,181.9499969482422,172318
2011-07-15,MFSL,163.92335510253906,179.10000610351562,182.4499969482422,178.10000610351562,182.0,79079
2011-07-18,MFSL,163.60301208496094,178.75,182.0,178.10000610351562,182.0,96419
2011-07-19,MFSL,165.7996368408203,181.14999389648438,183.39999389648438,178.3000030517578,178.3000030517578,130036
2011-07-20,MFSL,163.6487579345703,178.8000030517578,182.5,177.89999389648438,181.5500030517578,68648
2011-07-21,MFSL,162.59622192382812,177.64999389648438,181.1999969482422,177.0500030517578,177.3000030517578,58714
2011-07-22,MFSL,164.42672729492188,179.64999389648438,181.6999969482422,177.9499969482422,180.0,115283
2011-07-25,MFSL,169.27761840820312,184.9499969482422,185.35000610351562,180.0,181.8000030517578,1139467
2011-07-26,MFSL,165.57083129882812,180.89999389648438,187.0,180.0500030517578,187.0,149343
2011-07-27,MFSL,164.70132446289062,179.9499969482422,182.3000030517578,177.25,181.4499969482422,129652
2011-07-28,MFSL,167.17251586914062,182.64999389648438,184.39999389648438,175.0,177.5,348250
2011-07-29,MFSL,166.94371032714844,182.39999389648438,188.0,181.10000610351562,184.85000610351562,664240
2011-08-01,MFSL,167.95050048828125,183.5,185.5,180.10000610351562,183.1999969482422,131819
2011-08-02,MFSL,170.05560302734375,185.8000030517578,187.60000610351562,181.0500030517578,181.9499969482422,706546
2011-08-03,MFSL,169.32339477539062,185.0,187.5,182.10000610351562,184.0,757825
2011-08-04,MFSL,166.66915893554688,182.10000610351562,192.60000610351562,180.64999389648438,186.0,1483496
2011-08-05,MFSL,163.74029541015625,178.89999389648438,180.3000030517578,171.4499969482422,175.4499969482422,315359
2011-08-08,MFSL,165.5250701904297,180.85000610351562,182.25,171.0500030517578,174.89999389648438,282316
2011-08-09,MFSL,164.51828002929688,179.75,181.89999389648438,174.10000610351562,176.9499969482422,303605
2011-08-10,MFSL,164.74708557128906,180.0,184.1999969482422,178.6999969482422,183.8000030517578,891011
2011-08-11,MFSL,164.79286193847656,180.0500030517578,183.4499969482422,174.0,174.0,766969
2011-08-12,MFSL,170.5132293701172,186.3000030517578,189.8000030517578,180.9499969482422,183.0,661965
2011-08-16,MFSL,169.23187255859375,184.89999389648438,187.89999389648438,177.3000030517578,177.3000030517578,615388
2011-08-17,MFSL,168.4081573486328,184.0,185.8000030517578,182.9499969482422,183.0,578501
2011-08-18,MFSL,168.31658935546875,183.89999389648438,186.6999969482422,175.5500030517578,175.5500030517578,293163
2011-08-19,MFSL,159.9877166748047,174.8000030517578,183.0,172.1999969482422,180.1999969482422,244523
2011-08-22,MFSL,166.02845764160156,181.39999389648438,183.6999969482422,166.0,174.0500030517578,458221
2011-08-23,MFSL,168.3623504638672,183.9499969482422,184.8000030517578,179.5,182.4499969482422,119255
2011-08-24,MFSL,170.05560302734375,185.8000030517578,189.5500030517578,176.0,176.0,429981
2011-08-25,MFSL,166.07421875,181.4499969482422,186.0,180.10000610351562,186.0,97158
2011-08-26,MFSL,161.45216369628906,176.39999389648438,184.0,174.60000610351562,177.5,98111
2011-08-29,MFSL,167.72171020507812,183.25,184.9499969482422,178.5,180.0,166116
2011-08-30,MFSL,177.88111877441406,194.35000610351562,195.89999389648438,184.5500030517578,184.5500030517578,1340908
2011-09-02,MFSL,177.05735778808594,193.4499969482422,199.0,192.10000610351562,194.0500030517578,277377
2011-09-05,MFSL,176.96585083007812,193.35000610351562,196.75,191.0,191.1999969482422,108436
2011-09-06,MFSL,175.2268524169922,191.4499969482422,194.60000610351562,189.75,193.9499969482422,132527
2011-09-07,MFSL,183.73876953125,200.75,204.75,192.0,192.3000030517578,871935
2011-09-08,MFSL,181.8624725341797,198.6999969482422,205.9499969482422,197.5,204.0,286531
2011-09-09,MFSL,188.77268981933594,206.25,209.4499969482422,197.14999389648438,200.0,798822
2011-09-12,MFSL,183.55572509765625,200.5500030517578,206.8000030517578,198.10000610351562,205.0500030517578,316849
2011-09-13,MFSL,186.75912475585938,204.0500030517578,208.64999389648438,201.9499969482422,202.0,317598
2011-09-14,MFSL,186.30149841308594,203.5500030517578,206.1999969482422,200.0,201.5,159462
2011-09-15,MFSL,191.5642547607422,209.3000030517578,211.39999389648438,204.5500030517578,206.0,539477
2011-09-16,MFSL,190.00831604003906,207.60000610351562,211.9499969482422,206.60000610351562,210.10000610351562,319202
2011-09-19,MFSL,192.1591796875,209.9499969482422,211.89999389648438,204.1999969482422,204.1999969482422,226189
2011-09-20,MFSL,194.21849060058594,212.1999969482422,214.60000610351562,207.0,209.9499969482422,611006
2011-09-21,MFSL,192.06764221191406,209.85000610351562,213.0,208.5,213.0,276506
2011-09-22,MFSL,182.96078491210938,199.89999389648438,209.60000610351562,194.5500030517578,207.5,1607148
2011-09-23,MFSL,184.92860412597656,202.0500030517578,203.75,196.5,196.5,147730
2011-09-26,MFSL,184.60824584960938,201.6999969482422,204.3000030517578,198.4499969482422,202.0,112250
2011-09-27,MFSL,188.08627319335938,205.5,207.5,203.14999389648438,203.5,142554
2011-09-28,MFSL,175.31837463378906,191.5500030517578,206.4499969482422,190.39999389648438,206.4499969482422,347178
2011-09-29,MFSL,177.42347717285156,193.85000610351562,197.6999969482422,183.0500030517578,191.5,1479130
2011-09-30,MFSL,172.89288330078125,188.89999389648438,191.1999969482422,186.0,190.0,153147
2011-10-03,MFSL,167.58441162109375,183.10000610351562,188.89999389648438,182.0,188.85000610351562,198585
2011-10-04,MFSL,169.1861114501953,184.85000610351562,187.39999389648438,181.5,181.5,107866
2011-10-05,MFSL,158.7063751220703,173.39999389648438,185.6999969482422,172.14999389648438,185.10000610351562,181583
2011-10-07,MFSL,155.86904907226562,170.3000030517578,179.8000030517578,168.0,178.0500030517578,246152
2011-10-10,MFSL,163.3741912841797,178.5,179.0,171.0500030517578,172.8000030517578,126994
2011-10-11,MFSL,162.8708038330078,177.9499969482422,183.3000030517578,177.5,178.5,104519
2011-10-12,MFSL,164.47250366210938,179.6999969482422,194.0,178.3000030517578,194.0,945971
2011-10-13,MFSL,163.9691162109375,179.14999389648438,181.85000610351562,178.14999389648438,181.85000610351562,207868
2011-10-14,MFSL,162.8708038330078,177.9499969482422,180.5,176.0,180.5,74154
2011-10-17,MFSL,165.6165771484375,180.9499969482422,189.64999389648438,177.5,180.0,552780
2011-10-18,MFSL,164.88436889648438,180.14999389648438,183.8000030517578,178.3000030517578,179.89999389648438,205859
2011-10-19,MFSL,170.60476684570312,186.39999389648438,187.8000030517578,180.5500030517578,182.39999389648438,680225
2011-10-20,MFSL,167.35557556152344,182.85000610351562,189.0500030517578,181.0,189.0500030517578,127193
2011-10-21,MFSL,165.06744384765625,180.35000610351562,185.5,179.5,183.64999389648438,65577
2011-10-24,MFSL,162.00131225585938,177.0,184.0,175.5,182.0,77050
2011-10-25,MFSL,163.8318328857422,179.0,181.60000610351562,176.10000610351562,179.0,73206
2011-10-28,MFSL,168.31658935546875,183.89999389648438,185.8000030517578,181.0,181.60000610351562,590034
2011-10-31,MFSL,173.5336151123047,189.60000610351562,191.89999389648438,184.1999969482422,188.5,288768
2011-11-01,MFSL,168.95730590820312,184.60000610351562,192.5,183.0500030517578,190.0500030517578,143996
2011-11-02,MFSL,169.32339477539062,185.0,188.6999969482422,180.9499969482422,182.8000030517578,97151
2011-11-03,MFSL,169.1403350830078,184.8000030517578,186.4499969482422,181.6999969482422,183.0,42702
2011-11-04,MFSL,171.3369903564453,187.1999969482422,188.39999389648438,185.0,186.0,32347
2011-11-08,MFSL,167.95050048828125,183.5,188.89999389648438,182.14999389648438,187.39999389648438,44495
2011-11-09,MFSL,169.96408081054688,185.6999969482422,189.0,181.25,184.9499969482422,338604
2011-11-11,MFSL,164.83860778808594,180.10000610351562,187.0,177.8000030517578,186.6999969482422,162423
2011-11-14,MFSL,167.03524780273438,182.5,186.1999969482422,180.3000030517578,181.5,168650
2011-11-15,MFSL,161.6352081298828,176.60000610351562,181.0,175.0,180.0,243342
2011-11-16,MFSL,159.57583618164062,174.35000610351562,177.0,168.39999389648438,175.0,248725
2011-11-17,MFSL,157.01312255859375,171.5500030517578,177.8000030517578,170.0,174.9499969482422,107102
2011-11-18,MFSL,152.25376892089844,166.35000610351562,170.8000030517578,163.25,170.3000030517578,501522
2011-11-21,MFSL,150.28594970703125,164.1999969482422,168.25,161.0,164.0,122730
2011-11-22,MFSL,151.61309814453125,165.64999389648438,167.85000610351562,162.0,164.0,61943
2011-11-23,MFSL,145.023193359375,158.4499969482422,164.9499969482422,153.39999389648438,164.5,451740
2011-11-24,MFSL,151.93341064453125,166.0,167.8000030517578,157.0,159.5,97916
2011-11-25,MFSL,148.91307067871094,162.6999969482422,167.89999389648438,160.5500030517578,167.89999389648438,35655
2011-11-28,MFSL,152.2080078125,166.3000030517578,167.39999389648438,162.85000610351562,162.89999389648438,88477
2011-11-29,MFSL,150.28594970703125,164.1999969482422,168.0,162.25,164.60000610351562,100374
2011-11-30,MFSL,151.796142578125,165.85000610351562,167.39999389648438,162.10000610351562,164.1999969482422,99029
2011-12-01,MFSL,148.82156372070312,162.60000610351562,173.0,161.0500030517578,167.0,131388
2011-12-02,MFSL,152.7571563720703,166.89999389648438,169.25,163.3000030517578,164.39999389648438,92374
2011-12-05,MFSL,155.86904907226562,170.3000030517578,171.4499969482422,165.35000610351562,167.5,101024
2011-12-07,MFSL,155.91482543945312,170.35000610351562,174.39999389648438,169.10000610351562,172.0,128302
2011-12-08,MFSL,155.91482543945312,170.35000610351562,173.60000610351562,164.0,172.0,113628
2011-12-09,MFSL,153.16905212402344,167.35000610351562,180.0,165.35000610351562,167.5,19191700
2011-12-12,MFSL,147.9520263671875,161.64999389648438,171.89999389648438,160.1999969482422,169.0,136090
2011-12-13,MFSL,147.8605194091797,161.5500030517578,163.5,159.1999969482422,161.25,76070
2011-12-14,MFSL,148.4554443359375,162.1999969482422,164.85000610351562,159.35000610351562,160.3000030517578,77498
2011-12-15,MFSL,144.51980590820312,157.89999389648438,160.35000610351562,155.0,160.0,458677
2011-12-16,MFSL,141.54519653320312,154.64999389648438,162.6999969482422,153.0,159.0,459483
2011-12-19,MFSL,137.28924560546875,150.0,156.0,146.5,156.0,1386708
2011-12-20,MFSL,137.28924560546875,150.0,151.9499969482422,148.0,151.0500030517578,286805
2011-12-21,MFSL,136.32821655273438,148.9499969482422,154.60000610351562,144.0,152.0,1282902
2011-12-22,MFSL,135.5502471923828,148.10000610351562,150.5,145.39999389648438,147.25,131843
2011-12-23,MFSL,134.6807403564453,147.14999389648438,150.0,145.10000610351562,149.1999969482422,85449
2011-12-26,MFSL,135.18414306640625,147.6999969482422,150.6999969482422,146.25,147.39999389648438,26132
2011-12-27,MFSL,137.1977081298828,149.89999389648438,150.0,147.6999969482422,148.5,396865
2011-12-28,MFSL,133.39938354492188,145.75,150.0,143.0,149.9499969482422,128088
2011-12-29,MFSL,132.66717529296875,144.9499969482422,148.0,140.25,145.0,351042
2011-12-30,MFSL,133.76547241210938,146.14999389648438,150.0,140.39999389648438,142.0,664802
2012-01-02,MFSL,132.25531005859375,144.5,148.35000610351562,143.0,147.9499969482422,137970
2012-01-03,MFSL,132.072265625,144.3000030517578,148.0,142.3000030517578,148.0,1086918
2012-01-04,MFSL,132.30105590820312,144.5500030517578,145.5,143.60000610351562,144.9499969482422,66820
2012-01-05,MFSL,131.5230712890625,143.6999969482422,145.60000610351562,142.25,143.1999969482422,321953
2012-01-06,MFSL,130.9739227294922,143.10000610351562,145.85000610351562,140.14999389648438,144.0,211238
2012-01-09,MFSL,134.04005432128906,146.4499969482422,147.6999969482422,140.60000610351562,144.89999389648438,1271012
2012-01-10,MFSL,139.02821350097656,151.89999389648438,153.75,146.5,146.5,396478
2012-01-11,MFSL,139.21127319335938,152.10000610351562,155.25,150.14999389648438,153.0,318347
2012-01-12,MFSL,137.28924560546875,150.0,153.60000610351562,140.6999969482422,153.5500030517578,270167
2012-01-13,MFSL,139.8519744873047,152.8000030517578,154.5,150.14999389648438,151.9499969482422,247369
2012-01-16,MFSL,138.5706024169922,151.39999389648438,156.0,149.0,152.39999389648438,689369
2012-01-17,MFSL,139.02821350097656,151.89999389648438,154.6999969482422,150.0,151.0500030517578,274603
2012-01-18,MFSL,138.11297607421875,150.89999389648438,155.0,150.0,152.75,483029
2012-01-19,MFSL,146.25880432128906,159.8000030517578,160.8000030517578,149.0,152.8000030517578,524698
2012-01-20,MFSL,142.82656860351562,156.0500030517578,164.8000030517578,155.14999389648438,161.0,661734
2012-01-23,MFSL,145.29779052734375,158.75,162.5,155.5,156.5,650328
2012-01-24,MFSL,149.3706817626953,163.1999969482422,164.10000610351562,157.85000610351562,159.60000610351562,466892
2012-01-25,MFSL,148.68423461914062,162.4499969482422,164.89999389648438,160.89999389648438,164.89999389648438,234419
2012-01-27,MFSL,149.50799560546875,163.35000610351562,166.5,162.10000610351562,163.5,313797
2012-01-30,MFSL,144.93167114257812,158.35000610351562,166.5,157.60000610351562,163.0,394005
2012-01-31,MFSL,148.86732482910156,162.64999389648438,163.5,159.3000030517578,160.1999969482422,291293
2012-02-01,MFSL,150.4232635498047,164.35000610351562,166.0,158.25,164.60000610351562,468863
2012-02-02,MFSL,149.50799560546875,163.35000610351562,166.8000030517578,160.5,166.6999969482422,295004
2012-02-03,MFSL,152.8486785888672,167.0,168.14999389648438,161.39999389648438,163.60000610351562,238017
2012-02-06,MFSL,152.89447021484375,167.0500030517578,168.9499969482422,165.3000030517578,167.10000610351562,1330569
2012-02-07,MFSL,156.41819763183594,170.89999389648438,174.89999389648438,167.25,170.8000030517578,933775
2012-02-08,MFSL,159.07247924804688,173.8000030517578,175.0,168.25,172.0500030517578,626452
2012-02-09,MFSL,158.6148223876953,173.3000030517578,175.39999389648438,171.39999389648438,172.60000610351562,174742
2012-02-10,MFSL,156.37245178222656,170.85000610351562,177.39999389648438,169.10000610351562,172.4499969482422,212804
2012-02-13,MFSL,158.38601684570312,173.0500030517578,174.64999389648438,171.64999389648438,172.5500030517578,197009
2012-02-14,MFSL,162.55044555664062,177.60000610351562,179.75,172.64999389648438,174.0,503923
2012-02-15,MFSL,169.64376831054688,185.35000610351562,189.0,180.0,180.0,565012
2012-02-16,MFSL,164.56402587890625,179.8000030517578,185.85000610351562,179.0,185.85000610351562,248008
2012-02-17,MFSL,165.662353515625,181.0,185.8000030517578,179.5,180.5,796686
2012-02-21,MFSL,166.3030242919922,181.6999969482422,183.0,178.0,180.5500030517578,1627689
2012-02-22,MFSL,158.15721130371094,172.8000030517578,182.89999389648438,171.0,182.0500030517578,1511922
2012-02-23,MFSL,153.443603515625,167.64999389648438,173.6999969482422,165.5,172.8000030517578,274352
2012-02-24,MFSL,149.09609985351562,162.89999389648438,172.5,158.1999969482422,168.5500030517578,1598783
2012-02-27,MFSL,145.75540161132812,159.25,164.6999969482422,155.1999969482422,164.6999969482422,120851
2012-02-28,MFSL,149.3249053955078,163.14999389648438,166.89999389648438,156.10000610351562,159.35000610351562,1008078
2012-02-29,MFSL,149.3249053955078,163.14999389648438,168.4499969482422,162.0,166.5,198768
2012-03-01,MFSL,148.4554443359375,162.1999969482422,163.8000030517578,158.0,158.0,169388
2012-03-02,MFSL,154.6334228515625,168.9499969482422,174.0,162.0,163.0,516674
2012-03-05,MFSL,157.60804748535156,172.1999969482422,173.89999389648438,159.0,159.0,430966
2012-03-06,MFSL,155.594482421875,170.0,177.0,168.60000610351562,175.0,329517
2012-03-07,MFSL,151.43003845214844,165.4499969482422,171.60000610351562,163.60000610351562,169.85000610351562,129965
2012-03-09,MFSL,159.713134765625,174.5,176.0,167.0,167.75,308389
2012-03-12,MFSL,157.241943359375,171.8000030517578,176.0,170.0500030517578,176.0,116273
2012-03-13,MFSL,163.6487579345703,178.8000030517578,180.0,171.14999389648438,173.6999969482422,240568
2012-03-14,MFSL,169.64376831054688,185.35000610351562,187.5500030517578,175.35000610351562,175.35000610351562,334239
2012-03-15,MFSL,160.1707763671875,175.0,190.5,173.35000610351562,185.0,696603
2012-03-16,MFSL,165.06744384765625,180.35000610351562,182.5,175.14999389648438,176.5,334496
2012-03-19,MFSL,158.98094177246094,173.6999969482422,181.0,171.35000610351562,179.10000610351562,126428
2012-03-20,MFSL,159.57583618164062,174.35000610351562,175.75,171.14999389648438,174.0500030517578,140227
2012-03-21,MFSL,162.1385955810547,177.14999389648438,178.39999389648438,174.14999389648438,175.14999389648438,109377
2012-03-22,MFSL,157.241943359375,171.8000030517578,177.0500030517578,170.25,177.0500030517578,113032
2012-03-23,MFSL,157.74534606933594,172.35000610351562,173.0,169.14999389648438,170.5,83558
2012-03-26,MFSL,163.1453857421875,178.25,181.25,172.60000610351562,173.9499969482422,449304
2012-03-27,MFSL,157.6995849609375,172.3000030517578,181.89999389648438,171.5,179.3000030517578,233662
2012-03-28,MFSL,153.3520965576172,167.5500030517578,174.9499969482422,166.10000610351562,174.85000610351562,122705
2012-03-29,MFSL,151.43003845214844,165.4499969482422,169.6999969482422,162.0,165.10000610351562,585247
2012-03-30,MFSL,154.77073669433594,169.10000610351562,172.0,164.5500030517578,165.39999389648438,543673
2012-04-02,MFSL,152.8486785888672,167.0,168.75,166.1999969482422,168.75,171754
2012-04-03,MFSL,154.86224365234375,169.1999969482422,170.8000030517578,167.25,167.5,471981
2012-04-04,MFSL,160.216552734375,175.0500030517578,177.89999389648438,169.0500030517578,169.5,9795026
2012-04-09,MFSL,166.7606658935547,182.1999969482422,184.25,172.14999389648438,175.0,2029369
2012-04-10,MFSL,166.486083984375,181.89999389648438,183.8000030517578,178.14999389648438,183.0,415405
2012-04-11,MFSL,172.2980194091797,188.25,189.35000610351562,178.25,179.6999969482422,502820
2012-04-12,MFSL,186.71336364746094,204.0,207.60000610351562,190.10000610351562,190.10000610351562,5877975
2012-04-13,MFSL,176.41665649414062,192.75,204.89999389648438,191.5,204.0,1988682
2012-04-16,MFSL,178.65907287597656,195.1999969482422,198.0,191.35000610351562,194.0,696377
2012-04-17,MFSL,182.59471130371094,199.5,205.35000610351562,195.75,198.0,1681701
2012-04-18,MFSL,182.27435302734375,199.14999389648438,205.25,198.0,200.75,727195
2012-04-19,MFSL,181.03875732421875,197.8000030517578,204.35000610351562,197.0500030517578,199.8000030517578,457308
2012-04-20,MFSL,177.46922302246094,193.89999389648438,199.25,190.0,197.39999389648438,1462755
2012-04-23,MFSL,181.4506072998047,198.25,200.9499969482422,195.0,195.0,792870
2012-04-24,MFSL,183.00656127929688,199.9499969482422,204.1999969482422,196.25,199.3000030517578,898399
2012-04-25,MFSL,181.4506072998047,198.25,201.14999389648438,195.64999389648438,198.0,311844
2012-04-26,MFSL,183.60147094726562,200.60000610351562,208.6999969482422,195.25,197.25,710213
2012-04-27,MFSL,181.63365173339844,198.4499969482422,203.75,195.75,202.0,210864
2012-04-30,MFSL,181.4506072998047,198.25,200.0,197.35000610351562,199.5,343924
2012-05-02,MFSL,176.8285369873047,193.1999969482422,199.75,192.14999389648438,199.6999969482422,455424
2012-05-03,MFSL,170.74205017089844,186.5500030517578,193.25,185.3000030517578,193.10000610351562,207669
2012-05-04,MFSL,168.86575317382812,184.5,190.6999969482422,182.25,185.9499969482422,329085
2012-05-07,MFSL,173.30477905273438,189.35000610351562,191.0,178.25,182.0,246941
2012-05-08,MFSL,170.8335723876953,186.64999389648438,193.14999389648438,184.3000030517578,190.35000610351562,141314
2012-05-09,MFSL,173.67088317871094,189.75,194.8000030517578,185.35000610351562,187.0,403163
2012-05-10,MFSL,173.57936096191406,189.64999389648438,193.0,188.5,190.35000610351562,273848
2012-05-11,MFSL,172.89288330078125,188.89999389648438,191.10000610351562,184.10000610351562,185.10000610351562,155318
2012-05-14,MFSL,170.42172241210938,186.1999969482422,190.0,185.0500030517578,189.39999389648438,45002
2012-05-15,MFSL,170.92510986328125,186.75,188.0,182.0500030517578,186.10000610351562,57977
2012-05-16,MFSL,174.58615112304688,190.75,192.60000610351562,184.60000610351562,184.60000610351562,321645
2012-05-17,MFSL,178.33871459960938,194.85000610351562,197.60000610351562,191.5500030517578,192.0,200402
2012-05-18,MFSL,178.61329650878906,195.14999389648438,198.5,191.60000610351562,192.0,217976
2012-05-21,MFSL,173.62510681152344,189.6999969482422,195.35000610351562,187.6999969482422,194.60000610351562,113914
2012-05-22,MFSL,173.16749572753906,189.1999969482422,191.75,183.5500030517578,188.10000610351562,368546
2012-05-23,MFSL,172.9386749267578,188.9499969482422,190.9499969482422,187.0,188.64999389648438,88474
2012-05-24,MFSL,174.17428588867188,190.3000030517578,195.64999389648438,188.5500030517578,189.89999389648438,712803
2012-05-25,MFSL,173.12171936035156,189.14999389648438,191.0,183.0,190.0,180085
2012-05-28,MFSL,173.16749572753906,189.1999969482422,193.8000030517578,187.25,189.39999389648438,291015
2012-05-29,MFSL,174.99801635742188,191.1999969482422,192.39999389648438,186.8000030517578,189.5,204231
2012-05-30,MFSL,168.77423095703125,184.39999389648438,190.4499969482422,180.5,189.6999969482422,393462
2012-05-31,MFSL,168.77423095703125,184.39999389648438,186.1999969482422,180.39999389648438,183.8000030517578,222816
2012-06-01,MFSL,168.95730590820312,184.60000610351562,188.0,183.25,185.0,96200
2012-06-04,MFSL,171.06236267089844,186.89999389648438,188.39999389648438,181.35000610351562,182.0,87240
2012-06-05,MFSL,174.5404052734375,190.6999969482422,191.5,187.25,187.85000610351562,259995
2012-06-06,MFSL,176.96585083007812,193.35000610351562,194.10000610351562,191.0,191.60000610351562,138775
2012-06-07,MFSL,178.52175903320312,195.0500030517578,195.89999389648438,193.5500030517578,193.75,115629
2012-06-08,MFSL,179.3455047607422,195.9499969482422,196.89999389648438,193.0,194.25,104988
2012-06-11,MFSL,179.8031463623047,196.4499969482422,202.1999969482422,195.5500030517578,196.14999389648438,270841
2012-06-12,MFSL,181.90823364257812,198.75,200.6999969482422,193.6999969482422,195.60000610351562,107216
2012-06-13,MFSL,181.26754760742188,198.0500030517578,200.39999389648438,197.3000030517578,199.1999969482422,67246
2012-06-14,MFSL,176.69125366210938,193.0500030517578,199.64999389648438,192.1999969482422,198.0,587699
2012-06-15,MFSL,177.97262573242188,194.4499969482422,195.60000610351562,190.35000610351562,193.10000610351562,83689
2012-06-18,MFSL,175.59291076660156,191.85000610351562,199.10000610351562,191.0,195.85000610351562,96022
2012-06-19,MFSL,178.3844757080078,194.89999389648438,202.0,190.5500030517578,191.0,89591
2012-06-20,MFSL,177.92686462402344,194.39999389648438,198.4499969482422,193.14999389648438,196.64999389648438,217937
2012-06-21,MFSL,177.78956604003906,194.25,195.5,193.8000030517578,194.0,72955
2012-06-22,MFSL,176.18785095214844,192.5,195.5,191.8000030517578,193.75,57273
2012-06-25,MFSL,176.41665649414062,192.75,194.5,191.0,193.6999969482422,78044
2012-06-26,MFSL,178.1099090576172,194.60000610351562,197.60000610351562,189.0500030517578,193.6999969482422,479951
2012-06-27,MFSL,176.69125366210938,193.0500030517578,198.1999969482422,192.0500030517578,195.35000610351562,825775
2012-06-28,MFSL,173.35055541992188,189.39999389648438,195.64999389648438,187.10000610351562,194.60000610351562,256472
2012-06-29,MFSL,175.82174682617188,192.10000610351562,195.0,190.0,190.0,193277
2012-07-02,MFSL,173.0759735107422,189.10000610351562,194.8000030517578,187.85000610351562,193.10000610351562,165377
2012-07-03,MFSL,170.87933349609375,186.6999969482422,189.0,185.5,189.0,218282
2012-07-04,MFSL,175.59291076660156,191.85000610351562,194.6999969482422,187.25,187.5,624773
2012-07-05,MFSL,175.27259826660156,191.5,194.5,190.8000030517578,192.0500030517578,146109
2012-07-06,MFSL,173.21324157714844,189.25,191.5500030517578,188.60000610351562,191.5,63352
2012-07-09,MFSL,172.98443603515625,189.0,191.6999969482422,187.0,188.64999389648438,71502
2012-07-10,MFSL,172.89288330078125,188.89999389648438,190.0,183.0,183.0,37904
2012-07-11,MFSL,172.0691680908203,188.0,190.75,187.1999969482422,188.4499969482422,89083
2012-07-12,MFSL,172.48104858398438,188.4499969482422,189.1999969482422,186.0500030517578,186.9499969482422,63456
2012-07-13,MFSL,171.88612365722656,187.8000030517578,191.75,187.10000610351562,189.25,99419
2012-07-16,MFSL,170.28440856933594,186.0500030517578,189.0,185.5500030517578,188.5,53867
2012-07-17,MFSL,171.7488250732422,187.64999389648438,190.6999969482422,181.0,181.0,145677
2012-07-18,MFSL,171.52000427246094,187.39999389648438,188.89999389648438,186.3000030517578,186.8000030517578,30341
2012-07-19,MFSL,169.73524475097656,185.4499969482422,188.6999969482422,185.10000610351562,188.1999969482422,91017
2012-07-20,MFSL,167.03524780273438,182.5,186.4499969482422,182.0,185.10000610351562,140741
2012-07-23,MFSL,167.03524780273438,182.5,184.9499969482422,180.1999969482422,184.5,104242
2012-07-24,MFSL,166.57760620117188,182.0,184.0,181.0,184.0,55289
2012-07-25,MFSL,163.87759399414062,179.0500030517578,182.64999389648438,178.1999969482422,182.64999389648438,327576
2012-07-26,MFSL,161.7267303466797,176.6999969482422,179.64999389648438,175.1999969482422,179.39999389648438,164985
2012-07-27,MFSL,162.00131225585938,177.0,182.0,175.0,178.75,119353
2012-07-30,MFSL,163.74029541015625,178.89999389648438,181.75,177.0500030517578,178.64999389648438,143327
2012-07-31,MFSL,160.94874572753906,175.85000610351562,180.0,174.89999389648438,178.9499969482422,137716
2012-08-01,MFSL,159.2555389404297,174.0,176.89999389648438,173.10000610351562,176.1999969482422,2195856
2012-08-02,MFSL,162.1385955810547,177.14999389648438,179.9499969482422,175.10000610351562,175.10000610351562,350313
2012-08-03,MFSL,162.0470733642578,177.0500030517578,179.0,176.5,177.64999389648438,124205
2012-08-06,MFSL,163.23690795898438,178.35000610351562,180.0,176.5500030517578,178.1999969482422,272678
2012-08-07,MFSL,169.91830444335938,185.64999389648438,187.25,177.35000610351562,177.75,670023
2012-08-08,MFSL,166.66915893554688,182.10000610351562,187.5500030517578,181.3000030517578,187.0500030517578,155438
2012-08-09,MFSL,166.486083984375,181.89999389648438,185.60000610351562,181.10000610351562,183.6999969482422,108951
2012-08-10,MFSL,165.57083129882812,180.89999389648438,187.5500030517578,179.5500030517578,184.0,327415
2012-08-13,MFSL,166.98947143554688,182.4499969482422,183.39999389648438,177.6999969482422,180.0,68910
2012-08-14,MFSL,166.3030242919922,181.6999969482422,183.39999389648438,181.1999969482422,183.39999389648438,62805
2012-08-16,MFSL,168.1793212890625,183.75,184.14999389648438,180.5,181.6999969482422,194545
2012-08-17,MFSL,168.4081573486328,184.0,185.0,181.0,184.1999969482422,86076
2012-08-21,MFSL,170.69627380371094,186.5,187.35000610351562,176.25,176.25,178942
2012-08-22,MFSL,173.25900268554688,189.3000030517578,193.25,186.4499969482422,186.75,1165927
2012-08-23,MFSL,173.35055541992188,189.39999389648438,192.89999389648438,186.0500030517578,190.0,330225
2012-08-24,MFSL,171.3369903564453,187.1999969482422,191.1999969482422,186.4499969482422,189.5,124821
2012-08-27,MFSL,172.2064666748047,188.14999389648438,194.0,187.0,189.89999389648438,137715
2012-08-28,MFSL,168.4996795654297,184.10000610351562,188.8000030517578,181.1999969482422,188.14999389648438,183023
2012-08-29,MFSL,166.7606658935547,182.1999969482422,184.35000610351562,181.5,183.10000610351562,158456
2012-08-30,MFSL,166.57760620117188,182.0,183.89999389648438,178.1999969482422,180.3000030517578,296939
2012-08-31,MFSL,164.83860778808594,180.10000610351562,181.64999389648438,179.25,180.5,99029
2012-09-03,MFSL,164.70132446289062,179.9499969482422,181.35000610351562,178.14999389648438,180.4499969482422,22455
2012-09-04,MFSL,163.87759399414062,179.0500030517578,180.85000610351562,177.39999389648438,180.25,42251
2012-09-05,MFSL,165.662353515625,181.0,182.8000030517578,178.6999969482422,178.75,172021
2012-09-06,MFSL,163.9691162109375,179.14999389648438,182.60000610351562,178.25,179.0500030517578,84290
2012-09-07,MFSL,165.5250701904297,180.85000610351562,184.8000030517578,179.25,181.39999389648438,133265
2012-09-10,MFSL,174.17428588867188,190.3000030517578,192.4499969482422,184.25,186.10000610351562,902165
2012-09-11,MFSL,171.2911834716797,187.14999389648438,195.0,185.35000610351562,193.5,399930
2012-09-12,MFSL,172.48104858398438,188.4499969482422,190.0,185.0500030517578,188.0,131232
2012-09-13,MFSL,176.00479125976562,192.3000030517578,194.4499969482422,187.10000610351562,189.25,458013
2012-09-14,MFSL,175.0895538330078,191.3000030517578,195.39999389648438,190.60000610351562,194.25,160663
2012-09-17,MFSL,175.8675079345703,192.14999389648438,194.3000030517578,191.0,193.64999389648438,127329
2012-09-18,MFSL,175.63868713378906,191.89999389648438,196.0,191.1999969482422,192.85000610351562,268345
2012-09-20,MFSL,175.82174682617188,192.10000610351562,193.6999969482422,188.0,188.0,131136
2012-09-21,MFSL,183.37266540527344,200.35000610351562,209.0,195.64999389648438,196.64999389648438,1831553
2012-09-24,MFSL,180.12350463867188,196.8000030517578,201.0,192.0500030517578,200.35000610351562,951065
2012-09-25,MFSL,181.31333923339844,198.10000610351562,199.0,192.10000610351562,195.39999389648438,425504
2012-09-26,MFSL,186.02691650390625,203.25,204.60000610351562,193.0,193.10000610351562,1043527
2012-09-27,MFSL,194.6761474609375,212.6999969482422,224.0,203.3000030517578,205.3000030517578,2825057
2012-09-28,MFSL,205.2931671142578,224.3000030517578,228.39999389648438,213.89999389648438,215.0,1377118
2012-10-01,MFSL,201.08299255371094,219.6999969482422,228.0,215.8000030517578,224.1999969482422,855145
2012-10-03,MFSL,213.3932342529297,233.14999389648438,235.0,216.0,221.89999389648438,1651649
2012-10-04,MFSL,211.6084747314453,231.1999969482422,243.0,226.0,236.10000610351562,2016754
2012-10-05,MFSL,208.86268615722656,228.1999969482422,264.79998779296875,226.10000610351562,264.79998779296875,3023734
2012-10-08,MFSL,202.0439910888672,220.75,229.39999389648438,218.0,229.39999389648438,673044
2012-10-09,MFSL,201.03721618652344,219.64999389648438,225.0,218.1999969482422,225.0,591148
2012-10-10,MFSL,205.84234619140625,224.89999389648438,228.4499969482422,216.5,216.5500030517578,694826
2012-10-11,MFSL,210.73898315429688,230.25,231.85000610351562,221.60000610351562,228.5,539888
2012-10-12,MFSL,217.05430603027344,237.14999389648438,239.0,222.9499969482422,231.4499969482422,769688
2012-10-15,MFSL,221.76788330078125,242.3000030517578,244.89999389648438,232.3000030517578,238.4499969482422,747820
2012-10-16,MFSL,217.74072265625,237.89999389648438,244.8000030517578,232.75,244.8000030517578,581229
2012-10-17,MFSL,218.51870727539062,238.75,242.1999969482422,233.64999389648438,242.0,279143
2012-10-18,MFSL,219.1593780517578,239.4499969482422,243.4499969482422,236.10000610351562,238.0,417647
2012-10-19,MFSL,217.4661407470703,237.60000610351562,239.6999969482422,235.0,235.64999389648438,128527
2012-10-22,MFSL,223.0492401123047,243.6999969482422,244.4499969482422,237.0,237.0,433850
2012-10-23,MFSL,221.49330139160156,242.0,244.60000610351562,240.0,244.4499969482422,170582
2012-10-25,MFSL,222.7289276123047,243.35000610351562,245.5,239.64999389648438,241.64999389648438,591965
2012-10-29,MFSL,221.49330139160156,242.0,247.0,240.0500030517578,246.4499969482422,133797
2012-10-30,MFSL,221.76788330078125,242.3000030517578,245.5,240.0,242.3000030517578,156179
2012-10-31,MFSL,221.58485412597656,242.10000610351562,247.1999969482422,242.0,242.6999969482422,76304
2012-11-01,MFSL,217.96954345703125,238.14999389648438,243.5500030517578,235.0,242.0500030517578,66453
2012-11-02,MFSL,219.11361694335938,239.39999389648438,242.0,231.3000030517578,238.89999389648438,109300
2012-11-05,MFSL,217.69496154785156,237.85000610351562,243.60000610351562,237.10000610351562,243.0500030517578,98314
2012-11-06,MFSL,213.57627868652344,233.35000610351562,240.0,230.0,238.6999969482422,241062
2012-11-07,MFSL,222.17974853515625,242.75,244.39999389648438,234.39999389648438,235.10000610351562,224849
2012-11-08,MFSL,221.44754028320312,241.9499969482422,245.39999389648438,238.14999389648438,243.9499969482422,98835
2012-11-09,MFSL,223.7356719970703,244.4499969482422,248.9499969482422,237.0,239.10000610351562,290826
2012-11-12,MFSL,226.11537170410156,247.0500030517578,248.0,240.0500030517578,243.9499969482422,234323
2012-11-15,MFSL,223.2780303955078,243.9499969482422,247.5,242.8000030517578,242.8000030517578,138087
2012-11-16,MFSL,219.93736267089844,240.3000030517578,245.0,239.35000610351562,244.10000610351562,225694
2012-11-19,MFSL,220.80685424804688,241.25,245.0,239.85000610351562,245.0,441166
2012-11-20,MFSL,221.53907775878906,242.0500030517578,244.5,241.0,241.6999969482422,165619
2012-11-21,MFSL,221.03567504882812,241.5,243.0,239.5500030517578,242.8000030517578,1291997
2012-11-22,MFSL,222.99302673339844,233.5500030517578,235.0,231.0,233.0,293452
2012-11-23,MFSL,223.3749237060547,233.9499969482422,237.64999389648438,231.0,233.9499969482422,70018
2012-11-26,MFSL,228.81727600097656,239.64999389648438,240.75,232.0,234.60000610351562,146890
2012-11-27,MFSL,227.2895965576172,238.0500030517578,242.0,236.25,240.6999969482422,57734
2012-11-29,MFSL,232.35003662109375,243.35000610351562,246.0,238.0,238.6999969482422,176839
2012-11-30,MFSL,228.5785675048828,239.39999389648438,245.8000030517578,235.89999389648438,243.5,352053
2012-12-03,MFSL,232.20680236816406,243.1999969482422,244.3000030517578,234.89999389648438,235.0,94354
2012-12-04,MFSL,234.97573852539062,246.10000610351562,248.0,243.64999389648438,243.64999389648438,137238
2012-12-05,MFSL,237.79238891601562,249.0500030517578,266.70001220703125,246.9499969482422,246.9499969482422,849564
2012-12-06,MFSL,239.1768341064453,250.5,255.4499969482422,249.0,249.9499969482422,392946
2012-12-07,MFSL,236.83758544921875,248.0500030517578,253.14999389648438,247.0,251.0,408241
2012-12-10,MFSL,232.20680236816406,243.1999969482422,251.5,242.25,249.39999389648438,180982
2012-12-11,MFSL,229.62884521484375,240.5,248.6999969482422,240.0,242.89999389648438,156013
2012-12-12,MFSL,228.43536376953125,239.25,243.89999389648438,235.0,242.0,479727
2012-12-13,MFSL,229.724365234375,240.60000610351562,244.39999389648438,215.25,239.3000030517578,160695
2012-12-14,MFSL,229.43789672851562,240.3000030517578,242.5,239.5,241.1999969482422,159862
2012-12-17,MFSL,234.4506072998047,245.5500030517578,248.0,236.0500030517578,240.14999389648438,324627
2012-12-18,MFSL,229.19920349121094,240.0500030517578,246.1999969482422,239.39999389648438,246.1999969482422,287697
2012-12-19,MFSL,228.81727600097656,239.64999389648438,240.5,235.0,238.89999389648438,341420
2012-12-20,MFSL,226.76446533203125,237.5,242.4499969482422,235.0,240.0500030517578,238115
2012-12-21,MFSL,229.4856414794922,240.35000610351562,243.25,231.10000610351562,231.10000610351562,530743
2012-12-24,MFSL,229.29469299316406,240.14999389648438,243.0,239.0,240.35000610351562,159309
2012-12-26,MFSL,229.8675537109375,240.75,242.60000610351562,239.1999969482422,240.0,94374
2012-12-27,MFSL,226.8599395751953,237.60000610351562,241.0,236.0,238.64999389648438,78411
2012-12-28,MFSL,228.81727600097656,239.64999389648438,240.0,236.0,236.0,183960
2012-12-31,MFSL,230.7268829345703,241.64999389648438,242.39999389648438,236.10000610351562,237.0500030517578,659384
2013-01-01,MFSL,234.0686798095703,245.14999389648438,246.0,242.5,243.9499969482422,97964
2013-01-02,MFSL,237.1717529296875,248.39999389648438,249.39999389648438,245.9499969482422,246.0,119421
2013-01-03,MFSL,242.0412139892578,253.5,256.5,246.1999969482422,250.0,167978
2013-01-04,MFSL,240.0839080810547,251.4499969482422,256.8999938964844,250.0500030517578,254.39999389648438,235616
2013-01-07,MFSL,239.2723388671875,250.60000610351562,256.5,249.9499969482422,255.64999389648438,154184
2013-01-08,MFSL,242.56637573242188,254.0500030517578,256.95001220703125,251.0,252.10000610351562,149908
2013-01-09,MFSL,248.8680419921875,260.6499938964844,262.8999938964844,252.60000610351562,253.10000610351562,232000
2013-01-10,MFSL,246.19461059570312,257.8500061035156,264.5,255.25,264.5,305024
2013-01-11,MFSL,239.70199584960938,251.0500030517578,260.0,250.5,258.0,29686
2013-01-14,MFSL,239.70199584960938,251.0500030517578,253.10000610351562,243.0,253.10000610351562,59516
2013-01-15,MFSL,238.794921875,250.10000610351562,253.10000610351562,249.1999969482422,251.60000610351562,58022
2013-01-16,MFSL,234.92800903320312,246.0500030517578,253.9499969482422,244.0500030517578,253.0,51253
2013-01-17,MFSL,234.0209503173828,245.10000610351562,248.5,244.0,246.0,83826
2013-01-18,MFSL,236.12147521972656,247.3000030517578,250.60000610351562,245.10000610351562,246.64999389648438,104382
2013-01-21,MFSL,233.78224182128906,244.85000610351562,248.60000610351562,244.0,248.60000610351562,49462
2013-01-22,MFSL,234.97573852539062,246.10000610351562,248.0,239.5500030517578,244.10000610351562,163882
2013-01-23,MFSL,234.35511779785156,245.4499969482422,248.89999389648438,242.0500030517578,248.89999389648438,26076
2013-01-24,MFSL,234.92800903320312,246.0500030517578,246.89999389648438,245.0,246.8000030517578,28602
2013-01-25,MFSL,238.8426513671875,250.14999389648438,251.5,246.0500030517578,246.75,56453
2013-01-28,MFSL,237.74464416503906,249.0,250.89999389648438,201.5500030517578,201.5500030517578,636228
2013-01-29,MFSL,237.0762939453125,248.3000030517578,251.75,246.64999389648438,251.75,252708
2013-01-30,MFSL,234.78477478027344,245.89999389648438,252.64999389648438,245.0,248.4499969482422,44329
2013-01-31,MFSL,238.60394287109375,249.89999389648438,250.0,242.0,245.10000610351562,88328
2013-02-01,MFSL,235.5008544921875,246.64999389648438,250.0,246.0,247.0,19146
2013-02-04,MFSL,233.63900756835938,244.6999969482422,253.85000610351562,242.1999969482422,249.89999389648438,80248
2013-02-05,MFSL,232.11135864257812,243.10000610351562,245.60000610351562,242.10000610351562,243.4499969482422,23668
2013-02-06,MFSL,238.4607391357422,249.75,250.0,242.1999969482422,244.89999389648438,83054
2013-02-07,MFSL,233.87770080566406,244.9499969482422,249.25,244.5,249.25,22951
2013-02-08,MFSL,235.7395477294922,246.89999389648438,249.0,242.5500030517578,246.8000030517578,80014
2013-02-11,MFSL,233.49578857421875,244.5500030517578,253.5500030517578,243.5,249.89999389648438,98167
2013-02-12,MFSL,234.21189880371094,245.3000030517578,250.0,242.39999389648438,247.64999389648438,36533
2013-02-13,MFSL,237.9833526611328,249.25,250.0500030517578,243.39999389648438,243.39999389648438,62845
2013-02-14,MFSL,229.915283203125,240.8000030517578,249.0,240.0,247.8000030517578,93258
2013-02-15,MFSL,230.20175170898438,241.10000610351562,246.0,238.5,243.5,164516
2013-02-18,MFSL,230.87008666992188,241.8000030517578,243.0,239.0,242.85000610351562,41576
2013-02-19,MFSL,231.10879516601562,242.0500030517578,244.0,241.0500030517578,241.9499969482422,534184
2013-02-20,MFSL,233.35255432128906,244.39999389648438,247.85000610351562,242.5,244.85000610351562,83422
2013-02-21,MFSL,231.44297790527344,242.39999389648438,246.5,240.5,244.39999389648438,34449
2013-02-22,MFSL,235.7395477294922,246.89999389648438,248.5,241.0,241.64999389648438,84403
2013-02-25,MFSL,233.7344970703125,244.8000030517578,249.0,243.5,246.89999389648438,139290
2013-02-26,MFSL,227.48057556152344,238.25,244.0,236.5500030517578,242.14999389648438,28439
2013-02-27,MFSL,231.49070739746094,242.4499969482422,242.9499969482422,238.0,241.0,27523
2013-02-28,MFSL,231.82489013671875,242.8000030517578,245.9499969482422,237.39999389648438,244.5500030517578,190341
2013-03-01,MFSL,226.90768432617188,237.64999389648438,241.5,235.25,241.10000610351562,547302
2013-03-04,MFSL,223.3749237060547,233.9499969482422,236.0,230.0,232.0500030517578,33494
2013-03-05,MFSL,223.47042846679688,234.0500030517578,235.5,232.1999969482422,234.0,43146
2013-03-06,MFSL,221.990478515625,232.5,235.39999389648438,231.5,234.85000610351562,18917
2013-03-07,MFSL,223.08847045898438,233.64999389648438,234.89999389648438,232.39999389648438,232.5500030517578,80917
2013-03-08,MFSL,221.17889404296875,231.64999389648438,240.0,230.14999389648438,240.0,33786
2013-03-11,MFSL,213.5882568359375,223.6999969482422,234.0,220.5500030517578,232.5500030517578,236560
2013-03-12,MFSL,217.0732879638672,227.35000610351562,235.0,221.5,223.6999969482422,156745
2013-03-13,MFSL,214.8772430419922,225.0500030517578,229.5500030517578,224.10000610351562,227.25,24296
2013-03-14,MFSL,217.74163818359375,228.0500030517578,230.0,223.14999389648438,226.0,45460
2013-03-15,MFSL,220.84474182128906,231.3000030517578,273.0,218.25,273.0,476725
2013-03-18,MFSL,219.0305938720703,229.39999389648438,231.0,222.10000610351562,222.10000610351562,135918
2013-03-19,MFSL,214.11338806152344,224.25,230.0,223.3000030517578,228.39999389648438,45844
2013-03-20,MFSL,209.7690887451172,219.6999969482422,225.25,211.3000030517578,221.6999969482422,160452
2013-03-21,MFSL,216.30943298339844,226.5500030517578,228.9499969482422,220.0500030517578,224.9499969482422,136160
2013-03-22,MFSL,216.21392822265625,226.4499969482422,228.4499969482422,216.39999389648438,217.60000610351562,186504
2013-03-25,MFSL,219.2215576171875,229.60000610351562,233.5,225.14999389648438,230.5,157990
2013-03-26,MFSL,213.30181884765625,223.39999389648438,228.0500030517578,220.10000610351562,227.0500030517578,47093
2013-03-28,MFSL,213.92245483398438,224.0500030517578,225.5,219.10000610351562,220.0,51908
2013-04-01,MFSL,214.73402404785156,224.89999389648438,225.4499969482422,222.0,222.0500030517578,46609
2013-04-02,MFSL,217.45516967773438,227.75,230.0,223.0,223.0,123947
2013-04-03,MFSL,216.5003662109375,226.75,234.89999389648438,222.9499969482422,234.89999389648438,137616
2013-04-04,MFSL,210.0077667236328,219.9499969482422,224.1999969482422,215.75,223.9499969482422,191565
2013-04-05,MFSL,207.47756958007812,217.3000030517578,221.5,214.0,218.0,86999
2013-04-08,MFSL,206.90469360351562,216.6999969482422,221.0,214.64999389648438,216.1999969482422,123667
2013-04-09,MFSL,205.71115112304688,215.4499969482422,219.0,212.39999389648438,216.0500030517578,116353
2013-04-10,MFSL,211.63092041015625,221.64999389648438,226.0,215.0500030517578,216.3000030517578,166591
2013-04-11,MFSL,207.66851806640625,217.5,222.0,216.0500030517578,222.0,44210
2013-04-12,MFSL,205.85438537597656,215.60000610351562,216.8000030517578,212.5,215.5500030517578,256346
2013-04-15,MFSL,206.331787109375,216.10000610351562,218.1999969482422,214.39999389648438,215.8000030517578,115224
2013-04-16,MFSL,203.8493194580078,213.5,218.64999389648438,212.5,215.9499969482422,70884
2013-04-17,MFSL,203.03773498535156,212.64999389648438,215.9499969482422,211.1999969482422,213.5,82017
2013-04-18,MFSL,202.36936950683594,211.9499969482422,214.64999389648438,211.10000610351562,212.0,87109
2013-04-22,MFSL,207.19113159179688,217.0,219.0,209.60000610351562,212.10000610351562,285212
2013-04-23,MFSL,202.75132751464844,212.35000610351562,225.0,210.0,219.10000610351562,308932
2013-04-25,MFSL,203.32418823242188,212.9499969482422,213.89999389648438,208.35000610351562,208.35000610351562,263950
2013-04-26,MFSL,201.93972778320312,211.5,213.89999389648438,209.6999969482422,213.89999389648438,128773
2013-04-29,MFSL,200.98492431640625,210.5,212.0,209.35000610351562,210.5,88710
2013-04-30,MFSL,207.0956268310547,216.89999389648438,219.89999389648438,210.0,210.5,170208
2013-05-02,MFSL,210.29421997070312,220.25,221.9499969482422,216.0,220.0,205512
2013-05-03,MFSL,213.11085510253906,223.1999969482422,224.8000030517578,217.5,218.1999969482422,66726
2013-05-06,MFSL,216.83457946777344,227.10000610351562,228.89999389648438,219.60000610351562,222.0,95426
2013-05-07,MFSL,217.40745544433594,227.6999969482422,229.35000610351562,217.6999969482422,226.6999969482422,386661
2013-05-08,MFSL,215.4978790283203,225.6999969482422,229.9499969482422,224.10000610351562,228.0,48224
2013-05-09,MFSL,205.85438537597656,215.60000610351562,228.85000610351562,214.10000610351562,224.0,286706
2013-05-10,MFSL,201.46234130859375,211.0,215.85000610351562,208.5,215.0,1374545
2013-05-13,MFSL,201.2713623046875,210.8000030517578,216.0,208.5,216.0,90650
2013-05-14,MFSL,202.32164001464844,211.89999389648438,214.9499969482422,207.5,210.89999389648438,547569
2013-05-15,MFSL,202.989990234375,212.60000610351562,214.85000610351562,210.0,210.0,265227
2013-05-16,MFSL,203.27642822265625,212.89999389648438,215.0,210.64999389648438,212.39999389648438,74403
2013-05-17,MFSL,202.84677124023438,212.4499969482422,214.4499969482422,209.64999389648438,211.39999389648438,53100
2013-05-20,MFSL,203.61061096191406,213.25,215.0,212.0,212.0,29569
2013-05-21,MFSL,204.27896118164062,213.9499969482422,216.8000030517578,211.10000610351562,213.1999969482422,606511
2013-05-22,MFSL,204.51766967773438,214.1999969482422,223.8000030517578,208.6999969482422,215.10000610351562,370638
2013-05-23,MFSL,204.8041229248047,214.5,217.1999969482422,212.60000610351562,214.0,74764
2013-05-24,MFSL,207.00015258789062,216.8000030517578,218.4499969482422,213.5,215.0,54550
2013-05-27,MFSL,206.18856811523438,215.9499969482422,218.0,215.0,216.0,42353
2013-05-28,MFSL,208.24139404296875,218.10000610351562,219.8000030517578,214.0,214.0,219985
2013-05-29,MFSL,208.8620147705078,218.75,222.0,217.0500030517578,219.5,112148
2013-05-30,MFSL,203.5628662109375,213.1999969482422,224.6999969482422,212.35000610351562,222.0500030517578,439951
2013-05-31,MFSL,204.04025268554688,213.6999969482422,215.0,210.60000610351562,213.3000030517578,199918
2013-06-03,MFSL,200.7462158203125,210.25,215.0,209.0,215.0,572613
2013-06-04,MFSL,197.6908721923828,207.0500030517578,212.0,205.5,211.4499969482422,500083
2013-06-05,MFSL,196.73606872558594,206.0500030517578,208.9499969482422,205.5500030517578,207.25,823947
2013-06-06,MFSL,196.68833923339844,206.0,206.9499969482422,204.39999389648438,205.89999389648438,201582
2013-06-07,MFSL,193.5852508544922,202.75,208.0,202.0,205.9499969482422,32883
2013-06-10,MFSL,190.19570922851562,199.1999969482422,205.35000610351562,197.1999969482422,202.0,37441
2013-06-11,MFSL,184.89657592773438,193.64999389648438,199.3000030517578,183.5,197.0,498308
2013-06-12,MFSL,189.0499267578125,198.0,200.0,190.1999969482422,190.1999969482422,38666
2013-06-13,MFSL,189.38414001464844,198.35000610351562,202.25,196.0,197.0,77073
2013-06-14,MFSL,191.10276794433594,200.14999389648438,202.5,198.3000030517578,198.3000030517578,19169
2013-06-17,MFSL,190.95956420898438,200.0,200.75,198.10000610351562,198.14999389648438,18184
2013-06-18,MFSL,195.01744079589844,204.25,205.5,200.60000610351562,201.14999389648438,481351
2013-06-19,MFSL,196.64060974121094,205.9499969482422,210.0,202.5,204.39999389648438,387555
2013-06-20,MFSL,192.0098419189453,201.10000610351562,205.0,198.1999969482422,205.0,134222
2013-06-21,MFSL,186.9971466064453,195.85000610351562,201.0,193.39999389648438,198.3000030517578,319019
2013-06-24,MFSL,181.3638458251953,189.9499969482422,198.89999389648438,188.0500030517578,195.8000030517578,73595
2013-06-25,MFSL,178.40396118164062,186.85000610351562,191.0,178.1999969482422,188.0,350734
2013-06-26,MFSL,182.65281677246094,191.3000030517578,195.0,186.89999389648438,189.0,376622
2013-06-27,MFSL,187.6177520751953,196.5,197.8000030517578,190.0,191.25,44597
2013-06-28,MFSL,190.95956420898438,200.0,202.1999969482422,195.0,195.0,16778
2013-07-01,MFSL,196.3541717529297,205.64999389648438,206.0,200.0,200.0,14322
2013-07-02,MFSL,202.36936950683594,211.9499969482422,214.5,205.75,205.75,97091
2013-07-03,MFSL,201.70101928710938,211.25,212.60000610351562,208.3000030517578,211.89999389648438,51202
2013-07-04,MFSL,199.8869171142578,209.35000610351562,212.85000610351562,208.60000610351562,210.0,11792
2013-07-05,MFSL,203.61061096191406,213.25,214.9499969482422,209.0,210.0,17493
2013-07-08,MFSL,191.86659240722656,200.9499969482422,214.89999389648438,200.0,212.9499969482422,381301
2013-07-09,MFSL,199.2663116455078,208.6999969482422,209.89999389648438,201.0,201.0,53999
2013-07-10,MFSL,198.6934051513672,208.10000610351562,211.64999389648438,204.5500030517578,209.0,700270
2013-07-11,MFSL,197.97731018066406,207.35000610351562,210.5,206.25,209.89999389648438,60515
2013-07-12,MFSL,196.5928497314453,205.89999389648438,210.0,203.0,209.0,129643
2013-07-15,MFSL,196.5928497314453,205.89999389648438,207.0,202.0,203.0,21090
2013-07-16,MFSL,196.4496307373047,205.75,206.60000610351562,198.1999969482422,203.0,23443
2013-07-17,MFSL,197.45216369628906,206.8000030517578,214.8000030517578,205.1999969482422,213.9499969482422,363556
2013-07-18,MFSL,191.4846954345703,200.5500030517578,207.0500030517578,198.1999969482422,206.0500030517578,138700
2013-07-19,MFSL,190.67311096191406,199.6999969482422,200.9499969482422,198.35000610351562,199.0,45424
2013-07-22,MFSL,191.29371643066406,200.35000610351562,202.0500030517578,199.10000610351562,199.5,104761
2013-07-23,MFSL,188.95445251464844,197.89999389648438,203.5,196.35000610351562,200.0,215302
2013-07-24,MFSL,186.32876586914062,195.14999389648438,197.0,192.85000610351562,197.0,23130
2013-07-25,MFSL,188.0474090576172,196.9499969482422,198.6999969482422,193.10000610351562,194.0,35362
2013-07-26,MFSL,187.4268341064453,196.3000030517578,199.6999969482422,193.0500030517578,195.10000610351562,33661
2013-07-29,MFSL,185.80364990234375,194.60000610351562,195.0500030517578,190.5,195.0500030517578,28606
2013-07-30,MFSL,181.55477905273438,190.14999389648438,196.0,188.35000610351562,194.60000610351562,219870
2013-07-31,MFSL,181.45932006835938,190.0500030517578,192.0,177.0,191.0,125529
2013-08-01,MFSL,180.2180633544922,188.75,192.0500030517578,186.5500030517578,192.0500030517578,19583
2013-08-02,MFSL,186.75843811035156,195.60000610351562,202.0,183.0,188.5500030517578,45723
2013-08-05,MFSL,183.46437072753906,192.14999389648438,195.5500030517578,186.0,195.0,22252
2013-08-06,MFSL,173.9641571044922,182.1999969482422,191.89999389648438,178.0,191.0,122977
2013-08-07,MFSL,176.78079223632812,185.14999389648438,186.89999389648438,176.64999389648438,185.0,40878
2013-08-08,MFSL,177.06723022460938,185.4499969482422,188.8000030517578,182.5,188.8000030517578,46643
2013-08-12,MFSL,178.40396118164062,186.85000610351562,187.75,182.5,185.39999389648438,47504
2013-08-13,MFSL,176.58981323242188,184.9499969482422,187.0,183.0,185.0,80115
2013-08-14,MFSL,174.393798828125,182.64999389648438,185.9499969482422,181.89999389648438,185.9499969482422,726788
2013-08-16,MFSL,172.67518615722656,180.85000610351562,183.4499969482422,173.14999389648438,182.14999389648438,161615
2013-08-19,MFSL,168.71278381347656,176.6999969482422,181.0,173.0,181.0,118624
2013-08-20,MFSL,165.99160766601562,173.85000610351562,175.0,170.14999389648438,175.0,107458
2013-08-21,MFSL,166.0393524169922,173.89999389648438,175.8000030517578,170.75,174.0,92313
2013-08-22,MFSL,164.08200073242188,171.85000610351562,173.89999389648438,166.25,170.0,215549
2013-08-23,MFSL,163.65234375,171.39999389648438,173.4499969482422,167.0500030517578,171.60000610351562,254504
2013-08-26,MFSL,162.36337280273438,170.0500030517578,171.64999389648438,168.25,170.0,71758
2013-08-27,MFSL,160.40603637695312,168.0,170.0,160.5,169.85000610351562,222440
2013-08-28,MFSL,156.7777862548828,164.1999969482422,166.25,159.0500030517578,166.0,182857
2013-08-29,MFSL,156.92103576660156,164.35000610351562,169.6999969482422,162.25,163.0,340509
2013-08-30,MFSL,154.19984436035156,161.5,167.9499969482422,160.10000610351562,163.0,86427
2013-09-02,MFSL,153.14955139160156,160.39999389648438,162.60000610351562,156.1999969482422,162.25,434589
2013-09-03,MFSL,148.7574920654297,155.8000030517578,160.10000610351562,153.0,160.10000610351562,207441
2013-09-04,MFSL,144.2222137451172,151.0500030517578,157.60000610351562,150.1999969482422,155.8000030517578,794264
2013-09-05,MFSL,146.22726440429688,153.14999389648438,156.39999389648438,152.0500030517578,152.0500030517578,273405
2013-09-06,MFSL,148.9484405517578,156.0,157.60000610351562,152.14999389648438,153.9499969482422,693574
2013-09-10,MFSL,152.967529296875,157.9499969482422,158.5,154.5,155.0,301498
2013-09-11,MFSL,157.42245483398438,162.5500030517578,181.89999389648438,156.10000610351562,157.89999389648438,1694902
2013-09-12,MFSL,155.38868713378906,160.4499969482422,166.0,159.4499969482422,162.0,434732
2013-09-13,MFSL,159.11724853515625,164.3000030517578,170.9499969482422,160.10000610351562,160.10000610351562,274772
2013-09-16,MFSL,165.7511444091797,171.14999389648438,173.39999389648438,164.0,164.0,190093
2013-09-17,MFSL,166.6227569580078,172.0500030517578,174.6999969482422,167.5,172.0,65309
2013-09-18,MFSL,170.3029022216797,175.85000610351562,176.89999389648438,169.3000030517578,170.0500030517578,145562
2013-09-19,MFSL,186.42767333984375,192.5,199.8000030517578,173.0,176.14999389648438,500777
2013-09-20,MFSL,175.72622680664062,181.4499969482422,190.25,176.64999389648438,190.25,311737
2013-09-23,MFSL,177.13050842285156,182.89999389648438,186.89999389648438,178.0500030517578,180.0,52735
2013-09-24,MFSL,178.7769012451172,184.60000610351562,188.89999389648438,183.0,185.89999389648438,55835
2013-09-25,MFSL,179.6484832763672,185.5,187.85000610351562,181.10000610351562,186.85000610351562,139241
2013-09-26,MFSL,182.9896697998047,188.9499969482422,190.5,183.39999389648438,185.0,111987
2013-09-27,MFSL,180.42327880859375,186.3000030517578,189.0,184.60000610351562,185.60000610351562,51231
2013-09-30,MFSL,185.7981719970703,191.85000610351562,193.39999389648438,182.5,185.10000610351562,80971
2013-10-01,MFSL,182.74755859375,188.6999969482422,193.0500030517578,186.5,190.25,36822
2013-10-03,MFSL,182.0211944580078,187.9499969482422,192.10000610351562,187.0,187.0,21992
2013-10-04,MFSL,177.9052734375,183.6999969482422,189.10000610351562,182.85000610351562,185.14999389648438,70759
2013-10-07,MFSL,178.97056579589844,184.8000030517578,186.64999389648438,181.25,181.25,80566
2013-10-08,MFSL,180.03587341308594,185.89999389648438,189.89999389648438,185.0,189.89999389648438,224258
2013-10-09,MFSL,187.83192443847656,193.9499969482422,195.39999389648438,183.9499969482422,184.0,255350
2013-10-10,MFSL,186.96034240722656,193.0500030517578,197.39999389648438,190.0,194.0,53862
2013-10-11,MFSL,183.37705993652344,189.35000610351562,194.9499969482422,188.1999969482422,192.0500030517578,233490
2013-10-14,MFSL,184.82974243164062,190.85000610351562,196.0,187.5500030517578,191.5,266247
2013-10-15,MFSL,182.40858459472656,188.35000610351562,194.8000030517578,187.3000030517578,193.75,33902
2013-10-17,MFSL,183.95809936523438,189.9499969482422,193.8000030517578,189.0,190.4499969482422,139789
2013-10-18,MFSL,181.58538818359375,187.5,191.9499969482422,183.3000030517578,191.9499969482422,108297
2013-10-21,MFSL,180.95591735839844,186.85000610351562,191.9499969482422,185.5,191.9499969482422,49512
2013-10-22,MFSL,180.90748596191406,186.8000030517578,189.1999969482422,186.0,186.3000030517578,21804
2013-10-23,MFSL,179.6484832763672,185.5,189.85000610351562,183.5,189.85000610351562,439929
2013-10-24,MFSL,179.79376220703125,185.64999389648438,188.10000610351562,183.39999389648438,187.64999389648438,60232
2013-10-25,MFSL,178.48635864257812,184.3000030517578,190.0,183.5,188.0,237769
2013-10-28,MFSL,179.01901245117188,184.85000610351562,190.60000610351562,182.1999969482422,186.4499969482422,120683
2013-10-29,MFSL,181.19801330566406,187.10000610351562,188.1999969482422,182.75,188.1999969482422,42238
2013-10-30,MFSL,183.86126708984375,189.85000610351562,191.0,188.0,189.89999389648438,185782
2013-10-31,MFSL,183.0380859375,189.0,190.4499969482422,187.10000610351562,187.9499969482422,162210
2013-11-01,MFSL,182.55386352539062,188.5,190.8000030517578,185.5500030517578,190.4499969482422,79076
2013-11-05,MFSL,187.68667602539062,193.8000030517578,196.0,188.5,191.9499969482422,236981
2013-11-06,MFSL,187.9772186279297,194.10000610351562,195.8000030517578,193.14999389648438,195.0,173637
2013-11-07,MFSL,187.1055908203125,193.1999969482422,196.75,190.5500030517578,196.75,127093
2013-11-08,MFSL,183.86126708984375,189.85000610351562,192.89999389648438,185.0,192.89999389648438,835621
2013-11-11,MFSL,180.32640075683594,186.1999969482422,191.9499969482422,185.0,191.9499969482422,353099
2013-11-12,MFSL,184.05496215820312,190.0500030517578,193.39999389648438,184.14999389648438,185.0,510997
2013-11-13,MFSL,182.50543212890625,188.4499969482422,190.5,183.1999969482422,190.5,140696
2013-11-14,MFSL,194.22373962402344,200.5500030517578,204.10000610351562,188.39999389648438,190.0,668999
2013-11-18,MFSL,196.4995880126953,202.89999389648438,209.85000610351562,198.0,204.8000030517578,449043
2013-11-19,MFSL,196.4995880126953,202.89999389648438,206.75,198.0,206.75,407024
2013-11-20,MFSL,201.63241577148438,208.1999969482422,212.4499969482422,202.5500030517578,204.60000610351562,732715
2013-11-21,MFSL,195.08718872070312,199.6999969482422,214.39999389648438,197.3000030517578,206.5,248369
2013-11-22,MFSL,196.1617889404297,200.8000030517578,203.85000610351562,195.60000610351562,199.0500030517578,118851
2013-11-25,MFSL,206.51695251464844,211.39999389648438,213.9499969482422,201.0500030517578,201.0500030517578,217855
2013-11-26,MFSL,205.1981201171875,210.0500030517578,213.0,207.75,213.0,188933
2013-11-27,MFSL,207.98228454589844,212.89999389648438,218.0,209.75,213.0,361296
2013-11-28,MFSL,209.1545867919922,214.10000610351562,216.8000030517578,213.25,215.9499969482422,653449
2013-11-29,MFSL,205.24697875976562,210.10000610351562,216.0,207.3000030517578,214.25,86919
2013-12-02,MFSL,206.46810913085938,211.35000610351562,216.0,208.25,213.39999389648438,72651
2013-12-03,MFSL,209.25225830078125,214.1999969482422,216.0,210.1999969482422,213.60000610351562,159049
2013-12-04,MFSL,205.49119567871094,210.35000610351562,216.9499969482422,210.0,216.9499969482422,22908
2013-12-05,MFSL,208.5684356689453,213.5,221.5,211.0,215.0,317147
2013-12-06,MFSL,207.1030731201172,212.0,216.5,211.0500030517578,216.5,240307
2013-12-09,MFSL,199.0924835205078,203.8000030517578,219.0,199.64999389648438,219.0,941959
2013-12-10,MFSL,201.09515380859375,205.85000610351562,207.8000030517578,200.64999389648438,205.0,76241
2013-12-11,MFSL,202.41395568847656,207.1999969482422,208.0,202.60000610351562,202.60000610351562,132130
2013-12-12,MFSL,203.24432373046875,208.0500030517578,210.89999389648438,205.0,210.89999389648438,22767
2013-12-13,MFSL,203.19546508789062,208.0,210.89999389648438,205.6999969482422,210.89999389648438,353626
2013-12-16,MFSL,200.26478576660156,205.0,211.0500030517578,202.60000610351562,211.0500030517578,32908
2013-12-17,MFSL,198.11558532714844,202.8000030517578,209.0,201.0,209.0,420429
2013-12-18,MFSL,196.357177734375,201.0,202.5,199.1999969482422,201.0,1121986
2013-12-19,MFSL,192.5472412109375,197.10000610351562,204.6999969482422,196.35000610351562,204.0,44465
2013-12-20,MFSL,195.4291229248047,200.0500030517578,201.64999389648438,197.0,201.5,111671
2013-12-23,MFSL,195.81985473632812,200.4499969482422,203.8000030517578,198.75,201.39999389648438,402010
2013-12-24,MFSL,200.5089874267578,205.25,207.0,200.64999389648438,203.64999389648438,93860
2013-12-26,MFSL,203.04893493652344,207.85000610351562,210.0,206.0,206.0,143012
2013-12-27,MFSL,206.22386169433594,211.10000610351562,214.39999389648438,206.0,206.0,116254
2013-12-30,MFSL,209.8872528076172,214.85000610351562,216.4499969482422,211.4499969482422,215.3000030517578,357477
2013-12-31,MFSL,211.15719604492188,216.14999389648438,220.0,213.0500030517578,216.85000610351562,35642
2014-01-01,MFSL,210.81529235839844,215.8000030517578,217.75,212.0,215.9499969482422,11514
2014-01-02,MFSL,211.6945037841797,216.6999969482422,222.5,214.0,218.9499969482422,213702
2014-01-03,MFSL,210.03378295898438,215.0,218.8000030517578,214.0500030517578,218.8000030517578,46925
2014-01-06,MFSL,202.70700073242188,207.5,214.14999389648438,205.3000030517578,212.25,48900
2014-01-07,MFSL,203.73277282714844,208.5500030517578,210.0,205.1999969482422,205.1999969482422,38582
2014-01-08,MFSL,203.0977783203125,207.89999389648438,210.0,206.6999969482422,209.9499969482422,122567
2014-01-09,MFSL,198.50633239746094,203.1999969482422,209.64999389648438,201.0500030517578,209.64999389648438,49953
2014-01-10,MFSL,194.59872436523438,199.1999969482422,205.9499969482422,196.35000610351562,205.9499969482422,325011
2014-01-13,MFSL,192.88914489746094,197.4499969482422,202.9499969482422,197.0,197.4499969482422,200193
2014-01-14,MFSL,187.71157836914062,192.14999389648438,201.5,190.85000610351562,196.25,128114
2014-01-15,MFSL,206.41925048828125,211.3000030517578,215.25,190.5,190.5,312287
2014-01-16,MFSL,197.4317626953125,202.10000610351562,212.39999389648438,200.5,212.0,151349
2014-01-17,MFSL,193.03570556640625,197.60000610351562,206.0,196.3000030517578,204.8000030517578,116509
2014-01-20,MFSL,193.67068481445312,198.25,201.4499969482422,196.0,198.3000030517578,52025
2014-01-21,MFSL,193.13339233398438,197.6999969482422,203.0,196.3000030517578,202.0,47200
2014-01-22,MFSL,194.35450744628906,198.9499969482422,201.89999389648438,198.0,201.8000030517578,147361
2014-01-23,MFSL,192.69378662109375,197.25,199.0,196.0500030517578,199.0,16889
2014-01-24,MFSL,190.49575805664062,195.0,199.85000610351562,193.5,199.85000610351562,16590
2014-01-27,MFSL,188.49310302734375,192.9499969482422,197.5,191.1999969482422,192.10000610351562,31274
2014-01-28,MFSL,187.02774047851562,191.4499969482422,196.0,190.60000610351562,191.0500030517578,117144
2014-01-29,MFSL,186.78350830078125,191.1999969482422,194.60000610351562,190.5500030517578,194.0,45300
2014-01-30,MFSL,185.6601104736328,190.0500030517578,193.89999389648438,189.0,189.0,16393
2014-01-31,MFSL,185.56239318847656,189.9499969482422,193.75,189.1999969482422,193.0,65175
2014-02-03,MFSL,183.55975341796875,187.89999389648438,196.0,187.0500030517578,188.8000030517578,34283
2014-02-04,MFSL,184.5854949951172,188.9499969482422,189.89999389648438,185.39999389648438,186.0,41096
2014-02-05,MFSL,183.55975341796875,187.89999389648438,191.9499969482422,186.0500030517578,188.9499969482422,113209
2014-02-06,MFSL,183.41322326660156,187.75,189.9499969482422,186.1999969482422,189.0,33535
2014-02-07,MFSL,183.2178497314453,187.5500030517578,191.0,186.39999389648438,187.60000610351562,86437
2014-02-10,MFSL,179.40792846679688,183.64999389648438,189.10000610351562,181.9499969482422,186.0500030517578,55933
2014-02-11,MFSL,180.09176635742188,184.35000610351562,186.0,180.8000030517578,182.60000610351562,104847
2014-02-12,MFSL,182.33860778808594,186.64999389648438,188.39999389648438,182.10000610351562,186.89999389648438,113486
2014-02-13,MFSL,181.70362854003906,186.0,192.0,185.0,192.0,156015
2014-02-14,MFSL,180.62905883789062,184.89999389648438,187.5500030517578,183.25,185.0,118828
2014-02-17,MFSL,178.96832275390625,183.1999969482422,187.0,183.0,184.89999389648438,30863
2014-02-18,MFSL,178.2356414794922,182.4499969482422,185.0,180.64999389648438,182.10000610351562,93703
2014-02-19,MFSL,175.64683532714844,179.8000030517578,183.6999969482422,178.0500030517578,182.0,456486
2014-02-20,MFSL,175.59800720214844,179.75,181.0,177.10000610351562,179.9499969482422,60231
2014-02-21,MFSL,177.6006622314453,181.8000030517578,183.39999389648438,180.8000030517578,182.0,131539
2014-02-24,MFSL,175.7445526123047,179.89999389648438,185.0,179.0,180.0,597596
2014-02-25,MFSL,178.18679809570312,182.39999389648438,183.89999389648438,179.60000610351562,183.89999389648438,413438
2014-02-26,MFSL,187.07659912109375,191.5,197.10000610351562,180.35000610351562,181.0,1230263
2014-02-28,MFSL,188.004638671875,192.4499969482422,195.3000030517578,190.5,193.89999389648438,81368
2014-03-03,MFSL,185.61123657226562,190.0,194.39999389648438,188.5,194.39999389648438,38151
2014-03-04,MFSL,185.6601104736328,190.0500030517578,192.0,186.1999969482422,190.0,100290
2014-03-05,MFSL,184.43896484375,188.8000030517578,193.0500030517578,186.25,190.0500030517578,47949
2014-03-06,MFSL,191.47265625,196.0,198.4499969482422,187.6999969482422,188.0,106802
2014-03-07,MFSL,189.32347106933594,193.8000030517578,197.0,190.0500030517578,197.0,185294
2014-03-10,MFSL,186.09970092773438,190.5,193.3000030517578,188.5,190.3000030517578,135359
2014-03-11,MFSL,187.56504821777344,192.0,196.0,189.9499969482422,189.9499969482422,475066
2014-03-12,MFSL,186.44163513183594,190.85000610351562,193.4499969482422,189.6999969482422,190.85000610351562,55590
2014-03-13,MFSL,192.25418090820312,196.8000030517578,201.89999389648438,191.39999389648438,192.9499969482422,388040
2014-03-14,MFSL,194.06143188476562,198.64999389648438,217.0,196.60000610351562,198.0,937558
2014-03-18,MFSL,199.239013671875,203.9499969482422,204.89999389648438,199.0,199.0,220594
2014-03-19,MFSL,194.1591339111328,198.75,205.8000030517578,197.5500030517578,205.0,121744
2014-03-20,MFSL,194.7452850341797,199.35000610351562,202.4499969482422,197.60000610351562,198.75,74775
2014-03-21,MFSL,195.86871337890625,200.5,203.75,196.6999969482422,200.0,132746
2014-03-24,MFSL,195.28256225585938,199.89999389648438,201.64999389648438,198.10000610351562,201.3000030517578,124080
2014-03-25,MFSL,196.1129150390625,200.75,205.0,197.8000030517578,198.0,119060
2014-03-26,MFSL,203.29315185546875,208.10000610351562,209.5,199.89999389648438,200.0,188591
2014-03-27,MFSL,200.94857788085938,205.6999969482422,211.85000610351562,203.0,208.4499969482422,85439
2014-03-28,MFSL,200.26478576660156,205.0,211.89999389648438,204.0,205.6999969482422,84040
2014-03-31,MFSL,203.24432373046875,208.0500030517578,211.5,205.0,205.35000610351562,167466
2014-04-01,MFSL,201.6812744140625,206.4499969482422,208.35000610351562,205.0,207.14999389648438,45774
2014-04-02,MFSL,200.94857788085938,205.6999969482422,207.8000030517578,203.0,206.0500030517578,88416
2014-04-03,MFSL,198.79942321777344,203.5,207.9499969482422,201.75,207.5,68501
2014-04-04,MFSL,195.91754150390625,200.5500030517578,204.75,200.0500030517578,201.0500030517578,334645
2014-04-07,MFSL,196.25946044921875,200.89999389648438,204.0500030517578,199.0,200.8000030517578,645280
2014-04-09,MFSL,196.01524353027344,200.64999389648438,202.89999389648438,198.10000610351562,202.85000610351562,379470
2014-04-10,MFSL,205.83309936523438,210.6999969482422,212.39999389648438,198.0,203.89999389648438,147767
2014-04-11,MFSL,207.5426788330078,212.4499969482422,219.0,210.60000610351562,216.8000030517578,338153
2014-04-15,MFSL,203.83045959472656,208.64999389648438,213.8000030517578,205.0,212.8000030517578,142532
2014-04-16,MFSL,198.35983276367188,203.0500030517578,212.60000610351562,200.60000610351562,209.89999389648438,96796
2014-04-17,MFSL,205.1981201171875,210.0500030517578,213.0,202.35000610351562,203.0500030517578,355918
2014-04-21,MFSL,208.0311279296875,212.9499969482422,214.89999389648438,210.0,210.0,60456
2014-04-22,MFSL,205.49119567871094,210.35000610351562,215.0,209.0,212.9499969482422,77633
2014-04-23,MFSL,205.14927673339844,210.0,212.25,208.0,212.25,1276330
2014-04-24,MFSL,205.14927673339844,210.0,210.0,210.0,210.0,0
2014-04-25,MFSL,210.66876220703125,215.64999389648438,219.0,208.1999969482422,208.1999969482422,224239
2014-04-28,MFSL,207.15194702148438,212.0500030517578,215.64999389648438,210.3000030517578,212.5500030517578,205415
2014-04-29,MFSL,205.1981201171875,210.0500030517578,216.0,207.0,214.0,695212
2014-04-30,MFSL,208.7637939453125,213.6999969482422,215.0,210.0500030517578,210.0500030517578,312059
2014-05-02,MFSL,209.93609619140625,214.89999389648438,217.0,211.89999389648438,217.0,120275
2014-05-05,MFSL,219.41204833984375,224.60000610351562,231.60000610351562,212.85000610351562,212.85000610351562,644349
2014-05-06,MFSL,220.92620849609375,226.14999389648438,229.5500030517578,221.75,225.8000030517578,176652
2014-05-07,MFSL,232.40481567382812,237.89999389648438,240.89999389648438,224.0,226.14999389648438,325417
2014-05-08,MFSL,223.95462036132812,229.25,244.60000610351562,227.8000030517578,239.0,277087
2014-05-09,MFSL,223.80809020996094,229.10000610351562,234.39999389648438,225.10000610351562,231.0,134597
2014-05-12,MFSL,214.9182891845703,220.0,227.4499969482422,216.9499969482422,225.10000610351562,1099577
2014-05-13,MFSL,217.0186309814453,222.14999389648438,224.5,218.3000030517578,223.9499969482422,338111
2014-05-14,MFSL,217.45823669433594,222.60000610351562,224.0,214.0,222.14999389648438,1258294
2014-05-15,MFSL,220.53546142578125,225.75,227.0,219.89999389648438,224.1999969482422,96065
2014-05-16,MFSL,232.30712890625,237.8000030517578,239.0,227.0,232.0,195907
2014-05-19,MFSL,239.04774475097656,244.6999969482422,245.0,235.39999389648438,235.39999389648438,414521
2014-05-20,MFSL,255.3619842529297,261.3999938964844,275.0,244.35000610351562,246.0,489320
2014-05-21,MFSL,253.2616424560547,259.25,266.70001220703125,253.3000030517578,261.79998779296875,135413
2014-05-22,MFSL,252.6266632080078,258.6000061035156,266.8500061035156,257.0,259.70001220703125,151695
2014-05-23,MFSL,247.791015625,253.64999389648438,259.95001220703125,250.25,259.29998779296875,164124
2014-05-26,MFSL,242.51576232910156,248.25,268.79998779296875,246.0,254.0,336386
2014-05-27,MFSL,234.84707641601562,240.39999389648438,253.85000610351562,230.3000030517578,248.60000610351562,214747
2014-05-28,MFSL,241.73423767089844,247.4499969482422,255.0,240.75,240.75,64292
2014-05-29,MFSL,237.19163513183594,242.8000030517578,251.64999389648438,232.25,245.0,112796
2014-05-30,MFSL,257.5600280761719,263.6499938964844,267.54998779296875,242.39999389648438,242.39999389648438,449095
2014-06-02,MFSL,283.8875732421875,290.6000061035156,295.5,256.0,264.0,1314084
2014-06-03,MFSL,292.826171875,299.75,311.8999938964844,294.45001220703125,294.45001220703125,1131715
2014-06-04,MFSL,318.3232727050781,325.8500061035156,346.79998779296875,295.5,302.70001220703125,2156615
2014-06-05,MFSL,297.857177734375,304.8999938964844,330.25,302.0,328.45001220703125,1872537
2014-06-06,MFSL,307.1866455078125,314.45001220703125,319.0,311.0,311.1000061035156,779996
2014-06-09,MFSL,301.37408447265625,308.5,319.0,305.0,316.0,630353
2014-06-10,MFSL,305.72125244140625,312.95001220703125,318.0,309.25,311.0,520337
2014-06-11,MFSL,300.5436706542969,307.6499938964844,320.0,305.0,315.0,380431
2014-06-12,MFSL,301.5205993652344,308.6499938964844,316.3999938964844,300.04998779296875,300.29998779296875,276800
2014-06-13,MFSL,293.510009765625,300.45001220703125,315.75,295.54998779296875,305.70001220703125,293737
2014-06-16,MFSL,291.45849609375,298.3500061035156,302.0,291.25,297.45001220703125,110872
2014-06-17,MFSL,298.443359375,305.5,313.04998779296875,298.04998779296875,298.04998779296875,429320
2014-06-18,MFSL,289.0650634765625,295.8999938964844,311.0,293.3999938964844,308.45001220703125,217270
2014-06-19,MFSL,303.3766784667969,310.54998779296875,317.79998779296875,294.5,296.1499938964844,1295052
2014-06-20,MFSL,296.8314514160156,303.8500061035156,320.0,302.0,317.5,848732
2014-06-23,MFSL,295.17071533203125,302.1499938964844,306.79998779296875,301.0,304.0,175276
2014-06-24,MFSL,291.3119812011719,298.20001220703125,309.0,296.29998779296875,302.1499938964844,277106
2014-06-25,MFSL,287.0624084472656,293.8500061035156,301.29998779296875,292.0,298.3999938964844,185593
2014-06-26,MFSL,284.52252197265625,291.25,295.8999938964844,290.0,295.0,144568
2014-06-27,MFSL,283.15484619140625,289.8500061035156,295.5,280.3500061035156,290.0,522863
2014-06-30,MFSL,281.5917663574219,288.25,299.0,286.20001220703125,290.0,854345
2014-07-01,MFSL,288.6743469238281,295.5,296.0,288.25,288.25,388924
2014-07-02,MFSL,287.4532165527344,294.25,297.3500061035156,291.3500061035156,295.20001220703125,230516
2014-07-03,MFSL,287.7951354980469,294.6000061035156,299.75,292.29998779296875,292.29998779296875,371857
2014-07-04,MFSL,287.2578125,294.04998779296875,303.04998779296875,291.04998779296875,292.54998779296875,637588
2014-07-07,MFSL,300.9344177246094,308.04998779296875,310.0,294.54998779296875,294.54998779296875,929914
2014-07-08,MFSL,292.826171875,299.75,318.0,288.70001220703125,314.29998779296875,1544955
2014-07-09,MFSL,287.843994140625,294.6499938964844,317.0,291.0,299.0,898290
2014-07-10,MFSL,290.23736572265625,297.1000061035156,307.29998779296875,285.04998779296875,299.6499938964844,4204244
2014-07-11,MFSL,297.95489501953125,305.0,318.3999938964844,297.0,300.0,1931575
2014-07-14,MFSL,297.2221984863281,304.25,311.1000061035156,297.3500061035156,306.0,508251
2014-07-15,MFSL,297.90606689453125,304.95001220703125,310.3500061035156,302.1499938964844,306.0,467094
2014-07-16,MFSL,302.1067199707031,309.25,314.0,304.70001220703125,306.45001220703125,544304
2014-07-17,MFSL,313.8295593261719,321.25,325.3999938964844,307.1000061035156,307.1000061035156,1145726
2014-07-18,MFSL,309.28692626953125,316.6000061035156,320.95001220703125,315.0,319.0,355039
2014-07-21,MFSL,313.38995361328125,320.79998779296875,326.0,318.0,319.5,585591
2014-07-22,MFSL,309.5312194824219,316.8500061035156,326.79998779296875,315.0,321.70001220703125,694037
2014-07-23,MFSL,312.5107116699219,319.8999938964844,330.0,315.25,330.0,1006084
2014-07-24,MFSL,314.659912109375,322.1000061035156,334.8999938964844,315.20001220703125,321.6499938964844,2781402
2014-07-25,MFSL,313.7807312011719,321.20001220703125,323.0,314.5,322.95001220703125,537192
2014-07-28,MFSL,308.4077453613281,315.70001220703125,323.0,314.1000061035156,321.8999938964844,254895
2014-07-30,MFSL,309.4823303222656,316.79998779296875,318.8999938964844,304.25,314.95001220703125,311078
2014-07-31,MFSL,299.81097412109375,306.8999938964844,316.0,304.20001220703125,315.0,332609
2014-08-01,MFSL,295.7568664550781,302.75,308.0,300.45001220703125,303.79998779296875,747606
2014-08-04,MFSL,292.5331115722656,299.45001220703125,305.04998779296875,298.0,302.0,475790
2014-08-05,MFSL,297.857177734375,304.8999938964844,312.5,296.95001220703125,297.54998779296875,607467
2014-08-06,MFSL,299.71331787109375,306.79998779296875,312.0,304.1499938964844,305.5,305633
2014-08-07,MFSL,298.5898742675781,305.6499938964844,311.70001220703125,300.29998779296875,309.3999938964844,748264
2014-08-08,MFSL,296.6849365234375,303.70001220703125,305.5,302.0,302.1000061035156,173332
2014-08-11,MFSL,294.4869079589844,301.45001220703125,307.0,299.8999938964844,301.6000061035156,397877
2014-08-12,MFSL,296.7337646484375,303.75,306.70001220703125,299.6499938964844,300.0,848527
2014-08-13,MFSL,292.5331115722656,299.45001220703125,306.0,293.29998779296875,306.0,650815
2014-08-14,MFSL,306.209716796875,313.45001220703125,322.70001220703125,291.5,297.04998779296875,793869
2014-08-18,MFSL,307.7239074707031,315.0,316.6499938964844,305.70001220703125,310.6000061035156,408685
2014-08-19,MFSL,305.2328186035156,312.45001220703125,315.95001220703125,309.6000061035156,315.0,181204
2014-08-20,MFSL,304.5001525878906,311.70001220703125,315.0,308.0,308.04998779296875,158694
2014-08-21,MFSL,302.3509521484375,309.5,313.79998779296875,307.54998779296875,309.1000061035156,142398
2014-08-22,MFSL,306.45391845703125,313.70001220703125,319.0,309.0,309.1000061035156,447926
2014-08-25,MFSL,316.90679931640625,324.3999938964844,328.0,314.1499938964844,318.0,434565
2014-08-26,MFSL,322.0354919433594,329.6499938964844,333.0,326.04998779296875,327.95001220703125,748487
2014-08-27,MFSL,322.32861328125,329.95001220703125,331.79998779296875,321.25,330.0,305442
2014-08-28,MFSL,317.98138427734375,325.5,329.8999938964844,321.0,327.1499938964844,299728
2014-09-01,MFSL,322.9147033691406,330.54998779296875,332.0,323.54998779296875,323.54998779296875,811994
2014-09-02,MFSL,332.5860595703125,340.45001220703125,352.0,328.1499938964844,328.1499938964844,1196505
2014-09-03,MFSL,328.53192138671875,336.29998779296875,343.3500061035156,332.5,338.1499938964844,394894
2014-09-04,MFSL,330.4368591308594,338.25,341.79998779296875,330.0,334.0,393533
2014-09-05,MFSL,331.02301025390625,338.8500061035156,342.75,335.04998779296875,335.04998779296875,437229
2014-09-08,MFSL,354.5174560546875,362.8999938964844,373.0,334.20001220703125,340.0,651877
2014-09-09,MFSL,353.49176025390625,361.8500061035156,369.8999938964844,356.1000061035156,364.8999938964844,499135
2014-09-10,MFSL,353.8336486816406,362.20001220703125,362.95001220703125,357.1499938964844,360.1000061035156,140080
2014-09-11,MFSL,351.09832763671875,359.3999938964844,367.0,345.04998779296875,364.70001220703125,450522
2014-09-12,MFSL,351.73651123046875,358.25,362.0,350.0,354.1499938964844,153862
2014-09-15,MFSL,351.3437805175781,357.8500061035156,360.0,350.04998779296875,356.0,99137
2014-09-16,MFSL,339.66015625,345.95001220703125,358.95001220703125,340.0,355.20001220703125,106051
2014-09-17,MFSL,333.03289794921875,339.20001220703125,347.79998779296875,330.0,347.0,216607
2014-09-18,MFSL,346.97467041015625,353.3999938964844,357.0,336.0,341.0,181325
2014-09-19,MFSL,349.8710632324219,356.3500061035156,359.8999938964844,350.0,355.0,121461
2014-09-22,MFSL,348.20196533203125,354.6499938964844,366.0,353.1000061035156,361.0,296274
2014-09-23,MFSL,343.9310302734375,350.29998779296875,360.3999938964844,348.8999938964844,353.0,167588
2014-09-24,MFSL,327.9273986816406,334.0,354.6499938964844,329.0,349.0,310318
2014-09-25,MFSL,328.123779296875,334.20001220703125,339.0,327.1000061035156,333.0,202664
2014-09-26,MFSL,322.3310241699219,328.29998779296875,334.20001220703125,318.0,334.20001220703125,356748
2014-09-29,MFSL,322.1346740722656,328.1000061035156,337.95001220703125,327.0,327.0,63967
2014-09-30,MFSL,314.1328430175781,319.95001220703125,331.79998779296875,315.54998779296875,328.0,164034
2014-10-01,MFSL,310.8928527832031,316.6499938964844,322.75,315.0,317.0,547294
2014-10-07,MFSL,312.26739501953125,318.04998779296875,319.95001220703125,315.0,315.0,374455
2014-10-08,MFSL,312.3165283203125,318.1000061035156,323.0,315.0,316.25,149208
2014-10-09,MFSL,313.5437927246094,319.3500061035156,321.0,315.04998779296875,318.04998779296875,597862
2014-10-10,MFSL,313.6910095214844,319.5,327.5,316.25,317.5,76448
2014-10-13,MFSL,308.5855712890625,314.29998779296875,327.0,306.29998779296875,317.1000061035156,351705
2014-10-14,MFSL,310.64739990234375,316.3999938964844,319.45001220703125,312.1000061035156,312.1000061035156,46983
2014-10-15,MFSL,310.64739990234375,316.3999938964844,316.3999938964844,316.3999938964844,316.3999938964844,0
2014-10-16,MFSL,309.2728576660156,315.0,318.0,312.20001220703125,312.20001220703125,235654
2014-10-17,MFSL,315.31103515625,321.1499938964844,324.1499938964844,309.0,312.6499938964844,150455
2014-10-20,MFSL,317.8147277832031,323.70001220703125,340.0,318.70001220703125,325.0,271945
2014-10-21,MFSL,318.8946533203125,324.79998779296875,328.8500061035156,323.0,324.0,71475
2014-10-22,MFSL,315.36016845703125,321.20001220703125,330.0,315.25,329.0,317442
2014-10-27,MFSL,319.5328674316406,325.45001220703125,339.0,320.54998779296875,325.5,110714
2014-10-28,MFSL,321.9383239746094,327.8999938964844,333.70001220703125,324.95001220703125,327.0,166768
2014-10-29,MFSL,345.30560302734375,351.70001220703125,354.0,328.6000061035156,329.1000061035156,356418
2014-10-30,MFSL,341.0837707519531,347.3999938964844,352.75,330.0,330.0,1102895
2014-10-31,MFSL,348.54559326171875,355.0,357.29998779296875,344.0,344.0,307135
2014-11-03,MFSL,358.314697265625,364.95001220703125,371.8999938964844,355.0,355.0,180535
2014-11-05,MFSL,389.8310546875,397.04998779296875,404.0,360.0,370.0,1035803
2014-11-07,MFSL,396.5565185546875,403.8999938964844,413.0,385.25,397.0,471050
2014-11-10,MFSL,388.9474182128906,396.1499938964844,408.3500061035156,386.20001220703125,406.8999938964844,307440
2014-11-11,MFSL,413.3946838378906,421.04998779296875,425.95001220703125,395.3999938964844,397.5,573470
2014-11-12,MFSL,429.9383239746094,437.8999938964844,442.79998779296875,423.79998779296875,424.70001220703125,717844
2014-11-13,MFSL,397.1456298828125,404.5,442.3500061035156,400.0,434.70001220703125,837317
2014-11-14,MFSL,403.77288818359375,411.25,415.29998779296875,404.20001220703125,407.0,284954
2014-11-17,MFSL,397.0474548339844,404.3999938964844,420.8999938964844,403.0,416.0,342299
2014-11-18,MFSL,398.1274719238281,405.5,409.0,402.70001220703125,407.0,307671
2014-11-19,MFSL,399.01104736328125,406.3999938964844,414.0,403.04998779296875,405.45001220703125,190273
2014-11-20,MFSL,395.6238098144531,402.95001220703125,413.75,398.0,409.0,223370
2014-11-21,MFSL,390.66558837890625,397.8999938964844,404.5,394.0,404.0,202761
2014-11-24,MFSL,390.8128967285156,398.04998779296875,402.0,393.0,401.0,159371
2014-11-25,MFSL,375.88653564453125,379.0,394.1000061035156,375.0,394.1000061035156,304934
2014-11-26,MFSL,372.1673278808594,375.25,383.95001220703125,373.0,376.0,148275
2014-11-27,MFSL,377.3246154785156,380.45001220703125,383.8999938964844,372.0,372.0,261110
2014-11-28,MFSL,362.3982238769531,365.3999938964844,384.79998779296875,361.25,377.04998779296875,465333
2014-12-01,MFSL,372.56402587890625,375.6499938964844,379.70001220703125,362.04998779296875,362.04998779296875,184050
2014-12-02,MFSL,370.38214111328125,373.45001220703125,378.3500061035156,369.3500061035156,372.0,57455
2014-12-03,MFSL,395.0775451660156,398.3500061035156,407.79998779296875,376.1000061035156,376.1000061035156,1056177
2014-12-04,MFSL,396.6148376464844,399.8999938964844,406.8999938964844,395.70001220703125,406.0,318768
2014-12-05,MFSL,392.5981140136719,395.8500061035156,402.70001220703125,394.0,402.70001220703125,130536
2014-12-08,MFSL,381.6388854980469,384.79998779296875,403.0,379.0,402.0,451425
2014-12-09,MFSL,385.110107421875,388.29998779296875,402.0,384.1499938964844,397.79998779296875,519446
2014-12-10,MFSL,403.6565246582031,407.0,424.0,391.1000061035156,392.0,2659351
2014-12-11,MFSL,396.1685485839844,399.45001220703125,413.25,396.20001220703125,408.1499938964844,802947
2014-12-12,MFSL,382.3331298828125,385.5,404.45001220703125,382.1000061035156,401.0,459113
2014-12-15,MFSL,388.9781188964844,392.20001220703125,396.95001220703125,377.0,385.5,399603
2014-12-16,MFSL,365.32403564453125,368.3500061035156,391.25,362.1000061035156,389.45001220703125,418205
2014-12-17,MFSL,358.7286682128906,361.70001220703125,375.95001220703125,357.8500061035156,365.0,296468
2014-12-18,MFSL,364.67938232421875,367.70001220703125,384.0,363.1000061035156,368.54998779296875,267993
2014-12-19,MFSL,367.0100402832031,370.04998779296875,377.79998779296875,368.0,373.0,320301
2014-12-22,MFSL,375.53936767578125,378.6499938964844,388.0,371.20001220703125,371.20001220703125,535071
2014-12-23,MFSL,377.3246154785156,380.45001220703125,388.0,369.5,379.0,463489
2014-12-24,MFSL,384.2671203613281,387.45001220703125,400.0,375.25,379.04998779296875,1502283
2014-12-26,MFSL,379.1593933105469,382.29998779296875,390.8500061035156,378.1000061035156,388.0,475607
2014-12-29,MFSL,381.9859924316406,385.1499938964844,388.79998779296875,380.1000061035156,380.1000061035156,223128
2014-12-30,MFSL,384.3663024902344,387.54998779296875,391.0,383.1000061035156,388.8999938964844,206838
2014-12-31,MFSL,392.7468566894531,396.0,398.6499938964844,385.0,387.0,353419
2015-01-01,MFSL,387.6391906738281,390.8500061035156,397.8999938964844,389.20001220703125,397.5,75762
2015-01-02,MFSL,384.31671142578125,387.5,395.29998779296875,386.04998779296875,392.3999938964844,119076
2015-01-05,MFSL,389.9202880859375,393.1499938964844,415.6000061035156,385.20001220703125,385.20001220703125,1717309
2015-01-06,MFSL,381.78765869140625,384.95001220703125,395.79998779296875,383.0,391.0,473381
2015-01-07,MFSL,382.8290100097656,386.0,393.3999938964844,381.20001220703125,387.79998779296875,181727
2015-01-08,MFSL,387.09368896484375,390.29998779296875,394.79998779296875,388.8999938964844,388.8999938964844,258021
2015-01-09,MFSL,388.7797546386719,392.0,395.0,388.3999938964844,392.95001220703125,263367
2015-01-12,MFSL,393.49072265625,396.75,406.0,384.1499938964844,390.1499938964844,551774
2015-01-13,MFSL,401.7720947265625,405.1000061035156,408.0,396.0,396.0,293186
2015-01-14,MFSL,404.4499206542969,407.79998779296875,423.95001220703125,405.6000061035156,420.20001220703125,726041
2015-01-15,MFSL,396.8627624511719,400.1499938964844,411.8999938964844,399.0,411.8999938964844,190030
2015-01-16,MFSL,402.763916015625,406.1000061035156,409.0,400.8999938964844,401.1000061035156,125772
2015-01-19,MFSL,400.9786682128906,404.29998779296875,411.79998779296875,401.0,406.1000061035156,407987
2015-01-20,MFSL,414.61572265625,418.04998779296875,425.3999938964844,405.04998779296875,405.8999938964844,890214
2015-01-21,MFSL,423.7897644042969,427.29998779296875,428.95001220703125,415.95001220703125,420.0,984509
2015-01-22,MFSL,417.9878234863281,421.45001220703125,428.95001220703125,420.0,428.95001220703125,359354
2015-01-23,MFSL,450.3199768066406,454.04998779296875,469.8999938964844,423.04998779296875,424.95001220703125,3098152
2015-01-27,MFSL,488.2061767578125,492.25,505.8999938964844,463.0,463.3999938964844,6453544
2015-01-28,MFSL,494.1568908691406,498.25,521.8499755859375,492.6000061035156,496.20001220703125,2666279
2015-01-29,MFSL,481.6108093261719,485.6000061035156,501.3500061035156,479.6000061035156,499.0,672099
2015-01-30,MFSL,470.65155029296875,474.54998779296875,488.0,468.1000061035156,485.8999938964844,717638
2015-02-02,MFSL,495.24786376953125,499.3500061035156,511.0,472.95001220703125,473.75,1231942
2015-02-03,MFSL,494.9007568359375,499.0,521.0,480.0,502.79998779296875,1418347
2015-02-04,MFSL,500.6034851074219,504.75,509.0,495.0,499.1000061035156,833228
2015-02-05,MFSL,481.263671875,485.25,519.9000244140625,477.3500061035156,500.1000061035156,696040
2015-02-06,MFSL,467.1307373046875,471.0,488.6000061035156,462.04998779296875,480.8500061035156,466121
2015-02-09,MFSL,453.44415283203125,457.20001220703125,469.0,451.5,469.0,409929
2015-02-10,MFSL,455.7252197265625,459.5,474.8999938964844,447.5,454.0,305765
2015-02-11,MFSL,464.7008361816406,468.54998779296875,477.75,460.0,461.0,403781
2015-02-12,MFSL,453.54327392578125,457.29998779296875,477.70001220703125,452.25,470.5,533827
2015-02-13,MFSL,468.0233459472656,471.8999938964844,485.0,468.25,470.1000061035156,634352
2015-02-16,MFSL,465.4447021484375,469.29998779296875,478.8999938964844,467.1000061035156,475.75,154244
2015-02-18,MFSL,467.5770568847656,471.45001220703125,479.95001220703125,468.0,471.0,202555
2015-02-19,MFSL,460.93206787109375,464.75,473.45001220703125,462.54998779296875,472.8999938964844,121975
2015-02-20,MFSL,457.5600280761719,461.3500061035156,483.20001220703125,457.04998779296875,465.0,583983
2015-02-23,MFSL,450.865478515625,454.6000061035156,475.54998779296875,449.0,464.8999938964844,354855
2015-02-24,MFSL,444.02215576171875,447.70001220703125,457.95001220703125,440.0,454.79998779296875,322858
2015-02-25,MFSL,436.1870422363281,439.79998779296875,453.70001220703125,433.0,446.20001220703125,586293
2015-02-26,MFSL,437.5259704589844,441.1499938964844,453.0,436.3500061035156,445.0,268287
2015-02-27,MFSL,436.6829528808594,440.29998779296875,450.20001220703125,436.25,444.95001220703125,294719
2015-03-02,MFSL,466.43646240234375,470.29998779296875,478.1000061035156,465.1000061035156,470.0,667863
2015-03-03,MFSL,470.0565185546875,473.95001220703125,485.5,471.1499938964844,473.45001220703125,730359
2015-03-04,MFSL,461.57672119140625,465.3999938964844,477.0,462.6000061035156,475.1499938964844,324334
2015-03-05,MFSL,464.5520935058594,468.3999938964844,473.95001220703125,459.0,468.8999938964844,343830
2015-03-09,MFSL,456.41949462890625,460.20001220703125,471.8999938964844,455.6499938964844,460.6000061035156,262668
2015-03-10,MFSL,451.7580871582031,455.5,464.95001220703125,455.0,461.8999938964844,127594
2015-03-11,MFSL,460.03948974609375,463.8500061035156,471.29998779296875,450.25,457.0,246950
2015-03-12,MFSL,484.6853332519531,488.70001220703125,514.0,483.5,484.0,2291312
2015-03-13,MFSL,465.94061279296875,469.79998779296875,519.7000122070312,460.25,516.0,4542136
2015-03-16,MFSL,453.2457275390625,457.0,475.0,454.1499938964844,475.0,599975
2015-03-17,MFSL,454.8326110839844,458.6000061035156,464.3999938964844,453.8500061035156,461.0,547182
2015-03-18,MFSL,450.7167053222656,454.45001220703125,460.0,451.6499938964844,459.95001220703125,293884
2015-03-19,MFSL,455.923583984375,459.70001220703125,463.8999938964844,455.1000061035156,459.0,390252
2015-03-20,MFSL,441.542724609375,445.20001220703125,458.0,440.0,458.0,313606
2015-03-23,MFSL,441.989013671875,445.6499938964844,455.0,440.0,448.0,242770
2015-03-24,MFSL,434.74896240234375,438.3500061035156,444.95001220703125,437.04998779296875,444.8999938964844,155392
2015-03-25,MFSL,434.3522644042969,437.95001220703125,447.8999938964844,437.0,440.1000061035156,233725
2015-03-26,MFSL,441.1955871582031,444.8500061035156,451.0,432.5,436.8999938964844,340222
2015-03-27,MFSL,432.0215759277344,435.6000061035156,452.0,427.0,448.0,314986
2015-03-30,MFSL,441.8898010253906,445.54998779296875,449.5,430.29998779296875,437.0,300928
2015-03-31,MFSL,427.707275390625,431.25,451.0,423.25,447.95001220703125,594163
2015-04-01,MFSL,446.0057373046875,449.70001220703125,453.5,431.5,431.6000061035156,694070
2015-04-06,MFSL,454.7334289550781,458.5,462.8999938964844,450.0,452.0,363222
2015-04-07,MFSL,463.114013671875,466.95001220703125,471.95001220703125,457.0,460.75,232346
2015-04-08,MFSL,465.94061279296875,469.79998779296875,472.8999938964844,462.1499938964844,469.79998779296875,210753
2015-04-09,MFSL,484.1398620605469,488.1499938964844,492.0,471.3999938964844,479.0,796639
2015-04-10,MFSL,486.1234130859375,490.1499938964844,499.95001220703125,487.1000061035156,497.8999938964844,746017
2015-04-13,MFSL,479.180908203125,483.1499938964844,491.5,462.0,491.5,213897
2015-04-15,MFSL,475.9576416015625,479.8999938964844,491.8500061035156,474.0,478.5,168767
2015-04-16,MFSL,475.8088684082031,479.75,483.0,476.29998779296875,480.04998779296875,170650
2015-04-17,MFSL,460.0890808105469,463.8999938964844,480.0,461.3999938964844,480.0,149543
2015-04-20,MFSL,442.5840759277344,446.25,466.20001220703125,438.0,465.1000061035156,242527
2015-04-21,MFSL,434.55059814453125,438.1499938964844,447.5,436.1000061035156,444.0,280985
2015-04-22,MFSL,434.7985534667969,438.3999938964844,446.3999938964844,434.0,437.5,456595
2015-04-23,MFSL,434.451416015625,438.04998779296875,444.0,432.0,438.8999938964844,201260
2015-04-24,MFSL,422.2029113769531,425.70001220703125,439.0,424.0,438.0,269338
2015-04-27,MFSL,406.135986328125,409.5,425.70001220703125,404.29998779296875,425.5,843820
2015-04-28,MFSL,424.4344177246094,427.95001220703125,436.0,407.04998779296875,410.0,185415
2015-04-29,MFSL,423.6905822753906,427.20001220703125,429.1000061035156,419.0,427.3500061035156,90474
2015-04-30,MFSL,424.7815246582031,428.29998779296875,433.75,405.79998779296875,429.8999938964844,84261
2015-05-04,MFSL,451.3613586425781,455.1000061035156,458.3999938964844,426.1000061035156,432.0,243413
2015-05-05,MFSL,437.0300598144531,440.6499938964844,457.3500061035156,439.0,452.3500061035156,91193
2015-05-06,MFSL,421.4094543457031,424.8999938964844,441.5,421.25,441.5,166320
2015-05-07,MFSL,426.2691955566406,429.79998779296875,444.70001220703125,423.0,423.0,352905
2015-05-08,MFSL,420.6656188964844,424.1499938964844,434.25,421.29998779296875,432.0,146934
2015-05-11,MFSL,419.673828125,423.1499938964844,433.5,420.25,425.3500061035156,140904
2015-05-12,MFSL,423.3434753417969,426.8500061035156,433.45001220703125,419.5,426.6499938964844,205043
2015-05-13,MFSL,430.1867370605469,433.75,437.8999938964844,426.54998779296875,429.0,190385
2015-05-14,MFSL,450.6175231933594,454.3500061035156,478.0,429.75,433.8999938964844,728828
2015-05-15,MFSL,444.2701110839844,447.95001220703125,459.25,445.75,457.20001220703125,86043
2015-05-18,MFSL,448.2868347167969,452.0,464.79998779296875,445.0,449.8999938964844,176920
2015-05-19,MFSL,464.2049560546875,468.04998779296875,470.70001220703125,446.1499938964844,452.0,202892
2015-05-20,MFSL,464.4033203125,468.25,472.0,460.3500061035156,465.6499938964844,168846
2015-05-21,MFSL,455.17974853515625,458.95001220703125,470.45001220703125,456.0,468.70001220703125,83143
2015-05-22,MFSL,452.3531494140625,456.1000061035156,469.5,451.6000061035156,465.75,172364
2015-05-25,MFSL,470.2548522949219,474.1499938964844,476.25,456.0,457.0,273899
2015-05-26,MFSL,461.3783874511719,465.20001220703125,478.79998779296875,462.1000061035156,478.04998779296875,184232
2015-05-27,MFSL,476.3543395996094,480.29998779296875,485.0,458.29998779296875,464.0,1082733
2015-05-28,MFSL,469.01513671875,472.8999938964844,482.0,465.1000061035156,479.8999938964844,255844
2015-05-29,MFSL,465.94061279296875,469.79998779296875,482.0,465.20001220703125,474.95001220703125,316940
2015-06-01,MFSL,484.09027099609375,488.1000061035156,490.0,465.5,470.29998779296875,359863
2015-06-02,MFSL,480.8173522949219,484.79998779296875,498.8500061035156,481.0,489.0,445210
2015-06-03,MFSL,481.6603698730469,485.6499938964844,508.3999938964844,475.1000061035156,484.70001220703125,604467
2015-06-04,MFSL,473.5773620605469,477.5,483.79998779296875,465.1000061035156,479.8999938964844,246668
2015-06-05,MFSL,482.94970703125,486.95001220703125,493.0,469.04998779296875,470.0,194853
2015-06-08,MFSL,479.03216552734375,483.0,485.0,474.70001220703125,483.1000061035156,164996
2015-06-09,MFSL,479.5280456542969,483.5,488.5,478.1499938964844,481.0,323385
2015-06-10,MFSL,480.51983642578125,484.5,487.8999938964844,478.1000061035156,480.1000061035156,119594
2015-06-11,MFSL,477.4453125,481.3999938964844,489.0,479.5,484.5,181004
2015-06-12,MFSL,463.3619689941406,467.20001220703125,481.20001220703125,464.0,479.0,269640
2015-06-15,MFSL,465.2463684082031,469.1000061035156,478.25,462.0,467.20001220703125,334115
2015-06-16,MFSL,476.602294921875,480.54998779296875,483.70001220703125,463.1000061035156,472.8999938964844,107986
2015-06-17,MFSL,480.2718811035156,484.25,487.04998779296875,475.95001220703125,481.29998779296875,174233
2015-06-18,MFSL,479.180908203125,483.1499938964844,488.70001220703125,481.1000061035156,482.0,83279
2015-06-19,MFSL,480.5694274902344,484.54998779296875,486.8500061035156,476.0,485.1499938964844,120103
2015-06-22,MFSL,485.42919921875,489.45001220703125,491.0,484.6000061035156,485.0,154274
2015-06-23,MFSL,485.6275329589844,489.6499938964844,493.0,486.0,492.8999938964844,110296
2015-06-24,MFSL,485.2803955078125,489.29998779296875,491.0,486.0,489.6499938964844,248852
2015-06-25,MFSL,492.7684020996094,496.8500061035156,501.0,486.75,491.8999938964844,381334
2015-06-26,MFSL,482.7513427734375,486.75,496.6499938964844,481.25,492.3999938964844,181254
2015-06-29,MFSL,485.37957763671875,489.3999938964844,493.0,469.6499938964844,481.8999938964844,134771
2015-06-30,MFSL,479.23052978515625,483.20001220703125,491.45001220703125,480.0,490.0,282608
2015-07-01,MFSL,482.05706787109375,486.04998779296875,487.5,480.0,480.0,90721
2015-07-02,MFSL,485.0820617675781,489.1000061035156,507.70001220703125,486.8999938964844,489.0,195820
2015-07-03,MFSL,499.9092102050781,504.04998779296875,509.0,486.04998779296875,489.5,217697
2015-07-06,MFSL,512.9016723632812,517.1500244140625,545.0,492.0,492.0,627876
2015-07-07,MFSL,502.339111328125,506.5,521.3499755859375,502.6000061035156,516.0,174406
2015-07-08,MFSL,488.4045715332031,492.45001220703125,516.5,486.3500061035156,499.0,305590
2015-07-09,MFSL,485.77630615234375,489.79998779296875,504.95001220703125,486.04998779296875,496.0,162112
2015-07-10,MFSL,491.2807312011719,495.3500061035156,498.8999938964844,486.1499938964844,490.3500061035156,101101
2015-07-13,MFSL,491.47906494140625,495.54998779296875,503.54998779296875,492.75,496.0,102837
2015-07-14,MFSL,492.5700378417969,496.6499938964844,500.0,494.8500061035156,498.0,97958
2015-07-15,MFSL,509.9758605957031,514.2000122070312,517.9000244140625,496.6499938964844,496.6499938964844,225333
2015-07-16,MFSL,525.596435546875,529.9500122070312,537.0,515.0,516.0,389554
2015-07-17,MFSL,532.2910766601562,536.7000122070312,543.9000244140625,520.0,530.0999755859375,186082
2015-07-20,MFSL,535.1176147460938,539.5499877929688,544.4000244140625,518.2999877929688,536.0,193106
2015-07-21,MFSL,525.4972534179688,529.8499755859375,548.0,525.0999755859375,536.0,168134
2015-07-22,MFSL,543.1014404296875,547.5999755859375,553.9000244140625,521.5499877929688,521.5499877929688,343444
2015-07-23,MFSL,534.8696899414062,539.2999877929688,549.4000244140625,532.5,548.0,255019
2015-07-24,MFSL,538.4401245117188,542.9000244140625,545.0,536.9500122070312,539.0,188342
2015-07-27,MFSL,532.4397583007812,536.8499755859375,547.4000244140625,535.0,543.0,82331
2015-07-28,MFSL,524.654296875,529.0,547.7000122070312,521.6500244140625,540.0,198342
2015-07-29,MFSL,539.1839599609375,543.6500244140625,547.9500122070312,532.7000122070312,532.9000244140625,144995
2015-07-30,MFSL,548.209228515625,552.75,564.7999877929688,542.0999755859375,543.7000122070312,518439
2015-07-31,MFSL,544.3411865234375,548.8499755859375,561.9500122070312,545.4500122070312,557.0,84086
2015-08-03,MFSL,558.0774536132812,562.7000122070312,563.9500122070312,536.9500122070312,545.0999755859375,134449
2015-08-04,MFSL,556.4906005859375,561.0999755859375,569.5,555.0999755859375,563.9500122070312,111433
2015-08-05,MFSL,563.2843017578125,567.9500122070312,575.9500122070312,557.0999755859375,557.0999755859375,297550
2015-08-06,MFSL,562.5404663085938,567.2000122070312,575.0,561.0999755859375,568.0,165869
2015-08-07,MFSL,561.895751953125,566.5499877929688,575.9500122070312,556.0,573.5,151208
2015-08-10,MFSL,550.9365844726562,555.5,569.8499755859375,553.0999755859375,566.0499877929688,96801
2015-08-11,MFSL,557.531982421875,562.1500244140625,571.0,556.3499755859375,557.5,129643
2015-08-12,MFSL,551.630859375,556.2000122070312,572.2999877929688,543.0999755859375,568.0,277660
2015-08-13,MFSL,549.1513671875,553.7000122070312,570.0,535.0,551.0,195046
2015-08-14,MFSL,558.6724853515625,563.2999877929688,569.5,550.0,550.0,209580
2015-08-17,MFSL,559.5155029296875,564.1500244140625,568.3499755859375,552.0,567.0,140993
2015-08-18,MFSL,551.680419921875,556.25,568.0,552.0,568.0,238081
2015-08-19,MFSL,544.8370971679688,549.3499755859375,559.9500122070312,544.2000122070312,552.9000244140625,293572
2015-08-20,MFSL,539.630126953125,544.0999755859375,557.9500122070312,541.0,545.0,109367
2015-08-21,MFSL,539.5310668945312,544.0,548.9500122070312,533.0,539.7999877929688,165544
2015-08-24,MFSL,509.4303894042969,513.6500244140625,534.5,472.0,534.5,383442
2015-08-25,MFSL,510.0750427246094,514.2999877929688,534.0,496.79998779296875,509.0,380133
2015-08-26,MFSL,494.1568908691406,498.25,521.0,489.0,510.0,197281
2015-08-27,MFSL,501.64483642578125,505.79998779296875,515.0,497.25,509.3999938964844,120952
2015-08-28,MFSL,500.0580139160156,504.20001220703125,518.0999755859375,499.0,505.5,111123
2015-08-31,MFSL,496.7355041503906,500.8500061035156,509.0,495.6000061035156,497.5,142436
2015-09-01,MFSL,482.3050231933594,486.29998779296875,504.8500061035156,479.0,500.8500061035156,104849
2015-09-02,MFSL,487.4127502441406,491.45001220703125,502.0,485.0,495.0,341046
2015-09-03,MFSL,505.16571044921875,509.3500061035156,513.3499755859375,486.79998779296875,489.0,293737
2015-09-04,MFSL,498.66949462890625,502.79998779296875,509.5,495.79998779296875,509.0,105130
2015-09-07,MFSL,485.8754577636719,489.8999938964844,505.0,484.04998779296875,500.0,120900
2015-09-08,MFSL,481.36285400390625,485.3500061035156,492.75,473.0,487.6000061035156,194377
2015-09-09,MFSL,504.8681640625,509.04998779296875,515.0499877929688,486.04998779296875,490.0,114803
2015-09-10,MFSL,502.1903381347656,506.3500061035156,508.8999938964844,495.0,503.0,137823
2015-09-11,MFSL,502.7854309082031,506.95001220703125,516.25,503.5,507.95001220703125,81501
2015-09-14,MFSL,502.6366271972656,506.79998779296875,512.5,499.5,512.5,179320
2015-09-15,MFSL,492.10296630859375,495.20001220703125,510.1000061035156,490.3500061035156,500.1000061035156,977127
2015-09-16,MFSL,495.7301330566406,498.8500061035156,502.45001220703125,492.5,501.0,684466
2015-09-18,MFSL,491.9042053222656,495.0,505.0,489.5,500.0,429957
2015-09-21,MFSL,520.17626953125,523.4500122070312,525.0,491.04998779296875,491.04998779296875,738015
2015-09-22,MFSL,525.8406372070312,529.1500244140625,537.0,507.1000061035156,521.0,409775
2015-09-23,MFSL,516.151611328125,519.4000244140625,537.9000244140625,513.4500122070312,528.7000122070312,630236
2015-09-24,MFSL,502.5372619628906,505.70001220703125,518.0,502.5,518.0,422743
2015-09-28,MFSL,506.3135070800781,509.5,525.0,508.0,522.0,146388
2015-09-29,MFSL,508.1519470214844,511.3500061035156,513.0499877929688,495.5,504.0,185959
2015-09-30,MFSL,508.59912109375,511.79998779296875,515.0,505.5,512.0,153531
2015-10-01,MFSL,513.3193969726562,516.5499877929688,518.9500122070312,507.0,513.1500244140625,101592
2015-10-05,MFSL,521.0706176757812,524.3499755859375,528.0,513.2000122070312,513.5999755859375,283930
2015-10-06,MFSL,512.1766357421875,515.4000244140625,523.9500122070312,509.6499938964844,523.0,103926
2015-10-07,MFSL,522.4121704101562,525.7000122070312,526.9500122070312,515.0499877929688,519.0499877929688,391360
2015-10-08,MFSL,523.45556640625,526.75,527.9500122070312,515.5,526.0,74009
2015-10-09,MFSL,511.2325439453125,514.4500122070312,527.9500122070312,511.5,522.25,228577
2015-10-12,MFSL,521.4681396484375,524.75,527.0,514.4500122070312,514.4500122070312,159564
2015-10-13,MFSL,523.3562622070312,526.6500244140625,531.9500122070312,517.2999877929688,524.0,167281
2015-10-14,MFSL,536.8214721679688,540.2000122070312,557.7999877929688,521.2999877929688,528.9500122070312,424230
2015-10-15,MFSL,544.2249755859375,547.6500244140625,554.9500122070312,523.75,542.0,422490
2015-10-16,MFSL,531.7036743164062,535.0499877929688,552.75,531.7999877929688,550.0,230959
2015-10-19,MFSL,535.976806640625,539.3499755859375,544.0,534.0,535.0,321792
2015-10-20,MFSL,543.827392578125,547.25,550.0,534.0999755859375,534.0999755859375,314230
2015-10-21,MFSL,540.5977783203125,544.0,550.0,541.7000122070312,548.0,82416
2015-10-23,MFSL,524.200927734375,527.5,571.0,522.7000122070312,549.0,499981
2015-10-26,MFSL,531.107421875,534.4500122070312,537.6500244140625,527.0,533.0,112296
2015-10-27,MFSL,527.082763671875,530.4000244140625,537.5999755859375,528.75,531.75,121491
2015-10-28,MFSL,525.4927978515625,528.7999877929688,545.0,525.0999755859375,529.0,76674
2015-10-29,MFSL,524.4990844726562,527.7999877929688,535.0,525.2000122070312,534.8499755859375,74318
2015-10-30,MFSL,525.9400024414062,529.25,535.0,526.0,527.9500122070312,347906
2015-11-02,MFSL,529.1199951171875,532.4500122070312,542.0,520.2000122070312,529.25,56907
2015-11-03,MFSL,526.4865112304688,529.7999877929688,537.5,522.4500122070312,532.0999755859375,457039
2015-11-04,MFSL,526.089111328125,529.4000244140625,534.6500244140625,526.0,530.0499877929688,90162
2015-11-05,MFSL,522.7599487304688,526.0499877929688,529.9500122070312,522.5999755859375,529.0,38002
2015-11-06,MFSL,528.9212646484375,532.25,538.7000122070312,525.0,527.7000122070312,45588
2015-11-09,MFSL,525.34375,528.6500244140625,533.0,509.0,527.25,50639
2015-11-10,MFSL,517.989990234375,521.25,528.6500244140625,520.0,528.6500244140625,325125
2015-11-13,MFSL,528.2752685546875,531.5999755859375,534.4500122070312,518.0499877929688,527.7999877929688,57600
2015-11-16,MFSL,535.4302368164062,538.7999877929688,544.7999877929688,527.9000244140625,531.5499877929688,75968
2015-11-17,MFSL,546.1626586914062,549.5999755859375,554.7999877929688,536.0499877929688,540.0999755859375,839574
2015-11-18,MFSL,559.9261474609375,563.4500122070312,569.0,545.0499877929688,554.0,554741
2015-11-19,MFSL,574.0326538085938,575.7999877929688,580.9500122070312,553.0999755859375,563.4500122070312,516430
2015-11-20,MFSL,574.7803344726562,576.5499877929688,586.0,567.0,579.0,429385
2015-11-23,MFSL,554.044189453125,555.75,570.0,551.0,570.0,259224
2015-11-24,MFSL,540.38623046875,542.0499877929688,566.0,539.0,565.0,271926
2015-11-26,MFSL,539.4391479492188,541.0999755859375,545.5999755859375,532.0,540.0499877929688,178509
2015-11-27,MFSL,538.9906005859375,540.6500244140625,549.0,536.1500244140625,548.7000122070312,77869
2015-11-30,MFSL,526.080322265625,527.7000122070312,544.0,523.2000122070312,539.5999755859375,199998
2015-12-01,MFSL,533.35791015625,535.0,537.0,528.0,533.4500122070312,73488
2015-12-02,MFSL,530.1178588867188,531.75,541.2999877929688,528.0999755859375,535.0,115260
2015-12-03,MFSL,537.7444458007812,539.4000244140625,543.25,528.2999877929688,529.0,140900
2015-12-04,MFSL,536.2490234375,537.9000244140625,540.9000244140625,534.0499877929688,535.0,163780
2015-12-07,MFSL,532.4108276367188,534.0499877929688,538.0,530.0,535.0,81413
2015-12-08,MFSL,526.6286010742188,528.25,534.5499877929688,522.4000244140625,531.0,84962
2015-12-09,MFSL,513.5189819335938,515.0999755859375,528.0499877929688,511.6499938964844,525.0,161415
2015-12-10,MFSL,505.2943115234375,506.8500061035156,518.9000244140625,502.0,516.3499755859375,85908
2015-12-11,MFSL,489.54278564453125,491.04998779296875,506.8500061035156,484.1000061035156,506.8500061035156,379176
2015-12-14,MFSL,485.30584716796875,486.79998779296875,489.0,480.0,480.0,664471
2015-12-15,MFSL,485.3556823730469,486.8500061035156,488.5,481.25,488.0,336693
2015-12-16,MFSL,480.3211669921875,481.79998779296875,492.0,480.0,492.0,221319
2015-12-17,MFSL,498.66473388671875,500.20001220703125,505.6000061035156,482.0,486.0,482619
2015-12-18,MFSL,498.66473388671875,500.20001220703125,508.0,496.0,496.0,366666
2015-12-21,MFSL,497.96685791015625,499.5,502.8500061035156,494.45001220703125,498.95001220703125,77683
2015-12-22,MFSL,497.8671569824219,499.3999938964844,502.6499938964844,497.0,502.6499938964844,65782
2015-12-23,MFSL,498.26593017578125,499.79998779296875,504.95001220703125,498.20001220703125,501.79998779296875,292312
2015-12-24,MFSL,494.77667236328125,496.29998779296875,501.8500061035156,487.5,499.79998779296875,138101
2015-12-28,MFSL,512.3724975585938,513.9500122070312,530.0,507.0,515.0,1138269
2015-12-29,MFSL,507.0389404296875,508.6000061035156,517.3499755859375,505.0,514.0,256572
2015-12-30,MFSL,500.01055908203125,501.54998779296875,513.9000244140625,499.95001220703125,506.5,223418
2015-12-31,MFSL,506.341064453125,507.8999938964844,514.7000122070312,500.04998779296875,502.79998779296875,187080
2016-01-01,MFSL,522.2421264648438,523.8499755859375,528.0,504.1499938964844,508.3999938964844,278353
2016-01-04,MFSL,515.91162109375,517.5,524.0,513.5,524.0,380217
2016-01-05,MFSL,512.6217651367188,514.2000122070312,519.9000244140625,505.54998779296875,517.5,278635
2016-01-06,MFSL,508.43463134765625,510.0,515.0,507.29998779296875,514.0,350303
2016-01-07,MFSL,498.8641052246094,500.3999938964844,507.5,489.0,507.0,408156
2016-01-08,MFSL,488.5458679199219,490.04998779296875,503.3500061035156,487.5,497.04998779296875,233769
2016-01-11,MFSL,475.43621826171875,476.8999938964844,487.0,472.04998779296875,487.0,236906
2016-01-12,MFSL,467.6601867675781,469.1000061035156,481.0,465.0,480.0,213406
2016-01-13,MFSL,459.13641357421875,460.54998779296875,476.0,445.1000061035156,476.0,308348
2016-01-14,MFSL,478.1279602050781,479.6000061035156,488.45001220703125,446.1000061035156,456.0,503340
2016-01-15,MFSL,476.7820739746094,478.25,495.0,466.0,487.8999938964844,1543797
2016-01-18,MFSL,447.4723205566406,448.8500061035156,486.95001220703125,443.0,482.0,292065
2016-01-19,MFSL,457.24224853515625,458.6499938964844,465.6000061035156,445.8500061035156,451.5,347829
2016-01-20,MFSL,445.17938232421875,446.54998779296875,464.70001220703125,441.5,455.0,599347
2016-01-21,MFSL,453.7031555175781,455.1000061035156,463.0,451.1000061035156,451.1000061035156,806028
2016-01-22,MFSL,458.2890319824219,459.70001220703125,463.29998779296875,453.1499938964844,459.3999938964844,2195648
2016-01-25,MFSL,470.1524963378906,471.6000061035156,480.0,463.1499938964844,469.0,759662
2016-01-27,MFSL,347.530029296875,348.6000061035156,348.6000061035156,332.0,332.0,20503
2016-01-28,MFSL,364.6772155761719,365.79998779296875,366.0,351.0,366.0,89141
2016-01-29,MFSL,364.5775451660156,365.70001220703125,369.0,347.54998779296875,353.20001220703125,48143
2016-02-01,MFSL,370.01080322265625,371.1499938964844,377.3999938964844,352.8999938964844,375.0,46105
2016-02-02,MFSL,370.0606689453125,371.20001220703125,380.0,356.1000061035156,377.8500061035156,59106
2016-02-03,MFSL,357.1005859375,358.20001220703125,371.0,352.6499938964844,357.1000061035156,64208
2016-02-04,MFSL,360.7393798828125,361.8500061035156,366.5,350.1000061035156,362.6000061035156,80931
2016-02-05,MFSL,365.275390625,366.3999938964844,372.0,350.1000061035156,356.3500061035156,241720
2016-02-08,MFSL,368.3160400390625,369.45001220703125,373.95001220703125,360.6499938964844,369.79998779296875,43992
2016-02-09,MFSL,359.5928955078125,360.70001220703125,368.0,356.0,360.6000061035156,140897
2016-02-10,MFSL,358.9947509765625,360.1000061035156,368.95001220703125,337.0,368.95001220703125,194582
2016-02-11,MFSL,331.1305236816406,332.1499938964844,356.0,325.0,351.04998779296875,100166
2016-02-12,MFSL,313.6842346191406,314.6499938964844,349.0,311.04998779296875,311.04998779296875,127474
2016-02-15,MFSL,328.28924560546875,329.29998779296875,337.0,316.0,316.0,70757
2016-02-16,MFSL,329.2363586425781,330.25,339.0,317.79998779296875,329.29998779296875,61061
2016-02-17,MFSL,345.0875549316406,346.1499938964844,350.95001220703125,327.6000061035156,331.0,106629
2016-02-18,MFSL,344.1404724121094,345.20001220703125,387.70001220703125,340.29998779296875,354.0,424194
2016-02-19,MFSL,345.187255859375,346.25,350.04998779296875,336.0,340.0,67885
2016-02-22,MFSL,345.6358642578125,346.70001220703125,355.0,343.1499938964844,352.0,86825
2016-02-23,MFSL,337.3114929199219,338.3500061035156,347.8999938964844,329.0,347.8999938964844,84756
2016-02-24,MFSL,323.5039978027344,324.5,339.20001220703125,320.0,332.54998779296875,123262
2016-02-25,MFSL,310.892822265625,311.8500061035156,323.54998779296875,302.79998779296875,320.6000061035156,441824
2016-02-26,MFSL,326.0960388183594,327.1000061035156,330.75,310.54998779296875,323.0,71492
2016-02-29,MFSL,335.3674621582031,336.3999938964844,343.6000061035156,315.6000061035156,323.8500061035156,80703
2016-03-01,MFSL,324.1520080566406,325.1499938964844,339.8999938964844,324.0,336.5,61922
2016-03-02,MFSL,328.1895751953125,329.20001220703125,344.95001220703125,327.0,331.0,111006
2016-03-03,MFSL,320.7126159667969,321.70001220703125,332.04998779296875,320.29998779296875,332.0,81493
2016-03-04,MFSL,320.41351318359375,321.3999938964844,332.0,320.0,323.0,33074
2016-03-08,MFSL,313.28546142578125,314.25,328.8999938964844,311.5,322.0,66713
2016-03-09,MFSL,314.2823791503906,315.25,327.0,311.0,317.25,61955
2016-03-10,MFSL,329.4357604980469,330.45001220703125,337.0,312.25,320.8500061035156,147885
2016-03-11,MFSL,333.22406005859375,334.25,337.0,327.8500061035156,331.95001220703125,135207
2016-03-14,MFSL,336.6136169433594,337.6499938964844,341.6499938964844,331.1000061035156,331.1000061035156,74412
2016-03-15,MFSL,343.54229736328125,344.6000061035156,348.0,332.3999938964844,335.04998779296875,77763
2016-03-16,MFSL,339.10595703125,340.1499938964844,344.8999938964844,335.0,335.0,157433
2016-03-17,MFSL,338.1589050292969,339.20001220703125,346.6000061035156,334.6000061035156,343.95001220703125,83329
2016-03-18,MFSL,332.0277404785156,333.04998779296875,340.0,322.3999938964844,333.29998779296875,86238
2016-03-21,MFSL,328.28924560546875,329.29998779296875,344.0,327.95001220703125,339.95001220703125,92930
2016-03-22,MFSL,328.0400085449219,329.04998779296875,341.75,327.0,335.0,126408
2016-03-23,MFSL,326.7440185546875,327.75,334.3999938964844,325.1000061035156,330.3500061035156,64233
2016-03-28,MFSL,318.81842041015625,319.79998779296875,332.5,315.54998779296875,329.79998779296875,187764
2016-03-29,MFSL,319.8153381347656,320.79998779296875,327.6000061035156,316.29998779296875,324.95001220703125,203686
2016-03-30,MFSL,323.6535339355469,324.6499938964844,328.45001220703125,319.0,319.0,191636
2016-03-31,MFSL,342.9939880371094,344.04998779296875,349.3999938964844,322.0,324.79998779296875,170840
2016-04-01,MFSL,343.84136962890625,344.8999938964844,347.79998779296875,335.95001220703125,341.79998779296875,62766
2016-04-04,MFSL,336.7631530761719,337.79998779296875,346.0,335.5,346.0,229571
2016-04-05,MFSL,339.10595703125,340.1499938964844,343.5,336.0,337.5,43018
2016-04-06,MFSL,344.2401428222656,345.29998779296875,349.0,339.20001220703125,343.70001220703125,31498
2016-04-07,MFSL,347.4303283691406,348.5,356.95001220703125,341.45001220703125,344.1000061035156,587947
2016-04-08,MFSL,340.7010498046875,341.75,351.8999938964844,341.3999938964844,349.1000061035156,36918
2016-04-11,MFSL,344.7386169433594,345.79998779296875,348.0,333.0,341.5,33191
2016-04-12,MFSL,349.62359619140625,350.70001220703125,357.0,345.6000061035156,346.0,114227
2016-04-13,MFSL,352.0162353515625,353.1000061035156,363.79998779296875,350.0,350.75,352685
2016-04-18,MFSL,356.75164794921875,357.8500061035156,364.3999938964844,343.0,343.0,106030
2016-04-20,MFSL,358.5959777832031,359.70001220703125,372.0,354.0,360.20001220703125,103582
2016-04-21,MFSL,359.4931945800781,360.6000061035156,366.0,352.1000061035156,359.95001220703125,70017
2016-04-22,MFSL,371.2071228027344,372.3500061035156,374.25,358.0,362.0,90731
2016-04-25,MFSL,372.30377197265625,373.45001220703125,375.04998779296875,367.0,372.3500061035156,151456
2016-04-26,MFSL,373.5499267578125,374.70001220703125,379.0,370.1000061035156,375.0,132378
2016-04-27,MFSL,366.6212463378906,367.75,374.95001220703125,364.0,373.20001220703125,26019
2016-04-28,MFSL,347.9786376953125,349.04998779296875,368.70001220703125,344.04998779296875,365.04998779296875,253180
2016-04-29,MFSL,364.0791015625,365.20001220703125,367.0,350.45001220703125,354.6499938964844,220550
2016-05-02,MFSL,371.60589599609375,372.75,374.5,358.25,364.95001220703125,131924
2016-05-03,MFSL,368.8643493652344,370.0,376.70001220703125,368.0,371.20001220703125,69278
2016-05-04,MFSL,365.9732360839844,367.1000061035156,372.0,361.0,362.54998779296875,81742
2016-05-05,MFSL,359.7922668457031,360.8999938964844,368.70001220703125,355.95001220703125,368.70001220703125,164701
2016-05-06,MFSL,361.1879577636719,362.29998779296875,370.0,356.3999938964844,360.95001220703125,85194
2016-05-09,MFSL,368.3160400390625,369.45001220703125,370.3500061035156,361.75,367.8500061035156,113391
2016-05-10,MFSL,359.742431640625,360.8500061035156,370.1000061035156,359.45001220703125,367.75,105703
2016-05-11,MFSL,361.6864318847656,362.79998779296875,365.0,358.04998779296875,361.0,150584
2016-05-12,MFSL,368.81451416015625,369.95001220703125,370.04998779296875,364.0,364.95001220703125,176544
2016-05-13,MFSL,372.60284423828125,373.75,377.3999938964844,365.29998779296875,369.95001220703125,209678
2016-05-16,MFSL,381.8244323730469,383.0,390.8500061035156,373.25,375.8500061035156,85947
2016-05-17,MFSL,378.1856384277344,379.3500061035156,386.0,373.29998779296875,383.8999938964844,63931
2016-05-18,MFSL,378.73394775390625,379.8999938964844,380.5,374.0,378.8500061035156,33835
2016-05-19,MFSL,376.24163818359375,377.3999938964844,382.29998779296875,371.95001220703125,382.29998779296875,63214
2016-05-20,MFSL,367.02001953125,368.1499938964844,374.04998779296875,359.95001220703125,370.25,190382
2016-05-23,MFSL,371.406494140625,372.54998779296875,377.0,370.3999938964844,374.6499938964844,173903
2016-05-24,MFSL,379.28228759765625,380.45001220703125,384.45001220703125,370.6000061035156,371.95001220703125,49299
2016-05-25,MFSL,380.9272155761719,382.1000061035156,385.54998779296875,374.79998779296875,383.8500061035156,47073
2016-05-26,MFSL,365.1756896972656,366.29998779296875,379.95001220703125,365.0,377.54998779296875,261917
2016-05-27,MFSL,379.28228759765625,380.45001220703125,382.79998779296875,365.25,368.95001220703125,136266
2016-05-30,MFSL,380.7776794433594,381.95001220703125,382.95001220703125,375.0,379.25,231335
2016-05-31,MFSL,354.9571533203125,356.04998779296875,383.5,345.0,378.0,873463
2016-06-01,MFSL,361.98553466796875,363.1000061035156,376.0,359.1499938964844,369.5,359556
2016-06-02,MFSL,368.7646484375,369.8999938964844,373.0,345.0,366.79998779296875,135859
2016-06-03,MFSL,379.43182373046875,380.6000061035156,382.79998779296875,363.54998779296875,363.54998779296875,210270
2016-06-06,MFSL,397.9747314453125,399.20001220703125,407.0,371.25,375.0,483055
2016-06-07,MFSL,397.575927734375,398.79998779296875,404.95001220703125,391.70001220703125,399.0,480473
2016-06-08,MFSL,423.2967529296875,424.6000061035156,448.0,403.75,404.95001220703125,895813
2016-06-09,MFSL,418.4616394042969,419.75,442.5,415.0,421.0,449065
2016-06-10,MFSL,440.892578125,442.25,454.0,425.70001220703125,425.95001220703125,937363
2016-06-13,MFSL,432.8673095703125,434.20001220703125,467.0,429.95001220703125,440.0,967757
2016-06-14,MFSL,431.7207946777344,433.04998779296875,451.0,429.75,435.79998779296875,316501
2016-06-15,MFSL,433.4156188964844,434.75,443.3500061035156,429.25,436.95001220703125,458141
2016-06-16,MFSL,427.43402099609375,428.75,454.0,425.75,435.29998779296875,1161468
2016-06-17,MFSL,472.3955993652344,473.8500061035156,514.5,456.0,460.0,8217917
2016-06-20,MFSL,498.6148681640625,500.1499938964844,530.0,471.20001220703125,473.75,7609858
2016-06-21,MFSL,503.3004455566406,504.8500061035156,515.0,486.70001220703125,506.0,2182451
2016-06-22,MFSL,502.6524353027344,504.20001220703125,513.0,498.0,509.8999938964844,2467264
2016-06-23,MFSL,504.7459716796875,506.29998779296875,508.70001220703125,496.1000061035156,503.04998779296875,1546484
2016-06-24,MFSL,533.6071166992188,535.25,540.6500244140625,475.04998779296875,480.0,3732927
2016-06-27,MFSL,550.3555297851562,552.0499877929688,564.7000122070312,523.0,535.0,2478506
2016-06-28,MFSL,537.2459716796875,538.9000244140625,553.7000122070312,535.0,545.5,980407
2016-06-29,MFSL,538.8410034179688,540.5,547.4000244140625,528.2000122070312,543.5,761996
2016-06-30,MFSL,531.1148071289062,532.75,544.9000244140625,528.6500244140625,542.0,328768
2016-07-01,MFSL,527.52587890625,529.1500244140625,538.0,523.6500244140625,533.0,428096
2016-07-04,MFSL,527.1270751953125,528.75,535.75,522.25,533.7999877929688,394206
2016-07-05,MFSL,506.9392395019531,508.5,530.9500122070312,423.0,527.75,1351993
2016-07-07,MFSL,496.5711669921875,498.1000061035156,520.9000244140625,492.6000061035156,506.3999938964844,751801
2016-07-08,MFSL,502.851806640625,504.3999938964844,518.0,495.20001220703125,502.6000061035156,781963
2016-07-11,MFSL,503.4499816894531,505.0,524.0999755859375,501.5,513.2999877929688,717670
2016-07-12,MFSL,506.2912292480469,507.8500061035156,515.0,505.1499938964844,507.5,575898
2016-07-13,MFSL,504.4468994140625,506.0,523.0,500.20001220703125,511.3999938964844,2201759
2016-07-14,MFSL,503.05120849609375,504.6000061035156,524.4500122070312,500.0,516.0999755859375,1224820
2016-07-15,MFSL,511.82421875,513.4000244140625,533.9500122070312,502.25,507.0,1482145
2016-07-18,MFSL,504.0979919433594,505.6499938964844,520.0,502.0,513.0,431694
2016-07-19,MFSL,509.88018798828125,511.45001220703125,520.0,502.0,509.20001220703125,2066489
2016-07-20,MFSL,558.2313232421875,559.9500122070312,565.0,509.0,511.0,3237726
2016-07-21,MFSL,554.1937866210938,555.9000244140625,592.4000244140625,548.0,566.7000122070312,2071009
2016-07-22,MFSL,553.5457763671875,555.25,578.4000244140625,551.0,557.9000244140625,841198
2016-07-25,MFSL,583.0548706054688,584.8499755859375,601.0,544.0,558.0,1509478
2016-07-26,MFSL,576.3255615234375,578.0999755859375,594.7000122070312,572.0999755859375,581.9500122070312,901467
2016-07-27,MFSL,591.9774169921875,593.7999877929688,598.0,575.2999877929688,580.0499877929688,659867
2016-07-28,MFSL,587.2420043945312,589.0499877929688,618.0,576.0999755859375,594.0,1130069
2016-07-29,MFSL,578.169921875,579.9500122070312,594.9500122070312,567.0,589.0499877929688,658441
2016-08-01,MFSL,554.592529296875,556.2999877929688,585.4500122070312,551.2000122070312,583.0,634317
2016-08-02,MFSL,530.9154052734375,532.5499877929688,561.9000244140625,523.0,560.0,636881
2016-08-03,MFSL,547.5641479492188,549.25,554.7000122070312,533.6500244140625,536.0,840961
2016-08-04,MFSL,549.0595703125,550.75,569.0,541.0,554.5,840650
2016-08-05,MFSL,549.9069213867188,551.5999755859375,556.1500244140625,476.70001220703125,552.0,691117
2016-08-08,MFSL,540.5358276367188,542.2000122070312,568.4000244140625,538.0999755859375,562.4000244140625,820935
2016-08-09,MFSL,532.3609619140625,534.0,546.7999877929688,511.25,523.0,1813078
2016-08-10,MFSL,515.562744140625,517.1500244140625,540.0,510.0,535.0,880800
2016-08-11,MFSL,509.0826416015625,510.6499938964844,517.0,500.0,512.0,577403
2016-08-12,MFSL,506.1915283203125,507.75,521.0,488.29998779296875,512.4000244140625,1115758
2016-08-16,MFSL,498.9139709472656,500.45001220703125,510.45001220703125,497.79998779296875,507.0,318796
2016-08-17,MFSL,515.2137451171875,516.7999877929688,523.5999755859375,500.0,502.0,409208
2016-08-18,MFSL,505.44384765625,507.0,525.0,505.5,521.9000244140625,1031068
2016-08-19,MFSL,497.4185791015625,498.95001220703125,510.1499938964844,493.25,508.0,1365931
2016-08-22,MFSL,498.81427001953125,500.3500061035156,505.0,492.3500061035156,500.20001220703125,373151
2016-08-23,MFSL,510.7275695800781,512.2999877929688,524.3499755859375,500.70001220703125,502.0,725916
2016-08-24,MFSL,521.9430541992188,523.5499877929688,528.7000122070312,513.0,514.5499877929688,399373
2016-08-25,MFSL,531.8126831054688,533.4500122070312,539.5999755859375,517.0999755859375,521.5999755859375,599266
2016-08-26,MFSL,545.9691162109375,547.6500244140625,551.0,530.3499755859375,535.0,652186
2016-08-29,MFSL,544.9223022460938,546.5999755859375,549.9500122070312,530.2999877929688,545.0,345259
2016-08-30,MFSL,563.61474609375,565.3499755859375,569.4500122070312,546.4000244140625,548.5999755859375,590885
2016-08-31,MFSL,578.0203857421875,579.7999877929688,583.4000244140625,562.4000244140625,568.7999877929688,911811
2016-09-01,MFSL,567.2037353515625,568.9500122070312,580.0,552.7000122070312,580.0,417767
2016-09-02,MFSL,570.294189453125,572.0499877929688,574.75,555.0999755859375,568.9500122070312,253070
2016-09-06,MFSL,593.87158203125,595.7000122070312,604.7999877929688,567.9000244140625,573.5,570890
2016-09-07,MFSL,578.468994140625,580.25,599.75,575.0,597.0,436791
2016-09-08,MFSL,597.2611083984375,599.0999755859375,628.0,582.0,582.0,1380728
2016-09-09,MFSL,592.126953125,593.9500122070312,602.75,582.0,600.0,316996
2016-09-12,MFSL,603.442138671875,605.2999877929688,609.75,581.5499877929688,585.0,537563
2016-09-14,MFSL,604.9375,606.7999877929688,619.6500244140625,602.4000244140625,606.0499877929688,291254
2016-09-15,MFSL,597.5602416992188,599.4000244140625,612.7999877929688,583.0999755859375,603.7000122070312,478466
2016-09-16,MFSL,584.6500244140625,586.4500122070312,606.7999877929688,580.0999755859375,604.5,585602
2016-09-19,MFSL,570.0999755859375,570.0999755859375,584.5999755859375,568.0,575.1500244140625,643819
2016-09-20,MFSL,569.0999755859375,569.0999755859375,577.2000122070312,566.4000244140625,574.0,374039
2016-09-21,MFSL,567.75,567.75,574.0,564.5,569.5,186871
2016-09-22,MFSL,569.0999755859375,569.0999755859375,574.75,566.0999755859375,574.4000244140625,317259
2016-09-23,MFSL,565.5999755859375,565.5999755859375,592.0,564.0,571.75,839516
2016-09-26,MFSL,560.25,560.25,569.5,558.1500244140625,565.7000122070312,663353
2016-09-27,MFSL,552.1500244140625,552.1500244140625,569.7999877929688,550.5,565.0,644953
2016-09-28,MFSL,551.7000122070312,551.7000122070312,563.0,548.2999877929688,549.5,311038
2016-09-29,MFSL,553.9500122070312,553.9500122070312,560.0,536.25,558.7999877929688,524669
2016-09-30,MFSL,555.5999755859375,555.5999755859375,564.0,540.0,548.0999755859375,290786
2016-10-03,MFSL,558.5499877929688,558.5499877929688,564.0,555.0,563.75,351677
2016-10-04,MFSL,558.4000244140625,558.4000244140625,560.0,553.0,558.5999755859375,308422
2016-10-05,MFSL,562.25,562.25,569.1500244140625,553.0,558.5499877929688,493393
2016-10-06,MFSL,555.0999755859375,555.0999755859375,564.0,551.6500244140625,561.0,179105
2016-10-07,MFSL,549.3499755859375,549.3499755859375,556.75,545.3499755859375,554.9000244140625,181694
2016-10-10,MFSL,543.6500244140625,543.6500244140625,552.8499755859375,542.0,549.0,127819
2016-10-13,MFSL,549.9500122070312,549.9500122070312,562.5,537.8499755859375,548.0,350066
2016-10-14,MFSL,553.5,553.5,559.5,548.9500122070312,552.0,188065
2016-10-17,MFSL,538.8499755859375,538.8499755859375,558.0,533.7000122070312,555.0,610149
2016-10-18,MFSL,553.75,553.75,566.5999755859375,542.2000122070312,545.0,2184795
2016-10-19,MFSL,555.5999755859375,555.5999755859375,560.0,551.25,558.5,178953
2016-10-20,MFSL,558.1500244140625,558.1500244140625,562.9000244140625,552.3499755859375,554.0,284291
2016-10-21,MFSL,561.7999877929688,561.7999877929688,573.75,556.6500244140625,558.2000122070312,1666476
2016-10-24,MFSL,558.5499877929688,558.5499877929688,564.7999877929688,554.0,564.7999877929688,108849
2016-10-25,MFSL,555.2999877929688,555.2999877929688,560.0,551.2000122070312,555.0,122347
2016-10-26,MFSL,550.0,550.0,555.0,545.0999755859375,555.0,139126
2016-10-27,MFSL,556.9000244140625,556.9000244140625,560.0,546.0,550.0499877929688,163137
2016-10-28,MFSL,562.7999877929688,562.7999877929688,568.0,548.2999877929688,556.9500122070312,129780
2016-11-01,MFSL,558.2000122070312,558.2000122070312,565.9500122070312,555.0,563.2000122070312,209488
2016-11-02,MFSL,546.8499755859375,546.8499755859375,560.0,541.5499877929688,556.0,115203
2016-11-03,MFSL,540.7000122070312,540.7000122070312,553.0,537.5499877929688,547.0,96904
2016-11-04,MFSL,542.0,542.0,551.5499877929688,522.2000122070312,540.75,275404
2016-11-07,MFSL,551.6500244140625,551.6500244140625,555.0,536.0999755859375,543.0499877929688,120625
2016-11-08,MFSL,565.1500244140625,565.1500244140625,567.7000122070312,550.0499877929688,551.6500244140625,555289
2016-11-09,MFSL,554.9000244140625,554.9000244140625,559.5,520.0,538.0,574309
2016-11-10,MFSL,573.2000122070312,573.2000122070312,580.0,559.8499755859375,564.9000244140625,832728
2016-11-11,MFSL,558.0,558.0,570.7999877929688,545.25,570.7999877929688,155492
2016-11-15,MFSL,492.8999938964844,492.8999938964844,548.8499755859375,485.95001220703125,547.0,565024
2016-11-16,MFSL,532.5499877929688,532.5499877929688,537.9500122070312,495.29998779296875,502.5,637364
2016-11-17,MFSL,525.7999877929688,525.7999877929688,546.9500122070312,510.1000061035156,530.0,441016
2016-11-18,MFSL,524.5,524.5,536.6500244140625,520.1500244140625,524.0,216452
2016-11-21,MFSL,504.3500061035156,504.3500061035156,528.7999877929688,499.0,522.0,132759
2016-11-22,MFSL,531.4000244140625,531.4000244140625,537.9500122070312,509.45001220703125,510.0,234303
2016-11-23,MFSL,548.6500244140625,548.6500244140625,554.0,520.0,533.0499877929688,179716
2016-11-24,MFSL,540.2000122070312,540.2000122070312,548.0,531.1500244140625,536.0,273286
2016-11-25,MFSL,536.2999877929688,536.2999877929688,545.6500244140625,532.0,540.0,72569
2016-11-28,MFSL,538.7000122070312,538.7000122070312,542.9500122070312,531.0,531.0,44574
2016-11-29,MFSL,558.0999755859375,558.0999755859375,560.0,539.0,541.9000244140625,259551
2016-11-30,MFSL,534.0499877929688,534.0499877929688,556.9000244140625,526.2999877929688,556.9000244140625,302325
2016-12-01,MFSL,545.7999877929688,545.7999877929688,549.0,532.4000244140625,539.9000244140625,223009
2016-12-02,MFSL,532.8499755859375,532.8499755859375,546.0,530.0,543.9500122070312,57332
2016-12-05,MFSL,545.0,545.0,548.2999877929688,533.25,534.9500122070312,116770
2016-12-06,MFSL,544.1500244140625,544.1500244140625,549.2999877929688,536.0999755859375,543.0,154144
2016-12-07,MFSL,541.5,541.5,547.2999877929688,535.0,539.0,224980
2016-12-08,MFSL,542.5499877929688,542.5499877929688,547.5,539.25,545.0,149828
2016-12-09,MFSL,542.5,542.5,548.5999755859375,537.9500122070312,539.2000122070312,345420
2016-12-12,MFSL,545.1500244140625,545.1500244140625,548.0,536.25,542.5,479540
2016-12-13,MFSL,557.0,557.0,560.0,541.0999755859375,545.1500244140625,120777
2016-12-14,MFSL,556.7000122070312,556.7000122070312,566.5999755859375,551.5,551.5,154630
2016-12-15,MFSL,556.5,556.5,563.2000122070312,541.0,551.2000122070312,160434
2016-12-16,MFSL,559.5999755859375,559.5999755859375,562.0,547.2999877929688,553.5,135451
2016-12-19,MFSL,558.9000244140625,558.9000244140625,568.0,548.0,559.5999755859375,108694
2016-12-20,MFSL,543.0499877929688,543.0499877929688,560.75,538.5,560.0,151222
2016-12-21,MFSL,536.3499755859375,536.3499755859375,550.4000244140625,532.5499877929688,549.5,82494
2016-12-22,MFSL,530.25,530.25,539.0,527.5,534.0,122361
2016-12-23,MFSL,529.2000122070312,529.2000122070312,535.0,526.25,533.0,140800
2016-12-26,MFSL,525.4500122070312,525.4500122070312,534.9500122070312,516.75,534.9500122070312,183333
2016-12-27,MFSL,531.2999877929688,531.2999877929688,535.4000244140625,522.0,522.0,87924
2016-12-28,MFSL,532.2999877929688,532.2999877929688,541.2999877929688,529.2999877929688,534.2999877929688,86633
2016-12-29,MFSL,542.8499755859375,542.8499755859375,547.3499755859375,534.5999755859375,534.5999755859375,124122
2016-12-30,MFSL,548.75,548.75,553.7999877929688,532.0,544.5,168589
2017-01-02,MFSL,557.5499877929688,557.5499877929688,568.0,545.25,551.0,61775
2017-01-03,MFSL,555.0,555.0,561.5,551.0,556.6500244140625,109407
2017-01-04,MFSL,559.4500122070312,559.4500122070312,560.1500244140625,550.0499877929688,557.6500244140625,227416
2017-01-05,MFSL,553.6500244140625,553.6500244140625,562.7999877929688,552.0,554.0,346446
2017-01-06,MFSL,546.4500122070312,546.4500122070312,561.0,543.2000122070312,556.7999877929688,84924
2017-01-09,MFSL,543.9500122070312,543.9500122070312,551.9500122070312,541.0499877929688,546.4000244140625,124487
2017-01-10,MFSL,543.4500122070312,543.4500122070312,550.0,541.0,550.0,181870
2017-01-11,MFSL,558.6500244140625,558.6500244140625,562.0,537.2000122070312,545.2000122070312,450076
2017-01-12,MFSL,554.2000122070312,554.2000122070312,560.0,549.0999755859375,559.2999877929688,357171
2017-01-13,MFSL,551.2000122070312,551.2000122070312,557.7000122070312,539.9500122070312,549.0,330610
2017-01-16,MFSL,557.75,557.75,559.6500244140625,545.5,545.5,69034
2017-01-17,MFSL,554.5499877929688,554.5499877929688,562.25,549.0999755859375,556.0999755859375,74469
2017-01-18,MFSL,554.6500244140625,554.6500244140625,560.0,550.5,555.0,217823
2017-01-19,MFSL,565.9000244140625,565.9000244140625,572.9500122070312,555.5499877929688,558.0,885847
2017-01-20,MFSL,562.5499877929688,562.5499877929688,565.5999755859375,556.0,559.75,442882
2017-01-23,MFSL,564.7000122070312,564.7000122070312,566.9500122070312,555.0,565.2000122070312,184885
2017-01-24,MFSL,563.0499877929688,563.0499877929688,569.4000244140625,554.0,561.0999755859375,191940
2017-01-25,MFSL,563.8499755859375,563.8499755859375,565.4500122070312,557.5,561.0,169972
2017-01-27,MFSL,569.9500122070312,569.9500122070312,579.0,556.5,560.25,469643
2017-01-30,MFSL,565.0999755859375,565.0999755859375,572.9500122070312,562.25,565.0,366738
2017-01-31,MFSL,564.6500244140625,564.6500244140625,571.4500122070312,561.0,566.0,302364
2017-02-01,MFSL,581.7000122070312,581.7000122070312,602.4000244140625,559.2000122070312,565.5,727196
2017-02-02,MFSL,601.7000122070312,601.7000122070312,607.5,577.0,580.0,646551
2017-02-03,MFSL,599.2000122070312,599.2000122070312,604.5999755859375,586.5499877929688,598.2999877929688,418168
2017-02-06,MFSL,601.2000122070312,601.2000122070312,606.8499755859375,597.1500244140625,605.0,498232
2017-02-07,MFSL,615.5999755859375,615.5999755859375,618.8499755859375,600.5499877929688,604.7999877929688,939252
2017-02-08,MFSL,617.8499755859375,617.8499755859375,629.0,607.2999877929688,617.7999877929688,731923
2017-02-09,MFSL,627.3499755859375,627.3499755859375,639.0,607.0499877929688,618.0,679725
2017-02-10,MFSL,622.4500122070312,622.4500122070312,637.0,609.0999755859375,630.0,287407
2017-02-13,MFSL,610.5999755859375,610.5999755859375,624.0,608.0,624.0,161018
2017-02-14,MFSL,604.7000122070312,604.7000122070312,618.0,587.0,610.9500122070312,306445
2017-02-15,MFSL,603.5999755859375,603.5999755859375,610.4500122070312,595.0,598.0,226201
2017-02-16,MFSL,599.5999755859375,599.5999755859375,609.0,591.0,602.0499877929688,235988
2017-02-17,MFSL,601.0999755859375,601.0999755859375,608.5999755859375,595.0,608.5999755859375,194149
2017-02-20,MFSL,594.75,594.75,606.9500122070312,590.0,606.9500122070312,92000
2017-02-21,MFSL,564.8499755859375,564.8499755859375,585.0,560.0,575.5499877929688,21755787
2017-02-22,MFSL,572.5999755859375,572.5999755859375,574.7000122070312,565.2000122070312,567.7000122070312,704381
2017-02-23,MFSL,578.25,578.25,579.8499755859375,567.7000122070312,572.5999755859375,541532
2017-02-27,MFSL,567.1500244140625,567.1500244140625,575.2000122070312,562.5999755859375,573.0,453050
2017-02-28,MFSL,563.5999755859375,563.5999755859375,583.9500122070312,561.0999755859375,577.1500244140625,715112
2017-03-01,MFSL,563.6500244140625,563.6500244140625,568.7000122070312,554.4000244140625,568.7000122070312,665397
2017-03-02,MFSL,563.7999877929688,563.7999877929688,569.0,560.5,564.0,671731
2017-03-03,MFSL,561.7000122070312,561.7000122070312,567.5499877929688,555.1500244140625,562.3499755859375,346213
2017-03-06,MFSL,556.7000122070312,556.7000122070312,566.2999877929688,554.0999755859375,561.2000122070312,171037
2017-03-07,MFSL,552.4000244140625,552.4000244140625,558.0,550.0499877929688,555.0,144999
2017-03-08,MFSL,542.7999877929688,542.7999877929688,556.3499755859375,539.5,552.0,326138
2017-03-09,MFSL,536.5499877929688,536.5499877929688,545.7000122070312,512.2999877929688,541.0,1606744
2017-03-10,MFSL,536.0499877929688,536.0499877929688,539.0,523.25,535.0,423916
2017-03-14,MFSL,539.4500122070312,539.4500122070312,547.0,536.0499877929688,542.0,403156
2017-03-15,MFSL,558.9000244140625,558.9000244140625,565.5,536.0,541.1500244140625,717300
2017-03-16,MFSL,565.25,565.25,566.7000122070312,555.5,558.9000244140625,389961
2017-03-17,MFSL,565.75,565.75,570.0499877929688,552.5499877929688,565.4000244140625,426539
2017-03-20,MFSL,559.75,559.75,570.0,555.5499877929688,565.6500244140625,505338
2017-03-21,MFSL,563.0499877929688,563.0499877929688,566.4500122070312,554.0499877929688,562.2000122070312,308541
2017-03-22,MFSL,560.0,560.0,563.0,544.9000244140625,563.0,508633
2017-03-23,MFSL,578.7000122070312,578.7000122070312,581.4000244140625,564.0,564.7000122070312,914853
2017-03-24,MFSL,575.3499755859375,575.3499755859375,584.0,571.5,579.0,744934
2017-03-27,MFSL,580.2999877929688,580.2999877929688,581.5,573.9500122070312,575.7000122070312,474641
2017-03-28,MFSL,571.7000122070312,571.7000122070312,586.9500122070312,569.0,578.5,711182
2017-03-29,MFSL,565.25,565.25,577.7000122070312,562.5999755859375,572.0,458324
2017-03-30,MFSL,572.7000122070312,572.7000122070312,575.0,568.0,571.0,307182
2017-03-31,MFSL,576.9500122070312,576.9500122070312,583.25,573.3499755859375,573.7000122070312,1109146
2017-04-03,MFSL,567.7000122070312,567.7000122070312,579.5999755859375,563.3499755859375,577.6500244140625,786239
2017-04-05,MFSL,595.5499877929688,595.5499877929688,606.2000122070312,560.0,569.0,2653585
2017-04-06,MFSL,602.2000122070312,602.2000122070312,607.0,585.0,593.9000244140625,1029130
2017-04-07,MFSL,633.4000244140625,633.4000244140625,653.5999755859375,600.0,600.0,3135493
2017-04-10,MFSL,654.0499877929688,654.0499877929688,669.0,634.5999755859375,639.0,2953741
2017-04-11,MFSL,652.4500122070312,652.4500122070312,675.9500122070312,645.6500244140625,656.9000244140625,1576610
2017-04-12,MFSL,659.0499877929688,659.0499877929688,668.2000122070312,640.0999755859375,653.0,1058252
2017-04-13,MFSL,655.8499755859375,655.8499755859375,668.5,651.5499877929688,659.8499755859375,539476
2017-04-17,MFSL,659.25,659.25,666.0499877929688,648.25,655.0,326839
2017-04-18,MFSL,644.0,644.0,666.3499755859375,635.25,660.0,650050
2017-04-19,MFSL,654.5,654.5,658.9000244140625,636.6500244140625,642.0,577455
2017-04-20,MFSL,650.9500122070312,650.9500122070312,666.5999755859375,647.0,655.7000122070312,460321
2017-04-21,MFSL,631.0999755859375,631.0999755859375,643.9000244140625,625.0,630.0,3572489
2017-04-24,MFSL,645.5999755859375,645.5999755859375,647.7000122070312,626.0,634.0499877929688,870839
2017-04-25,MFSL,649.9500122070312,649.9500122070312,659.0,644.7999877929688,645.0,877291
2017-04-26,MFSL,639.75,639.75,655.9500122070312,632.25,652.0,875683
2017-04-27,MFSL,654.6500244140625,654.6500244140625,659.0,636.1500244140625,640.0999755859375,1307695
2017-04-28,MFSL,655.9000244140625,655.9000244140625,669.3499755859375,651.25,655.0999755859375,918970
2017-05-02,MFSL,655.1500244140625,655.1500244140625,661.8499755859375,647.0499877929688,656.2999877929688,337817
2017-05-03,MFSL,643.0999755859375,643.0999755859375,655.1500244140625,638.6500244140625,649.0,664126
2017-05-04,MFSL,639.4500122070312,639.4500122070312,648.0499877929688,637.3499755859375,644.7999877929688,273091
2017-05-05,MFSL,618.2000122070312,618.2000122070312,641.75,609.3499755859375,639.4500122070312,441062
2017-05-08,MFSL,629.0499877929688,629.0499877929688,632.0999755859375,606.6500244140625,615.0,481987
2017-05-09,MFSL,626.9000244140625,626.9000244140625,634.5,624.25,630.0,228354
2017-05-10,MFSL,643.1500244140625,643.1500244140625,647.0,626.0,626.0,464654
2017-05-11,MFSL,653.0499877929688,653.0499877929688,659.7000122070312,639.0499877929688,642.5,609049
2017-05-12,MFSL,645.9500122070312,645.9500122070312,654.9500122070312,642.0,652.5,230893
2017-05-15,MFSL,676.7000122070312,676.7000122070312,680.0,644.9500122070312,645.0,953319
2017-05-16,MFSL,673.5999755859375,673.5999755859375,683.9500122070312,663.75,680.9000244140625,511672
2017-05-17,MFSL,671.0999755859375,671.0999755859375,682.5499877929688,666.0,671.9500122070312,360677
2017-05-18,MFSL,652.9500122070312,652.9500122070312,673.5,649.6500244140625,668.0,560912
2017-05-19,MFSL,641.2000122070312,641.2000122070312,661.5499877929688,627.6500244140625,657.0,394290
2017-05-22,MFSL,633.75,633.75,649.9500122070312,625.5,649.9500122070312,366621
2017-05-23,MFSL,621.5,621.5,635.2000122070312,608.0,634.0,473611
2017-05-24,MFSL,569.7999877929688,569.7999877929688,619.5999755859375,541.2999877929688,619.0499877929688,4531639
2017-05-25,MFSL,563.2000122070312,563.2000122070312,578.5,547.2000122070312,565.0,2204678
2017-05-26,MFSL,562.0999755859375,562.0999755859375,576.7999877929688,558.8499755859375,567.0,1774859
2017-05-29,MFSL,537.0499877929688,537.0499877929688,562.1500244140625,532.9500122070312,562.0,877968
2017-05-30,MFSL,559.7000122070312,559.7000122070312,568.9000244140625,514.0,538.0,3273227
2017-05-31,MFSL,583.7000122070312,583.7000122070312,589.0499877929688,558.0499877929688,565.25,4268084
2017-06-01,MFSL,609.7000122070312,609.7000122070312,634.9000244140625,585.9500122070312,585.9500122070312,5168540
2017-06-02,MFSL,619.75,619.75,627.3499755859375,608.9000244140625,613.0,1585033
2017-06-05,MFSL,608.2999877929688,608.2999877929688,623.0499877929688,604.4500122070312,620.0,405546
2017-06-06,MFSL,617.6500244140625,617.6500244140625,625.7000122070312,610.0,610.0,1932040
2017-06-07,MFSL,614.0999755859375,614.0999755859375,623.5,610.5499877929688,618.4500122070312,284496
2017-06-08,MFSL,620.75,620.75,630.5,597.25,620.0,1561392
2017-06-09,MFSL,598.6500244140625,598.6500244140625,614.75,587.0499877929688,608.0999755859375,2412395
2017-06-12,MFSL,580.0,580.0,598.8499755859375,568.8499755859375,598.8499755859375,1741219
2017-06-13,MFSL,595.2999877929688,595.2999877929688,604.5999755859375,580.0999755859375,582.2000122070312,1925307
2017-06-14,MFSL,595.75,595.75,599.9000244140625,585.8499755859375,597.0,740009
2017-06-15,MFSL,590.5499877929688,590.5499877929688,602.75,588.5,594.7000122070312,1071132
2017-06-16,MFSL,606.6500244140625,606.6500244140625,616.0,592.5499877929688,595.0,1051142
2017-06-19,MFSL,610.1500244140625,610.1500244140625,618.3499755859375,605.9500122070312,610.0,538104
2017-06-20,MFSL,614.9000244140625,614.9000244140625,620.0,606.0,610.5,623553
2017-06-21,MFSL,615.9500122070312,615.9500122070312,621.0,603.7000122070312,610.0,428934
2017-06-22,MFSL,602.1500244140625,602.1500244140625,626.9500122070312,591.8499755859375,616.0499877929688,1165386
2017-06-23,MFSL,601.1500244140625,601.1500244140625,609.5,595.5,603.4500122070312,787387
2017-06-27,MFSL,615.7000122070312,615.7000122070312,620.9000244140625,600.6500244140625,607.9000244140625,508332
2017-06-28,MFSL,618.5,618.5,622.0,606.5999755859375,612.5,224862
2017-06-29,MFSL,610.1500244140625,610.1500244140625,625.0,607.5,622.0,612194
2017-06-30,MFSL,631.0999755859375,631.0999755859375,640.2000122070312,599.7000122070312,610.0,646040
2017-07-03,MFSL,620.4000244140625,620.4000244140625,636.4000244140625,616.25,631.0999755859375,467353
2017-07-04,MFSL,620.4500122070312,620.4500122070312,639.9500122070312,616.5,620.5499877929688,1355319
2017-07-05,MFSL,597.0,597.0,625.5,593.4500122070312,624.0,1584225
2017-07-06,MFSL,603.0999755859375,603.0999755859375,605.7999877929688,591.0999755859375,595.0999755859375,933264
2017-07-07,MFSL,594.1500244140625,594.1500244140625,606.7000122070312,591.0,602.0,590544
2017-07-10,MFSL,597.0999755859375,597.0999755859375,603.6500244140625,594.5,597.0,65427
2017-07-11,MFSL,595.5,595.5,602.0,586.4500122070312,599.7999877929688,1060455
2017-07-12,MFSL,593.5499877929688,593.5499877929688,599.0,588.9000244140625,592.25,367937
2017-07-13,MFSL,582.9000244140625,582.9000244140625,600.9500122070312,581.6500244140625,594.0,805974
2017-07-14,MFSL,599.5499877929688,599.5499877929688,603.1500244140625,567.4000244140625,567.4000244140625,1131546
2017-07-17,MFSL,600.8499755859375,600.8499755859375,605.75,589.0,601.2000122070312,1222463
2017-07-18,MFSL,591.0999755859375,591.0999755859375,597.1500244140625,575.0,575.0,1715508
2017-07-19,MFSL,593.5999755859375,593.5999755859375,596.0,590.0,593.4000244140625,324287
2017-07-20,MFSL,592.1500244140625,592.1500244140625,601.2999877929688,586.9000244140625,587.0999755859375,581142
2017-07-21,MFSL,594.25,594.25,596.5,586.5,586.5,499467
2017-07-24,MFSL,598.8499755859375,598.8499755859375,604.0499877929688,591.0,592.0,913806
2017-07-25,MFSL,613.5999755859375,613.5999755859375,616.5,595.0,597.0,680133
2017-07-26,MFSL,604.5499877929688,604.5499877929688,624.0,601.5,613.7999877929688,2451463
2017-07-27,MFSL,602.5,602.5,614.0,600.0,602.0,940006
2017-07-28,MFSL,604.0499877929688,604.0499877929688,609.0,597.0,603.9500122070312,866779
2017-07-31,MFSL,609.4500122070312,609.4500122070312,619.4000244140625,588.0,600.0,1086247
2017-08-01,MFSL,600.1500244140625,600.1500244140625,609.0,597.4500122070312,605.0999755859375,281593
2017-08-02,MFSL,609.9000244140625,609.9000244140625,613.0,598.0,602.0,512960
2017-08-03,MFSL,613.6500244140625,613.6500244140625,623.4000244140625,600.5999755859375,609.0,874519
2017-08-04,MFSL,608.1500244140625,608.1500244140625,613.5999755859375,603.0999755859375,611.9500122070312,177052
2017-08-07,MFSL,609.7999877929688,609.7999877929688,622.5,604.0,604.0,277226
2017-08-08,MFSL,600.0,600.0,617.1500244140625,595.2000122070312,607.0,323007
2017-08-09,MFSL,587.0999755859375,587.0999755859375,601.2000122070312,581.0,600.0,509047
2017-08-10,MFSL,597.1500244140625,597.1500244140625,605.7999877929688,576.6500244140625,589.1500244140625,784012
2017-08-11,MFSL,610.75,610.75,615.0,583.7999877929688,587.5499877929688,586357
2017-08-14,MFSL,601.2000122070312,601.2000122070312,629.75,594.3499755859375,614.9000244140625,743862
2017-08-16,MFSL,607.3499755859375,607.3499755859375,623.5499877929688,601.5499877929688,602.9000244140625,1008315
2017-08-17,MFSL,599.9500122070312,599.9500122070312,614.75,596.2000122070312,614.75,694320
2017-08-18,MFSL,596.0,596.0,601.6500244140625,590.2000122070312,597.5999755859375,330303
2017-08-21,MFSL,596.9000244140625,596.9000244140625,602.8499755859375,590.25,596.0,669451
2017-08-22,MFSL,601.4000244140625,601.4000244140625,605.9000244140625,591.0,593.0499877929688,594090
2017-08-23,MFSL,606.2000122070312,606.2000122070312,608.4000244140625,597.2000122070312,601.4000244140625,314745
2017-08-24,MFSL,601.25,601.25,609.0999755859375,598.75,602.5999755859375,469824
2017-08-28,MFSL,605.5,605.5,608.7000122070312,596.6500244140625,602.0,383527
2017-08-29,MFSL,599.5999755859375,599.5999755859375,606.5499877929688,597.0999755859375,603.0,359435
2017-08-30,MFSL,599.7000122070312,599.7000122070312,605.6500244140625,596.7000122070312,599.9000244140625,674990
2017-08-31,MFSL,601.5499877929688,601.5499877929688,606.0,597.8499755859375,600.0,575753
2017-09-01,MFSL,610.4500122070312,610.4500122070312,612.5999755859375,597.0999755859375,602.9500122070312,556590
2017-09-04,MFSL,604.25,604.25,613.0,599.8499755859375,613.0,279938
2017-09-05,MFSL,602.5,602.5,608.9500122070312,598.9000244140625,604.0999755859375,283756
2017-09-06,MFSL,596.25,596.25,610.8499755859375,594.0999755859375,602.5,420665
2017-09-07,MFSL,599.2000122070312,599.2000122070312,607.5,595.5499877929688,596.9000244140625,627466
2017-09-08,MFSL,600.5,600.5,605.0,597.1500244140625,599.5999755859375,461168
2017-09-11,MFSL,599.7999877929688,599.7999877929688,606.5999755859375,598.6500244140625,603.0499877929688,373444
2017-09-12,MFSL,596.7999877929688,596.7999877929688,602.2000122070312,595.7000122070312,599.9500122070312,660539
2017-09-13,MFSL,593.75,593.75,603.0,592.0,596.7999877929688,575453
2017-09-14,MFSL,599.75,599.75,601.5,593.7000122070312,594.0,527164
2017-09-15,MFSL,615.75,615.75,629.0,600.0,601.0,3299237
2017-09-18,MFSL,628.5499877929688,628.5499877929688,636.0,610.0999755859375,620.0,2364253
2017-09-19,MFSL,646.5499877929688,646.5499877929688,652.9000244140625,627.0,627.0,2900241
2017-09-20,MFSL,634.7999877929688,634.7999877929688,650.4500122070312,632.6500244140625,646.9000244140625,651926
2017-09-21,MFSL,645.75,645.75,651.2000122070312,631.0,645.0,1772265
2017-09-22,MFSL,633.75,633.75,646.7000122070312,631.2000122070312,643.2999877929688,1065572
2017-09-25,MFSL,619.7999877929688,619.7999877929688,630.0,605.5,630.0,1569995
2017-09-26,MFSL,606.1500244140625,606.1500244140625,616.9500122070312,602.9500122070312,616.0,624926
2017-09-27,MFSL,587.7999877929688,587.7999877929688,608.3499755859375,584.2000122070312,607.25,541668
2017-09-28,MFSL,583.9000244140625,583.9000244140625,598.5499877929688,580.25,589.0,804578
2017-09-29,MFSL,590.9000244140625,590.9000244140625,610.2999877929688,582.9500122070312,586.0,1381868
2017-10-03,MFSL,600.0,600.0,603.5,589.9000244140625,597.0,481839
2017-10-04,MFSL,593.7999877929688,593.7999877929688,598.5499877929688,591.6500244140625,598.0,290457
2017-10-05,MFSL,587.9000244140625,587.9000244140625,595.25,585.0,592.1500244140625,343040
2017-10-06,MFSL,595.5,595.5,599.8499755859375,587.9000244140625,588.0,574361
2017-10-09,MFSL,597.3499755859375,597.3499755859375,599.9500122070312,589.5999755859375,592.5499877929688,383055
2017-10-10,MFSL,593.0999755859375,593.0999755859375,604.0,591.4000244140625,599.9000244140625,254762
2017-10-11,MFSL,590.9000244140625,590.9000244140625,601.7000122070312,587.0,593.5999755859375,1515744
2017-10-12,MFSL,591.4500122070312,591.4500122070312,596.5499877929688,590.0499877929688,592.0,225579
2017-10-13,MFSL,584.0,584.0,596.1500244140625,581.4000244140625,592.0,498728
2017-10-16,MFSL,580.0499877929688,580.0499877929688,589.2000122070312,567.25,584.0,597026
2017-10-17,MFSL,575.75,575.75,594.7999877929688,573.0999755859375,580.7000122070312,1215791
2017-10-18,MFSL,567.7000122070312,567.7000122070312,576.75,565.5499877929688,576.0,281749
2017-10-19,MFSL,561.2999877929688,561.2999877929688,569.8499755859375,557.5499877929688,568.5999755859375,60241
2017-10-23,MFSL,575.6500244140625,575.6500244140625,577.9500122070312,564.0499877929688,566.6500244140625,531612
2017-10-24,MFSL,572.9000244140625,572.9000244140625,583.0,570.7000122070312,579.0,328474
2017-10-25,MFSL,574.9500122070312,574.9500122070312,578.0,557.0999755859375,575.0,486498
2017-10-26,MFSL,573.9000244140625,573.9000244140625,581.5,563.5499877929688,573.4000244140625,591087
2017-10-27,MFSL,555.0,555.0,581.5,552.9500122070312,578.5,556260
2017-10-30,MFSL,581.5,581.5,590.9500122070312,556.0499877929688,556.0499877929688,1094798
2017-10-31,MFSL,587.0,587.0,593.5,575.0,583.5,470384
2017-11-01,MFSL,578.5499877929688,578.5499877929688,590.0499877929688,572.8499755859375,587.0,315471
2017-11-02,MFSL,581.2000122070312,581.2000122070312,587.0,573.5499877929688,575.5,339881
2017-11-03,MFSL,569.5,569.5,585.0,567.5,584.2000122070312,416429
2017-11-06,MFSL,567.25,567.25,574.0,562.25,569.5,318028
2017-11-07,MFSL,551.7999877929688,551.7999877929688,567.5999755859375,546.0,567.5,814253
2017-11-08,MFSL,544.7000122070312,544.7000122070312,558.5,540.9500122070312,558.5,545387
2017-11-09,MFSL,550.5499877929688,550.5499877929688,555.0,543.6500244140625,547.5,418421
2017-11-10,MFSL,556.2000122070312,556.2000122070312,565.9000244140625,547.9500122070312,550.5499877929688,502943
2017-11-13,MFSL,562.4000244140625,562.4000244140625,572.5,550.2000122070312,560.0,1366453
2017-11-14,MFSL,564.5999755859375,564.5999755859375,569.9000244140625,551.25,560.0,376777
2017-11-15,MFSL,550.8499755859375,550.8499755859375,563.4000244140625,548.6500244140625,563.4000244140625,320045
2017-11-16,MFSL,546.2999877929688,546.2999877929688,555.7000122070312,541.7000122070312,552.0,653440
2017-11-17,MFSL,572.3499755859375,572.3499755859375,578.0499877929688,552.0,552.5499877929688,1121729
2017-11-20,MFSL,565.2999877929688,565.2999877929688,571.0499877929688,563.0999755859375,567.5999755859375,363850
2017-11-21,MFSL,575.6500244140625,575.6500244140625,587.5,563.5999755859375,564.9000244140625,948092
2017-11-22,MFSL,585.5499877929688,585.5499877929688,588.6500244140625,576.2999877929688,577.9000244140625,712948
2017-11-23,MFSL,566.7999877929688,566.7999877929688,573.0,561.0,573.0,845708
2017-11-24,MFSL,562.4500122070312,562.4500122070312,573.5,560.5499877929688,568.0,369398
2017-11-27,MFSL,565.1500244140625,565.1500244140625,569.1500244140625,560.0999755859375,568.0,161930
2017-11-28,MFSL,556.1500244140625,556.1500244140625,568.0999755859375,552.7999877929688,565.0,183081
2017-11-29,MFSL,552.1500244140625,552.1500244140625,558.7999877929688,550.0,555.5,263869
2017-11-30,MFSL,547.9500122070312,547.9500122070312,559.9000244140625,542.0999755859375,555.0,886989
2017-12-01,MFSL,547.1500244140625,547.1500244140625,555.4500122070312,545.8499755859375,548.0,296651
2017-12-04,MFSL,546.5,546.5,552.9500122070312,533.0999755859375,547.5,616600
2017-12-05,MFSL,544.25,544.25,548.0999755859375,533.5999755859375,541.3499755859375,628187
2017-12-06,MFSL,529.75,529.75,544.0,525.5999755859375,542.0,938548
2017-12-07,MFSL,542.3499755859375,542.3499755859375,543.8499755859375,520.1500244140625,530.75,730062
2017-12-08,MFSL,552.2999877929688,552.2999877929688,555.9000244140625,538.2999877929688,541.0,1294024
2017-12-11,MFSL,556.6500244140625,556.6500244140625,564.9000244140625,549.7999877929688,553.9500122070312,275495
2017-12-12,MFSL,562.3499755859375,562.3499755859375,566.7999877929688,550.4000244140625,557.0,486752
2017-12-13,MFSL,555.0499877929688,555.0499877929688,564.7000122070312,550.5,564.7000122070312,619000
2017-12-14,MFSL,552.1500244140625,552.1500244140625,559.6500244140625,547.0999755859375,555.0999755859375,209353
2017-12-15,MFSL,556.0499877929688,556.0499877929688,558.7999877929688,551.0,555.0,474667
2017-12-18,MFSL,557.0499877929688,557.0499877929688,562.0,536.0,551.5499877929688,542639
2017-12-19,MFSL,568.7999877929688,568.7999877929688,572.4000244140625,555.4500122070312,557.9500122070312,587174
2017-12-20,MFSL,575.0999755859375,575.0999755859375,581.2000122070312,563.5,563.5,297519
2017-12-21,MFSL,590.6500244140625,590.6500244140625,593.9000244140625,573.5999755859375,574.0,616437
2017-12-22,MFSL,591.2999877929688,591.2999877929688,594.5,585.5999755859375,593.0,860958
2017-12-26,MFSL,586.8499755859375,586.8499755859375,599.4000244140625,584.2999877929688,590.0,370398
2017-12-27,MFSL,606.5999755859375,606.5999755859375,611.25,585.8499755859375,589.5,624439
2017-12-28,MFSL,599.9000244140625,599.9000244140625,611.1500244140625,595.5499877929688,607.0,1684331
2017-12-29,MFSL,592.5,592.5,606.0,583.8499755859375,601.0,594703
2018-01-01,MFSL,597.0499877929688,597.0499877929688,601.3499755859375,587.4500122070312,590.0,273396
2018-01-02,MFSL,584.5999755859375,584.5999755859375,604.75,581.2000122070312,596.5,1060073
2018-01-03,MFSL,584.0999755859375,584.0999755859375,592.1500244140625,578.7000122070312,585.0,953859
2018-01-04,MFSL,589.5999755859375,589.5999755859375,596.5499877929688,583.25,586.9500122070312,2120682
2018-01-05,MFSL,588.9000244140625,588.9000244140625,592.1500244140625,583.25,590.0,613079
2018-01-08,MFSL,588.5,588.5,598.0,585.5999755859375,588.9000244140625,480514
2018-01-09,MFSL,584.6500244140625,584.6500244140625,593.0,581.0,590.0499877929688,274229
2018-01-10,MFSL,574.4500122070312,574.4500122070312,581.6500244140625,563.0,580.0999755859375,844535
2018-01-11,MFSL,574.9500122070312,574.9500122070312,578.5499877929688,573.0,575.4000244140625,587229
2018-01-12,MFSL,569.5,569.5,578.9000244140625,560.0,575.0,506228
2018-01-15,MFSL,556.7999877929688,556.7999877929688,575.5,554.3499755859375,568.0,769022
2018-01-16,MFSL,559.3499755859375,559.3499755859375,566.0,552.0999755859375,556.2000122070312,493994
2018-01-17,MFSL,555.7000122070312,555.7000122070312,565.0,548.0,559.3499755859375,323142
2018-01-18,MFSL,549.6500244140625,549.6500244140625,559.9500122070312,542.0999755859375,559.9000244140625,504969
2018-01-19,MFSL,548.4000244140625,548.4000244140625,558.2999877929688,545.0499877929688,550.8499755859375,434624
2018-01-22,MFSL,544.3499755859375,544.3499755859375,556.1500244140625,542.5,546.25,443023
2018-01-23,MFSL,540.9000244140625,540.9000244140625,550.0,537.0,545.0,666593
2018-01-24,MFSL,520.7000122070312,520.7000122070312,542.6500244140625,515.0,537.5999755859375,1285099
2018-01-25,MFSL,537.2999877929688,537.2999877929688,541.7999877929688,521.0999755859375,521.0999755859375,1305759
2018-01-29,MFSL,523.75,523.75,539.7999877929688,522.1500244140625,536.0,494357
2018-01-30,MFSL,527.75,527.75,533.6500244140625,517.5999755859375,523.0,1470772
2018-01-31,MFSL,534.25,534.25,538.8499755859375,526.6500244140625,532.9000244140625,643910
2018-02-01,MFSL,540.7000122070312,540.7000122070312,551.3499755859375,533.8499755859375,535.0,1539894
2018-02-02,MFSL,544.6500244140625,544.6500244140625,557.3499755859375,528.0,537.5,621205
2018-02-05,MFSL,530.5499877929688,530.5499877929688,540.6500244140625,524.0999755859375,540.6500244140625,340575
2018-02-06,MFSL,525.9500122070312,525.9500122070312,533.0,508.5,510.0,763928
2018-02-07,MFSL,515.3499755859375,515.3499755859375,534.7999877929688,512.9000244140625,526.0,745041
2018-02-08,MFSL,519.25,519.25,526.75,510.1499938964844,515.7999877929688,295347
2018-02-09,MFSL,528.3499755859375,528.3499755859375,535.9000244140625,513.2000122070312,518.0,950063
2018-02-12,MFSL,524.4500122070312,524.4500122070312,539.2999877929688,516.6500244140625,528.3499755859375,370469
2018-02-14,MFSL,518.0499877929688,518.0499877929688,531.0999755859375,515.0,528.4000244140625,338108
2018-02-15,MFSL,518.4500122070312,518.4500122070312,523.2000122070312,513.1500244140625,517.7000122070312,596947
2018-02-16,MFSL,500.75,500.75,522.3499755859375,486.1000061035156,521.0,1379325
2018-02-19,MFSL,497.0,497.0,504.45001220703125,485.6499938964844,501.04998779296875,329677
2018-02-20,MFSL,499.3500061035156,499.3500061035156,502.45001220703125,493.0,497.0,530226
2018-02-21,MFSL,499.70001220703125,499.70001220703125,503.5,495.25,498.29998779296875,462360
2018-02-22,MFSL,494.95001220703125,494.95001220703125,503.6000061035156,491.6499938964844,492.6499938964844,394421
2018-02-23,MFSL,498.0,498.0,508.95001220703125,495.95001220703125,496.0,336370
2018-02-26,MFSL,509.0,509.0,512.0,499.1499938964844,500.5,967784
2018-02-27,MFSL,497.95001220703125,497.95001220703125,511.6000061035156,495.0,511.3500061035156,304603
2018-02-28,MFSL,495.45001220703125,495.45001220703125,501.5,492.5,498.0,277015
2018-03-01,MFSL,494.95001220703125,494.95001220703125,501.0,492.1000061035156,495.8999938964844,118748
2018-03-05,MFSL,483.6000061035156,483.6000061035156,496.6499938964844,480.0,494.95001220703125,275625
2018-03-06,MFSL,490.20001220703125,490.20001220703125,494.0,484.1000061035156,485.0,638482
2018-03-07,MFSL,481.0,481.0,491.3999938964844,476.0,491.3999938964844,300971
2018-03-08,MFSL,480.3999938964844,480.3999938964844,485.6000061035156,471.75,482.25,464055
2018-03-09,MFSL,475.04998779296875,475.04998779296875,486.0,472.25,479.70001220703125,610258
2018-03-12,MFSL,470.0,470.0,481.75,467.0,479.0,273159
2018-03-13,MFSL,471.3500061035156,471.3500061035156,480.0,468.70001220703125,471.1000061035156,329312
2018-03-14,MFSL,457.6000061035156,457.6000061035156,471.0,452.5,469.0,417607
2018-03-15,MFSL,458.75,458.75,464.29998779296875,455.0,455.0,400308
2018-03-16,MFSL,447.25,447.25,462.95001220703125,442.8500061035156,460.0,522399
2018-03-19,MFSL,430.20001220703125,430.20001220703125,448.3500061035156,427.3999938964844,448.20001220703125,426381
2018-03-20,MFSL,425.25,425.25,440.54998779296875,417.29998779296875,431.0,821143
2018-03-21,MFSL,435.5,435.5,440.95001220703125,427.79998779296875,432.0,771180
2018-03-22,MFSL,439.1499938964844,439.1499938964844,443.54998779296875,426.0,436.79998779296875,932912
2018-03-23,MFSL,447.04998779296875,447.04998779296875,456.1499938964844,428.0,428.0,1489017
2018-03-26,MFSL,456.6499938964844,456.6499938964844,465.6000061035156,443.1000061035156,448.5,810364
2018-03-27,MFSL,465.5,465.5,469.6000061035156,455.04998779296875,455.95001220703125,610931
2018-03-28,MFSL,453.45001220703125,453.45001220703125,467.0,448.5,467.0,1005153
2018-04-02,MFSL,460.3999938964844,460.3999938964844,479.0,444.45001220703125,452.25,271056
2018-04-03,MFSL,464.5,464.5,468.8500061035156,456.04998779296875,462.0,438736
2018-04-04,MFSL,450.6499938964844,450.6499938964844,470.3500061035156,446.0,463.0,558536
2018-04-05,MFSL,458.95001220703125,458.95001220703125,463.5,451.45001220703125,455.0,373812
2018-04-06,MFSL,452.45001220703125,452.45001220703125,461.54998779296875,449.95001220703125,458.5,202784
2018-04-09,MFSL,454.79998779296875,454.79998779296875,459.0,453.04998779296875,456.1000061035156,249405
2018-04-10,MFSL,457.8500061035156,457.8500061035156,462.95001220703125,455.8500061035156,459.5,200750
2018-04-11,MFSL,456.1000061035156,456.1000061035156,463.54998779296875,454.8500061035156,463.5,223031
2018-04-12,MFSL,450.6499938964844,450.6499938964844,460.79998779296875,448.1000061035156,452.0,299270
2018-04-13,MFSL,434.79998779296875,434.79998779296875,450.6000061035156,433.0,447.0,387024
2018-04-16,MFSL,425.6499938964844,425.6499938964844,437.6499938964844,424.0,433.0,514265
2018-04-17,MFSL,430.8500061035156,430.8500061035156,439.6000061035156,425.6000061035156,425.6000061035156,1424675
2018-04-18,MFSL,436.0,436.0,440.0,427.29998779296875,434.1000061035156,320745
2018-04-19,MFSL,448.6499938964844,448.6499938964844,454.0,428.29998779296875,437.0,870698
2018-04-20,MFSL,478.6499938964844,478.6499938964844,498.1000061035156,448.8999938964844,449.0,3770258
2018-04-23,MFSL,500.5,500.5,509.0,472.0,473.6499938964844,1886785
2018-04-24,MFSL,522.4000244140625,522.4000244140625,526.4000244140625,498.5,504.25,2072523
2018-04-25,MFSL,502.6499938964844,502.6499938964844,522.0,499.25,522.0,743566
2018-04-26,MFSL,506.8500061035156,506.8500061035156,514.1500244140625,499.45001220703125,504.0,255777
2018-04-27,MFSL,508.3999938964844,508.3999938964844,521.5499877929688,504.04998779296875,504.04998779296875,335538
2018-04-30,MFSL,515.7000122070312,515.7000122070312,519.6500244140625,506.20001220703125,508.29998779296875,281017
2018-05-02,MFSL,511.1000061035156,511.1000061035156,527.8499755859375,508.1000061035156,513.6500244140625,792661
2018-05-03,MFSL,511.6499938964844,511.6499938964844,516.0,495.0,508.0,214887
2018-05-04,MFSL,508.8500061035156,508.8500061035156,520.0,502.79998779296875,511.5,409092
2018-05-07,MFSL,509.1000061035156,509.1000061035156,512.6500244140625,504.0,508.8500061035156,136588
2018-05-08,MFSL,523.0499877929688,523.0499877929688,528.5999755859375,504.5,508.5,675124
2018-05-09,MFSL,514.0,514.0,531.5,510.70001220703125,525.0,580302
2018-05-10,MFSL,516.1500244140625,516.1500244140625,528.0,512.5499877929688,515.5,1311984
2018-05-11,MFSL,515.0,515.0,522.3499755859375,510.8500061035156,518.0,384427
2018-05-14,MFSL,498.8500061035156,498.8500061035156,515.2999877929688,492.75,515.2999877929688,250388
2018-05-15,MFSL,502.20001220703125,502.20001220703125,508.45001220703125,492.29998779296875,493.0,278291
2018-05-16,MFSL,489.79998779296875,489.79998779296875,501.25,485.75,498.0,289243
2018-05-17,MFSL,488.29998779296875,488.29998779296875,490.3999938964844,478.04998779296875,485.0,490179
2018-05-18,MFSL,488.1499938964844,488.1499938964844,491.0,478.0,487.5,503607
2018-05-21,MFSL,460.6000061035156,460.6000061035156,492.0,456.3500061035156,492.0,318892
2018-05-22,MFSL,474.6000061035156,474.6000061035156,478.3999938964844,459.6499938964844,463.20001220703125,202533
2018-05-23,MFSL,466.25,466.25,490.0,463.70001220703125,473.0,407005
2018-05-24,MFSL,459.3500061035156,459.3500061035156,472.45001220703125,457.3999938964844,469.8999938964844,184007
2018-05-25,MFSL,474.20001220703125,474.20001220703125,476.0,457.20001220703125,459.0,689703
2018-05-28,MFSL,473.6000061035156,473.6000061035156,487.0,459.54998779296875,483.8999938964844,837111
2018-05-29,MFSL,475.1000061035156,475.1000061035156,479.75,471.29998779296875,473.6000061035156,724253
2018-05-30,MFSL,483.6499938964844,483.6499938964844,485.0,468.45001220703125,474.29998779296875,623394
2018-05-31,MFSL,490.1000061035156,490.1000061035156,493.0,479.29998779296875,485.0,1296191
2018-06-01,MFSL,481.79998779296875,481.79998779296875,490.1000061035156,479.45001220703125,490.0,600393
2018-06-04,MFSL,466.0,466.0,487.04998779296875,460.8999938964844,482.5,226665
2018-06-05,MFSL,454.04998779296875,454.04998779296875,476.1499938964844,451.1499938964844,463.29998779296875,254095
2018-06-06,MFSL,463.20001220703125,463.20001220703125,468.3500061035156,451.5,456.0,282371
2018-06-07,MFSL,483.5,483.5,492.0,465.3500061035156,467.8999938964844,1486865
2018-06-08,MFSL,475.79998779296875,475.79998779296875,486.75,471.29998779296875,477.6000061035156,293777
2018-06-11,MFSL,481.95001220703125,481.95001220703125,485.0,474.45001220703125,480.0,251148
2018-06-12,MFSL,488.54998779296875,488.54998779296875,505.0,482.0,485.8500061035156,2075164
2018-06-13,MFSL,485.3999938964844,485.3999938964844,494.45001220703125,482.6499938964844,488.3999938964844,920227
2018-06-14,MFSL,478.6000061035156,478.6000061035156,487.0,473.25,485.70001220703125,883322
2018-06-15,MFSL,469.54998779296875,469.54998779296875,483.5,468.0,475.1000061035156,561412
2018-06-18,MFSL,469.8999938964844,469.8999938964844,472.6000061035156,459.1499938964844,469.25,328395
2018-06-19,MFSL,454.70001220703125,454.70001220703125,475.1000061035156,452.29998779296875,469.8999938964844,517611
2018-06-20,MFSL,461.0,461.0,467.8999938964844,446.0,454.0,748772
2018-06-21,MFSL,449.8999938964844,449.8999938964844,465.0,448.5,458.1000061035156,272277
2018-06-22,MFSL,449.95001220703125,449.95001220703125,454.79998779296875,447.5,449.29998779296875,248822
2018-06-25,MFSL,453.20001220703125,453.20001220703125,461.25,448.29998779296875,452.1499938964844,596721
2018-06-26,MFSL,452.54998779296875,452.54998779296875,461.0,448.79998779296875,450.3500061035156,584845
2018-06-27,MFSL,431.75,431.75,454.6000061035156,429.0,453.8999938964844,399935
2018-06-28,MFSL,424.6499938964844,424.6499938964844,434.95001220703125,416.25,434.95001220703125,605488
2018-06-29,MFSL,432.54998779296875,432.54998779296875,437.45001220703125,422.70001220703125,428.5,447873
2018-07-02,MFSL,429.95001220703125,429.95001220703125,437.5,422.0,437.0,466097
2018-07-03,MFSL,423.6000061035156,423.6000061035156,433.79998779296875,420.1000061035156,429.95001220703125,619346
2018-07-04,MFSL,407.95001220703125,407.95001220703125,427.0,405.75,425.0,573764
2018-07-05,MFSL,419.6000061035156,419.6000061035156,424.79998779296875,403.25,408.95001220703125,923363
2018-07-06,MFSL,417.0,417.0,420.6499938964844,412.54998779296875,417.75,196802
2018-07-09,MFSL,450.3999938964844,450.3999938964844,453.75,416.25,423.0,1560843
2018-07-10,MFSL,457.04998779296875,457.04998779296875,461.3999938964844,443.1000061035156,450.5,851587
2018-07-11,MFSL,459.25,459.25,467.8500061035156,451.0,451.29998779296875,743129
2018-07-12,MFSL,455.75,455.75,478.79998779296875,454.6499938964844,457.0,870629
2018-07-13,MFSL,444.54998779296875,444.54998779296875,456.95001220703125,438.0,456.95001220703125,584411
2018-07-16,MFSL,428.3500061035156,428.3500061035156,444.8999938964844,423.54998779296875,444.0,315326
2018-07-17,MFSL,444.45001220703125,444.45001220703125,447.79998779296875,425.1499938964844,428.6000061035156,622416
2018-07-18,MFSL,433.8500061035156,433.8500061035156,450.3999938964844,428.0,443.8999938964844,203327
2018-07-19,MFSL,440.3500061035156,440.3500061035156,446.8999938964844,429.54998779296875,432.04998779296875,309096
2018-07-20,MFSL,456.75,456.75,462.45001220703125,437.8999938964844,440.0,689111
2018-07-23,MFSL,453.70001220703125,453.70001220703125,460.29998779296875,449.04998779296875,456.29998779296875,238773
2018-07-24,MFSL,467.8500061035156,467.8500061035156,473.45001220703125,448.0,448.0,559595
2018-07-25,MFSL,459.8999938964844,459.8999938964844,472.0,457.54998779296875,471.5,400898
2018-07-26,MFSL,471.5,471.5,475.0,458.5,458.5,900786
2018-07-27,MFSL,495.25,495.25,499.5,470.0,470.0,2019329
2018-07-30,MFSL,479.5,479.5,499.3999938964844,463.3500061035156,499.3999938964844,1223710
2018-07-31,MFSL,497.20001220703125,497.20001220703125,498.5,474.5,476.5,772758
2018-08-01,MFSL,506.04998779296875,506.04998779296875,513.8499755859375,498.0,499.70001220703125,1446403
2018-08-02,MFSL,518.9500122070312,518.9500122070312,524.7000122070312,498.45001220703125,504.8999938964844,859516
2018-08-03,MFSL,518.75,518.75,522.0,515.5999755859375,518.6500244140625,480603
2018-08-06,MFSL,522.4000244140625,522.4000244140625,534.0,518.0,519.9500122070312,830310
2018-08-07,MFSL,490.5,490.5,524.0,484.20001220703125,524.0,1151995
2018-08-08,MFSL,498.70001220703125,498.70001220703125,508.0,490.0,490.1000061035156,592469
2018-08-09,MFSL,500.6000061035156,500.6000061035156,509.5,498.54998779296875,501.0,346508
2018-08-10,MFSL,487.04998779296875,487.04998779296875,512.0,485.1499938964844,500.6000061035156,566123
2018-08-13,MFSL,481.20001220703125,481.20001220703125,488.8999938964844,477.25,486.0,331620
2018-08-14,MFSL,467.5,467.5,484.3500061035156,456.0,480.04998779296875,541337
2018-08-16,MFSL,464.75,464.75,474.25,460.1499938964844,466.0,302694
2018-08-17,MFSL,463.75,463.75,471.1000061035156,461.20001220703125,465.95001220703125,209411
2018-08-20,MFSL,482.95001220703125,482.95001220703125,484.95001220703125,465.29998779296875,468.25,453817
2018-08-21,MFSL,482.8999938964844,482.8999938964844,487.95001220703125,474.5,481.95001220703125,342778
2018-08-23,MFSL,476.1000061035156,476.1000061035156,493.5,473.25,484.29998779296875,445851
2018-08-24,MFSL,469.70001220703125,469.70001220703125,479.25,464.20001220703125,475.3999938964844,254804
2018-08-27,MFSL,480.3500061035156,480.3500061035156,497.45001220703125,465.79998779296875,473.0,370419
2018-08-28,MFSL,484.5,484.5,493.0,477.54998779296875,483.95001220703125,622108
2018-08-29,MFSL,472.3500061035156,472.3500061035156,490.6499938964844,470.5,487.0,222488
2018-08-30,MFSL,463.79998779296875,463.79998779296875,479.54998779296875,460.1000061035156,475.0,563839
2018-08-31,MFSL,448.04998779296875,448.04998779296875,470.0,447.0,464.04998779296875,642620
2018-09-03,MFSL,448.20001220703125,448.20001220703125,458.3500061035156,446.1499938964844,451.25,266763
2018-09-04,MFSL,442.1499938964844,442.1499938964844,452.6499938964844,439.0,448.70001220703125,364026
2018-09-05,MFSL,441.25,441.25,447.6499938964844,430.29998779296875,444.54998779296875,535761
2018-09-06,MFSL,450.25,450.25,455.29998779296875,441.45001220703125,443.5,655677
2018-09-07,MFSL,473.45001220703125,473.45001220703125,479.0,449.1000061035156,450.0,503112
2018-09-10,MFSL,504.6499938964844,504.6499938964844,519.3499755859375,472.5,483.5,4930798
2018-09-11,MFSL,469.1000061035156,469.1000061035156,509.70001220703125,464.5,505.8999938964844,2787118
2018-09-12,MFSL,471.54998779296875,471.54998779296875,475.45001220703125,461.3500061035156,470.3999938964844,877953
2018-09-14,MFSL,491.3999938964844,491.3999938964844,497.79998779296875,456.20001220703125,473.54998779296875,1894425
2018-09-17,MFSL,474.45001220703125,474.45001220703125,489.29998779296875,473.0,487.25,509493
2018-09-18,MFSL,461.54998779296875,461.54998779296875,478.0,458.54998779296875,474.45001220703125,269258
2018-09-19,MFSL,445.5,445.5,468.8999938964844,441.70001220703125,467.0,526361
2018-09-21,MFSL,450.95001220703125,450.95001220703125,469.3999938964844,416.0,449.0,1346597
2018-09-24,MFSL,448.3999938964844,448.3999938964844,457.6000061035156,436.79998779296875,450.0,384044
2018-09-25,MFSL,446.45001220703125,446.45001220703125,456.20001220703125,426.0,446.0,476924
2018-09-26,MFSL,443.1499938964844,443.1499938964844,465.25,437.5,449.0,650655
2018-09-27,MFSL,419.04998779296875,419.04998779296875,446.45001220703125,416.3999938964844,446.0,805010
2018-09-28,MFSL,408.29998779296875,408.29998779296875,428.0,400.0,423.04998779296875,842840
2018-10-01,MFSL,400.75,400.75,416.79998779296875,386.5,405.5,817092
2018-10-03,MFSL,392.6499938964844,392.6499938964844,405.8500061035156,370.54998779296875,403.0,2732381
2018-10-04,MFSL,359.45001220703125,359.45001220703125,404.95001220703125,351.70001220703125,384.0,2768714
2018-10-05,MFSL,359.3500061035156,359.3500061035156,366.95001220703125,353.0,360.0,850391
2018-10-08,MFSL,365.70001220703125,365.70001220703125,378.45001220703125,354.0,356.1499938964844,1007570
2018-10-09,MFSL,373.20001220703125,373.20001220703125,379.75,365.8500061035156,365.95001220703125,1229317
2018-10-10,MFSL,379.04998779296875,379.04998779296875,385.95001220703125,372.0,380.0,926688
2018-10-11,MFSL,367.3500061035156,367.3500061035156,378.0,350.0,350.0,900223
2018-10-12,MFSL,372.20001220703125,372.20001220703125,381.45001220703125,368.25,372.45001220703125,947661
2018-10-15,MFSL,370.6499938964844,370.6499938964844,379.5,355.04998779296875,377.0,846046
2018-10-16,MFSL,392.0,392.0,395.6000061035156,372.3999938964844,372.3999938964844,849753
2018-10-17,MFSL,384.95001220703125,384.95001220703125,402.29998779296875,381.6499938964844,392.54998779296875,532025
2018-10-19,MFSL,389.95001220703125,389.95001220703125,392.3999938964844,367.54998779296875,372.0,553074
2018-10-22,MFSL,364.3999938964844,364.3999938964844,399.0,361.0,394.0,366480
2018-10-23,MFSL,378.20001220703125,378.20001220703125,383.75,356.79998779296875,362.54998779296875,708967
2018-10-24,MFSL,382.6499938964844,382.6499938964844,386.20001220703125,365.0,378.20001220703125,605916
2018-10-25,MFSL,372.95001220703125,372.95001220703125,379.0,368.29998779296875,370.6000061035156,818891
2018-10-26,MFSL,366.75,366.75,377.6499938964844,361.70001220703125,372.95001220703125,415676
2018-10-29,MFSL,378.3999938964844,378.3999938964844,380.04998779296875,363.0,368.29998779296875,261839
2018-10-30,MFSL,367.04998779296875,367.04998779296875,381.8999938964844,364.29998779296875,381.0,397489
2018-10-31,MFSL,377.20001220703125,377.20001220703125,378.95001220703125,353.79998779296875,363.0,1568182
2018-11-01,MFSL,400.8500061035156,400.8500061035156,403.8999938964844,377.04998779296875,378.0,1168901
2018-11-02,MFSL,407.1499938964844,407.1499938964844,411.70001220703125,390.0,401.0,1302592
2018-11-05,MFSL,405.3999938964844,405.3999938964844,415.3999938964844,400.45001220703125,412.0,491188
2018-11-06,MFSL,389.20001220703125,389.20001220703125,410.0,386.54998779296875,405.3999938964844,437002
2018-11-07,MFSL,393.3999938964844,393.3999938964844,398.8999938964844,386.5,390.0,98859
2018-11-09,MFSL,405.6499938964844,405.6499938964844,409.79998779296875,393.70001220703125,396.0,409260
2018-11-12,MFSL,403.8500061035156,403.8500061035156,413.0,397.79998779296875,409.54998779296875,396026
2018-11-13,MFSL,408.04998779296875,408.04998779296875,409.6000061035156,393.45001220703125,398.20001220703125,432434
2018-11-14,MFSL,392.8999938964844,392.8999938964844,413.0,386.1000061035156,413.0,586788
2018-11-15,MFSL,428.45001220703125,428.45001220703125,447.8999938964844,396.0,396.0,3060836
2018-11-16,MFSL,420.5,420.5,433.0,413.0,427.6000061035156,650289
2018-11-19,MFSL,437.54998779296875,437.54998779296875,444.0,421.5,421.79998779296875,752713
2018-11-20,MFSL,430.45001220703125,430.45001220703125,437.0,422.29998779296875,437.0,792714
2018-11-21,MFSL,429.20001220703125,429.20001220703125,435.8999938964844,416.75,426.70001220703125,772171
2018-11-22,MFSL,424.6000061035156,424.6000061035156,439.0,420.0,438.0,891753
2018-11-26,MFSL,414.54998779296875,414.54998779296875,429.3500061035156,411.45001220703125,424.0,412332
2018-11-27,MFSL,424.8999938964844,424.8999938964844,429.70001220703125,417.0,417.0,309670
2018-11-28,MFSL,430.04998779296875,430.04998779296875,444.0,425.5,427.54998779296875,573545
2018-11-29,MFSL,447.25,447.25,452.0,425.6000061035156,433.0,952977
2018-11-30,MFSL,447.29998779296875,447.29998779296875,451.5,433.54998779296875,450.0,505079
2018-12-03,MFSL,438.04998779296875,438.04998779296875,451.0,435.8500061035156,451.0,292467
2018-12-04,MFSL,434.25,434.25,446.45001220703125,426.54998779296875,439.0,936417
2018-12-05,MFSL,432.95001220703125,432.95001220703125,445.0,419.6499938964844,435.8999938964844,873603
2018-12-06,MFSL,428.45001220703125,428.45001220703125,441.95001220703125,423.45001220703125,426.0,1010350
2018-12-07,MFSL,428.0,428.0,436.29998779296875,420.1000061035156,430.45001220703125,456698
2018-12-10,MFSL,407.25,407.25,424.75,402.20001220703125,419.0,609486
2018-12-11,MFSL,437.0,437.0,444.0,399.04998779296875,400.20001220703125,897872
2018-12-12,MFSL,429.5,429.5,436.8999938964844,423.20001220703125,430.54998779296875,524117
2018-12-13,MFSL,443.6499938964844,443.6499938964844,453.95001220703125,426.0,432.0,837471
2018-12-14,MFSL,431.54998779296875,431.54998779296875,442.3999938964844,426.25,442.3999938964844,528282
2018-12-17,MFSL,446.54998779296875,446.54998779296875,452.95001220703125,429.54998779296875,430.0,1127513
2018-12-18,MFSL,440.95001220703125,440.95001220703125,451.95001220703125,439.1000061035156,442.1000061035156,571406
2018-12-19,MFSL,440.3500061035156,440.3500061035156,445.95001220703125,437.04998779296875,443.0,1154615
2018-12-20,MFSL,441.1000061035156,441.1000061035156,447.0,436.04998779296875,436.04998779296875,406479
2018-12-21,MFSL,438.75,438.75,449.5,435.04998779296875,443.1000061035156,494336
2018-12-24,MFSL,440.70001220703125,440.70001220703125,446.0,439.0,442.79998779296875,184198
2018-12-26,MFSL,446.1499938964844,446.1499938964844,450.0,423.0,440.0,540968
2018-12-27,MFSL,436.79998779296875,436.79998779296875,452.0,433.79998779296875,448.0,378724
2018-12-28,MFSL,443.6000061035156,443.6000061035156,449.0,432.95001220703125,441.0,357482
2018-12-31,MFSL,446.0,446.0,448.6000061035156,439.3500061035156,443.8999938964844,336246
2019-01-01,MFSL,443.54998779296875,443.54998779296875,450.5,440.3500061035156,449.25,248423
2019-01-02,MFSL,428.54998779296875,428.54998779296875,445.5,425.5,444.0,335661
2019-01-03,MFSL,424.0,424.0,441.0,421.04998779296875,428.6499938964844,345873
2019-01-04,MFSL,441.3500061035156,441.3500061035156,443.95001220703125,422.8500061035156,425.0,816429
2019-01-07,MFSL,435.8999938964844,435.8999938964844,447.5,430.54998779296875,442.45001220703125,679511
2019-01-08,MFSL,434.6499938964844,434.6499938964844,443.0,430.95001220703125,437.1000061035156,591298
2019-01-09,MFSL,439.8500061035156,439.8500061035156,442.75,436.1000061035156,438.0,411019
2019-01-10,MFSL,458.54998779296875,458.54998779296875,463.79998779296875,438.79998779296875,441.0,1454372
2019-01-11,MFSL,454.75,454.75,464.70001220703125,451.0,459.20001220703125,924536
2019-01-14,MFSL,448.25,448.25,457.3500061035156,442.1499938964844,450.8999938964844,395114
2019-01-15,MFSL,460.5,460.5,464.95001220703125,449.04998779296875,449.1000061035156,656648
2019-01-16,MFSL,452.6499938964844,452.6499938964844,463.79998779296875,451.1499938964844,463.0,319021
2019-01-17,MFSL,457.20001220703125,457.20001220703125,462.5,454.79998779296875,455.0,376767
2019-01-18,MFSL,457.1499938964844,457.1499938964844,461.75,452.04998779296875,456.04998779296875,201683
2019-01-21,MFSL,438.95001220703125,438.95001220703125,457.6000061035156,436.25,456.1000061035156,420224
2019-01-22,MFSL,436.20001220703125,436.20001220703125,444.95001220703125,431.1499938964844,433.70001220703125,496038
2019-01-23,MFSL,438.95001220703125,438.95001220703125,442.3500061035156,429.70001220703125,438.3999938964844,251164
2019-01-24,MFSL,441.0,441.0,447.1000061035156,432.29998779296875,436.54998779296875,225365
2019-01-25,MFSL,429.3999938964844,429.3999938964844,446.70001220703125,425.54998779296875,443.75,268590
2019-01-28,MFSL,400.1499938964844,400.1499938964844,425.54998779296875,390.95001220703125,425.54998779296875,1532629
2019-01-29,MFSL,411.3500061035156,411.3500061035156,415.0,389.3999938964844,397.95001220703125,403191
2019-01-30,MFSL,418.70001220703125,418.70001220703125,421.20001220703125,406.5,412.0,275829
2019-01-31,MFSL,398.1499938964844,398.1499938964844,425.0,391.54998779296875,419.1499938964844,806267
2019-02-01,MFSL,375.3999938964844,375.3999938964844,405.95001220703125,372.0,405.95001220703125,1056343
2019-02-04,MFSL,371.04998779296875,371.04998779296875,379.95001220703125,362.3999938964844,374.0,581687
2019-02-05,MFSL,368.0,368.0,376.04998779296875,360.8999938964844,371.0,648702
2019-02-06,MFSL,374.95001220703125,374.95001220703125,378.8999938964844,361.1000061035156,365.04998779296875,1233258
2019-02-07,MFSL,392.8500061035156,392.8500061035156,404.54998779296875,376.25,376.95001220703125,1263953
2019-02-08,MFSL,396.20001220703125,396.20001220703125,406.04998779296875,381.75,392.8500061035156,726117
2019-02-11,MFSL,377.0,377.0,398.04998779296875,370.75,397.70001220703125,912956
2019-02-12,MFSL,392.1000061035156,392.1000061035156,396.1000061035156,370.04998779296875,372.0,869280
2019-02-14,MFSL,386.5,386.5,395.0,376.0,376.0,409512
2019-02-15,MFSL,387.1499938964844,387.1499938964844,392.3999938964844,383.54998779296875,392.3999938964844,358215
2019-02-18,MFSL,389.6499938964844,389.6499938964844,392.04998779296875,382.3500061035156,391.0,258178
2019-02-19,MFSL,385.3999938964844,385.3999938964844,395.8999938964844,380.1000061035156,391.0,380179
2019-02-20,MFSL,395.79998779296875,395.79998779296875,400.0,384.3500061035156,388.0,329028
2019-02-21,MFSL,407.6000061035156,407.6000061035156,410.95001220703125,394.6499938964844,396.0,1002202
2019-02-22,MFSL,404.45001220703125,404.45001220703125,411.04998779296875,401.8999938964844,408.6000061035156,341532
2019-02-25,MFSL,414.70001220703125,414.70001220703125,416.1499938964844,403.3999938964844,404.04998779296875,482590
2019-02-26,MFSL,399.45001220703125,399.45001220703125,410.0,396.0,407.0,694538
2019-02-27,MFSL,398.70001220703125,398.70001220703125,408.29998779296875,395.6000061035156,404.25,988441
2019-02-28,MFSL,394.6499938964844,394.6499938964844,404.0,392.29998779296875,400.0,442861
2019-03-01,MFSL,401.6499938964844,401.6499938964844,405.75,397.04998779296875,397.75,412459
2019-03-05,MFSL,407.6499938964844,407.6499938964844,411.20001220703125,397.70001220703125,403.0,595112
2019-03-06,MFSL,408.25,408.25,420.8500061035156,403.79998779296875,411.3500061035156,988792
2019-03-07,MFSL,409.70001220703125,409.70001220703125,416.0,404.8999938964844,406.20001220703125,367651
2019-03-08,MFSL,421.6000061035156,421.6000061035156,425.8999938964844,405.6499938964844,409.70001220703125,934674
2019-03-11,MFSL,428.8500061035156,428.8500061035156,430.75,415.20001220703125,424.0,656864
2019-03-12,MFSL,429.70001220703125,429.70001220703125,438.5,426.95001220703125,430.0,309489
2019-03-13,MFSL,432.20001220703125,432.20001220703125,435.8999938964844,421.5,430.95001220703125,443209
2019-03-14,MFSL,435.95001220703125,435.95001220703125,444.5,433.54998779296875,434.5,836971
2019-03-15,MFSL,438.75,438.75,443.3500061035156,435.75,438.95001220703125,428908
2019-03-18,MFSL,453.29998779296875,453.29998779296875,458.8500061035156,439.04998779296875,439.04998779296875,733470
2019-03-19,MFSL,449.8500061035156,449.8500061035156,457.0,446.6000061035156,455.8999938964844,491626
2019-03-20,MFSL,454.6000061035156,454.6000061035156,457.0,446.70001220703125,447.79998779296875,635607
2019-03-22,MFSL,452.75,452.75,462.5,446.25,456.0,783751
2019-03-25,MFSL,445.45001220703125,445.45001220703125,452.1000061035156,442.04998779296875,450.0,1048779
2019-03-26,MFSL,436.95001220703125,436.95001220703125,448.0,434.5,445.45001220703125,548492
2019-03-27,MFSL,448.54998779296875,448.54998779296875,451.0,437.75,438.0,1039172
2019-03-28,MFSL,438.1499938964844,438.1499938964844,454.3999938964844,434.04998779296875,450.0,686819
2019-04-01,MFSL,441.8500061035156,441.8500061035156,445.0,433.6000061035156,438.70001220703125,432103
2019-04-02,MFSL,437.04998779296875,437.04998779296875,453.95001220703125,435.0,442.75,712770
2019-04-03,MFSL,434.6000061035156,434.6000061035156,445.0,432.0,439.0,393413
2019-04-04,MFSL,439.6000061035156,439.6000061035156,446.5,432.04998779296875,433.79998779296875,547091
2019-04-05,MFSL,439.1000061035156,439.1000061035156,442.70001220703125,435.8500061035156,439.75,172985
2019-04-08,MFSL,426.1499938964844,426.1499938964844,443.0,422.5,441.0,384320
2019-04-09,MFSL,424.29998779296875,424.29998779296875,431.0,421.04998779296875,428.3999938964844,268462
2019-04-10,MFSL,416.0,416.0,426.8500061035156,412.1000061035156,424.0,408469
2019-04-11,MFSL,436.75,436.75,438.70001220703125,410.8999938964844,416.8999938964844,1343812
2019-04-12,MFSL,437.79998779296875,437.79998779296875,441.1499938964844,434.45001220703125,437.8999938964844,610874
2019-04-15,MFSL,435.3500061035156,435.3500061035156,440.8999938964844,432.3999938964844,439.0,245174
2019-04-16,MFSL,434.8999938964844,434.8999938964844,440.0,428.6000061035156,435.0,308738
2019-04-18,MFSL,442.8500061035156,442.8500061035156,474.5,436.95001220703125,446.0,2717148
2019-04-22,MFSL,434.1499938964844,434.1499938964844,447.1499938964844,430.6499938964844,441.8500061035156,594547
2019-04-23,MFSL,432.3500061035156,432.3500061035156,439.6000061035156,427.79998779296875,431.0,283646
2019-04-24,MFSL,444.0,444.0,448.3500061035156,430.3999938964844,434.79998779296875,267635
2019-04-25,MFSL,438.45001220703125,438.45001220703125,456.8500061035156,436.1000061035156,446.8999938964844,958348
2019-04-26,MFSL,434.3500061035156,434.3500061035156,444.1499938964844,432.1000061035156,440.0,224303
2019-04-30,MFSL,417.6499938964844,417.6499938964844,437.20001220703125,416.25,434.0,275649
2019-05-02,MFSL,421.5,421.5,425.0,413.6000061035156,418.3999938964844,406394
2019-05-03,MFSL,422.04998779296875,422.04998779296875,424.75,414.0,421.6000061035156,534425
2019-05-06,MFSL,424.45001220703125,424.45001220703125,428.95001220703125,414.95001220703125,419.54998779296875,327906
2019-05-07,MFSL,407.95001220703125,407.95001220703125,428.0,405.29998779296875,427.1000061035156,414315
2019-05-08,MFSL,411.5,411.5,416.79998779296875,400.54998779296875,404.70001220703125,413369
2019-05-09,MFSL,408.95001220703125,408.95001220703125,418.3999938964844,402.95001220703125,409.3999938964844,650341
2019-05-10,MFSL,410.8999938964844,410.8999938964844,415.0,407.70001220703125,409.0,402368
2019-05-13,MFSL,402.1000061035156,402.1000061035156,414.0,399.04998779296875,414.0,425589
2019-05-14,MFSL,405.8500061035156,405.8500061035156,407.95001220703125,394.3999938964844,400.1499938964844,345418
2019-05-15,MFSL,399.3500061035156,399.3500061035156,408.8500061035156,395.3999938964844,408.0,442364
2019-05-16,MFSL,399.20001220703125,399.20001220703125,402.8999938964844,394.3500061035156,398.20001220703125,138604
2019-05-17,MFSL,402.95001220703125,402.95001220703125,409.45001220703125,395.1000061035156,398.95001220703125,253457
2019-05-20,MFSL,414.70001220703125,414.70001220703125,419.5,404.3999938964844,415.0,265950
2019-05-21,MFSL,412.3500061035156,412.3500061035156,418.25,406.5,418.25,638859
2019-05-22,MFSL,408.3999938964844,408.3999938964844,415.6499938964844,400.54998779296875,415.5,274223
2019-05-23,MFSL,413.75,413.75,426.75,410.04998779296875,416.79998779296875,325278
2019-05-24,MFSL,428.20001220703125,428.20001220703125,437.0,410.54998779296875,410.54998779296875,729074
2019-05-27,MFSL,445.75,445.75,449.0,427.5,428.1000061035156,618269
2019-05-28,MFSL,428.8999938964844,428.8999938964844,449.8999938964844,425.75,448.5,760632
2019-05-29,MFSL,440.3999938964844,440.3999938964844,443.95001220703125,422.3500061035156,425.0,554814
2019-05-30,MFSL,452.45001220703125,452.45001220703125,460.0,433.8500061035156,441.0,857318
2019-05-31,MFSL,450.1000061035156,450.1000061035156,457.8999938964844,443.6000061035156,453.20001220703125,1339969
2019-06-03,MFSL,448.20001220703125,448.20001220703125,464.3999938964844,444.6499938964844,453.8999938964844,1207906
2019-06-04,MFSL,449.95001220703125,449.95001220703125,456.75,444.75,450.8999938964844,303243
2019-06-06,MFSL,445.1499938964844,445.1499938964844,453.5,442.0,450.45001220703125,503297
2019-06-07,MFSL,432.0,432.0,447.70001220703125,430.54998779296875,442.20001220703125,211016
2019-06-10,MFSL,438.25,438.25,443.29998779296875,432.0,433.95001220703125,434544
2019-06-11,MFSL,440.8999938964844,440.8999938964844,442.1499938964844,432.1499938964844,438.70001220703125,274108
2019-06-12,MFSL,437.8500061035156,437.8500061035156,439.75,435.0,438.29998779296875,774583
2019-06-13,MFSL,430.3500061035156,430.3500061035156,441.79998779296875,426.25,439.0,539732
2019-06-14,MFSL,426.95001220703125,426.95001220703125,433.75,419.3999938964844,430.0,402469
2019-06-17,MFSL,413.3500061035156,413.3500061035156,427.0,406.3999938964844,424.3999938964844,586449
2019-06-18,MFSL,415.54998779296875,415.54998779296875,418.29998779296875,411.54998779296875,411.54998779296875,215557
2019-06-19,MFSL,413.70001220703125,413.70001220703125,425.5,402.6499938964844,416.0,1017392
2019-06-20,MFSL,421.3999938964844,421.3999938964844,423.5,413.70001220703125,413.70001220703125,487939
2019-06-21,MFSL,420.5,420.5,423.29998779296875,407.0,419.8500061035156,589895
2019-06-24,MFSL,419.1499938964844,419.1499938964844,424.6499938964844,415.54998779296875,419.70001220703125,213331
2019-06-25,MFSL,425.20001220703125,425.20001220703125,429.5,415.95001220703125,418.54998779296875,148497
2019-06-26,MFSL,430.3999938964844,430.3999938964844,432.6000061035156,422.75,423.54998779296875,344640
2019-06-27,MFSL,420.6499938964844,420.6499938964844,430.3999938964844,417.45001220703125,430.3999938964844,741022
2019-06-28,MFSL,407.95001220703125,407.95001220703125,422.70001220703125,406.0,417.0,623825
2019-07-01,MFSL,404.45001220703125,404.45001220703125,411.29998779296875,401.54998779296875,409.45001220703125,900843
2019-07-02,MFSL,411.04998779296875,411.04998779296875,413.0,403.0,405.29998779296875,318057
2019-07-03,MFSL,419.6000061035156,419.6000061035156,421.45001220703125,409.1000061035156,409.1000061035156,391407
2019-07-04,MFSL,415.25,415.25,422.20001220703125,412.45001220703125,420.0,840005
2019-07-05,MFSL,416.20001220703125,416.20001220703125,427.5,411.45001220703125,414.0,960945
2019-07-08,MFSL,400.45001220703125,400.45001220703125,416.5,398.70001220703125,412.54998779296875,315685
2019-07-09,MFSL,417.1499938964844,417.1499938964844,419.25,400.0,401.1000061035156,438728
2019-07-10,MFSL,410.5,410.5,418.25,406.3999938964844,414.0,258331
2019-07-11,MFSL,407.79998779296875,407.79998779296875,415.3999938964844,406.1499938964844,412.54998779296875,88616
2019-07-12,MFSL,418.5,418.5,441.8500061035156,408.5,408.5,1834262
2019-07-15,MFSL,414.0,414.0,426.54998779296875,408.0,422.70001220703125,383450
2019-07-16,MFSL,420.25,420.25,423.54998779296875,413.95001220703125,413.95001220703125,482208
2019-07-17,MFSL,427.54998779296875,427.54998779296875,429.75,419.70001220703125,421.0,517674
2019-07-18,MFSL,422.3500061035156,422.3500061035156,432.29998779296875,418.8500061035156,428.0,406018
2019-07-19,MFSL,406.75,406.75,430.0,405.0,424.45001220703125,259005
2019-07-22,MFSL,414.5,414.5,416.0,400.5,408.1000061035156,277851
2019-07-23,MFSL,407.95001220703125,407.95001220703125,415.5,402.8999938964844,412.5,1635482
2019-07-24,MFSL,408.29998779296875,408.29998779296875,417.5,406.0,406.0,585320
2019-07-25,MFSL,414.1499938964844,414.1499938964844,420.8999938964844,406.0,406.0,428228
2019-07-26,MFSL,424.8500061035156,424.8500061035156,426.8500061035156,414.0,414.0,375851
2019-07-29,MFSL,415.79998779296875,415.79998779296875,427.0,409.54998779296875,426.0,594085
2019-07-30,MFSL,412.95001220703125,412.95001220703125,424.54998779296875,410.70001220703125,417.8999938964844,494652
2019-07-31,MFSL,417.20001220703125,417.20001220703125,418.45001220703125,403.75,412.1000061035156,260496
2019-08-01,MFSL,406.45001220703125,406.45001220703125,420.5,402.0,417.0,472366
2019-08-02,MFSL,414.29998779296875,414.29998779296875,418.8999938964844,402.0,402.0,2473931
2019-08-05,MFSL,405.04998779296875,405.04998779296875,415.8999938964844,398.8500061035156,414.0,607117
2019-08-06,MFSL,413.29998779296875,413.29998779296875,432.8999938964844,403.1000061035156,403.3500061035156,2504814
2019-08-07,MFSL,394.6000061035156,394.6000061035156,421.0,383.6000061035156,418.0,1382172
2019-08-08,MFSL,399.70001220703125,399.70001220703125,404.79998779296875,370.04998779296875,396.8999938964844,1723337
2019-08-09,MFSL,400.3999938964844,400.3999938964844,404.5,394.20001220703125,400.0,766033
2019-08-13,MFSL,396.0,396.0,405.95001220703125,393.1499938964844,399.5,425103
2019-08-14,MFSL,406.95001220703125,406.95001220703125,410.6000061035156,395.04998779296875,397.8999938964844,680526
2019-08-16,MFSL,419.6499938964844,419.6499938964844,423.75,397.3999938964844,407.0,877824
2019-08-19,MFSL,418.95001220703125,418.95001220703125,424.70001220703125,414.6000061035156,421.29998779296875,309944
2019-08-20,MFSL,440.20001220703125,440.20001220703125,443.5,412.29998779296875,419.0,1051709
2019-08-21,MFSL,447.8999938964844,447.8999938964844,451.79998779296875,430.1000061035156,431.8999938964844,2217799
2019-08-22,MFSL,439.54998779296875,439.54998779296875,454.0,435.3500061035156,443.3999938964844,1440299
2019-08-23,MFSL,447.1499938964844,447.1499938964844,451.0,436.0,439.0,673179
2019-08-26,MFSL,449.1000061035156,449.1000061035156,462.95001220703125,446.20001220703125,454.5,1671484
2019-08-27,MFSL,439.20001220703125,439.20001220703125,459.0,435.8500061035156,456.20001220703125,1007310
2019-08-28,MFSL,430.25,430.25,444.25,427.79998779296875,442.0,996349
2019-08-29,MFSL,426.95001220703125,426.95001220703125,432.29998779296875,422.6000061035156,432.29998779296875,634887
2019-08-30,MFSL,421.29998779296875,421.29998779296875,433.6000061035156,418.0,427.0,849142
2019-09-03,MFSL,417.79998779296875,417.79998779296875,422.0,414.0,418.0,197296
2019-09-04,MFSL,419.0,419.0,425.0,406.0,419.0,677045
2019-09-05,MFSL,412.95001220703125,412.95001220703125,422.3500061035156,411.0,420.0,870234
2019-09-06,MFSL,405.79998779296875,405.79998779296875,414.25,402.0,411.3500061035156,1911751
2019-09-09,MFSL,398.54998779296875,398.54998779296875,406.29998779296875,396.1000061035156,403.79998779296875,1467866
2019-09-11,MFSL,401.1000061035156,401.1000061035156,410.0,399.25,399.54998779296875,691150
2019-09-12,MFSL,414.3500061035156,414.3500061035156,420.0,400.0,402.70001220703125,2801157
2019-09-13,MFSL,407.1499938964844,407.1499938964844,418.3500061035156,404.54998779296875,415.3999938964844,929235
2019-09-16,MFSL,407.6499938964844,407.6499938964844,416.79998779296875,405.6000061035156,407.0,731290
2019-09-17,MFSL,403.3999938964844,403.3999938964844,410.8999938964844,402.6499938964844,409.20001220703125,538850
2019-09-18,MFSL,404.5,404.5,410.0,402.3500061035156,404.95001220703125,360318
2019-09-19,MFSL,399.3500061035156,399.3500061035156,407.75,393.04998779296875,402.8999938964844,894402
2019-09-20,MFSL,399.6499938964844,399.6499938964844,420.0,395.0,399.3500061035156,2076508
2019-09-23,MFSL,407.25,407.25,433.29998779296875,402.1499938964844,405.0,1418081
2019-09-24,MFSL,415.1000061035156,415.1000061035156,421.0,406.0,409.75,566108
2019-09-25,MFSL,415.95001220703125,415.95001220703125,420.8999938964844,412.1499938964844,414.79998779296875,584319
2019-09-26,MFSL,415.29998779296875,415.29998779296875,419.8999938964844,411.04998779296875,417.95001220703125,340435
2019-09-27,MFSL,430.8500061035156,430.8500061035156,435.5,412.3999938964844,417.0,996134
2019-09-30,MFSL,426.79998779296875,426.79998779296875,437.1499938964844,420.0,433.0,829999
2019-10-01,MFSL,420.6499938964844,420.6499938964844,430.6000061035156,411.3999938964844,428.8999938964844,362839
2019-10-03,MFSL,418.6000061035156,418.6000061035156,428.29998779296875,414.1000061035156,417.0,374399
2019-10-04,MFSL,405.1499938964844,405.1499938964844,422.25,403.70001220703125,419.3999938964844,462660
2019-10-07,MFSL,409.1000061035156,409.1000061035156,412.75,398.1499938964844,406.0,470499
2019-10-09,MFSL,415.6499938964844,415.6499938964844,417.75,405.0,410.0,232902
2019-10-10,MFSL,407.0,407.0,418.0,402.54998779296875,415.6499938964844,447187
2019-10-11,MFSL,409.29998779296875,409.29998779296875,413.6000061035156,402.95001220703125,407.95001220703125,212019
2019-10-14,MFSL,411.95001220703125,411.95001220703125,416.0,405.8999938964844,409.54998779296875,285550
2019-10-15,MFSL,408.8500061035156,408.8500061035156,422.0,406.29998779296875,409.04998779296875,524099
2019-10-16,MFSL,405.04998779296875,405.04998779296875,417.1000061035156,396.79998779296875,407.5,1901490
2019-10-17,MFSL,405.3500061035156,405.3500061035156,410.25,403.29998779296875,406.95001220703125,381723
2019-10-18,MFSL,410.3999938964844,410.3999938964844,411.5,405.25,406.0,352631
2019-10-22,MFSL,435.1000061035156,435.1000061035156,445.54998779296875,407.3500061035156,411.3999938964844,1260877
2019-10-23,MFSL,423.6000061035156,423.6000061035156,435.04998779296875,416.1000061035156,432.0,1657648
2019-10-24,MFSL,416.1000061035156,416.1000061035156,424.79998779296875,414.04998779296875,424.6499938964844,537823
2019-10-25,MFSL,404.6499938964844,404.6499938964844,422.79998779296875,401.75,415.0,1012573
2019-10-27,MFSL,412.6499938964844,412.6499938964844,414.0,406.25,408.6000061035156,44539
2019-10-29,MFSL,414.25,414.25,418.5,412.0,412.0,579405
2019-10-30,MFSL,411.25,411.25,419.70001220703125,405.6000061035156,417.79998779296875,704787
2019-10-31,MFSL,406.1499938964844,406.1499938964844,413.6000061035156,403.0,412.0,981630
2019-11-01,MFSL,403.6000061035156,403.6000061035156,410.3999938964844,402.75,407.95001220703125,527407
2019-11-04,MFSL,431.95001220703125,431.95001220703125,443.8999938964844,404.5,405.45001220703125,2439720
2019-11-05,MFSL,428.70001220703125,428.70001220703125,442.3500061035156,423.04998779296875,431.0,1942276
2019-11-06,MFSL,438.70001220703125,438.70001220703125,443.45001220703125,423.6499938964844,428.5,1136020
2019-11-07,MFSL,478.25,478.25,489.04998779296875,414.1000061035156,423.79998779296875,9028838
2019-11-08,MFSL,482.0,482.0,497.1499938964844,465.0,474.8500061035156,5903904
2019-11-11,MFSL,469.54998779296875,469.54998779296875,489.8500061035156,467.79998779296875,484.70001220703125,1508727
2019-11-13,MFSL,472.3500061035156,472.3500061035156,482.8500061035156,457.3500061035156,469.0,2656610
2019-11-14,MFSL,479.3500061035156,479.3500061035156,488.0,466.6000061035156,470.0,2253411
2019-11-15,MFSL,476.45001220703125,476.45001220703125,486.0,473.45001220703125,480.0,1369781
2019-11-18,MFSL,484.6000061035156,484.6000061035156,495.0,473.0,474.0,1711776
2019-11-19,MFSL,488.1000061035156,488.1000061035156,494.79998779296875,479.25,487.6000061035156,1621918
2019-11-20,MFSL,506.8500061035156,506.8500061035156,510.3999938964844,481.3999938964844,488.1000061035156,3070849
2019-11-21,MFSL,507.1000061035156,507.1000061035156,521.0999755859375,500.25,509.1000061035156,2729272
2019-11-22,MFSL,507.25,507.25,512.3499755859375,498.5,506.5,1259741
2019-11-25,MFSL,511.45001220703125,511.45001220703125,516.5999755859375,506.8999938964844,509.5,837330
2019-11-26,MFSL,507.1000061035156,507.1000061035156,512.2999877929688,499.70001220703125,511.45001220703125,1347475
2019-11-27,MFSL,500.0,500.0,510.0,495.1000061035156,509.0,545911
2019-11-28,MFSL,511.3999938964844,511.3999938964844,515.9000244140625,496.1000061035156,496.1000061035156,1468416
2019-11-29,MFSL,504.8999938964844,504.8999938964844,517.2000122070312,502.70001220703125,510.0,767933
2019-12-02,MFSL,506.1000061035156,506.1000061035156,519.0,500.3500061035156,506.0,988885
2019-12-03,MFSL,526.8499755859375,526.8499755859375,529.2999877929688,504.6499938964844,507.79998779296875,2601191
2019-12-04,MFSL,515.3499755859375,515.3499755859375,529.7000122070312,512.0,529.5,1677422
2019-12-05,MFSL,527.2999877929688,527.2999877929688,533.4000244140625,495.95001220703125,510.20001220703125,1284514
2019-12-06,MFSL,517.0999755859375,517.0999755859375,535.0,506.6000061035156,527.0,1320165
2019-12-09,MFSL,518.7000122070312,518.7000122070312,525.9000244140625,513.9000244140625,517.0999755859375,755202
2019-12-10,MFSL,508.3999938964844,508.3999938964844,524.9000244140625,504.3999938964844,520.0,1311291
2019-12-11,MFSL,508.79998779296875,508.79998779296875,516.7000122070312,500.54998779296875,508.8500061035156,871701
2019-12-12,MFSL,505.20001220703125,505.20001220703125,516.0,498.3500061035156,510.1000061035156,794198
2019-12-13,MFSL,501.6000061035156,501.6000061035156,512.0,499.5,507.45001220703125,923299
2019-12-16,MFSL,500.79998779296875,500.79998779296875,505.6000061035156,499.0,504.70001220703125,595208
2019-12-17,MFSL,510.1000061035156,510.1000061035156,517.5,501.1000061035156,502.70001220703125,1833544
2019-12-18,MFSL,533.1500244140625,533.1500244140625,541.0,503.5,510.0,3576058
2019-12-19,MFSL,533.7999877929688,533.7999877929688,543.4000244140625,529.5,537.4500122070312,3158510
2019-12-20,MFSL,534.5999755859375,534.5999755859375,536.25,528.5,533.0,1363129
2019-12-23,MFSL,526.0499877929688,526.0499877929688,542.0,521.4000244140625,532.0999755859375,1440508
2019-12-24,MFSL,527.25,527.25,532.25,522.5999755859375,525.6500244140625,1204229
2019-12-26,MFSL,527.5499877929688,527.5499877929688,532.0,524.7999877929688,526.5,1028988
2019-12-27,MFSL,529.9500122070312,529.9500122070312,539.0,524.0499877929688,526.1500244140625,1003061
2019-12-30,MFSL,540.1500244140625,540.1500244140625,544.7000122070312,529.0,530.0,1667156
2019-12-31,MFSL,534.4500122070312,534.4500122070312,542.8499755859375,533.3499755859375,540.1500244140625,520557
2020-01-01,MFSL,542.2000122070312,542.2000122070312,545.9500122070312,535.0,537.0,1947334
2020-01-02,MFSL,553.1500244140625,553.1500244140625,556.0,542.25,543.0,1282447
2020-01-03,MFSL,564.0499877929688,564.0499877929688,567.7000122070312,547.0,550.0,2368674
2020-01-06,MFSL,554.0499877929688,554.0499877929688,566.7999877929688,547.7999877929688,563.9500122070312,1534549
2020-01-07,MFSL,559.4000244140625,559.4000244140625,563.0499877929688,554.0,554.0,1103885
2020-01-08,MFSL,558.8499755859375,558.8499755859375,566.3499755859375,552.6500244140625,557.0,1172012
2020-01-09,MFSL,505.29998779296875,505.29998779296875,568.2000122070312,468.75,562.5,21157561
2020-01-10,MFSL,510.8999938964844,510.8999938964844,522.7999877929688,500.0,516.0,6147019
2020-01-13,MFSL,509.6499938964844,509.6499938964844,520.4000244140625,508.3999938964844,513.4500122070312,1678732
2020-01-14,MFSL,500.3500061035156,500.3500061035156,511.79998779296875,496.1000061035156,511.70001220703125,1660408
2020-01-15,MFSL,510.95001220703125,510.95001220703125,514.1500244140625,493.04998779296875,501.0,2265439
2020-01-16,MFSL,528.75,528.75,535.7999877929688,513.5,514.0999755859375,5532572
2020-01-17,MFSL,524.0499877929688,524.0499877929688,537.9000244140625,518.2000122070312,537.9000244140625,4562374
2020-01-20,MFSL,516.7999877929688,516.7999877929688,528.9500122070312,515.0,524.0499877929688,1324438
2020-01-21,MFSL,524.3499755859375,524.3499755859375,527.3499755859375,510.0,515.0,1559439
2020-01-22,MFSL,519.5499877929688,519.5499877929688,534.5,514.4500122070312,534.5,2172923
2020-01-23,MFSL,518.2999877929688,518.2999877929688,524.3499755859375,515.0,519.5499877929688,898061
2020-01-24,MFSL,527.0499877929688,527.0499877929688,533.5,519.25,520.5999755859375,2259819
2020-01-27,MFSL,514.1500244140625,514.1500244140625,526.0999755859375,511.75,525.0,1149627
2020-01-28,MFSL,511.95001220703125,511.95001220703125,518.0,506.0,514.9500122070312,1102932
2020-01-29,MFSL,512.75,512.75,517.5499877929688,508.04998779296875,513.0,637947
2020-01-30,MFSL,499.95001220703125,499.95001220703125,513.0,497.0,512.7000122070312,796091
2020-01-31,MFSL,506.3999938964844,506.3999938964844,511.8500061035156,498.0,498.0,1672907
2020-02-03,MFSL,477.1000061035156,477.1000061035156,486.79998779296875,440.0,442.0,6500205
2020-02-04,MFSL,483.54998779296875,483.54998779296875,492.3999938964844,470.0,474.8500061035156,3753994
2020-02-05,MFSL,483.70001220703125,483.70001220703125,492.0,475.3500061035156,481.54998779296875,1791289
2020-02-06,MFSL,480.54998779296875,480.54998779296875,488.0,472.0,488.0,1841348
2020-02-07,MFSL,479.6499938964844,479.6499938964844,490.0,476.75,478.5,923649
2020-02-10,MFSL,478.20001220703125,478.20001220703125,482.6000061035156,473.25,482.6000061035156,403602
2020-02-11,MFSL,482.6000061035156,482.6000061035156,486.20001220703125,477.20001220703125,480.5,414473
2020-02-12,MFSL,491.54998779296875,491.54998779296875,512.0,482.79998779296875,482.79998779296875,3564722
2020-02-13,MFSL,491.6000061035156,491.6000061035156,496.6499938964844,483.75,494.6000061035156,1252153
2020-02-14,MFSL,486.95001220703125,486.95001220703125,494.0,481.6000061035156,494.0,749983
2020-02-17,MFSL,491.95001220703125,491.95001220703125,496.1499938964844,475.45001220703125,486.95001220703125,1075322
2020-02-18,MFSL,502.1499938964844,502.1499938964844,505.75,486.29998779296875,491.54998779296875,1809725
2020-02-19,MFSL,516.75,516.75,523.0,501.3500061035156,502.0,1547819
2020-02-20,MFSL,565.0,565.0,597.0499877929688,542.0,542.0,26621595
2020-02-24,MFSL,592.2000122070312,592.2000122070312,609.6500244140625,548.2999877929688,554.9000244140625,16452997
2020-02-25,MFSL,590.25,590.25,602.0,578.5999755859375,592.2000122070312,6316124
2020-02-26,MFSL,588.1500244140625,588.1500244140625,593.5999755859375,581.7999877929688,586.9500122070312,2156219
2020-02-27,MFSL,597.6500244140625,597.6500244140625,607.5999755859375,586.1500244140625,590.0,3245996
2020-02-28,MFSL,577.2999877929688,577.2999877929688,595.75,570.5999755859375,591.75,4532180
2020-03-02,MFSL,573.9500122070312,573.9500122070312,596.7000122070312,570.3499755859375,589.0,2742411
2020-03-03,MFSL,591.4000244140625,591.4000244140625,594.1500244140625,575.0999755859375,575.0999755859375,2342889
2020-03-04,MFSL,590.9500122070312,590.9500122070312,611.9000244140625,581.4500122070312,581.9500122070312,5590702
2020-03-05,MFSL,605.2000122070312,605.2000122070312,610.5499877929688,590.5499877929688,597.7999877929688,2950492
2020-03-06,MFSL,520.7999877929688,520.7999877929688,559.75,477.0,559.75,14305858
2020-03-09,MFSL,500.20001220703125,500.20001220703125,507.5,475.25,480.0,5239729
2020-03-11,MFSL,501.70001220703125,501.70001220703125,518.75,495.0,499.95001220703125,3169499
2020-03-12,MFSL,444.3500061035156,444.3500061035156,487.5,440.1000061035156,485.0,1635846
2020-03-13,MFSL,429.8999938964844,429.8999938964844,457.6000061035156,355.5,399.95001220703125,2788841
2020-03-16,MFSL,401.1499938964844,401.1499938964844,423.3999938964844,390.29998779296875,401.0,1353701
2020-03-17,MFSL,376.04998779296875,376.04998779296875,415.5,372.54998779296875,398.0,1052586
2020-03-18,MFSL,357.3500061035156,357.3500061035156,382.45001220703125,350.25,380.29998779296875,2851414
2020-03-19,MFSL,378.1000061035156,378.1000061035156,398.8500061035156,318.6499938964844,339.0,2769455
2020-03-20,MFSL,407.75,407.75,414.0,369.0,374.29998779296875,1588783
2020-03-23,MFSL,288.54998779296875,288.54998779296875,382.6499938964844,276.3500061035156,367.0,1151843
2020-03-24,MFSL,303.20001220703125,303.20001220703125,326.0,278.6499938964844,317.3999938964844,1822240
2020-03-25,MFSL,351.95001220703125,351.95001220703125,377.45001220703125,292.95001220703125,300.25,1704880
2020-03-26,MFSL,423.20001220703125,423.20001220703125,439.8999938964844,345.1000061035156,352.29998779296875,2433318
2020-03-27,MFSL,408.45001220703125,408.45001220703125,475.8999938964844,392.3500061035156,439.20001220703125,2360493
2020-03-30,MFSL,397.8500061035156,397.8500061035156,411.6000061035156,385.20001220703125,385.20001220703125,1065922
2020-03-31,MFSL,384.6000061035156,384.6000061035156,413.6499938964844,379.6499938964844,407.95001220703125,1706240
2020-04-01,MFSL,382.3999938964844,382.3999938964844,401.8999938964844,375.29998779296875,380.0,936702
2020-04-03,MFSL,333.8500061035156,333.8500061035156,375.0,326.6499938964844,373.0,2323689
2020-04-07,MFSL,360.20001220703125,360.20001220703125,367.20001220703125,328.1000061035156,335.0,2791276
2020-04-08,MFSL,355.20001220703125,355.20001220703125,396.0,351.5,354.8999938964844,1541128
2020-04-09,MFSL,352.20001220703125,352.20001220703125,390.70001220703125,347.3999938964844,370.0,1825376
2020-04-13,MFSL,350.95001220703125,350.95001220703125,368.8999938964844,347.1499938964844,355.0,1434381
2020-04-15,MFSL,395.8999938964844,395.8999938964844,412.95001220703125,353.0,353.0,4990393
2020-04-16,MFSL,426.70001220703125,426.70001220703125,435.45001220703125,387.04998779296875,393.04998779296875,5300471
2020-04-17,MFSL,420.6000061035156,420.6000061035156,449.0,413.6499938964844,438.0,1816620
2020-04-20,MFSL,442.20001220703125,442.20001220703125,455.0,418.6000061035156,423.20001220703125,1928444
2020-04-21,MFSL,421.1000061035156,421.1000061035156,434.0,407.54998779296875,434.0,1479123
2020-04-22,MFSL,439.5,439.5,446.3500061035156,411.3500061035156,420.0,1222948
2020-04-23,MFSL,423.8500061035156,423.8500061035156,454.1499938964844,420.0,440.0,1573809
2020-04-24,MFSL,420.1499938964844,420.1499938964844,432.75,400.54998779296875,415.0,1930567
2020-04-27,MFSL,451.95001220703125,451.95001220703125,457.8500061035156,432.79998779296875,433.0,2576291
2020-04-28,MFSL,477.1499938964844,477.1499938964844,492.75,430.0,460.0,13467102
2020-04-29,MFSL,473.0,473.0,480.0,462.70001220703125,480.0,2262910
2020-04-30,MFSL,469.79998779296875,469.79998779296875,489.8500061035156,460.25,477.8999938964844,2081814
2020-05-04,MFSL,462.70001220703125,462.70001220703125,466.3500061035156,444.0,452.20001220703125,2091702
2020-05-05,MFSL,452.6000061035156,452.6000061035156,472.1000061035156,450.0,465.8999938964844,1956312
2020-05-06,MFSL,459.1000061035156,459.1000061035156,465.54998779296875,441.8500061035156,453.25,1925929
2020-05-07,MFSL,442.70001220703125,442.70001220703125,470.0,438.70001220703125,461.0,1861769
2020-05-08,MFSL,450.95001220703125,450.95001220703125,460.1499938964844,443.3500061035156,450.3999938964844,2586205
2020-05-11,MFSL,441.0,441.0,471.3500061035156,438.0,459.3500061035156,1987078
2020-05-12,MFSL,446.8999938964844,446.8999938964844,453.54998779296875,441.0,441.0,1376291
2020-05-13,MFSL,450.45001220703125,450.45001220703125,461.6000061035156,443.04998779296875,459.0,1758308
2020-05-14,MFSL,448.6499938964844,448.6499938964844,457.0,443.5,452.1000061035156,645891
2020-05-15,MFSL,449.1000061035156,449.1000061035156,454.0,447.0,450.0,479335
2020-05-18,MFSL,417.75,417.75,450.8500061035156,407.1499938964844,450.0,1933057
2020-05-19,MFSL,425.8500061035156,425.8500061035156,438.95001220703125,418.5,420.0,1749717
2020-05-20,MFSL,434.95001220703125,434.95001220703125,439.0,411.6499938964844,424.3999938964844,966310
2020-05-21,MFSL,440.04998779296875,440.04998779296875,447.1000061035156,429.29998779296875,438.0,1004744
2020-05-22,MFSL,429.25,429.25,438.0,424.20001220703125,435.54998779296875,989345
2020-05-26,MFSL,438.20001220703125,438.20001220703125,443.8999938964844,421.3500061035156,431.29998779296875,987497
2020-05-27,MFSL,443.70001220703125,443.70001220703125,448.70001220703125,413.0,427.3500061035156,3414848
2020-05-28,MFSL,466.1000061035156,466.1000061035156,470.70001220703125,431.0,443.75,2270949
2020-05-29,MFSL,480.3500061035156,480.3500061035156,491.3500061035156,451.3999938964844,467.3999938964844,1521799
2020-06-01,MFSL,479.45001220703125,479.45001220703125,498.1499938964844,475.0,479.04998779296875,1211046
2020-06-02,MFSL,462.45001220703125,462.45001220703125,486.8999938964844,456.8999938964844,483.0,2789434
2020-06-03,MFSL,451.70001220703125,451.70001220703125,479.70001220703125,450.0,464.0,4002510
2020-06-04,MFSL,460.79998779296875,460.79998779296875,473.45001220703125,452.29998779296875,452.29998779296875,2965249
2020-06-05,MFSL,473.3500061035156,473.3500061035156,475.0,461.45001220703125,466.20001220703125,1005279
2020-06-08,MFSL,476.79998779296875,476.79998779296875,487.79998779296875,474.29998779296875,481.25,1400015
2020-06-09,MFSL,466.29998779296875,466.29998779296875,485.8500061035156,464.1499938964844,479.0,796724
2020-06-10,MFSL,482.95001220703125,482.95001220703125,485.20001220703125,466.0,469.79998779296875,1124587
2020-06-11,MFSL,476.04998779296875,476.04998779296875,493.8999938964844,467.95001220703125,484.95001220703125,1988750
2020-06-12,MFSL,488.8999938964844,488.8999938964844,498.0,461.5,461.5,1650420
2020-06-15,MFSL,475.54998779296875,475.54998779296875,491.29998779296875,471.45001220703125,489.0,1118019
2020-06-16,MFSL,485.8999938964844,485.8999938964844,492.0,468.6499938964844,482.0,1057720
2020-06-17,MFSL,490.1499938964844,490.1499938964844,505.95001220703125,479.3999938964844,480.0,2243431
2020-06-18,MFSL,491.1000061035156,491.1000061035156,501.0,487.3999938964844,489.95001220703125,1210365
2020-06-19,MFSL,503.79998779296875,503.79998779296875,515.0,489.29998779296875,491.1000061035156,1349689
2020-06-22,MFSL,495.29998779296875,495.29998779296875,506.04998779296875,491.5,504.0,886014
2020-06-23,MFSL,495.95001220703125,495.95001220703125,506.0,488.25,496.0,813804
2020-06-24,MFSL,506.6499938964844,506.6499938964844,517.8499755859375,496.20001220703125,496.20001220703125,1190227
2020-06-25,MFSL,536.0,536.0,548.0,499.1000061035156,504.0,3492548
2020-06-26,MFSL,515.5499877929688,515.5499877929688,533.0,511.1499938964844,530.0,1417267
2020-06-29,MFSL,516.2999877929688,516.2999877929688,522.25,496.29998779296875,515.5499877929688,954941
2020-06-30,MFSL,542.0,542.0,554.0,517.1500244140625,524.2000122070312,1413320
2020-07-01,MFSL,536.7000122070312,536.7000122070312,545.0,519.0,537.9000244140625,2414676
2020-07-02,MFSL,545.4500122070312,545.4500122070312,549.2999877929688,525.0,544.0,825630
2020-07-03,MFSL,554.9500122070312,554.9500122070312,562.3499755859375,535.5999755859375,541.0,931730
2020-07-06,MFSL,559.9500122070312,559.9500122070312,566.9500122070312,555.5999755859375,561.0,1124970
2020-07-07,MFSL,559.2999877929688,559.2999877929688,573.7999877929688,554.2999877929688,561.0,2324044
2020-07-08,MFSL,547.0999755859375,547.0999755859375,560.3499755859375,545.0999755859375,560.0,984162
2020-07-09,MFSL,560.0999755859375,560.0999755859375,565.2999877929688,547.0,547.0,953804
2020-07-10,MFSL,561.75,561.75,576.7999877929688,553.0,568.0,1258066
2020-07-13,MFSL,560.5,560.5,565.7999877929688,550.5,559.0,684025
2020-07-14,MFSL,553.9000244140625,553.9000244140625,559.7000122070312,545.75,555.0,542930
2020-07-15,MFSL,534.75,534.75,557.75,531.2999877929688,556.7999877929688,1643301
2020-07-16,MFSL,580.9000244140625,580.9000244140625,587.0,529.1500244140625,537.4000244140625,3756264
2020-07-17,MFSL,574.75,574.75,581.8499755859375,565.0,578.0,1255160
2020-07-20,MFSL,569.1500244140625,569.1500244140625,580.6500244140625,562.4000244140625,580.0,713166
2020-07-21,MFSL,568.0,568.0,577.8499755859375,560.1500244140625,572.0,604518
2020-07-22,MFSL,565.9000244140625,565.9000244140625,594.0,548.5499877929688,570.7999877929688,1627702
2020-07-23,MFSL,570.0999755859375,570.0999755859375,579.7999877929688,561.6500244140625,565.0,1053850
2020-07-24,MFSL,561.4500122070312,561.4500122070312,582.2999877929688,557.2999877929688,568.2999877929688,1082561
2020-07-27,MFSL,554.0499877929688,554.0499877929688,568.8499755859375,549.0999755859375,564.2000122070312,798114
2020-07-28,MFSL,567.7000122070312,567.7000122070312,575.2000122070312,556.3499755859375,557.5,1385470
2020-07-29,MFSL,562.2999877929688,562.2999877929688,573.0,558.0,569.7999877929688,496836
2020-07-30,MFSL,562.5999755859375,562.5999755859375,577.5,546.0,567.0,1299113
2020-07-31,MFSL,558.4000244140625,558.4000244140625,565.9000244140625,538.0999755859375,560.3499755859375,1056610
2020-08-03,MFSL,542.9000244140625,542.9000244140625,560.5999755859375,540.0999755859375,559.0,443505
2020-08-04,MFSL,538.5999755859375,538.5999755859375,549.7999877929688,530.0,545.0,1292004
2020-08-05,MFSL,549.5999755859375,549.5999755859375,554.7000122070312,536.0,541.9000244140625,2879020
2020-08-06,MFSL,539.3499755859375,539.3499755859375,548.4000244140625,536.2000122070312,545.0,1111594
2020-08-07,MFSL,535.9000244140625,535.9000244140625,545.0,530.0,545.0,475324
2020-08-10,MFSL,528.5999755859375,528.5999755859375,541.5,525.2000122070312,541.5,497388
2020-08-11,MFSL,530.2000122070312,530.2000122070312,537.9000244140625,529.0999755859375,531.5999755859375,564583
2020-08-12,MFSL,530.8499755859375,530.8499755859375,541.0,528.1500244140625,535.0,713101
2020-08-13,MFSL,529.6500244140625,529.6500244140625,537.0999755859375,522.2000122070312,532.0,740907
2020-08-14,MFSL,523.0999755859375,523.0999755859375,537.5,520.2999877929688,529.5999755859375,582954
2020-08-17,MFSL,521.1500244140625,521.1500244140625,528.75,514.9000244140625,525.0,385587
2020-08-18,MFSL,543.1500244140625,543.1500244140625,548.75,517.4000244140625,521.5,1175384
2020-08-19,MFSL,540.0999755859375,540.0999755859375,553.8499755859375,536.4500122070312,548.5999755859375,842893
2020-08-20,MFSL,537.0999755859375,537.0999755859375,543.9000244140625,532.0499877929688,538.9500122070312,331374
2020-08-21,MFSL,557.3499755859375,557.3499755859375,569.0,535.3499755859375,541.0,3170968
2020-08-24,MFSL,549.4500122070312,549.4500122070312,565.0,543.4500122070312,562.0,931876
2020-08-25,MFSL,619.8499755859375,619.8499755859375,631.25,580.0,580.0,10808168
2020-08-26,MFSL,618.5999755859375,618.5999755859375,637.9500122070312,607.1500244140625,620.0,3489202
2020-08-27,MFSL,603.4000244140625,603.4000244140625,641.75,597.0999755859375,620.0,3812405
2020-08-28,MFSL,598.0999755859375,598.0999755859375,612.0499877929688,587.7000122070312,609.0,2009907
2020-08-31,MFSL,589.25,589.25,618.2000122070312,575.4000244140625,608.9000244140625,2107134
2020-09-01,MFSL,603.25,603.25,609.0,575.0,587.0999755859375,2068412
2020-09-02,MFSL,594.8499755859375,594.8499755859375,614.0,586.5999755859375,609.0,1666821
2020-09-03,MFSL,615.5499877929688,615.5499877929688,626.0,589.0999755859375,590.0,2445112
2020-09-04,MFSL,593.9000244140625,593.9000244140625,605.5,590.9000244140625,604.8499755859375,832780
2020-09-07,MFSL,590.9500122070312,590.9500122070312,599.75,583.5499877929688,599.0,1145712
2020-09-08,MFSL,584.5999755859375,584.5999755859375,604.0999755859375,579.0,590.9500122070312,1537329
2020-09-09,MFSL,593.8499755859375,593.8499755859375,598.0,578.25,583.0,800168
2020-09-10,MFSL,589.1500244140625,589.1500244140625,600.5999755859375,580.2000122070312,594.4500122070312,813466
2020-09-11,MFSL,597.8499755859375,597.8499755859375,600.9000244140625,580.5499877929688,590.0,1060801
2020-09-14,MFSL,620.2999877929688,620.2999877929688,631.9000244140625,605.0,605.0,2241085
2020-09-15,MFSL,618.6500244140625,618.6500244140625,632.7999877929688,611.25,621.0,993214
2020-09-16,MFSL,620.8499755859375,620.8499755859375,629.25,615.0,619.9500122070312,1052156
2020-09-17,MFSL,621.4000244140625,621.4000244140625,626.2999877929688,606.5,620.0,1076561
2020-09-18,MFSL,610.5,610.5,628.0,606.1500244140625,622.9000244140625,858384
2020-09-21,MFSL,600.2000122070312,600.2000122070312,621.2999877929688,592.1500244140625,612.9000244140625,1027792
2020-09-22,MFSL,594.9000244140625,594.9000244140625,609.7999877929688,588.0499877929688,599.0,5420363
2020-09-23,MFSL,588.2999877929688,588.2999877929688,604.8499755859375,582.0499877929688,592.9500122070312,1600809
2020-09-24,MFSL,579.7999877929688,579.7999877929688,589.3499755859375,567.2999877929688,588.0,1213281
2020-09-25,MFSL,594.25,594.25,601.7000122070312,571.7000122070312,586.2999877929688,748956
2020-09-28,MFSL,619.5499877929688,619.5499877929688,624.4000244140625,596.0,603.0999755859375,5211564
2020-09-29,MFSL,605.9000244140625,605.9000244140625,629.6500244140625,601.0999755859375,622.7000122070312,912352
2020-09-30,MFSL,612.2000122070312,612.2000122070312,617.5999755859375,597.4000244140625,610.0,1339769
2020-10-01,MFSL,618.2999877929688,618.2999877929688,622.0499877929688,612.3499755859375,615.0,647748
2020-10-05,MFSL,612.2999877929688,612.2999877929688,624.9500122070312,600.0,618.0,1457608
2020-10-06,MFSL,621.4000244140625,621.4000244140625,645.0,610.0999755859375,611.0999755859375,3121100
2020-10-07,MFSL,609.5999755859375,609.5999755859375,625.8499755859375,607.1500244140625,624.5999755859375,848567
2020-10-08,MFSL,606.2000122070312,606.2000122070312,614.9000244140625,601.0,610.0,705696
2020-10-09,MFSL,601.9000244140625,601.9000244140625,608.2999877929688,599.0499877929688,606.0,597376
2020-10-12,MFSL,587.9500122070312,587.9500122070312,606.0,579.3499755859375,601.7999877929688,819210
2020-10-13,MFSL,585.4000244140625,585.4000244140625,598.6500244140625,581.5499877929688,586.9500122070312,456278
2020-10-14,MFSL,595.9000244140625,595.9000244140625,598.0,581.5999755859375,584.0999755859375,1251397
2020-10-15,MFSL,579.75,579.75,607.3499755859375,573.0999755859375,597.0,1114052
2020-10-16,MFSL,579.5,579.5,592.7000122070312,577.4000244140625,584.7999877929688,425934
2020-10-19,MFSL,586.5999755859375,586.5999755859375,589.1500244140625,581.0999755859375,582.3499755859375,281483
2020-10-20,MFSL,579.7999877929688,579.7999877929688,587.8499755859375,574.2999877929688,586.5999755859375,459920
2020-10-21,MFSL,574.2999877929688,574.2999877929688,593.0,570.0999755859375,582.0,563696
2020-10-22,MFSL,575.3499755859375,575.3499755859375,584.0999755859375,566.0499877929688,570.0,894289
2020-10-23,MFSL,591.0999755859375,591.0999755859375,593.9000244140625,574.0999755859375,578.0,1280598
2020-10-26,MFSL,575.25,575.25,590.2999877929688,568.5,590.0,512309
2020-10-27,MFSL,578.5999755859375,578.5999755859375,584.0,570.0999755859375,574.9000244140625,1057794
2020-10-28,MFSL,585.0499877929688,585.0499877929688,593.5499877929688,576.7000122070312,579.0499877929688,1394525
2020-10-29,MFSL,590.4000244140625,590.4000244140625,595.5,573.0499877929688,584.9000244140625,996982
2020-10-30,MFSL,590.5499877929688,590.5499877929688,601.8499755859375,583.0,589.0,1027024
2020-11-02,MFSL,601.5,601.5,627.0,588.7999877929688,609.9500122070312,2465081
2020-11-03,MFSL,602.6500244140625,602.6500244140625,613.4500122070312,601.0,605.0,432844
2020-11-04,MFSL,613.8499755859375,613.8499755859375,617.3499755859375,600.0,604.5999755859375,561711
2020-11-05,MFSL,619.1500244140625,619.1500244140625,630.0,611.0999755859375,617.0,2058081
2020-11-06,MFSL,621.1500244140625,621.1500244140625,624.0,608.0,618.2999877929688,697624
2020-11-09,MFSL,619.2000122070312,619.2000122070312,630.2999877929688,615.0999755859375,629.0499877929688,1035541
2020-11-10,MFSL,612.5499877929688,612.5499877929688,623.2000122070312,609.5499877929688,617.75,850121
2020-11-11,MFSL,612.9000244140625,612.9000244140625,617.0999755859375,604.5,612.5999755859375,1053440
2020-11-12,MFSL,608.2999877929688,608.2999877929688,620.0,604.25,613.9500122070312,622682
2020-11-13,MFSL,606.75,606.75,608.4500122070312,599.0,606.5,394546
2020-11-14,MFSL,613.2000122070312,613.2000122070312,616.4500122070312,606.0499877929688,609.7000122070312,67263
2020-11-17,MFSL,613.25,613.25,616.2000122070312,601.0999755859375,612.0,1686818
2020-11-18,MFSL,619.2999877929688,619.2999877929688,631.1500244140625,612.1500244140625,612.1500244140625,3489685
2020-11-19,MFSL,612.75,612.75,625.5,608.5499877929688,620.0,1521740
2020-11-20,MFSL,618.0999755859375,618.0999755859375,623.0,611.5,613.0,808139
2020-11-23,MFSL,633.25,633.25,647.9000244140625,618.0,621.0999755859375,2321068
2020-11-24,MFSL,636.2999877929688,636.2999877929688,646.4500122070312,630.4500122070312,636.9000244140625,1732972
2020-11-25,MFSL,630.0499877929688,630.0499877929688,646.5,628.4000244140625,643.7999877929688,1511323
2020-11-26,MFSL,637.1500244140625,637.1500244140625,639.3499755859375,624.9500122070312,630.4000244140625,417909
2020-11-27,MFSL,648.6500244140625,648.6500244140625,665.0,632.6500244140625,642.0,3440682
2020-12-01,MFSL,640.0999755859375,640.0999755859375,653.4000244140625,632.7999877929688,653.4000244140625,1804684
2020-12-02,MFSL,637.75,637.75,644.9000244140625,629.75,644.9000244140625,682736
2020-12-03,MFSL,634.9500122070312,634.9500122070312,642.0,631.0999755859375,642.0,630462
2020-12-04,MFSL,637.5499877929688,637.5499877929688,639.8499755859375,631.0,638.0,863619
2020-12-07,MFSL,648.7000122070312,648.7000122070312,651.0,634.5,638.0,2478830
2020-12-08,MFSL,637.0999755859375,637.0999755859375,652.4000244140625,630.3499755859375,652.0499877929688,1505324
2020-12-09,MFSL,635.6500244140625,635.6500244140625,640.0,634.0,637.0999755859375,1144734
2020-12-10,MFSL,638.5499877929688,638.5499877929688,646.4000244140625,632.0999755859375,638.0499877929688,2232621
2020-12-11,MFSL,634.0999755859375,634.0999755859375,642.7999877929688,621.5,638.5,1699797
2020-12-14,MFSL,636.9000244140625,636.9000244140625,641.0,626.2999877929688,632.0,2248707
2020-12-15,MFSL,639.9500122070312,639.9500122070312,643.0,633.0499877929688,637.5,1449628
2020-12-16,MFSL,641.4000244140625,641.4000244140625,656.5,635.0,640.8499755859375,3485380
2020-12-17,MFSL,658.5,658.5,671.7000122070312,644.0999755859375,646.0999755859375,4399702
2020-12-18,MFSL,648.25,648.25,663.4500122070312,644.0,651.0,2997018
2020-12-21,MFSL,643.1500244140625,643.1500244140625,689.7000122070312,636.0,645.0,14312298
2020-12-22,MFSL,641.8499755859375,641.8499755859375,655.0,623.7999877929688,647.9000244140625,2414877
2020-12-23,MFSL,684.0,684.0,688.4000244140625,642.4000244140625,643.0,2950685
2020-12-24,MFSL,682.2999877929688,682.2999877929688,697.5,672.0,686.0,2212430
2020-12-28,MFSL,695.5,695.5,703.0,681.4500122070312,687.9000244140625,1737265
2020-12-29,MFSL,680.2999877929688,680.2999877929688,697.5499877929688,679.0499877929688,694.5499877929688,1426651
2020-12-30,MFSL,683.8499755859375,683.8499755859375,690.25,673.0,681.9500122070312,852229
2020-12-31,MFSL,675.0499877929688,675.0499877929688,689.6500244140625,669.4500122070312,680.0,836482
2021-01-01,MFSL,690.9500122070312,690.9500122070312,692.4000244140625,675.0,675.0,885106
2021-01-04,MFSL,689.2999877929688,689.2999877929688,697.5,680.0999755859375,690.75,1100430
2021-01-05,MFSL,701.5,701.5,705.7999877929688,679.0499877929688,686.0,1547797
2021-01-06,MFSL,709.4000244140625,709.4000244140625,716.5,697.2000122070312,707.5499877929688,1966993
2021-01-07,MFSL,723.8499755859375,723.8499755859375,733.0,697.4000244140625,711.0,2059439
2021-01-08,MFSL,726.8499755859375,726.8499755859375,740.4500122070312,718.0,728.0,2251641
2021-01-11,MFSL,715.25,715.25,733.3499755859375,710.0999755859375,728.0,1540749
2021-01-12,MFSL,719.9000244140625,719.9000244140625,726.6500244140625,707.5,715.25,1014153
2021-01-13,MFSL,717.2000122070312,717.2000122070312,734.5,708.2000122070312,723.0,973568
2021-01-14,MFSL,720.1500244140625,720.1500244140625,725.9000244140625,713.2999877929688,716.0,1048756
2021-01-15,MFSL,707.5499877929688,707.5499877929688,724.25,703.25,716.0,852193
2021-01-18,MFSL,692.9500122070312,692.9500122070312,708.7000122070312,686.4000244140625,708.0,1361865
2021-01-19,MFSL,712.5,712.5,722.0,694.2000122070312,700.2999877929688,1198671
2021-01-20,MFSL,715.2000122070312,715.2000122070312,726.0,708.5499877929688,716.0,1013272
2021-01-21,MFSL,704.7000122070312,704.7000122070312,751.7999877929688,694.6500244140625,730.5,2812779
2021-01-22,MFSL,702.0999755859375,702.0999755859375,716.7000122070312,697.0,710.0,968159
2021-01-25,MFSL,698.0499877929688,698.0499877929688,710.0,680.75,705.5,1431566
2021-01-27,MFSL,682.0999755859375,682.0999755859375,702.5,673.2999877929688,695.5,1477397
2021-01-28,MFSL,673.6500244140625,673.6500244140625,692.3499755859375,670.0,678.0,896352
2021-01-29,MFSL,683.0,683.0,692.75,670.6500244140625,677.0,1065233
2021-02-01,MFSL,704.9000244140625,704.9000244140625,714.1500244140625,659.0999755859375,689.0,3097002
2021-02-02,MFSL,696.2999877929688,696.2999877929688,718.6500244140625,686.7000122070312,709.9000244140625,1294020
2021-02-03,MFSL,700.6500244140625,700.6500244140625,706.7000122070312,692.2999877929688,698.0,625616
2021-02-04,MFSL,718.9500122070312,718.9500122070312,724.75,695.5,701.0,960212
2021-02-05,MFSL,715.7999877929688,715.7999877929688,727.4000244140625,705.7000122070312,725.0,800166
2021-02-08,MFSL,728.9500122070312,728.9500122070312,736.9000244140625,715.1500244140625,718.0499877929688,771911
2021-02-09,MFSL,738.0499877929688,738.0499877929688,750.7999877929688,718.3499755859375,730.9000244140625,2105126
2021-02-10,MFSL,776.9000244140625,776.9000244140625,798.9500122070312,742.75,747.4000244140625,7208761
2021-02-11,MFSL,817.75,817.75,831.6500244140625,777.0,778.0,3253359
2021-02-12,MFSL,809.4000244140625,809.4000244140625,825.4500122070312,804.0,820.0,1208971
2021-02-15,MFSL,818.7999877929688,818.7999877929688,847.7999877929688,812.9500122070312,812.9500122070312,1792460
2021-02-16,MFSL,852.75,852.75,859.8499755859375,821.75,822.2999877929688,3555872
2021-02-17,MFSL,868.0999755859375,868.0999755859375,885.0,840.1500244140625,852.75,4085783
2021-02-18,MFSL,869.5499877929688,869.5499877929688,879.7000122070312,858.3499755859375,871.25,1402706
2021-02-19,MFSL,838.7000122070312,838.7000122070312,870.0,829.0499877929688,867.0,1153212
2021-02-22,MFSL,836.0999755859375,836.0999755859375,871.5999755859375,830.0,844.0,2165552
2021-02-23,MFSL,850.1500244140625,850.1500244140625,861.9500122070312,839.0,839.0,2172253
2021-02-24,MFSL,852.7000122070312,852.7000122070312,935.1500244140625,765.1500244140625,850.0,552560
2021-02-25,MFSL,889.0499877929688,889.0499877929688,953.7000122070312,885.3499755859375,909.4000244140625,6832524
2021-02-26,MFSL,866.0999755859375,866.0999755859375,883.7000122070312,855.5,877.0,1978817
2021-03-01,MFSL,861.0999755859375,861.0999755859375,897.6500244140625,858.75,868.0,1695818
2021-03-02,MFSL,892.9500122070312,892.9500122070312,906.0,868.0,868.9000244140625,2406331
2021-03-03,MFSL,923.9500122070312,923.9500122070312,939.7000122070312,901.0999755859375,904.0,2547802
2021-03-04,MFSL,915.5499877929688,915.5499877929688,929.0,905.1500244140625,915.25,834588
2021-03-05,MFSL,917.75,917.75,943.0999755859375,910.0,911.9500122070312,1901448
2021-03-08,MFSL,915.4000244140625,915.4000244140625,924.5,901.6500244140625,924.5,525304
2021-03-09,MFSL,915.1500244140625,915.1500244140625,930.0,911.25,919.0,730126
2021-03-10,MFSL,931.4500122070312,931.4500122070312,935.7999877929688,916.0499877929688,920.0,628524
2021-03-12,MFSL,892.7999877929688,892.7999877929688,944.5499877929688,888.0499877929688,944.5499877929688,980640
2021-03-15,MFSL,893.5499877929688,893.5499877929688,897.2000122070312,873.7000122070312,896.9000244140625,1193991
2021-03-16,MFSL,875.9000244140625,875.9000244140625,907.0499877929688,870.0499877929688,896.0,735304
2021-03-17,MFSL,862.4000244140625,862.4000244140625,877.9000244140625,851.9500122070312,877.9000244140625,764999
2021-03-18,MFSL,862.5999755859375,862.5999755859375,885.4000244140625,855.4500122070312,865.0,874610
2021-03-19,MFSL,859.9500122070312,859.9500122070312,867.0499877929688,845.2000122070312,853.2000122070312,2677566
2021-03-22,MFSL,845.0499877929688,845.0499877929688,864.1500244140625,840.9000244140625,861.0,650232
2021-03-23,MFSL,868.7999877929688,868.7999877929688,874.9500122070312,831.1500244140625,845.0999755859375,1129947
2021-03-24,MFSL,843.0,843.0,877.0,839.7000122070312,862.0,737348
2021-03-25,MFSL,846.6500244140625,846.6500244140625,857.9500122070312,832.9000244140625,843.0,720163
2021-03-26,MFSL,863.9000244140625,863.9000244140625,884.1500244140625,848.4000244140625,865.0,1616319
2021-03-30,MFSL,867.1500244140625,867.1500244140625,884.9000244140625,857.5,865.0,575796
2021-03-31,MFSL,859.4500122070312,859.4500122070312,877.1500244140625,854.1500244140625,868.0999755859375,823746
2021-04-01,MFSL,880.2999877929688,880.2999877929688,883.9000244140625,861.2000122070312,862.5999755859375,368923
2021-04-05,MFSL,870.0499877929688,870.0499877929688,877.0,851.4500122070312,874.0999755859375,748683
2021-04-06,MFSL,889.2999877929688,889.2999877929688,898.0,862.6500244140625,873.5,1355429
2021-04-07,MFSL,889.9000244140625,889.9000244140625,902.9500122070312,884.0499877929688,894.9500122070312,740186
2021-04-08,MFSL,893.8499755859375,893.8499755859375,909.75,888.4500122070312,891.0,734310
2021-04-09,MFSL,886.1500244140625,886.1500244140625,903.5999755859375,878.1500244140625,886.0,516847
2021-04-12,MFSL,849.2999877929688,849.2999877929688,876.0,838.1500244140625,875.0,516691
2021-04-13,MFSL,874.1500244140625,874.1500244140625,876.5,846.2999877929688,853.7999877929688,293386
2021-04-15,MFSL,876.4500122070312,876.4500122070312,881.7999877929688,852.25,875.0,426756
2021-04-16,MFSL,872.0,872.0,893.9000244140625,869.0,880.7999877929688,498017
2021-04-19,MFSL,858.2000122070312,858.2000122070312,864.0999755859375,845.6500244140625,864.0999755859375,356039
2021-04-20,MFSL,848.4000244140625,848.4000244140625,883.5499877929688,843.0,865.0,395434
2021-04-22,MFSL,854.3499755859375,854.3499755859375,859.4500122070312,834.0,841.5999755859375,395862
2021-04-23,MFSL,863.5999755859375,863.5999755859375,868.0,853.6500244140625,859.0,502189
2021-04-26,MFSL,881.8499755859375,881.8499755859375,891.2000122070312,856.5999755859375,867.4000244140625,728507
2021-04-27,MFSL,891.1500244140625,891.1500244140625,898.0,880.5499877929688,886.2000122070312,576252
2021-04-28,MFSL,919.5,919.5,931.6500244140625,891.1500244140625,891.1500244140625,660310
2021-04-29,MFSL,914.5499877929688,914.5499877929688,929.0,912.4500122070312,925.0,253990
2021-04-30,MFSL,895.9000244140625,895.9000244140625,919.7000122070312,890.25,915.4000244140625,669783
2021-05-03,MFSL,895.0999755859375,895.0999755859375,904.3499755859375,881.5,898.9000244140625,506876
2021-05-04,MFSL,896.7000122070312,896.7000122070312,921.2000122070312,890.2999877929688,900.0,310498
2021-05-05,MFSL,889.5499877929688,889.5499877929688,907.25,875.25,899.1500244140625,496453
2021-05-06,MFSL,931.4500122070312,931.4500122070312,951.2999877929688,891.0499877929688,892.9000244140625,1282486
2021-05-07,MFSL,916.7000122070312,916.7000122070312,940.25,911.0,935.0,552454
2021-05-10,MFSL,910.5999755859375,910.5999755859375,929.0499877929688,907.75,929.0,444429
2021-05-11,MFSL,918.0499877929688,918.0499877929688,921.5,904.4000244140625,910.5999755859375,292451
2021-05-12,MFSL,891.0499877929688,891.0499877929688,919.0,886.0,919.0,342530
2021-05-14,MFSL,881.5,881.5,900.0,865.4500122070312,899.4000244140625,297331
2021-05-17,MFSL,898.0999755859375,898.0999755859375,903.2000122070312,876.2000122070312,877.0999755859375,410173
2021-05-18,MFSL,890.2000122070312,890.2000122070312,905.5499877929688,885.25,896.25,370695
2021-05-19,MFSL,884.8499755859375,884.8499755859375,889.9000244140625,873.0,889.9000244140625,485493
2021-05-20,MFSL,884.3499755859375,884.3499755859375,893.4000244140625,875.9500122070312,888.0,235681
2021-05-21,MFSL,902.75,902.75,914.4000244140625,880.0499877929688,889.0,775770
2021-05-24,MFSL,900.3499755859375,900.3499755859375,914.9000244140625,895.75,914.9000244140625,372196
2021-05-25,MFSL,928.1500244140625,928.1500244140625,934.0,899.0499877929688,900.0,946774
2021-05-26,MFSL,934.2999877929688,934.2999877929688,964.7999877929688,925.5499877929688,937.0499877929688,2346723
2021-05-27,MFSL,943.0999755859375,943.0999755859375,958.75,926.4500122070312,934.0,1010666
2021-05-28,MFSL,935.25,935.25,960.0,930.5,943.0,773149
2021-05-31,MFSL,933.0999755859375,933.0999755859375,948.7999877929688,927.9500122070312,938.2000122070312,569105
2021-06-01,MFSL,936.4500122070312,936.4500122070312,942.7999877929688,928.9000244140625,933.0999755859375,322947
2021-06-02,MFSL,949.8499755859375,949.8499755859375,974.5,929.6500244140625,935.0,1279278
2021-06-03,MFSL,959.0499877929688,959.0499877929688,964.9500122070312,943.7000122070312,953.4000244140625,321898
2021-06-04,MFSL,958.0,958.0,986.0,952.0999755859375,967.8499755859375,1398765
2021-06-07,MFSL,983.6500244140625,983.6500244140625,1002.5,958.2999877929688,961.0,1648479
2021-06-08,MFSL,1014.4000244140625,1014.4000244140625,1027.300048828125,975.0999755859375,994.5,2804202
2021-06-09,MFSL,997.4500122070312,997.4500122070312,1050.0,981.0,1039.0,4508624
2021-06-10,MFSL,1027.949951171875,1027.949951171875,1037.6500244140625,1009.4000244140625,1009.4500122070312,1856737
2021-06-11,MFSL,1016.9500122070312,1016.9500122070312,1043.699951171875,1005.5499877929688,1030.0,1132051
2021-06-14,MFSL,1000.5999755859375,1000.5999755859375,1020.8499755859375,990.0499877929688,1020.8499755859375,983069
2021-06-15,MFSL,1024.699951171875,1024.699951171875,1028.0,1002.0,1010.2000122070312,870593
2021-06-16,MFSL,1022.1500244140625,1022.1500244140625,1044.050048828125,1019.0,1024.0,1039422
2021-06-17,MFSL,1005.0,1005.0,1039.4000244140625,986.6500244140625,1003.0999755859375,9939255
2021-06-18,MFSL,978.2000122070312,978.2000122070312,1017.5,968.5,1003.0,1624780
2021-06-21,MFSL,1019.4000244140625,1019.4000244140625,1025.5999755859375,963.4500122070312,975.0,1331678
2021-06-22,MFSL,1004.25,1004.25,1032.5,1002.0,1024.25,811505
2021-06-23,MFSL,1015.5499877929688,1015.5499877929688,1020.0,1000.0,1005.0,569191
2021-06-24,MFSL,1027.449951171875,1027.449951171875,1039.800048828125,1010.0999755859375,1014.0,1006330
2021-06-25,MFSL,1084.550048828125,1084.550048828125,1090.0,1024.050048828125,1029.300048828125,2168927
2021-06-28,MFSL,1079.5999755859375,1079.5999755859375,1093.25,1063.5999755859375,1089.0,818595
2021-06-29,MFSL,1079.5,1079.5,1097.550048828125,1070.0,1073.0,979696
2021-06-30,MFSL,1060.4000244140625,1060.4000244140625,1085.0,1057.3499755859375,1085.0,677206
2021-07-01,MFSL,1050.5999755859375,1050.5999755859375,1074.8499755859375,1046.800048828125,1065.9000244140625,306853
2021-07-02,MFSL,1034.8499755859375,1034.8499755859375,1058.6500244140625,1032.4000244140625,1051.0,652655
2021-07-05,MFSL,1031.25,1031.25,1042.5,1014.0,1037.5,960748
2021-07-06,MFSL,1040.1500244140625,1040.1500244140625,1056.3499755859375,1032.1500244140625,1035.0,861383
2021-07-07,MFSL,1051.449951171875,1051.449951171875,1059.800048828125,1037.0,1040.1500244140625,606530
2021-07-08,MFSL,1048.75,1048.75,1067.4000244140625,1040.800048828125,1040.800048828125,811327
2021-07-09,MFSL,1077.25,1077.25,1079.0999755859375,1036.8499755859375,1048.75,664999
2021-07-12,MFSL,1071.9000244140625,1071.9000244140625,1082.5999755859375,1064.0999755859375,1080.0,494502
2021-07-13,MFSL,1078.8499755859375,1078.8499755859375,1083.0,1055.1500244140625,1072.0,805173
2021-07-14,MFSL,1074.449951171875,1074.449951171875,1079.0,1064.199951171875,1076.5,548232
2021-07-15,MFSL,1058.75,1058.75,1091.0,1054.3499755859375,1076.0,723207
2021-07-16,MFSL,1064.5,1064.5,1090.0,1058.0,1067.9000244140625,625948
2021-07-19,MFSL,1065.0,1065.0,1071.25,1047.0999755859375,1064.5,365562
2021-07-20,MFSL,1047.75,1047.75,1068.8499755859375,1035.0999755859375,1067.75,286154
2021-07-22,MFSL,1056.0,1056.0,1077.0,1047.8499755859375,1052.5,380240
2021-07-23,MFSL,1081.5,1081.5,1120.0,1058.0,1058.0,2125615
2021-07-26,MFSL,1116.5,1116.5,1125.0,1063.0,1078.0,888681
2021-07-27,MFSL,1123.949951171875,1123.949951171875,1145.0,1115.0,1127.6500244140625,1933936
2021-07-28,MFSL,1114.800048828125,1114.800048828125,1134.449951171875,1108.800048828125,1127.949951171875,1346064
2021-07-29,MFSL,1114.8499755859375,1114.8499755859375,1148.050048828125,1110.5,1118.0,1014364
2021-07-30,MFSL,1122.0999755859375,1122.0999755859375,1135.0,1106.1500244140625,1120.4000244140625,768829
2021-08-02,MFSL,1103.25,1103.25,1132.699951171875,1099.800048828125,1124.699951171875,899835
2021-08-03,MFSL,1124.699951171875,1124.699951171875,1131.0,1087.0,1107.0,895538
2021-08-04,MFSL,1108.5,1108.5,1140.0,1104.1500244140625,1134.5,1582480
2021-08-05,MFSL,1081.75,1081.75,1110.9000244140625,1073.5999755859375,1110.9000244140625,706422
2021-08-06,MFSL,1088.0999755859375,1088.0999755859375,1108.3499755859375,1081.0,1084.699951171875,493425
2021-08-09,MFSL,1067.0999755859375,1067.0999755859375,1100.0,1052.449951171875,1089.9000244140625,385184
2021-08-10,MFSL,1028.25,1028.25,1092.4000244140625,1000.0,1076.75,1904182
2021-08-11,MFSL,1061.949951171875,1061.949951171875,1081.0999755859375,1010.25,1016.5499877929688,1802433
2021-08-12,MFSL,1078.9000244140625,1078.9000244140625,1109.0,1032.800048828125,1057.800048828125,1144931
2021-08-13,MFSL,1078.5999755859375,1078.5999755859375,1098.4000244140625,1066.449951171875,1085.1500244140625,538719
2021-08-16,MFSL,1054.5,1054.5,1082.800048828125,1048.25,1080.0,921559
2021-08-17,MFSL,1077.4000244140625,1077.4000244140625,1082.4000244140625,1044.0,1046.5,611438
2021-08-18,MFSL,1066.800048828125,1066.800048828125,1085.0,1059.300048828125,1077.0,723108
2021-08-20,MFSL,1036.4000244140625,1036.4000244140625,1075.300048828125,1032.050048828125,1050.0,582652
2021-08-23,MFSL,1041.050048828125,1041.050048828125,1083.0,1034.300048828125,1040.050048828125,1301351
2021-08-24,MFSL,1043.800048828125,1043.800048828125,1056.6500244140625,1019.1500244140625,1052.0,1859658
2021-08-25,MFSL,1021.3499755859375,1021.3499755859375,1061.5999755859375,1017.0499877929688,1054.699951171875,593752
2021-08-26,MFSL,1024.449951171875,1024.449951171875,1038.699951171875,1013.3499755859375,1013.3499755859375,490524
2021-08-27,MFSL,1019.7999877929688,1019.7999877929688,1036.0999755859375,1009.0,1025.0,617699
2021-08-30,MFSL,1063.300048828125,1063.300048828125,1069.949951171875,1016.5,1024.800048828125,855063
2021-08-31,MFSL,1088.1500244140625,1088.1500244140625,1094.0,1059.300048828125,1061.0,913776
2021-09-01,MFSL,1074.0999755859375,1074.0999755859375,1102.550048828125,1070.0,1089.0,705333
2021-09-02,MFSL,1086.800048828125,1086.800048828125,1100.75,1043.0,1077.949951171875,1051640
2021-09-03,MFSL,1066.9000244140625,1066.9000244140625,1099.300048828125,1048.0,1092.5,859737
2021-09-06,MFSL,1071.5999755859375,1071.5999755859375,1090.949951171875,1069.050048828125,1070.0,738029
2021-09-07,MFSL,1090.949951171875,1090.949951171875,1112.6500244140625,1061.3499755859375,1076.949951171875,1418888
2021-09-08,MFSL,1089.5999755859375,1089.5999755859375,1105.0,1074.25,1091.0,833192
2021-09-09,MFSL,1085.3499755859375,1085.3499755859375,1097.0,1075.0,1075.0,538913
2021-09-13,MFSL,1094.9000244140625,1094.9000244140625,1111.6500244140625,1070.5,1094.0,590667
2021-09-14,MFSL,1093.699951171875,1093.699951171875,1115.4000244140625,1088.0999755859375,1101.0,628172
2021-09-15,MFSL,1130.8499755859375,1130.8499755859375,1137.0,1093.949951171875,1098.800048828125,1122884
2021-09-16,MFSL,1104.449951171875,1104.449951171875,1136.449951171875,1101.0,1128.0,473774
2021-09-17,MFSL,1081.699951171875,1081.699951171875,1122.75,1073.0,1114.0999755859375,3421832
2021-09-20,MFSL,1048.0,1048.0,1080.0999755859375,1041.949951171875,1080.0999755859375,616108
2021-09-21,MFSL,1046.3499755859375,1046.3499755859375,1056.9000244140625,1028.75,1050.0,536055
2021-09-22,MFSL,1039.199951171875,1039.199951171875,1066.0,1035.0999755859375,1050.0,270710
2021-09-23,MFSL,1041.199951171875,1041.199951171875,1054.800048828125,1022.8499755859375,1054.800048828125,730906
2021-09-24,MFSL,1045.25,1045.25,1065.0,1041.0,1052.0,748894
2021-09-27,MFSL,1030.050048828125,1030.050048828125,1056.0999755859375,1019.25,1050.0,972222
2021-09-28,MFSL,1003.0,1003.0,1034.800048828125,983.2000122070312,1026.0,937602
2021-09-29,MFSL,1004.2999877929688,1004.2999877929688,1008.6500244140625,982.0499877929688,986.0,1336616
2021-09-30,MFSL,1014.2999877929688,1014.2999877929688,1026.0,997.7000122070312,1009.5999755859375,785594
2021-10-01,MFSL,1012.75,1012.75,1024.449951171875,993.75,1017.1500244140625,901962
2021-10-04,MFSL,1019.3499755859375,1019.3499755859375,1028.199951171875,1010.5,1013.4500122070312,398371
2021-10-05,MFSL,1015.2000122070312,1015.2000122070312,1026.800048828125,1004.7000122070312,1024.0,473749
2021-10-06,MFSL,1020.8499755859375,1020.8499755859375,1045.5999755859375,1013.0,1018.0,1305712
2021-10-07,MFSL,1026.6500244140625,1026.6500244140625,1038.0,1024.050048828125,1025.949951171875,273771
2021-10-08,MFSL,998.9000244140625,998.9000244140625,1032.949951171875,996.1500244140625,1032.949951171875,524861
2021-10-11,MFSL,994.9500122070312,994.9500122070312,1007.75,985.5,997.0,676703
2021-10-12,MFSL,999.9000244140625,999.9000244140625,1014.9000244140625,992.0,999.8499755859375,885062
2021-10-13,MFSL,993.6500244140625,993.6500244140625,1011.0,990.5,1000.7999877929688,562910
2021-10-14,MFSL,988.25,988.25,998.0,982.5,996.9000244140625,817971
2021-10-18,MFSL,1001.5999755859375,1001.5999755859375,1016.2999877929688,992.5999755859375,994.0499877929688,514982
2021-10-19,MFSL,981.0,981.0,1009.9000244140625,975.1500244140625,1009.9000244140625,1496561
2021-10-20,MFSL,979.5,979.5,988.0,959.2999877929688,981.0,2492736
2021-10-21,MFSL,980.0999755859375,980.0999755859375,992.0,966.4000244140625,984.3499755859375,953559
2021-10-22,MFSL,977.0499877929688,977.0499877929688,1000.9500122070312,966.0499877929688,985.0,570015
2021-10-25,MFSL,958.3499755859375,958.3499755859375,979.8499755859375,944.25,973.0,1185724
2021-10-26,MFSL,975.9000244140625,975.9000244140625,993.9000244140625,954.6500244140625,956.5,1689758
2021-10-27,MFSL,980.75,980.75,992.25,975.0499877929688,980.0,1451076
2021-10-28,MFSL,980.25,980.25,993.1500244140625,974.2999877929688,980.75,637750
2021-10-29,MFSL,973.5999755859375,973.5999755859375,989.0,956.1500244140625,970.2000122070312,367794
2021-11-01,MFSL,989.6500244140625,989.6500244140625,996.1500244140625,973.0,973.0,438184
2021-11-02,MFSL,983.7000122070312,983.7000122070312,992.9500122070312,980.4500122070312,990.0,396350
2021-11-03,MFSL,980.0499877929688,980.0499877929688,991.7999877929688,965.5499877929688,987.5,578125
2021-11-04,MFSL,979.75,979.75,988.0,972.6500244140625,988.0,16379
2021-11-08,MFSL,1000.0999755859375,1000.0999755859375,1009.4000244140625,979.75,981.0,412181
2021-11-09,MFSL,1000.75,1000.75,1013.9000244140625,992.5499877929688,1005.0999755859375,636700
2021-11-10,MFSL,993.0499877929688,993.0499877929688,1026.5,975.0,1021.0,797294
2021-11-11,MFSL,964.6500244140625,964.6500244140625,998.4000244140625,962.2999877929688,998.0,490633
2021-11-12,MFSL,973.5499877929688,973.5499877929688,982.9500122070312,955.0999755859375,956.2999877929688,1248970
2021-11-15,MFSL,964.9000244140625,964.9000244140625,987.4000244140625,960.5,980.0,318792
2021-11-16,MFSL,959.2999877929688,959.2999877929688,975.8499755859375,954.0999755859375,964.0,429440
2021-11-17,MFSL,948.5999755859375,948.5999755859375,958.8499755859375,944.8499755859375,952.7999877929688,762507
2021-11-18,MFSL,949.9000244140625,949.9000244140625,957.0,937.0999755859375,946.9500122070312,603082
2021-11-22,MFSL,923.5499877929688,923.5499877929688,952.4500122070312,915.2999877929688,950.0,750893
2021-11-23,MFSL,946.25,946.25,953.7000122070312,910.5,913.75,618887
2021-11-24,MFSL,940.9000244140625,940.9000244140625,962.75,937.8499755859375,950.0,478680
2021-11-25,MFSL,954.9500122070312,954.9500122070312,958.0,935.1500244140625,942.9000244140625,233942
2021-11-26,MFSL,942.0999755859375,942.0999755859375,961.0999755859375,933.0,950.0,466813
2021-11-29,MFSL,937.6500244140625,937.6500244140625,951.7999877929688,910.25,932.2999877929688,439740
2021-11-30,MFSL,940.25,940.25,958.75,926.25,932.8499755859375,462327
2021-12-01,MFSL,968.4000244140625,968.4000244140625,975.0,944.2999877929688,944.9500122070312,552794
2021-12-02,MFSL,965.3499755859375,965.3499755859375,970.6500244140625,958.75,969.0,196690
2021-12-03,MFSL,974.0999755859375,974.0999755859375,984.9000244140625,960.0,960.0,254241
2021-12-06,MFSL,955.0499877929688,955.0499877929688,988.7999877929688,941.5499877929688,975.9500122070312,1067454
2021-12-07,MFSL,969.3499755859375,969.3499755859375,971.7999877929688,946.4000244140625,950.0,734868
2021-12-08,MFSL,979.5499877929688,979.5499877929688,981.5,967.8499755859375,970.0,396861
2021-12-09,MFSL,972.0999755859375,972.0999755859375,987.5,969.6500244140625,980.0,224791
2021-12-10,MFSL,991.75,991.75,996.5,968.5,972.5,463657
2021-12-13,MFSL,996.0499877929688,996.0499877929688,1000.0,990.0,997.0,228298
2021-12-14,MFSL,996.0499877929688,996.0499877929688,999.5,982.0499877929688,995.0499877929688,326854
2021-12-15,MFSL,979.4000244140625,979.4000244140625,1016.0,974.3499755859375,997.0,366013
2021-12-16,MFSL,976.75,976.75,989.0,974.2999877929688,981.0,129556
2021-12-17,MFSL,946.3499755859375,946.3499755859375,979.7999877929688,936.0,977.0,520367
2021-12-20,MFSL,934.2999877929688,934.2999877929688,945.7000122070312,881.0,942.5,372744
2021-12-21,MFSL,965.3499755859375,965.3499755859375,970.0,924.0,926.0,288349
2021-12-22,MFSL,951.9500122070312,951.9500122070312,976.0,949.4000244140625,971.0,229254
2021-12-23,MFSL,963.5,963.5,969.9000244140625,953.25,953.25,128365
2021-12-24,MFSL,949.1500244140625,949.1500244140625,968.0499877929688,946.5,966.0,116245
2021-12-27,MFSL,955.25,955.25,965.25,939.5499877929688,949.1500244140625,204449
2021-12-28,MFSL,969.5,969.5,995.0,955.4500122070312,960.2999877929688,445626
2021-12-29,MFSL,960.9000244140625,960.9000244140625,988.2999877929688,958.0,972.0,426693
2021-12-30,MFSL,982.2000122070312,982.2000122070312,990.0,953.25,955.0,286433
2021-12-31,MFSL,980.3499755859375,980.3499755859375,987.1500244140625,969.0499877929688,982.2000122070312,202398
2022-01-03,MFSL,1017.3499755859375,1017.3499755859375,1020.75,981.7999877929688,983.0,445918
2022-01-04,MFSL,1027.1500244140625,1027.1500244140625,1041.699951171875,1010.0999755859375,1016.0,478153
2022-01-05,MFSL,1013.0,1013.0,1032.25,1006.0999755859375,1021.0,289439
2022-01-06,MFSL,1016.0999755859375,1016.0999755859375,1019.5499877929688,990.0,1004.0,571703
2022-01-07,MFSL,1033.949951171875,1033.949951171875,1036.949951171875,997.8499755859375,1008.0,1113706
2022-01-10,MFSL,1053.75,1053.75,1072.6500244140625,1034.0999755859375,1041.800048828125,1077013
2022-01-11,MFSL,1068.800048828125,1068.800048828125,1080.699951171875,1046.1500244140625,1053.0,1185695
2022-01-12,MFSL,1052.75,1052.75,1068.800048828125,1042.199951171875,1066.0,302278
2022-01-13,MFSL,1051.0,1051.0,1057.5999755859375,1043.5,1055.0,362711
2022-01-14,MFSL,1031.300048828125,1031.300048828125,1059.0,1022.0,1054.0999755859375,605040
2022-01-17,MFSL,1020.0,1020.0,1035.699951171875,1016.2000122070312,1031.300048828125,347930
2022-01-18,MFSL,1017.5,1017.5,1038.550048828125,1010.5,1029.0999755859375,476014
2022-01-19,MFSL,995.0,995.0,1019.8499755859375,991.0499877929688,1018.0,360574
2022-01-20,MFSL,972.0999755859375,972.0999755859375,1000.0,965.9500122070312,1000.0,679625
2022-01-21,MFSL,933.25,933.25,971.9000244140625,928.0,971.9000244140625,1505922
2022-01-24,MFSL,909.2999877929688,909.2999877929688,934.0,891.2000122070312,934.0,838522
2022-01-25,MFSL,884.8499755859375,884.8499755859375,919.5,872.7999877929688,890.0,1198055
2022-01-27,MFSL,894.2999877929688,894.2999877929688,903.7999877929688,862.7000122070312,885.0,865685
2022-01-28,MFSL,913.4000244140625,913.4000244140625,945.4500122070312,895.0,909.5999755859375,639411
2022-01-31,MFSL,952.1500244140625,952.1500244140625,955.0,890.0,907.5499877929688,1206887
2022-02-01,MFSL,928.8499755859375,928.8499755859375,960.2000122070312,923.5,951.0,957544
2022-02-02,MFSL,925.1500244140625,925.1500244140625,935.5,917.0,934.0,620013
2022-02-03,MFSL,907.0499877929688,907.0499877929688,925.0,899.0,925.0,497782
2022-02-04,MFSL,884.4000244140625,884.4000244140625,909.9500122070312,880.5,908.0,740569
2022-02-07,MFSL,869.2999877929688,869.2999877929688,884.4000244140625,851.0499877929688,875.0,1157647
2022-02-08,MFSL,858.8499755859375,858.8499755859375,881.25,855.2999877929688,865.0,398616
2022-02-09,MFSL,879.1500244140625,879.1500244140625,880.0,861.9500122070312,863.9500122070312,384437
2022-02-10,MFSL,878.2999877929688,878.2999877929688,885.0,858.1500244140625,879.5,1737453
2022-02-11,MFSL,861.0499877929688,861.0499877929688,878.7000122070312,857.3499755859375,875.0,376602
2022-02-14,MFSL,826.5,826.5,852.4500122070312,818.0999755859375,850.0,391509
2022-02-15,MFSL,857.9000244140625,857.9000244140625,865.0,822.3499755859375,834.0,765084
2022-02-16,MFSL,847.0999755859375,847.0999755859375,867.25,842.6500244140625,856.0,369426
2022-02-17,MFSL,855.2999877929688,855.2999877929688,859.0,843.0,847.0999755859375,384621
2022-02-18,MFSL,853.0499877929688,853.0499877929688,881.0999755859375,839.4000244140625,854.7999877929688,789572
2022-02-21,MFSL,842.7000122070312,842.7000122070312,856.0,831.75,852.0,319346
2022-02-22,MFSL,832.2000122070312,832.2000122070312,839.9500122070312,814.9500122070312,815.0,504251
2022-02-23,MFSL,831.7999877929688,831.7999877929688,845.5,825.0999755859375,837.9500122070312,324587
2022-02-24,MFSL,809.75,809.75,818.0499877929688,802.0,815.0,915583
2022-02-25,MFSL,817.7999877929688,817.7999877929688,842.9000244140625,810.7000122070312,828.0,608971
2022-02-28,MFSL,829.7999877929688,829.7999877929688,847.0499877929688,795.25,817.7999877929688,838877
2022-03-02,MFSL,853.5499877929688,853.5499877929688,859.0,815.5,815.5,891755
2022-03-03,MFSL,815.5999755859375,815.5999755859375,861.0999755859375,812.0499877929688,859.0,309571
2022-03-04,MFSL,789.5499877929688,789.5499877929688,811.8499755859375,781.1500244140625,806.0,383707
2022-03-07,MFSL,779.1500244140625,779.1500244140625,798.25,755.0499877929688,757.0,981210
2022-03-08,MFSL,774.5,774.5,786.1500244140625,756.0,772.0999755859375,316217
2022-03-09,MFSL,785.0,785.0,796.9500122070312,771.0,774.5,762769
2022-03-10,MFSL,773.5999755859375,773.5999755859375,805.4500122070312,765.7000122070312,803.0,347901
2022-03-11,MFSL,787.5999755859375,787.5999755859375,791.25,767.8499755859375,768.0,412172
2022-03-14,MFSL,779.4000244140625,779.4000244140625,786.0,770.5,786.0,165085
2022-03-15,MFSL,774.4000244140625,774.4000244140625,799.75,766.4000244140625,783.0,672260
2022-03-16,MFSL,780.9000244140625,780.9000244140625,800.0,776.25,779.0999755859375,314597
2022-03-17,MFSL,805.0999755859375,805.0999755859375,814.5,787.2000122070312,787.2000122070312,990944
2022-03-21,MFSL,778.5499877929688,778.5499877929688,805.0,766.3499755859375,805.0,767844
2022-03-22,MFSL,784.0499877929688,784.0499877929688,794.0,769.1500244140625,782.5999755859375,577994
2022-03-23,MFSL,770.0,770.0,795.0,765.0,787.9500122070312,592082
2022-03-24,MFSL,747.6500244140625,747.6500244140625,768.3499755859375,744.75,752.2000122070312,731750
2022-03-25,MFSL,732.0999755859375,732.0999755859375,753.75,728.0499877929688,749.0,427695
2022-03-28,MFSL,703.0499877929688,703.0499877929688,736.0,700.0,735.75,995173
2022-03-29,MFSL,740.0,740.0,741.7999877929688,703.5999755859375,703.5999755859375,1551942
2022-03-30,MFSL,744.2000122070312,744.2000122070312,749.9000244140625,738.7000122070312,745.0,1249036
2022-03-31,MFSL,753.9000244140625,753.9000244140625,765.0,743.7999877929688,747.4500122070312,843788
2022-04-01,MFSL,774.25,774.25,777.0,751.5,751.5,520790
2022-04-04,MFSL,791.25,791.25,795.75,773.7999877929688,773.7999877929688,345275
2022-04-05,MFSL,779.8499755859375,779.8499755859375,794.9000244140625,772.3499755859375,791.25,936951
2022-04-06,MFSL,776.5999755859375,776.5999755859375,791.0,769.0,781.0,336563
2022-04-07,MFSL,780.3499755859375,780.3499755859375,794.0,771.0,777.9500122070312,326773
2022-04-08,MFSL,801.2000122070312,801.2000122070312,807.7999877929688,779.5499877929688,799.0,1425297
2022-04-11,MFSL,795.7000122070312,795.7000122070312,806.0,793.0,805.4000244140625,533932
2022-04-12,MFSL,774.0,774.0,795.0,760.9500122070312,795.0,1061845
2022-04-13,MFSL,785.5,785.5,794.0,774.4500122070312,778.0999755859375,356022
2022-04-18,MFSL,772.7999877929688,772.7999877929688,789.3499755859375,754.9500122070312,785.5,464281
2022-04-19,MFSL,741.25,741.25,784.0,726.0,773.2000122070312,605000
2022-04-20,MFSL,740.2000122070312,740.2000122070312,748.9500122070312,733.7000122070312,742.0499877929688,455199
2022-04-21,MFSL,747.4500122070312,747.4500122070312,759.7999877929688,741.4000244140625,746.0,391800
2022-04-22,MFSL,741.0,741.0,769.0,735.0,741.5,513725
2022-04-25,MFSL,723.7000122070312,723.7000122070312,737.2999877929688,713.2999877929688,736.5999755859375,325619
2022-04-26,MFSL,753.5999755859375,753.5999755859375,757.0,729.0,737.0999755859375,398383
2022-04-27,MFSL,749.25,749.25,759.9000244140625,740.9000244140625,741.0,483162
2022-04-28,MFSL,766.2999877929688,766.2999877929688,773.5,744.2999877929688,755.0,1022429
2022-04-29,MFSL,757.5999755859375,757.5999755859375,779.4000244140625,750.9000244140625,766.3499755859375,366772
2022-05-02,MFSL,734.5999755859375,734.5999755859375,750.75,732.2999877929688,750.7000122070312,271279
2022-05-04,MFSL,717.9000244140625,717.9000244140625,747.0,713.8499755859375,739.4000244140625,400573
2022-05-05,MFSL,730.0499877929688,730.0499877929688,733.9500122070312,719.2000122070312,719.2000122070312,193767
2022-05-06,MFSL,710.4000244140625,710.4000244140625,726.9500122070312,701.75,723.4000244140625,246488
2022-05-09,MFSL,707.5499877929688,707.5499877929688,713.9500122070312,696.5,704.0,236062
2022-05-10,MFSL,702.0,702.0,718.1500244140625,698.0,700.25,245032
2022-05-11,MFSL,721.0,721.0,743.9500122070312,711.9000244140625,711.9000244140625,1719079
2022-05-12,MFSL,709.1500244140625,709.1500244140625,727.0,702.5499877929688,715.0,906187
2022-05-13,MFSL,715.9500122070312,715.9500122070312,739.7999877929688,712.3499755859375,712.4500122070312,372416
2022-05-16,MFSL,721.4000244140625,721.4000244140625,729.9500122070312,707.2999877929688,719.5,416465
2022-05-17,MFSL,738.8499755859375,738.8499755859375,740.1500244140625,716.0,724.0,224095
2022-05-18,MFSL,735.4000244140625,735.4000244140625,749.0,734.5,739.5,451173
2022-05-19,MFSL,708.0999755859375,708.0999755859375,733.7000122070312,703.5,725.0,524489
2022-05-20,MFSL,718.4000244140625,718.4000244140625,721.4000244140625,705.5,713.0999755859375,267874
2022-05-23,MFSL,728.8499755859375,728.8499755859375,741.0499877929688,716.0999755859375,721.0,233312
2022-05-24,MFSL,716.7000122070312,716.7000122070312,727.5499877929688,708.75,723.7999877929688,550301
2022-05-25,MFSL,730.4500122070312,730.4500122070312,740.0,713.9000244140625,719.5,418916
2022-05-26,MFSL,768.4000244140625,768.4000244140625,774.4000244140625,732.0,733.9000244140625,710118
2022-05-27,MFSL,749.9000244140625,749.9000244140625,777.0,744.0,768.2000122070312,438254
2022-05-30,MFSL,772.7000122070312,772.7000122070312,779.0499877929688,752.4000244140625,752.4000244140625,280795
2022-05-31,MFSL,794.7000122070312,794.7000122070312,806.0,771.3499755859375,773.9500122070312,866654
2022-06-01,MFSL,807.0499877929688,807.0499877929688,825.0,791.5999755859375,796.0,1170675
2022-06-02,MFSL,810.0999755859375,810.0999755859375,811.75,794.4500122070312,804.9500122070312,398547
2022-06-03,MFSL,801.5499877929688,801.5499877929688,819.0999755859375,797.75,815.6500244140625,328188
2022-06-06,MFSL,813.0499877929688,813.0499877929688,817.5999755859375,791.2999877929688,794.2999877929688,293669
2022-06-07,MFSL,810.9000244140625,810.9000244140625,814.2000122070312,802.0,809.3499755859375,310966
2022-06-08,MFSL,825.4000244140625,825.4000244140625,832.9500122070312,805.6500244140625,810.9000244140625,904020
2022-06-09,MFSL,829.5499877929688,829.5499877929688,831.0,815.0,822.0,176963
2022-06-10,MFSL,829.4000244140625,829.4000244140625,831.5499877929688,822.0499877929688,826.0,289419
2022-06-13,MFSL,814.6500244140625,814.6500244140625,825.0,791.0,825.0,325558
2022-06-14,MFSL,808.5999755859375,808.5999755859375,820.9000244140625,796.0,796.0,243232
2022-06-15,MFSL,822.2000122070312,822.2000122070312,826.5999755859375,808.2000122070312,808.2000122070312,291781
2022-06-16,MFSL,797.75,797.75,832.0,793.0,826.0,480386
2022-06-17,MFSL,784.5999755859375,784.5999755859375,802.0,780.75,795.0,402655
2022-06-20,MFSL,787.7000122070312,787.7000122070312,799.3499755859375,772.0,779.0499877929688,391819
2022-06-21,MFSL,813.6500244140625,813.6500244140625,819.2000122070312,787.0499877929688,787.0499877929688,308315
2022-06-22,MFSL,801.0999755859375,801.0999755859375,814.4500122070312,795.0,811.0,422509
2022-06-23,MFSL,800.5999755859375,800.5999755859375,823.75,798.9000244140625,800.5,536695
2022-06-24,MFSL,818.2999877929688,818.2999877929688,823.7000122070312,803.0999755859375,812.0,216442
2022-06-27,MFSL,821.25,821.25,835.9500122070312,814.5,825.0,984794
2022-06-28,MFSL,815.5499877929688,815.5499877929688,824.5,803.75,814.0,381582
2022-06-29,MFSL,777.8499755859375,777.8499755859375,824.0,765.0,814.0,877102
2022-06-30,MFSL,782.3499755859375,782.3499755859375,789.0,770.7999877929688,771.0,292035
2022-07-01,MFSL,803.3499755859375,803.3499755859375,808.4000244140625,772.1500244140625,782.3499755859375,320516
2022-07-04,MFSL,807.9500122070312,807.9500122070312,814.7000122070312,791.25,798.0,438152
2022-07-05,MFSL,807.5499877929688,807.5499877929688,821.4000244140625,802.0,807.9500122070312,245251
2022-07-06,MFSL,824.4000244140625,824.4000244140625,826.9500122070312,802.2000122070312,802.2000122070312,455295
2022-07-07,MFSL,860.1500244140625,860.1500244140625,863.5,815.0,830.0,1253606
2022-07-08,MFSL,838.7000122070312,838.7000122070312,868.75,831.0,868.75,738345
2022-07-11,MFSL,830.75,830.75,861.25,827.5499877929688,839.0499877929688,1184873
2022-07-12,MFSL,835.2000122070312,835.2000122070312,840.0499877929688,820.0,831.4000244140625,334288
2022-07-13,MFSL,826.5499877929688,826.5499877929688,844.2000122070312,822.25,844.2000122070312,249113
2022-07-14,MFSL,834.5,834.5,839.0,821.5,826.5499877929688,534633
2022-07-15,MFSL,837.5499877929688,837.5499877929688,840.0,829.2999877929688,838.9000244140625,322892
2022-07-18,MFSL,848.7000122070312,848.7000122070312,852.7999877929688,839.4500122070312,844.0,460373
2022-07-19,MFSL,831.0499877929688,831.0499877929688,850.9500122070312,828.0999755859375,850.9500122070312,485226
2022-07-20,MFSL,835.6500244140625,835.6500244140625,844.0,824.6500244140625,843.0,505209
2022-07-21,MFSL,840.4500122070312,840.4500122070312,846.25,834.4500122070312,835.6500244140625,217818
2022-07-22,MFSL,846.0,846.0,853.0,838.7999877929688,845.0,348490
2022-07-25,MFSL,850.5,850.5,852.9500122070312,840.5999755859375,846.0,284034
2022-07-26,MFSL,813.0,813.0,858.0,810.0,854.75,488180
2022-07-27,MFSL,819.3499755859375,819.3499755859375,829.0,807.0499877929688,811.0,461446
2022-07-28,MFSL,826.4500122070312,826.4500122070312,830.5499877929688,818.75,828.0,429018
2022-07-29,MFSL,860.25,860.25,878.5,829.0999755859375,830.0,891732
2022-08-01,MFSL,874.5999755859375,874.5999755859375,885.0,848.0,858.0999755859375,739240
2022-08-02,MFSL,848.7999877929688,848.7999877929688,869.3499755859375,838.0,856.0499877929688,806275
2022-08-03,MFSL,828.4000244140625,828.4000244140625,848.7999877929688,812.2999877929688,848.7999877929688,480050
2022-08-04,MFSL,822.5499877929688,822.5499877929688,833.6500244140625,815.2999877929688,828.5999755859375,288994
2022-08-05,MFSL,820.7000122070312,820.7000122070312,829.0,815.5,829.0,933024
2022-08-08,MFSL,794.9000244140625,794.9000244140625,823.7999877929688,790.0,823.7999877929688,460476
2022-08-10,MFSL,779.5,779.5,795.7999877929688,774.0499877929688,792.0,322450
2022-08-11,MFSL,783.0999755859375,783.0999755859375,786.2000122070312,767.5,785.0,396935
2022-08-12,MFSL,793.0,793.0,796.6500244140625,775.0499877929688,785.0,270068
2022-08-16,MFSL,816.2999877929688,816.2999877929688,822.0,797.7000122070312,798.7999877929688,481775
2022-08-17,MFSL,837.9500122070312,837.9500122070312,854.7000122070312,817.0,819.9500122070312,702380
2022-08-18,MFSL,834.5499877929688,834.5499877929688,844.1500244140625,828.4000244140625,834.0,170928
2022-08-19,MFSL,814.75,814.75,840.25,808.3499755859375,835.5,333585
2022-08-22,MFSL,801.0999755859375,801.0999755859375,820.0,798.3499755859375,810.0,332808
2022-08-23,MFSL,799.2000122070312,799.2000122070312,819.1500244140625,795.1500244140625,798.5,460623
2022-08-24,MFSL,803.5499877929688,803.5499877929688,806.2000122070312,788.1500244140625,802.0499877929688,320996
2022-08-25,MFSL,810.5499877929688,810.5499877929688,819.5,807.0499877929688,808.0,250831
2022-08-26,MFSL,804.4500122070312,804.4500122070312,839.1500244140625,801.5,822.0,713437
2022-08-29,MFSL,809.0499877929688,809.0499877929688,822.2999877929688,789.9000244140625,804.5,609456
2022-08-30,MFSL,824.2999877929688,824.2999877929688,825.9500122070312,808.0,813.2999877929688,391455
2022-09-01,MFSL,822.9000244140625,822.9000244140625,837.7000122070312,815.0499877929688,820.0,363257
2022-09-02,MFSL,815.2000122070312,815.2000122070312,831.1500244140625,812.75,825.0,153041
2022-09-05,MFSL,804.0999755859375,804.0999755859375,826.0,801.5499877929688,816.5499877929688,196450
2022-09-06,MFSL,800.2000122070312,800.2000122070312,811.9000244140625,788.4500122070312,804.0,285209
2022-09-07,MFSL,812.7000122070312,812.7000122070312,814.0,795.0499877929688,799.9000244140625,269448
2022-09-08,MFSL,806.0,806.0,823.2999877929688,802.4000244140625,816.7999877929688,232879
2022-09-09,MFSL,796.3499755859375,796.3499755859375,814.5499877929688,793.5,810.0,212793
2022-09-12,MFSL,786.9500122070312,786.9500122070312,804.9500122070312,784.0,799.9000244140625,603961
2022-09-13,MFSL,795.75,795.75,804.8499755859375,785.0,790.9000244140625,1255244
2022-09-14,MFSL,793.3499755859375,793.3499755859375,795.25,786.0,790.0,356413
2022-09-15,MFSL,813.0,813.0,817.0,795.9000244140625,795.9000244140625,693203
2022-09-16,MFSL,822.9500122070312,822.9500122070312,829.5,803.0499877929688,817.0,958531
2022-09-19,MFSL,849.4500122070312,849.4500122070312,856.9000244140625,817.3499755859375,827.0999755859375,1444306
2022-09-20,MFSL,823.4000244140625,823.4000244140625,855.9500122070312,785.0,854.25,741749
2022-09-21,MFSL,809.1500244140625,809.1500244140625,828.9500122070312,805.0,822.9000244140625,402233
2022-09-22,MFSL,809.9500122070312,809.9500122070312,811.9500122070312,796.5499877929688,807.7999877929688,241293
2022-09-23,MFSL,781.6500244140625,781.6500244140625,816.4500122070312,773.2999877929688,812.7000122070312,341777
2022-09-26,MFSL,772.25,772.25,781.4000244140625,761.0,773.7999877929688,771786
2022-09-27,MFSL,768.5999755859375,768.5999755859375,783.7000122070312,755.5499877929688,776.1500244140625,511774
2022-09-28,MFSL,753.0,753.0,768.1500244140625,750.0,762.5,414461
2022-09-29,MFSL,769.8499755859375,769.8499755859375,779.0,750.0,756.5,337497
2022-09-30,MFSL,762.5999755859375,762.5999755859375,773.0999755859375,752.5,771.7999877929688,311564
2022-10-03,MFSL,753.4000244140625,753.4000244140625,769.4500122070312,749.5,765.0,203349
2022-10-04,MFSL,767.4500122070312,767.4500122070312,769.9500122070312,759.2000122070312,759.2000122070312,115187
2022-10-06,MFSL,769.9500122070312,769.9500122070312,774.5499877929688,759.8499755859375,770.2000122070312,750749
2022-10-07,MFSL,771.2999877929688,771.2999877929688,777.9500122070312,761.5499877929688,770.0999755859375,204408
2022-10-10,MFSL,758.2000122070312,758.2000122070312,771.0,755.5999755859375,755.5999755859375,342176
2022-10-11,MFSL,750.7999877929688,750.7999877929688,761.0,744.3499755859375,761.0,711088
2022-10-12,MFSL,746.7000122070312,746.7000122070312,754.5499877929688,735.5999755859375,752.0999755859375,211779
2022-10-13,MFSL,739.5,739.5,751.5999755859375,729.4500122070312,747.0,237153
2022-10-14,MFSL,714.4500122070312,714.4500122070312,759.5999755859375,665.5499877929688,745.6500244140625,7732708
2022-10-17,MFSL,713.7000122070312,713.7000122070312,734.7000122070312,706.0,718.0,2632953
2022-10-18,MFSL,724.8499755859375,724.8499755859375,732.9500122070312,706.0499877929688,715.0,1046655
2022-10-19,MFSL,725.5499877929688,725.5499877929688,742.4000244140625,718.2999877929688,727.0,910394
2022-10-20,MFSL,709.8499755859375,709.8499755859375,742.9000244140625,707.25,726.2000122070312,755839
2022-10-21,MFSL,698.5,698.5,711.5,671.5,709.7999877929688,1504154
2022-10-24,MFSL,698.7999877929688,698.7999877929688,709.9000244140625,692.2000122070312,702.2000122070312,30974
2022-10-25,MFSL,681.2999877929688,681.2999877929688,703.2999877929688,676.0,702.25,362919
2022-10-27,MFSL,677.4500122070312,677.4500122070312,683.5,667.7999877929688,683.5,586764
2022-10-28,MFSL,701.7000122070312,701.7000122070312,703.7999877929688,678.0999755859375,678.0999755859375,902232
2022-10-31,MFSL,708.0499877929688,708.0499877929688,717.4000244140625,701.7000122070312,705.0,367651
2022-11-01,MFSL,717.4000244140625,717.4000244140625,720.0499877929688,703.0,710.0,587383
2022-11-02,MFSL,721.5,721.5,723.0,711.5499877929688,714.6500244140625,513080
2022-11-03,MFSL,720.2000122070312,720.2000122070312,731.5999755859375,711.5499877929688,719.8499755859375,338657
2022-11-04,MFSL,712.1500244140625,712.1500244140625,722.4500122070312,707.3499755859375,722.0,852967
2022-11-07,MFSL,712.5999755859375,712.5999755859375,715.75,707.0,715.75,197358
2022-11-09,MFSL,698.0499877929688,698.0499877929688,713.1500244140625,691.0,713.0,507211
2022-11-10,MFSL,680.0499877929688,680.0499877929688,696.25,673.1500244140625,694.7999877929688,487260
2022-11-11,MFSL,689.5999755859375,689.5999755859375,695.0,676.4000244140625,683.5,552324
2022-11-14,MFSL,674.4000244140625,674.4000244140625,693.0499877929688,671.5,693.0499877929688,611602
2022-11-15,MFSL,675.5999755859375,675.5999755859375,681.9500122070312,667.0,674.4000244140625,563202
2022-11-16,MFSL,655.7000122070312,655.7000122070312,679.0,651.7999877929688,679.0,734939
2022-11-17,MFSL,650.0499877929688,650.0499877929688,653.9000244140625,640.3499755859375,651.0,1133541
2022-11-18,MFSL,661.5,661.5,664.5,645.0499877929688,650.0,539822
2022-11-21,MFSL,655.75,655.75,667.7000122070312,649.25,664.0,405331
2022-11-22,MFSL,644.7999877929688,644.7999877929688,659.9500122070312,633.0,655.0,11063847
2022-11-23,MFSL,642.6500244140625,642.6500244140625,648.0,625.2000122070312,625.2000122070312,2622303
2022-11-24,MFSL,657.25,657.25,662.2999877929688,645.0499877929688,645.9000244140625,1055099
2022-11-25,MFSL,665.75,665.75,672.9500122070312,657.25,657.25,815429
2022-11-28,MFSL,684.4000244140625,684.4000244140625,703.4000244140625,681.1500244140625,685.0,3413847
2022-11-29,MFSL,694.6500244140625,694.6500244140625,699.3499755859375,675.6500244140625,675.6500244140625,1045758
2022-11-30,MFSL,705.5999755859375,705.5999755859375,709.0,684.75,691.9000244140625,1325991
2022-12-01,MFSL,701.25,701.25,711.6500244140625,697.4000244140625,708.0,666464
2022-12-02,MFSL,706.2000122070312,706.2000122070312,711.0,698.75,701.25,337560
2022-12-05,MFSL,720.0499877929688,720.0499877929688,722.0,707.0499877929688,707.2000122070312,544781
2022-12-06,MFSL,713.9500122070312,713.9500122070312,724.2000122070312,711.0499877929688,718.9500122070312,247590
2022-12-07,MFSL,704.4500122070312,704.4500122070312,722.9500122070312,702.0,716.9000244140625,396776
2022-12-08,MFSL,706.7999877929688,706.7999877929688,710.7000122070312,696.9500122070312,706.0,328723
2022-12-09,MFSL,697.3499755859375,697.3499755859375,729.4500122070312,694.1500244140625,715.0,811324
2022-12-12,MFSL,701.9500122070312,701.9500122070312,705.0,695.0999755859375,697.0,436489
2022-12-13,MFSL,703.7999877929688,703.7999877929688,706.4000244140625,699.5999755859375,704.0,127675
2022-12-14,MFSL,705.0999755859375,705.0999755859375,712.9500122070312,703.4500122070312,710.0,561476
2022-12-15,MFSL,706.4000244140625,706.4000244140625,723.9000244140625,703.5999755859375,707.0,705686
2022-12-16,MFSL,705.0,705.0,717.5,696.0,706.5,545185
2022-12-19,MFSL,716.1500244140625,716.1500244140625,722.4000244140625,703.2000122070312,704.4000244140625,448496
2022-12-20,MFSL,699.7000122070312,699.7000122070312,719.0,688.0999755859375,719.0,518782
2022-12-21,MFSL,688.75,688.75,710.9500122070312,678.5999755859375,687.5,11835926
2022-12-22,MFSL,689.2999877929688,689.2999877929688,700.1500244140625,683.0,691.0,763461
2022-12-23,MFSL,671.2999877929688,671.2999877929688,691.5,666.3499755859375,685.0,843320
2022-12-26,MFSL,683.9000244140625,683.9000244140625,686.9500122070312,664.0999755859375,670.5,593138
2022-12-27,MFSL,680.8499755859375,680.8499755859375,690.2999877929688,678.0499877929688,683.9500122070312,781614
2022-12-28,MFSL,672.0,672.0,684.7999877929688,670.0,678.5999755859375,628726
2022-12-29,MFSL,678.9000244140625,678.9000244140625,681.0499877929688,656.4500122070312,672.0,658273
2022-12-30,MFSL,677.5,677.5,684.25,674.0,679.0999755859375,626447
2023-01-02,MFSL,683.5499877929688,683.5499877929688,686.4000244140625,673.9000244140625,680.9000244140625,319995
2023-01-03,MFSL,709.75,709.75,712.5,677.7000122070312,681.6500244140625,1518204
2023-01-04,MFSL,713.8499755859375,713.8499755859375,725.75,707.1500244140625,713.25,1623734
2023-01-05,MFSL,735.4000244140625,735.4000244140625,741.9000244140625,712.5999755859375,717.0,2354166
2023-01-06,MFSL,741.5499877929688,741.5499877929688,759.4000244140625,733.9000244140625,738.0,2342833
2023-01-09,MFSL,740.0499877929688,740.0499877929688,750.0,728.1500244140625,750.0,1001593
2023-01-10,MFSL,770.2000122070312,770.2000122070312,780.0,738.5499877929688,740.0999755859375,2419925
2023-01-11,MFSL,798.5499877929688,798.5499877929688,808.4500122070312,764.0,772.4000244140625,3899944
2023-01-12,MFSL,795.7000122070312,795.7000122070312,803.7000122070312,788.0999755859375,799.9500122070312,993474
2023-01-13,MFSL,799.5499877929688,799.5499877929688,802.9000244140625,787.7999877929688,793.2000122070312,899698
2023-01-16,MFSL,806.4000244140625,806.4000244140625,809.0,795.7999877929688,804.8499755859375,452537
2023-01-17,MFSL,801.8499755859375,801.8499755859375,813.25,798.7000122070312,810.0,555618
2023-01-18,MFSL,828.3499755859375,828.3499755859375,831.0,801.7999877929688,801.8499755859375,2994305
2023-01-19,MFSL,839.5499877929688,839.5499877929688,841.7999877929688,826.0499877929688,828.4500122070312,1858595
2023-01-20,MFSL,835.75,835.75,841.7999877929688,828.0499877929688,839.0499877929688,2046226
2023-01-23,MFSL,843.3499755859375,843.3499755859375,848.5499877929688,828.6500244140625,830.75,2219900
2023-01-24,MFSL,852.7999877929688,852.7999877929688,860.9000244140625,844.6500244140625,846.0,1615579
2023-01-25,MFSL,853.8499755859375,853.8499755859375,874.4000244140625,845.0499877929688,852.7999877929688,1652856
2023-01-27,MFSL,838.2000122070312,838.2000122070312,860.2999877929688,831.5499877929688,860.2999877929688,1628331
2023-01-30,MFSL,834.5499877929688,834.5499877929688,845.7000122070312,831.1500244140625,832.5,1424294
2023-01-31,MFSL,835.6500244140625,835.6500244140625,843.2000122070312,828.25,837.0999755859375,1018073
2023-02-01,MFSL,752.9500122070312,752.9500122070312,861.8499755859375,710.2999877929688,845.1500244140625,6477722
2023-02-02,MFSL,722.0,722.0,740.0,695.0,724.5,2387563
2023-02-03,MFSL,719.3499755859375,719.3499755859375,728.4500122070312,705.2000122070312,721.0,379989
2023-02-06,MFSL,710.5,710.5,723.75,695.4500122070312,717.9500122070312,495571
2023-02-07,MFSL,714.2000122070312,714.2000122070312,724.0,702.5999755859375,714.0499877929688,516491
2023-02-08,MFSL,757.0999755859375,757.0999755859375,761.0999755859375,712.5,714.0,1269644
2023-02-09,MFSL,745.2000122070312,745.2000122070312,761.4500122070312,738.9500122070312,761.4500122070312,461973
2023-02-10,MFSL,743.1500244140625,743.1500244140625,748.5999755859375,733.9000244140625,740.75,481220
2023-02-13,MFSL,737.4500122070312,737.4500122070312,746.4000244140625,735.5,740.0,450397
2023-02-14,MFSL,721.4000244140625,721.4000244140625,749.0499877929688,714.1500244140625,734.2999877929688,732412
2023-02-15,MFSL,745.25,745.25,750.4000244140625,707.5999755859375,721.0,2192098
2023-02-16,MFSL,738.8499755859375,738.8499755859375,748.4500122070312,734.2999877929688,743.0,1255310
2023-02-17,MFSL,719.5999755859375,719.5999755859375,741.0999755859375,712.5499877929688,739.7999877929688,569516
2023-02-20,MFSL,718.9500122070312,718.9500122070312,738.0499877929688,715.0,722.0,906050
2023-02-21,MFSL,708.9500122070312,708.9500122070312,727.4500122070312,705.1500244140625,715.25,481588
2023-02-22,MFSL,701.8499755859375,701.8499755859375,711.0499877929688,697.0499877929688,707.9000244140625,383338
2023-02-23,MFSL,690.0499877929688,690.0499877929688,705.2999877929688,684.7999877929688,700.0,429537
2023-02-24,MFSL,693.5999755859375,693.5999755859375,703.2000122070312,688.9500122070312,689.0999755859375,220883
2023-02-27,MFSL,699.4500122070312,699.4500122070312,700.4000244140625,678.5499877929688,694.0,506675
2023-02-28,MFSL,692.4500122070312,692.4500122070312,705.9500122070312,685.0999755859375,702.9500122070312,649099
2023-03-01,MFSL,699.5999755859375,699.5999755859375,705.2000122070312,681.5,696.0,726959
2023-03-02,MFSL,686.5499877929688,686.5499877929688,700.4500122070312,685.4000244140625,699.0499877929688,254457
2023-03-03,MFSL,689.4500122070312,689.4500122070312,695.6500244140625,686.5499877929688,690.0,358713
2023-03-06,MFSL,698.25,698.25,706.0,690.6500244140625,692.8499755859375,813084
2023-03-08,MFSL,686.7000122070312,686.7000122070312,696.4000244140625,682.5499877929688,696.4000244140625,378117
2023-03-09,MFSL,675.0,675.0,691.0499877929688,673.0499877929688,686.7000122070312,350927
2023-03-10,MFSL,675.75,675.75,680.0499877929688,658.5,669.0,1100224
2023-03-13,MFSL,647.2999877929688,647.2999877929688,681.6500244140625,645.0,674.0,1500442
2023-03-14,MFSL,654.9500122070312,654.9500122070312,659.0,637.5999755859375,647.2999877929688,688132
2023-03-15,MFSL,647.5,647.5,662.7000122070312,644.0999755859375,659.8499755859375,384522
2023-03-16,MFSL,646.5499877929688,646.5499877929688,654.4000244140625,635.1500244140625,643.6500244140625,404928
2023-03-17,MFSL,644.7000122070312,644.7000122070312,661.3499755859375,643.1500244140625,647.75,237203
2023-03-20,MFSL,615.3499755859375,615.3499755859375,659.9000244140625,611.5,648.0,865281
2023-03-21,MFSL,629.7000122070312,629.7000122070312,642.5,614.0999755859375,617.2000122070312,1767484
2023-03-22,MFSL,646.4000244140625,646.4000244140625,672.0,635.0999755859375,644.9000244140625,3116755
2023-03-23,MFSL,632.9500122070312,632.9500122070312,647.8499755859375,625.0999755859375,647.8499755859375,860438
2023-03-24,MFSL,619.6500244140625,619.6500244140625,635.2000122070312,615.2999877929688,627.0999755859375,1408058
2023-03-27,MFSL,622.0499877929688,622.0499877929688,631.0,617.7000122070312,619.6500244140625,440082
2023-03-28,MFSL,608.9500122070312,608.9500122070312,625.25,604.6500244140625,622.5,514302
2023-03-29,MFSL,627.5,627.5,631.9000244140625,607.7000122070312,608.0,647762
2023-03-31,MFSL,635.0,635.0,636.7999877929688,625.0,635.3499755859375,318936
2023-04-03,MFSL,634.3499755859375,634.3499755859375,641.5999755859375,624.4000244140625,634.9500122070312,282325
2023-04-05,MFSL,618.9000244140625,618.9000244140625,645.9500122070312,617.4000244140625,636.9500122070312,989754
2023-04-06,MFSL,634.0499877929688,634.0499877929688,636.0,614.25,617.4000244140625,1888842
2023-04-10,MFSL,627.2000122070312,627.2000122070312,637.6500244140625,620.5499877929688,634.0499877929688,493750
2023-04-11,MFSL,620.4000244140625,620.4000244140625,638.0999755859375,618.4500122070312,630.5,1858672
2023-04-12,MFSL,620.0499877929688,620.0499877929688,636.4000244140625,617.3499755859375,623.4500122070312,1153448
2023-04-13,MFSL,625.7000122070312,625.7000122070312,629.9500122070312,618.1500244140625,623.2000122070312,810144
2023-04-17,MFSL,637.5,637.5,640.0,621.2999877929688,629.0,340781
2023-04-18,MFSL,649.9000244140625,649.9000244140625,652.0,632.7999877929688,639.7999877929688,685032
2023-04-19,MFSL,636.2999877929688,636.2999877929688,654.5,633.0499877929688,654.5,475360
2023-04-20,MFSL,641.1500244140625,641.1500244140625,645.0,633.4000244140625,638.9500122070312,220461
2023-04-21,MFSL,623.5999755859375,623.5999755859375,649.9500122070312,618.5999755859375,645.0,740218
2023-04-24,MFSL,622.9500122070312,622.9500122070312,629.7999877929688,615.0999755859375,628.0999755859375,546645
2023-04-25,MFSL,618.5999755859375,618.5999755859375,632.8499755859375,617.0,628.0,321757
2023-04-26,MFSL,614.75,614.75,621.5999755859375,599.0999755859375,619.9500122070312,1339808
2023-04-27,MFSL,620.6500244140625,620.6500244140625,622.9000244140625,609.75,614.6500244140625,389171
2023-04-28,MFSL,639.75,639.75,642.7000122070312,620.6500244140625,622.0,917596
2023-05-02,MFSL,648.8499755859375,648.8499755859375,650.7000122070312,630.5,646.4500122070312,822662
2023-05-03,MFSL,638.75,638.75,653.0,635.0999755859375,648.9500122070312,499364
2023-05-04,MFSL,652.2000122070312,652.2000122070312,655.0499877929688,637.1500244140625,639.5999755859375,1008138
2023-05-05,MFSL,635.4000244140625,635.4000244140625,659.5,632.0499877929688,656.25,961327
2023-05-08,MFSL,659.7000122070312,659.7000122070312,662.5,636.0,638.9500122070312,1216674
2023-05-09,MFSL,667.9500122070312,667.9500122070312,673.9500122070312,660.2000122070312,660.2000122070312,1323325
2023-05-10,MFSL,663.5999755859375,663.5999755859375,675.0,659.0,672.8499755859375,518020
2023-05-11,MFSL,674.9000244140625,674.9000244140625,678.5,658.2000122070312,663.5499877929688,1248161
2023-05-12,MFSL,657.25,657.25,679.7999877929688,654.0999755859375,678.0,472898
2023-05-15,MFSL,671.9000244140625,671.9000244140625,676.5999755859375,635.75,650.0,821338
2023-05-16,MFSL,681.5999755859375,681.5999755859375,689.9000244140625,673.5499877929688,677.3499755859375,2295738
2023-05-17,MFSL,672.4500122070312,672.4500122070312,682.5499877929688,668.8499755859375,681.0,507708
2023-05-18,MFSL,673.2000122070312,673.2000122070312,679.1500244140625,669.4500122070312,672.6500244140625,203980
2023-05-19,MFSL,672.4000244140625,672.4000244140625,678.2000122070312,660.5999755859375,675.0999755859375,384627
2023-05-22,MFSL,676.0499877929688,676.0499877929688,681.0,669.9500122070312,670.4000244140625,380634
2023-05-23,MFSL,676.2999877929688,676.2999877929688,683.0,670.5,677.2000122070312,451535
2023-05-24,MFSL,679.8499755859375,679.8499755859375,691.0,671.1500244140625,671.5499877929688,413569
2023-05-25,MFSL,675.4500122070312,675.4500122070312,684.3499755859375,671.5999755859375,679.8499755859375,301771
2023-05-26,MFSL,687.0,687.0,689.0,676.1500244140625,679.0,265811
2023-05-29,MFSL,696.9500122070312,696.9500122070312,708.9000244140625,687.5499877929688,687.5499877929688,953527
2023-05-30,MFSL,698.7000122070312,698.7000122070312,700.0,690.1500244140625,700.0,198839
2023-05-31,MFSL,706.5499877929688,706.5499877929688,710.4000244140625,695.4000244140625,698.0,724020
2023-06-01,MFSL,703.2000122070312,703.2000122070312,715.9000244140625,702.0,706.6500244140625,305604
2023-06-02,MFSL,697.75,697.75,708.5,691.4500122070312,704.0499877929688,232627
2023-06-05,MFSL,692.25,692.25,699.6500244140625,685.0499877929688,698.0,481437
2023-06-06,MFSL,688.1500244140625,688.1500244140625,692.0,678.0999755859375,692.0,385198
2023-06-07,MFSL,703.2999877929688,703.2999877929688,714.4500122070312,689.75,691.7999877929688,1021061
2023-06-08,MFSL,703.75,703.75,712.5999755859375,695.0,703.2999877929688,357558
2023-06-09,MFSL,686.2000122070312,686.2000122070312,709.25,684.4000244140625,709.25,458492
2023-06-12,MFSL,684.0,684.0,695.9500122070312,681.2999877929688,689.7999877929688,250226
2023-06-13,MFSL,679.2000122070312,679.2000122070312,690.4500122070312,677.2999877929688,685.0999755859375,468045
2023-06-14,MFSL,675.0499877929688,675.0499877929688,683.0499877929688,673.2999877929688,682.7999877929688,173611
2023-06-15,MFSL,671.3499755859375,671.3499755859375,679.5,668.2999877929688,675.4500122070312,377191
2023-06-16,MFSL,690.0999755859375,690.0999755859375,697.7000122070312,670.0999755859375,670.0999755859375,1357468
2023-06-19,MFSL,689.3499755859375,689.3499755859375,699.9000244140625,680.0499877929688,697.0999755859375,604369
2023-06-20,MFSL,703.2000122070312,703.2000122070312,709.4000244140625,679.5999755859375,690.4500122070312,1212034
2023-06-21,MFSL,738.9000244140625,738.9000244140625,755.0,708.0999755859375,708.7999877929688,4547225
2023-06-22,MFSL,762.9500122070312,762.9500122070312,792.3499755859375,743.8499755859375,744.9500122070312,5787706
2023-06-23,MFSL,747.4000244140625,747.4000244140625,782.4500122070312,744.1500244140625,765.0,2187413
2023-06-26,MFSL,745.7999877929688,745.7999877929688,757.2000122070312,732.0,748.0,718629
2023-06-27,MFSL,776.4000244140625,776.4000244140625,799.0,748.75,752.8499755859375,1190273
2023-06-28,MFSL,797.0,797.0,809.4500122070312,782.7000122070312,787.4000244140625,3357557
2023-06-30,MFSL,810.8499755859375,810.8499755859375,824.2000122070312,796.8499755859375,798.8499755859375,2013340
2023-07-03,MFSL,806.0499877929688,806.0499877929688,813.4000244140625,801.5,813.0,576962
2023-07-04,MFSL,795.9000244140625,795.9000244140625,811.0,789.0999755859375,808.7000122070312,592954
2023-07-05,MFSL,808.0499877929688,808.0499877929688,815.0,792.2000122070312,796.5999755859375,697283
2023-07-06,MFSL,805.9000244140625,805.9000244140625,814.0,800.4500122070312,809.0,351958
2023-07-07,MFSL,802.2000122070312,802.2000122070312,815.9500122070312,794.0999755859375,804.8499755859375,449327
2023-07-10,MFSL,809.3499755859375,809.3499755859375,814.2000122070312,799.4000244140625,803.5,377727
2023-07-11,MFSL,819.2000122070312,819.2000122070312,828.7000122070312,812.0,812.0,1053155
2023-07-12,MFSL,828.75,828.75,831.8499755859375,817.0999755859375,821.5999755859375,636578
2023-07-13,MFSL,823.5499877929688,823.5499877929688,839.0,817.7000122070312,817.7000122070312,684328
2023-07-14,MFSL,825.2999877929688,825.2999877929688,830.0999755859375,821.25,823.2000122070312,447922
2023-07-17,MFSL,824.7000122070312,824.7000122070312,830.5999755859375,820.2999877929688,825.0,301631
2023-07-18,MFSL,830.0,830.0,834.4000244140625,819.6500244140625,825.2000122070312,636629
2023-07-19,MFSL,822.3499755859375,822.3499755859375,836.0,815.0999755859375,832.3499755859375,498146
2023-07-20,MFSL,817.0999755859375,817.0999755859375,827.5,814.0,822.9500122070312,437119
2023-07-21,MFSL,802.1500244140625,802.1500244140625,815.75,796.5499877929688,810.0499877929688,454381
2023-07-24,MFSL,806.7999877929688,806.7999877929688,816.7000122070312,791.3499755859375,800.5499877929688,460286
2023-07-25,MFSL,811.7999877929688,811.7999877929688,820.25,798.2000122070312,806.2000122070312,683449
2023-07-26,MFSL,818.2999877929688,818.2999877929688,825.0,807.0,815.0,478449
2023-07-27,MFSL,811.9000244140625,811.9000244140625,825.7000122070312,807.5499877929688,822.5999755859375,219985
2023-07-28,MFSL,814.7000122070312,814.7000122070312,819.9000244140625,802.7999877929688,812.0,225261
2023-07-31,MFSL,814.75,814.75,825.4500122070312,805.9000244140625,821.4000244140625,341740
2023-08-01,MFSL,810.25,810.25,820.0,804.0499877929688,814.9500122070312,303642
2023-08-02,MFSL,776.9000244140625,776.9000244140625,814.2999877929688,769.5499877929688,810.25,687041
2023-08-03,MFSL,769.5999755859375,769.5999755859375,781.4000244140625,763.0,770.0,516206
2023-08-04,MFSL,771.0999755859375,771.0999755859375,793.9500122070312,763.4500122070312,771.1500244140625,617380
2023-08-07,MFSL,785.25,785.25,789.0,770.1500244140625,774.75,727771
2023-08-08,MFSL,810.9500122070312,810.9500122070312,814.0,786.2999877929688,792.7999877929688,2070529
2023-08-09,MFSL,789.7000122070312,789.7000122070312,816.8499755859375,785.1500244140625,816.4500122070312,662082
2023-08-10,MFSL,855.0999755859375,855.0999755859375,886.5499877929688,821.0,821.0,11920054
2023-08-11,MFSL,834.5999755859375,834.5999755859375,858.0999755859375,815.0,855.0999755859375,4649552
2023-08-14,MFSL,845.75,845.75,852.7999877929688,821.0499877929688,834.5999755859375,1303638
2023-08-16,MFSL,857.9000244140625,857.9000244140625,860.6500244140625,834.0,840.0,848420
2023-08-17,MFSL,858.25,858.25,869.7999877929688,850.0999755859375,857.9000244140625,780021
2023-08-18,MFSL,871.5,871.5,876.5,850.7000122070312,859.4500122070312,1743361
2023-08-21,MFSL,873.3499755859375,873.3499755859375,879.6500244140625,866.7000122070312,874.4000244140625,736696
2023-08-22,MFSL,883.75,883.75,898.5999755859375,866.0,875.0,1538573
2023-08-23,MFSL,881.5,881.5,889.1500244140625,858.5999755859375,884.0,1342683
2023-08-24,MFSL,904.3499755859375,904.3499755859375,939.0,900.0,920.0,5815614
2023-08-25,MFSL,906.5,906.5,921.9500122070312,895.2999877929688,910.8499755859375,1685240
2023-08-28,MFSL,927.5499877929688,927.5499877929688,932.0,886.7000122070312,910.3499755859375,1421527
2023-08-29,MFSL,929.9500122070312,929.9500122070312,936.9000244140625,922.9000244140625,932.0,930921
2023-08-30,MFSL,934.25,934.25,945.0,929.7999877929688,934.0,891152
2023-08-31,MFSL,933.7000122070312,933.7000122070312,943.8499755859375,903.3499755859375,943.8499755859375,1648909
2023-09-01,MFSL,937.25,937.25,945.0,925.2000122070312,937.4500122070312,651761
2023-09-04,MFSL,921.6500244140625,921.6500244140625,940.3499755859375,916.25,938.0499877929688,1181458
2023-09-05,MFSL,920.3499755859375,920.3499755859375,934.0,916.3499755859375,920.0499877929688,1479612
2023-09-06,MFSL,932.4500122070312,932.4500122070312,937.1500244140625,897.0499877929688,924.0,279465
2023-09-07,MFSL,937.6500244140625,937.6500244140625,952.2000122070312,929.0,934.75,786475
2023-09-08,MFSL,935.5,935.5,950.7000122070312,927.6500244140625,937.6500244140625,1323618
2023-09-11,MFSL,954.2999877929688,954.2999877929688,961.0,937.5,941.9000244140625,655400
2023-09-12,MFSL,929.3499755859375,929.3499755859375,958.75,912.2999877929688,958.0,712172
2023-09-13,MFSL,934.3499755859375,934.3499755859375,942.4500122070312,913.0999755859375,921.0,636106
2023-09-14,MFSL,939.0,939.0,950.0,932.25,934.3499755859375,448564
2023-09-15,MFSL,935.25,935.25,947.0999755859375,931.7000122070312,943.0,1000139
2023-09-18,MFSL,939.6500244140625,939.6500244140625,947.9000244140625,933.5,935.9500122070312,299707
2023-09-20,MFSL,934.5499877929688,934.5499877929688,946.6500244140625,930.5499877929688,935.0999755859375,614781
2023-09-21,MFSL,927.0999755859375,927.0999755859375,939.1500244140625,922.5,930.5499877929688,359291
2023-09-22,MFSL,918.2999877929688,918.2999877929688,936.5499877929688,910.25,928.9000244140625,572229
2023-09-25,MFSL,916.4000244140625,916.4000244140625,921.9000244140625,907.5,915.0,949684
2023-09-26,MFSL,913.9000244140625,913.9000244140625,926.0,908.6500244140625,917.3499755859375,263949
2023-09-27,MFSL,918.9500122070312,918.9500122070312,922.7000122070312,909.0499877929688,912.5,1097268
2023-09-28,MFSL,906.25,906.25,927.5,900.0,923.7999877929688,487717
2023-09-29,MFSL,909.75,909.75,916.0,906.2999877929688,911.0,497749
2023-10-03,MFSL,894.5,894.5,914.25,891.0,909.75,771592
2023-10-04,MFSL,884.2999877929688,884.2999877929688,897.9500122070312,872.9500122070312,897.0,490098
2023-10-05,MFSL,911.9000244140625,911.9000244140625,918.9000244140625,885.5499877929688,888.7000122070312,1252302
2023-10-06,MFSL,917.6500244140625,917.6500244140625,923.9500122070312,913.25,919.8499755859375,384015
2023-10-09,MFSL,896.3499755859375,896.3499755859375,915.0,892.5499877929688,909.2999877929688,400292
2023-10-10,MFSL,893.8499755859375,893.8499755859375,906.25,887.4000244140625,900.0499877929688,1146038
2023-10-11,MFSL,909.6500244140625,909.6500244140625,916.0499877929688,896.9500122070312,898.5999755859375,1242557
2023-10-12,MFSL,920.2999877929688,920.2999877929688,923.9500122070312,904.2000122070312,912.7000122070312,1093149
2023-10-13,MFSL,915.9000244140625,915.9000244140625,928.3499755859375,912.0,921.75,416980
2023-10-16,MFSL,922.25,922.25,923.5,908.0,915.9000244140625,849725
2023-10-17,MFSL,937.5499877929688,937.5499877929688,941.4000244140625,915.0,925.0,717689
2023-10-18,MFSL,929.5999755859375,929.5999755859375,940.4500122070312,923.0,940.4500122070312,519283
2023-10-19,MFSL,938.9000244140625,938.9000244140625,947.5499877929688,913.5,924.0499877929688,963903
2023-10-20,MFSL,927.4000244140625,927.4000244140625,943.5499877929688,922.2999877929688,933.2999877929688,1229294
2023-10-23,MFSL,890.1500244140625,890.1500244140625,927.5499877929688,879.5,927.5,507507
2023-10-25,MFSL,884.9000244140625,884.9000244140625,897.9000244140625,877.5499877929688,890.0,1062548
2023-10-26,MFSL,886.9000244140625,886.9000244140625,890.9000244140625,862.9500122070312,875.9000244140625,693694
2023-10-27,MFSL,905.0,905.0,912.9000244140625,891.2999877929688,891.2999877929688,290529
2023-10-30,MFSL,923.1500244140625,923.1500244140625,926.9500122070312,896.25,909.5,764331
2023-10-31,MFSL,914.0999755859375,914.0999755859375,933.4000244140625,911.4500122070312,924.9500122070312,311956
2023-11-01,MFSL,883.7999877929688,883.7999877929688,923.0,872.25,919.4500122070312,3656404
2023-11-02,MFSL,879.0,879.0,907.7000122070312,876.5499877929688,888.0,762778
2023-11-03,MFSL,890.5999755859375,890.5999755859375,895.0499877929688,869.0499877929688,885.0,632192
2023-11-06,MFSL,905.25,905.25,908.2000122070312,891.0999755859375,895.2999877929688,325621
2023-11-07,MFSL,914.1500244140625,914.1500244140625,915.0,902.0,906.9000244140625,491385
2023-11-08,MFSL,935.8499755859375,935.8499755859375,940.6500244140625,913.0499877929688,914.1500244140625,1078022
2023-11-09,MFSL,929.25,929.25,940.1500244140625,921.25,940.1500244140625,629265
2023-11-10,MFSL,936.9000244140625,936.9000244140625,940.0,918.6500244140625,928.5999755859375,389872
2023-11-13,MFSL,917.9500122070312,917.9500122070312,939.2000122070312,915.0,939.2000122070312,395638
2023-11-15,MFSL,940.6500244140625,940.6500244140625,945.7999877929688,918.3499755859375,922.7999877929688,809612
2023-11-16,MFSL,926.7000122070312,926.7000122070312,945.3499755859375,910.4000244140625,942.6500244140625,749315
2023-11-17,MFSL,951.8499755859375,951.8499755859375,969.25,922.9000244140625,926.7000122070312,2185294
2023-11-20,MFSL,949.25,949.25,953.4000244140625,938.25,950.0,744185
2023-11-21,MFSL,979.25,979.25,989.1500244140625,949.25,949.25,2003231
2023-11-22,MFSL,973.6500244140625,973.6500244140625,985.8499755859375,958.6500244140625,985.0,747364
2023-11-23,MFSL,973.2999877929688,973.2999877929688,984.7999877929688,967.3499755859375,979.2999877929688,341100
2023-11-24,MFSL,969.3499755859375,969.3499755859375,980.9000244140625,958.0999755859375,978.4000244140625,548728
2023-11-28,MFSL,1005.2999877929688,1005.2999877929688,1014.9500122070312,969.3499755859375,974.6500244140625,2072808
2023-11-29,MFSL,1014.3499755859375,1014.3499755859375,1019.4500122070312,1000.0999755859375,1015.0,714321
2023-11-30,MFSL,1019.2000122070312,1019.2000122070312,1025.25,1007.0,1018.7999877929688,740938
2023-12-01,MFSL,1020.2999877929688,1020.2999877929688,1024.5999755859375,1011.2999877929688,1022.0,1105208
2023-12-04,MFSL,1023.3499755859375,1023.3499755859375,1031.949951171875,1004.0,1030.0,547378
2023-12-05,MFSL,1022.6500244140625,1022.6500244140625,1044.0,1018.5499877929688,1032.9000244140625,895023
2023-12-06,MFSL,1022.4500122070312,1022.4500122070312,1030.9000244140625,1011.8499755859375,1027.75,732286
2023-12-07,MFSL,1031.8499755859375,1031.8499755859375,1036.1500244140625,1008.9500122070312,1022.4000244140625,595111
2023-12-08,MFSL,1035.800048828125,1035.800048828125,1039.949951171875,1026.050048828125,1036.0,389168
2023-12-11,MFSL,1036.699951171875,1036.699951171875,1040.949951171875,1029.550048828125,1035.0,197580
2023-12-12,MFSL,1047.050048828125,1047.050048828125,1051.800048828125,1034.0,1040.949951171875,724081
2023-12-13,MFSL,1056.8499755859375,1056.8499755859375,1062.0,1041.199951171875,1052.949951171875,715080
2023-12-14,MFSL,1018.2999877929688,1018.2999877929688,1067.5,1011.0,1067.5,1443043
2023-12-15,MFSL,973.9000244140625,973.9000244140625,1029.199951171875,968.75,1025.0,2900846
2023-12-18,MFSL,973.1500244140625,973.1500244140625,981.5,961.5499877929688,973.9000244140625,449545
2023-12-19,MFSL,963.0,963.0,978.2999877929688,961.0999755859375,974.5,332211
2023-12-20,MFSL,933.1500244140625,933.1500244140625,978.0,925.0499877929688,964.9000244140625,522155
2023-12-21,MFSL,939.0999755859375,939.0999755859375,946.4500122070312,921.4000244140625,926.0,246114
2023-12-22,MFSL,939.3499755859375,939.3499755859375,949.7999877929688,929.7000122070312,942.9000244140625,294691
2023-12-26,MFSL,930.1500244140625,930.1500244140625,944.0,924.0499877929688,938.0,920495
2023-12-27,MFSL,955.7000122070312,955.7000122070312,959.6500244140625,934.0,936.0,488366
2023-12-28,MFSL,951.2000122070312,951.2000122070312,965.4500122070312,939.0,961.5999755859375,455260
2023-12-29,MFSL,954.2999877929688,954.2999877929688,963.2000122070312,945.5,953.0,287071
2024-01-01,MFSL,955.2000122070312,955.2000122070312,963.4000244140625,950.0999755859375,957.2000122070312,180805
2024-01-02,MFSL,932.2000122070312,932.2000122070312,959.9500122070312,929.4500122070312,959.9500122070312,554096
2024-01-03,MFSL,933.0499877929688,933.0499877929688,939.7000122070312,926.0499877929688,932.2000122070312,362277
2024-01-04,MFSL,939.7000122070312,939.7000122070312,943.4000244140625,935.7999877929688,938.0,389609
2024-01-05,MFSL,948.1500244140625,948.1500244140625,950.0,938.1500244140625,943.7000122070312,1545793
2024-01-08,MFSL,911.0999755859375,911.0999755859375,955.0,908.5,949.7999877929688,614056
2024-01-09,MFSL,946.6500244140625,946.6500244140625,950.0,915.1500244140625,915.9000244140625,1693838
2024-01-10,MFSL,930.3499755859375,930.3499755859375,954.3499755859375,923.5,948.0499877929688,252569
2024-01-11,MFSL,949.6500244140625,949.6500244140625,952.9500122070312,928.3499755859375,928.3499755859375,1563751
2024-01-12,MFSL,937.7000122070312,937.7000122070312,952.5,931.2000122070312,951.0,573359
2024-01-15,MFSL,927.6500244140625,927.6500244140625,947.7000122070312,916.25,947.7000122070312,754441
2024-01-16,MFSL,918.8499755859375,918.8499755859375,935.0999755859375,914.9500122070312,930.2000122070312,420936
2024-01-17,MFSL,927.9500122070312,927.9500122070312,947.25,914.0,915.7999877929688,1348443
2024-01-18,MFSL,898.9500122070312,898.9500122070312,912.5,891.2000122070312,906.0499877929688,1126585
2024-01-19,MFSL,905.7000122070312,905.7000122070312,910.0,898.9500122070312,905.0,757902
2024-01-23,MFSL,865.0,865.0,893.4000244140625,862.25,890.0,972024
2024-01-24,MFSL,893.2000122070312,893.2000122070312,895.7999877929688,864.0,869.5999755859375,762200
2024-01-25,MFSL,878.2000122070312,878.2000122070312,896.6500244140625,870.7000122070312,890.0499877929688,437094
2024-01-29,MFSL,901.7999877929688,901.7999877929688,905.5499877929688,870.0,879.9500122070312,1004778
2024-01-30,MFSL,876.0999755859375,876.0999755859375,905.0,874.2000122070312,905.0,978239
2024-01-31,MFSL,890.2999877929688,890.2999877929688,894.5499877929688,854.25,880.0,2901717
2024-02-01,MFSL,900.4500122070312,900.4500122070312,907.8499755859375,872.1500244140625,890.3499755859375,1187926
2024-02-02,MFSL,887.5499877929688,887.5499877929688,902.7000122070312,882.25,902.0,564052
2024-02-05,MFSL,871.2000122070312,871.2000122070312,900.0,866.7000122070312,888.0,570208
2024-02-06,MFSL,913.0,913.0,918.0,861.75,875.5499877929688,1839099
2024-02-07,MFSL,960.25,960.25,970.5,920.0,932.0,7019769
2024-02-08,MFSL,996.0,996.0,1005.9000244140625,961.9000244140625,961.9000244140625,3337092
2024-02-09,MFSL,987.3499755859375,987.3499755859375,1005.2000122070312,973.6500244140625,992.0499877929688,989168
2024-02-12,MFSL,962.1500244140625,962.1500244140625,985.5,954.25,985.5,494478
2024-02-13,MFSL,979.25,979.25,984.5,949.9000244140625,966.2999877929688,867305
2024-02-14,MFSL,968.5999755859375,968.5999755859375,976.0,946.3499755859375,973.4000244140625,957267
2024-02-15,MFSL,949.25,949.25,983.4000244140625,938.7000122070312,976.0,1289969
2024-02-16,MFSL,972.0499877929688,972.0499877929688,989.2000122070312,945.9500122070312,954.2000122070312,1525067
2024-02-19,MFSL,979.8499755859375,979.8499755859375,984.8499755859375,961.9500122070312,977.2000122070312,554934
2024-02-20,MFSL,964.7999877929688,964.7999877929688,984.9500122070312,957.0499877929688,965.0,414540
2024-02-21,MFSL,953.0999755859375,953.0999755859375,970.5,949.7999877929688,966.0,425358
2024-02-22,MFSL,950.3499755859375,950.3499755859375,958.0999755859375,941.2999877929688,958.0999755859375,572167
2024-02-23,MFSL,930.2000122070312,930.2000122070312,953.2000122070312,920.7000122070312,953.2000122070312,1024950
2024-02-26,MFSL,925.25,925.25,938.0,920.0,929.5,851672
2024-02-27,MFSL,935.4000244140625,935.4000244140625,942.0,913.0499877929688,922.2999877929688,1175846
2024-02-28,MFSL,964.3499755859375,964.3499755859375,979.9500122070312,941.5,945.0,3335190
2024-02-29,MFSL,969.7000122070312,969.7000122070312,978.9000244140625,958.5999755859375,964.4500122070312,1641805
2024-03-01,MFSL,968.4500122070312,968.4500122070312,977.7000122070312,955.7000122070312,963.9500122070312,594819
2024-03-04,MFSL,1000.5999755859375,1000.5999755859375,1005.0999755859375,959.25,973.2000122070312,1164390
2024-03-05,MFSL,978.5,978.5,1004.0,975.9000244140625,1004.0,620347
2024-03-06,MFSL,980.5499877929688,980.5499877929688,984.0999755859375,962.4000244140625,979.9000244140625,462045
2024-03-07,MFSL,978.4000244140625,978.4000244140625,992.0,975.25,985.7000122070312,972665
2024-03-11,MFSL,991.5499877929688,991.5499877929688,1010.0,982.75,995.0,1256809
2024-03-12,MFSL,979.4000244140625,979.4000244140625,995.0,968.3499755859375,993.4500122070312,577139
2024-03-13,MFSL,951.9500122070312,951.9500122070312,1000.0,945.75,990.0,1264419
2024-03-14,MFSL,960.5499877929688,960.5499877929688,984.0,930.8499755859375,950.5999755859375,1494019
2024-03-15,MFSL,962.75,962.75,994.0,952.9000244140625,972.5,2154818
2024-03-18,MFSL,955.25,955.25,961.0,935.5,961.0,630906
2024-03-19,MFSL,961.5,961.5,967.0499877929688,947.6500244140625,954.2000122070312,1395397
2024-03-20,MFSL,944.25,944.25,971.9500122070312,939.5499877929688,966.5999755859375,889215
2024-03-21,MFSL,952.0,952.0,965.0,943.0999755859375,946.5999755859375,1244775
2024-03-22,MFSL,944.0499877929688,944.0499877929688,956.75,932.0,956.75,691009
2024-03-26,MFSL,987.75,987.75,1010.0,974.0499877929688,985.0,4885903
2024-03-27,MFSL,1015.7999877929688,1015.7999877929688,1021.0,976.75,981.9500122070312,2108851
2024-03-28,MFSL,1002.2000122070312,1002.2000122070312,1027.4000244140625,999.0,1024.5999755859375,1220800
2024-04-01,MFSL,1017.6500244140625,1017.6500244140625,1022.75,1001.5,1007.4500122070312,426625
2024-04-02,MFSL,1014.0999755859375,1014.0999755859375,1036.0,1010.2999877929688,1025.0,655902
2024-04-03,MFSL,1007.0,1007.0,1015.0,992.0,1014.0,592100
2024-04-04,MFSL,1022.7999877929688,1022.7999877929688,1039.6500244140625,996.6500244140625,1024.949951171875,993545
2024-04-05,MFSL,1014.5999755859375,1014.5999755859375,1026.949951171875,1008.0499877929688,1020.0,626816
2024-04-08,MFSL,1036.6500244140625,1036.6500244140625,1043.550048828125,1016.1500244140625,1020.0,815714
2024-04-09,MFSL,1034.0999755859375,1034.0999755859375,1046.25,1025.300048828125,1045.0,164683
2024-04-10,MFSL,1044.800048828125,1044.800048828125,1047.3499755859375,1029.0999755859375,1034.0,422479
2024-04-12,MFSL,1034.25,1034.25,1056.199951171875,1005.0,1043.5,672399
2024-04-15,MFSL,1023.0499877929688,1023.0499877929688,1031.949951171875,1000.0,1027.3499755859375,588216
2024-04-16,MFSL,1001.7999877929688,1001.7999877929688,1028.0,999.25,1015.0,1161258
2024-04-18,MFSL,1005.1500244140625,1005.1500244140625,1035.0,1002.1500244140625,1009.9500122070312,482242
2024-04-19,MFSL,1021.5999755859375,1021.5999755859375,1032.3499755859375,988.2999877929688,1005.0499877929688,1123130
2024-04-22,MFSL,1060.300048828125,1060.300048828125,1063.0999755859375,1018.8499755859375,1032.0,2112037
2024-04-23,MFSL,1058.9000244140625,1058.9000244140625,1092.0,1046.25,1072.5,3824095
2024-04-24,MFSL,1030.75,1030.75,1065.0,1026.4000244140625,1065.0,2120357
2024-04-25,MFSL,1017.75,1017.75,1038.449951171875,998.1500244140625,1037.949951171875,1914169
2024-04-26,MFSL,998.8499755859375,998.8499755859375,1024.199951171875,995.1500244140625,1017.75,757025
2024-04-29,MFSL,975.8499755859375,975.8499755859375,1002.2999877929688,972.0,1002.2999877929688,1655438
2024-04-30,MFSL,1010.9000244140625,1010.9000244140625,1019.5999755859375,969.0499877929688,983.9500122070312,1710267
2024-05-02,MFSL,1023.8499755859375,1023.8499755859375,1038.3499755859375,1012.0,1021.0999755859375,1049815
2024-05-03,MFSL,1001.6500244140625,1001.6500244140625,1032.0,998.0,1023.8499755859375,1005079
2024-05-06,MFSL,987.8499755859375,987.8499755859375,1011.7000122070312,980.0,1011.7000122070312,505893
2024-05-07,MFSL,969.6500244140625,969.6500244140625,996.5999755859375,966.0,991.3499755859375,690893
2024-05-08,MFSL,982.7999877929688,982.7999877929688,1005.9000244140625,967.6500244140625,973.5999755859375,3587353
2024-05-09,MFSL,962.7000122070312,962.7000122070312,983.9500122070312,952.3499755859375,982.7999877929688,1048835
2024-05-10,MFSL,976.0999755859375,976.0999755859375,996.7000122070312,954.5,980.0,1307701
2024-05-13,MFSL,966.7000122070312,966.7000122070312,977.8499755859375,956.0999755859375,977.8499755859375,851218
2024-05-14,MFSL,976.1500244140625,976.1500244140625,983.7000122070312,960.1500244140625,965.75,2331789
2024-05-15,MFSL,1000.5,1000.5,1002.7000122070312,978.0,978.0499877929688,942181
2024-05-16,MFSL,1000.7000122070312,1000.7000122070312,1005.0,992.5,1000.0499877929688,919024
2024-05-17,MFSL,1020.1500244140625,1020.1500244140625,1025.0,991.5999755859375,991.5999755859375,654800
2024-05-21,MFSL,1004.0499877929688,1004.0499877929688,1028.0,996.4000244140625,1028.0,463442
2024-05-22,MFSL,977.9500122070312,977.9500122070312,1009.25,966.0,1009.25,1077832
2024-05-23,MFSL,960.9000244140625,960.9000244140625,983.5999755859375,947.9500122070312,981.6500244140625,1148256
2024-05-24,MFSL,963.6500244140625,963.6500244140625,971.7000122070312,952.5499877929688,966.0,914854
2024-05-27,MFSL,957.75,957.75,972.4500122070312,951.25,965.0,456231
2024-05-28,MFSL,979.0499877929688,979.0499877929688,995.7999877929688,950.5999755859375,957.7000122070312,2504134
2024-05-29,MFSL,971.75,971.75,984.2000122070312,963.0999755859375,980.0,1551773
2024-05-30,MFSL,926.7000122070312,926.7000122070312,973.0,916.8499755859375,973.0,1833517
2024-05-31,MFSL,918.1500244140625,918.1500244140625,933.2999877929688,909.1500244140625,925.0,1139664
2024-06-03,MFSL,937.3499755859375,937.3499755859375,944.3499755859375,924.8499755859375,935.0,819395
2024-06-04,MFSL,902.5999755859375,902.5999755859375,934.9000244140625,864.0,925.0,2635250
2024-06-05,MFSL,926.25,926.25,938.5999755859375,899.4500122070312,905.0,1066481
2024-06-06,MFSL,927.2000122070312,927.2000122070312,939.0,924.0499877929688,927.5499877929688,1174484
2024-06-07,MFSL,936.8499755859375,936.8499755859375,947.2999877929688,919.7000122070312,932.0999755859375,826457
2024-06-10,MFSL,954.0,954.0,959.5999755859375,933.0,939.0,1205869
2024-06-11,MFSL,953.5999755859375,953.5999755859375,966.0,945.5499877929688,953.5499877929688,672875
2024-06-12,MFSL,964.7000122070312,964.7000122070312,966.2000122070312,945.2999877929688,953.5999755859375,456795
2024-06-13,MFSL,987.7999877929688,987.7999877929688,995.0,940.1500244140625,949.9500122070312,3054699
2024-06-14,MFSL,993.5,993.5,999.6500244140625,983.2999877929688,996.0,1017821
2024-06-18,MFSL,990.7000122070312,990.7000122070312,998.7000122070312,979.0,993.5,1167291
2024-06-19,MFSL,987.9500122070312,987.9500122070312,997.9500122070312,976.4500122070312,995.0,566029
2024-06-20,MFSL,987.3499755859375,987.3499755859375,1004.9000244140625,983.5,995.0499877929688,597561
2024-06-21,MFSL,989.25,989.25,1000.7999877929688,983.7000122070312,989.8499755859375,921849
2024-06-24,MFSL,988.0,988.0,992.9000244140625,975.5499877929688,988.5,815545
2024-06-25,MFSL,979.6500244140625,979.6500244140625,990.7000122070312,969.0,988.2000122070312,512230
2024-06-26,MFSL,971.7000122070312,971.7000122070312,986.0,968.8499755859375,979.6500244140625,810551
2024-06-27,MFSL,972.0999755859375,972.0999755859375,983.2999877929688,966.6500244140625,967.0999755859375,907462
2024-06-28,MFSL,971.7000122070312,971.7000122070312,980.0,966.9500122070312,972.0,929770
2024-07-01,MFSL,995.7000122070312,995.7000122070312,1000.9000244140625,971.5,972.7999877929688,2095006
2024-07-02,MFSL,980.4000244140625,980.4000244140625,997.6500244140625,967.7000122070312,994.75,1006320
2024-07-03,MFSL,996.9500122070312,996.9500122070312,1000.0,980.25,983.5999755859375,676259
2024-07-04,MFSL,1002.4500122070312,1002.4500122070312,1023.75,999.6500244140625,1005.0,1039890
2024-07-05,MFSL,996.0999755859375,996.0999755859375,1008.5,991.0999755859375,1007.0,268424
2024-07-08,MFSL,992.8499755859375,992.8499755859375,1006.7000122070312,989.0999755859375,1002.0,568553
2024-07-09,MFSL,1013.4000244140625,1013.4000244140625,1017.8499755859375,988.1500244140625,992.8499755859375,1063480
2024-07-10,MFSL,1037.75,1037.75,1044.0,989.0,1019.7999877929688,1714076
2024-07-11,MFSL,1032.75,1032.75,1044.1500244140625,1029.0,1039.8499755859375,666819
2024-07-12,MFSL,1018.25,1018.25,1039.3499755859375,1012.4500122070312,1032.800048828125,253573
2024-07-15,MFSL,1038.050048828125,1038.050048828125,1049.449951171875,1005.9500122070312,1020.0,1183665
2024-07-16,MFSL,1039.449951171875,1039.449951171875,1047.4000244140625,1022.5,1047.0,1422466
2024-07-18,MFSL,1038.5999755859375,1038.5999755859375,1041.75,1016.4500122070312,1040.0,1002503
2024-07-19,MFSL,1013.2999877929688,1013.2999877929688,1038.949951171875,1006.5999755859375,1038.949951171875,366541
2024-07-22,MFSL,1026.0999755859375,1026.0999755859375,1030.0,999.75,1010.25,389615
2024-07-23,MFSL,1031.699951171875,1031.699951171875,1042.199951171875,995.0,1026.449951171875,570999
2024-07-24,MFSL,1094.0,1094.0,1098.0,1026.199951171875,1036.0,2545173
2024-07-25,MFSL,1097.050048828125,1097.050048828125,1100.0,1078.75,1090.050048828125,913036
2024-07-26,MFSL,1108.25,1108.25,1132.5,1095.449951171875,1100.0,1015488
2024-07-29,MFSL,1097.5999755859375,1097.5999755859375,1124.5,1095.6500244140625,1114.949951171875,419966
2024-07-30,MFSL,1087.699951171875,1087.699951171875,1101.300048828125,1083.699951171875,1094.0,173219
2024-07-31,MFSL,1112.0,1112.0,1119.3499755859375,1083.3499755859375,1087.699951171875,380706
2024-08-01,MFSL,1103.050048828125,1103.050048828125,1122.0,1095.8499755859375,1119.0,497579
2024-08-02,MFSL,1105.0999755859375,1105.0999755859375,1111.5999755859375,1081.75,1097.0,336371
2024-08-05,MFSL,1068.6500244140625,1068.6500244140625,1092.1500244140625,1059.300048828125,1059.300048828125,576475
2024-08-06,MFSL,1059.050048828125,1059.050048828125,1084.9000244140625,1053.5,1070.0999755859375,354498
2024-08-07,MFSL,1084.0999755859375,1084.0999755859375,1087.8499755859375,1054.9000244140625,1064.050048828125,671578
2024-08-08,MFSL,1106.5999755859375,1106.5999755859375,1110.949951171875,1069.3499755859375,1077.0,849512
2024-08-09,MFSL,1092.199951171875,1092.199951171875,1131.949951171875,1087.5,1122.800048828125,1068787
2024-08-12,MFSL,1076.8499755859375,1076.8499755859375,1105.800048828125,1070.0,1088.050048828125,524853
2024-08-13,MFSL,1052.550048828125,1052.550048828125,1083.6500244140625,1046.0999755859375,1070.0,383563
2024-08-14,MFSL,1040.25,1040.25,1050.949951171875,985.0499877929688,1022.0,2388138
2024-08-16,MFSL,1017.25,1017.25,1060.0,988.5499877929688,1030.0,2520132
2024-08-19,MFSL,991.5,991.5,1031.9000244140625,989.0999755859375,1031.9000244140625,1032864
2024-08-20,MFSL,1018.4000244140625,1018.4000244140625,1024.0,994.0499877929688,997.3499755859375,1528607
2024-08-21,MFSL,1047.25,1047.25,1050.0,1015.4000244140625,1019.6500244140625,1306453
2024-08-22,MFSL,1057.8499755859375,1057.8499755859375,1061.949951171875,1042.5,1045.0,682344
2024-08-23,MFSL,1061.6500244140625,1061.6500244140625,1073.050048828125,1045.0,1050.0999755859375,552824
2024-08-26,MFSL,1072.949951171875,1072.949951171875,1075.75,1060.0,1060.0,297080
2024-08-27,MFSL,1085.449951171875,1085.449951171875,1090.75,1072.550048828125,1075.449951171875,1031218
2024-08-28,MFSL,1070.199951171875,1070.199951171875,1087.9000244140625,1063.0999755859375,1085.449951171875,1286899
2024-08-29,MFSL,1037.9000244140625,1037.9000244140625,1069.949951171875,1031.1500244140625,1067.0,1310712
2024-08-30,MFSL,1074.8499755859375,1074.8499755859375,1088.0,1032.0,1037.9000244140625,1569058
2024-09-02,MFSL,1114.25,1114.25,1118.0,1076.0,1086.75,1824372
2024-09-03,MFSL,1128.300048828125,1128.300048828125,1133.9000244140625,1101.8499755859375,1106.0,725550
2024-09-04,MFSL,1133.300048828125,1133.300048828125,1152.949951171875,1119.0999755859375,1120.0,1695933
2024-09-05,MFSL,1117.25,1117.25,1150.0,1105.0,1150.0,24718398
2024-09-06,MFSL,1121.699951171875,1121.699951171875,1140.0,1106.0999755859375,1117.0,1527417
2024-09-09,MFSL,1122.550048828125,1122.550048828125,1132.8499755859375,1110.5,1130.449951171875,1139913
2024-09-10,MFSL,1136.199951171875,1136.199951171875,1140.0,1115.25,1124.949951171875,545537
2024-09-11,MFSL,1142.800048828125,1142.800048828125,1155.0,1133.75,1143.9000244140625,1283102
2024-09-12,MFSL,1149.5,1149.5,1160.0,1142.0,1150.0,493884
2024-09-13,MFSL,1140.4000244140625,1140.4000244140625,1155.0,1136.1500244140625,1154.8499755859375,647295
2024-09-16,MFSL,1133.550048828125,1133.550048828125,1146.4000244140625,1124.6500244140625,1140.0,209087
2024-09-17,MFSL,1150.1500244140625,1150.1500244140625,1152.3499755859375,1131.0,1138.5999755859375,548208
2024-09-18,MFSL,1140.550048828125,1140.550048828125,1159.1500244140625,1137.75,1159.0,416068
2024-09-19,MFSL,1154.5,1154.5,1161.9000244140625,1142.0999755859375,1148.0999755859375,1074860
2024-09-20,MFSL,1159.0999755859375,1159.0999755859375,1177.5999755859375,1145.1500244140625,1166.0,1176971
2024-09-23,MFSL,1195.949951171875,1195.949951171875,1199.199951171875,1161.0,1168.949951171875,642408
2024-09-24,MFSL,1178.300048828125,1178.300048828125,1201.8499755859375,1172.9000244140625,1200.0,902692
2024-09-25,MFSL,1179.5999755859375,1179.5999755859375,1191.4000244140625,1170.199951171875,1186.449951171875,966543
2024-09-26,MFSL,1195.4000244140625,1195.4000244140625,1198.949951171875,1172.1500244140625,1185.0,414906
2024-09-27,MFSL,1182.800048828125,1182.800048828125,1212.8499755859375,1178.6500244140625,1197.9000244140625,525506
2024-09-30,MFSL,1191.0,1191.0,1200.25,1174.8499755859375,1178.5999755859375,574532
2024-10-01,MFSL,1185.75,1185.75,1199.5,1177.550048828125,1180.199951171875,410506
2024-10-03,MFSL,1169.9000244140625,1169.9000244140625,1201.8499755859375,1166.5,1184.699951171875,552810
2024-10-04,MFSL,1160.800048828125,1160.800048828125,1189.949951171875,1158.1500244140625,1169.5,927330
2024-10-07,MFSL,1151.6500244140625,1151.6500244140625,1186.9000244140625,1145.5999755859375,1166.6500244140625,715473
2024-10-08,MFSL,1154.0999755859375,1154.0999755859375,1164.1500244140625,1132.3499755859375,1152.0,2057619
2024-10-09,MFSL,1189.75,1189.75,1196.5,1147.0999755859375,1160.0,748873
2024-10-10,MFSL,1183.75,1183.75,1209.25,1180.4000244140625,1198.800048828125,552401
2024-10-11,MFSL,1185.550048828125,1185.550048828125,1201.1500244140625,1177.6500244140625,1179.800048828125,487937
2024-10-14,MFSL,1199.0999755859375,1199.0999755859375,1202.4000244140625,1164.0999755859375,1185.550048828125,822476
2024-10-15,MFSL,1183.8499755859375,1183.8499755859375,1210.0,1173.699951171875,1204.699951171875,880085
2024-10-16,MFSL,1196.25,1196.25,1207.0,1180.449951171875,1180.5,793665
2024-10-17,MFSL,1173.699951171875,1173.699951171875,1202.4000244140625,1169.949951171875,1197.0,684440
2024-10-18,MFSL,1196.6500244140625,1196.6500244140625,1202.5,1158.5999755859375,1175.0,493545
2024-10-21,MFSL,1193.25,1193.25,1212.0,1180.199951171875,1205.800048828125,1301701
2024-10-22,MFSL,1170.449951171875,1170.449951171875,1204.550048828125,1164.1500244140625,1199.5,1248284
2024-10-23,MFSL,1271.9000244140625,1271.9000244140625,1298.5999755859375,1195.0,1195.0,5991955
2024-10-24,MFSL,1287.800048828125,1287.800048828125,1303.25,1255.75,1259.199951171875,2663628
2024-10-25,MFSL,1274.8499755859375,1274.8499755859375,1306.449951171875,1262.9000244140625,1287.800048828125,1950590
2024-10-28,MFSL,1266.449951171875,1266.449951171875,1281.5999755859375,1258.4000244140625,1270.699951171875,550450
2024-10-29,MFSL,1272.5999755859375,1272.5999755859375,1293.1500244140625,1244.8499755859375,1250.0,1630913
2024-10-30,MFSL,1252.800048828125,1252.800048828125,1279.9000244140625,1244.4000244140625,1279.9000244140625,885655
2024-10-31,MFSL,1283.0,1283.0,1287.0,1250.3499755859375,1259.0,994951
2024-11-01,MFSL,1286.25,1286.25,1299.0,1278.0,1289.75,44174
2024-11-04,MFSL,1255.75,1255.75,1296.0999755859375,1245.3499755859375,1293.0,532635
2024-11-05,MFSL,1251.0,1251.0,1265.9000244140625,1226.550048828125,1253.199951171875,461746
2024-11-06,MFSL,1228.449951171875,1228.449951171875,1262.300048828125,1225.0999755859375,1252.699951171875,930855
2024-11-07,MFSL,1235.800048828125,1235.800048828125,1240.0,1216.699951171875,1230.0,498082
2024-11-08,MFSL,1219.050048828125,1219.050048828125,1244.699951171875,1214.050048828125,1242.0,296773
2024-11-11,MFSL,1208.0,1208.0,1224.449951171875,1200.1500244140625,1218.800048828125,447624
2024-11-12,MFSL,1223.300048828125,1223.300048828125,1236.949951171875,1207.3499755859375,1210.800048828125,931840
2024-11-13,MFSL,1197.550048828125,1197.550048828125,1228.25,1191.3499755859375,1228.25,306537
2024-11-14,MFSL,1232.6500244140625,1232.6500244140625,1235.1500244140625,1193.5999755859375,1193.5999755859375,873917
2024-11-18,MFSL,1237.6500244140625,1237.6500244140625,1244.25,1215.050048828125,1234.199951171875,963456
2024-11-19,MFSL,1189.5999755859375,1189.5999755859375,1245.050048828125,1180.9000244140625,1240.0,1786975
2024-11-21,MFSL,1173.5,1173.5,1188.550048828125,1166.0,1177.9000244140625,671436
2024-11-22,MFSL,1166.449951171875,1166.449951171875,1176.8499755859375,1150.9000244140625,1173.0999755859375,659880
2024-11-25,MFSL,1169.800048828125,1169.800048828125,1194.949951171875,1161.25,1180.949951171875,526644
2024-11-26,MFSL,1177.9000244140625,1177.9000244140625,1182.1500244140625,1159.25,1175.800048828125,298248
2024-11-27,MFSL,1188.050048828125,1188.050048828125,1204.949951171875,1175.9000244140625,1175.9000244140625,1349026
2024-11-28,MFSL,1140.300048828125,1140.300048828125,1197.75,1093.8499755859375,1184.0,2972444
2024-11-29,MFSL,1133.949951171875,1133.949951171875,1159.949951171875,1125.550048828125,1147.1500244140625,966284
2024-12-02,MFSL,1114.6500244140625,1114.6500244140625,1132.25,1100.5999755859375,1123.6500244140625,1415546
2024-12-03,MFSL,1142.3499755859375,1142.3499755859375,1144.5999755859375,1114.0,1120.0,2255910
2024-12-04,MFSL,1169.949951171875,1169.949951171875,1175.0,1138.050048828125,1144.5999755859375,1161490
2024-12-05,MFSL,1168.0999755859375,1168.0999755859375,1176.9000244140625,1150.949951171875,1165.0999755859375,1151933
2024-12-06,MFSL,1161.449951171875,1161.449951171875,1177.3499755859375,1155.75,1168.0999755859375,922783
2024-12-09,MFSL,1186.1500244140625,1186.1500244140625,1189.1500244140625,1154.050048828125,1164.75,278836
2024-12-10,MFSL,1165.25,1165.25,1198.3499755859375,1159.25,1190.0999755859375,633022
2024-12-11,MFSL,1144.9000244140625,1144.9000244140625,1168.25,1135.4000244140625,1160.050048828125,456454
2024-12-12,MFSL,1127.0999755859375,1127.0999755859375,1148.199951171875,1120.75,1145.0,721211
2024-12-13,MFSL,1127.8499755859375,1127.8499755859375,1130.6500244140625,1109.0999755859375,1124.0,630833
2024-12-16,MFSL,1151.199951171875,1151.199951171875,1161.5999755859375,1135.050048828125,1139.0,1001894
2024-12-17,MFSL,1145.5,1145.5,1155.5999755859375,1137.0,1155.5999755859375,270754
2024-12-18,MFSL,1142.4000244140625,1142.4000244140625,1154.0,1136.75,1145.949951171875,233419
2024-12-19,MFSL,1133.9000244140625,1133.9000244140625,1139.1500244140625,1104.199951171875,1116.9000244140625,296919
2024-12-20,MFSL,1109.199951171875,1109.199951171875,1143.050048828125,1102.0,1135.699951171875,273321
2024-12-23,MFSL,1100.699951171875,1100.699951171875,1109.800048828125,1087.050048828125,1107.8499755859375,269022
2024-12-24,MFSL,1103.9000244140625,1103.9000244140625,1114.6500244140625,1098.0,1101.050048828125,191790
2024-12-26,MFSL,1114.199951171875,1114.199951171875,1117.949951171875,1096.0999755859375,1105.0,285116
2024-12-27,MFSL,1106.0999755859375,1106.0999755859375,1116.0999755859375,1102.0,1113.5999755859375,100722
2024-12-30,MFSL,1114.25,1114.25,1117.75,1098.3499755859375,1106.0999755859375,128027
2024-12-31,MFSL,1113.9000244140625,1113.9000244140625,1121.699951171875,1093.300048828125,1114.25,368048
2025-01-01,MFSL,1102.550048828125,1102.550048828125,1117.949951171875,1097.0,1110.9000244140625,123907
2025-01-02,MFSL,1122.800048828125,1122.800048828125,1125.0,1099.6500244140625,1100.0,256963
2025-01-03,MFSL,1109.800048828125,1109.800048828125,1130.3499755859375,1105.1500244140625,1124.550048828125,286379
2025-01-06,MFSL,1092.300048828125,1092.300048828125,1102.5,1066.0,1093.300048828125,1287489
2025-01-07,MFSL,1111.449951171875,1111.449951171875,1117.949951171875,1076.0,1086.949951171875,423949
2025-01-08,MFSL,1088.9000244140625,1088.9000244140625,1114.949951171875,1086.5999755859375,1114.800048828125,194452
2025-01-09,MFSL,1089.949951171875,1089.949951171875,1106.0999755859375,1086.050048828125,1093.9000244140625,162965
2025-01-10,MFSL,1077.6500244140625,1077.6500244140625,1090.6500244140625,1075.050048828125,1089.699951171875,213365
2025-01-13,MFSL,1068.9000244140625,1068.9000244140625,1072.1500244140625,1051.0999755859375,1052.0,639893
2025-01-14,MFSL,1051.4000244140625,1051.4000244140625,1075.5,1043.550048828125,1068.9000244140625,745831
2025-01-15,MFSL,1034.6500244140625,1034.6500244140625,1056.0999755859375,1022.5,1054.0,543843
2025-01-16,MFSL,1063.1500244140625,1063.1500244140625,1119.4000244140625,1041.050048828125,1049.0,2619890
2025-01-17,MFSL,1088.300048828125,1088.300048828125,1099.949951171875,1054.4000244140625,1057.8499755859375,926404
2025-01-20,MFSL,1075.8499755859375,1075.8499755859375,1099.050048828125,1060.050048828125,1087.800048828125,429373
2025-01-21,MFSL,1053.0999755859375,1053.0999755859375,1079.449951171875,1045.5,1071.8499755859375,928917
2025-01-22,MFSL,1038.75,1038.75,1069.949951171875,1019.4000244140625,1063.699951171875,661115
2025-01-23,MFSL,1056.4000244140625,1056.4000244140625,1062.3499755859375,1023.5,1034.4000244140625,648845
2025-01-24,MFSL,1040.300048828125,1040.300048828125,1066.75,1020.0,1056.050048828125,328372
2025-01-27,MFSL,1040.5,1040.5,1048.0,1029.1500244140625,1040.300048828125,1318950
2025-01-28,MFSL,1043.4000244140625,1043.4000244140625,1060.0,1035.050048828125,1044.949951171875,1138267
2025-01-29,MFSL,1073.8499755859375,1073.8499755859375,1075.6500244140625,1037.550048828125,1045.0,781623
2025-01-30,MFSL,1081.5999755859375,1081.5999755859375,1088.5,1066.050048828125,1076.800048828125,229496
2025-01-31,MFSL,1115.75,1115.75,1119.949951171875,1074.5,1074.5,331730
2025-02-01,MFSL,1123.25,1123.25,1162.0,1058.300048828125,1120.0,1740451
2025-02-03,MFSL,1083.449951171875,1083.449951171875,1119.3499755859375,1077.75,1115.75,1075095
2025-02-04,MFSL,1100.8499755859375,1100.8499755859375,1114.8499755859375,1078.5,1083.449951171875,760436
2025-02-05,MFSL,1118.5,1118.5,1169.4000244140625,1114.4000244140625,1133.0,2187710
2025-02-06,MFSL,1108.0,1108.0,1144.0,1092.550048828125,1121.949951171875,586441
2025-02-07,MFSL,1112.550048828125,1112.550048828125,1119.699951171875,1097.300048828125,1107.0,248073
2025-02-10,MFSL,1090.9000244140625,1090.9000244140625,1119.199951171875,1088.550048828125,1113.949951171875,339955
2025-02-11,MFSL,1060.300048828125,1060.300048828125,1086.6500244140625,1053.5999755859375,1082.1500244140625,737135
2025-02-12,MFSL,1090.800048828125,1090.800048828125,1105.75,1029.5999755859375,1062.0,1282273
2025-02-13,MFSL,1079.8499755859375,1079.8499755859375,1105.050048828125,1075.300048828125,1097.9000244140625,917145
2025-02-14,MFSL,1057.8499755859375,1057.8499755859375,1092.5999755859375,1050.050048828125,1079.8499755859375,195078
2025-02-17,MFSL,1065.6500244140625,1065.6500244140625,1073.8499755859375,1035.0,1035.0,392089
2025-02-18,MFSL,1062.050048828125,1062.050048828125,1066.3499755859375,1046.4000244140625,1065.6500244140625,216848
2025-02-19,MFSL,1047.1500244140625,1047.1500244140625,1071.550048828125,1038.949951171875,1052.4000244140625,537834
2025-02-20,MFSL,1046.25,1046.25,1053.550048828125,1028.5,1043.050048828125,493626
2025-02-21,MFSL,1052.199951171875,1052.199951171875,1066.050048828125,1039.0999755859375,1045.0,903624
2025-02-24,MFSL,1036.300048828125,1036.300048828125,1044.0,1017.6500244140625,1037.0,963259
2025-02-25,MFSL,1015.7999877929688,1015.7999877929688,1046.800048828125,1011.2999877929688,1026.800048828125,1265288
2025-02-27,MFSL,1026.0999755859375,1026.0999755859375,1035.949951171875,1002.0,1002.0,2234089
2025-02-28,MFSL,998.0999755859375,998.0999755859375,1026.0999755859375,994.7999877929688,1020.9500122070312,1035745
2025-03-03,MFSL,986.5,986.5,1000.5999755859375,979.4500122070312,1000.0,1784130
2025-03-04,MFSL,1003.2999877929688,1003.2999877929688,1008.75,970.4500122070312,977.3499755859375,3303985
2025-03-05,MFSL,1014.5499877929688,1014.5499877929688,1018.0,994.0,1001.4000244140625,2044157
2025-03-06,MFSL,1025.4000244140625,1025.4000244140625,1036.0,1010.0,1010.0499877929688,851164
2025-03-07,MFSL,1036.5999755859375,1036.5999755859375,1043.6500244140625,1017.2000122070312,1027.300048828125,642199
2025-03-10,MFSL,1039.9000244140625,1039.9000244140625,1046.300048828125,1026.0999755859375,1038.550048828125,400507
2025-03-11,MFSL,1086.0,1086.0,1091.449951171875,1043.3499755859375,1044.1500244140625,2247898
2025-03-12,MFSL,1061.800048828125,1061.800048828125,1089.800048828125,1054.5,1082.0999755859375,2192272
2025-03-13,MFSL,1052.550048828125,1052.550048828125,1068.699951171875,1049.050048828125,1061.800048828125,158109
2025-03-17,MFSL,1040.0999755859375,1040.0999755859375,1056.050048828125,950.0,1055.050048828125,1565372
2025-03-18,MFSL,1040.0999755859375,1040.0999755859375,1040.0999755859375,1040.0999755859375,1040.0999755859375,0
2025-03-19,MFSL,1102.199951171875,1102.199951171875,1109.550048828125,1073.5,1076.699951171875,525704
2025-03-20,MFSL,1121.5,1121.5,1136.9000244140625,1099.0,1103.0,848703
2025-03-21,MFSL,1140.050048828125,1140.050048828125,1144.9000244140625,1122.0,1122.0,1121161
2025-03-24,MFSL,1157.3499755859375,1157.3499755859375,1166.800048828125,1140.050048828125,1145.25,505488
2025-03-25,MFSL,1138.449951171875,1138.449951171875,1167.0,1130.0,1167.0,852554
2025-03-26,MFSL,1117.5999755859375,1117.5999755859375,1144.0,1112.6500244140625,1144.0,588485
2025-03-27,MFSL,1147.300048828125,1147.300048828125,1151.5999755859375,1118.050048828125,1121.949951171875,760398
2025-03-28,MFSL,1147.699951171875,1147.699951171875,1158.550048828125,1143.300048828125,1150.0,462831
2025-04-01,MFSL,1141.75,1141.75,1152.8499755859375,1112.5999755859375,1116.699951171875,395552
2025-04-02,MFSL,1144.300048828125,1144.300048828125,1149.449951171875,1130.0,1141.5,317768
2025-04-03,MFSL,1147.800048828125,1147.800048828125,1151.1500244140625,1115.300048828125,1115.4000244140625,757127
2025-04-04,MFSL,1165.050048828125,1165.050048828125,1169.0,1135.9000244140625,1140.5,904913
2025-04-07,MFSL,1128.449951171875,1128.449951171875,1145.5,1085.0,1085.0,620359
2025-04-08,MFSL,1132.3499755859375,1132.3499755859375,1143.300048828125,1121.050048828125,1129.4000244140625,1766425
2025-04-09,MFSL,1164.550048828125,1164.550048828125,1169.0,1127.699951171875,1133.9000244140625,854381
2025-04-11,MFSL,1163.300048828125,1163.300048828125,1189.5,1157.5,1171.0,636001
2025-04-15,MFSL,1195.300048828125,1195.300048828125,1197.9000244140625,1161.199951171875,1180.0,1157296
2025-04-16,MFSL,1209.699951171875,1209.699951171875,1212.0,1191.300048828125,1199.0,540675
2025-04-17,MFSL,1218.0,1218.0,1223.800048828125,1198.0999755859375,1209.9000244140625,2868366
2025-04-21,MFSL,1237.4000244140625,1237.4000244140625,1245.9000244140625,1213.199951171875,1233.0,3079334
2025-04-22,MFSL,1236.0,1236.0,1245.300048828125,1228.0,1243.9000244140625,595009
2025-04-23,MFSL,1241.0,1241.0,1244.199951171875,1224.0999755859375,1236.0,386333
2025-04-24,MFSL,1247.699951171875,1247.699951171875,1250.800048828125,1229.4000244140625,1248.0,487846
2025-04-25,MFSL,1266.4000244140625,1266.4000244140625,1281.300048828125,1242.0,1242.199951171875,1775323
2025-04-28,MFSL,1283.0999755859375,1283.0999755859375,1294.9000244140625,1258.5999755859375,1260.0,1338121
2025-04-29,MFSL,1306.800048828125,1306.800048828125,1311.0999755859375,1283.199951171875,1290.0,1005265
2025-04-30,MFSL,1305.0,1305.0,1314.9000244140625,1294.5,1304.9000244140625,683613
2025-05-02,MFSL,1300.800048828125,1300.800048828125,1315.4000244140625,1288.699951171875,1300.0,476033
2025-05-05,MFSL,1283.199951171875,1283.199951171875,1313.199951171875,1279.0,1312.9000244140625,957865
2025-05-06,MFSL,1269.199951171875,1269.199951171875,1290.0,1258.0,1280.0999755859375,597045
2025-05-07,MFSL,1289.800048828125,1289.800048828125,1295.0,1254.0,1261.0,818393
2025-05-08,MFSL,1271.199951171875,1271.199951171875,1298.0,1261.0999755859375,1297.0,592853
2025-05-09,MFSL,1268.199951171875,1268.199951171875,1271.199951171875,1248.5999755859375,1257.0,511736
2025-05-12,MFSL,1293.0,1293.0,1304.9000244140625,1280.5,1304.9000244140625,519081
2025-05-13,MFSL,1290.0999755859375,1290.0999755859375,1301.0,1275.199951171875,1293.0,664675
2025-05-14,MFSL,1338.199951171875,1338.199951171875,1351.0,1317.699951171875,1321.0,2678065
2025-05-15,MFSL,1358.4000244140625,1358.4000244140625,1364.0,1323.199951171875,1338.199951171875,1383441
2025-05-16,MFSL,1355.199951171875,1355.199951171875,1372.0,1344.0,1344.0,930342
2025-05-19,MFSL,1390.9000244140625,1390.9000244140625,1398.5,1356.0999755859375,1364.9000244140625,2038882
2025-05-20,MFSL,1377.4000244140625,1377.4000244140625,1397.800048828125,1371.199951171875,1396.5999755859375,924376
2025-05-21,MFSL,1396.699951171875,1396.699951171875,1400.0,1368.0,1371.4000244140625,1436181
2025-05-22,MFSL,1414.0,1414.0,1425.9000244140625,1380.9000244140625,1394.699951171875,2964396
2025-05-23,MFSL,1470.0,1470.0,1475.4000244140625,1414.0,1414.0,5351992
2025-05-26,MFSL,1476.5,1476.5,1494.300048828125,1467.199951171875,1474.0999755859375,1536703
2025-05-27,MFSL,1484.0999755859375,1484.0999755859375,1488.5,1463.5,1476.5,964016
2025-05-28,MFSL,1503.5,1503.5,1506.0999755859375,1478.699951171875,1484.9000244140625,817253
2025-05-29,MFSL,1489.5999755859375,1489.5999755859375,1501.9000244140625,1445.699951171875,1480.0,1657455
2025-05-30,MFSL,1502.699951171875,1502.699951171875,1516.0999755859375,1487.5,1489.0,1171440
2025-06-02,MFSL,1522.300048828125,1522.300048828125,1533.4000244140625,1496.5999755859375,1502.699951171875,1074211
2025-06-03,MFSL,1513.199951171875,1513.199951171875,1530.5999755859375,1507.5999755859375,1524.0,1016329
2025-06-04,MFSL,1505.5,1505.5,1523.300048828125,1501.800048828125,1506.0999755859375,950116
2025-06-05,MFSL,1504.199951171875,1504.199951171875,1515.5,1492.300048828125,1505.0,1107694
2025-06-06,MFSL,1508.0999755859375,1508.0999755859375,1518.0,1497.9000244140625,1508.0,1829889
2025-06-09,MFSL,1524.5,1524.5,1530.5,1470.0,1514.0,644150
2025-06-10,MFSL,1522.9000244140625,1522.9000244140625,1547.5999755859375,1511.0,1521.0,659735
2025-06-11,MFSL,1536.0999755859375,1536.0999755859375,1553.699951171875,1521.699951171875,1522.9000244140625,643552
2025-06-12,MFSL,1514.4000244140625,1514.4000244140625,1538.9000244140625,1511.5999755859375,1537.4000244140625,372527
2025-06-13,MFSL,1526.0,1526.0,1531.800048828125,1497.300048828125,1500.0,729511
2025-06-16,MFSL,1577.0,1577.0,1586.800048828125,1533.699951171875,1538.4000244140625,1533088
2025-06-17,MFSL,1585.800048828125,1585.800048828125,1594.5999755859375,1573.5999755859375,1585.0,1157325
2025-06-18,MFSL,1586.5999755859375,1586.5999755859375,1606.0999755859375,1576.0,1584.0999755859375,889232
2025-06-19,MFSL,1576.300048828125,1576.300048828125,1601.0999755859375,1567.5,1584.800048828125,523308
2025-06-20,MFSL,1595.300048828125,1595.300048828125,1609.0,1574.699951171875,1576.300048828125,2008915
2025-06-23,MFSL,1599.9000244140625,1599.9000244140625,1619.199951171875,1581.699951171875,1589.0,913548
2025-06-24,MFSL,1618.4000244140625,1618.4000244140625,1622.5999755859375,1581.199951171875,1610.0,506897
2025-06-25,MFSL,1627.800048828125,1627.800048828125,1629.9000244140625,1606.0999755859375,1618.4000244140625,928252
2025-06-26,MFSL,1634.300048828125,1634.300048828125,1636.0,1618.9000244140625,1626.0999755859375,549494
2025-06-27,MFSL,1641.0999755859375,1641.0999755859375,1658.0,1608.699951171875,1636.699951171875,6420988
2025-06-30,MFSL,1647.0999755859375,1647.0999755859375,1659.699951171875,1616.300048828125,1649.0,793747
2025-07-01,MFSL,1653.9000244140625,1653.9000244140625,1666.9000244140625,1637.800048828125,1637.800048828125,769028
2025-07-02,MFSL,1644.0,1644.0,1656.699951171875,1638.199951171875,1645.0999755859375,549765
2025-07-03,MFSL,1618.9000244140625,1618.9000244140625,1648.0999755859375,1611.5,1640.0,373808
2025-07-04,MFSL,1589.9000244140625,1589.9000244140625,1624.199951171875,1574.300048828125,1610.0,1218649
2025-07-07,MFSL,1568.5,1568.5,1597.9000244140625,1564.800048828125,1585.0,349489
2025-07-08,MFSL,1572.0,1572.0,1583.300048828125,1562.0,1569.0,772077
2025-07-09,MFSL,1563.699951171875,1563.699951171875,1572.9000244140625,1553.699951171875,1565.0,791509
2025-07-10,MFSL,1582.800048828125,1582.800048828125,1593.300048828125,1559.199951171875,1563.699951171875,922722
2025-07-11,MFSL,1567.199951171875,1567.199951171875,1594.4000244140625,1557.5999755859375,1572.699951171875,937494
2025-07-14,MFSL,1578.5,1578.5,1592.5,1558.800048828125,1560.0,1049890
2025-07-15,MFSL,1582.800048828125,1582.800048828125,1586.0,1560.5999755859375,1580.699951171875,750051
2025-07-16,MFSL,1569.300048828125,1569.300048828125,1585.300048828125,1564.300048828125,1579.5,517618
2025-07-17,MFSL,1537.5999755859375,1537.5999755859375,1573.300048828125,1509.0,1572.800048828125,2157923
2025-07-18,MFSL,1539.0999755859375,1539.0999755859375,1550.0999755859375,1528.9000244140625,1529.9000244140625,637166
2025-07-21,MFSL,1541.699951171875,1541.699951171875,1555.0,1529.0999755859375,1532.0,483925
2025-07-22,MFSL,1562.4000244140625,1562.4000244140625,1582.9000244140625,1535.0,1539.9000244140625,982580
2025-07-23,MFSL,1549.699951171875,1549.699951171875,1574.699951171875,1544.0999755859375,1569.9000244140625,444719
2025-07-24,MFSL,1525.800048828125,1525.800048828125,1545.5,1520.4000244140625,1531.5,475006
2025-07-25,MFSL,1526.699951171875,1526.699951171875,1534.4000244140625,1515.5,1525.800048828125,383171
2025-07-28,MFSL,1527.5,1527.5,1555.0,1522.0,1529.0,315645
2025-07-29,MFSL,1504.9000244140625,1504.9000244140625,1528.5999755859375,1499.300048828125,1524.0,965548
2025-07-30,MFSL,1508.199951171875,1508.199951171875,1513.4000244140625,1481.0,1509.9000244140625,667653
2025-07-31,MFSL,1501.4000244140625,1501.4000244140625,1509.699951171875,1486.5,1500.0,325620
2025-08-01,MFSL,1472.5,1472.5,1501.4000244140625,1467.5999755859375,1497.300048828125,471006
2025-08-04,MFSL,1481.5999755859375,1481.5999755859375,1489.0,1451.0999755859375,1453.0999755859375,841528
2025-08-05,MFSL,1475.4000244140625,1475.4000244140625,1489.0,1465.5999755859375,1483.0999755859375,283471
2025-08-06,MFSL,1489.699951171875,1489.699951171875,1495.0,1458.4000244140625,1476.9000244140625,465281
2025-08-07,MFSL,1504.9000244140625,1504.9000244140625,1510.0,1479.800048828125,1491.300048828125,272182
2025-08-08,MFSL,1551.5,1551.5,1575.0,1530.300048828125,1544.300048828125,1440860
2025-08-11,MFSL,1556.4000244140625,1556.4000244140625,1559.800048828125,1525.0,1552.0,571573
2025-08-12,MFSL,1588.4000244140625,1588.4000244140625,1595.5999755859375,1535.0,1550.0,545170
2025-08-13,MFSL,1588.0,1588.0,1600.0,1573.0999755859375,1573.0999755859375,290674
2025-08-14,MFSL,1598.300048828125,1598.300048828125,1605.0,1583.699951171875,1588.0,244891
2025-08-18,MFSL,1640.199951171875,1640.199951171875,1674.800048828125,1613.300048828125,1625.0,1178775
2025-08-19,MFSL,1637.300048828125,1637.300048828125,1643.0999755859375,1605.0999755859375,1640.0999755859375,369737
2025-08-20,MFSL,1643.5999755859375,1643.5999755859375,1650.0,1621.0,1630.0,128829
2025-08-21,MFSL,1659.199951171875,1659.199951171875,1674.5,1650.699951171875,1664.0,833570
2025-08-22,MFSL,1638.699951171875,1638.699951171875,1659.199951171875,1633.5,1651.0,401276
2025-08-25,MFSL,1651.199951171875,1651.199951171875,1671.800048828125,1631.4000244140625,1645.0,562788
2025-08-26,MFSL,1622.800048828125,1622.800048828125,1657.0999755859375,1618.199951171875,1645.0,438975
2025-08-28,MFSL,1608.699951171875,1608.699951171875,1646.5,1599.800048828125,1630.199951171875,534015
2025-08-29,MFSL,1602.199951171875,1602.199951171875,1622.800048828125,1594.4000244140625,1612.800048828125,344013
2025-09-01,MFSL,1629.199951171875,1629.199951171875,1634.699951171875,1600.800048828125,1618.199951171875,850091
2025-09-02,MFSL,1623.9000244140625,1623.9000244140625,1642.0,1617.0999755859375,1630.0,427322
2025-09-03,MFSL,1617.4000244140625,1617.4000244140625,1623.0,1594.300048828125,1622.4000244140625,477682
2025-09-04,MFSL,1566.0,1566.0,1662.9000244140625,1551.199951171875,1662.9000244140625,1321358
2025-09-05,MFSL,1577.4000244140625,1577.4000244140625,1608.199951171875,1574.300048828125,1580.9000244140625,561180
2025-09-08,MFSL,1583.800048828125,1583.800048828125,1604.800048828125,1561.9000244140625,1576.5999755859375,572162
2025-09-09,MFSL,1597.5,1597.5,1600.800048828125,1564.5999755859375,1583.800048828125,797797
2025-09-10,MFSL,1609.4000244140625,1609.4000244140625,1615.0,1595.0,1604.0,342179
2025-09-11,MFSL,1605.4000244140625,1605.4000244140625,1619.0,1594.199951171875,1610.0999755859375,249196
2025-09-12,MFSL,1586.699951171875,1586.699951171875,1607.699951171875,1581.0999755859375,1603.9000244140625,198071
2025-09-15,MFSL,1581.199951171875,1581.199951171875,1587.4000244140625,1570.0999755859375,1581.0,350846
2025-09-16,MFSL,1564.0999755859375,1564.0999755859375,1589.5,1561.0999755859375,1570.0,842075
2025-09-17,MFSL,1538.0,1538.0,1572.199951171875,1535.0999755859375,1570.0,632461
2025-09-18,MFSL,1555.4000244140625,1555.4000244140625,1558.699951171875,1534.9000244140625,1538.0,376290
2025-09-19,MFSL,1561.699951171875,1561.699951171875,1571.699951171875,1552.0999755859375,1558.9000244140625,572828
2025-09-22,MFSL,1556.699951171875,1556.699951171875,1578.800048828125,1552.0,1559.699951171875,444712
2025-09-23,MFSL,1584.5,1584.5,1591.9000244140625,1551.5,1558.699951171875,384921
2025-09-24,MFSL,1584.9000244140625,1584.9000244140625,1594.300048828125,1574.5999755859375,1586.0,344824
2025-09-25,MFSL,1565.5999755859375,1565.5999755859375,1596.199951171875,1560.4000244140625,1586.0,453561
2025-09-26,MFSL,1545.5999755859375,1545.5999755859375,1578.4000244140625,1541.0,1552.0,532878
2025-09-29,MFSL,1559.800048828125,1559.800048828125,1565.0,1535.0999755859375,1545.5999755859375,711014
2025-09-30,MFSL,1575.9000244140625,1575.9000244140625,1588.199951171875,1557.0,1558.9000244140625,341732
2025-10-01,MFSL,1621.9000244140625,1621.9000244140625,1630.0,1560.0,1566.0,743952
2025-10-03,MFSL,1604.0999755859375,1604.0999755859375,1647.9000244140625,1599.9000244140625,1622.0,716078
2025-10-06,MFSL,1605.4000244140625,1605.4000244140625,1628.699951171875,1596.300048828125,1596.300048828125,377043
2025-10-07,MFSL,1587.0999755859375,1587.0999755859375,1611.800048828125,1581.4000244140625,1611.0999755859375,464320
2025-10-08,MFSL,1568.699951171875,1568.699951171875,1597.0999755859375,1564.9000244140625,1591.9000244140625,330385
2025-10-09,MFSL,1596.199951171875,1596.199951171875,1601.199951171875,1550.0,1568.0,342605
2025-10-10,MFSL,1581.699951171875,1581.699951171875,1602.9000244140625,1579.199951171875,1601.0,528833
2025-10-13,MFSL,1607.5,1607.5,1612.5,1581.699951171875,1581.9000244140625,811956
2025-10-14,MFSL,1611.0999755859375,1611.0999755859375,1622.0,1601.699951171875,1617.9000244140625,660665
2025-10-15,MFSL,1609.0999755859375,1609.0999755859375,1635.800048828125,1602.5,1621.0,445150
2025-10-16,MFSL,1552.4000244140625,1552.4000244140625,1600.0,1541.5,1600.0,971233
2025-10-17,MFSL,1547.5999755859375,1547.5999755859375,1562.5,1530.300048828125,1562.5,497648
2025-10-20,MFSL,1533.300048828125,1533.300048828125,1550.0,1525.0999755859375,1549.4000244140625,348976
2025-10-21,MFSL,1540.800048828125,1540.800048828125,1548.0,1529.5999755859375,1547.9000244140625,70924
2025-10-23,MFSL,1531.800048828125,1531.800048828125,1548.0,1526.300048828125,1547.800048828125,749624
2025-10-24,MFSL,1518.0,1518.0,1539.5999755859375,1511.9000244140625,1537.699951171875,271304
2025-10-27,MFSL,1513.5999755859375,1513.5999755859375,1539.4000244140625,1501.9000244140625,1512.0,882108
2025-10-28,MFSL,1524.0999755859375,1524.0999755859375,1528.4000244140625,1508.0999755859375,1519.4000244140625,738454
2025-10-29,MFSL,1518.800048828125,1518.800048828125,1545.4000244140625,1509.800048828125,1526.0,1137033
2025-10-30,MFSL,1556.199951171875,1556.199951171875,1564.699951171875,1514.699951171875,1519.800048828125,1344090
2025-10-31,MFSL,1546.5,1546.5,1567.4000244140625,1543.0999755859375,1556.199951171875,330398
2025-11-03,MFSL,1559.9000244140625,1559.9000244140625,1568.800048828125,1531.0,1531.0,591451
2025-11-04,MFSL,1592.4000244140625,1592.4000244140625,1600.0,1561.5,1566.0,1155844
2025-11-06,MFSL,1584.199951171875,1584.199951171875,1612.0,1581.199951171875,1604.800048828125,471640
2025-11-07,MFSL,1618.0999755859375,1618.0999755859375,1633.800048828125,1562.0999755859375,1576.199951171875,352093
2025-11-10,MFSL,1619.0999755859375,1619.0999755859375,1638.0,1612.4000244140625,1625.0999755859375,466129
2025-11-11,MFSL,1635.5,1635.5,1642.0,1600.300048828125,1634.0,693696
2025-11-12,MFSL,1718.800048828125,1718.800048828125,1727.699951171875,1600.0,1600.0,4176641
2025-11-13,MFSL,1707.4000244140625,1707.4000244140625,1729.9000244140625,1691.800048828125,1718.800048828125,658661
2025-11-14,MFSL,1673.4000244140625,1673.4000244140625,1707.5999755859375,1662.0,1707.4000244140625,688238
2025-11-17,MFSL,1698.300048828125,1698.300048828125,1707.9000244140625,1678.0999755859375,1688.0,698271
2025-11-18,MFSL,1679.800048828125,1679.800048828125,1707.0999755859375,1677.5,1702.0,719728
2025-11-19,MFSL,1668.0,1668.0,1688.5,1656.0,1676.0,609918
2025-11-20,MFSL,1692.5999755859375,1692.5999755859375,1701.699951171875,1660.5,1677.0,514684
2025-11-21,MFSL,1661.5,1661.5,1717.199951171875,1646.4000244140625,1700.0,817662
2025-11-24,MFSL,1679.5999755859375,1679.5999755859375,1686.0,1639.800048828125,1669.800048828125,1130095
2025-11-25,MFSL,1697.9000244140625,1697.9000244140625,1702.699951171875,1670.0999755859375,1682.0,814292
2025-11-26,MFSL,1736.699951171875,1736.699951171875,1740.800048828125,1704.9000244140625,1710.0,827564
2025-11-27,MFSL,1728.4000244140625,1728.4000244140625,1751.4000244140625,1724.0999755859375,1747.0,593016
2025-11-28,MFSL,1702.0999755859375,1702.0999755859375,1750.0,1693.199951171875,1735.800048828125,275775
2025-12-01,MFSL,1713.4000244140625,1713.4000244140625,1717.699951171875,1702.199951171875,1709.5999755859375,171625
2025-12-02,MFSL,1691.800048828125,1691.800048828125,1717.4000244140625,1670.0,1715.0,506292
2025-12-03,MFSL,1664.800048828125,1664.800048828125,1693.800048828125,1661.5,1688.0,276739
2025-12-04,MFSL,1689.4000244140625,1689.4000244140625,1693.5,1648.199951171875,1661.0999755859375,529661
2025-12-05,MFSL,1690.199951171875,1690.199951171875,1694.800048828125,1665.699951171875,1685.0,415985
2025-12-08,MFSL,1695.300048828125,1695.300048828125,1712.800048828125,1678.699951171875,1700.0,801332
2025-12-09,MFSL,1690.9000244140625,1690.9000244140625,1705.0,1665.0999755859375,1705.0,471550
2025-12-10,MFSL,1698.800048828125,1698.800048828125,1717.300048828125,1675.5,1675.5,662831
2025-12-11,MFSL,1703.5999755859375,1703.5999755859375,1719.5999755859375,1688.5999755859375,1702.9000244140625,370735
2025-12-12,MFSL,1719.0,1719.0,1724.9000244140625,1707.5,1711.0,547322
2025-12-15,MFSL,1698.300048828125,1698.300048828125,1724.9000244140625,1677.5999755859375,1724.9000244140625,528241
2025-12-16,MFSL,1669.5999755859375,1669.5999755859375,1719.800048828125,1663.199951171875,1719.800048828125,578739
2025-12-17,MFSL,1663.9000244140625,1663.9000244140625,1680.0,1642.199951171875,1680.0,350114
2025-12-18,MFSL,1686.5999755859375,1686.5999755859375,1690.0,1655.0,1658.4000244140625,245270
2025-12-19,MFSL,1689.9000244140625,1689.9000244140625,1693.5,1660.5,1686.5999755859375,605147
2025-12-22,MFSL,1692.699951171875,1692.699951171875,1702.300048828125,1679.4000244140625,1682.0,265280
2025-12-23,MFSL,1697.5999755859375,1697.5999755859375,1701.9000244140625,1677.300048828125,1692.800048828125,242565
2025-12-24,MFSL,1678.5,1678.5,1710.4000244140625,1673.9000244140625,1704.800048828125,326259
2025-12-26,MFSL,1672.0,1672.0,1680.0,1661.9000244140625,1678.5,184519
2025-12-29,MFSL,1650.199951171875,1650.199951171875,1679.0,1633.300048828125,1664.800048828125,727473
2025-12-30,MFSL,1634.4000244140625,1634.4000244140625,1661.300048828125,1625.4000244140625,1635.4000244140625,3100083
2025-12-31,MFSL,1671.800048828125,1671.800048828125,1683.4000244140625,1636.0,1636.0,695541
2026-01-01,MFSL,1674.0,1674.0,1691.0,1664.5999755859375,1677.5,315743
2026-01-02,MFSL,1671.0,1671.0,1689.9000244140625,1660.0,1681.199951171875,311456
2026-01-05,MFSL,1703.699951171875,1703.699951171875,1727.300048828125,1671.0,1678.199951171875,1164247
2026-01-06,MFSL,1731.300048828125,1731.300048828125,1747.300048828125,1642.5,1714.0,1339017
2026-01-07,MFSL,1727.0999755859375,1727.0999755859375,1752.199951171875,1722.5999755859375,1742.699951171875,888331
2026-01-08,MFSL,1695.0999755859375,1695.0999755859375,1732.0,1683.0,1728.0,561297
2026-01-09,MFSL,1679.9000244140625,1679.9000244140625,1698.4000244140625,1666.300048828125,1690.0,293078
2026-01-12,MFSL,1662.300048828125,1662.300048828125,1710.9000244140625,1652.0,1690.0,345894
2026-01-13,MFSL,1646.0999755859375,1646.0999755859375,1675.0,1635.5999755859375,1671.699951171875,888298
2026-01-14,MFSL,1649.0999755859375,1649.0999755859375,1658.300048828125,1627.5999755859375,1631.0,422995
2026-01-15,MFSL,1649.0999755859375,1649.0999755859375,1649.0999755859375,1649.0999755859375,1649.0999755859375,0
2026-01-16,MFSL,1651.699951171875,1651.699951171875,1662.699951171875,1637.4000244140625,1655.0,322530
2026-01-19,MFSL,1652.199951171875,1652.199951171875,1667.5999755859375,1640.800048828125,1640.800048828125,292566
2026-01-20,MFSL,1624.699951171875,1624.699951171875,1658.300048828125,1616.5999755859375,1641.800048828125,346482
2026-01-21,MFSL,1619.800048828125,1619.800048828125,1626.699951171875,1585.699951171875,1610.5,766421
2026-01-22,MFSL,1627.699951171875,1627.699951171875,1642.800048828125,1609.4000244140625,1619.800048828125,403089
2026-01-23,MFSL,1599.0,1599.0,1628.9000244140625,1592.0999755859375,1628.0,387475
2026-01-27,MFSL,1576.5999755859375,1576.5999755859375,1601.4000244140625,1564.800048828125,1586.4000244140625,1347946
2026-01-28,MFSL,1623.9000244140625,1623.9000244140625,1628.699951171875,1576.5999755859375,1576.5999755859375,752975
2026-01-29,MFSL,1585.0,1585.0,1645.300048828125,1577.0,1625.800048828125,996155
2026-01-30,MFSL,1613.5999755859375,1613.5999755859375,1624.699951171875,1561.4000244140625,1567.199951171875,714787
2026-02-02,MFSL,1641.5999755859375,1641.5999755859375,1653.4000244140625,1601.9000244140625,1601.9000244140625,491917
2026-02-03,MFSL,1674.699951171875,1674.699951171875,1684.5999755859375,1654.699951171875,1663.5,570969
2026-02-04,MFSL,1708.199951171875,1708.199951171875,1711.4000244140625,1657.5,1666.800048828125,640949
2026-02-05,MFSL,1701.5,1701.5,1713.4000244140625,1688.800048828125,1708.9000244140625,432611
2026-02-06,MFSL,1704.5999755859375,1704.5999755859375,1720.699951171875,1686.199951171875,1686.199951171875,484599
2026-02-09,MFSL,1753.199951171875,1753.199951171875,1756.4000244140625,1707.0,1712.0,914516
2026-02-10,MFSL,1747.199951171875,1747.199951171875,1759.5,1725.5999755859375,1759.5,818309
2026-02-11,MFSL,1734.0999755859375,1734.0999755859375,1768.0,1717.5,1754.199951171875,987320
2026-02-12,MFSL,1813.5,1813.5,1821.0,1738.5,1743.0,1536113
2026-02-13,MFSL,1824.9000244140625,1824.9000244140625,1848.5,1817.300048828125,1821.300048828125,1588459
2026-02-16,MFSL,1848.300048828125,1848.300048828125,1857.4000244140625,1815.9000244140625,1815.9000244140625,693364
2026-02-17,MFSL,1857.9000244140625,1857.9000244140625,1865.0,1835.0,1841.0,551161
2026-02-18,MFSL,1836.4000244140625,1836.4000244140625,1863.300048828125,1827.0999755859375,1850.0,835001
2026-02-19,MFSL,1832.0,1832.0,1852.199951171875,1824.4000244140625,1836.4000244140625,794058
2026-02-20,MFSL,1849.300048828125,1849.300048828125,1852.199951171875,1810.300048828125,1834.0,1289579
2026-02-23,MFSL,1870.0,1870.0,1892.5,1859.0,1868.300048828125,701482
2026-02-24,MFSL,1841.9000244140625,1841.9000244140625,1868.300048828125,1839.4000244140625,1865.0,783572
2026-02-25,MFSL,1854.699951171875,1854.699951171875,1857.5,1836.4000244140625,1844.5999755859375,378587
2026-02-26,MFSL,1856.9000244140625,1856.9000244140625,1869.5999755859375,1839.4000244140625,1861.9000244140625,568774
2026-02-27,MFSL,1813.4000244140625,1813.4000244140625,1854.5999755859375,1806.199951171875,1854.5999755859375,538734
2026-03-02,MFSL,1806.800048828125,1806.800048828125,1828.199951171875,1765.5,1765.5,413785
2026-03-04,MFSL,1747.800048828125,1747.800048828125,1784.9000244140625,1726.0,1782.9000244140625,677553
2026-03-05,MFSL,1748.5999755859375,1748.5999755859375,1773.5,1714.0,1764.199951171875,833743
2026-03-06,MFSL,1701.5,1701.5,1748.5,1693.300048828125,1741.5999755859375,1221346
2026-03-09,MFSL,1707.5999755859375,1707.5999755859375,1720.0999755859375,1644.4000244140625,1654.5,739745
2026-03-10,MFSL,1733.199951171875,1733.199951171875,1743.199951171875,1712.699951171875,1734.9000244140625,971222
2026-03-11,MFSL,1725.5,1725.5,1756.0,1709.4000244140625,1733.199951171875,916684
2026-03-12,MFSL,1696.199951171875,1696.199951171875,1722.0,1677.9000244140625,1722.0,827123
2026-03-13,MFSL,1628.0999755859375,1628.0999755859375,1700.699951171875,1623.5,1681.0,1044000
2026-03-16,MFSL,1645.199951171875,1645.199951171875,1656.9000244140625,1604.4000244140625,1628.0999755859375,789154
2026-03-17,MFSL,1654.0,1654.0,1670.9000244140625,1621.5,1637.0,459172
2026-03-18,MFSL,1668.699951171875,1668.699951171875,1684.800048828125,1655.0,1655.0,722792
2026-03-19,MFSL,1627.9000244140625,1627.9000244140625,1650.0,1623.300048828125,1635.0999755859375,1070360
2026-03-20,MFSL,1639.300048828125,1639.300048828125,1647.9000244140625,1621.0,1621.0,1037290
2026-03-23,MFSL,1567.5,1567.5,1630.5,1553.5,1630.5,1451852
2026-03-24,MFSL,1583.5,1583.5,1599.0,1548.199951171875,1594.9000244140625,1556964
2026-03-25,MFSL,1585.9000244140625,1585.9000244140625,1625.9000244140625,1579.5,1579.5,1030341
2026-03-27,MFSL,1557.0999755859375,1557.0999755859375,1574.0,1541.0999755859375,1560.199951171875,832203
2026-03-30,MFSL,1490.699951171875,1490.699951171875,1556.800048828125,1473.5999755859375,1534.0,1255227
2026-04-01,MFSL,1477.4000244140625,1477.4000244140625,1549.5999755859375,1468.199951171875,1515.0999755859375,1626305
2026-04-02,MFSL,1464.199951171875,1464.199951171875,1479.300048828125,1433.5999755859375,1451.199951171875,926587
2026-04-06,MFSL,1498.800048828125,1498.800048828125,1504.4000244140625,1445.4000244140625,1449.5999755859375,800765
2026-04-07,MFSL,1491.199951171875,1491.199951171875,1497.0999755859375,1460.5999755859375,1497.0,570308
2026-04-08,MFSL,1586.699951171875,1586.699951171875,1626.0,1519.5,1550.0,1510721
2026-04-09,MFSL,1607.4000244140625,1607.4000244140625,1614.199951171875,1564.300048828125,1598.300048828125,1027529
2026-04-10,MFSL,1654.800048828125,1654.800048828125,1664.5999755859375,1607.5,1615.0,1046318
2026-04-13,MFSL,1646.4000244140625,1646.4000244140625,1653.4000244140625,1606.699951171875,1640.0,556221
2026-04-15,MFSL,1699.5,1699.5,1716.199951171875,1674.0,1674.0,895274
2026-04-16,MFSL,1695.199951171875,1695.199951171875,1722.4000244140625,1682.0999755859375,1718.0,864591
2026-04-17,MFSL,1683.199951171875,1683.199951171875,1709.9000244140625,1669.800048828125,1709.9000244140625,863071
2026-04-20,MFSL,1688.800048828125,1688.800048828125,1694.4000244140625,1655.0,1680.0,1079196
2026-04-21,MFSL,1648.800048828125,1648.800048828125,1693.5999755859375,1645.0,1688.800048828125,649042
2026-04-22,MFSL,1627.4000244140625,1627.4000244140625,1656.5999755859375,1616.199951171875,1647.0999755859375,772235
2026-04-23,MFSL,1595.4000244140625,1595.4000244140625,1625.199951171875,1588.0,1620.0,617255
2026-04-24,MFSL,1587.300048828125,1587.300048828125,1605.5,1566.5999755859375,1582.5999755859375,795360
2026-04-27,MFSL,1603.0,1603.0,1605.9000244140625,1579.5,1580.0999755859375,555511
2026-04-28,MFSL,1610.800048828125,1610.800048828125,1622.0999755859375,1592.9000244140625,1601.800048828125,387035
2026-04-29,MFSL,1610.4000244140625,1610.4000244140625,1634.0999755859375,1601.300048828125,1624.699951171875,333323
2026-04-30,MFSL,1585.699951171875,1585.699951171875,1608.9000244140625,1572.0999755859375,1598.0,422851
2026-05-01,MFSL,1585.699951171875,1585.699951171875,1585.699951171875,1585.699951171875,1585.699951171875,0
2026-05-04,MFSL,1606.699951171875,1606.699951171875,1615.0,1585.0,1593.199951171875,534755
2026-05-05,MFSL,1596.199951171875,1596.199951171875,1605.800048828125,1580.0,1590.0,417763
2026-05-06,MFSL,1652.800048828125,1652.800048828125,1657.0,1604.9000244140625,1604.9000244140625,612555
2026-05-07,MFSL,1707.4000244140625,1707.4000244140625,1716.800048828125,1642.300048828125,1658.0,682760
2026-05-08,MFSL,1699.699951171875,1699.699951171875,1718.800048828125,1686.0999755859375,1718.800048828125,634495
2026-05-11,MFSL,1695.5,1695.5,1703.9000244140625,1677.0,1694.0,935011
2026-05-12,MFSL,1653.699951171875,1653.699951171875,1694.0999755859375,1640.5999755859375,1690.0999755859375,558153
2026-05-13,MFSL,1597.9000244140625,1597.9000244140625,1698.800048828125,1590.0999755859375,1670.5,1151417
2026-05-14,MFSL,1631.4000244140625,1631.4000244140625,1642.699951171875,1605.5999755859375,1606.0,835639
2026-05-15,MFSL,1604.0,1604.0,1625.5,1593.199951171875,1624.4000244140625,590391
2026-05-18,MFSL,1601.699951171875,1601.699951171875,1611.0,1560.0,1575.0,491442
2026-05-19,MFSL,1617.9000244140625,1617.9000244140625,1640.0999755859375,1603.699951171875,1619.0,642035
2026-05-20,MFSL,1625.4000244140625,1625.4000244140625,1637.0,1603.5999755859375,1610.9000244140625,507391
2026-05-21,MFSL,1626.0,1626.0,1648.699951171875,1602.300048828125,1632.4000244140625,446480
2026-05-22,MFSL,1680.0,1680.0,1687.199951171875,1623.300048828125,1632.0,1105535
2026-05-25,MFSL,1726.800048828125,1726.800048828125,1735.4000244140625,1671.300048828125,1700.0,509868
2026-05-26,MFSL,1725.5999755859375,1725.5999755859375,1748.0,1714.199951171875,1725.5999755859375,890169
2026-05-27,MFSL,1682.300048828125,1682.300048828125,1725.699951171875,1674.199951171875,1721.0,696946
2026-05-28,MFSL,1682.300048828125,1682.300048828125,1682.300048828125,1682.300048828125,1682.300048828125,0
2026-05-29,MFSL,1674.0,1674.0,1689.300048828125,1653.5999755859375,1688.0,805981
2026-06-01,MFSL,1624.4000244140625,1624.4000244140625,1679.9000244140625,1618.5999755859375,1674.0,838434
2026-06-02,MFSL,1595.4000244140625,1595.4000244140625,1611.699951171875,1583.0,1600.0999755859375,515020
2026-06-03,MFSL,1559.5999755859375,1559.5999755859375,1588.5999755859375,1541.0,1588.5999755859375,882314
2026-06-04,MFSL,1581.5,1581.5,1596.5999755859375,1541.0,1546.0,649677
2026-06-05,MFSL,1604.199951171875,1604.199951171875,1622.4000244140625,1576.0,1580.0999755859375,310836
2026-06-08,MFSL,1577.5,1577.5,1603.199951171875,1569.9000244140625,1580.0,254507
2026-06-09,MFSL,1594.0999755859375,1594.0999755859375,1600.9000244140625,1573.699951171875,1584.300048828125,613802
2026-06-10,MFSL,1598.300048828125,1598.300048828125,1627.0,1585.0999755859375,1606.0999755859375,857632
2026-06-11,MFSL,1562.0999755859375,1562.0999755859375,1604.9000244140625,1554.5,1603.0999755859375,301033
2026-06-12,MFSL,1579.0,1579.0,1592.5,1548.0999755859375,1573.9000244140625,529818
2026-06-15,MFSL,1632.5999755859375,1632.5999755859375,1645.5,1594.9000244140625,1594.9000244140625,785218
2026-06-16,MFSL,1612.300048828125,1612.300048828125,1644.0,1598.4000244140625,1624.0,295127
2026-06-17,MFSL,1631.800048828125,1631.800048828125,1640.0,1603.0999755859375,1612.300048828125,353108
2026-06-18,MFSL,1688.199951171875,1688.199951171875,1697.0,1632.5999755859375,1635.0,1061168
2026-06-19,MFSL,1669.300048828125,1669.300048828125,1691.5999755859375,1646.5,1690.9000244140625,366339
2026-06-22,MFSL,1686.5999755859375,1686.5999755859375,1709.0,1670.0999755859375,1676.300048828125,640616
2026-06-23,MFSL,1688.5999755859375,1688.5999755859375,1713.5999755859375,1678.0999755859375,1693.5999755859375,895899
2026-06-24,MFSL,1662.300048828125,1662.300048828125,1688.5999755859375,1653.0,1688.5999755859375,298066
2026-06-25,MFSL,1611.4000244140625,1611.4000244140625,1666.4000244140625,1608.0,1651.0,644179
2026-06-26,MFSL,1611.4000244140625,1611.4000244140625,1611.4000244140625,1611.4000244140625,1611.4000244140625,0
2026-06-29,MFSL,1601.5,1601.5,1638.199951171875,1563.9000244140625,1619.4000244140625,4724470
2026-06-30,MFSL,1584.0,1584.0,1604.300048828125,1575.0999755859375,1601.5,626509
2026-07-01,MFSL,1608.9000244140625,1608.9000244140625,1615.0,1573.199951171875,1580.0,259175
2026-07-02,MFSL,1618.300048828125,1618.300048828125,1629.5999755859375,1608.0,1616.699951171875,670618
2026-07-03,MFSL,1596.5999755859375,1596.5999755859375,1634.0,1592.0,1633.0,396091
2026-07-06,MFSL,1581.800048828125,1581.800048828125,1612.199951171875,1575.5,1592.0999755859375,780015
2026-07-07,MFSL,1608.9000244140625,1608.9000244140625,1619.0,1573.800048828125,1575.0,1258127
2026-07-08,MFSL,1559.0999755859375,1559.0999755859375,1609.4000244140625,1547.5999755859375,1596.4000244140625,1095696
2026-07-09,MFSL,1576.800048828125,1576.800048828125,1596.0,1554.800048828125,1560.0,841514
2026-07-10,MFSL,1633.0999755859375,1633.0999755859375,1638.0999755859375,1584.300048828125,1587.0,774815
2026-07-13,MFSL,1631.800048828125,1631.800048828125,1662.0,1618.0999755859375,1629.800048828125,1039927
2026-07-14,MFSL,1611.5999755859375,1611.5999755859375,1625.0,1588.5,1625.0,559352
2026-07-15,MFSL,1611.0999755859375,1611.0999755859375,1637.4000244140625,1586.300048828125,1625.0,383229
2026-07-16,MFSL,1578.4000244140625,1578.4000244140625,1619.5,1566.0,1615.0,462450
2026-07-17,MFSL,1538.0,1538.0,1586.699951171875,1531.300048828125,1580.5999755859375,713068
2026-07-20,MFSL,1543.0999755859375,1543.0999755859375,1560.800048828125,1528.699951171875,1538.0,513632
2026-07-21,MFSL,1539.4000244140625,1539.4000244140625,1550.5999755859375,1524.0,1550.0,592403
2026-07-22,MFSL,1523.300048828125,1523.300048828125,1540.800048828125,1511.300048828125,1539.4000244140625,433346
2026-07-23,MFSL,1503.9000244140625,1503.9000244140625,1529.9000244140625,1500.0,1523.300048828125,256885
2026-07-24,MFSL,1515.5,1515.5,1520.800048828125,1484.800048828125,1497.5,1113093
2026-07-27,MFSL,1511.0999755859375,1511.0999755859375,1532.5999755859375,1500.9000244140625,1522.800048828125,556988
2026-07-28,MFSL,1506.699951171875,1506.699951171875,1516.0,1493.199951171875,1510.5,902096
2026-07-29,MFSL,1515.0999755859375,1515.0999755859375,1529.699951171875,1488.199951171875,1514.0,1146452
2026-07-30,MFSL,1510.800048828125,1510.800048828125,1530.9000244140625,1498.5999755859375,1510.199951171875,888963
2026-07-31,MFSL,1499.0,1499.0,1520.5,1494.4000244140625,1517.9000244140625,516369
2026-08-03,MFSL,1542.5,1542.5,1542.5,1510.0,1519.0999755859375,500008
2026-08-04,MFSL,1519.300048828125,1519.300048828125,1548.5,1495.300048828125,1544.0,667396
2026-08-05,MFSL,1523.0,1523.0,1536.199951171875,1502.9000244140625,1522.199951171875,646093
2026-08-06,MFSL,1518.800048828125,1518.800048828125,1544.0,1513.199951171875,1525.199951171875,1101308
2026-08-07,MFSL,1497.4000244140625,1497.4000244140625,1524.0,1497.4000244140625,1510.0,359409
2026-08-10,MFSL,1514.5,1514.5,1523.0,1477.5999755859375,1498.9000244140625,353560
2026-08-11,MFSL,1499.0,1499.0,1510.0,1467.5,1510.0,1564135
2026-08-12,MFSL,1516.0,1516.0,1531.5999755859375,1495.0,1500.4000244140625,489596
2026-08-13,MFSL,1512.4000244140625,1512.4000244140625,1518.0,1492.5,1518.0,477103
2026-08-14,MFSL,1538.0999755859375,1538.0999755859375,1574.9000244140625,1511.199951171875,1555.0,3968114
2026-08-17,MFSL,1571.699951171875,1571.699951171875,1571.699951171875,1522.199951171875,1533.0,698850
2026-08-18,MFSL,1584.5,1584.5,1587.9000244140625,1547.0,1570.0,1054795
2026-08-19,MFSL,1546.0999755859375,1546.0999755859375,1578.5,1546.0999755859375,1576.5999755859375,286908
2026-08-20,MFSL,1575.0,1575.0,1585.300048828125,1550.0999755859375,1550.0999755859375,434782
2026-08-21,MFSL,1585.0,1585.0,1590.0,1561.300048828125,1572.5,458883
2026-08-24,MFSL,1569.800048828125,1569.800048828125,1589.0,1562.800048828125,1585.0,344712
2026-08-25,MFSL,1592.5,1592.5,1600.4000244140625,1570.0,1587.699951171875,944748
2026-08-26,MFSL,1600.0,1600.0,1604.9000244140625,1580.0,1599.0999755859375,189097
2026-08-27,MFSL,1568.0,1568.0,1590.9000244140625,1568.0,1590.0,732972
2026-08-28,MFSL,1564.4000244140625,1564.4000244140625,1588.300048828125,1553.5999755859375,1571.9000244140625,305746
