Date,Symbol,Adj Close,Close,High,Low,Open,Volume
2010-01-04,NESTLEIND,433.3829040527344,527.0499877929688,527.0499877929688,527.0499877929688,527.0499877929688,0
2010-01-05,NESTLEIND,433.3829040527344,527.0499877929688,527.0499877929688,527.0499877929688,527.0499877929688,0
2010-01-06,NESTLEIND,433.3829040527344,527.0499877929688,527.0499877929688,527.0499877929688,527.0499877929688,0
2010-01-07,NESTLEIND,433.3829040527344,527.0499877929688,527.0499877929688,527.0499877929688,527.0499877929688,0
2010-01-08,NESTLEIND,102.56511688232422,124.73249816894531,128.75,123.76000213623047,127.75,12960
2010-01-11,NESTLEIND,102.74189758300781,124.94750213623047,125.75,120.0,120.05000305175781,16500
2010-01-12,NESTLEIND,102.9022445678711,125.14250183105469,127.0,123.56749725341797,127.0,1366920
2010-01-13,NESTLEIND,102.3471908569336,124.46749877929688,127.0,124.0,125.14250183105469,20640
2010-01-14,NESTLEIND,105.58905029296875,128.41000366210938,129.75,123.5,126.75,6607220
2010-01-15,NESTLEIND,103.34010314941406,125.67500305175781,129.0,125.00250244140625,129.0,164580
2010-01-18,NESTLEIND,104.27134704589844,126.80750274658203,128.6999969482422,125.69999694824219,128.6999969482422,17660
2010-01-19,NESTLEIND,105.09156036376953,127.80500030517578,128.5,126.55000305175781,128.35000610351562,13760
2010-01-20,NESTLEIND,104.53240966796875,127.125,128.75,127.0,127.5,12820
2010-01-21,NESTLEIND,103.86225128173828,126.30999755859375,128.4499969482422,124.99500274658203,126.99500274658203,16620
2010-01-22,NESTLEIND,103.97735595703125,126.44999694824219,126.5,123.9000015258789,125.0,13620
2010-01-25,NESTLEIND,103.6998519897461,126.11250305175781,133.2675018310547,125.5,133.2675018310547,39100
2010-01-27,NESTLEIND,105.53557586669922,128.34500122070312,128.7449951171875,124.93000030517578,128.5,106040
2010-01-28,NESTLEIND,106.3558349609375,129.34249877929688,130.5,126.7750015258789,128.39999389648438,20960
2010-01-29,NESTLEIND,104.14180755615234,126.6500015258789,129.0,126.30000305175781,126.30000305175781,15740
2010-02-01,NESTLEIND,104.10894012451172,126.61000061035156,129.99749755859375,125.75499725341797,129.99749755859375,12280
2010-02-02,NESTLEIND,105.25603485107422,128.0050048828125,129.9550018310547,127.0,129.9550018310547,16620
2010-02-03,NESTLEIND,105.44102478027344,128.22999572753906,130.0,127.80000305175781,129.39999389648438,173620
2010-02-04,NESTLEIND,105.59520721435547,128.41749572753906,129.19000244140625,127.4000015258789,127.4000015258789,8840
2010-02-05,NESTLEIND,104.80376434326172,127.45500183105469,129.10000610351562,122.0999984741211,129.10000610351562,33020
2010-02-08,NESTLEIND,108.76715850830078,132.27499389648438,133.60000610351562,128.5,128.5,163620
2010-02-09,NESTLEIND,114.81501770019531,139.6300048828125,141.1999969482422,130.0050048828125,130.0050048828125,177220
2010-02-10,NESTLEIND,113.07180786132812,137.50999450683594,162.1999969482422,136.92999267578125,140.10000610351562,893980
2010-02-11,NESTLEIND,112.53939056396484,136.8625030517578,140.9499969482422,136.30499267578125,140.9499969482422,637620
2010-02-15,NESTLEIND,111.79930114746094,135.96249389648438,140.75,130.6999969482422,140.75,90080
2010-02-16,NESTLEIND,111.08389282226562,135.09249877929688,140.73500061035156,134.8524932861328,139.60000610351562,122400
2010-02-17,NESTLEIND,110.54535675048828,134.4375,137.14999389648438,134.07000732421875,135.25750732421875,199620
2010-02-18,NESTLEIND,109.01384735107422,132.5749969482422,135.5,132.25,134.4375,44060
2010-02-19,NESTLEIND,108.54718780517578,132.00750732421875,134.25,131.39999389648438,132.5,149900
2010-02-22,NESTLEIND,106.27565002441406,129.2449951171875,132.4499969482422,128.0,131.25250244140625,296400
2010-02-23,NESTLEIND,104.93121337890625,127.61000061035156,129.5,127.55000305175781,128.5,61400
2010-02-24,NESTLEIND,105.85629272460938,128.73500061035156,129.5,127.0,127.5,198360
2010-02-25,NESTLEIND,105.23545837402344,127.9800033569336,130.0,127.6050033569336,129.0,85280
2010-02-26,NESTLEIND,108.00244140625,131.34500122070312,132.5,126.30500030517578,126.30500030517578,84780
2010-03-02,NESTLEIND,107.94281005859375,131.2725067138672,132.25,130.0,131.0,66860
2010-03-03,NESTLEIND,108.0949478149414,131.45750427246094,132.0,130.2324981689453,131.5,46780
2010-03-04,NESTLEIND,108.29432678222656,131.6999969482422,132.5,130.5,130.5,95920
2010-03-05,NESTLEIND,111.0551528930664,135.0574951171875,135.99000549316406,133.5,133.5,287840
2010-03-08,NESTLEIND,112.07474517822266,136.29750061035156,137.5,134.6125030517578,136.5,195340
2010-03-09,NESTLEIND,112.86624145507812,137.25999450683594,137.5500030517578,135.0,135.0,84240
2010-03-10,NESTLEIND,112.6503677368164,136.99749755859375,138.25,136.0500030517578,136.0500030517578,167720
2010-03-11,NESTLEIND,112.3543472290039,136.6374969482422,137.0,134.75,136.25,554240
2010-03-12,NESTLEIND,111.64308166503906,135.7725067138672,141.25,134.5,141.25,397440
2010-03-15,NESTLEIND,112.84980010986328,137.24000549316406,137.85000610351562,135.2050018310547,136.5500030517578,59600
2010-03-16,NESTLEIND,109.87106323242188,133.61749267578125,136.8000030517578,133.0,136.77999877929688,184320
2010-03-17,NESTLEIND,110.12598419189453,133.92750549316406,134.5,132.75,134.5,42980
2010-03-18,NESTLEIND,109.69430541992188,133.40249633789062,134.89999389648438,132.90249633789062,134.89999389648438,129700
2010-03-19,NESTLEIND,108.8021011352539,132.3175048828125,134.4875030517578,131.0500030517578,134.4875030517578,223340
2010-03-22,NESTLEIND,108.3231201171875,131.73500061035156,132.99000549316406,130.5749969482422,132.5,437700
2010-03-23,NESTLEIND,109.11045837402344,132.6925048828125,133.0500030517578,131.75,132.05999755859375,59800
2010-03-25,NESTLEIND,108.88433074951172,132.41749572753906,133.25,130.5,133.0,161360
2010-03-26,NESTLEIND,110.48983764648438,134.3699951171875,135.99749755859375,131.60499572753906,131.60499572753906,458000
2010-03-29,NESTLEIND,111.53826141357422,135.64500427246094,140.0,132.14999389648438,133.5,154600
2010-03-30,NESTLEIND,109.80117797851562,133.53250122070312,136.5,132.15499877929688,135.5500030517578,184700
2010-03-31,NESTLEIND,109.79911804199219,133.52999877929688,137.5500030517578,130.0,137.5,339280
2010-04-01,NESTLEIND,111.39846801757812,135.47500610351562,136.75,131.75,133.28250122070312,406680
2010-04-05,NESTLEIND,111.79312133789062,135.9550018310547,137.5,134.9550018310547,137.5,261540
2010-04-06,NESTLEIND,113.48090362548828,138.00750732421875,141.5500030517578,135.25,135.7550048828125,656920
2010-04-07,NESTLEIND,113.11083984375,137.5574951171875,138.5,135.61000061035156,137.5,73140
2010-04-08,NESTLEIND,111.7705307006836,135.92750549316406,137.5,133.75250244140625,135.8000030517578,2172060
2010-04-09,NESTLEIND,111.04694366455078,135.04750061035156,136.24000549316406,134.5500030517578,134.76499938964844,64960
2010-04-12,NESTLEIND,110.79613494873047,134.74249267578125,136.5,132.9600067138672,136.38250732421875,101800
2010-04-13,NESTLEIND,111.6060562133789,135.7274932861328,136.25,133.0,134.0,162700
2010-04-15,NESTLEIND,112.9710922241211,137.3874969482422,138.0,134.0500030517578,136.125,93440
2010-04-16,NESTLEIND,112.94639587402344,137.3574981689453,138.75,135.5500030517578,136.0,93620
2010-04-19,NESTLEIND,113.5137939453125,138.04750061035156,140.4949951171875,135.66250610351562,137.25,152120
2010-04-20,NESTLEIND,114.01943969726562,138.66250610351562,140.4250030517578,137.0050048828125,137.0050048828125,754640
2010-04-21,NESTLEIND,115.65373992919922,140.64999389648438,142.0,137.5500030517578,137.5500030517578,186880
2010-04-22,NESTLEIND,118.30149841308594,143.8699951171875,149.6999969482422,138.10000610351562,142.5,821760
2010-04-23,NESTLEIND,112.75904846191406,136.10499572753906,142.5,114.75,114.75,1708280
2010-04-26,NESTLEIND,114.14672088623047,137.77999877929688,139.0,135.0399932861328,135.05999755859375,484780
2010-04-27,NESTLEIND,115.7228775024414,139.6824951171875,139.89999389648438,137.5,138.5,407460
2010-04-28,NESTLEIND,115.9673080444336,139.9774932861328,140.25,137.7550048828125,137.7550048828125,2077280
2010-04-29,NESTLEIND,115.55717468261719,139.4824981689453,140.5,138.5124969482422,139.9774932861328,63720
2010-04-30,NESTLEIND,114.45743560791016,138.15499877929688,141.0,137.5500030517578,141.0,1417640
2010-05-03,NESTLEIND,113.94166564941406,137.53250122070312,139.3000030517578,136.75,136.75,1637540
2010-05-04,NESTLEIND,113.97069549560547,137.5675048828125,138.75,136.14999389648438,137.5,93480
2010-05-05,NESTLEIND,114.09285736083984,137.71499633789062,138.5,136.1999969482422,136.1999969482422,282480
2010-05-06,NESTLEIND,114.0887680053711,137.7100067138672,137.9949951171875,137.0050048828125,137.05499267578125,71320
2010-05-07,NESTLEIND,113.15047454833984,136.57749938964844,138.74749755859375,136.00750732421875,137.0500030517578,751580
2010-05-10,NESTLEIND,115.7601547241211,139.7274932861328,141.74749755859375,136.28500366210938,138.47999572753906,3546780
2010-05-11,NESTLEIND,113.81533813476562,137.3800048828125,139.83999633789062,137.25,139.83999633789062,47520
2010-05-12,NESTLEIND,115.5903549194336,139.5225067138672,139.75,135.5,135.5,46300
2010-05-13,NESTLEIND,115.5903549194336,139.5225067138672,141.5,138.08999633789062,140.0,155100
2010-05-14,NESTLEIND,116.25934600830078,140.3300018310547,140.97000122070312,138.14999389648438,138.14999389648438,140600
2010-05-17,NESTLEIND,118.17927551269531,142.6475067138672,143.0,139.5,141.44749450683594,104100
2010-05-18,NESTLEIND,122.14143371582031,147.42999267578125,147.88999938964844,142.5,143.31500244140625,239500
2010-05-19,NESTLEIND,122.0192642211914,147.28250122070312,148.22500610351562,144.85000610351562,145.75,222080
2010-05-20,NESTLEIND,119.87356567382812,144.6925048828125,147.25,142.5,145.26499938964844,461660
2010-05-21,NESTLEIND,115.49299621582031,139.40499877929688,146.1999969482422,133.5050048828125,144.0,565120
2010-05-24,NESTLEIND,120.2608642578125,145.16000366210938,146.75,140.10000610351562,142.39999389648438,156180
2010-05-25,NESTLEIND,115.037353515625,138.85499572753906,145.0,137.5500030517578,143.60000610351562,106580
2010-05-26,NESTLEIND,116.39811706542969,140.49749755859375,141.25,139.7550048828125,141.10000610351562,246240
2010-05-27,NESTLEIND,117.49168395996094,141.8175048828125,142.5,138.10499572753906,141.1999969482422,51380
2010-05-28,NESTLEIND,118.4982681274414,143.03250122070312,144.5,142.14999389648438,142.4499969482422,213560
2010-05-31,NESTLEIND,119.26669311523438,143.9600067138672,147.0,142.5,143.5,166360
2010-06-01,NESTLEIND,118.28079986572266,142.77000427246094,146.5,142.22000122070312,146.5,161560
2010-06-02,NESTLEIND,117.54347229003906,141.8800048828125,145.5500030517578,139.5,144.2899932861328,3314780
2010-06-03,NESTLEIND,116.280029296875,140.35499572753906,147.39999389648438,140.0,147.39999389648438,199520
2010-06-04,NESTLEIND,116.41259002685547,140.51499938964844,142.0,139.75,140.5,159440
2010-06-07,NESTLEIND,115.85337829589844,139.83999633789062,141.99000549316406,138.75,140.51499938964844,90980
2010-06-08,NESTLEIND,116.86612701416016,141.0625,142.25,140.0,140.21499633789062,2426600
2010-06-09,NESTLEIND,118.5479736328125,143.09249877929688,143.4499969482422,139.65249633789062,141.75,93340
2010-06-10,NESTLEIND,119.80101013183594,144.60499572753906,145.0,141.35000610351562,141.35000610351562,55320
2010-06-11,NESTLEIND,120.0329818725586,144.88499450683594,145.33999633789062,143.55499267578125,145.33999633789062,178160
2010-06-14,NESTLEIND,120.31879425048828,145.22999572753906,146.25,143.75,146.25,40800
2010-06-15,NESTLEIND,120.4762191772461,145.4199981689453,145.75,144.35000610351562,144.35000610351562,41380
2010-06-16,NESTLEIND,121.3150634765625,146.4324951171875,146.9149932861328,145.3000030517578,146.4149932861328,54180
2010-06-17,NESTLEIND,120.8014144897461,145.8125,146.25,144.50250244140625,146.25,44280
2010-06-18,NESTLEIND,122.27818298339844,147.59500122070312,149.1649932861328,145.22999572753906,146.38250732421875,128580
2010-06-21,NESTLEIND,124.13807678222656,149.83999633789062,153.1999969482422,147.15249633789062,147.25,253220
2010-06-22,NESTLEIND,120.61913299560547,145.59249877929688,148.64999389648438,143.6300048828125,143.6300048828125,165200
2010-06-23,NESTLEIND,120.09513854980469,144.9600067138672,149.0225067138672,144.25,145.64999389648438,734260
2010-06-24,NESTLEIND,121.76034545898438,146.97000122070312,147.5,145.3524932861328,147.25,124320
2010-06-25,NESTLEIND,120.44105529785156,145.37750244140625,147.3975067138672,145.25,145.50250244140625,41800
2010-06-28,NESTLEIND,120.4348373413086,145.3699951171875,147.4499969482422,144.25,147.4499969482422,113440
2010-06-29,NESTLEIND,120.03923034667969,144.8925018310547,145.75,144.39999389648438,145.35000610351562,396160
2010-06-30,NESTLEIND,119.28117370605469,143.9774932861328,147.49749755859375,142.6374969482422,144.85000610351562,2305580
2010-07-01,NESTLEIND,121.90536499023438,147.14500427246094,148.73500061035156,144.6999969482422,144.75,157080
2010-07-02,NESTLEIND,123.38001251220703,148.9250030517578,149.5,145.25,147.14999389648438,129480
2010-07-05,NESTLEIND,127.78335571289062,154.24000549316406,156.25,147.5,147.8000030517578,481560
2010-07-06,NESTLEIND,128.0422821044922,154.55250549316406,155.99749755859375,153.60000610351562,154.25,334500
2010-07-07,NESTLEIND,125.67692565917969,151.69749450683594,154.49000549316406,151.0500030517578,154.49000549316406,74680
2010-07-08,NESTLEIND,126.24649810791016,152.38499450683594,154.60000610351562,152.0500030517578,153.3000030517578,116900
2010-07-09,NESTLEIND,123.60783386230469,149.1999969482422,153.73500061035156,148.8800048828125,153.72500610351562,223760
2010-07-12,NESTLEIND,124.05937194824219,149.7449951171875,165.0,149.0,165.0,58520
2010-07-13,NESTLEIND,123.65132904052734,149.25250244140625,151.9499969482422,148.10000610351562,149.7449951171875,213020
2010-07-14,NESTLEIND,123.8377685546875,149.4774932861328,151.0,147.64999389648438,147.64999389648438,147180
2010-07-15,NESTLEIND,123.32825469970703,148.8625030517578,150.1475067138672,148.0,150.1475067138672,83120
2010-07-16,NESTLEIND,125.21923065185547,151.14500427246094,153.35000610351562,148.25,148.89999389648438,534120
2010-07-19,NESTLEIND,123.94544219970703,149.6074981689453,154.25,149.35499572753906,154.25,186320
2010-07-20,NESTLEIND,124.26029205322266,149.9875030517578,150.8000030517578,149.25,150.8000030517578,59720
2010-07-21,NESTLEIND,122.24501037597656,147.55499267578125,150.9824981689453,147.25,149.25,155320
2010-07-22,NESTLEIND,122.19532012939453,147.4949951171875,149.3800048828125,147.10000610351562,149.3800048828125,69320
2010-07-23,NESTLEIND,122.31338500976562,147.6374969482422,148.80250549316406,147.0,148.4499969482422,133280
2010-07-26,NESTLEIND,124.58544158935547,150.3800048828125,151.24249267578125,146.5500030517578,147.1999969482422,157860
2010-07-27,NESTLEIND,123.96617126464844,149.63250732421875,150.25,147.75,149.0500030517578,91080
2010-07-28,NESTLEIND,122.65922546386719,148.05499267578125,150.0500030517578,147.5,150.0,96100
2010-07-29,NESTLEIND,122.84151458740234,148.27499389648438,151.37750244140625,147.5,151.37750244140625,102880
2010-07-30,NESTLEIND,125.12606811523438,151.03250122070312,151.6649932861328,148.02499389648438,148.5,309600
2010-08-02,NESTLEIND,125.21513366699219,151.13999938964844,152.0,150.36000061035156,152.0,73420
2010-08-03,NESTLEIND,122.73589324951172,148.1475067138672,154.25,147.8300018310547,152.0,173080
2010-08-04,NESTLEIND,120.42240905761719,145.35499572753906,151.0,145.0,149.9949951171875,251220
2010-08-05,NESTLEIND,115.91547393798828,139.9149932861328,147.0,138.25,146.5,718420
2010-08-06,NESTLEIND,114.73907470703125,138.4949951171875,141.5,137.5050048828125,140.8000030517578,1710480
2010-08-09,NESTLEIND,115.60482788085938,139.5399932861328,141.5,138.49749755859375,138.75,437440
2010-08-10,NESTLEIND,116.76055908203125,140.93499755859375,142.0,139.59249877929688,140.09750366210938,210800
2010-08-11,NESTLEIND,117.14993286132812,141.40499877929688,142.60000610351562,138.77749633789062,141.27749633789062,341160
2010-08-12,NESTLEIND,117.26177978515625,141.5399932861328,142.3000030517578,140.0,141.9949951171875,861280
2010-08-13,NESTLEIND,116.00249481201172,140.02000427246094,142.0,139.60000610351562,140.5,1217060
2010-08-16,NESTLEIND,114.49263763427734,138.19749450683594,141.39500427246094,137.5,138.61749267578125,228720
2010-08-17,NESTLEIND,112.96820831298828,136.3574981689453,139.125,135.0500030517578,137.76499938964844,563860
2010-08-18,NESTLEIND,114.05355072021484,137.66749572753906,139.75,136.51499938964844,136.89999389648438,325900
2010-08-19,NESTLEIND,116.66940307617188,140.8249969482422,141.65249633789062,137.7550048828125,137.7550048828125,212820
2010-08-20,NESTLEIND,119.2977294921875,143.99749755859375,145.75,138.8000030517578,138.8000030517578,2461020
2010-08-23,NESTLEIND,120.55497741699219,145.51499938964844,146.39999389648438,142.5500030517578,142.5500030517578,3550420
2010-08-24,NESTLEIND,122.07725524902344,147.3524932861328,149.5,145.10000610351562,145.49749755859375,138980
2010-08-25,NESTLEIND,122.90154266357422,148.34750366210938,150.0,143.25,145.8000030517578,279100
2010-08-26,NESTLEIND,127.4851303100586,153.8800048828125,155.0,149.0500030517578,149.1999969482422,1691820
2010-08-27,NESTLEIND,126.82653045654297,153.0850067138672,154.94000244140625,152.5500030517578,154.35000610351562,897280
2010-08-30,NESTLEIND,128.6946563720703,155.33999633789062,160.0,153.2550048828125,154.99749755859375,492100
2010-08-31,NESTLEIND,127.53479766845703,153.94000244140625,155.0,150.75,155.0,577720
2010-09-01,NESTLEIND,127.13299560546875,153.4550018310547,156.0,152.5,154.0,626220
2010-09-02,NESTLEIND,129.63702392578125,156.4774932861328,161.85000610351562,152.50250244140625,156.0,9484900
2010-09-03,NESTLEIND,131.65440368652344,158.91250610351562,159.6999969482422,156.25,157.0,283520
2010-09-06,NESTLEIND,132.87013244628906,160.3800048828125,162.5,159.0,159.5,557460
2010-09-07,NESTLEIND,132.73341369628906,160.21499633789062,161.24749755859375,159.5500030517578,160.35000610351562,190140
2010-09-08,NESTLEIND,132.93020629882812,160.45249938964844,162.37750244140625,159.0,160.25,271480
2010-09-09,NESTLEIND,131.31468200683594,158.50250244140625,160.0,156.66250610351562,160.0,4118260
2010-09-13,NESTLEIND,131.8386993408203,159.13499450683594,160.13999938964844,157.75250244140625,159.5,134420
2010-09-14,NESTLEIND,132.71690368652344,160.19500732421875,161.5,157.7624969482422,159.4949951171875,239900
2010-09-15,NESTLEIND,130.7699737548828,157.84500122070312,161.0574951171875,157.35000610351562,161.0574951171875,486460
2010-09-16,NESTLEIND,132.17218017578125,159.53750610351562,162.9499969482422,157.0500030517578,158.25,446060
2010-09-17,NESTLEIND,135.17747497558594,163.1649932861328,165.0,158.10000610351562,159.0,2665320
2010-09-20,NESTLEIND,135.4384002685547,163.47999572753906,165.5,160.27749633789062,163.25,766440
2010-09-21,NESTLEIND,137.0518798828125,165.42750549316406,166.6999969482422,163.0,163.47999572753906,355940
2010-09-22,NESTLEIND,136.4905548095703,164.75,165.69749450683594,161.39999389648438,163.5,384640
2010-09-23,NESTLEIND,134.9434356689453,162.88250732421875,165.5,162.25,165.25,226100
2010-09-24,NESTLEIND,137.24656677246094,165.66250610351562,166.22999572753906,162.88250732421875,162.88250732421875,1863160
2010-09-27,NESTLEIND,138.27174377441406,166.89999389648438,168.5500030517578,163.5,165.85000610351562,282920
2010-09-28,NESTLEIND,138.72950744628906,167.45249938964844,167.60000610351562,165.80999755859375,167.60000610351562,277140
2010-09-29,NESTLEIND,138.38775634765625,167.0399932861328,167.5500030517578,165.0500030517578,166.30250549316406,202320
2010-09-30,NESTLEIND,140.1006622314453,169.1074981689453,169.9499969482422,163.53250122070312,166.64500427246094,290780
2010-10-01,NESTLEIND,139.2038116455078,168.02499389648438,168.5,167.0500030517578,167.5500030517578,73560
2010-10-04,NESTLEIND,137.190673828125,165.59500122070312,169.2449951171875,165.0050048828125,169.0,189900
2010-10-05,NESTLEIND,135.4322967529297,163.47250366210938,165.59500122070312,162.78500366210938,165.59500122070312,193320
2010-10-06,NESTLEIND,132.4559783935547,159.8800048828125,164.00750732421875,159.05499267578125,164.00750732421875,257680
2010-10-07,NESTLEIND,132.96337890625,160.49249267578125,163.75250244140625,159.5,159.8800048828125,313740
2010-10-08,NESTLEIND,134.6824951171875,162.5675048828125,163.4499969482422,159.8249969482422,161.0,2228200
2010-10-11,NESTLEIND,133.36927795410156,160.9824981689453,163.1999969482422,160.3000030517578,161.1999969482422,86220
2010-10-12,NESTLEIND,136.65830993652344,164.95249938964844,166.5,159.60000610351562,161.2449951171875,254340
2010-10-13,NESTLEIND,136.89657592773438,165.24000549316406,166.25,163.8524932861328,164.9499969482422,8823580
2010-10-14,NESTLEIND,135.100830078125,163.07249450683594,166.64999389648438,162.5500030517578,165.0,294580
2010-10-15,NESTLEIND,132.4724884033203,159.89999389648438,164.24749755859375,158.5,162.60499572753906,131360
2010-10-18,NESTLEIND,132.88885498046875,160.40249633789062,160.77999877929688,156.25,159.10000610351562,328780
2010-10-19,NESTLEIND,137.30038452148438,165.7274932861328,169.5,158.9949951171875,159.44500732421875,1074920
2010-10-20,NESTLEIND,137.19891357421875,165.60499572753906,166.63999938964844,163.0,164.0,186780
2010-10-21,NESTLEIND,141.05755615234375,170.2624969482422,171.0749969482422,165.0500030517578,165.0500030517578,293060
2010-10-22,NESTLEIND,140.9995574951172,170.1925048828125,171.25,169.64999389648438,170.5,197700
2010-10-25,NESTLEIND,142.60885620117188,172.13499450683594,174.14999389648438,170.9499969482422,170.9499969482422,192140
2010-10-26,NESTLEIND,142.88221740722656,172.46499633789062,174.25,169.60000610351562,172.3975067138672,361700
2010-10-27,NESTLEIND,140.78416442871094,169.9324951171875,174.99249267578125,169.0,172.94500732421875,367080
2010-10-28,NESTLEIND,143.4559326171875,173.15750122070312,173.8249969482422,170.75999450683594,171.5,1047960
2010-10-29,NESTLEIND,144.3382568359375,174.22250366210938,177.0,170.75,173.25,560820
2010-11-01,NESTLEIND,147.07015991210938,177.52000427246094,179.5,172.0,174.22250366210938,487360
2010-11-02,NESTLEIND,147.1613311767578,177.6300048828125,179.86500549316406,176.0749969482422,177.49749755859375,446420
2010-11-03,NESTLEIND,150.68211364746094,180.49749755859375,181.25,177.50750732421875,177.6750030517578,323040
2010-11-04,NESTLEIND,152.32252502441406,182.46249389648438,184.14999389648438,180.0,180.39999389648438,202080
2010-11-08,NESTLEIND,155.7765655517578,186.60000610351562,191.89999389648438,180.0,180.0,460580
2010-11-09,NESTLEIND,167.06118774414062,200.11749267578125,211.1999969482422,187.10000610351562,187.10000610351562,4241400
2010-11-10,NESTLEIND,161.06097412109375,192.92999267578125,202.5,191.25,202.5,949200
2010-11-11,NESTLEIND,158.623291015625,190.00999450683594,196.0,188.75,193.375,3787920
2010-11-12,NESTLEIND,159.87342834472656,191.50750732421875,192.5,190.0,190.10000610351562,234600
2010-11-15,NESTLEIND,162.85586547851562,195.0800018310547,198.93499755859375,190.05250549316406,192.5,380480
2010-11-16,NESTLEIND,162.64712524414062,194.8300018310547,197.5,191.7550048828125,197.5,344380
2010-11-18,NESTLEIND,157.0413360595703,188.11500549316406,196.98500061035156,185.25,196.98500061035156,721420
2010-11-19,NESTLEIND,151.3040313720703,181.24249267578125,190.75,180.0,190.5,662620
2010-11-22,NESTLEIND,154.77066040039062,185.39500427246094,188.5,182.14999389648438,182.39999389648438,267120
2010-11-23,NESTLEIND,154.06312561035156,184.54750061035156,187.25,180.49749755859375,185.0,512160
2010-11-24,NESTLEIND,158.31442260742188,189.63999938964844,191.0500030517578,184.55250549316406,184.55250549316406,269420
2010-11-25,NESTLEIND,156.9933319091797,188.0574951171875,193.5,184.5,190.0,174280
2010-11-26,NESTLEIND,148.6597900390625,178.0749969482422,189.9949951171875,175.0500030517578,186.25,2375200
2010-11-29,NESTLEIND,148.85806274414062,178.3125,183.9499969482422,175.05250549316406,180.0,416320
2010-11-30,NESTLEIND,151.3249053955078,181.2675018310547,182.5,176.5500030517578,176.5500030517578,949460
2010-12-01,NESTLEIND,148.9331817626953,178.40249633789062,184.5,177.5,181.2675018310547,248180
2010-12-02,NESTLEIND,152.19520568847656,182.30999755859375,184.0,179.9949951171875,180.4499969482422,1741060
2010-12-03,NESTLEIND,153.2345733642578,183.55499267578125,185.92250061035156,182.25,182.25,459040
2010-12-06,NESTLEIND,156.3484344482422,187.28500366210938,188.35000610351562,183.75,184.9949951171875,456160
2010-12-07,NESTLEIND,156.0958709716797,186.9824981689453,188.38999938964844,185.3524932861328,187.10000610351562,255040
2010-12-08,NESTLEIND,156.17312622070312,187.0749969482422,188.99749755859375,185.1125030517578,187.25,280160
2010-12-09,NESTLEIND,155.20474243164062,185.9149932861328,188.94500732421875,184.30999755859375,188.4499969482422,168740
2010-12-10,NESTLEIND,158.02224731445312,189.2899932861328,190.30499267578125,183.5050048828125,185.5500030517578,148340
2010-12-13,NESTLEIND,162.19422912597656,194.28750610351562,196.0,189.0,192.0,335700
2010-12-14,NESTLEIND,157.77597045898438,188.9949951171875,194.9499969482422,188.75,192.45249938964844,228020
2010-12-15,NESTLEIND,150.88661193847656,180.74249267578125,191.6999969482422,178.2624969482422,189.9499969482422,693580
2010-12-16,NESTLEIND,148.87266540527344,178.3300018310547,184.75,177.4499969482422,184.75,540940
2010-12-20,NESTLEIND,148.92486572265625,178.3925018310547,180.75,177.60000610351562,178.3300018310547,363080
2010-12-21,NESTLEIND,150.7113037109375,180.53250122070312,181.3925018310547,179.10000610351562,179.85000610351562,122620
2010-12-22,NESTLEIND,153.13229370117188,183.4324951171875,184.9499969482422,178.25,179.3800048828125,129620
2010-12-23,NESTLEIND,153.59771728515625,183.99000549316406,184.5,180.8000030517578,180.8000030517578,51160
2010-12-24,NESTLEIND,153.4536895751953,183.8175048828125,184.47500610351562,180.30999755859375,181.3000030517578,93160
2010-12-27,NESTLEIND,153.8732147216797,184.32000732421875,184.94749450683594,182.6125030517578,183.85000610351562,63020
2010-12-28,NESTLEIND,152.93609619140625,183.19749450683594,184.25,183.0,183.8249969482422,166000
2010-12-29,NESTLEIND,152.92567443847656,183.18499755859375,184.5,182.5,184.0,80920
2010-12-30,NESTLEIND,156.1751708984375,187.07749938964844,187.7449951171875,183.0,184.1925048828125,100880
2010-12-31,NESTLEIND,159.1889190673828,190.6875,192.9499969482422,186.55999755859375,187.9499969482422,205480
2011-01-03,NESTLEIND,160.11135864257812,191.79249572753906,193.0500030517578,190.0,191.93499755859375,105120
2011-01-04,NESTLEIND,162.43841552734375,194.5800018310547,194.9949951171875,190.0,191.75,438320
2011-01-05,NESTLEIND,162.82867431640625,195.04750061035156,196.74749755859375,192.8249969482422,193.6999969482422,647620
2011-01-06,NESTLEIND,160.0258026123047,191.69000244140625,197.4499969482422,190.25,195.0,336580
2011-01-07,NESTLEIND,158.19544982910156,189.49749755859375,193.5,188.60000610351562,190.5,617080
2011-01-10,NESTLEIND,158.1767120361328,189.47500610351562,190.9949951171875,188.5500030517578,189.4499969482422,177880
2011-01-11,NESTLEIND,159.0741424560547,190.5500030517578,195.89999389648438,188.5,189.0,468320
2011-01-12,NESTLEIND,159.04908752441406,190.52000427246094,194.8000030517578,189.5,191.47500610351562,336040
2011-01-13,NESTLEIND,157.04551696777344,188.1199951171875,192.9949951171875,185.5399932861328,191.4949951171875,445820
2011-01-14,NESTLEIND,155.50527954101562,186.27499389648438,189.49749755859375,184.0,188.9499969482422,154160
2011-01-17,NESTLEIND,153.80015563964844,184.2324981689453,188.14999389648438,182.60499572753906,186.9499969482422,186860
2011-01-18,NESTLEIND,152.31625366210938,182.4550018310547,185.85000610351562,181.75,184.64999389648438,189780
2011-01-19,NESTLEIND,152.38092041015625,182.53250122070312,183.3000030517578,181.85000610351562,182.60000610351562,106260
2011-01-20,NESTLEIND,153.76475524902344,184.19000244140625,185.42750549316406,182.3000030517578,182.9949951171875,269760
2011-01-21,NESTLEIND,150.69882202148438,180.5175018310547,185.0,179.5749969482422,184.0,174180
2011-01-24,NESTLEIND,152.96533203125,183.2324981689453,184.25,170.85000610351562,179.4499969482422,217000
2011-01-25,NESTLEIND,151.6087646484375,181.6074981689453,185.3000030517578,180.6199951171875,182.75250244140625,116460
2011-01-27,NESTLEIND,148.1568145751953,177.47250366210938,183.4499969482422,176.50999450683594,183.4499969482422,243340
2011-01-28,NESTLEIND,145.78382873535156,174.6300048828125,177.9949951171875,173.1999969482422,177.5,371020
2011-01-31,NESTLEIND,138.8944854736328,166.37750244140625,174.85000610351562,165.55999755859375,174.85000610351562,696480
2011-02-01,NESTLEIND,135.27561950683594,162.04249572753906,169.23500061035156,158.25999450683594,166.85000610351562,550500
2011-02-02,NESTLEIND,135.94766235351562,162.84750366210938,164.2050018310547,161.8000030517578,163.24749755859375,1253220
2011-02-03,NESTLEIND,135.70761108398438,162.55999755859375,163.0,158.58999633789062,162.5,399920
2011-02-04,NESTLEIND,135.5447998046875,162.36500549316406,166.25,160.0500030517578,164.99749755859375,300700
2011-02-07,NESTLEIND,138.82986450195312,166.3000030517578,166.88999938964844,160.0,161.5,229580
2011-02-08,NESTLEIND,136.3587646484375,163.33999633789062,167.3925018310547,162.60000610351562,166.35000610351562,116640
2011-02-09,NESTLEIND,133.60597229003906,160.04249572753906,163.35000610351562,158.9250030517578,162.5,466220
2011-02-10,NESTLEIND,134.22372436523438,160.78250122070312,162.0,158.1125030517578,160.04249572753906,109880
2011-02-11,NESTLEIND,134.3238983154297,160.90249633789062,167.0,159.5500030517578,160.0,649740
2011-02-14,NESTLEIND,141.12344360351562,169.04750061035156,169.9499969482422,164.0,164.0,169640
2011-02-15,NESTLEIND,141.5910186767578,169.6074981689453,174.0,169.04750061035156,171.0,121820
2011-02-16,NESTLEIND,141.54507446289062,169.55250549316406,170.7624969482422,168.65750122070312,170.0,7935800
2011-02-17,NESTLEIND,143.6759490966797,172.10499572753906,172.75,168.5,170.0,170560
2011-02-18,NESTLEIND,144.02862548828125,172.52749633789062,176.89999389648438,172.0,174.0,461560
2011-02-21,NESTLEIND,144.5462188720703,173.1475067138672,182.5,170.0,175.0,786540
2011-02-22,NESTLEIND,144.21023559570312,172.7449951171875,174.75,171.35000610351562,172.94749450683594,271260
2011-02-23,NESTLEIND,145.2475128173828,173.9875030517578,174.5,172.0500030517578,173.4499969482422,111800
2011-02-24,NESTLEIND,143.92218017578125,172.39999389648438,173.88499450683594,172.0,173.88499450683594,96300
2011-02-25,NESTLEIND,147.7748565673828,177.01499938964844,177.75,172.40750122070312,172.8000030517578,436520
2011-02-28,NESTLEIND,148.12550354003906,177.43499755859375,179.9949951171875,175.78750610351562,179.9949951171875,162460
2011-03-01,NESTLEIND,149.12728881835938,178.63499450683594,180.14999389648438,177.05250549316406,178.14999389648438,130480
2011-03-03,NESTLEIND,149.37562561035156,178.9324951171875,180.75,177.5500030517578,178.63499450683594,201860
2011-03-04,NESTLEIND,153.20114135742188,183.51499938964844,184.25,178.75,181.0,337900
2011-03-07,NESTLEIND,156.47572326660156,187.4375,188.94749450683594,178.11749267578125,182.5,781920
2011-03-08,NESTLEIND,158.81114196777344,190.23500061035156,191.75,187.39999389648438,187.39999389648438,1273020
2011-03-09,NESTLEIND,165.48756408691406,198.2324981689453,199.8000030517578,187.5749969482422,189.5,805980
2011-03-10,NESTLEIND,164.38558959960938,196.91250610351562,198.2324981689453,193.51499938964844,193.51499938964844,146060
2011-03-11,NESTLEIND,161.545166015625,193.50999450683594,197.0,188.05250549316406,188.05250549316406,216820
2011-03-14,NESTLEIND,161.11105346679688,192.99000549316406,196.5,192.0500030517578,193.75,81400
2011-03-15,NESTLEIND,157.92828369140625,189.17750549316406,191.64999389648438,187.61000061035156,189.5,153380
2011-03-16,NESTLEIND,154.2196502685547,184.73500061035156,193.73500061035156,184.0500030517578,192.0,220580
2011-03-17,NESTLEIND,148.78082275390625,178.22000122070312,187.5,177.07749938964844,187.5,988400
2011-03-18,NESTLEIND,147.43882751464844,176.6125030517578,180.0,175.06500244140625,177.50250244140625,1567800
2011-03-21,NESTLEIND,150.03514099121094,179.72250366210938,181.74249267578125,176.0,177.5,176360
2011-03-22,NESTLEIND,149.79931640625,179.44000244140625,181.74749755859375,178.7725067138672,179.72250366210938,154460
2011-03-23,NESTLEIND,151.51072692871094,181.49000549316406,182.25,178.1999969482422,178.1999969482422,139800
2011-03-24,NESTLEIND,152.58131408691406,182.7725067138672,184.5,182.0,182.4499969482422,120080
2011-03-25,NESTLEIND,153.98593139648438,184.4550018310547,186.29750061035156,182.75,182.75,298620
2011-03-28,NESTLEIND,154.3302459716797,184.86749267578125,186.0,184.25,184.5,59680
2011-03-29,NESTLEIND,153.6916046142578,184.1024932861328,185.39999389648438,183.5500030517578,184.5,404260
2011-03-30,NESTLEIND,153.13018798828125,183.42999267578125,185.85000610351562,181.75,184.9499969482422,205380
2011-03-31,NESTLEIND,154.29685974121094,184.82749938964844,187.25,182.0,183.9499969482422,729220
2011-04-01,NESTLEIND,153.58938598632812,183.97999572753906,187.39999389648438,182.5500030517578,187.39999389648438,267340
2011-04-04,NESTLEIND,153.6916046142578,184.1024932861328,184.5,182.6024932861328,184.0500030517578,284700
2011-04-05,NESTLEIND,153.8147735595703,184.25,185.25,182.78250122070312,182.78250122070312,402660
2011-04-06,NESTLEIND,154.52645874023438,185.1024932861328,186.0,184.5,184.94500732421875,4897100
2011-04-07,NESTLEIND,154.82281494140625,185.45750427246094,187.0050048828125,185.0,185.25,1709040
2011-04-08,NESTLEIND,154.75808715820312,185.3800048828125,190.0,185.05250549316406,186.5,2982460
2011-04-11,NESTLEIND,154.8812713623047,185.52749633789062,187.25,185.25,185.9324951171875,178860
2011-04-13,NESTLEIND,156.0186767578125,186.88999938964844,188.10000610351562,183.5,185.0,334100
2011-04-15,NESTLEIND,155.3382568359375,186.0749969482422,187.9949951171875,185.10499572753906,187.9949951171875,199000
2011-04-18,NESTLEIND,155.4656219482422,186.2274932861328,188.14999389648438,185.35000610351562,186.85000610351562,200740
2011-04-19,NESTLEIND,155.67642211914062,186.47999572753906,187.25,185.25,187.0,188080
2011-04-20,NESTLEIND,156.5111846923828,187.47999572753906,190.0,185.8574981689453,187.09500122070312,579320
2011-04-21,NESTLEIND,160.68841552734375,191.3800048828125,192.19500732421875,188.49749755859375,190.0500030517578,376500
2011-04-25,NESTLEIND,164.41004943847656,195.8125,198.24749755859375,189.60000610351562,191.4499969482422,373080
2011-04-26,NESTLEIND,163.5011749267578,194.72999572753906,197.9499969482422,191.83250427246094,197.5,165580
2011-04-27,NESTLEIND,165.6316680908203,197.2675018310547,197.5,191.9499969482422,196.9499969482422,200440
2011-04-28,NESTLEIND,164.79837036132812,196.27499389648438,197.9499969482422,194.1024932861328,197.00250244140625,149320
2011-04-29,NESTLEIND,167.6279296875,199.64500427246094,202.5,194.25,194.25,1426200
2011-05-02,NESTLEIND,165.84161376953125,197.5175018310547,200.60000610351562,195.50250244140625,200.60000610351562,165040
2011-05-03,NESTLEIND,168.4151153564453,200.58250427246094,201.2449951171875,192.52000427246094,198.0,251660
2011-05-04,NESTLEIND,170.11953735351562,202.6125030517578,203.6999969482422,200.0,200.44500732421875,338560
2011-05-05,NESTLEIND,173.57876586914062,206.7324981689453,208.39999389648438,200.0,201.5,511120
2011-05-06,NESTLEIND,168.30592346191406,200.45249938964844,206.5,197.0050048828125,205.75,408820
2011-05-09,NESTLEIND,173.2891082763672,206.3874969482422,209.6999969482422,198.28250122070312,198.28250122070312,2727440
2011-05-10,NESTLEIND,172.69924926757812,205.68499755859375,209.4774932861328,204.0050048828125,207.0,132620
2011-05-11,NESTLEIND,169.6429901123047,202.0449981689453,206.10000610351562,201.0500030517578,206.03500366210938,133140
2011-05-12,NESTLEIND,168.54727172851562,200.74000549316406,205.9949951171875,199.1699981689453,202.0050048828125,150600
2011-05-13,NESTLEIND,173.0876007080078,206.1475067138672,208.0,202.1999969482422,202.25,230820
2011-05-16,NESTLEIND,175.32521057128906,208.8125,209.5,204.5,205.0050048828125,1066040
2011-05-17,NESTLEIND,172.8231658935547,205.83250427246094,210.25,205.15750122070312,209.5,1430780
2011-05-18,NESTLEIND,171.64768981933594,204.4324951171875,208.69749450683594,202.9499969482422,207.0,82900
2011-05-19,NESTLEIND,171.17323303222656,203.86749267578125,210.10000610351562,202.85000610351562,208.25,115960
2011-05-20,NESTLEIND,170.3042449951172,202.83250427246094,207.0500030517578,202.60000610351562,207.0500030517578,1161340
2011-05-23,NESTLEIND,168.09182739257812,200.19749450683594,203.75250244140625,200.0,203.75250244140625,79640
2011-05-24,NESTLEIND,168.28286743164062,200.4250030517578,202.7449951171875,199.57000732421875,200.5,184440
2011-05-25,NESTLEIND,163.488525390625,194.71499633789062,201.74249267578125,193.7550048828125,199.60000610351562,311200
2011-05-26,NESTLEIND,165.1111602783203,196.6475067138672,198.99249267578125,195.10000610351562,195.14999389648438,135720
2011-05-27,NESTLEIND,167.67202758789062,199.69749450683594,201.7449951171875,195.61500549316406,198.2449951171875,181880
2011-05-30,NESTLEIND,168.79080200195312,201.02999877929688,204.4550018310547,200.0124969482422,200.6999969482422,146580
2011-05-31,NESTLEIND,170.41549682617188,202.96499633789062,203.75,201.0500030517578,202.99249267578125,213780
2011-06-01,NESTLEIND,172.3109893798828,205.22250366210938,206.6999969482422,203.25,203.2550048828125,490260
2011-06-02,NESTLEIND,172.34242248535156,205.25999450683594,206.9499969482422,203.0050048828125,203.5,175480
2011-06-03,NESTLEIND,171.84080505371094,204.66250610351562,207.03750610351562,204.39999389648438,206.0,73980
2011-06-06,NESTLEIND,173.8558807373047,207.0625,207.5,203.60499572753906,206.5,141660
2011-06-07,NESTLEIND,174.85711669921875,208.2550048828125,208.69500732421875,205.31500244140625,207.4499969482422,156620
2011-06-08,NESTLEIND,175.52883911132812,209.05499267578125,210.5,206.5,209.0,335820
2011-06-09,NESTLEIND,175.3083953857422,208.79249572753906,209.0500030517578,207.5124969482422,209.0500030517578,85640
2011-06-10,NESTLEIND,175.4679412841797,208.9824981689453,211.0399932861328,208.0,208.0675048828125,121000
2011-06-13,NESTLEIND,174.11199951171875,207.36749267578125,209.94000244140625,205.0500030517578,209.0,186420
2011-06-14,NESTLEIND,174.36807250976562,207.67250061035156,211.0,206.25250244140625,211.0,209200
2011-06-15,NESTLEIND,171.0682830810547,203.74249267578125,209.24000549316406,202.60000610351562,208.0,293420
2011-06-16,NESTLEIND,165.87936401367188,197.5625,203.25,197.5,203.25,881660
2011-06-17,NESTLEIND,165.30213928222656,196.875,201.75,192.9875030517578,201.75,340260
2011-06-20,NESTLEIND,163.4696807861328,194.6925048828125,197.5,193.75,196.25250244140625,173980
2011-06-21,NESTLEIND,163.21990966796875,194.39500427246094,198.43499755859375,193.8175048828125,197.4499969482422,102320
2011-06-22,NESTLEIND,164.32603454589844,195.71249389648438,196.84500122070312,192.75,194.00250244140625,153460
2011-06-23,NESTLEIND,165.0985565185547,196.63250732421875,197.4949951171875,194.5,195.71249389648438,145400
2011-06-24,NESTLEIND,167.8903350830078,199.95750427246094,200.5,196.5,197.5,215340
2011-06-27,NESTLEIND,165.7744598388672,197.4375,200.9499969482422,195.5500030517578,199.5,205560
2011-06-28,NESTLEIND,165.12164306640625,196.66000366210938,199.9949951171875,195.35000610351562,196.5,244520
2011-06-29,NESTLEIND,167.86305236816406,199.9250030517578,201.14999389648438,193.9499969482422,193.9499969482422,353560
2011-06-30,NESTLEIND,172.4641876220703,205.40499877929688,207.0,200.4499969482422,200.4499969482422,356860
2011-07-01,NESTLEIND,180.74713134765625,215.27000427246094,217.5,205.0,205.0,1116460
2011-07-04,NESTLEIND,186.2215118408203,221.7899932861328,223.35000610351562,215.5,215.5,1276580
2011-07-05,NESTLEIND,179.70179748535156,214.02499389648438,221.7899932861328,213.25,221.7899932861328,409540
2011-07-06,NESTLEIND,179.6199493408203,213.92750549316406,218.75,212.5,214.00250244140625,754600
2011-07-07,NESTLEIND,180.32528686523438,214.7675018310547,216.6999969482422,214.02000427246094,215.0,226820
2011-07-08,NESTLEIND,178.94403076171875,213.12249755859375,216.4499969482422,212.5,216.4499969482422,148440
2011-07-11,NESTLEIND,180.90457153320312,215.45750427246094,217.1999969482422,213.0,213.0,502700
2011-07-12,NESTLEIND,181.1354522705078,215.7324981689453,217.75,213.10000610351562,217.4499969482422,618360
2011-07-13,NESTLEIND,181.5636749267578,216.24249267578125,216.5,209.0,215.9949951171875,471300
2011-07-14,NESTLEIND,181.8072052001953,216.53250122070312,219.0,215.0,219.0,429680
2011-07-15,NESTLEIND,184.6136474609375,219.875,220.4499969482422,217.0,218.9499969482422,519660
2011-07-18,NESTLEIND,186.57420349121094,222.2100067138672,223.85000610351562,217.5,220.0,552180
2011-07-19,NESTLEIND,184.7395477294922,220.02499389648438,226.0,219.3000030517578,222.5500030517578,291060
2011-07-20,NESTLEIND,179.7459259033203,214.07749938964844,223.19749450683594,213.5,223.19749450683594,263340
2011-07-21,NESTLEIND,178.44863891601562,212.53250122070312,219.14999389648438,210.61749267578125,214.59750366210938,236120
2011-07-22,NESTLEIND,180.91720581054688,215.47250366210938,216.75,212.75,212.75250244140625,194780
2011-07-25,NESTLEIND,178.24710083007812,212.29249572753906,217.9499969482422,211.8975067138672,216.25,285680
2011-07-26,NESTLEIND,178.6228790283203,212.74000549316406,214.29750061035156,211.2899932861328,211.2899932861328,241140
2011-07-27,NESTLEIND,184.87184143066406,220.1824951171875,222.0,212.5,212.64999389648438,677240
2011-07-28,NESTLEIND,183.00991821289062,217.96499633789062,221.39999389648438,215.25,220.0500030517578,156080
2011-07-29,NESTLEIND,183.0435028076172,218.0050048828125,220.25,215.8000030517578,218.25,224140
2011-08-01,NESTLEIND,177.9742889404297,211.96749877929688,218.0050048828125,211.00250244140625,218.0050048828125,368540
2011-08-02,NESTLEIND,179.4856414794922,213.7675018310547,221.0,212.5,217.0,140900
2011-08-03,NESTLEIND,178.1338348388672,212.15750122070312,215.0,210.15249633789062,212.49749755859375,159080
2011-08-04,NESTLEIND,180.53933715820312,215.0225067138672,216.5,211.9499969482422,212.39999389648438,254880
2011-08-05,NESTLEIND,177.9322967529297,211.91749572753906,212.8000030517578,207.5050048828125,208.0225067138672,344400
2011-08-08,NESTLEIND,173.54312133789062,206.69000244140625,209.4949951171875,202.5,209.4949951171875,509020
2011-08-09,NESTLEIND,177.10940551757812,210.9375,213.3874969482422,201.64999389648438,202.5,342420
2011-08-10,NESTLEIND,174.86341857910156,208.2624969482422,214.0,205.4499969482422,211.5,857140
2011-08-11,NESTLEIND,175.2076873779297,208.67250061035156,212.34750366210938,207.05250549316406,208.50250244140625,393980
2011-08-12,NESTLEIND,173.2702178955078,206.36500549316406,212.4949951171875,203.75,208.89999389648438,877240
2011-08-16,NESTLEIND,176.10610961914062,209.74249267578125,211.4499969482422,208.15249633789062,210.0,265580
2011-08-17,NESTLEIND,174.04481506347656,207.28750610351562,209.89999389648438,206.5500030517578,208.20249938964844,187100
2011-08-18,NESTLEIND,176.23626708984375,209.8975067138672,217.0,207.28750610351562,209.9499969482422,790300
2011-08-19,NESTLEIND,175.73660278320312,209.30250549316406,211.50999450683594,204.70249938964844,209.6475067138672,411120
2011-08-22,NESTLEIND,178.58090209960938,212.69000244140625,213.14999389648438,206.2550048828125,208.72250366210938,258300
2011-08-23,NESTLEIND,179.548583984375,213.84249877929688,216.0,210.3000030517578,210.3000030517578,247360
2011-08-24,NESTLEIND,182.89447021484375,217.82749938964844,218.8000030517578,213.75,214.92999267578125,263860
2011-08-25,NESTLEIND,184.04270935058594,219.19500732421875,220.0,218.0050048828125,218.9499969482422,159420
2011-08-26,NESTLEIND,183.88107299804688,219.00250244140625,220.75,217.23500061035156,219.74749755859375,184960
2011-08-29,NESTLEIND,184.8361358642578,220.13999938964844,220.49749755859375,216.8000030517578,216.8000030517578,165540
2011-08-30,NESTLEIND,184.26101684570312,219.4550018310547,222.22500610351562,218.25,218.25,174140
2011-09-02,NESTLEIND,188.58926391601562,224.61000061035156,226.02499389648438,220.49749755859375,222.5,1170320
2011-09-05,NESTLEIND,187.09056091308594,222.8249969482422,225.0124969482422,218.5050048828125,218.5050048828125,257280
2011-09-06,NESTLEIND,185.09011840820312,220.4425048828125,225.99000549316406,220.0,225.99000549316406,94380
2011-09-07,NESTLEIND,186.98980712890625,222.7050018310547,224.75,221.65249633789062,222.42999267578125,451840
2011-09-08,NESTLEIND,185.94650268554688,221.46249389648438,224.5050048828125,220.39999389648438,222.5,181180
2011-09-09,NESTLEIND,184.17913818359375,219.3574981689453,222.4949951171875,218.75250244140625,220.5,45020
2011-09-12,NESTLEIND,179.3386993408203,213.59249877929688,219.85000610351562,213.40249633789062,219.75,114120
2011-09-13,NESTLEIND,179.9557647705078,214.32749938964844,216.89999389648438,213.59249877929688,213.59249877929688,228540
2011-09-14,NESTLEIND,179.41629028320312,213.68499755859375,219.0,209.25,214.89999389648438,383460
2011-09-15,NESTLEIND,178.7677001953125,212.91250610351562,217.44000244140625,211.6125030517578,217.0,194940
2011-09-16,NESTLEIND,175.48057556152344,208.99749755859375,217.0,206.6024932861328,213.0,827680
2011-09-19,NESTLEIND,177.44528198242188,211.33749389648438,211.95750427246094,208.75,208.75,950000
2011-09-20,NESTLEIND,178.29541015625,212.35000610351562,216.44000244140625,210.00250244140625,210.00250244140625,386020
2011-09-21,NESTLEIND,179.82566833496094,214.17250061035156,214.75,210.7725067138672,210.7725067138672,168240
2011-09-22,NESTLEIND,178.62081909179688,212.7375030517578,213.5,208.39999389648438,208.39999389648438,476040
2011-09-23,NESTLEIND,180.99061584472656,215.55999755859375,217.25,209.10000610351562,210.00250244140625,361900
2011-09-26,NESTLEIND,176.74209594726562,210.5,215.89999389648438,209.0,214.5,329240
2011-09-27,NESTLEIND,176.93946838378906,210.73500061035156,213.89999389648438,209.60000610351562,211.0,137760
2011-09-28,NESTLEIND,178.70266723632812,212.8350067138672,213.89999389648438,209.00250244140625,212.5,394320
2011-09-29,NESTLEIND,178.78240966796875,212.92999267578125,213.5,211.0,212.3300018310547,667280
2011-09-30,NESTLEIND,178.5095672607422,212.60499572753906,213.25,208.39999389648438,210.0,533400
2011-10-03,NESTLEIND,175.8794403076172,209.47250366210938,213.44749450683594,208.39999389648438,213.44749450683594,1212740
2011-10-04,NESTLEIND,176.0662384033203,209.69500732421875,210.75,208.2624969482422,209.61000061035156,311760
2011-10-05,NESTLEIND,176.27615356445312,209.94500732421875,210.5,208.41250610351562,208.5,558240
2011-10-07,NESTLEIND,176.9205322265625,210.71249389648438,214.25,208.6024932861328,211.74749755859375,403800
2011-10-10,NESTLEIND,176.92262268066406,210.71499633789062,211.5,210.0500030517578,211.1999969482422,67260
2011-10-11,NESTLEIND,174.32395935058594,207.6199951171875,211.44749450683594,206.5,211.44749450683594,135520
2011-10-12,NESTLEIND,177.0443572998047,210.86000061035156,212.0,208.0,210.0,476940
2011-10-13,NESTLEIND,176.5804901123047,210.3074951171875,211.4499969482422,209.45249938964844,211.4499969482422,51880
2011-10-14,NESTLEIND,175.54983520507812,209.0800018310547,211.0,208.5,209.3925018310547,155760
2011-10-17,NESTLEIND,174.4205322265625,207.73500061035156,210.9324951171875,206.0,210.9324951171875,78180
2011-10-18,NESTLEIND,173.65643310546875,206.8249969482422,207.79750061035156,206.25,207.25,62940
2011-10-19,NESTLEIND,173.13803100585938,206.20750427246094,208.44749450683594,202.8125,207.0,208800
2011-10-20,NESTLEIND,179.162353515625,213.38250732421875,214.5,205.5,207.74749755859375,277220
2011-10-21,NESTLEIND,180.79539489746094,215.32749938964844,217.38499450683594,214.6300048828125,214.6300048828125,270100
2011-10-24,NESTLEIND,179.66188049316406,213.9774932861328,216.99749755859375,211.75,215.0,213040
2011-10-25,NESTLEIND,179.5885009765625,213.88999938964844,216.14999389648438,212.5175018310547,215.04750061035156,107200
2011-10-28,NESTLEIND,178.6858673095703,212.81500244140625,216.99749755859375,211.8000030517578,215.75,285280
2011-10-31,NESTLEIND,178.16323852539062,212.1925048828125,213.75,209.9949951171875,210.3000030517578,1783400
2011-11-01,NESTLEIND,183.0309295654297,217.99000549316406,219.9949951171875,208.37249755859375,208.37249755859375,702280
2011-11-02,NESTLEIND,184.89280700683594,220.20750427246094,222.0,215.00250244140625,216.87249755859375,352940
2011-11-03,NESTLEIND,185.1321258544922,220.49249267578125,221.75,219.35000610351562,220.21249389648438,277940
2011-11-04,NESTLEIND,188.80967712402344,224.87249755859375,225.0,220.8000030517578,221.75,486800
2011-11-08,NESTLEIND,183.24288940429688,218.24249267578125,229.43499755859375,217.43499755859375,227.0,342160
2011-11-09,NESTLEIND,185.78492736816406,221.27000427246094,223.4499969482422,219.5625,222.5,257660
2011-11-11,NESTLEIND,188.43609619140625,224.42750549316406,225.3975067138672,216.00250244140625,221.50250244140625,909640
2011-11-14,NESTLEIND,184.25469970703125,219.44749450683594,225.02499389648438,217.25,224.5,270000
2011-11-15,NESTLEIND,185.61282348632812,221.06500244140625,223.2375030517578,218.5,219.39999389648438,808880
2011-11-16,NESTLEIND,185.55612182617188,220.99749755859375,222.5,217.65750122070312,221.0749969482422,672400
2011-11-17,NESTLEIND,187.8105010986328,223.6824951171875,224.8000030517578,220.2550048828125,220.5,575140
2011-11-18,NESTLEIND,185.89407348632812,221.39999389648438,224.5,218.8000030517578,223.75,2161360
2011-11-21,NESTLEIND,183.4024658203125,218.4324951171875,221.5,217.5,221.3975067138672,150200
2011-11-22,NESTLEIND,179.5338897705078,213.8249969482422,218.3699951171875,213.0,217.50250244140625,427400
2011-11-23,NESTLEIND,176.10191345214844,209.7375030517578,213.75250244140625,209.02499389648438,213.16250610351562,211700
2011-11-24,NESTLEIND,175.7114715576172,209.2725067138672,211.91250610351562,208.75,209.0124969482422,1187000
2011-11-25,NESTLEIND,176.18377685546875,209.8350067138672,213.7449951171875,207.5,209.27499389648438,617540
2011-11-28,NESTLEIND,177.94699096679688,211.93499755859375,212.71499633789062,210.0749969482422,211.54750061035156,106440
2011-11-29,NESTLEIND,176.01158142089844,209.6300048828125,212.64999389648438,209.0,212.64999389648438,96680
2011-11-30,NESTLEIND,177.2689666748047,211.12750244140625,212.5,208.7624969482422,210.0050048828125,409580
2011-12-01,NESTLEIND,176.59730529785156,210.32749938964844,213.75,209.5,212.10000610351562,165420
2011-12-02,NESTLEIND,177.27525329589844,211.13499450683594,211.94749450683594,208.5,210.32749938964844,230800
2011-12-05,NESTLEIND,176.89955139160156,210.6875,213.60000610351562,210.0050048828125,212.0500030517578,161580
2011-12-07,NESTLEIND,176.5405731201172,210.25999450683594,213.0,208.00999450683594,212.4949951171875,505900
2011-12-08,NESTLEIND,178.18624877929688,212.22000122070312,213.0,209.65499877929688,211.89999389648438,294640
2011-12-09,NESTLEIND,175.9255828857422,209.52749633789062,212.43499755859375,208.35000610351562,211.99749755859375,282840
2011-12-12,NESTLEIND,178.00865173339844,210.6425018310547,212.5,209.60000610351562,212.5,351840
2011-12-13,NESTLEIND,176.1664276123047,208.46249389648438,210.25,207.2624969482422,207.5,194960
2011-12-14,NESTLEIND,176.15591430664062,208.4499969482422,209.9499969482422,207.5500030517578,208.5,852440
2011-12-15,NESTLEIND,178.65939331054688,211.41250610351562,211.5,206.5,206.75,275260
2011-12-16,NESTLEIND,177.7551727294922,210.34249877929688,213.0,209.2100067138672,209.25250244140625,238160
2011-12-19,NESTLEIND,175.77552795410156,208.0,210.39999389648438,206.6199951171875,208.11000061035156,443840
2011-12-20,NESTLEIND,173.8424530029297,205.71249389648438,209.9949951171875,200.60000610351562,209.4499969482422,368380
2011-12-21,NESTLEIND,168.3325653076172,199.1925048828125,206.25250244140625,198.5,206.25250244140625,924540
2011-12-22,NESTLEIND,173.80653381347656,205.6699981689453,207.0,199.0050048828125,201.24249267578125,954280
2011-12-23,NESTLEIND,172.71006774902344,204.37249755859375,206.9949951171875,200.6699981689453,206.75,358340
2011-12-26,NESTLEIND,174.89454650878906,206.95750427246094,207.5500030517578,204.39999389648438,204.68499755859375,75600
2011-12-27,NESTLEIND,178.2706298828125,210.95249938964844,212.0,207.25,207.4499969482422,265080
2011-12-28,NESTLEIND,177.7889862060547,210.38250732421875,211.9499969482422,207.25,210.50750732421875,2713740
2011-12-29,NESTLEIND,173.7706756591797,205.62750244140625,210.5,205.0,209.85000610351562,71160
2011-12-30,NESTLEIND,173.02273559570312,204.74249267578125,206.75,200.8000030517578,206.75,394920
2012-01-02,NESTLEIND,170.6607666015625,201.94749450683594,207.1750030517578,201.25,207.1750030517578,333820
2012-01-03,NESTLEIND,173.1917724609375,204.9425048828125,205.25,201.2550048828125,204.4499969482422,230360
2012-01-04,NESTLEIND,174.1234893798828,206.0449981689453,206.25,204.00250244140625,205.4499969482422,220540
2012-01-05,NESTLEIND,173.57838439941406,205.39999389648438,206.82000732421875,204.8574981689453,205.9499969482422,64560
2012-01-06,NESTLEIND,174.4825897216797,206.47000122070312,207.5,203.75,205.375,303140
2012-01-09,NESTLEIND,173.4664306640625,205.2675018310547,207.35000610351562,204.5,206.9499969482422,369080
2012-01-10,NESTLEIND,173.31422424316406,205.08749389648438,206.25750732421875,204.22500610351562,204.9499969482422,469320
2012-01-11,NESTLEIND,171.64527893066406,203.1125030517578,205.0,202.60000610351562,203.20249938964844,813460
2012-01-12,NESTLEIND,167.26779174804688,197.9324951171875,203.4949951171875,197.15499877929688,203.4949951171875,1890040
2012-01-13,NESTLEIND,166.6128387451172,197.15750122070312,199.6999969482422,196.25,199.69749450683594,420840
2012-01-16,NESTLEIND,168.8924102783203,199.85499572753906,200.94749450683594,197.16000366210938,197.4949951171875,542720
2012-01-17,NESTLEIND,171.41078186035156,202.8350067138672,203.6999969482422,197.00250244140625,197.00250244140625,737300
2012-01-18,NESTLEIND,170.6185302734375,201.8975067138672,204.23500061035156,200.75250244140625,204.23500061035156,592000
2012-01-19,NESTLEIND,172.1988067626953,203.7675018310547,204.9499969482422,201.24249267578125,204.0,234560
2012-01-20,NESTLEIND,175.06991577148438,207.1649932861328,207.9425048828125,203.6024932861328,205.0500030517578,181320
2012-01-23,NESTLEIND,174.2438507080078,206.1875,208.5,205.11749267578125,207.40249633789062,292080
2012-01-24,NESTLEIND,175.23260498046875,207.3574981689453,208.4499969482422,204.00250244140625,204.00250244140625,464780
2012-01-25,NESTLEIND,174.3812255859375,206.35000610351562,208.2449951171875,203.77000427246094,206.0,293500
2012-01-27,NESTLEIND,180.89675903320312,214.05999755859375,217.4949951171875,207.55999755859375,207.9499969482422,157900
2012-01-30,NESTLEIND,179.98196411132812,212.9774932861328,217.0,212.25,217.0,512280
2012-01-31,NESTLEIND,178.98684692382812,211.8000030517578,213.00250244140625,210.0,212.9774932861328,372060
2012-02-01,NESTLEIND,178.8030548095703,211.58250427246094,215.0,211.0500030517578,215.0,342040
2012-02-02,NESTLEIND,179.4854736328125,212.38999938964844,214.8975067138672,211.5,214.8975067138672,247120
2012-02-03,NESTLEIND,179.08824157714844,211.9199981689453,214.25,208.50750732421875,210.14999389648438,167060
2012-02-06,NESTLEIND,179.8277130126953,212.7949981689453,215.9499969482422,211.61749267578125,212.8000030517578,363860
2012-02-07,NESTLEIND,179.377685546875,212.2624969482422,216.14999389648438,210.75,214.25,537840
2012-02-08,NESTLEIND,178.91290283203125,211.71249389648438,214.0,210.30499267578125,212.75250244140625,1146240
2012-02-09,NESTLEIND,180.5059051513672,213.59750366210938,214.0,211.25,213.64999389648438,443760
2012-02-10,NESTLEIND,181.0699462890625,214.26499938964844,216.25,212.0,213.94000244140625,317440
2012-02-13,NESTLEIND,182.62486267089844,216.10499572753906,216.9499969482422,213.49749755859375,214.9499969482422,202660
2012-02-14,NESTLEIND,186.41085815429688,220.5850067138672,221.49749755859375,216.2550048828125,218.8975067138672,348800
2012-02-15,NESTLEIND,185.4580078125,219.45750427246094,222.75,218.85000610351562,221.0,289800
2012-02-16,NESTLEIND,185.4009552001953,219.38999938964844,222.5,218.5,220.0,222820
2012-02-17,NESTLEIND,184.09954833984375,217.85000610351562,220.9949951171875,217.25250244140625,218.85000610351562,164100
2012-02-21,NESTLEIND,185.22349548339844,219.17999267578125,219.99249267578125,218.0,219.9375,400260
2012-02-22,NESTLEIND,184.8896942138672,218.78500366210938,220.0,217.60000610351562,219.6024932861328,190020
2012-02-23,NESTLEIND,184.9087371826172,218.8074951171875,221.0,215.61000061035156,215.61000061035156,377380
2012-02-24,NESTLEIND,185.92491149902344,220.00999450683594,221.875,219.1300048828125,220.99749755859375,534560
2012-02-27,NESTLEIND,186.7129669189453,220.9425048828125,222.5,219.10499572753906,220.07749938964844,761940
2012-02-28,NESTLEIND,188.0122528076172,222.47999572753906,224.25,219.9499969482422,222.25,467400
2012-02-29,NESTLEIND,186.47422790527344,220.66000366210938,225.72999572753906,220.05250549316406,222.24749755859375,252140
2012-03-01,NESTLEIND,184.9615478515625,218.8699951171875,223.0,217.8000030517578,221.25250244140625,377060
2012-03-02,NESTLEIND,186.75521850585938,220.99249267578125,223.99749755859375,218.1199951171875,223.99749755859375,372200
2012-03-05,NESTLEIND,188.40098571777344,222.94000244140625,224.9499969482422,219.8000030517578,220.9199981689453,692360
2012-03-06,NESTLEIND,188.55099487304688,223.11749267578125,224.5,220.00750732421875,223.94749450683594,116100
2012-03-07,NESTLEIND,186.8798828125,221.13999938964844,222.9499969482422,219.35000610351562,220.88250732421875,83980
2012-03-09,NESTLEIND,188.04605102539062,222.52000427246094,224.32000732421875,221.25250244140625,221.25250244140625,250360
2012-03-12,NESTLEIND,189.30735778808594,224.0124969482422,225.94749450683594,218.60000610351562,218.60000610351562,252760
2012-03-13,NESTLEIND,188.28904724121094,222.8074951171875,224.34500122070312,221.7050018310547,221.75999450683594,268400
2012-03-14,NESTLEIND,190.50315856933594,225.42750549316406,227.19749450683594,218.85499572753906,223.85000610351562,891480
2012-03-15,NESTLEIND,185.7347869873047,219.78500366210938,223.4949951171875,218.86500549316406,222.55250549316406,395900
2012-03-16,NESTLEIND,185.3988494873047,219.3874969482422,222.49249267578125,218.0,222.49249267578125,920620
2012-03-19,NESTLEIND,185.16860961914062,219.11500549316406,220.4875030517578,218.3699951171875,219.39999389648438,1800220
2012-03-20,NESTLEIND,187.18829345703125,221.5050048828125,223.39999389648438,217.5500030517578,217.5500030517578,123440
2012-03-21,NESTLEIND,188.3938446044922,222.30250549316406,224.5,220.12750244140625,221.25,1434720
2012-03-22,NESTLEIND,190.6735076904297,224.99249267578125,227.4499969482422,221.55250549316406,223.69000244140625,414520
2012-03-23,NESTLEIND,195.11416625976562,230.2324981689453,234.0,222.1999969482422,222.20249938964844,407760
2012-03-26,NESTLEIND,188.47857666015625,222.40249633789062,233.00250244140625,220.8000030517578,230.5,1000620
2012-03-27,NESTLEIND,189.60995483398438,223.7375030517578,232.1999969482422,221.74749755859375,226.40750122070312,2226520
2012-03-28,NESTLEIND,192.5464324951172,227.20249938964844,228.39999389648438,223.75,225.0,2545260
2012-03-29,NESTLEIND,190.64598083496094,224.9600067138672,231.25,220.1649932861328,229.99000549316406,356000
2012-03-30,NESTLEIND,196.21380615234375,231.52999877929688,233.5,224.09249877929688,225.49749755859375,640040
2012-04-02,NESTLEIND,198.5465087890625,234.28250122070312,236.9949951171875,228.0500030517578,230.5,712600
2012-04-03,NESTLEIND,200.9553985595703,237.125,241.0500030517578,230.3175048828125,232.49249267578125,321560
2012-04-04,NESTLEIND,198.6142120361328,234.3625030517578,239.0,233.82749938964844,237.14999389648438,339820
2012-04-09,NESTLEIND,194.02735900878906,228.9499969482422,238.15750122070312,228.0,234.75,676480
2012-04-10,NESTLEIND,202.72021484375,239.20750427246094,242.39999389648438,225.3175048828125,225.3175048828125,1238340
2012-04-11,NESTLEIND,206.2499237060547,243.37249755859375,245.34750366210938,236.65249633789062,239.75,1179220
2012-04-12,NESTLEIND,208.5254364013672,246.0574951171875,248.77499389648438,239.5800018310547,243.37249755859375,522120
2012-04-13,NESTLEIND,208.5889434814453,246.13250732421875,248.75,245.0175018310547,246.1425018310547,462060
2012-04-16,NESTLEIND,202.76686096191406,239.2624969482422,247.93499755859375,237.5500030517578,246.13250732421875,828640
2012-04-17,NESTLEIND,204.6143341064453,241.4425048828125,244.64999389648438,238.5,240.0,646040
2012-04-18,NESTLEIND,210.19277954101562,248.02499389648438,249.6999969482422,242.25,244.39999389648438,1168040
2012-04-19,NESTLEIND,207.79446411132812,245.19500732421875,251.1999969482422,242.42999267578125,248.89999389648438,617260
2012-04-20,NESTLEIND,210.96604919433594,248.9375,249.50750732421875,242.5500030517578,242.5500030517578,501620
2012-04-23,NESTLEIND,206.8939971923828,244.13250732421875,250.75,240.8074951171875,247.50250244140625,524020
2012-04-24,NESTLEIND,206.9385223388672,244.18499755859375,247.09249877929688,243.60000610351562,246.0,106800
2012-04-25,NESTLEIND,209.1419219970703,246.78500366210938,248.75,245.11000061035156,245.60000610351562,196560
2012-04-26,NESTLEIND,200.64395141601562,236.75750732421875,248.49749755859375,235.7050018310547,246.75,876580
2012-04-27,NESTLEIND,198.98716735839844,234.80250549316406,238.9250030517578,233.5,237.19500732421875,381100
2012-04-30,NESTLEIND,198.05914306640625,233.70750427246094,235.9875030517578,232.75,235.0050048828125,139700
2012-05-02,NESTLEIND,195.87908935546875,231.13499450683594,236.25,229.0500030517578,234.99749755859375,3008440
2012-05-03,NESTLEIND,195.49557495117188,230.6824951171875,233.22000122070312,229.11000061035156,231.60000610351562,791640
2012-05-04,NESTLEIND,193.5782012939453,228.4199981689453,234.86500549316406,226.5,229.00250244140625,3894800
2012-05-07,NESTLEIND,193.9044647216797,228.80499267578125,229.75,225.77499389648438,229.7449951171875,319520
2012-05-08,NESTLEIND,190.20529174804688,224.44000244140625,230.0,220.0500030517578,229.9499969482422,387560
2012-05-09,NESTLEIND,188.34088134765625,222.24000549316406,227.35000610351562,221.0,225.4499969482422,5271720
2012-05-10,NESTLEIND,190.7858123779297,225.125,227.5,222.4499969482422,224.8000030517578,410300
2012-05-11,NESTLEIND,193.1989288330078,227.97250366210938,229.0,224.5050048828125,226.25,191500
2012-05-14,NESTLEIND,197.65025329589844,233.22500610351562,235.0,225.5574951171875,227.9499969482422,354080
2012-05-15,NESTLEIND,196.08033752441406,231.37249755859375,233.0,230.5,232.99749755859375,288500
2012-05-16,NESTLEIND,193.28793334960938,228.07749938964844,231.3524932861328,227.46749877929688,231.3524932861328,121620
2012-05-17,NESTLEIND,199.46807861328125,235.3699951171875,236.2550048828125,228.07749938964844,228.07749938964844,749020
2012-05-18,NESTLEIND,199.1460418701172,234.99000549316406,236.25,230.77000427246094,234.97250366210938,449880
2012-05-21,NESTLEIND,198.35369873046875,234.05499267578125,237.5,233.6024932861328,235.7449951171875,241280
2012-05-22,NESTLEIND,198.879150390625,234.6750030517578,236.37249755859375,233.75,233.75250244140625,1199580
2012-05-23,NESTLEIND,195.61636352539062,230.8249969482422,235.89999389648438,230.0,235.8975067138672,116520
2012-05-24,NESTLEIND,192.8811492919922,227.59750366210938,232.5,226.25,227.625,287740
2012-05-25,NESTLEIND,191.8917236328125,226.42999267578125,230.69749450683594,225.7550048828125,228.0,355020
2012-05-28,NESTLEIND,192.2201385498047,226.8175048828125,228.74749755859375,225.0,225.0,334840
2012-05-29,NESTLEIND,192.35574340820312,226.9774932861328,228.6999969482422,226.3000030517578,228.60000610351562,315400
2012-05-30,NESTLEIND,189.16921997070312,223.21749877929688,228.44749450683594,221.0500030517578,228.44749450683594,634200
2012-05-31,NESTLEIND,190.9001922607422,225.25999450683594,227.6999969482422,222.04750061035156,227.6999969482422,547400
2012-06-01,NESTLEIND,194.21591186523438,229.17250061035156,230.0,223.16749572753906,227.25,400440
2012-06-04,NESTLEIND,192.62905883789062,227.3000030517578,229.14999389648438,225.99749755859375,228.9499969482422,196660
2012-06-05,NESTLEIND,192.17352294921875,226.7624969482422,228.5749969482422,226.0,226.0,401780
2012-06-06,NESTLEIND,192.673583984375,227.3524932861328,229.5,226.0,226.0,314580
2012-06-07,NESTLEIND,192.7201385498047,227.40750122070312,229.7375030517578,223.1199951171875,229.7375030517578,242660
2012-06-08,NESTLEIND,191.38328552246094,225.8300018310547,228.75,224.5,227.3975067138672,243960
2012-06-11,NESTLEIND,190.14385986328125,224.36749267578125,227.69749450683594,222.6999969482422,225.84500122070312,383980
2012-06-12,NESTLEIND,189.26458740234375,223.3300018310547,226.3000030517578,222.88999938964844,224.94749450683594,515780
2012-06-13,NESTLEIND,191.80064392089844,226.32249450683594,227.78500366210938,223.32249450683594,223.3249969482422,393200
2012-06-14,NESTLEIND,192.43414306640625,227.07000732421875,228.22250366210938,225.0124969482422,226.39999389648438,280800
2012-06-15,NESTLEIND,191.16925048828125,225.57749938964844,227.39999389648438,225.10000610351562,227.39999389648438,955380
2012-06-18,NESTLEIND,191.32391357421875,225.75999450683594,229.0,225.0,227.19500732421875,105340
2012-06-19,NESTLEIND,194.53370666503906,229.54750061035156,229.85000610351562,224.1024932861328,224.1024932861328,246400
2012-06-20,NESTLEIND,194.52310180664062,229.53500366210938,230.99749755859375,227.5399932861328,228.0,384820
2012-06-21,NESTLEIND,189.8260498046875,223.99249267578125,230.5,223.5,224.1024932861328,1043080
2012-06-22,NESTLEIND,191.3197479248047,225.7550048828125,231.0,222.5,229.5,242740
2012-06-25,NESTLEIND,190.67564392089844,224.9949951171875,227.36500549316406,223.7550048828125,224.25,124620
2012-06-26,NESTLEIND,189.74766540527344,223.89999389648438,229.0,223.02499389648438,229.0,259580
2012-06-27,NESTLEIND,190.67140197753906,224.99000549316406,228.75,224.39999389648438,228.75,811360
2012-06-28,NESTLEIND,190.66078186035156,224.9774932861328,228.5,223.75,228.5,677620
2012-06-29,NESTLEIND,192.33457946777344,226.95249938964844,227.75,224.50750732421875,225.13499450683594,985780
2012-07-02,NESTLEIND,192.23709106445312,226.83749389648438,232.0,226.375,228.35000610351562,174400
2012-07-03,NESTLEIND,192.20745849609375,226.80250549316406,228.12249755859375,225.75750732421875,228.0,1168280
2012-07-04,NESTLEIND,189.64175415039062,223.77499389648438,227.62750244140625,223.50250244140625,227.0675048828125,1654600
2012-07-05,NESTLEIND,188.97430419921875,222.9875030517578,225.0,222.75,223.80499267578125,965360
2012-07-06,NESTLEIND,188.01881408691406,221.86000061035156,223.5,221.0,222.5,581560
2012-07-09,NESTLEIND,187.3175506591797,221.03250122070312,223.89999389648438,220.5,221.85000610351562,232480
2012-07-10,NESTLEIND,189.16921997070312,223.21749877929688,223.93499755859375,220.9499969482422,220.9499969482422,659280
2012-07-11,NESTLEIND,190.5336456298828,224.82749938964844,225.4499969482422,222.25,222.50750732421875,405360
2012-07-12,NESTLEIND,190.81333923339844,225.15750122070312,226.1999969482422,223.50250244140625,226.1999969482422,426320
2012-07-13,NESTLEIND,189.94468688964844,224.13250732421875,226.0,222.5,224.10000610351562,1419680
2012-07-16,NESTLEIND,191.7455291748047,226.25750732421875,226.5500030517578,222.61500549316406,222.61500549316406,331220
2012-07-17,NESTLEIND,190.6248016357422,224.93499755859375,227.29750061035156,223.25,226.4499969482422,107920
2012-07-18,NESTLEIND,190.7794189453125,225.11749267578125,225.4499969482422,223.75,225.1750030517578,55300
2012-07-19,NESTLEIND,190.04428100585938,224.25,227.25,223.9499969482422,227.25,215340
2012-07-20,NESTLEIND,191.3091278076172,225.74249267578125,226.9499969482422,224.1824951171875,224.2324981689453,289200
2012-07-23,NESTLEIND,189.15867614746094,223.2050018310547,226.5500030517578,222.5,223.22999572753906,175680
2012-07-24,NESTLEIND,188.5887451171875,222.53250122070312,224.25,221.30499267578125,223.81500244140625,241400
2012-07-25,NESTLEIND,188.56333923339844,222.50250244140625,223.75,220.8350067138672,220.8350067138672,220540
2012-07-26,NESTLEIND,188.05271911621094,221.89999389648438,224.0,221.5,223.27000427246094,245700
2012-07-27,NESTLEIND,188.84512329101562,222.8350067138672,224.47500610351562,221.89999389648438,223.54750061035156,136180
2012-07-30,NESTLEIND,190.87478637695312,225.22999572753906,227.0,221.5749969482422,222.85000610351562,450440
2012-07-31,NESTLEIND,189.77520751953125,223.9324951171875,225.94500732421875,223.00250244140625,225.0,115120
2012-08-01,NESTLEIND,188.14784240722656,221.1199951171875,224.59249877929688,220.89999389648438,223.75,346680
2012-08-02,NESTLEIND,187.1885528564453,219.99249267578125,226.38999938964844,218.25999450683594,224.7949981689453,857380
2012-08-03,NESTLEIND,185.944091796875,218.52999877929688,222.19749450683594,217.5,220.0,611920
2012-08-06,NESTLEIND,187.22042846679688,220.02999877929688,221.52499389648438,218.75,220.0,236460
2012-08-07,NESTLEIND,189.71560668945312,222.96249389648438,224.29750061035156,220.0175018310547,221.1374969482422,866020
2012-08-08,NESTLEIND,187.5947723388672,220.47000122070312,223.75,220.0,223.75,257860
2012-08-09,NESTLEIND,189.59228515625,222.8175048828125,223.22000122070312,220.02000427246094,222.64999389648438,153000
2012-08-10,NESTLEIND,187.15663146972656,219.9550018310547,223.69500732421875,219.5,223.4499969482422,815780
2012-08-13,NESTLEIND,188.64138793945312,221.6999969482422,223.66749572753906,220.02499389648438,223.66749572753906,56740
2012-08-14,NESTLEIND,189.42633056640625,222.62249755859375,223.19500732421875,220.0500030517578,221.25,433160
2012-08-16,NESTLEIND,188.97747802734375,222.09500122070312,222.75,221.0,221.3000030517578,323160
2012-08-17,NESTLEIND,189.7752227783203,223.03250122070312,223.9499969482422,221.40249633789062,221.40249633789062,1613260
2012-08-21,NESTLEIND,195.35914611816406,229.59500122070312,231.69000244140625,221.75,222.14999389648438,732900
2012-08-22,NESTLEIND,195.3102569580078,229.53750610351562,230.94749450683594,228.25,229.5500030517578,839780
2012-08-23,NESTLEIND,199.4497833251953,234.40249633789062,235.4499969482422,229.39999389648438,229.55250549316406,600660
2012-08-24,NESTLEIND,200.39637756347656,235.51499938964844,237.5,225.0,225.0,421260
2012-08-27,NESTLEIND,201.3515167236328,236.6374969482422,237.9949951171875,231.75,235.51499938964844,250580
2012-08-28,NESTLEIND,200.89202880859375,236.09750366210938,237.6875,232.1999969482422,237.6875,257900
2012-08-29,NESTLEIND,200.0028533935547,235.05250549316406,235.9499969482422,232.39999389648438,235.74749755859375,211360
2012-08-30,NESTLEIND,198.6669921875,233.4824981689453,235.33749389648438,230.5050048828125,234.83749389648438,236420
2012-08-31,NESTLEIND,197.20556640625,231.76499938964844,235.1999969482422,230.5,233.4824981689453,1084720
2012-09-03,NESTLEIND,195.41661071777344,229.66250610351562,232.44749450683594,229.24749755859375,230.0,468300
2012-09-04,NESTLEIND,196.63546752929688,231.09500122070312,233.94749450683594,229.75,232.39999389648438,221880
2012-09-05,NESTLEIND,195.671875,229.96249389648438,231.75,229.0,231.0500030517578,499860
2012-09-06,NESTLEIND,195.86753845214844,230.1925048828125,232.0,227.50250244140625,227.50250244140625,622400
2012-09-07,NESTLEIND,195.82286071777344,230.13999938964844,233.83999633789062,228.75,233.83999633789062,2389200
2012-09-10,NESTLEIND,195.26553344726562,229.48500061035156,232.0,229.0,231.0500030517578,282140
2012-09-11,NESTLEIND,192.27259826660156,225.96749877929688,232.3350067138672,225.0500030517578,232.3350067138672,229620
2012-09-12,NESTLEIND,194.61251831054688,228.71749877929688,230.2899932861328,225.99749755859375,227.94749450683594,198560
2012-09-13,NESTLEIND,192.95114135742188,226.76499938964844,231.7449951171875,225.0,231.7449951171875,184820
2012-09-14,NESTLEIND,190.99832153320312,224.47000122070312,230.74749755859375,223.35000610351562,227.75,533560
2012-09-17,NESTLEIND,189.828369140625,223.09500122070312,226.49749755859375,222.14999389648438,224.47000122070312,1444180
2012-09-18,NESTLEIND,187.22894287109375,220.0399932861328,223.25,220.0,221.8000030517578,449500
2012-09-20,NESTLEIND,185.50376892089844,218.0124969482422,221.44500732421875,217.5500030517578,220.0,655060
2012-09-21,NESTLEIND,185.2421112060547,217.7050018310547,219.74749755859375,217.39999389648438,219.44000244140625,704660
2012-09-24,NESTLEIND,185.1633758544922,217.6125030517578,219.5,216.25,218.50250244140625,243780
2012-09-25,NESTLEIND,185.0931854248047,217.52999877929688,218.6999969482422,216.0,217.1999969482422,176700
2012-09-26,NESTLEIND,184.8209228515625,217.2100067138672,219.4499969482422,216.75,216.75,236600
2012-09-27,NESTLEIND,183.9785614013672,216.22000122070312,218.9425048828125,215.0,218.9425048828125,782900
2012-09-28,NESTLEIND,187.27783203125,220.09750366210938,221.64999389648438,215.39999389648438,215.6999969482422,835280
2012-10-01,NESTLEIND,188.7073516845703,221.77749633789062,222.5,220.375,221.94000244140625,408700
2012-10-03,NESTLEIND,193.91265869140625,227.89500427246094,228.5,218.64500427246094,221.77749633789062,704920
2012-10-04,NESTLEIND,195.1102294921875,229.30250549316406,230.0,224.5,227.10000610351562,816520
2012-10-05,NESTLEIND,195.68251037597656,229.97500610351562,230.5,229.0050048828125,229.3000030517578,1116520
2012-10-08,NESTLEIND,195.79518127441406,230.1074981689453,230.75,225.25,230.0,1234740
2012-10-09,NESTLEIND,197.00132751464844,231.52499389648438,233.5,230.25,231.69749450683594,585240
2012-10-10,NESTLEIND,197.4225616455078,232.02000427246094,233.6999969482422,230.0,231.3000030517578,220140
2012-10-11,NESTLEIND,197.6671600341797,232.3074951171875,271.45001220703125,230.8074951171875,232.75,506120
2012-10-12,NESTLEIND,199.11793518066406,234.0124969482422,234.75,226.31500244140625,228.0,469880
2012-10-15,NESTLEIND,199.77096557617188,234.77999877929688,236.0,232.49749755859375,233.75,484960
2012-10-16,NESTLEIND,202.7490997314453,238.27999877929688,239.9499969482422,234.99249267578125,234.9949951171875,438800
2012-10-17,NESTLEIND,202.52145385742188,238.0124969482422,240.0,237.0,238.27999877929688,98400
2012-10-18,NESTLEIND,201.71311950683594,237.0625,239.22500610351562,236.44749450683594,238.0,161960
2012-10-19,NESTLEIND,202.88526916503906,238.44000244140625,239.29750061035156,235.0,235.0,859500
2012-10-22,NESTLEIND,202.77890014648438,238.31500244140625,239.6999969482422,233.1649932861328,238.44000244140625,102620
2012-10-23,NESTLEIND,198.66481018066406,233.47999572753906,238.50250244140625,233.0,237.89999389648438,644940
2012-10-25,NESTLEIND,199.44554138183594,234.3975067138672,236.6999969482422,232.61749267578125,236.6999969482422,203180
2012-10-29,NESTLEIND,198.78819274902344,233.625,235.0,232.49749755859375,233.7449951171875,124920
2012-10-30,NESTLEIND,199.5008544921875,234.46249389648438,235.0,232.5,235.0,639060
2012-10-31,NESTLEIND,199.96240234375,235.0050048828125,237.4949951171875,232.75750732421875,237.4949951171875,143240
2012-11-01,NESTLEIND,201.06857299804688,236.30499267578125,236.74000549316406,232.00999450683594,234.94500732421875,194360
2012-11-02,NESTLEIND,203.38084411621094,239.0225067138672,239.4425048828125,234.5050048828125,239.4425048828125,943100
2012-11-05,NESTLEIND,205.95904541015625,242.05250549316406,242.46249389648438,239.125,241.24749755859375,395900
2012-11-06,NESTLEIND,206.7567138671875,242.99000549316406,244.39999389648438,239.9375,239.9375,369400
2012-11-07,NESTLEIND,206.64830017089844,242.8625030517578,244.3000030517578,241.99749755859375,243.4949951171875,649200
2012-11-08,NESTLEIND,208.16075134277344,244.63999938964844,245.77499389648438,241.0,241.0,245200
2012-11-09,NESTLEIND,206.91635131835938,243.17750549316406,246.0,242.5,244.99749755859375,159000
2012-11-12,NESTLEIND,204.32537841796875,240.13250732421875,245.0,239.99749755859375,243.5,101380
2012-11-15,NESTLEIND,200.81117248535156,236.00250244140625,239.25,235.64999389648438,239.25,540500
2012-11-16,NESTLEIND,201.00685119628906,236.2324981689453,238.19749450683594,235.54249572753906,235.6999969482422,213280
2012-11-19,NESTLEIND,195.66973876953125,229.9600067138672,242.38499450683594,228.75,232.5,1042680
2012-11-20,NESTLEIND,196.10365295410156,230.47000122070312,232.5,229.89999389648438,232.5,806640
2012-11-21,NESTLEIND,196.86941528320312,231.3699951171875,232.1999969482422,229.99749755859375,231.0,546660
2012-11-22,NESTLEIND,196.55886840820312,231.0050048828125,232.2725067138672,229.16749572753906,231.3524932861328,493060
2012-11-23,NESTLEIND,196.5355224609375,230.9774932861328,231.4949951171875,229.0,229.3000030517578,450440
2012-11-26,NESTLEIND,195.69313049316406,229.9875030517578,235.5,229.14999389648438,231.5,349380
2012-11-27,NESTLEIND,196.5716552734375,231.02000427246094,234.4499969482422,230.0,234.4499969482422,245020
2012-11-29,NESTLEIND,201.98545837402344,237.38250732421875,277.2225036621094,231.50750732421875,233.82000732421875,761180
2012-11-30,NESTLEIND,202.8256378173828,238.3699951171875,245.0,231.5,238.7449951171875,928500
2012-12-03,NESTLEIND,199.44125366210938,234.3925018310547,242.4949951171875,232.78250122070312,242.4949951171875,345400
2012-12-04,NESTLEIND,203.40850830078125,239.05499267578125,239.5,235.3524932861328,236.89999389648438,281680
2012-12-05,NESTLEIND,204.86996459960938,240.7725067138672,242.0,239.6999969482422,239.6999969482422,150700
2012-12-06,NESTLEIND,204.7827606201172,240.6699981689453,243.1999969482422,239.11000061035156,241.89999389648438,124720
2012-12-07,NESTLEIND,205.38259887695312,241.375,242.0,240.0,242.0,634300
2012-12-10,NESTLEIND,204.49342346191406,240.3300018310547,243.7899932861328,238.8000030517578,243.7899932861328,261700
2012-12-11,NESTLEIND,205.38681030273438,241.3800048828125,243.0,232.5,240.0050048828125,287920
2012-12-12,NESTLEIND,205.75408935546875,240.91000366210938,244.9499969482422,237.75,244.9499969482422,105260
2012-12-13,NESTLEIND,206.7640380859375,242.09249877929688,242.5500030517578,239.5,241.9949951171875,170800
2012-12-14,NESTLEIND,204.82955932617188,239.82749938964844,244.60000610351562,235.86500549316406,235.86500549316406,148180
2012-12-17,NESTLEIND,204.51145935058594,239.4550018310547,241.5,238.61500549316406,241.5,296600
2012-12-18,NESTLEIND,204.8124542236328,239.8074951171875,242.5,238.50999450683594,238.5225067138672,1265640
2012-12-19,NESTLEIND,209.78744506835938,245.63250732421875,247.25,238.60000610351562,238.82000732421875,879480
2012-12-20,NESTLEIND,208.65576171875,244.3074951171875,247.25,243.60000610351562,246.4499969482422,253900
2012-12-21,NESTLEIND,209.26856994628906,245.02499389648438,248.25,243.85499572753906,244.35000610351562,752960
2012-12-24,NESTLEIND,206.1939239501953,241.4250030517578,245.25250244140625,240.30999755859375,245.25250244140625,85320
2012-12-26,NESTLEIND,206.7618865966797,242.08999633789062,243.5,239.9824981689453,240.92999267578125,852220
2012-12-27,NESTLEIND,211.38027954101562,247.49749755859375,251.2100067138672,241.5,241.5,774300
2012-12-28,NESTLEIND,212.025146484375,248.25250244140625,249.54750061035156,246.60499572753906,249.4499969482422,265240
2012-12-31,NESTLEIND,213.18882751464844,249.61500549316406,250.79750061035156,246.8000030517578,249.88250732421875,235280
2013-01-01,NESTLEIND,211.4507293701172,247.5800018310547,250.0500030517578,246.25,250.0500030517578,84400
2013-01-02,NESTLEIND,212.4201202392578,248.71499633789062,252.5,246.60000610351562,249.44749450683594,913320
2013-01-03,NESTLEIND,209.21307373046875,244.9600067138672,248.99000549316406,243.3000030517578,248.75250244140625,433480
2013-01-04,NESTLEIND,208.2159423828125,243.79249572753906,246.75,243.1300048828125,245.26499938964844,259920
2013-01-07,NESTLEIND,208.14334106445312,243.70750427246094,247.49249267578125,242.61749267578125,247.49249267578125,614780
2013-01-08,NESTLEIND,209.03155517578125,244.74749755859375,245.94749450683594,243.38250732421875,243.75,2350940
2013-01-09,NESTLEIND,211.28419494628906,247.38499450683594,248.2449951171875,244.0,244.0675048828125,638180
2013-01-10,NESTLEIND,207.4515838623047,242.8975067138672,248.79750061035156,242.0,247.39999389648438,442160
2013-01-11,NESTLEIND,206.6679229736328,241.97999572753906,244.79750061035156,240.99749755859375,244.72999572753906,236300
2013-01-14,NESTLEIND,209.03155517578125,244.74749755859375,249.0,243.81500244140625,248.99749755859375,341600
2013-01-15,NESTLEIND,207.42376708984375,242.86500549316406,244.9600067138672,241.07249450683594,244.00750732421875,282820
2013-01-16,NESTLEIND,206.6508331298828,241.9600067138672,243.6374969482422,241.3000030517578,242.84750366210938,90260
2013-01-17,NESTLEIND,204.87222290039062,239.87750244140625,243.94500732421875,239.5500030517578,243.94500732421875,156140
2013-01-18,NESTLEIND,204.84878540039062,239.85000610351562,242.9949951171875,239.3300018310547,241.5850067138672,266700
2013-01-21,NESTLEIND,204.75692749023438,239.74249267578125,242.60000610351562,239.10000610351562,242.60000610351562,261320
2013-01-22,NESTLEIND,200.73855590820312,235.03750610351562,241.38250732421875,234.0500030517578,238.8000030517578,253880
2013-01-23,NESTLEIND,192.29824829101562,225.15499877929688,238.99000549316406,223.75,238.99000549316406,980860
2013-01-24,NESTLEIND,194.27108764648438,227.46499633789062,228.6999969482422,225.50750732421875,227.50999450683594,290120
2013-01-25,NESTLEIND,198.57562255859375,232.5050048828125,233.5,226.1999969482422,227.50250244140625,307500
2013-01-28,NESTLEIND,196.3016357421875,229.84249877929688,234.89999389648438,228.50250244140625,234.89999389648438,535840
2013-01-29,NESTLEIND,196.5408172607422,230.12249755859375,234.5,228.11749267578125,234.5,485340
2013-01-30,NESTLEIND,198.53720092773438,232.4600067138672,234.89999389648438,230.10000610351562,231.75999450683594,306800
2013-01-31,NESTLEIND,202.65167236328125,237.27749633789062,239.85499572753906,231.07249450683594,232.5500030517578,707900
2013-02-01,NESTLEIND,200.39266967773438,234.63250732421875,239.4949951171875,231.7100067138672,233.50750732421875,462960
2013-02-04,NESTLEIND,202.3997344970703,236.9824981689453,238.0,232.75,237.35000610351562,174560
2013-02-05,NESTLEIND,202.64950561523438,237.27499389648438,239.49000549316406,235.0800018310547,239.49000549316406,462240
2013-02-06,NESTLEIND,201.37266540527344,235.77999877929688,239.14999389648438,235.3249969482422,238.09750366210938,73440
2013-02-07,NESTLEIND,200.92218017578125,235.25250244140625,238.5,235.0500030517578,237.16000366210938,62800
2013-02-08,NESTLEIND,198.28952026367188,232.1699981689453,237.9600067138672,231.60000610351562,235.8524932861328,189340
2013-02-11,NESTLEIND,196.63047790527344,230.2274932861328,235.5,228.5175018310547,232.87249755859375,507540
2013-02-12,NESTLEIND,197.40342712402344,231.13250732421875,232.83250427246094,229.0,232.8000030517578,474880
2013-02-13,NESTLEIND,196.9785614013672,230.63499450683594,232.38499450683594,229.9949951171875,230.4250030517578,270560
2013-02-14,NESTLEIND,196.33798217773438,229.88499450683594,231.69500732421875,228.5,231.0124969482422,677300
2013-02-15,NESTLEIND,196.32723999023438,229.87249755859375,230.35000610351562,228.2550048828125,229.1024932861328,144260
2013-02-18,NESTLEIND,195.02268981933594,228.34500122070312,231.0399932861328,227.85000610351562,230.25,298960
2013-02-19,NESTLEIND,196.38917541503906,229.94500732421875,230.2449951171875,228.5574951171875,229.47999572753906,97660
2013-02-20,NESTLEIND,196.61553955078125,230.2100067138672,232.58999633789062,229.0500030517578,232.58999633789062,7018720
2013-02-21,NESTLEIND,196.15859985351562,229.6750030517578,232.25,228.63250732421875,230.0,1962260
2013-02-22,NESTLEIND,197.67884826660156,231.4550018310547,237.38499450683594,230.39999389648438,232.2324981689453,1555100
2013-02-25,NESTLEIND,199.30384826660156,232.7274932861328,234.4949951171875,230.0,230.32000732421875,999280
2013-02-26,NESTLEIND,197.71096801757812,230.86749267578125,233.2725067138672,230.05499267578125,230.77000427246094,459760
2013-02-27,NESTLEIND,199.967529296875,233.50250244140625,234.9499969482422,231.25750732421875,231.6300048828125,1702700
2013-02-28,NESTLEIND,203.8961944580078,238.08999633789062,239.49249267578125,234.99000549316406,234.99249267578125,3174340
2013-03-01,NESTLEIND,201.1151123046875,234.84249877929688,238.99000549316406,234.00250244140625,238.0,153880
2013-03-04,NESTLEIND,202.91136169433594,236.94000244140625,238.2449951171875,235.6999969482422,235.8074951171875,445460
2013-03-05,NESTLEIND,202.32041931152344,236.25,237.5,234.25,236.1300048828125,537240
2013-03-06,NESTLEIND,202.78074645996094,236.78750610351562,237.5,236.0,237.4949951171875,894500
2013-03-07,NESTLEIND,201.65676879882812,235.47500610351562,236.4949951171875,235.0,235.6699981689453,112340
2013-03-08,NESTLEIND,204.18951416015625,238.4324951171875,238.75,235.63250732421875,236.44749450683594,404720
2013-03-11,NESTLEIND,202.17698669433594,236.08250427246094,239.89500427246094,235.5,237.57249450683594,217480
2013-03-12,NESTLEIND,201.1621856689453,234.8975067138672,238.4499969482422,233.75,235.25,81760
2013-03-13,NESTLEIND,200.76611328125,234.43499755859375,236.25,233.49749755859375,234.35000610351562,154280
2013-03-14,NESTLEIND,201.5196990966797,235.31500244140625,236.5,233.75250244140625,234.2550048828125,109260
2013-03-15,NESTLEIND,202.32901000976562,236.25999450683594,240.89999389648438,231.4824981689453,235.0,665160
2013-03-18,NESTLEIND,200.26512145996094,233.85000610351562,237.99000549316406,232.77749633789062,236.75,725560
2013-03-19,NESTLEIND,200.3721923828125,233.97500610351562,235.25,232.0,234.94749450683594,263420
2013-03-20,NESTLEIND,201.24569702148438,234.9949951171875,235.5,232.0,235.0,258560
2013-03-21,NESTLEIND,203.66925048828125,237.8249969482422,238.73500061035156,231.25,231.25,292380
2013-03-22,NESTLEIND,201.5390167236328,235.33749389648438,237.7375030517578,233.0,236.25,271880
2013-03-25,NESTLEIND,197.4069366455078,230.5124969482422,243.38499450683594,228.3000030517578,234.0625,2808600
2013-03-26,NESTLEIND,195.59571838378906,228.3975067138672,231.80499267578125,227.75,229.50250244140625,781320
2013-03-28,NESTLEIND,196.4628143310547,229.41000366210938,230.9875030517578,226.64999389648438,229.99749755859375,555260
2013-04-01,NESTLEIND,197.94650268554688,231.1425018310547,233.9949951171875,230.0,233.75,195500
2013-04-02,NESTLEIND,197.9121856689453,231.1024932861328,232.0,229.0500030517578,229.0500030517578,96740
2013-04-03,NESTLEIND,198.9334259033203,232.2949981689453,233.0,230.5,230.5,139940
2013-04-04,NESTLEIND,194.93844604492188,227.6300048828125,232.4875030517578,226.75,230.25999450683594,133420
2013-04-05,NESTLEIND,190.72927856445312,222.71499633789062,231.25,221.64999389648438,231.25,389020
2013-04-08,NESTLEIND,190.667236328125,222.6425018310547,226.24749755859375,222.40499877929688,225.00250244140625,152160
2013-04-09,NESTLEIND,190.97763061523438,223.0050048828125,225.75,222.0,225.75,111420
2013-04-10,NESTLEIND,193.2770538330078,225.69000244140625,226.5,223.0,225.7449951171875,2436240
2013-04-11,NESTLEIND,193.19139099121094,225.58999633789062,230.0,225.0,230.0,836520
2013-04-12,NESTLEIND,193.572509765625,226.03500366210938,227.0,223.63250732421875,224.5,194260
2013-04-15,NESTLEIND,196.33860778808594,229.26499938964844,229.89999389648438,226.25,226.25,149720
2013-04-16,NESTLEIND,197.7987823486328,230.97000122070312,231.0,227.58250427246094,229.2449951171875,576940
2013-04-17,NESTLEIND,199.62925720214844,233.1074981689453,233.99249267578125,230.10000610351562,232.5,1185020
2013-04-18,NESTLEIND,199.9996337890625,233.5399932861328,234.4499969482422,230.4499969482422,234.4499969482422,433100
2013-04-22,NESTLEIND,201.16429138183594,234.89999389648438,235.5,230.5,230.5,1013880
2013-04-23,NESTLEIND,199.34664916992188,232.77749633789062,235.1999969482422,231.6024932861328,233.7550048828125,1751200
2013-04-25,NESTLEIND,201.853759765625,235.7050018310547,236.25,230.57749938964844,235.35000610351562,361740
2013-04-26,NESTLEIND,202.5409698486328,236.50750732421875,237.4949951171875,230.75,230.75,381780
2013-04-29,NESTLEIND,202.74647521972656,236.74749755859375,238.75,235.9199981689453,237.5,334880
2013-04-30,NESTLEIND,213.2971649169922,249.0675048828125,253.0,235.60000610351562,235.60000610351562,4515240
2013-05-02,NESTLEIND,211.0042266845703,246.38999938964844,248.47999572753906,242.7550048828125,248.47999572753906,948480
2013-05-03,NESTLEIND,210.02789306640625,245.25,246.83749389648438,243.5,243.5,120460
2013-05-06,NESTLEIND,209.6253662109375,244.77999877929688,246.9375,244.5,244.99749755859375,58780
2013-05-07,NESTLEIND,209.17578125,244.2550048828125,245.98500061035156,243.75,244.9499969482422,108180
2013-05-08,NESTLEIND,211.08555603027344,246.48500061035156,247.3925018310547,244.2449951171875,244.25,232560
2013-05-09,NESTLEIND,210.47962951660156,245.77749633789062,246.75,245.0,246.64999389648438,273720
2013-05-10,NESTLEIND,209.7709503173828,244.9499969482422,246.5449981689453,244.13250732421875,245.0,513420
2013-05-13,NESTLEIND,207.5957489013672,242.41000366210938,247.4499969482422,238.11749267578125,245.0,570360
2013-05-14,NESTLEIND,209.0023651123047,244.05250549316406,244.99000549316406,241.99749755859375,241.99749755859375,1139880
2013-05-15,NESTLEIND,211.4837646484375,246.9499969482422,248.0,242.5500030517578,242.5500030517578,258540
2013-05-16,NESTLEIND,210.97634887695312,246.3574981689453,248.6999969482422,242.66250610351562,242.66250610351562,849540
2013-05-17,NESTLEIND,213.02743530273438,248.75250244140625,249.4949951171875,245.6475067138672,247.49749755859375,745080
2013-05-20,NESTLEIND,218.595947265625,255.2550048828125,256.5,248.4875030517578,248.75250244140625,3091100
2013-05-21,NESTLEIND,224.61204528808594,262.2799987792969,263.5,255.4250030517578,255.5050048828125,973280
2013-05-22,NESTLEIND,224.36370849609375,261.989990234375,266.25,259.25,263.0,574780
2013-05-23,NESTLEIND,225.71258544921875,263.56500244140625,267.5,260.0,264.5,1167800
2013-05-24,NESTLEIND,224.35733032226562,261.9825134277344,265.3999938964844,259.5,265.3999938964844,298240
2013-05-27,NESTLEIND,223.79428100585938,261.32501220703125,265.44500732421875,259.75,261.9825134277344,228200
2013-05-28,NESTLEIND,224.86688232421875,262.5775146484375,263.5874938964844,260.010009765625,260.010009765625,70740
2013-05-29,NESTLEIND,224.78973388671875,262.48748779296875,265.0,260.3074951171875,262.54998779296875,859940
2013-05-30,NESTLEIND,224.05113220214844,261.625,262.4949951171875,259.947509765625,262.25250244140625,100580
2013-05-31,NESTLEIND,227.03775024414062,265.11248779296875,266.20001220703125,261.5050048828125,262.50250244140625,521800
2013-06-03,NESTLEIND,226.48118591308594,264.4624938964844,265.0,261.25,261.25,220520
2013-06-04,NESTLEIND,226.56033325195312,264.55499267578125,267.3500061035156,261.6499938964844,261.6499938964844,159140
2013-06-05,NESTLEIND,226.25418090820312,264.197509765625,267.4849853515625,262.5,265.0,198200
2013-06-06,NESTLEIND,226.74880981445312,264.7749938964844,266.3949890136719,262.50250244140625,265.0,331440
2013-06-07,NESTLEIND,224.93109130859375,262.6524963378906,266.04998779296875,261.62750244140625,264.0,138220
2013-06-10,NESTLEIND,221.24862670898438,258.3525085449219,264.95001220703125,257.5,264.95001220703125,261700
2013-06-11,NESTLEIND,218.1720733642578,254.75999450683594,259.0,254.25,258.04998779296875,266640
2013-06-12,NESTLEIND,220.71774291992188,257.7325134277344,261.79998779296875,254.5,257.25,719080
2013-06-13,NESTLEIND,219.00491333007812,255.7324981689453,259.5,255.0,255.3000030517578,309940
2013-06-14,NESTLEIND,220.29592895507812,257.239990234375,259.2774963378906,255.2624969482422,255.73500061035156,277280
2013-06-17,NESTLEIND,217.1573028564453,253.5749969482422,257.5,252.64999389648438,256.50250244140625,398140
2013-06-18,NESTLEIND,216.69912719726562,253.0399932861328,255.0,252.5,254.00250244140625,49400
2013-06-19,NESTLEIND,217.82736206054688,254.3574981689453,255.74749755859375,253.0,253.9949951171875,72380
2013-06-20,NESTLEIND,216.2431182861328,252.50750732421875,255.0,252.00250244140625,253.53250122070312,186640
2013-06-21,NESTLEIND,215.32244873046875,251.4324951171875,254.99749755859375,250.11749267578125,252.8000030517578,156220
2013-06-24,NESTLEIND,214.72088623046875,250.72999572753906,251.39999389648438,250.22250366210938,251.3000030517578,182780
2013-06-25,NESTLEIND,210.25267028808594,245.5124969482422,251.1999969482422,244.00999450683594,251.1999969482422,669360
2013-06-26,NESTLEIND,208.67910766601562,243.6750030517578,247.05250549316406,242.3000030517578,244.5500030517578,254320
2013-06-27,NESTLEIND,209.83518981933594,245.02499389648438,250.85000610351562,242.8000030517578,242.8000030517578,240800
2013-06-28,NESTLEIND,207.84410095214844,242.6999969482422,246.75,241.0,245.04249572753906,285700
2013-07-01,NESTLEIND,218.4739532470703,255.1125030517578,256.0,241.35000610351562,243.46749877929688,328680
2013-07-02,NESTLEIND,221.4134979248047,258.5450134277344,259.75,254.60000610351562,256.3450012207031,242100
2013-07-03,NESTLEIND,216.72265625,253.0675048828125,259.447509765625,252.29249572753906,258.5,258920
2013-07-04,NESTLEIND,219.5230255126953,256.3374938964844,258.25,254.3000030517578,254.75,288960
2013-07-05,NESTLEIND,220.56996154785156,257.55999755859375,259.0,256.32501220703125,257.25,385600
2013-07-08,NESTLEIND,219.8163604736328,256.67999267578125,259.0274963378906,255.75,258.989990234375,386000
2013-07-09,NESTLEIND,220.649169921875,257.6524963378906,258.50250244140625,257.32000732421875,257.3999938964844,263440
2013-07-10,NESTLEIND,220.68771362304688,257.697509765625,259.0,257.49749755859375,257.552490234375,358060
2013-07-11,NESTLEIND,223.1969451904297,260.62750244140625,261.0,258.04998779296875,258.739990234375,392420
2013-07-12,NESTLEIND,231.1997528076172,269.9725036621094,271.42498779296875,259.8999938964844,260.6499938964844,629680
2013-07-15,NESTLEIND,238.27359008789062,278.2325134277344,278.6499938964844,269.49749755859375,269.5,483440
2013-07-16,NESTLEIND,243.52316284179688,284.36248779296875,285.0,251.0,278.25,585680
2013-07-17,NESTLEIND,245.90174865722656,287.1400146484375,289.3500061035156,283.7699890136719,284.25,626400
2013-07-18,NESTLEIND,245.47792053222656,286.6449890136719,290.0,280.8175048828125,286.25,376540
2013-07-19,NESTLEIND,244.18258666992188,285.13250732421875,288.0,283.8500061035156,283.8500061035156,429420
2013-07-22,NESTLEIND,241.058837890625,281.4849853515625,285.75,280.25750732421875,285.42498779296875,359500
2013-07-23,NESTLEIND,242.54690551757812,283.2225036621094,284.8399963378906,281.54998779296875,281.7724914550781,163060
2013-07-24,NESTLEIND,240.68431091308594,281.0474853515625,282.5,278.0,282.3999938964844,104500
2013-07-25,NESTLEIND,238.86444091796875,278.9224853515625,283.4024963378906,276.6000061035156,279.50250244140625,182880
2013-07-26,NESTLEIND,233.35142517089844,272.4849853515625,279.20001220703125,270.6099853515625,276.6499938964844,378080
2013-07-29,NESTLEIND,230.47410583496094,269.125,273.6000061035156,267.54998779296875,272.5,296780
2013-07-30,NESTLEIND,227.09986877441406,265.18499755859375,269.75,265.04998779296875,269.75,148300
2013-07-31,NESTLEIND,227.4350128173828,264.67498779296875,266.20001220703125,261.177490234375,266.20001220703125,208660
2013-08-01,NESTLEIND,225.6004180908203,262.5400085449219,267.25,259.99749755859375,264.0,210020
2013-08-02,NESTLEIND,233.22024536132812,271.4075012207031,274.70001220703125,260.260009765625,262.55999755859375,271900
2013-08-05,NESTLEIND,228.3780517578125,265.7724914550781,271.0,261.24749755859375,271.0,179860
2013-08-06,NESTLEIND,219.6991424560547,255.67250061035156,263.75,254.75,263.75,566120
2013-08-07,NESTLEIND,212.77967834472656,247.6199951171875,256.25,246.0,256.25,296720
2013-08-08,NESTLEIND,215.29095458984375,250.54249572753906,254.4875030517578,242.99749755859375,247.6024932861328,221000
2013-08-12,NESTLEIND,219.73353576660156,255.71249389648438,256.49749755859375,248.1699981689453,250.5,112120
2013-08-13,NESTLEIND,219.1879425048828,255.07749938964844,257.44500732421875,251.33250427246094,255.59500122070312,85320
2013-08-14,NESTLEIND,219.71852111816406,255.69500732421875,257.5,252.5500030517578,253.0,228180
2013-08-16,NESTLEIND,214.20823669433594,249.28250122070312,255.69500732421875,247.5,255.69500732421875,188860
2013-08-19,NESTLEIND,211.01165771484375,245.5625,254.88499450683594,243.7550048828125,254.88499450683594,238860
2013-08-20,NESTLEIND,207.62814331054688,241.625,245.00250244140625,238.0,245.0,581360
2013-08-21,NESTLEIND,209.07391357421875,243.3074951171875,246.49749755859375,242.5,243.5,221680
2013-08-22,NESTLEIND,209.3360137939453,243.6125030517578,247.25,240.5,247.25,103180
2013-08-23,NESTLEIND,209.8043670654297,244.15750122070312,246.69500732421875,242.55499267578125,242.55499267578125,548320
2013-08-26,NESTLEIND,209.4971160888672,243.8000030517578,249.85000610351562,242.75,243.0,134260
2013-08-27,NESTLEIND,202.05345153808594,235.1374969482422,243.50750732421875,235.0,243.0,196160
2013-08-28,NESTLEIND,198.5389404296875,231.04750061035156,238.6999969482422,228.27499389648438,238.6999969482422,809420
2013-08-29,NESTLEIND,200.89126586914062,233.78500366210938,235.84500122070312,229.25,229.25,173940
2013-08-30,NESTLEIND,210.38648986816406,244.8350067138672,247.5,234.9824981689453,234.9824981689453,955100
2013-09-02,NESTLEIND,213.4134063720703,248.3574981689453,249.0,244.49749755859375,244.85000610351562,219680
2013-09-03,NESTLEIND,211.50146484375,246.13250732421875,248.74749755859375,241.11500549316406,241.11500549316406,304320
2013-09-04,NESTLEIND,214.0149383544922,249.0574951171875,251.4425048828125,246.25,246.25250244140625,736860
2013-09-05,NESTLEIND,214.74314880371094,249.90499877929688,254.84249877929688,246.49749755859375,246.60499572753906,421520
2013-09-06,NESTLEIND,215.18353271484375,250.41749572753906,251.99000549316406,247.75,251.25,356820
2013-09-10,NESTLEIND,215.28668212890625,250.53750610351562,252.7550048828125,249.5,250.5,414740
2013-09-11,NESTLEIND,217.14918518066406,252.7050018310547,255.0,249.9499969482422,250.0,1259800
2013-09-12,NESTLEIND,214.23402404785156,249.3125,252.5,248.0,250.0500030517578,336040
2013-09-13,NESTLEIND,213.03533935546875,247.91749572753906,250.10000610351562,246.8000030517578,249.3125,512840
2013-09-16,NESTLEIND,208.5003204345703,242.63999938964844,251.3249969482422,238.5,248.75,197940
2013-09-17,NESTLEIND,214.01058959960938,249.05250549316406,250.94500732421875,242.5,243.60000610351562,343260
2013-09-18,NESTLEIND,215.63897705078125,250.94749450683594,251.75,246.75999450683594,250.04750061035156,376540
2013-09-19,NESTLEIND,216.08364868164062,251.46499633789062,253.0050048828125,249.49249267578125,251.0175018310547,1212040
2013-09-20,NESTLEIND,215.88601684570312,251.23500061035156,252.0,246.6699981689453,249.5,151060
2013-09-23,NESTLEIND,212.37579345703125,247.14999389648438,251.93499755859375,245.0,248.75,380980
2013-09-24,NESTLEIND,212.10940551757812,246.83999633789062,249.8925018310547,244.1699981689453,246.25250244140625,282780
2013-09-25,NESTLEIND,212.3113250732422,247.0749969482422,250.0,245.15249633789062,250.0,418000
2013-09-26,NESTLEIND,216.3027801513672,251.72000122070312,254.0,247.5500030517578,249.25,2420800
2013-09-27,NESTLEIND,219.03965759277344,254.90499877929688,256.20001220703125,249.60000610351562,253.5,495980
2013-09-30,NESTLEIND,224.2577362060547,260.9775085449219,263.95001220703125,254.05499267578125,254.05499267578125,673700
2013-10-01,NESTLEIND,223.00961303710938,259.5249938964844,261.0,255.55250549316406,257.3999938964844,426100
2013-10-03,NESTLEIND,221.57241821289062,257.8525085449219,262.5,255.0500030517578,260.010009765625,536740
2013-10-04,NESTLEIND,218.35223388671875,254.10499572753906,260.95001220703125,252.75,260.95001220703125,366100
2013-10-07,NESTLEIND,217.84954833984375,253.52000427246094,255.5,251.6699981689453,255.5,496180
2013-10-08,NESTLEIND,215.41131591796875,250.6824951171875,253.49749755859375,250.10499572753906,253.49749755859375,119920
2013-10-09,NESTLEIND,217.2909698486328,252.8699951171875,254.79750061035156,250.1024932861328,251.4499969482422,491560
2013-10-10,NESTLEIND,219.77223205566406,255.75750732421875,256.45001220703125,251.85000610351562,254.64999389648438,455940
2013-10-11,NESTLEIND,217.17715454101562,252.7375030517578,255.9499969482422,251.0500030517578,255.8000030517578,182940
2013-10-14,NESTLEIND,218.83338928222656,254.6649932861328,255.5,252.60000610351562,254.96499633789062,252460
2013-10-15,NESTLEIND,227.20945739746094,264.4125061035156,268.447509765625,255.0,255.5500030517578,1499260
2013-10-17,NESTLEIND,234.94956970214844,273.4200134277344,275.93499755859375,265.2774963378906,265.2774963378906,1797480
2013-10-18,NESTLEIND,237.57691955566406,276.4775085449219,278.49749755859375,274.6000061035156,274.6000061035156,1084060
2013-10-21,NESTLEIND,236.75833129882812,275.5249938964844,278.94000244140625,273.1099853515625,276.75,493320
2013-10-22,NESTLEIND,240.80355834960938,280.2325134277344,282.0,275.61749267578125,276.989990234375,562400
2013-10-23,NESTLEIND,241.42864990234375,280.9599914550781,282.5849914550781,278.6099853515625,280.5325012207031,378400
2013-10-24,NESTLEIND,238.98828125,278.1199951171875,281.25,275.125,280.0,149080
2013-10-25,NESTLEIND,237.7337646484375,276.6600036621094,277.6075134277344,275.0,275.0,218280
2013-10-28,NESTLEIND,239.57264709472656,278.79998779296875,280.0,269.76251220703125,275.0,321700
2013-10-29,NESTLEIND,240.27085876464844,279.61248779296875,280.4125061035156,275.5,276.5,424140
2013-10-30,NESTLEIND,240.4899444580078,279.86749267578125,280.24749755859375,275.6050109863281,279.99749755859375,466080
2013-10-31,NESTLEIND,240.47267150878906,279.8475036621094,280.01251220703125,276.0,276.0,953440
2013-11-01,NESTLEIND,246.3800811767578,285.79998779296875,287.3949890136719,279.54998779296875,279.70001220703125,1175020
2013-11-05,NESTLEIND,247.1062774658203,286.6424865722656,289.94500732421875,284.95001220703125,286.75,598680
2013-11-06,NESTLEIND,241.69908142089844,280.3699951171875,286.25,279.0,284.75,562400
2013-11-07,NESTLEIND,247.23138427734375,286.7875061035156,287.54998779296875,280.010009765625,280.010009765625,859800
2013-11-08,NESTLEIND,248.412353515625,288.1575012207031,292.20001220703125,283.0,285.0,2356240
2013-11-11,NESTLEIND,242.03311157226562,280.75750732421875,288.697509765625,279.5,285.0,583480
2013-11-12,NESTLEIND,244.02444458007812,283.0675048828125,286.25,281.5,281.5,407800
2013-11-13,NESTLEIND,241.35194396972656,279.9674987792969,285.49749755859375,279.0150146484375,281.0,630880
2013-11-14,NESTLEIND,243.2334442138672,282.1499938964844,283.75,280.30499267578125,281.5,466920
2013-11-18,NESTLEIND,244.58905029296875,283.7225036621094,285.0224914550781,281.1000061035156,282.75,947420
2013-11-19,NESTLEIND,241.548095703125,280.19500732421875,285.25,279.0975036621094,285.25,819980
2013-11-20,NESTLEIND,239.14723205566406,277.4100036621094,281.1875,275.8525085449219,280.25,593840
2013-11-21,NESTLEIND,236.6731414794922,274.5400085449219,279.25,273.5,278.75,1519180
2013-11-22,NESTLEIND,235.27870178222656,272.9224853515625,279.1474914550781,271.1199951171875,279.0,1215020
2013-11-25,NESTLEIND,234.30679321289062,271.7950134277344,276.75,269.5,274.0,2260320
2013-11-26,NESTLEIND,228.3907928466797,264.9324951171875,274.70001220703125,255.5500030517578,272.3999938964844,14922460
2013-11-27,NESTLEIND,234.3563232421875,271.8525085449219,277.6499938964844,257.79998779296875,260.75,5292360
2013-11-28,NESTLEIND,225.19032287597656,261.2200012207031,269.20001220703125,260.0,268.75,1640440
2013-11-29,NESTLEIND,221.77012634277344,257.25250244140625,263.29998779296875,255.5500030517578,262.25,1393660
2013-12-02,NESTLEIND,223.6170654296875,259.3949890136719,262.20001220703125,258.0,259.0,533520
2013-12-03,NESTLEIND,219.78732299804688,254.95249938964844,261.2449951171875,254.0,260.5,519420
2013-12-04,NESTLEIND,216.9316864013672,251.63999938964844,257.239990234375,250.6750030517578,254.75,496520
2013-12-05,NESTLEIND,219.6256866455078,254.76499938964844,257.20001220703125,251.0,251.0,454160
2013-12-06,NESTLEIND,218.4295654296875,253.37750244140625,256.29998779296875,252.10000610351562,254.10000610351562,540840
2013-12-09,NESTLEIND,217.26358032226562,252.02499389648438,257.3575134277344,251.0500030517578,255.25250244140625,938220
2013-12-10,NESTLEIND,216.42739868164062,251.05499267578125,254.4949951171875,250.5,251.25,747280
2013-12-11,NESTLEIND,215.69247436523438,250.20249938964844,251.8925018310547,249.5,251.10000610351562,404880
2013-12-12,NESTLEIND,215.85195922851562,250.3874969482422,253.75,249.85000610351562,251.99000549316406,462800
2013-12-13,NESTLEIND,212.1019287109375,246.03750610351562,252.10000610351562,244.75,248.89999389648438,573500
2013-12-16,NESTLEIND,217.62567138671875,252.44500732421875,255.69500732421875,246.25250244140625,247.5,638300
2013-12-17,NESTLEIND,223.0287322998047,258.7124938964844,259.8999938964844,250.75,250.75,902220
2013-12-18,NESTLEIND,225.72048950195312,261.8349914550781,262.5,257.54998779296875,257.54998779296875,1480160
2013-12-19,NESTLEIND,229.8131866455078,266.5824890136719,268.75,258.8500061035156,262.5,1147520
2013-12-20,NESTLEIND,235.5265350341797,273.2099914550781,276.5,264.1000061035156,264.1000061035156,1083480
2013-12-23,NESTLEIND,237.27224731445312,275.2349853515625,277.25,270.0,274.8999938964844,1092200
2013-12-24,NESTLEIND,232.7270050048828,269.9624938964844,277.25,268.5474853515625,276.0,542760
2013-12-26,NESTLEIND,231.18386840820312,268.1724853515625,272.18499755859375,267.5,270.54998779296875,241040
2013-12-27,NESTLEIND,230.14077758789062,266.9624938964844,272.51251220703125,266.3999938964844,268.6499938964844,187640
2013-12-30,NESTLEIND,230.5847625732422,267.4775085449219,269.75,266.54998779296875,267.0,306580
2013-12-31,NESTLEIND,227.98561096191406,264.4624938964844,269.1000061035156,263.0,267.54998779296875,231700
2014-01-01,NESTLEIND,228.95758056640625,265.5899963378906,267.1499938964844,264.5,264.5,127160
2014-01-02,NESTLEIND,227.5933837890625,264.00750732421875,267.70001220703125,259.697509765625,266.2875061035156,519680
2014-01-03,NESTLEIND,229.89723205566406,266.67999267578125,280.0,265.54998779296875,268.25,1823300
2014-01-06,NESTLEIND,232.22703552246094,269.38250732421875,272.20001220703125,267.0,268.79998779296875,505760
2014-01-07,NESTLEIND,231.97915649414062,269.0950012207031,272.0,268.25,270.697509765625,392900
2014-01-08,NESTLEIND,233.72482299804688,271.1199951171875,271.3949890136719,268.9949951171875,269.7449951171875,400960
2014-01-09,NESTLEIND,231.58908081054688,268.6424865722656,271.75,268.25,271.25,164700
2014-01-10,NESTLEIND,233.0157928466797,270.2974853515625,272.5,267.54998779296875,269.5,588220
2014-01-13,NESTLEIND,233.91876220703125,271.3450012207031,272.3974914550781,269.0,272.0,347600
2014-01-14,NESTLEIND,231.87351989746094,268.9725036621094,270.74749755859375,267.54998779296875,270.5,338080
2014-01-15,NESTLEIND,225.7398681640625,261.8575134277344,270.0,260.75,268.0,553280
2014-01-16,NESTLEIND,221.13645935058594,256.5174865722656,266.0,256.25,263.0,503500
2014-01-17,NESTLEIND,225.77870178222656,261.9024963378906,263.25,257.5,257.5,491340
2014-01-20,NESTLEIND,224.17742919921875,260.0450134277344,261.45001220703125,259.0899963378906,261.20001220703125,179660
2014-01-21,NESTLEIND,223.15797424316406,258.86248779296875,260.1000061035156,257.5,260.0450134277344,160960
2014-01-22,NESTLEIND,221.75927734375,257.239990234375,258.75750732421875,256.75,258.75,318060
2014-01-23,NESTLEIND,219.1192169189453,254.17750549316406,259.5,253.75,259.5,901220
2014-01-24,NESTLEIND,219.0178680419922,254.05999755859375,256.1499938964844,253.39999389648438,254.17750549316406,718880
2014-01-27,NESTLEIND,217.67738342285156,252.5050048828125,256.04998779296875,251.0500030517578,253.3000030517578,270700
2014-01-28,NESTLEIND,213.7657928466797,247.96749877929688,252.95750427246094,247.5,252.5,336840
2014-01-29,NESTLEIND,216.94895935058594,251.66000366210938,252.0500030517578,248.10000610351562,249.5,463480
2014-01-30,NESTLEIND,213.181640625,247.2899932861328,251.66000366210938,246.25,250.5,454840
2014-01-31,NESTLEIND,217.55026245117188,252.3574981689453,254.5500030517578,245.1199951171875,251.9499969482422,735800
2014-02-03,NESTLEIND,212.87351989746094,246.9324951171875,252.36500549316406,246.0,249.64999389648438,411240
2014-02-04,NESTLEIND,213.8131561279297,248.0225067138672,250.53750610351562,246.0,246.0,396440
2014-02-05,NESTLEIND,216.08473205566406,250.65750122070312,251.94500732421875,248.0,248.10000610351562,558920
2014-02-06,NESTLEIND,215.49850463867188,249.9774932861328,251.4875030517578,249.0050048828125,249.26499938964844,466480
2014-02-07,NESTLEIND,216.2183380126953,250.8125,252.0,250.0,250.0,636200
2014-02-10,NESTLEIND,217.0071563720703,251.7274932861328,252.0500030517578,249.30250549316406,250.0,267440
2014-02-11,NESTLEIND,218.01356506347656,252.89500427246094,256.7275085449219,250.26499938964844,250.26499938964844,427300
2014-02-12,NESTLEIND,217.9058074951172,252.77000427246094,255.75,251.14999389648438,251.14999389648438,1170920
2014-02-13,NESTLEIND,219.77867126464844,254.9425048828125,259.8999938964844,253.75250244140625,255.0,938820
2014-02-14,NESTLEIND,219.0890350341797,254.1425018310547,257.0,252.5,254.25,400960
2014-02-17,NESTLEIND,215.70326232910156,250.21499633789062,254.23500061035156,247.5,250.0,1603800
2014-02-18,NESTLEIND,216.584716796875,251.2375030517578,252.35000610351562,248.25,248.25,225260
2014-02-19,NESTLEIND,218.02223205566406,252.90499877929688,254.00250244140625,251.44000244140625,251.72000122070312,243880
2014-02-20,NESTLEIND,217.38858032226562,252.1699981689453,253.18499755859375,251.55250549316406,251.64999389648438,868300
2014-02-21,NESTLEIND,217.985595703125,252.8625030517578,254.0,250.60000610351562,250.60000610351562,611680
2014-02-24,NESTLEIND,217.37998962402344,252.16000366210938,253.24749755859375,250.49749755859375,251.10000610351562,1967360
2014-02-25,NESTLEIND,215.54592895507812,250.03250122070312,252.19500732421875,249.0050048828125,250.75,1304840
2014-02-26,NESTLEIND,215.46615600585938,249.94000244140625,251.19500732421875,248.25,248.25,2149080
2014-02-28,NESTLEIND,209.6773681640625,243.22500610351562,250.67750549316406,238.74249267578125,249.10499572753906,16981640
2014-03-03,NESTLEIND,200.72906494140625,232.84500122070312,243.7550048828125,231.60000610351562,243.0500030517578,1178100
2014-03-04,NESTLEIND,203.03941345214844,235.52499389648438,236.0,232.35000610351562,233.75,609800
2014-03-05,NESTLEIND,205.90797424316406,238.8524932861328,241.24749755859375,235.75,236.75,660060
2014-03-06,NESTLEIND,209.6299591064453,243.1699981689453,244.25,238.75,238.75,535440
2014-03-07,NESTLEIND,211.6774139404297,245.5449981689453,246.5,242.83749389648438,243.6699981689453,957120
2014-03-10,NESTLEIND,206.91871643066406,240.02499389648438,246.4499969482422,238.14999389648438,246.0,621380
2014-03-11,NESTLEIND,206.845458984375,239.94000244140625,243.75,238.125,243.75,252400
2014-03-12,NESTLEIND,206.65579223632812,239.72000122070312,240.97250366210938,239.0,240.49000549316406,335820
2014-03-13,NESTLEIND,206.293701171875,239.3000030517578,240.84750366210938,237.5,240.05999755859375,440020
2014-03-14,NESTLEIND,205.11488342285156,237.9324951171875,239.83999633789062,235.60000610351562,239.83999633789062,670320
2014-03-18,NESTLEIND,206.5178680419922,239.55999755859375,245.0,235.5800018310547,240.75,634660
2014-03-19,NESTLEIND,207.78079223632812,241.02499389648438,242.875,240.0050048828125,240.49000549316406,542220
2014-03-20,NESTLEIND,207.9898681640625,241.2675018310547,242.3000030517578,240.2624969482422,242.3000030517578,228760
2014-03-21,NESTLEIND,203.94027709960938,236.57000732421875,243.25,236.0,241.0,653760
2014-03-24,NESTLEIND,203.5049285888672,236.06500244140625,239.74000549316406,235.3000030517578,239.0,472780
2014-03-25,NESTLEIND,203.4532012939453,236.0050048828125,237.4949951171875,235.35000610351562,236.10000610351562,416980
2014-03-26,NESTLEIND,205.65367126464844,238.5574951171875,239.4499969482422,235.5,237.75,770980
2014-03-27,NESTLEIND,209.47262573242188,242.9875030517578,246.25,236.62249755859375,239.10000610351562,1353040
2014-03-28,NESTLEIND,213.9942169189453,248.2324981689453,249.75,242.25,245.0,952160
2014-03-31,NESTLEIND,216.75711059570312,251.4375,253.5,246.25,246.25,1041360
2014-04-01,NESTLEIND,208.95973205566406,242.3925018310547,253.5,241.625,253.4499969482422,1412740
2014-04-02,NESTLEIND,209.7225799560547,243.27749633789062,245.5,242.27749633789062,244.99749755859375,1078400
2014-04-03,NESTLEIND,210.5911865234375,244.28500366210938,245.49749755859375,241.99249267578125,244.75,675780
2014-04-04,NESTLEIND,208.44244384765625,241.79249572753906,244.5,241.25,243.75,580520
2014-04-07,NESTLEIND,211.95106506347656,245.8625030517578,247.6300048828125,241.25,243.75,759100
2014-04-09,NESTLEIND,212.48553466796875,246.4824981689453,249.74749755859375,245.0,245.0,614000
2014-04-10,NESTLEIND,210.40151977539062,244.06500244140625,249.21499633789062,241.9250030517578,245.6824951171875,980720
2014-04-11,NESTLEIND,208.17520141601562,241.4824981689453,244.7050018310547,241.25,244.0500030517578,399460
2014-04-15,NESTLEIND,208.35411071777344,241.69000244140625,244.47000122070312,238.5,241.44500732421875,897120
2014-04-16,NESTLEIND,205.9984893798828,238.95750427246094,242.9824981689453,238.5,242.49000549316406,266600
2014-04-17,NESTLEIND,205.31312561035156,238.16250610351562,240.25,237.50250244140625,240.25,576640
2014-04-21,NESTLEIND,203.59976196289062,236.1750030517578,240.0,235.85000610351562,240.0,469180
2014-04-22,NESTLEIND,203.56741333007812,236.1374969482422,237.75,235.64999389648438,236.4324951171875,473080
2014-04-23,NESTLEIND,203.8346710205078,236.44749450683594,238.0,235.75,237.3000030517578,364580
2014-04-24,NESTLEIND,203.8346710205078,236.44749450683594,236.44749450683594,236.44749450683594,236.44749450683594,0
2014-04-25,NESTLEIND,205.8864288330078,238.82749938964844,239.8350067138672,236.3000030517578,236.3000030517578,530200
2014-04-28,NESTLEIND,202.81309509277344,235.2624969482422,239.80250549316406,235.0,238.1999969482422,360100
2014-04-29,NESTLEIND,203.67520141601562,236.2624969482422,237.4949951171875,235.15499877929688,235.25,391700
2014-04-30,NESTLEIND,205.5524139404297,238.44000244140625,239.0,234.25,235.26499938964844,638100
2014-05-02,NESTLEIND,204.04153442382812,236.6875,239.74249267578125,236.0500030517578,237.75,163080
2014-05-05,NESTLEIND,203.01353454589844,235.4949951171875,238.75,235.17999267578125,237.25,1553960
2014-05-06,NESTLEIND,202.007080078125,234.32749938964844,237.99249267578125,233.5050048828125,235.3000030517578,7512480
2014-05-07,NESTLEIND,201.77005004882812,234.05250549316406,236.24000549316406,233.25250244140625,235.4499969482422,807880
2014-05-08,NESTLEIND,202.50064086914062,234.89999389648438,236.25,234.05250549316406,234.05250549316406,6172180
2014-05-09,NESTLEIND,206.1170196533203,239.09500122070312,239.75,234.5175018310547,235.0,1817320
2014-05-12,NESTLEIND,208.6903076171875,242.0800018310547,242.39999389648438,237.34500122070312,239.75,747000
2014-05-13,NESTLEIND,210.06527709960938,243.6750030517578,244.0,240.0175018310547,240.0175018310547,1006480
2014-05-14,NESTLEIND,205.82821655273438,238.75999450683594,239.9425048828125,236.2550048828125,239.9425048828125,5112840
2014-05-15,NESTLEIND,204.03431701660156,235.44000244140625,238.74749755859375,234.0,237.35000610351562,527680
2014-05-16,NESTLEIND,200.62640380859375,231.50750732421875,239.89999389648438,230.25250244140625,239.89999389648438,880600
2014-05-19,NESTLEIND,198.70687866210938,229.29249572753906,233.65499877929688,228.05250549316406,232.5,529240
2014-05-20,NESTLEIND,197.8446044921875,228.29750061035156,229.25,226.25,229.0,4390460
2014-05-21,NESTLEIND,203.35623168945312,234.65750122070312,235.00250244140625,227.5,228.5500030517578,522200
2014-05-22,NESTLEIND,205.1240997314453,236.69749450683594,237.89999389648438,233.14999389648438,234.80499267578125,5328060
2014-05-23,NESTLEIND,205.5703887939453,237.21249389648438,239.19500732421875,234.8000030517578,238.24749755859375,524760
2014-05-26,NESTLEIND,205.54225158691406,237.17999267578125,239.35000610351562,236.25,239.35000610351562,690780
2014-05-27,NESTLEIND,205.2887725830078,236.8874969482422,237.5,236.1374969482422,236.25,517200
2014-05-28,NESTLEIND,206.58863830566406,238.3874969482422,239.89999389648438,236.25,236.25250244140625,471960
2014-05-29,NESTLEIND,207.29490661621094,239.20249938964844,239.9499969482422,236.55250549316406,237.5050048828125,420080
2014-05-30,NESTLEIND,214.96229553222656,248.0500030517578,254.0,236.89999389648438,237.60000610351562,2420500
2014-06-02,NESTLEIND,207.9709014892578,239.9824981689453,247.5574951171875,239.40750122070312,247.5574951171875,378800
2014-06-03,NESTLEIND,208.4085693359375,240.4875030517578,243.89999389648438,239.0,239.0,233100
2014-06-04,NESTLEIND,206.6688232421875,238.47999572753906,241.9774932861328,238.0500030517578,240.0,295340
2014-06-05,NESTLEIND,210.2457733154297,242.6074981689453,244.61749267578125,238.15249633789062,238.15249633789062,1724500
2014-06-06,NESTLEIND,213.2290802001953,246.0500030517578,247.25,241.25250244140625,242.89999389648438,581840
2014-06-09,NESTLEIND,211.99632263183594,244.62750244140625,246.5,243.9499969482422,245.60000610351562,594160
2014-06-10,NESTLEIND,215.14427185058594,248.25999450683594,249.5,243.25,244.25,553760
2014-06-11,NESTLEIND,217.32594299316406,250.77749633789062,251.25,245.8175048828125,248.25,635940
2014-06-12,NESTLEIND,216.5633087158203,249.8975067138672,250.9499969482422,247.75250244140625,248.75,733280
2014-06-13,NESTLEIND,215.43675231933594,248.59750366210938,250.2550048828125,246.5,248.35000610351562,1016760
2014-06-16,NESTLEIND,216.9121551513672,250.3000030517578,251.15750122070312,245.16000366210938,246.89999389648438,341000
2014-06-17,NESTLEIND,216.8341522216797,250.2100067138672,250.625,248.19500732421875,248.75,756200
2014-06-18,NESTLEIND,214.7759552001953,247.8350067138672,251.9499969482422,245.5500030517578,249.0050048828125,353640
2014-06-19,NESTLEIND,214.0306854248047,246.97500610351562,249.19749450683594,245.75,245.75,228580
2014-06-20,NESTLEIND,213.97219848632812,246.90750122070312,249.5,243.3000030517578,245.60000610351562,463520
2014-06-23,NESTLEIND,214.31666564941406,247.30499267578125,248.0,245.3074951171875,248.0,249600
2014-06-24,NESTLEIND,213.5670623779297,246.44000244140625,247.6699981689453,245.5,247.0,204120
2014-06-25,NESTLEIND,214.52029418945312,247.5399932861328,248.24000549316406,245.60000610351562,245.60000610351562,155520
2014-06-26,NESTLEIND,216.1820068359375,249.45750427246094,249.9499969482422,245.7550048828125,245.7550048828125,225820
2014-06-27,NESTLEIND,213.90931701660156,246.8350067138672,247.99749755859375,245.0500030517578,247.5050048828125,234580
2014-06-30,NESTLEIND,213.60816955566406,246.4875030517578,247.4949951171875,245.5500030517578,246.5,475360
2014-07-01,NESTLEIND,213.7858123779297,246.6925048828125,248.23500061035156,246.0,246.5500030517578,316520
2014-07-02,NESTLEIND,216.19285583496094,249.47000122070312,250.0,246.6925048828125,246.75250244140625,295080
2014-07-03,NESTLEIND,216.5633087158203,249.8975067138672,250.5,246.6999969482422,249.0,258180
2014-07-04,NESTLEIND,215.52340698242188,248.69749450683594,252.5,248.1199951171875,250.60000610351562,456560
2014-07-07,NESTLEIND,217.64442443847656,251.14500427246094,254.4949951171875,247.63250732421875,249.9499969482422,865840
2014-07-08,NESTLEIND,215.9241485595703,249.16000366210938,252.43499755859375,247.6999969482422,251.60000610351562,386500
2014-07-09,NESTLEIND,216.9555206298828,250.35000610351562,251.0,248.5500030517578,251.0,321240
2014-07-10,NESTLEIND,214.67413330078125,247.71749877929688,252.85000610351562,241.55999755859375,252.5,424440
2014-07-11,NESTLEIND,216.30552673339844,249.60000610351562,250.99749755859375,246.64999389648438,247.75,1975260
2014-07-14,NESTLEIND,214.81924438476562,247.88499450683594,249.0050048828125,246.25,248.0,165640
2014-07-15,NESTLEIND,214.33396911621094,247.3249969482422,248.3975067138672,245.8000030517578,247.9499969482422,122040
2014-07-16,NESTLEIND,215.37608337402344,248.52749633789062,250.5,247.0,247.3175048828125,1198940
2014-07-17,NESTLEIND,216.42684936523438,249.74000549316406,250.5,247.5500030517578,247.89999389648438,193160
2014-07-18,NESTLEIND,217.20680236816406,250.63999938964844,251.0,247.75,248.75750732421875,195120
2014-07-21,NESTLEIND,218.3225860595703,251.92750549316406,252.75,248.60499572753906,248.60499572753906,322020
2014-07-22,NESTLEIND,225.44821166992188,260.1499938964844,261.0,250.64999389648438,250.64999389648438,990700
2014-07-23,NESTLEIND,224.09632873535156,258.5899963378906,261.0,256.54998779296875,260.1000061035156,145040
2014-07-24,NESTLEIND,223.1126708984375,257.4549865722656,260.1549987792969,255.05499267578125,258.7900085449219,137660
2014-07-25,NESTLEIND,223.84500122070312,258.29998779296875,262.4200134277344,256.9624938964844,259.5,583360
2014-07-28,NESTLEIND,224.73765563964844,259.3299865722656,261.20001220703125,257.5625,258.74249267578125,194260
2014-07-30,NESTLEIND,224.53176879882812,259.0924987792969,261.5,253.89999389648438,256.29998779296875,548400
2014-07-31,NESTLEIND,222.21363830566406,256.4175109863281,259.9075012207031,255.02749633789062,258.70001220703125,478720
2014-08-01,NESTLEIND,225.45252990722656,260.1549987792969,261.45001220703125,255.5,257.1499938964844,479940
2014-08-04,NESTLEIND,225.6930389404297,260.4324951171875,261.5,259.2200012207031,261.1424865722656,390460
2014-08-05,NESTLEIND,225.7299041748047,260.4750061035156,261.0,259.25,259.75,296120
2014-08-06,NESTLEIND,229.6361083984375,264.9825134277344,266.99749755859375,258.1000061035156,259.95001220703125,815660
2014-08-07,NESTLEIND,234.2010040283203,270.25,271.7749938964844,265.00250244140625,265.75,1565380
2014-08-08,NESTLEIND,232.396240234375,268.1675109863281,270.29998779296875,264.5,270.29998779296875,518980
2014-08-11,NESTLEIND,233.2542266845703,269.1575012207031,270.5,264.00250244140625,269.9949951171875,373300
2014-08-12,NESTLEIND,231.12889099121094,266.7049865722656,271.25,265.0050048828125,266.9750061035156,276180
2014-08-13,NESTLEIND,240.96270751953125,278.052490234375,282.1499938964844,265.0799865722656,265.0799865722656,1387340
2014-08-14,NESTLEIND,241.45013427734375,278.614990234375,281.79998779296875,271.5,279.75,544020
2014-08-18,NESTLEIND,245.04006958007812,282.75750732421875,287.00250244140625,277.3074951171875,278.0,549780
2014-08-19,NESTLEIND,249.77606201171875,288.2225036621094,291.67498779296875,280.3999938964844,280.3999938964844,673460
2014-08-20,NESTLEIND,251.1345672607422,289.7900085449219,290.9949951171875,285.29998779296875,285.3399963378906,289260
2014-08-21,NESTLEIND,252.7919464111328,291.7025146484375,292.4949951171875,287.5,289.95001220703125,352600
2014-08-22,NESTLEIND,251.71730041503906,290.4624938964844,292.0,289.1549987792969,292.0,599580
2014-08-25,NESTLEIND,251.82350158691406,290.5849914550781,292.5,289.32501220703125,292.0,278420
2014-08-26,NESTLEIND,254.2716522216797,293.4100036621094,294.5,290.1000061035156,292.5,240360
2014-08-27,NESTLEIND,255.60401916503906,294.947509765625,296.197509765625,291.12249755859375,294.8924865722656,365020
2014-08-28,NESTLEIND,261.21966552734375,301.427490234375,307.75,292.6000061035156,292.75,1456360
2014-09-01,NESTLEIND,262.66912841796875,303.1000061035156,307.1499938964844,301.25,302.5,270760
2014-09-02,NESTLEIND,264.0577392578125,304.7025146484375,305.5,302.447509765625,302.5,233060
2014-09-03,NESTLEIND,266.46270751953125,307.4775085449219,310.0,300.2550048828125,300.2550048828125,557580
2014-09-04,NESTLEIND,270.9430236816406,312.6474914550781,314.95001220703125,307.3999938964844,307.42498779296875,397880
2014-09-05,NESTLEIND,268.11346435546875,309.38250732421875,316.989990234375,307.75,316.989990234375,367440
2014-09-08,NESTLEIND,277.3081359863281,319.99249267578125,323.5,311.4949951171875,311.5,556340
2014-09-09,NESTLEIND,277.7480773925781,320.5,323.75,318.04998779296875,318.80499267578125,733040
2014-09-10,NESTLEIND,276.48504638671875,319.0425109863281,321.95001220703125,317.239990234375,320.5,363880
2014-09-11,NESTLEIND,283.9313659667969,327.635009765625,331.0,320.7774963378906,321.25,546040
2014-09-12,NESTLEIND,276.6474609375,319.2300109863281,330.0,317.75,330.0,335000
2014-09-15,NESTLEIND,275.0954284667969,315.947509765625,324.8500061035156,313.7025146484375,318.75,334720
2014-09-16,NESTLEIND,267.5704650878906,307.30499267578125,323.45001220703125,300.05499267578125,316.25,737220
2014-09-17,NESTLEIND,265.0605773925781,304.4224853515625,308.4825134277344,299.010009765625,307.5,542440
2014-09-18,NESTLEIND,270.96405029296875,311.2025146484375,312.25,301.00250244140625,303.74749755859375,291920
2014-09-19,NESTLEIND,263.4977722167969,302.62750244140625,313.114990234375,299.0,311.25,459640
2014-09-22,NESTLEIND,262.2874755859375,301.23748779296875,304.5,299.6000061035156,300.04998779296875,219120
2014-09-23,NESTLEIND,257.3418273925781,295.5574951171875,303.24249267578125,294.04998779296875,300.04998779296875,243720
2014-09-24,NESTLEIND,266.8651428222656,306.4949951171875,307.5,295.0,299.95001220703125,362720
2014-09-25,NESTLEIND,265.95965576171875,305.4549865722656,312.3999938964844,302.5050048828125,303.75,311440
2014-09-26,NESTLEIND,268.1059265136719,307.9200134277344,309.95001220703125,302.3999938964844,305.4549865722656,311600
2014-09-29,NESTLEIND,270.19775390625,310.322509765625,312.2850036621094,302.5,302.5,327300
2014-09-30,NESTLEIND,259.8450622558594,298.4324951171875,312.95001220703125,296.25750732421875,312.95001220703125,615660
2014-10-01,NESTLEIND,261.6866760253906,300.5474853515625,303.69000244140625,298.0,301.3500061035156,416380
2014-10-07,NESTLEIND,259.36627197265625,297.88250732421875,299.9949951171875,297.3500061035156,298.052490234375,325020
2014-10-08,NESTLEIND,258.0188293457031,296.3349914550781,301.19000244140625,295.0,297.5,358840
2014-10-09,NESTLEIND,262.2308654785156,301.1724853515625,302.9949951171875,296.25,296.25,251980
2014-10-10,NESTLEIND,256.5647277832031,294.6650085449219,301.1700134277344,293.552490234375,298.25,359840
2014-10-13,NESTLEIND,261.5320739746094,300.3699951171875,304.75,295.5,295.5,401160
2014-10-14,NESTLEIND,258.8612060546875,297.302490234375,310.0,295.04998779296875,300.29998779296875,418220
2014-10-15,NESTLEIND,258.8612060546875,297.302490234375,297.302490234375,297.302490234375,297.302490234375,0
2014-10-16,NESTLEIND,250.31536865234375,287.48748779296875,298.75,285.25,296.1000061035156,467240
2014-10-17,NESTLEIND,247.93612670898438,284.7550048828125,292.5,281.75,289.70001220703125,399400
2014-10-20,NESTLEIND,251.14901733398438,288.44500732421875,289.70001220703125,285.25250244140625,285.25250244140625,213560
2014-10-21,NESTLEIND,259.8974609375,298.49249267578125,299.75,286.54998779296875,286.54998779296875,431000
2014-10-22,NESTLEIND,259.98016357421875,298.5874938964844,301.8475036621094,295.5675048828125,300.072509765625,153540
2014-10-27,NESTLEIND,265.55908203125,304.9949951171875,306.95001220703125,300.04998779296875,300.5,503520
2014-10-28,NESTLEIND,258.94830322265625,297.4024963378906,307.4949951171875,296.0,307.1000061035156,406080
2014-10-29,NESTLEIND,266.8042297363281,306.42498779296875,307.5,296.25750732421875,297.3500061035156,738500
2014-10-30,NESTLEIND,267.0066833496094,306.6575012207031,309.4949951171875,303.05999755859375,303.05999755859375,406400
2014-10-31,NESTLEIND,272.4072265625,312.8599853515625,315.0,304.99749755859375,306.6499938964844,589340
2014-11-03,NESTLEIND,276.9979553222656,318.13250732421875,320.1000061035156,308.3525085449219,313.04998779296875,659180
2014-11-05,NESTLEIND,276.6016845703125,317.677490234375,320.0,314.0050048828125,320.0,323260
2014-11-07,NESTLEIND,280.1105651855469,321.7074890136719,322.5,312.8500061035156,318.9949951171875,362660
2014-11-10,NESTLEIND,276.52996826171875,317.5950012207031,322.5,315.0,322.3500061035156,252400
2014-11-11,NESTLEIND,281.4820861816406,323.2825012207031,325.0,317.23748779296875,317.6499938964844,339680
2014-11-12,NESTLEIND,275.46771240234375,316.375,324.54998779296875,315.2925109863281,324.54998779296875,360660
2014-11-13,NESTLEIND,275.6897888183594,316.6300048828125,319.9075012207031,314.1499938964844,317.75,325940
2014-11-14,NESTLEIND,274.98876953125,315.82501220703125,318.75,314.0,316.5,218140
2014-11-17,NESTLEIND,273.9307556152344,314.6099853515625,316.8500061035156,311.0,316.68499755859375,272220
2014-11-18,NESTLEIND,268.156005859375,307.9775085449219,317.2275085449219,307.0,314.6099853515625,533360
2014-11-19,NESTLEIND,264.6143798828125,303.9100036621094,311.9375,301.95001220703125,306.25,416040
2014-11-20,NESTLEIND,268.12762451171875,307.94500732421875,308.95001220703125,302.5,305.0,328260
2014-11-21,NESTLEIND,275.855224609375,316.82000732421875,317.25,305.50250244140625,305.50250244140625,531560
2014-11-24,NESTLEIND,274.4468078613281,315.2025146484375,315.95001220703125,310.04998779296875,313.67498779296875,276320
2014-11-25,NESTLEIND,275.94873046875,316.927490234375,321.7850036621094,313.49749755859375,314.0,1122440
2014-11-26,NESTLEIND,272.5442199707031,313.0174865722656,320.5,312.0,316.927490234375,315760
2014-11-27,NESTLEIND,271.035888671875,311.2850036621094,315.49249267578125,310.1000061035156,311.95001220703125,215980
2014-11-28,NESTLEIND,270.0932312011719,310.2025146484375,315.0,308.0,310.0,391760
2014-12-01,NESTLEIND,268.0145568847656,307.81500244140625,314.6000061035156,303.3974914550781,309.552490234375,929560
2014-12-02,NESTLEIND,269.9234313964844,310.00750732421875,310.75,305.54998779296875,306.0,257760
2014-12-03,NESTLEIND,275.36322021484375,316.2550048828125,317.0,310.95001220703125,310.95001220703125,687020
2014-12-04,NESTLEIND,276.1380920410156,317.1449890136719,318.75,314.5,316.25750732421875,493680
2014-12-05,NESTLEIND,274.4054260253906,315.1549987792969,318.99749755859375,313.0,316.75,187860
2014-12-08,NESTLEIND,276.1773681640625,316.7875061035156,317.5,313.0,313.0,191860
2014-12-09,NESTLEIND,274.8565979003906,315.2724914550781,318.75,311.05499267578125,315.0,190020
2014-12-10,NESTLEIND,275.2031555175781,315.6700134277344,317.5,313.0050048828125,313.25,280420
2014-12-11,NESTLEIND,273.12603759765625,313.2875061035156,317.9949951171875,311.2774963378906,315.6700134277344,315140
2014-12-12,NESTLEIND,273.8495788574219,314.11749267578125,316.4599914550781,311.5,315.0,240980
2014-12-15,NESTLEIND,266.7051696777344,305.9224853515625,314.5,304.11248779296875,314.5,197180
2014-12-16,NESTLEIND,263.1351013183594,301.8275146484375,309.99749755859375,299.2724914550781,305.0,332140
2014-12-17,NESTLEIND,263.81304931640625,302.6050109863281,306.9949951171875,299.5,301.79998779296875,164860
2014-12-18,NESTLEIND,268.1458740234375,307.57501220703125,309.45001220703125,302.75,306.8949890136719,185660
2014-12-19,NESTLEIND,269.2922668457031,308.8900146484375,313.75,306.0,310.75,547640
2014-12-22,NESTLEIND,272.5179443359375,312.5899963378906,314.38751220703125,309.0,312.5,259740
2014-12-23,NESTLEIND,270.3275146484375,310.0775146484375,314.0,308.5,310.3500061035156,152540
2014-12-24,NESTLEIND,267.8037109375,307.1824951171875,311.5,304.0,307.614990234375,321680
2014-12-26,NESTLEIND,268.3180847167969,307.7724914550781,309.5,305.29998779296875,305.29998779296875,184680
2014-12-29,NESTLEIND,267.9954528808594,307.4024963378906,310.3924865722656,306.1000061035156,306.1000061035156,136120
2014-12-30,NESTLEIND,272.33489990234375,312.3800048828125,313.7275085449219,307.0299987792969,307.0299987792969,210480
2014-12-31,NESTLEIND,278.3176574707031,319.24249267578125,321.25250244140625,309.5,310.125,388500
2015-01-01,NESTLEIND,275.40142822265625,315.8974914550781,320.0,315.0,319.25,60500
2015-01-02,NESTLEIND,275.99212646484375,316.57501220703125,318.32501220703125,312.802490234375,312.802490234375,136860
2015-01-05,NESTLEIND,276.1402893066406,316.7449951171875,318.5,314.5,318.5,213800
2015-01-06,NESTLEIND,272.3000183105469,312.3399963378906,315.6524963378906,311.0,314.79998779296875,263180
2015-01-07,NESTLEIND,273.4399108886719,313.6474914550781,315.447509765625,312.37750244140625,313.25,713460
2015-01-08,NESTLEIND,274.638671875,315.0224914550781,317.25,313.75,313.75,150480
2015-01-09,NESTLEIND,278.38299560546875,319.3175048828125,323.99749755859375,313.67498779296875,318.5,409840
2015-01-12,NESTLEIND,281.7134704589844,323.13751220703125,326.0,319.2749938964844,321.0,951140
2015-01-13,NESTLEIND,292.6937255859375,335.7325134277344,337.04998779296875,323.5,323.5,1102160
2015-01-14,NESTLEIND,295.6230163574219,339.0924987792969,346.5,334.24749755859375,336.75,748060
2015-01-15,NESTLEIND,296.81085205078125,340.4549865722656,347.0,338.052490234375,343.4599914550781,1195060
2015-01-16,NESTLEIND,304.4870910644531,349.260009765625,350.25,337.00250244140625,338.1000061035156,997040
2015-01-19,NESTLEIND,308.3558349609375,353.697509765625,355.0,349.2275085449219,350.25,708280
2015-01-20,NESTLEIND,308.3797302246094,353.7250061035156,355.5,350.0,353.6499938964844,568620
2015-01-21,NESTLEIND,308.6195068359375,354.0,356.0,351.9049987792969,354.38751220703125,622080
2015-01-22,NESTLEIND,309.3626708984375,354.8525085449219,358.5,352.6000061035156,353.75,1082980
2015-01-23,NESTLEIND,316.39373779296875,362.9175109863281,364.5,357.3999938964844,357.3999938964844,917320
2015-01-27,NESTLEIND,320.3910827636719,367.50250244140625,371.5,362.7974853515625,362.9150085449219,907000
2015-01-28,NESTLEIND,318.3858642578125,365.2025146484375,371.04998779296875,360.75250244140625,367.25,475240
2015-01-29,NESTLEIND,314.4802551269531,360.7225036621094,368.2449951171875,357.3999938964844,365.0,440800
2015-01-30,NESTLEIND,310.06011962890625,355.6524963378906,361.0,355.0,361.0,607740
2015-02-02,NESTLEIND,307.732421875,352.9825134277344,358.0775146484375,348.8175048828125,355.69000244140625,494320
2015-02-03,NESTLEIND,308.5540466308594,353.92498779296875,359.5,347.5,355.54998779296875,378180
2015-02-04,NESTLEIND,304.1624450683594,348.88751220703125,356.9574890136719,347.79998779296875,353.8999938964844,131760
2015-02-05,NESTLEIND,300.7361755371094,344.9574890136719,352.5,340.5,352.5,340860
2015-02-06,NESTLEIND,300.09979248046875,344.2275085449219,348.5,342.5,345.0,177620
2015-02-09,NESTLEIND,297.9573059082031,341.7699890136719,346.5,338.00250244140625,344.5,311020
2015-02-10,NESTLEIND,296.1591491699219,339.7074890136719,350.8999938964844,338.3500061035156,345.0,318040
2015-02-11,NESTLEIND,299.9471740722656,344.052490234375,350.0,340.25,344.95001220703125,274160
2015-02-12,NESTLEIND,297.4865417480469,341.2300109863281,348.5,339.0150146484375,344.25,257740
2015-02-13,NESTLEIND,306.5990295410156,351.6824951171875,354.8900146484375,341.5,341.9949951171875,573700
2015-02-16,NESTLEIND,311.5552673339844,357.36749267578125,363.6000061035156,355.114990234375,361.29998779296875,477900
2015-02-18,NESTLEIND,312.51214599609375,358.4649963378906,361.25,353.00250244140625,357.5,643780
2015-02-19,NESTLEIND,306.949951171875,352.0849914550781,358.75,350.68499755859375,358.75,230180
2015-02-20,NESTLEIND,312.8345947265625,358.8349914550781,361.885009765625,351.25,352.54998779296875,2695220
2015-02-23,NESTLEIND,305.10821533203125,349.9725036621094,360.260009765625,348.125,360.260009765625,584180
2015-02-24,NESTLEIND,305.5572204589844,350.48748779296875,353.99249267578125,346.5,350.0950012207031,1165940
2015-02-25,NESTLEIND,307.4206848144531,352.625,353.75,350.5,351.2099914550781,858920
2015-02-26,NESTLEIND,305.9778747558594,350.9700012207031,354.9849853515625,347.5,354.9849853515625,514040
2015-02-27,NESTLEIND,306.0432434082031,351.0450134277344,352.94500732421875,349.9750061035156,352.2325134277344,1312840
2015-03-02,NESTLEIND,304.6984558105469,349.50250244140625,352.4949951171875,347.49749755859375,352.4949951171875,521600
2015-03-03,NESTLEIND,309.3277893066406,354.8125,358.0249938964844,346.614990234375,352.0,524860
2015-03-04,NESTLEIND,318.1983947753906,364.98748779296875,365.95001220703125,355.6474914550781,358.20001220703125,905620
2015-03-05,NESTLEIND,318.0327453613281,364.7974853515625,368.322509765625,362.31500244140625,365.0,607680
2015-03-09,NESTLEIND,321.88397216796875,369.2149963378906,371.25,361.75,364.8500061035156,431520
2015-03-10,NESTLEIND,322.44415283203125,369.8575134277344,375.25,367.4725036621094,369.3450012207031,365160
2015-03-11,NESTLEIND,317.3680419921875,364.0350036621094,372.2875061035156,362.6499938964844,369.4800109863281,386900
2015-03-12,NESTLEIND,319.4690856933594,366.44500732421875,368.9949951171875,365.0050048828125,365.0050048828125,274020
2015-03-13,NESTLEIND,318.1657409667969,364.95001220703125,367.885009765625,362.7025146484375,367.7674865722656,430300
2015-03-16,NESTLEIND,317.1980895996094,363.8399963378906,367.3949890136719,362.75,367.3949890136719,254460
2015-03-17,NESTLEIND,322.0997314453125,369.4624938964844,370.0,365.0,365.0,541880
2015-03-18,NESTLEIND,322.9345397949219,370.4200134277344,371.0,368.29998779296875,370.5,992220
2015-03-19,NESTLEIND,321.1451721191406,368.36749267578125,371.0,366.04998779296875,371.0,540260
2015-03-20,NESTLEIND,316.64447021484375,363.2049865722656,370.0,361.25,370.0,548920
2015-03-23,NESTLEIND,310.96905517578125,356.69500732421875,364.2200012207031,354.5,364.20001220703125,472500
2015-03-24,NESTLEIND,306.07598876953125,351.0824890136719,359.5,349.5,359.25,535500
2015-03-25,NESTLEIND,306.9543151855469,352.0899963378906,354.74749755859375,348.6000061035156,348.6000061035156,542640
2015-03-26,NESTLEIND,298.3844299316406,342.260009765625,351.5450134277344,338.25,351.0,847220
2015-03-27,NESTLEIND,297.0702209472656,340.75250244140625,345.8475036621094,338.54998779296875,344.8999938964844,524860
2015-03-30,NESTLEIND,302.6911926269531,347.20001220703125,349.95001220703125,342.0,342.0,903860
2015-03-31,NESTLEIND,302.8372802734375,347.36749267578125,356.6000061035156,341.3800048828125,347.5,1284000
2015-04-01,NESTLEIND,301.7823791503906,346.1575012207031,352.99749755859375,343.5,352.54998779296875,274980
2015-04-06,NESTLEIND,310.421875,356.0675048828125,357.5,346.32000732421875,349.44500732421875,498260
2015-04-07,NESTLEIND,311.9954833984375,357.87249755859375,358.74749755859375,353.2074890136719,356.07000732421875,354360
2015-04-08,NESTLEIND,307.1460266113281,352.30999755859375,358.4075012207031,350.5,357.29998779296875,253900
2015-04-09,NESTLEIND,309.5349426269531,355.04998779296875,355.6000061035156,353.0,353.0,609340
2015-04-10,NESTLEIND,309.4258117675781,354.92498779296875,356.9849853515625,353.25,356.1000061035156,899140
2015-04-13,NESTLEIND,309.4281311035156,354.927490234375,355.99749755859375,353.30999755859375,355.99749755859375,590040
2015-04-15,NESTLEIND,308.1138610839844,353.4200134277344,355.4674987792969,351.25,355.04998779296875,468540
2015-04-16,NESTLEIND,306.3004150390625,351.3399963378906,354.75,349.5,353.4200134277344,528120
2015-04-17,NESTLEIND,305.1693115234375,350.0425109863281,352.6499938964844,349.5,351.2124938964844,286920
2015-04-20,NESTLEIND,303.0922546386719,347.6600036621094,350.5,345.0,350.04998779296875,305160
2015-04-21,NESTLEIND,300.24359130859375,344.3924865722656,349.989990234375,343.25,349.989990234375,222660
2015-04-22,NESTLEIND,299.5548400878906,343.6025085449219,347.0,341.2650146484375,344.3500061035156,347480
2015-04-23,NESTLEIND,301.15252685546875,345.43499755859375,346.70001220703125,343.29998779296875,346.70001220703125,716540
2015-04-24,NESTLEIND,298.5827941894531,342.48748779296875,347.5,339.0050048828125,347.5,212780
2015-04-27,NESTLEIND,298.5108947753906,342.4049987792969,343.3999938964844,338.0450134277344,342.45001220703125,684780
2015-04-28,NESTLEIND,298.02056884765625,341.8424987792969,342.4949951171875,339.7724914550781,342.0,506520
2015-04-29,NESTLEIND,286.1900329589844,328.2724914550781,343.99749755859375,326.25,343.99749755859375,833100
2015-04-30,NESTLEIND,286.5017395019531,328.6300048828125,335.49749755859375,326.2950134277344,328.260009765625,858380
2015-05-04,NESTLEIND,296.4773254394531,340.072509765625,340.5,331.1700134277344,333.0,338820
2015-05-05,NESTLEIND,296.7366943359375,340.3699951171875,341.75,338.6000061035156,340.45001220703125,291640
2015-05-06,NESTLEIND,296.53411865234375,340.13751220703125,341.0,337.8125,340.4700012207031,348660
2015-05-07,NESTLEIND,294.9996643066406,338.37750244140625,342.5,336.25,342.5,570180
2015-05-08,NESTLEIND,296.2528076171875,339.81500244140625,343.49749755859375,338.04998779296875,338.04998779296875,449040
2015-05-11,NESTLEIND,296.6887512207031,340.31500244140625,343.5,338.1600036621094,342.8450012207031,787160
2015-05-12,NESTLEIND,292.24908447265625,335.2225036621094,342.25,334.0,340.6099853515625,761380
2015-05-13,NESTLEIND,292.12054443359375,335.07501220703125,340.5325012207031,332.5,335.2650146484375,690220
2015-05-14,NESTLEIND,298.78985595703125,342.7250061035156,345.9849853515625,335.25,335.25,404840
2015-05-15,NESTLEIND,306.4967041015625,351.56500244140625,352.5,343.00750732421875,343.75,462760
2015-05-18,NESTLEIND,308.50396728515625,353.86749267578125,367.45001220703125,347.04998779296875,355.0050048828125,753320
2015-05-19,NESTLEIND,307.5347900390625,351.43499755859375,357.8974914550781,345.125,355.0,522280
2015-05-20,NESTLEIND,304.5989074707031,348.0799865722656,355.81500244140625,342.75,353.43499755859375,605100
2015-05-21,NESTLEIND,304.04327392578125,347.44500732421875,349.95001220703125,341.5,343.7449951171875,618140
2015-05-22,NESTLEIND,306.09967041015625,349.7950134277344,355.9750061035156,346.4024963378906,347.5,847920
2015-05-25,NESTLEIND,303.5050354003906,346.8299865722656,350.69500732421875,345.25,346.29998779296875,258300
2015-05-26,NESTLEIND,297.7623291015625,340.2674865722656,349.6499938964844,326.7550048828125,348.0,1256800
2015-05-27,NESTLEIND,309.0136413574219,353.125,356.75,338.79998779296875,340.2674865722656,1234000
2015-05-28,NESTLEIND,308.8014831542969,352.88250732421875,360.5,347.7749938964844,354.5,684300
2015-05-29,NESTLEIND,295.40838623046875,337.5775146484375,352.88250732421875,328.239990234375,349.6000061035156,2166760
2015-06-01,NESTLEIND,291.84893798828125,333.510009765625,336.6499938964844,326.5474853515625,335.0,1366460
2015-06-02,NESTLEIND,297.6704406738281,340.1625061035156,349.9949951171875,337.75750732421875,338.6000061035156,1503080
2015-06-03,NESTLEIND,270.704833984375,309.3475036621094,326.6499938964844,299.0,325.0,7808880
2015-06-04,NESTLEIND,262.7196350097656,300.2225036621094,302.5,290.0274963378906,294.0,8609540
2015-06-05,NESTLEIND,263.0323486328125,300.5799865722656,306.25,285.54998779296875,291.5,15123780
2015-06-08,NESTLEIND,243.6669158935547,278.45001220703125,292.5,275.04998779296875,292.5,6897380
2015-06-09,NESTLEIND,260.96502685546875,298.2174987792969,306.0,276.25,279.5174865722656,11377620
2015-06-10,NESTLEIND,265.16546630859375,303.0174865722656,312.0,301.0625,302.4949951171875,4943000
2015-06-11,NESTLEIND,269.731201171875,308.2349853515625,315.29998779296875,298.7875061035156,307.94500732421875,6056040
2015-06-12,NESTLEIND,266.34027099609375,304.3599853515625,309.2250061035156,296.2674865722656,309.2250061035156,2093980
2015-06-15,NESTLEIND,260.5581359863281,297.75250244140625,302.5,294.6199951171875,302.3999938964844,1461340
2015-06-16,NESTLEIND,253.10247802734375,289.2325134277344,294.95001220703125,287.75,294.95001220703125,1749640
2015-06-17,NESTLEIND,255.4761505126953,291.94500732421875,295.0,282.54998779296875,287.25,2810340
2015-06-18,NESTLEIND,266.0974426269531,304.0824890136719,306.3999938964844,292.5,293.20001220703125,2379380
2015-06-19,NESTLEIND,274.81982421875,314.04998779296875,316.25,300.5,300.5,2916820
2015-06-22,NESTLEIND,275.50238037109375,314.8299865722656,320.5574951171875,310.75,313.79998779296875,1578880
2015-06-23,NESTLEIND,268.118896484375,306.3924865722656,314.5,305.0050048828125,314.5,1087660
2015-06-24,NESTLEIND,262.704345703125,300.2049865722656,308.1575012207031,299.05499267578125,307.5,1100560
2015-06-25,NESTLEIND,255.36891174316406,291.822509765625,302.45001220703125,290.51251220703125,300.25,2730260
2015-06-26,NESTLEIND,260.6938171386719,297.9075012207031,298.5,293.5,296.1000061035156,1517260
2015-06-29,NESTLEIND,265.6336364746094,303.552490234375,304.375,291.2749938964844,291.2749938964844,1641920
2015-06-30,NESTLEIND,277.9351806640625,317.6099853515625,319.6000061035156,301.1000061035156,301.1000061035156,5053860
2015-07-01,NESTLEIND,268.8452453613281,307.2225036621094,324.70001220703125,305.79998779296875,320.0,3379980
2015-07-02,NESTLEIND,273.0958557128906,312.0799865722656,318.75,310.75,312.99749755859375,2226580
2015-07-03,NESTLEIND,269.75311279296875,308.260009765625,317.24749755859375,307.54998779296875,315.74749755859375,1795300
2015-07-06,NESTLEIND,267.7885437011719,306.0150146484375,309.99749755859375,303.75,309.99749755859375,772420
2015-07-07,NESTLEIND,266.2373962402344,304.24249267578125,309.5,303.0,309.5,1270540
2015-07-08,NESTLEIND,262.3455505371094,299.7950134277344,303.010009765625,298.0050048828125,303.0,2180020
2015-07-09,NESTLEIND,263.8353576660156,301.49749755859375,304.95001220703125,300.04998779296875,303.75,1416380
2015-07-10,NESTLEIND,260.9234924316406,298.1700134277344,303.5,296.302490234375,303.0,1841440
2015-07-13,NESTLEIND,260.57781982421875,297.7749938964844,301.0,294.75,301.0,1314900
2015-07-14,NESTLEIND,260.4728088378906,297.6549987792969,299.70001220703125,296.76251220703125,299.4949951171875,814760
2015-07-15,NESTLEIND,261.12042236328125,298.3949890136719,299.7799987792969,296.0,296.0,2028020
2015-07-16,NESTLEIND,263.6406555175781,301.2749938964844,302.2749938964844,298.75250244140625,299.49749755859375,710740
2015-07-17,NESTLEIND,265.96392822265625,303.92999267578125,306.25,300.99749755859375,301.0,1057040
2015-07-20,NESTLEIND,265.6336364746094,303.552490234375,306.5899963378906,302.885009765625,305.24749755859375,399060
2015-07-21,NESTLEIND,265.5220642089844,303.42498779296875,305.3924865722656,302.5,304.99749755859375,452920
2015-07-22,NESTLEIND,262.1136169433594,299.5299987792969,302.3999938964844,298.70001220703125,302.3999938964844,524660
2015-07-23,NESTLEIND,265.1676940917969,303.0199890136719,303.4949951171875,299.9700012207031,300.0,626740
2015-07-24,NESTLEIND,264.00823974609375,301.69500732421875,306.2225036621094,300.0,302.6000061035156,610640
2015-07-27,NESTLEIND,273.9622802734375,313.07000732421875,315.3424987792969,301.6499938964844,305.0,2264780
2015-07-28,NESTLEIND,270.9454040527344,309.62249755859375,315.0,308.45001220703125,313.25,1077740
2015-07-29,NESTLEIND,269.2039489746094,307.63250732421875,312.7300109863281,304.1199951171875,310.0,1462520
2015-07-30,NESTLEIND,277.0162353515625,316.55999755859375,319.5,299.0224914550781,301.6025085449219,3539580
2015-07-31,NESTLEIND,278.1626281738281,317.8699951171875,319.5,310.5,310.5,2239100
2015-08-03,NESTLEIND,276.79974365234375,316.3125,325.0,311.00250244140625,319.25,2175840
2015-08-04,NESTLEIND,277.8673095703125,317.5325012207031,319.17999267578125,316.010009765625,317.4949951171875,2115420
2015-08-05,NESTLEIND,299.2062683105469,341.9175109863281,349.8999938964844,329.510009765625,340.0,7291100
2015-08-06,NESTLEIND,283.7937927246094,324.30499267578125,329.79998779296875,322.5,326.68499755859375,3465900
2015-08-07,NESTLEIND,286.5284118652344,327.42999267578125,328.0,326.2774963378906,327.3999938964844,1386780
2015-08-10,NESTLEIND,279.51904296875,319.4200134277344,328.364990234375,317.3525085449219,327.5,1240620
2015-08-11,NESTLEIND,276.4103088378906,315.86749267578125,323.197509765625,315.0,323.0174865722656,1024740
2015-08-12,NESTLEIND,272.7765197753906,311.7149963378906,317.5,300.3525085449219,311.25,2288740
2015-08-13,NESTLEIND,276.4058837890625,315.86248779296875,326.6499938964844,311.70001220703125,315.0,10121700
2015-08-14,NESTLEIND,274.2860412597656,313.44000244140625,319.8999938964844,312.55499267578125,319.8999938964844,1277080
2015-08-17,NESTLEIND,268.44915771484375,306.7699890136719,313.99749755859375,306.5,313.44000244140625,908340
2015-08-18,NESTLEIND,269.731201171875,308.2349853515625,310.3500061035156,307.0,310.04998779296875,1267800
2015-08-19,NESTLEIND,266.8434143066406,304.93499755859375,310.0,304.0625,310.0,1183320
2015-08-20,NESTLEIND,269.12744140625,307.5450134277344,309.0,304.2875061035156,306.24749755859375,1310820
2015-08-21,NESTLEIND,266.4955749511719,304.5375061035156,309.75,303.0,303.75,738980
2015-08-24,NESTLEIND,264.1000061035156,301.79998779296875,310.4375,299.75,303.8999938964844,1571680
2015-08-25,NESTLEIND,269.67437744140625,308.1700134277344,311.0400085449219,301.45001220703125,304.74749755859375,1011360
2015-08-26,NESTLEIND,265.3338928222656,303.2099914550781,309.99249267578125,302.5,308.49749755859375,1139660
2015-08-27,NESTLEIND,265.0189208984375,302.8500061035156,308.75,301.5,308.25,719600
2015-08-28,NESTLEIND,267.1037292480469,305.2325134277344,307.0,302.0,305.0,863400
2015-08-31,NESTLEIND,261.01104736328125,298.2699890136719,305.24749755859375,297.5,304.99749755859375,1388160
2015-09-01,NESTLEIND,262.68243408203125,300.17999267578125,301.4224853515625,295.5,296.75,697040
2015-09-02,NESTLEIND,259.4621276855469,296.5,303.3599853515625,295.177490234375,302.04998779296875,811500
2015-09-03,NESTLEIND,264.0760498046875,301.7724914550781,303.7349853515625,292.5,301.4750061035156,1035980
2015-09-04,NESTLEIND,262.3324279785156,299.7799987792969,303.24749755859375,298.0199890136719,302.5,390760
2015-09-07,NESTLEIND,262.58404541015625,300.0675048828125,301.5,298.0,300.1499938964844,620080
2015-09-08,NESTLEIND,258.2456970214844,295.1099853515625,300.2049865722656,294.0,299.04998779296875,745780
2015-09-09,NESTLEIND,261.9385986328125,299.3299865722656,299.75,296.552490234375,296.99749755859375,524680
2015-09-10,NESTLEIND,262.7481384277344,300.2550048828125,300.74749755859375,298.49749755859375,300.0,458920
2015-09-11,NESTLEIND,262.5796203613281,300.0625,303.0,298.05999755859375,300.04998779296875,283840
2015-09-14,NESTLEIND,264.9970397949219,302.82501220703125,303.45001220703125,300.0,301.0,369140
2015-09-15,NESTLEIND,263.4875793457031,301.1000061035156,304.5,300.0,301.99749755859375,427300
2015-09-16,NESTLEIND,266.7406311035156,304.8175048828125,306.8999938964844,300.1925048828125,304.3500061035156,1040500
2015-09-18,NESTLEIND,272.8815612792969,311.8349914550781,313.0,304.8175048828125,304.8175048828125,1297880
2015-09-21,NESTLEIND,270.2606506347656,308.8399963378906,312.75,308.5,312.75,198280
2015-09-22,NESTLEIND,269.02020263671875,307.4224853515625,315.0,306.25,311.0,506640
2015-09-23,NESTLEIND,272.14208984375,310.989990234375,317.5174865722656,303.0,308.94500732421875,628980
2015-09-24,NESTLEIND,271.8029479980469,310.6025085449219,314.3999938964844,307.61749267578125,314.3999938964844,536920
2015-09-28,NESTLEIND,272.1201477050781,310.9649963378906,313.8999938964844,307.6499938964844,312.25,556260
2015-09-29,NESTLEIND,270.3831787109375,308.9800109863281,312.5,305.54998779296875,309.3999938964844,483740
2015-09-30,NESTLEIND,278.6112365722656,318.38250732421875,319.8999938964844,310.6700134277344,312.5,1097420
2015-10-01,NESTLEIND,281.0110168457031,321.125,321.70001220703125,316.1575012207031,318.20001220703125,606180
2015-10-05,NESTLEIND,283.46563720703125,323.92999267578125,324.1000061035156,321.29998779296875,322.5,588660
2015-10-06,NESTLEIND,284.1941223144531,324.76251220703125,325.95001220703125,321.25,324.0,464720
2015-10-07,NESTLEIND,277.2940979003906,316.87750244140625,324.5,315.7349853515625,324.5,738680
2015-10-08,NESTLEIND,278.6023254394531,318.37249755859375,320.95001220703125,317.0174865722656,319.6000061035156,179440
2015-10-09,NESTLEIND,280.7507629394531,320.8275146484375,322.45001220703125,317.62750244140625,318.3500061035156,297500
2015-10-12,NESTLEIND,273.7303466796875,312.80499267578125,321.50250244140625,311.5,320.8500061035156,481200
2015-10-13,NESTLEIND,269.1733093261719,307.5975036621094,315.8800048828125,305.25750732421875,313.3500061035156,925300
2015-10-14,NESTLEIND,271.7417297363281,310.5325012207031,312.3999938964844,305.54998779296875,309.95001220703125,312380
2015-10-15,NESTLEIND,271.5600891113281,310.32501220703125,312.947509765625,307.5249938964844,309.75,482180
2015-10-16,NESTLEIND,286.8084716796875,327.75,333.49749755859375,308.5,312.5,6347460
2015-10-19,NESTLEIND,284.09564208984375,324.6499938964844,330.7200012207031,322.61248779296875,329.8999938964844,1438240
2015-10-20,NESTLEIND,285.9990234375,326.82501220703125,332.42498779296875,325.5249938964844,329.9200134277344,1463060
2015-10-21,NESTLEIND,282.79620361328125,323.1650085449219,331.45001220703125,322.0050048828125,327.25,1199100
2015-10-23,NESTLEIND,276.90472412109375,316.4324951171875,327.5,315.55999755859375,327.5,781340
2015-10-26,NESTLEIND,276.3643493652344,315.81500244140625,321.0,314.0,317.8999938964844,668320
2015-10-27,NESTLEIND,278.0358581542969,317.7250061035156,320.5,317.25,319.95001220703125,666520
2015-10-28,NESTLEIND,277.2875671386719,316.8699951171875,319.00250244140625,315.0,318.5,596880
2015-10-29,NESTLEIND,275.23553466796875,314.5249938964844,318.5,312.5975036621094,316.875,955500
2015-10-30,NESTLEIND,270.1337890625,308.69500732421875,313.1000061035156,307.5,311.5,1020400
2015-11-02,NESTLEIND,274.6031799316406,313.802490234375,315.95001220703125,307.5,308.0,593800
2015-11-03,NESTLEIND,272.0523986816406,310.88751220703125,316.0,310.25750732421875,314.95001220703125,570000
2015-11-04,NESTLEIND,273.5138244628906,312.5574951171875,323.70001220703125,310.98748779296875,312.5,3147420
2015-11-05,NESTLEIND,269.77276611328125,308.2825012207031,314.95001220703125,307.5,313.0,766180
2015-11-06,NESTLEIND,269.91717529296875,308.447509765625,311.74749755859375,307.54998779296875,309.95001220703125,321000
2015-11-09,NESTLEIND,267.39910888671875,305.57000732421875,309.99749755859375,304.95001220703125,306.25,1033660
2015-11-10,NESTLEIND,265.6883544921875,303.614990234375,309.5,302.5,309.5,656560
2015-11-13,NESTLEIND,264.02130126953125,301.7099914550781,309.29998779296875,300.70001220703125,307.739990234375,2315820
2015-11-16,NESTLEIND,261.9320068359375,299.322509765625,303.5,298.125,302.5,2203940
2015-11-17,NESTLEIND,266.2265625,304.2300109863281,306.8924865722656,297.54998779296875,300.25,1351420
2015-11-18,NESTLEIND,266.1258544921875,304.114990234375,306.7449951171875,303.3999938964844,305.25,556000
2015-11-19,NESTLEIND,274.7826232910156,314.00750732421875,316.1499938964844,304.25250244140625,305.45001220703125,1222960
2015-11-20,NESTLEIND,271.1116638183594,309.8125,313.95001220703125,309.0,313.3999938964844,398680
2015-11-23,NESTLEIND,268.7204895019531,307.0799865722656,311.29998779296875,305.5,309.95001220703125,564060
2015-11-24,NESTLEIND,264.9904479980469,302.8175048828125,308.125,302.5,308.125,660460
2015-11-26,NESTLEIND,263.5553283691406,301.177490234375,307.0,300.29998779296875,303.69500732421875,1443780
2015-11-27,NESTLEIND,260.29345703125,297.45001220703125,302.1625061035156,295.2774963378906,301.04998779296875,2274160
2015-11-30,NESTLEIND,256.4014587402344,293.00250244140625,298.2074890136719,292.5,295.0,2847620
2015-12-01,NESTLEIND,257.2372741699219,293.9574890136719,297.5,292.94500732421875,292.94500732421875,1000000
2015-12-02,NESTLEIND,256.7537841796875,293.4049987792969,296.0,291.7449951171875,294.260009765625,1196540
2015-12-03,NESTLEIND,255.34490966796875,291.7950134277344,293.0,291.0,293.0,1324400
2015-12-04,NESTLEIND,256.2703857421875,292.8525085449219,295.3500061035156,290.25750732421875,291.79998779296875,824360
2015-12-07,NESTLEIND,257.8694763183594,294.67999267578125,295.5,290.989990234375,294.8999938964844,351900
2015-12-08,NESTLEIND,254.88323974609375,291.2674865722656,294.9849853515625,291.0,294.6499938964844,1008160
2015-12-09,NESTLEIND,252.0108184814453,287.9849853515625,292.45001220703125,287.62750244140625,291.3550109863281,2401160
2015-12-10,NESTLEIND,252.48992919921875,288.5325012207031,291.0,287.5,288.0,571580
2015-12-11,NESTLEIND,259.2292785644531,295.4125061035156,296.5,288.25,288.5325012207031,1069040
2015-12-14,NESTLEIND,257.978759765625,293.98748779296875,295.4949951171875,289.12249755859375,295.4949951171875,554860
2015-12-15,NESTLEIND,256.1732482910156,291.92999267578125,295.5,290.6524963378906,295.3500061035156,690380
2015-12-16,NESTLEIND,255.72569274902344,291.4200134277344,295.75,291.04998779296875,294.45001220703125,628300
2015-12-17,NESTLEIND,258.1366882324219,294.1675109863281,295.99749755859375,291.0400085449219,291.6000061035156,558220
2015-12-18,NESTLEIND,248.9074249267578,283.6499938964844,294.8500061035156,281.5,294.8500061035156,1229140
2015-12-21,NESTLEIND,248.96665954589844,283.7174987792969,286.6000061035156,283.260009765625,285.75,560320
2015-12-22,NESTLEIND,251.4083251953125,286.5,287.45001220703125,284.0,285.2449951171875,382600
2015-12-23,NESTLEIND,253.51438903808594,288.8999938964844,289.70001220703125,286.5,288.25,245060
2015-12-24,NESTLEIND,253.42222595214844,288.7950134277344,289.8999938964844,286.25,288.75,280860
2015-12-28,NESTLEIND,254.68368530273438,290.2325134277344,292.5325012207031,287.5,288.79998779296875,445720
2015-12-29,NESTLEIND,256.19964599609375,291.9599914550781,292.75,289.75250244140625,291.45001220703125,283200
2015-12-30,NESTLEIND,256.2281494140625,291.99249267578125,293.0,289.5050048828125,292.5,385100
2015-12-31,NESTLEIND,255.70816040039062,291.3999938964844,293.50250244140625,290.17498779296875,293.13250732421875,384200
2016-01-01,NESTLEIND,253.8280792236328,289.25750732421875,292.5,288.75,291.00250244140625,241700
2016-01-04,NESTLEIND,248.76698303222656,283.489990234375,291.3500061035156,282.6000061035156,290.70001220703125,708520
2016-01-05,NESTLEIND,248.4423065185547,283.1199951171875,286.95001220703125,282.5,286.95001220703125,542240
2016-01-06,NESTLEIND,250.94760131835938,285.9750061035156,286.4775085449219,282.75,283.30499267578125,1107440
2016-01-07,NESTLEIND,247.41348266601562,281.947509765625,286.49749755859375,281.07000732421875,286.49749755859375,444400
2016-01-08,NESTLEIND,247.13262939453125,281.62750244140625,284.54998779296875,280.75,284.5,889300
2016-01-11,NESTLEIND,239.96774291992188,273.4624938964844,281.25,271.7774963378906,281.25,1001200
2016-01-12,NESTLEIND,238.67782592773438,271.99249267578125,275.75,270.4075012207031,275.75,1129300
2016-01-13,NESTLEIND,241.3673553466797,275.0574951171875,276.5,270.0199890136719,273.25,1237480
2016-01-14,NESTLEIND,246.41307067871094,280.8074951171875,281.510009765625,271.6000061035156,273.0,696600
2016-01-15,NESTLEIND,245.6035919189453,279.885009765625,281.5,278.6025085449219,280.0,540340
2016-01-18,NESTLEIND,238.50889587402344,271.79998779296875,280.0,270.0,279.885009765625,428280
2016-01-19,NESTLEIND,238.19285583496094,271.44000244140625,274.70001220703125,269.5,272.24749755859375,426940
2016-01-20,NESTLEIND,240.68516540527344,274.2799987792969,276.25,268.75,270.8900146484375,293700
2016-01-21,NESTLEIND,238.23899841308594,271.49249267578125,274.6000061035156,270.2300109863281,273.0,1582880
2016-01-22,NESTLEIND,239.01785278320312,272.3800048828125,275.6199951171875,271.5824890136719,274.5,497680
2016-01-25,NESTLEIND,239.62112426757812,273.0675048828125,275.6000061035156,272.3999938964844,273.0,528340
2016-01-27,NESTLEIND,240.7772979736328,274.385009765625,274.7275085449219,272.55499267578125,274.7275085449219,1190880
2016-01-28,NESTLEIND,239.95457458496094,273.447509765625,274.5,272.5,274.0,805740
2016-01-29,NESTLEIND,240.7904052734375,274.3999938964844,275.0,273.45001220703125,274.447509765625,1002360
2016-02-01,NESTLEIND,239.07704162597656,272.447509765625,278.75,271.0425109863281,278.75,386360
2016-02-02,NESTLEIND,239.44554138183594,272.86749267578125,275.19500732421875,271.0,274.0,833640
2016-02-03,NESTLEIND,237.29576110839844,270.4175109863281,272.86749267578125,270.0,272.86749267578125,638780
2016-02-04,NESTLEIND,240.67198181152344,274.2650146484375,274.6474914550781,271.25,271.25,388780
2016-02-05,NESTLEIND,237.87271118164062,271.07501220703125,277.5,269.25,273.5,617660
2016-02-08,NESTLEIND,237.49969482421875,270.6499938964844,274.5,270.0975036621094,273.49749755859375,429480
2016-02-09,NESTLEIND,237.77395629882812,270.9624938964844,272.99249267578125,269.5625,272.20001220703125,499880
2016-02-10,NESTLEIND,232.43643188476562,264.8800048828125,272.45001220703125,263.9700012207031,271.95001220703125,936840
2016-02-11,NESTLEIND,228.90231323242188,260.8525085449219,266.197509765625,259.5,266.197509765625,1166260
2016-02-12,NESTLEIND,221.83824157714844,252.80250549316406,263.4324951171875,250.05250549316406,261.5,748780
2016-02-15,NESTLEIND,221.91285705566406,252.8874969482422,257.45001220703125,250.99749755859375,252.89999389648438,1325440
2016-02-16,NESTLEIND,221.56402587890625,252.49000549316406,255.75,251.5,255.75,996220
2016-02-17,NESTLEIND,222.56875610351562,253.63499450683594,255.0,251.6999969482422,254.5,1445600
2016-02-18,NESTLEIND,227.40167236328125,259.1424865722656,260.25,253.0,254.75,532660
2016-02-19,NESTLEIND,228.5797576904297,260.4849853515625,262.0,258.7550048828125,260.3475036621094,258780
2016-02-22,NESTLEIND,231.6357421875,263.9674987792969,264.8999938964844,258.1075134277344,260.3999938964844,1705860
2016-02-23,NESTLEIND,227.81410217285156,259.61248779296875,265.49749755859375,259.0,265.49749755859375,427740
2016-02-24,NESTLEIND,228.12782287597656,259.9700012207031,260.2449951171875,256.75,259.25,236860
2016-02-25,NESTLEIND,225.64889526367188,257.1449890136719,260.0,254.54750061035156,259.9700012207031,627760
2016-02-26,NESTLEIND,224.25799560546875,255.55999755859375,259.5,255.0500030517578,259.5,720220
2016-02-29,NESTLEIND,219.7300262451172,250.39999389648438,257.2449951171875,249.0500030517578,257.2449951171875,1058840
2016-03-01,NESTLEIND,221.67152404785156,252.6125030517578,255.8625030517578,250.02749633789062,252.5,830600
2016-03-02,NESTLEIND,222.8101348876953,253.91000366210938,255.25,252.25,254.0,582760
2016-03-03,NESTLEIND,228.9330291748047,260.88751220703125,262.1499938964844,254.0,255.5,662200
2016-03-04,NESTLEIND,231.8946075439453,264.26251220703125,266.25250244140625,258.29998779296875,260.8999938964844,525820
2016-03-08,NESTLEIND,233.45440673828125,266.0400085449219,271.45001220703125,263.80499267578125,265.0,1070940
2016-03-09,NESTLEIND,228.58416748046875,260.489990234375,265.37249755859375,259.1000061035156,263.7650146484375,942460
2016-03-10,NESTLEIND,227.18017578125,258.8900146484375,262.0824890136719,255.3175048828125,261.1499938964844,1274220
2016-03-11,NESTLEIND,226.53733825683594,258.1575012207031,262.4949951171875,255.0,259.49749755859375,706240
2016-03-14,NESTLEIND,223.90264892578125,255.15499877929688,258.6499938964844,254.5,258.6499938964844,1224260
2016-03-15,NESTLEIND,221.73731994628906,252.6875,255.8699951171875,252.0399932861328,255.8699951171875,1988260
2016-03-16,NESTLEIND,219.89453125,250.58749389648438,252.99749755859375,250.25,252.7449951171875,1837000
2016-03-17,NESTLEIND,223.6283721923828,254.84249877929688,255.73500061035156,251.50250244140625,252.0,699580
2016-03-18,NESTLEIND,227.55091857910156,259.3125,263.0,252.14999389648438,254.86500549316406,1033920
2016-03-21,NESTLEIND,229.53846740722656,261.5775146484375,262.5,260.0,260.0,1056680
2016-03-22,NESTLEIND,230.8020782470703,263.0174865722656,267.45001220703125,257.75,262.5,923840
2016-03-23,NESTLEIND,230.4861602783203,262.6575012207031,267.0,260.5,265.55499267578125,2155840
2016-03-28,NESTLEIND,234.88906860351562,267.67498779296875,268.75,264.12750244140625,264.95001220703125,1393220
2016-03-29,NESTLEIND,234.11695861816406,266.7950134277344,269.5,265.5,267.0,312800
2016-03-30,NESTLEIND,240.43063354492188,273.989990234375,275.0824890136719,267.739990234375,267.739990234375,956320
2016-03-31,NESTLEIND,252.60845947265625,287.86749267578125,292.45001220703125,270.0,272.25250244140625,1443420
2016-04-01,NESTLEIND,247.38058471679688,281.9100036621094,287.45001220703125,277.9024963378906,284.5,747860
2016-04-04,NESTLEIND,249.37034606933594,284.177490234375,286.24749755859375,280.3500061035156,281.5,433880
2016-04-05,NESTLEIND,251.8010711669922,286.947509765625,288.8500061035156,281.6000061035156,281.6000061035156,624620
2016-04-06,NESTLEIND,251.1516876220703,286.2074890136719,287.4525146484375,285.20001220703125,286.8999938964844,613920
2016-04-07,NESTLEIND,258.3648681640625,294.427490234375,297.50250244140625,287.3999938964844,289.9725036621094,789320
2016-04-08,NESTLEIND,262.1864013671875,298.7825012207031,300.29998779296875,292.54998779296875,296.24749755859375,442660
2016-04-11,NESTLEIND,257.58380126953125,293.5375061035156,300.447509765625,292.7699890136719,299.0,503600
2016-04-12,NESTLEIND,269.7396545410156,307.3900146484375,309.25250244140625,302.5274963378906,304.95001220703125,1256020
2016-04-13,NESTLEIND,268.3663024902344,305.82501220703125,308.75,301.05499267578125,307.8500061035156,657960
2016-04-18,NESTLEIND,269.1605224609375,306.7300109863281,312.3374938964844,302.8500061035156,306.0,948980
2016-04-20,NESTLEIND,264.83428955078125,301.79998779296875,309.79998779296875,300.1000061035156,309.0,873300
2016-04-21,NESTLEIND,261.80029296875,298.3424987792969,302.5,297.3500061035156,301.79998779296875,1516880
2016-04-22,NESTLEIND,261.9275817871094,298.48748779296875,301.9800109863281,298.0,298.0,311320
2016-04-25,NESTLEIND,258.06207275390625,294.0824890136719,301.25750732421875,292.5,298.5,1201780
2016-04-26,NESTLEIND,255.82449340820312,291.5325012207031,294.9949951171875,290.25,294.7300109863281,1414640
2016-04-27,NESTLEIND,258.2463684082031,294.2925109863281,298.25250244140625,290.1300048828125,291.5325012207031,366180
2016-04-28,NESTLEIND,259.2204284667969,295.4024963378906,297.7449951171875,287.75,293.8999938964844,797020
2016-04-29,NESTLEIND,251.20867919921875,286.2724914550781,296.5,285.1524963378906,296.5,689380
2016-05-02,NESTLEIND,252.47238159179688,287.7124938964844,290.0,285.61749267578125,286.99749755859375,406100
2016-05-03,NESTLEIND,245.33599853515625,279.5799865722656,289.70001220703125,278.75,288.49749755859375,685260
2016-05-04,NESTLEIND,243.17066955566406,277.11248779296875,282.4700012207031,275.614990234375,279.6050109863281,476940
2016-05-05,NESTLEIND,243.1092529296875,277.0425109863281,278.49749755859375,275.0050048828125,277.54998779296875,496380
2016-05-06,NESTLEIND,246.1827392578125,280.5450134277344,282.0,276.55999755859375,277.25,1037020
2016-05-09,NESTLEIND,241.7359619140625,275.4775085449219,284.20001220703125,274.1025085449219,280.5450134277344,713080
2016-05-10,NESTLEIND,242.2119140625,276.0199890136719,278.0299987792969,275.2925109863281,276.0675048828125,1198900
2016-05-11,NESTLEIND,245.77687072753906,280.0824890136719,280.802490234375,274.80999755859375,276.0,356060
2016-05-12,NESTLEIND,250.54396057128906,285.5150146484375,286.54998779296875,280.6524963378906,281.20001220703125,517820
2016-05-13,NESTLEIND,268.59234619140625,306.0824890136719,308.0,284.54998779296875,284.75250244140625,3927540
2016-05-16,NESTLEIND,275.7352600097656,314.2225036621094,317.3999938964844,300.20001220703125,305.0,1592200
2016-05-17,NESTLEIND,272.88995361328125,310.9800109863281,314.25,307.6000061035156,314.0,1489960
2016-05-18,NESTLEIND,273.377197265625,310.00750732421875,311.7449951171875,306.13250732421875,308.0199890136719,396760
2016-05-19,NESTLEIND,268.60858154296875,304.6000061035156,310.0,303.0,309.5050048828125,341020
2016-05-20,NESTLEIND,264.803466796875,300.2850036621094,308.50250244140625,294.2974853515625,304.95001220703125,810560
2016-05-23,NESTLEIND,263.0772705078125,298.3275146484375,302.44000244140625,296.6499938964844,300.1499938964844,351080
2016-05-24,NESTLEIND,264.7241516113281,300.19500732421875,304.24249267578125,297.7049865722656,299.8924865722656,1181020
2016-05-25,NESTLEIND,270.98297119140625,307.2925109863281,308.4549865722656,300.302490234375,300.49749755859375,579180
2016-05-26,NESTLEIND,270.8131408691406,307.1000061035156,309.8500061035156,290.0,290.0,665060
2016-05-27,NESTLEIND,272.2219543457031,308.697509765625,312.0,306.00250244140625,306.75,644220
2016-05-30,NESTLEIND,278.1302795410156,315.3974914550781,317.95001220703125,308.70001220703125,309.0,685160
2016-05-31,NESTLEIND,268.8445739746094,304.86749267578125,317.74249267578125,300.1000061035156,314.0,1517200
2016-06-01,NESTLEIND,281.7834167480469,319.5400085449219,322.45001220703125,305.4525146484375,305.79998779296875,1275820
2016-06-02,NESTLEIND,277.8702087402344,315.1025085449219,319.5050048828125,312.79998779296875,317.44500732421875,1455480
2016-06-03,NESTLEIND,278.0090026855469,315.260009765625,318.75,313.25,318.75,706740
2016-06-06,NESTLEIND,285.6898498535156,323.9700012207031,335.25,307.8074951171875,313.7650146484375,1519780
2016-06-07,NESTLEIND,284.40460205078125,322.51251220703125,334.95001220703125,318.7049865722656,326.0,1283140
2016-06-08,NESTLEIND,285.75604248046875,324.0450134277344,327.0824890136719,319.05499267578125,323.69500732421875,528240
2016-06-09,NESTLEIND,283.55804443359375,321.552490234375,327.25,320.0,323.79998779296875,324480
2016-06-10,NESTLEIND,288.5448913574219,327.2074890136719,330.0,321.6499938964844,322.6650085449219,548620
2016-06-13,NESTLEIND,288.2735595703125,326.8999938964844,329.45001220703125,322.7174987792969,323.75,570600
2016-06-14,NESTLEIND,290.52459716796875,329.4525146484375,329.95001220703125,326.25,326.25,356920
2016-06-15,NESTLEIND,286.2498779296875,324.6050109863281,329.5950012207031,322.8074951171875,328.5,626900
2016-06-16,NESTLEIND,286.1903381347656,324.5375061035156,327.75,323.5,324.6000061035156,661660
2016-06-17,NESTLEIND,285.0196838378906,323.2099914550781,327.5,321.9024963378906,325.0,443940
2016-06-20,NESTLEIND,288.7211608886719,327.4075012207031,329.95001220703125,322.1549987792969,322.20001220703125,588400
2016-06-21,NESTLEIND,288.2472229003906,326.8699951171875,329.9725036621094,324.114990234375,328.1000061035156,364320
2016-06-22,NESTLEIND,286.137451171875,324.4775085449219,327.75,322.5,327.0,400040
2016-06-23,NESTLEIND,283.5888671875,321.5874938964844,326.6499938964844,320.04998779296875,325.6499938964844,523420
2016-06-24,NESTLEIND,286.4438171386719,324.82501220703125,326.3299865722656,310.0,315.3125,422180
2016-06-27,NESTLEIND,284.2965087890625,322.3900146484375,326.7250061035156,320.0,320.0,342340
2016-06-28,NESTLEIND,286.32476806640625,324.69000244140625,325.2974853515625,322.45001220703125,322.45001220703125,836400
2016-06-29,NESTLEIND,284.15325927734375,322.2275085449219,325.0,321.11749267578125,324.20001220703125,248480
2016-06-30,NESTLEIND,286.2608337402344,324.61749267578125,327.25,322.2200012207031,322.2200012207031,2508280
2016-07-01,NESTLEIND,287.0258483886719,325.4849853515625,327.0,322.8074951171875,325.7449951171875,442380
2016-07-04,NESTLEIND,287.832763671875,326.3999938964844,328.0,324.82501220703125,324.95001220703125,300540
2016-07-05,NESTLEIND,288.04876708984375,326.6449890136719,327.4849853515625,325.1000061035156,325.1000061035156,407180
2016-07-07,NESTLEIND,287.0964660644531,325.56500244140625,327.5,324.0,325.5,239980
2016-07-08,NESTLEIND,282.7247009277344,320.6075134277344,326.98748779296875,319.5,325.5,757500
2016-07-11,NESTLEIND,286.0337829589844,324.3599853515625,325.302490234375,320.8399963378906,322.4750061035156,876800
2016-07-12,NESTLEIND,283.3905334472656,321.36248779296875,324.8999938964844,321.04998779296875,324.3500061035156,657280
2016-07-13,NESTLEIND,290.1784362792969,329.05999755859375,329.6400146484375,322.70001220703125,322.74749755859375,1661720
2016-07-14,NESTLEIND,289.5523376464844,328.3500061035156,329.5,326.5,328.75250244140625,475280
2016-07-15,NESTLEIND,292.46014404296875,331.6474914550781,333.3299865722656,328.0474853515625,328.75,897500
2016-07-18,NESTLEIND,291.82958984375,330.9324951171875,333.2449951171875,328.0,331.6499938964844,788340
2016-07-19,NESTLEIND,292.8901062011719,332.135009765625,334.50250244140625,328.54998779296875,330.5574951171875,912220
2016-07-20,NESTLEIND,294.2833251953125,333.7149963378906,334.75,331.25,331.25,742300
2016-07-21,NESTLEIND,302.8108825683594,343.385009765625,344.9849853515625,333.70001220703125,333.70001220703125,675900
2016-07-22,NESTLEIND,312.0987854003906,353.9175109863281,356.70001220703125,343.8525085449219,343.8525085449219,1426900
2016-07-25,NESTLEIND,314.2218322753906,356.32501220703125,358.49749755859375,349.54998779296875,353.5,619000
2016-07-26,NESTLEIND,315.8818359375,358.2074890136719,360.4949951171875,353.25,355.9949951171875,493980
2016-07-27,NESTLEIND,312.0105895996094,353.8175048828125,358.010009765625,352.2025146484375,357.04998779296875,542400
2016-07-28,NESTLEIND,319.1072082519531,361.864990234375,365.0,354.11248779296875,354.99749755859375,1175420
2016-07-29,NESTLEIND,316.94891357421875,359.4175109863281,368.45001220703125,350.5574951171875,363.20001220703125,1161800
2016-08-01,NESTLEIND,306.5255432128906,347.5975036621094,360.75750732421875,343.7925109863281,358.6000061035156,1521700
2016-08-02,NESTLEIND,301.3028259277344,341.67498779296875,352.9949951171875,340.5,347.75,671880
2016-08-03,NESTLEIND,298.79620361328125,338.8324890136719,348.95001220703125,337.1000061035156,341.3999938964844,412200
2016-08-04,NESTLEIND,300.05499267578125,340.260009765625,344.5150146484375,337.5,339.5,330980
2016-08-05,NESTLEIND,302.03607177734375,341.9024963378906,344.6000061035156,341.0,342.0,433780
2016-08-08,NESTLEIND,302.78033447265625,342.7449951171875,345.25,339.0,344.54998779296875,544220
2016-08-09,NESTLEIND,304.4322509765625,344.614990234375,345.75,340.0,343.29998779296875,357120
2016-08-10,NESTLEIND,302.3297424316406,342.2349853515625,347.54998779296875,340.5,344.70001220703125,375040
2016-08-11,NESTLEIND,302.52191162109375,342.4525146484375,343.75,339.5,342.5,338520
2016-08-12,NESTLEIND,304.5427551269531,344.739990234375,348.75,341.5,344.1000061035156,517600
2016-08-16,NESTLEIND,298.11383056640625,337.4624938964844,344.5,335.6099853515625,344.5,544800
2016-08-17,NESTLEIND,295.6932678222656,334.7225036621094,340.5,333.5,339.44500732421875,573340
2016-08-18,NESTLEIND,295.8058776855469,334.8500061035156,338.4800109863281,333.0,337.25,276060
2016-08-19,NESTLEIND,297.1463928222656,336.36749267578125,337.989990234375,335.0,335.0,142900
2016-08-22,NESTLEIND,299.7083435058594,339.2674865722656,340.3999938964844,335.57000732421875,336.25,629140
2016-08-23,NESTLEIND,300.83685302734375,340.5450134277344,342.42999267578125,339.5,341.5,575460
2016-08-24,NESTLEIND,301.1593017578125,340.9100036621094,343.1499938964844,337.25250244140625,340.75,645800
2016-08-25,NESTLEIND,301.673828125,341.49249267578125,342.5,340.44500732421875,340.95001220703125,528900
2016-08-26,NESTLEIND,301.7356872558594,341.5625,343.01251220703125,340.4849853515625,342.3999938964844,399400
2016-08-29,NESTLEIND,298.208740234375,337.57000732421875,342.45001220703125,336.072509765625,342.45001220703125,842140
2016-08-30,NESTLEIND,295.388427734375,334.37750244140625,338.8125,332.75,337.5,408820
2016-08-31,NESTLEIND,288.23297119140625,326.2774963378906,336.25,323.5,334.3999938964844,1245320
2016-09-01,NESTLEIND,286.6030578613281,324.4324951171875,331.25,323.0150146484375,326.25,521160
2016-09-02,NESTLEIND,284.4387512207031,321.9825134277344,326.3999938964844,321.25,326.3999938964844,287580
2016-09-06,NESTLEIND,289.98211669921875,328.25750732421875,329.5,322.3475036621094,323.8999938964844,615900
2016-09-07,NESTLEIND,285.41705322265625,323.0899963378906,330.0,321.8500061035156,329.04998779296875,1067060
2016-09-08,NESTLEIND,284.0919494628906,321.5899963378906,324.8999938964844,320.6499938964844,322.5,314400
2016-09-09,NESTLEIND,287.4533386230469,325.3949890136719,326.95001220703125,320.0,321.75,516400
2016-09-12,NESTLEIND,284.0655212402344,321.55999755859375,324.75,320.0,324.75,342700
2016-09-14,NESTLEIND,280.2337341308594,317.2225036621094,325.04998779296875,310.0,322.3900146484375,1052840
2016-09-15,NESTLEIND,278.33233642578125,315.07000732421875,317.9375,312.2950134277344,314.5,1672020
2016-09-16,NESTLEIND,282.9966735839844,320.3500061035156,323.3974914550781,315.3999938964844,316.5,877440
2016-09-19,NESTLEIND,279.9245910644531,316.87249755859375,322.5,315.04998779296875,320.3500061035156,1058260
2016-09-20,NESTLEIND,280.0350646972656,316.99749755859375,318.80499267578125,316.17498779296875,317.45001220703125,430520
2016-09-21,NESTLEIND,278.84686279296875,315.6524963378906,318.5,313.5,318.5,628940
2016-09-22,NESTLEIND,284.9091491699219,322.5150146484375,325.8999938964844,315.6499938964844,317.6650085449219,684260
2016-09-23,NESTLEIND,286.86590576171875,324.7300109863281,326.8500061035156,320.125,325.25,1068960
2016-09-26,NESTLEIND,287.29217529296875,325.2124938964844,326.25,320.04998779296875,325.45001220703125,491040
2016-09-27,NESTLEIND,286.5854187011719,324.4125061035156,325.5,320.6050109863281,324.95001220703125,472420
2016-09-28,NESTLEIND,285.008544921875,322.62750244140625,325.3125,321.2275085449219,324.54998779296875,380440
2016-09-29,NESTLEIND,280.62030029296875,317.6600036621094,326.25,311.2699890136719,323.5,691660
2016-09-30,NESTLEIND,284.1383972167969,321.6424865722656,325.0,315.7950134277344,317.6600036621094,1297960
2016-10-03,NESTLEIND,292.4887390136719,331.0950012207031,332.5,321.6449890136719,321.6449890136719,615360
2016-10-04,NESTLEIND,295.096923828125,334.0474853515625,335.0,329.7049865722656,332.5,484380
2016-10-05,NESTLEIND,299.27545166015625,338.7774963378906,340.0,330.7049865722656,334.25,342160
2016-10-06,NESTLEIND,296.9785461425781,336.177490234375,340.7449951171875,333.4024963378906,338.75,263820
2016-10-07,NESTLEIND,297.16851806640625,336.3924865722656,337.29998779296875,332.7699890136719,337.29998779296875,128280
2016-10-10,NESTLEIND,292.96136474609375,331.6300048828125,339.25,330.1499938964844,335.1000061035156,153640
2016-10-13,NESTLEIND,288.999267578125,327.1449890136719,332.45001220703125,326.25,331.5,481120
2016-10-14,NESTLEIND,303.76751708984375,343.86248779296875,346.25,326.6025085449219,327.1449890136719,815860
2016-10-17,NESTLEIND,298.504638671875,337.9049987792969,342.25,334.9825134277344,341.57000732421875,263280
2016-10-18,NESTLEIND,303.6195068359375,343.69500732421875,345.0,332.54998779296875,339.9375,504360
2016-10-19,NESTLEIND,300.0263366699219,339.62750244140625,342.95001220703125,338.0,340.0299987792969,480260
2016-10-20,NESTLEIND,302.2458801269531,342.1400146484375,346.0,336.94500732421875,340.2250061035156,956020
2016-10-21,NESTLEIND,303.407470703125,343.4549865722656,344.75,339.0450134277344,341.5,234060
2016-10-24,NESTLEIND,302.7119140625,342.6675109863281,345.0,340.6075134277344,342.3999938964844,184700
2016-10-25,NESTLEIND,300.0882263183594,339.697509765625,343.2900085449219,338.8500061035156,341.25,1555040
2016-10-26,NESTLEIND,301.47723388671875,341.2699890136719,341.99749755859375,337.0,337.95001220703125,833560
2016-10-27,NESTLEIND,306.4044189453125,346.8475036621094,349.8599853515625,338.0,341.9949951171875,338800
2016-10-28,NESTLEIND,308.5599670410156,349.2875061035156,350.0,342.5425109863281,346.8500061035156,491900
2016-11-01,NESTLEIND,300.1058044433594,339.7174987792969,348.0375061035156,335.31500244140625,346.25,664260
2016-11-02,NESTLEIND,298.551025390625,337.9574890136719,339.5,333.50250244140625,339.5,361340
2016-11-03,NESTLEIND,296.7225036621094,335.88751220703125,339.75,333.29998779296875,337.00250244140625,337320
2016-11-04,NESTLEIND,293.9087829589844,332.7025146484375,338.79998779296875,330.8999938964844,335.8900146484375,354340
2016-11-07,NESTLEIND,285.2514343261719,322.9024963378906,337.5,317.75,333.0050048828125,471160
2016-11-08,NESTLEIND,284.9709777832031,322.5849914550781,325.447509765625,320.5,323.1000061035156,257060
2016-11-09,NESTLEIND,282.1529541015625,319.3949890136719,322.9949951171875,282.802490234375,306.95001220703125,807420
2016-11-10,NESTLEIND,283.5752258300781,321.0050048828125,327.1650085449219,320.04998779296875,322.5,393880
2016-11-11,NESTLEIND,276.2938537597656,312.76251220703125,324.3999938964844,308.1499938964844,324.3999938964844,885140
2016-11-15,NESTLEIND,263.1487731933594,297.88250732421875,314.7449951171875,295.5775146484375,313.0,2123260
2016-11-16,NESTLEIND,263.5,298.2799987792969,304.00250244140625,297.5,299.95001220703125,3487720
2016-11-17,NESTLEIND,263.1643371582031,297.8999938964844,301.45001220703125,296.6499938964844,301.45001220703125,1224200
2016-11-18,NESTLEIND,259.79412841796875,294.0849914550781,299.0,292.54998779296875,298.0,1223680
2016-11-21,NESTLEIND,259.1911926269531,293.4024963378906,297.3500061035156,291.5,294.75,577560
2016-11-22,NESTLEIND,260.3353271484375,294.697509765625,297.0249938964844,292.5,294.9800109863281,1229640
2016-11-23,NESTLEIND,261.30267333984375,295.7925109863281,300.0,293.5,294.70001220703125,2687520
2016-11-24,NESTLEIND,270.4723205566406,306.1724853515625,312.6025085449219,293.375,293.375,541740
2016-11-25,NESTLEIND,272.0535583496094,307.9624938964844,310.0,305.6099853515625,306.1724853515625,1269500
2016-11-28,NESTLEIND,277.7800598144531,314.44500732421875,315.5,306.20001220703125,307.9125061035156,290800
2016-11-29,NESTLEIND,277.78460693359375,314.45001220703125,325.989990234375,311.3125,315.0,1588580
2016-11-30,NESTLEIND,277.81549072265625,314.4849853515625,320.0,312.6000061035156,314.5,877460
2016-12-01,NESTLEIND,277.5658874511719,314.2025146484375,316.2974853515625,310.6300048828125,312.1499938964844,786900
2016-12-02,NESTLEIND,275.22052001953125,311.5474853515625,313.6000061035156,310.5675048828125,313.6000061035156,1260320
2016-12-05,NESTLEIND,275.1343078613281,311.45001220703125,318.2699890136719,306.25,313.75,422960
2016-12-06,NESTLEIND,276.7642517089844,313.2950134277344,314.989990234375,309.5375061035156,312.2250061035156,472500
2016-12-07,NESTLEIND,277.47320556640625,314.0975036621094,316.79998779296875,312.25,313.94000244140625,321820
2016-12-08,NESTLEIND,279.62646484375,316.5350036621094,318.75,314.05499267578125,314.25,385040
2016-12-09,NESTLEIND,281.29364013671875,317.61749267578125,319.635009765625,313.25,316.5,312380
2016-12-12,NESTLEIND,279.5821838378906,315.68499755859375,316.6424865722656,313.20001220703125,315.31500244140625,162240
2016-12-13,NESTLEIND,280.28399658203125,316.4775085449219,316.9949951171875,315.0,316.54998779296875,583800
2016-12-14,NESTLEIND,276.10382080078125,311.75750732421875,317.79998779296875,309.5,316.6700134277344,401840
2016-12-15,NESTLEIND,273.5177307128906,308.8374938964844,313.5474853515625,306.7025146484375,310.0,473060
2016-12-16,NESTLEIND,270.7922058105469,305.760009765625,311.3475036621094,295.6025085449219,311.1650085449219,995180
2016-12-19,NESTLEIND,267.0527038574219,301.5375061035156,306.95001220703125,298.75,306.95001220703125,564960
2016-12-20,NESTLEIND,262.0576477050781,295.8974914550781,303.70001220703125,295.0,302.5,394320
2016-12-21,NESTLEIND,258.8915100097656,292.322509765625,297.4775085449219,291.0,295.79998779296875,1062800
2016-12-22,NESTLEIND,255.41090393066406,288.3924865722656,292.45001220703125,287.5,292.45001220703125,937820
2016-12-23,NESTLEIND,256.9939880371094,290.17999267578125,296.75250244140625,287.29998779296875,288.0,1066260
2016-12-26,NESTLEIND,258.5173645019531,291.8999938964844,292.79998779296875,287.5,290.5,164060
2016-12-27,NESTLEIND,260.2686462402344,293.87750244140625,295.697509765625,289.95001220703125,291.75,503100
2016-12-28,NESTLEIND,261.15875244140625,294.88250732421875,296.55499267578125,292.0150146484375,293.49749755859375,730220
2016-12-29,NESTLEIND,264.55291748046875,298.7149963378906,301.49749755859375,293.25,293.25,726740
2016-12-30,NESTLEIND,266.9462585449219,301.4175109863281,302.4200134277344,295.1025085449219,297.99749755859375,333160
2017-01-02,NESTLEIND,264.55731201171875,298.7200012207031,304.052490234375,296.99749755859375,301.5,327520
2017-01-03,NESTLEIND,266.9042663574219,301.3699951171875,303.49749755859375,298.7550048828125,298.7550048828125,279920
2017-01-04,NESTLEIND,260.8265380859375,294.50750732421875,302.49249267578125,292.54998779296875,302.0,883680
2017-01-05,NESTLEIND,262.2281188964844,296.0899963378906,298.25,291.50250244140625,296.9949951171875,999660
2017-01-06,NESTLEIND,262.5845947265625,296.49249267578125,297.95001220703125,294.5,295.8074951171875,218580
2017-01-09,NESTLEIND,261.7432556152344,295.5425109863281,299.0,294.54998779296875,298.0,104620
2017-01-10,NESTLEIND,261.5174255371094,295.2875061035156,297.25,292.8074951171875,297.0,268440
2017-01-11,NESTLEIND,261.9181213378906,295.739990234375,297.0,293.8500061035156,295.6050109863281,522720
2017-01-12,NESTLEIND,259.2700500488281,292.75,296.75,291.6499938964844,295.0,1000620
2017-01-13,NESTLEIND,261.2317810058594,294.9649963378906,295.75,292.95001220703125,293.8500061035156,412580
2017-01-16,NESTLEIND,260.52984619140625,294.1724853515625,295.75,293.5450134277344,295.50250244140625,100180
2017-01-17,NESTLEIND,261.0767517089844,294.7900085449219,295.7250061035156,292.552490234375,294.1474914550781,206080
2017-01-18,NESTLEIND,262.0708923339844,295.9125061035156,297.5,293.6000061035156,294.25750732421875,883100
2017-01-19,NESTLEIND,261.769775390625,295.572509765625,296.95001220703125,294.29998779296875,295.9125061035156,630120
2017-01-20,NESTLEIND,261.2538757324219,294.989990234375,295.5050048828125,293.54998779296875,295.25,4585220
2017-01-23,NESTLEIND,262.3277893066406,296.2025146484375,297.00250244140625,292.7025146484375,292.7025146484375,397240
2017-01-24,NESTLEIND,263.82012939453125,297.88751220703125,299.95001220703125,294.0824890136719,295.760009765625,370280
2017-01-25,NESTLEIND,264.18316650390625,298.2974853515625,299.6499938964844,296.0,298.99749755859375,1521500
2017-01-27,NESTLEIND,261.8915710449219,295.7099914550781,300.25,292.54998779296875,298.75,718140
2017-01-30,NESTLEIND,261.2406921386719,294.9750061035156,298.75,294.0,298.30999755859375,839700
2017-01-31,NESTLEIND,259.13067626953125,292.5924987792969,296.0,291.3999938964844,294.1000061035156,4553860
2017-02-01,NESTLEIND,261.8140563964844,295.62249755859375,296.75,291.73748779296875,294.8999938964844,370180
2017-02-02,NESTLEIND,265.4385986328125,299.7149963378906,301.5,294.25,296.70001220703125,572820
2017-02-03,NESTLEIND,269.60980224609375,304.42498779296875,307.25,298.54998779296875,299.989990234375,513780
2017-02-06,NESTLEIND,279.21905517578125,315.2749938964844,317.29998779296875,304.25,304.25,602260
2017-02-07,NESTLEIND,271.3701171875,306.4125061035156,317.5,303.75,315.0,705680
2017-02-08,NESTLEIND,274.2417907714844,309.6549987792969,310.5,307.0,309.74749755859375,687160
2017-02-09,NESTLEIND,274.401123046875,309.8349914550781,311.0,306.8999938964844,306.8999938964844,1090260
2017-02-10,NESTLEIND,273.58197021484375,308.9100036621094,310.0,304.5299987792969,309.75,713560
2017-02-13,NESTLEIND,274.5539855957031,310.00750732421875,310.5,308.00250244140625,308.00250244140625,1312000
2017-02-14,NESTLEIND,274.2417907714844,309.6549987792969,310.25,305.75250244140625,310.00250244140625,327860
2017-02-15,NESTLEIND,273.1900939941406,308.4674987792969,313.7674865722656,307.05499267578125,309.6549987792969,404360
2017-02-16,NESTLEIND,274.89276123046875,310.3900146484375,312.5,298.11749267578125,304.8999938964844,1329920
2017-02-17,NESTLEIND,276.3407897949219,312.0249938964844,313.3500061035156,306.25,310.04998779296875,629700
2017-02-20,NESTLEIND,278.2713928222656,314.2049865722656,314.5,307.75,307.75,778240
2017-02-21,NESTLEIND,282.36309814453125,318.82501220703125,322.5,311.05999755859375,313.95001220703125,918260
2017-02-22,NESTLEIND,283.3062744140625,319.8900146484375,321.5,316.67498779296875,320.0,307640
2017-02-23,NESTLEIND,282.5999755859375,319.0924987792969,320.75,315.3299865722656,318.75250244140625,300680
2017-02-27,NESTLEIND,280.73345947265625,316.9849853515625,321.0,315.5,319.94500732421875,285640
2017-02-28,NESTLEIND,276.9495544433594,312.7124938964844,319.73748779296875,311.5,317.1700134277344,651900
2017-03-01,NESTLEIND,276.7791442871094,312.5199890136719,316.20001220703125,311.6499938964844,311.75750732421875,190440
2017-03-02,NESTLEIND,274.4410095214844,309.8800048828125,315.0,307.3999938964844,313.0,510000
2017-03-03,NESTLEIND,274.08465576171875,309.4775085449219,311.75,308.2149963378906,309.50750732421875,631160
2017-03-06,NESTLEIND,277.7666320800781,313.635009765625,315.0,308.2550048828125,308.2550048828125,199600
2017-03-07,NESTLEIND,279.8190612792969,315.9525146484375,319.2074890136719,309.5,313.7550048828125,1713360
2017-03-08,NESTLEIND,281.0301513671875,317.32000732421875,318.6050109863281,313.1424865722656,315.3074951171875,251720
2017-03-09,NESTLEIND,275.02557373046875,310.5400085449219,318.25,309.0,318.25,494640
2017-03-10,NESTLEIND,271.5251159667969,306.5874938964844,313.4949951171875,305.5,313.4949951171875,399760
2017-03-14,NESTLEIND,270.9782409667969,305.9700012207031,312.3999938964844,304.55999755859375,312.3999938964844,570700
2017-03-15,NESTLEIND,270.33831787109375,305.24749755859375,308.0474853515625,304.45001220703125,307.5,933540
2017-03-16,NESTLEIND,272.3509216308594,307.5199890136719,308.0,305.0,307.25,886500
2017-03-17,NESTLEIND,275.5259704589844,311.1050109863281,312.45001220703125,307.25,307.75250244140625,1026000
2017-03-20,NESTLEIND,278.8338317871094,314.8399963378906,315.0,310.5,312.45001220703125,652220
2017-03-21,NESTLEIND,280.53424072265625,316.760009765625,317.2974853515625,312.75,315.0,671260
2017-03-22,NESTLEIND,280.8175964355469,317.0799865722656,317.8299865722656,312.7449951171875,315.04998779296875,615420
2017-03-23,NESTLEIND,280.6670837402344,316.9100036621094,317.625,314.05999755859375,315.79998779296875,1014060
2017-03-24,NESTLEIND,281.3025207519531,317.62750244140625,319.0,313.9725036621094,316.3450012207031,455440
2017-03-27,NESTLEIND,286.208984375,323.1675109863281,324.95001220703125,315.54998779296875,319.1499938964844,379140
2017-03-28,NESTLEIND,287.8983154296875,325.07501220703125,327.0,320.1199951171875,323.1675109863281,396420
2017-03-29,NESTLEIND,287.5307922363281,324.6600036621094,326.25,321.0,325.5,1284320
2017-03-30,NESTLEIND,292.49029541015625,330.260009765625,331.9674987792969,323.24749755859375,324.6600036621094,1274600
2017-03-31,NESTLEIND,295.8314208984375,334.0325012207031,336.0,327.875,330.0,836860
2017-04-03,NESTLEIND,291.31024169921875,328.927490234375,333.29998779296875,328.0174865722656,330.6025085449219,230200
2017-04-05,NESTLEIND,293.5022277832031,331.4024963378906,332.5,327.54998779296875,327.54998779296875,456900
2017-04-06,NESTLEIND,293.0039367675781,330.8399963378906,332.5,329.79998779296875,330.0,497420
2017-04-07,NESTLEIND,293.1323547363281,330.9849853515625,332.20001220703125,329.70001220703125,330.29998779296875,489800
2017-04-10,NESTLEIND,293.5220947265625,331.42498779296875,332.70001220703125,326.8599853515625,331.20001220703125,485360
2017-04-11,NESTLEIND,290.45556640625,327.9624938964844,331.427490234375,326.88250732421875,331.42498779296875,319300
2017-04-12,NESTLEIND,288.6599426269531,325.93499755859375,330.0,320.75,328.697509765625,543320
2017-04-13,NESTLEIND,285.0974426269531,321.9125061035156,328.0,320.1549987792969,328.0,458460
2017-04-17,NESTLEIND,279.5091247558594,315.6025085449219,324.45001220703125,315.0,324.45001220703125,368420
2017-04-18,NESTLEIND,280.6492614746094,316.8900146484375,318.54998779296875,315.61248779296875,316.29998779296875,734660
2017-04-19,NESTLEIND,278.91131591796875,314.927490234375,317.20001220703125,314.0,315.75,285160
2017-04-20,NESTLEIND,280.7357177734375,316.98748779296875,319.447509765625,315.0,318.5050048828125,294180
2017-04-21,NESTLEIND,281.3534240722656,317.68499755859375,318.54998779296875,315.1499938964844,317.5,239840
2017-04-24,NESTLEIND,278.4352111816406,314.3900146484375,317.7875061035156,313.38751220703125,317.68499755859375,455840
2017-04-25,NESTLEIND,279.9984436035156,316.1549987792969,318.20001220703125,314.5,315.0,877520
2017-04-26,NESTLEIND,284.479736328125,321.2149963378906,322.20001220703125,315.5,315.5,390920
2017-04-27,NESTLEIND,296.78338623046875,335.1075134277344,336.5,321.38751220703125,322.45001220703125,1318120
2017-04-28,NESTLEIND,296.5886535644531,334.88751220703125,339.2950134277344,333.510009765625,335.0,1058700
2017-05-02,NESTLEIND,297.3547058105469,335.75250244140625,337.3424987792969,334.1524963378906,336.19500732421875,756060
2017-05-03,NESTLEIND,297.3767395019531,335.7774963378906,336.75,334.5,336.25,478000
2017-05-04,NESTLEIND,298.26025390625,336.7749938964844,337.75,334.5,334.5,360580
2017-05-05,NESTLEIND,297.8594665527344,336.322509765625,337.4949951171875,333.4024963378906,336.75,468520
2017-05-08,NESTLEIND,297.0933837890625,335.4574890136719,337.3999938964844,331.6050109863281,335.1000061035156,346440
2017-05-09,NESTLEIND,296.9007873535156,335.239990234375,336.2449951171875,333.9200134277344,335.4574890136719,215020
2017-05-10,NESTLEIND,306.4457092285156,346.0174865722656,350.0,335.00250244140625,335.5824890136719,2007800
2017-05-11,NESTLEIND,303.6205749511719,342.8275146484375,349.2250061035156,341.55999755859375,348.8999938964844,470660
2017-05-12,NESTLEIND,302.0640869140625,341.07000732421875,344.947509765625,339.0299987792969,342.8525085449219,1739640
2017-05-15,NESTLEIND,292.6940002441406,330.489990234375,337.5474853515625,329.1000061035156,336.04998779296875,1518800
2017-05-16,NESTLEIND,286.91082763671875,323.9599914550781,331.5975036621094,322.5,330.79998779296875,980300
2017-05-17,NESTLEIND,290.3824462890625,327.8800048828125,328.75,324.947509765625,325.0,525160
2017-05-18,NESTLEIND,289.1359558105469,326.4725036621094,329.20001220703125,325.20001220703125,325.50250244140625,1166020
2017-05-19,NESTLEIND,291.033447265625,326.7025146484375,330.42999267578125,323.1474914550781,327.95001220703125,580900
2017-05-22,NESTLEIND,293.78607177734375,329.7925109863281,332.2449951171875,325.54998779296875,325.54998779296875,468120
2017-05-23,NESTLEIND,293.280517578125,329.2250061035156,334.3699951171875,325.3324890136719,329.7925109863281,969800
2017-05-24,NESTLEIND,290.7216796875,326.3525085449219,329.55999755859375,324.5,329.55999755859375,1119340
2017-05-25,NESTLEIND,289.44775390625,324.9224853515625,329.0,323.5,327.75,999600
2017-05-26,NESTLEIND,296.1333923339844,332.427490234375,336.9599914550781,326.31500244140625,327.45001220703125,1824800
2017-05-29,NESTLEIND,294.74365234375,330.86749267578125,333.552490234375,329.1025085449219,330.54998779296875,1155900
2017-05-30,NESTLEIND,294.0065612792969,330.0400085449219,332.7225036621094,328.5050048828125,330.0849914550781,211280
2017-05-31,NESTLEIND,295.9796447753906,332.2550048828125,334.5150146484375,330.37750244140625,330.37750244140625,1622280
2017-06-01,NESTLEIND,294.2314758300781,330.2925109863281,332.3074951171875,327.29998779296875,332.1000061035156,406300
2017-06-02,NESTLEIND,296.1355285644531,332.42999267578125,334.552490234375,330.49749755859375,330.79998779296875,599820
2017-06-05,NESTLEIND,299.0574951171875,335.7099914550781,339.8999938964844,331.760009765625,333.95001220703125,694820
2017-06-06,NESTLEIND,297.4095153808594,333.8599853515625,337.5,330.4849853515625,336.0,369200
2017-06-07,NESTLEIND,297.0798645019531,333.489990234375,336.0,331.7774963378906,333.5,653820
2017-06-08,NESTLEIND,296.2803649902344,332.5924987792969,335.2449951171875,330.54998779296875,333.45001220703125,647580
2017-06-09,NESTLEIND,296.9773864746094,333.375,335.5,331.4849853515625,332.6000061035156,491160
2017-06-12,NESTLEIND,296.6500549316406,333.00750732421875,335.4125061035156,331.4700012207031,333.9949951171875,622420
2017-06-13,NESTLEIND,297.9840393066406,334.5050048828125,335.45001220703125,332.0,333.25,296360
2017-06-14,NESTLEIND,297.72796630859375,334.2174987792969,335.4599914550781,332.5174865722656,334.5,827260
2017-06-15,NESTLEIND,297.8615417480469,334.36749267578125,335.24749755859375,333.3125,334.8949890136719,807420
2017-06-16,NESTLEIND,301.08636474609375,337.98748779296875,341.0,333.8125,334.69500732421875,714600
2017-06-19,NESTLEIND,300.1331481933594,336.9175109863281,342.5,334.24749755859375,339.04998779296875,617280
2017-06-20,NESTLEIND,298.378173828125,334.947509765625,337.25,334.0299987792969,335.5,401620
2017-06-21,NESTLEIND,301.0729064941406,337.9725036621094,339.01251220703125,331.0299987792969,333.5,691980
2017-06-22,NESTLEIND,301.96826171875,338.9775085449219,341.8500061035156,336.26251220703125,337.95001220703125,605760
2017-06-23,NESTLEIND,295.7369384765625,331.9825134277344,339.0,330.552490234375,337.6000061035156,613400
2017-06-27,NESTLEIND,293.9686584472656,329.99749755859375,333.1499938964844,326.5,332.54998779296875,656440
2017-06-28,NESTLEIND,296.1355285644531,332.42999267578125,333.0,330.3575134277344,331.5050048828125,336620
2017-06-29,NESTLEIND,300.59417724609375,337.43499755859375,339.0,332.552490234375,332.75,657380
2017-06-30,NESTLEIND,300.0641174316406,336.8399963378906,338.95001220703125,333.302490234375,335.25250244140625,1169680
2017-07-03,NESTLEIND,300.13543701171875,336.9200134277344,341.5,333.74749755859375,337.32501220703125,1480960
2017-07-04,NESTLEIND,304.9591369628906,342.3349914550781,343.25,337.2925109863281,339.75,1031500
2017-07-05,NESTLEIND,307.70513916015625,345.4175109863281,349.45001220703125,341.54998779296875,341.54998779296875,953220
2017-07-06,NESTLEIND,308.1349792480469,345.8999938964844,349.0,344.9200134277344,345.6000061035156,496240
2017-07-07,NESTLEIND,305.99920654296875,343.50250244140625,347.8999938964844,342.8999938964844,345.8999938964844,449400
2017-07-10,NESTLEIND,303.1241149902344,340.2749938964844,344.95001220703125,338.8999938964844,340.6025085449219,174660
2017-07-11,NESTLEIND,301.9192810058594,338.9224853515625,343.5,335.79998779296875,343.5,694300
2017-07-12,NESTLEIND,303.863525390625,341.1050109863281,342.20001220703125,338.00250244140625,342.20001220703125,588240
2017-07-13,NESTLEIND,302.24658203125,339.2900085449219,344.5,338.3525085449219,343.8999938964844,1203740
2017-07-14,NESTLEIND,303.36688232421875,340.5474853515625,341.9849853515625,339.5249938964844,341.25,1007600
2017-07-17,NESTLEIND,306.3622131347656,343.9100036621094,344.95001220703125,339.0924987792969,342.2349853515625,351040
2017-07-18,NESTLEIND,305.217529296875,342.625,347.45001220703125,341.04998779296875,342.75,823980
2017-07-19,NESTLEIND,309.03021240234375,346.9049987792969,347.2449951171875,343.1099853515625,344.8999938964844,594860
2017-07-20,NESTLEIND,305.9703369140625,343.4700012207031,347.9800109863281,343.0,347.9800109863281,148760
2017-07-21,NESTLEIND,303.19305419921875,340.3525085449219,346.25,339.75,344.8999938964844,714960
2017-07-24,NESTLEIND,304.4759216308594,341.7925109863281,343.0,340.5,342.45001220703125,598420
2017-07-25,NESTLEIND,303.7497863769531,340.9775085449219,343.0,339.7650146484375,343.0,710200
2017-07-26,NESTLEIND,302.2400207519531,339.2825012207031,344.99749755859375,337.5,341.25,726480
2017-07-27,NESTLEIND,302.8635559082031,339.9825134277344,343.3500061035156,336.62249755859375,339.9750061035156,1306980
2017-07-28,NESTLEIND,302.0195617675781,339.0350036621094,340.25,336.7650146484375,340.1050109863281,532940
2017-07-31,NESTLEIND,301.4159851074219,338.3575134277344,339.94500732421875,336.50250244140625,339.25,822740
2017-08-01,NESTLEIND,298.55865478515625,335.1499938964844,339.5,333.7925109863281,336.6000061035156,1226240
2017-08-02,NESTLEIND,299.6122131347656,335.5799865722656,337.2699890136719,334.75,337.0,549260
2017-08-03,NESTLEIND,300.4916076660156,336.56500244140625,337.4425048828125,334.00250244140625,334.80499267578125,1417180
2017-08-04,NESTLEIND,299.19464111328125,335.11248779296875,337.3974914550781,330.36749267578125,334.1700134277344,361360
2017-08-07,NESTLEIND,300.8844299316406,337.0050048828125,337.70001220703125,334.25,335.00250244140625,443080
2017-08-08,NESTLEIND,298.2706604003906,334.0775146484375,337.5050048828125,332.3599853515625,336.5,551000
2017-08-09,NESTLEIND,300.4313659667969,336.49749755859375,337.2200012207031,333.0,333.0050048828125,740460
2017-08-10,NESTLEIND,296.5320129394531,332.1300048828125,337.5,327.75,335.0,1809520
2017-08-11,NESTLEIND,292.14373779296875,327.2149963378906,329.25,326.6000061035156,328.1000061035156,558640
2017-08-14,NESTLEIND,296.9716491699219,332.62249755859375,337.6000061035156,327.6000061035156,327.6000061035156,450460
2017-08-16,NESTLEIND,298.21490478515625,334.0150146484375,336.99249267578125,330.1000061035156,330.1000061035156,372720
2017-08-17,NESTLEIND,296.9873046875,332.6400146484375,336.37249755859375,332.0,334.5,376060
2017-08-18,NESTLEIND,297.01409912109375,332.6700134277344,336.7225036621094,331.0,331.0,1237680
2017-08-21,NESTLEIND,295.48956298828125,330.9624938964844,333.5249938964844,328.9024963378906,332.0,736100
2017-08-22,NESTLEIND,294.8244323730469,330.2174987792969,336.75,329.29998779296875,331.30499267578125,929440
2017-08-23,NESTLEIND,294.9002380371094,330.302490234375,335.20001220703125,329.79998779296875,335.20001220703125,400640
2017-08-24,NESTLEIND,294.74627685546875,330.1300048828125,332.5,330.052490234375,331.4324951171875,565000
2017-08-28,NESTLEIND,314.65618896484375,352.42999267578125,353.70001220703125,332.5,333.6000061035156,4220020
2017-08-29,NESTLEIND,310.5313720703125,347.80999755859375,353.25,344.38751220703125,351.6000061035156,1576560
2017-08-30,NESTLEIND,313.9798278808594,351.6724853515625,352.95001220703125,343.50750732421875,351.5,1705480
2017-08-31,NESTLEIND,317.8994140625,356.0625,357.0,347.5474853515625,352.5,1868940
2017-09-01,NESTLEIND,313.16961669921875,350.7650146484375,355.74749755859375,350.1499938964844,355.0,641800
2017-09-04,NESTLEIND,306.4512023925781,343.239990234375,353.70001220703125,342.55499267578125,353.70001220703125,1040700
2017-09-05,NESTLEIND,313.7253723144531,351.38751220703125,352.25,344.0,344.0,1907140
2017-09-06,NESTLEIND,311.3058776855469,348.677490234375,349.822509765625,345.7250061035156,348.45001220703125,1046380
2017-09-07,NESTLEIND,318.40374755859375,356.62750244140625,358.45001220703125,346.6025085449219,349.99749755859375,1639880
2017-09-08,NESTLEIND,321.4772644042969,360.07000732421875,361.25,356.54998779296875,359.38250732421875,1313060
2017-09-11,NESTLEIND,325.6646423339844,364.760009765625,365.95001220703125,359.3999938964844,359.3999938964844,1021840
2017-09-12,NESTLEIND,329.8407287597656,369.4375,370.45001220703125,361.5299987792969,366.5,1271300
2017-09-13,NESTLEIND,323.1691589355469,361.9649963378906,370.5,360.5,369.010009765625,1057140
2017-09-14,NESTLEIND,322.93701171875,361.7049865722656,367.3500061035156,360.3599853515625,367.3500061035156,1102820
2017-09-15,NESTLEIND,328.0685729980469,367.4525146484375,368.45001220703125,360.80499267578125,361.00250244140625,1083900
2017-09-18,NESTLEIND,325.3655090332031,364.42498779296875,367.3450012207031,364.072509765625,365.5,282640
2017-09-19,NESTLEIND,323.8611145019531,362.739990234375,366.25,362.0,365.0,334240
2017-09-20,NESTLEIND,321.5643310546875,360.1675109863281,362.5,358.1600036621094,362.5,647580
2017-09-21,NESTLEIND,319.0131530761719,357.30999755859375,360.5899963378906,355.2200012207031,360.1000061035156,2272880
2017-09-22,NESTLEIND,320.0555114746094,358.4775085449219,360.19500732421875,355.3525085449219,357.5,341320
2017-09-25,NESTLEIND,319.0220642089844,357.32000732421875,360.0,352.5474853515625,356.5,629600
2017-09-26,NESTLEIND,314.9284362792969,352.7349853515625,358.635009765625,351.54998779296875,355.6499938964844,449400
2017-09-27,NESTLEIND,317.04217529296875,355.1025085449219,356.74749755859375,350.4100036621094,353.9375,982240
2017-09-28,NESTLEIND,318.6291809082031,356.8800048828125,362.1099853515625,353.57000732421875,355.50250244140625,1105860
2017-09-29,NESTLEIND,322.1513671875,360.82501220703125,362.7650146484375,356.0,356.00250244140625,977220
2017-10-03,NESTLEIND,326.30523681640625,365.4775085449219,369.74749755859375,362.99749755859375,365.0,997120
2017-10-04,NESTLEIND,327.2449951171875,366.5299987792969,367.74249267578125,361.2025146484375,362.1000061035156,478140
2017-10-05,NESTLEIND,324.1312561035156,363.0425109863281,367.24749755859375,362.5,365.5,168800
2017-10-06,NESTLEIND,328.2359924316406,367.6400146484375,369.0,362.552490234375,365.04998779296875,632400
2017-10-09,NESTLEIND,325.66241455078125,364.75750732421875,368.95001220703125,364.1499938964844,367.7449951171875,248000
2017-10-10,NESTLEIND,325.3543395996094,364.4125061035156,367.3500061035156,363.57501220703125,367.3500061035156,337580
2017-10-11,NESTLEIND,325.37890625,364.44000244140625,365.947509765625,362.7225036621094,364.75,691400
2017-10-12,NESTLEIND,329.4903259277344,369.0450134277344,374.1499938964844,364.45001220703125,365.0,1478900
2017-10-13,NESTLEIND,327.9056091308594,367.2699890136719,370.0,365.9674987792969,369.0,3612660
2017-10-16,NESTLEIND,325.1133117675781,364.1424865722656,369.95001220703125,363.25250244140625,365.25,406180
2017-10-17,NESTLEIND,329.1801452636719,368.697509765625,369.3999938964844,361.802490234375,364.9949951171875,356180
2017-10-18,NESTLEIND,323.4571228027344,362.2875061035156,368.6499938964844,361.0675048828125,368.6499938964844,313560
2017-10-19,NESTLEIND,322.1379699707031,360.80999755859375,364.99749755859375,359.1400146484375,364.25,76200
2017-10-23,NESTLEIND,322.1379699707031,360.80999755859375,366.24749755859375,360.1000061035156,362.5,1214120
2017-10-24,NESTLEIND,323.1356506347656,361.927490234375,363.8500061035156,360.00250244140625,363.8500061035156,152320
2017-10-25,NESTLEIND,319.3345031738281,357.6700134277344,363.0,355.86248779296875,363.0,518680
2017-10-26,NESTLEIND,318.9550476074219,357.2449951171875,359.9324951171875,355.50250244140625,358.95001220703125,3204520
2017-10-27,NESTLEIND,320.1045837402344,358.5325012207031,360.5,356.4024963378906,358.67498779296875,351720
2017-10-30,NESTLEIND,322.2919921875,360.9825134277344,361.947509765625,359.0,359.0,404080
2017-10-31,NESTLEIND,323.15582275390625,361.95001220703125,365.0,359.55499267578125,361.95001220703125,579700
2017-11-01,NESTLEIND,326.66900634765625,365.885009765625,369.1449890136719,360.1650085449219,363.20001220703125,977780
2017-11-02,NESTLEIND,325.3364562988281,364.3924865722656,367.5,363.0425109863281,366.49749755859375,396220
2017-11-03,NESTLEIND,330.9433898925781,370.6724853515625,371.79998779296875,358.0,365.0,1903060
2017-11-06,NESTLEIND,339.02349853515625,379.7225036621094,387.0,364.3949890136719,370.6724853515625,2166040
2017-11-07,NESTLEIND,343.5343933105469,384.7749938964844,388.697509765625,380.0,380.0,1666780
2017-11-08,NESTLEIND,349.4827880859375,391.4375,394.8500061035156,381.04998779296875,381.04998779296875,1794720
2017-11-09,NESTLEIND,348.1680603027344,389.9649963378906,394.92999267578125,388.6499938964844,391.447509765625,2728840
2017-11-10,NESTLEIND,347.5408020019531,389.26251220703125,393.1449890136719,382.00750732421875,391.0,1277720
2017-11-13,NESTLEIND,344.6214294433594,385.99249267578125,398.7074890136719,382.4024963378906,397.2974853515625,1114240
2017-11-14,NESTLEIND,341.0858154296875,382.0325012207031,389.19500732421875,380.50250244140625,386.0050048828125,494060
2017-11-15,NESTLEIND,344.6772155761719,386.05499267578125,388.75,377.1524963378906,383.0,2060140
2017-11-16,NESTLEIND,341.1974182128906,382.1575012207031,391.19000244140625,381.2724914550781,386.82501220703125,605560
2017-11-17,NESTLEIND,343.3044738769531,384.5174865722656,389.49749755859375,383.0,383.5299987792969,303580
2017-11-20,NESTLEIND,344.840087890625,386.23748779296875,391.3500061035156,383.79998779296875,384.5174865722656,751640
2017-11-21,NESTLEIND,345.71502685546875,387.2174987792969,388.6499938964844,385.50250244140625,385.50250244140625,408460
2017-11-22,NESTLEIND,339.556884765625,380.32000732421875,387.3500061035156,379.25750732421875,387.3500061035156,1112200
2017-11-23,NESTLEIND,339.4832458496094,380.23748779296875,382.6499938964844,379.5,382.6499938964844,562600
2017-11-24,NESTLEIND,334.90753173828125,375.11248779296875,381.61248779296875,373.75,381.5474853515625,1101900
2017-11-27,NESTLEIND,334.5504150390625,374.7124938964844,377.19000244140625,371.75,375.05999755859375,508360
2017-11-28,NESTLEIND,334.7089538574219,374.8900146484375,377.5,373.135009765625,376.49749755859375,939980
2017-11-29,NESTLEIND,335.2735900878906,375.5224914550781,378.45001220703125,371.0,371.04998779296875,1378440
2017-11-30,NESTLEIND,342.1058654785156,383.17498779296875,385.0,373.5824890136719,374.0,1947080
2017-12-01,NESTLEIND,343.57684326171875,384.822509765625,387.6499938964844,381.50250244140625,382.99749755859375,820120
2017-12-04,NESTLEIND,343.9740905761719,385.2674865722656,386.95001220703125,381.6724853515625,386.4949951171875,674760
2017-12-05,NESTLEIND,343.33795166015625,384.55499267578125,387.2300109863281,382.1875,385.2449951171875,699400
2017-12-06,NESTLEIND,344.1214904785156,385.4324951171875,387.5,383.9549865722656,384.5,1534960
2017-12-07,NESTLEIND,348.958251953125,390.8500061035156,393.5050048828125,385.072509765625,386.25,1396860
2017-12-08,NESTLEIND,353.60308837890625,396.052490234375,399.447509765625,389.75250244140625,390.0,1628380
2017-12-11,NESTLEIND,352.9128723144531,393.63250732421875,397.0,392.1000061035156,394.99749755859375,812720
2017-12-12,NESTLEIND,355.60699462890625,396.63751220703125,397.5,392.4024963378906,394.20001220703125,806720
2017-12-13,NESTLEIND,355.7436218261719,396.7900085449219,398.1424865722656,392.54998779296875,396.00250244140625,511740
2017-12-14,NESTLEIND,353.1010437011719,393.8424987792969,401.9525146484375,390.7749938964844,401.75,608260
2017-12-15,NESTLEIND,351.8391418457031,392.43499755859375,395.0,391.70001220703125,395.0,1238320
2017-12-18,NESTLEIND,355.43878173828125,396.45001220703125,397.45001220703125,384.74749755859375,392.5,398020
2017-12-19,NESTLEIND,354.01556396484375,394.86248779296875,397.45001220703125,393.75,397.45001220703125,557980
2017-12-20,NESTLEIND,356.1673583984375,397.26251220703125,399.95001220703125,394.9549865722656,395.75,818160
2017-12-21,NESTLEIND,354.11419677734375,394.9725036621094,398.55499267578125,394.5,397.5350036621094,401980
2017-12-22,NESTLEIND,353.39019775390625,394.1650085449219,396.4375,392.0,394.9725036621094,448740
2017-12-26,NESTLEIND,350.9336853027344,391.42498779296875,395.3999938964844,390.4425048828125,394.2225036621094,319280
2017-12-27,NESTLEIND,346.99102783203125,387.0274963378906,393.20001220703125,385.6099853515625,393.20001220703125,283800
2017-12-28,NESTLEIND,346.6526184082031,386.6499938964844,391.25,383.75,390.0,366340
2017-12-29,NESTLEIND,352.83441162109375,393.5450134277344,395.45001220703125,385.7825012207031,385.7825012207031,610540
2018-01-01,NESTLEIND,352.4891662597656,393.1600036621094,395.0799865722656,391.42999267578125,395.0,132120
2018-01-02,NESTLEIND,352.5049133300781,393.177490234375,396.1524963378906,392.1499938964844,392.75,1312260
2018-01-03,NESTLEIND,352.3501892089844,393.0050048828125,396.75,392.50750732421875,395.0,558960
2018-01-04,NESTLEIND,352.7603759765625,393.4624938964844,395.1099853515625,391.95001220703125,393.25,558040
2018-01-05,NESTLEIND,352.2000732421875,392.8374938964844,394.20001220703125,392.04998779296875,392.31500244140625,199400
2018-01-08,NESTLEIND,355.9834899902344,397.0574951171875,398.427490234375,391.5,391.5,718380
2018-01-09,NESTLEIND,348.72589111328125,388.9624938964844,398.4425048828125,384.3999938964844,397.0574951171875,1168880
2018-01-10,NESTLEIND,351.7472839355469,392.3324890136719,393.3299865722656,388.9649963378906,392.5,440920
2018-01-11,NESTLEIND,352.98675537109375,393.7149963378906,395.5,390.4175109863281,392.739990234375,941200
2018-01-12,NESTLEIND,349.1741943359375,389.4624938964844,395.00250244140625,387.25250244140625,393.8999938964844,646820
2018-01-15,NESTLEIND,347.77105712890625,387.8974914550781,393.0,387.25,390.75,528080
2018-01-16,NESTLEIND,348.51751708984375,388.7300109863281,391.24749755859375,386.1000061035156,388.0,559140
2018-01-17,NESTLEIND,347.9481506347656,388.0950012207031,390.75,383.8299865722656,389.9849853515625,1404800
2018-01-18,NESTLEIND,346.7960510253906,386.80999755859375,391.5,384.3299865722656,391.5,600020
2018-01-19,NESTLEIND,344.3059387207031,384.0325012207031,390.0,383.3500061035156,390.0,380740
2018-01-22,NESTLEIND,343.6939697265625,383.3500061035156,385.75,382.00750732421875,383.37750244140625,621240
2018-01-23,NESTLEIND,340.67706298828125,379.9849853515625,384.95001220703125,379.25,384.95001220703125,734760
2018-01-24,NESTLEIND,340.3722229003906,379.6449890136719,381.697509765625,377.42498779296875,381.5,317260
2018-01-25,NESTLEIND,335.7931213378906,374.5375061035156,381.2799987792969,371.6499938964844,377.6499938964844,748760
2018-01-29,NESTLEIND,337.5906677246094,376.5425109863281,379.3475036621094,373.0,376.5,931460
2018-01-30,NESTLEIND,334.23089599609375,372.7950134277344,376.0625,370.25250244140625,376.0,577440
2018-01-31,NESTLEIND,334.8247985839844,373.4574890136719,375.70001220703125,370.80999755859375,374.197509765625,496780
2018-02-01,NESTLEIND,327.7286376953125,365.5425109863281,376.8475036621094,364.0,374.95001220703125,2127900
2018-02-02,NESTLEIND,319.8658447265625,356.7724914550781,370.75,356.25,365.0,1288260
2018-02-05,NESTLEIND,319.8321533203125,356.7349853515625,359.95001220703125,349.88250732421875,356.5,1111500
2018-02-06,NESTLEIND,314.5246276855469,350.81500244140625,351.7550048828125,349.25,350.0,1364380
2018-02-07,NESTLEIND,314.10772705078125,350.3500061035156,355.79998779296875,348.7900085449219,354.8974914550781,801720
2018-02-08,NESTLEIND,313.1663513183594,349.29998779296875,354.70001220703125,344.36248779296875,350.70001220703125,1365780
2018-02-09,NESTLEIND,312.43341064453125,348.4825134277344,351.6600036621094,346.1099853515625,348.6499938964844,1490640
2018-02-12,NESTLEIND,320.1549072265625,357.0950012207031,359.95001220703125,349.7025146484375,349.8999938964844,2097700
2018-02-14,NESTLEIND,325.6710205078125,363.24749755859375,369.2099914550781,358.1000061035156,360.0,2348980
2018-02-15,NESTLEIND,339.9374694824219,379.1600036621094,382.25,371.3525085449219,375.0,7088720
2018-02-16,NESTLEIND,340.3699951171875,379.6424865722656,386.0,378.75,382.5,1539820
2018-02-19,NESTLEIND,336.50811767578125,375.3349914550781,381.5,374.50250244140625,381.5,1014920
2018-02-20,NESTLEIND,339.4645080566406,378.63250732421875,380.2974853515625,376.0,376.0,997300
2018-02-21,NESTLEIND,340.5807189941406,379.87750244140625,380.92999267578125,378.5249938964844,378.95001220703125,1467340
2018-02-22,NESTLEIND,338.1488342285156,377.1650085449219,382.94500732421875,373.9624938964844,379.95001220703125,1888420
2018-02-23,NESTLEIND,339.91949462890625,379.1400146484375,380.947509765625,376.30499267578125,378.6499938964844,1329280
2018-02-26,NESTLEIND,341.8223876953125,381.26251220703125,382.5,378.1075134277344,380.75,1317880
2018-02-27,NESTLEIND,347.8607482910156,387.99749755859375,389.70001220703125,381.0,382.20001220703125,1397660
2018-02-28,NESTLEIND,347.9368591308594,388.0824890136719,393.70001220703125,385.947509765625,387.95001220703125,1511520
2018-03-01,NESTLEIND,351.87054443359375,392.4700012207031,393.79998779296875,388.8500061035156,388.8500061035156,1221720
2018-03-05,NESTLEIND,345.8009338378906,385.70001220703125,394.0,384.760009765625,394.0,1272860
2018-03-06,NESTLEIND,344.6734924316406,384.4425048828125,389.0,382.5,388.1700134277344,1246120
2018-03-07,NESTLEIND,345.372802734375,385.2225036621094,389.8999938964844,382.5174865722656,385.4949951171875,1227760
2018-03-08,NESTLEIND,345.62384033203125,385.50250244140625,389.3999938964844,385.0,389.3999938964844,999880
2018-03-09,NESTLEIND,343.26141357421875,382.86749267578125,388.375,382.1000061035156,388.375,2086200
2018-03-12,NESTLEIND,341.5422668457031,380.95001220703125,385.45001220703125,378.29998779296875,384.739990234375,578860
2018-03-13,NESTLEIND,345.18450927734375,385.01251220703125,389.20001220703125,380.7850036621094,380.95001220703125,1317180
2018-03-14,NESTLEIND,342.83099365234375,382.38751220703125,385.7974853515625,380.8374938964844,385.04998779296875,1292400
2018-03-15,NESTLEIND,346.0631103515625,385.99249267578125,386.95001220703125,380.260009765625,386.45001220703125,1309780
2018-03-16,NESTLEIND,344.96478271484375,384.7674865722656,387.8974914550781,383.5050048828125,387.5,3532020
2018-03-19,NESTLEIND,343.528076171875,383.1650085449219,386.24749755859375,381.375,386.12750244140625,1338360
2018-03-20,NESTLEIND,351.5141906738281,392.072509765625,393.75,383.18499755859375,384.9949951171875,2709740
2018-03-21,NESTLEIND,352.04315185546875,392.6625061035156,398.25,389.75250244140625,394.45001220703125,1518520
2018-03-22,NESTLEIND,351.48284912109375,392.0375061035156,395.79998779296875,390.86749267578125,392.3999938964844,1202000
2018-03-23,NESTLEIND,349.37823486328125,389.69000244140625,391.8324890136719,387.9800109863281,390.0,1945480
2018-03-26,NESTLEIND,350.9583435058594,391.4525146484375,395.947509765625,388.0,391.3500061035156,1249220
2018-03-27,NESTLEIND,363.67364501953125,405.635009765625,407.70001220703125,393.04998779296875,394.99749755859375,2500000
2018-03-28,NESTLEIND,367.7463073730469,410.177490234375,412.5,406.04998779296875,407.75,2481520
2018-04-02,NESTLEIND,372.4710998535156,415.447509765625,417.0,408.49749755859375,409.99249267578125,1220480
2018-04-03,NESTLEIND,374.0401611328125,417.197509765625,418.9949951171875,413.99749755859375,414.9949951171875,1212240
2018-04-04,NESTLEIND,374.3583679199219,417.552490234375,419.95001220703125,415.6000061035156,416.1000061035156,1338300
2018-04-05,NESTLEIND,375.8466491699219,419.2124938964844,420.3999938964844,418.052490234375,419.4324951171875,732960
2018-04-06,NESTLEIND,374.1745300292969,417.3475036621094,420.0274963378906,415.75,419.2124938964844,770880
2018-04-09,NESTLEIND,375.7569580078125,419.11248779296875,419.8999938964844,416.5050048828125,417.5,1080820
2018-04-10,NESTLEIND,380.9951171875,424.9549865722656,427.8399963378906,419.0,419.98748779296875,1194120
2018-04-11,NESTLEIND,379.9753112792969,423.8175048828125,425.3349914550781,418.9100036621094,424.9800109863281,734220
2018-04-12,NESTLEIND,387.1745910644531,431.8475036621094,434.25,419.1499938964844,422.29998779296875,1676300
2018-04-13,NESTLEIND,389.44061279296875,434.375,437.0,430.3525085449219,432.50250244140625,1013600
2018-04-16,NESTLEIND,392.21551513671875,437.4700012207031,439.0,432.5,435.2250061035156,1753140
2018-04-17,NESTLEIND,404.0589599609375,450.67999267578125,452.45001220703125,438.79998779296875,439.2250061035156,2355160
2018-04-18,NESTLEIND,402.33984375,448.76251220703125,455.947509765625,447.510009765625,449.05499267578125,949880
2018-04-19,NESTLEIND,409.9740295410156,457.2774963378906,459.8999938964844,448.20001220703125,448.7925109863281,1345360
2018-04-20,NESTLEIND,410.71142578125,458.1000061035156,462.5,456.25,458.75,863900
2018-04-23,NESTLEIND,399.2064208984375,445.2674865722656,459.1075134277344,444.00250244140625,458.05499267578125,1351560
2018-04-24,NESTLEIND,395.47216796875,441.1025085449219,451.0425109863281,440.4075012207031,445.9949951171875,1020440
2018-04-25,NESTLEIND,391.54986572265625,436.7275085449219,445.4150085449219,433.00250244140625,441.0,1685200
2018-04-26,NESTLEIND,405.3746337890625,452.1474914550781,459.5,438.5050048828125,439.99249267578125,2649960
2018-04-27,NESTLEIND,406.2151794433594,453.0849914550781,456.489990234375,450.29998779296875,450.760009765625,778620
2018-04-30,NESTLEIND,421.2257385253906,469.8275146484375,472.3999938964844,453.197509765625,455.0,1337520
2018-05-02,NESTLEIND,412.470947265625,460.0625,474.8500061035156,459.2349853515625,470.25,1258620
2018-05-03,NESTLEIND,407.87152099609375,454.9324951171875,464.4949951171875,452.7550048828125,463.6000061035156,924020
2018-05-04,NESTLEIND,408.4431457519531,455.57000732421875,457.8974914550781,454.2349853515625,457.010009765625,675900
2018-05-07,NESTLEIND,407.6048583984375,454.635009765625,458.70001220703125,450.7550048828125,455.7025146484375,1141000
2018-05-08,NESTLEIND,408.7254638671875,455.885009765625,458.75,454.1050109863281,458.75,1834060
2018-05-09,NESTLEIND,408.8623046875,456.0375061035156,458.45001220703125,453.510009765625,453.510009765625,491980
2018-05-10,NESTLEIND,402.6221923828125,449.0775146484375,460.75250244140625,446.7325134277344,456.95001220703125,885480
2018-05-11,NESTLEIND,426.8941650390625,476.1499938964844,480.9849853515625,457.5,462.0,4173860
2018-05-14,NESTLEIND,429.06390380859375,478.57000732421875,481.12249755859375,475.1000061035156,476.1499938964844,991520
2018-05-15,NESTLEIND,428.7859191894531,478.260009765625,482.0,473.75,480.0,1762740
2018-05-16,NESTLEIND,433.5501403808594,481.3999938964844,482.4949951171875,473.0224914550781,477.24749755859375,1014180
2018-05-17,NESTLEIND,437.0556945800781,485.2925109863281,494.49749755859375,477.3999938964844,482.25,1659140
2018-05-18,NESTLEIND,436.04931640625,484.17498779296875,490.45001220703125,481.75750732421875,484.5,1713180
2018-05-21,NESTLEIND,427.1716003417969,474.3175048828125,487.5,473.302490234375,484.5,829940
2018-05-22,NESTLEIND,433.83154296875,481.7124938964844,482.5,471.8800048828125,475.25,1078220
2018-05-23,NESTLEIND,434.14898681640625,482.06500244140625,485.9849853515625,480.510009765625,482.1824951171875,739240
2018-05-24,NESTLEIND,435.23193359375,483.2674865722656,485.5975036621094,481.45001220703125,482.4949951171875,588020
2018-05-25,NESTLEIND,438.35931396484375,486.739990234375,489.95001220703125,481.7025146484375,482.8949890136719,614460
2018-05-28,NESTLEIND,434.9483337402344,482.9525146484375,488.75,481.802490234375,485.75,737420
2018-05-29,NESTLEIND,428.3401794433594,475.614990234375,482.45001220703125,474.0,480.1000061035156,878280
2018-05-30,NESTLEIND,429.13946533203125,476.50250244140625,480.25,475.0,478.8999938964844,1181980
2018-05-31,NESTLEIND,434.72088623046875,482.70001220703125,489.95001220703125,477.5,477.9949951171875,2992480
2018-06-01,NESTLEIND,445.7330322265625,494.927490234375,499.95001220703125,482.18499755859375,483.45001220703125,2973480
2018-06-04,NESTLEIND,442.060791015625,490.8500061035156,500.0,488.6650085449219,500.0,740920
2018-06-05,NESTLEIND,429.3916015625,476.7825012207031,492.0,474.5,490.9624938964844,1241480
2018-06-06,NESTLEIND,439.5098571777344,488.0174865722656,489.8500061035156,478.0174865722656,479.95001220703125,770440
2018-06-07,NESTLEIND,440.7301940917969,489.37249755859375,491.9949951171875,486.510009765625,490.99749755859375,904960
2018-06-08,NESTLEIND,445.2962341308594,494.4425048828125,498.24749755859375,488.00250244140625,489.99749755859375,1164220
2018-06-11,NESTLEIND,446.55255126953125,495.8374938964844,503.0224914550781,494.0,494.3974914550781,868620
2018-06-12,NESTLEIND,442.83758544921875,491.7124938964844,497.32501220703125,491.0,496.95001220703125,542380
2018-06-13,NESTLEIND,442.9635925292969,491.8525085449219,494.5,489.5,494.5,590620
2018-06-14,NESTLEIND,439.3477478027344,487.8374938964844,492.99749755859375,487.0,491.802490234375,585080
2018-06-15,NESTLEIND,438.7060546875,487.125,488.7449951171875,483.75,488.0,1533620
2018-06-18,NESTLEIND,433.1245422363281,480.927490234375,489.5299987792969,478.6400146484375,485.0,935440
2018-06-19,NESTLEIND,433.1155700683594,480.9175109863281,499.94000244140625,475.00750732421875,499.94000244140625,1347840
2018-06-20,NESTLEIND,437.9202575683594,486.25250244140625,487.4949951171875,482.0050048828125,483.25,1185720
2018-06-21,NESTLEIND,443.56475830078125,492.5199890136719,495.697509765625,485.62750244140625,487.50250244140625,875440
2018-06-22,NESTLEIND,444.49462890625,493.552490234375,495.6474914550781,488.0,492.0,720080
2018-06-25,NESTLEIND,445.5686340332031,494.7449951171875,499.8999938964844,492.07000732421875,492.5050048828125,1040160
2018-06-26,NESTLEIND,454.1062927246094,504.2250061035156,509.0,493.12750244140625,496.489990234375,2726400
2018-06-27,NESTLEIND,450.27203369140625,499.9674987792969,509.8999938964844,497.6400146484375,505.45001220703125,1648480
2018-06-28,NESTLEIND,440.05694580078125,488.625,504.75,486.2275085449219,501.3999938964844,1458600
2018-06-29,NESTLEIND,441.7500915527344,490.5050048828125,494.8999938964844,488.8500061035156,494.8999938964844,1267380
2018-07-02,NESTLEIND,439.72601318359375,488.25750732421875,494.5,486.5150146484375,494.5,718100
2018-07-03,NESTLEIND,440.6041259765625,489.2325134277344,491.94500732421875,486.38250732421875,491.197509765625,1114720
2018-07-04,NESTLEIND,444.1186828613281,493.135009765625,494.5,488.6000061035156,490.29998779296875,507700
2018-07-05,NESTLEIND,448.3673095703125,497.8525085449219,499.49749755859375,494.50250244140625,496.2325134277344,338200
2018-07-06,NESTLEIND,447.7368469238281,497.1524963378906,502.98748779296875,496.2225036621094,497.48748779296875,730860
2018-07-09,NESTLEIND,445.7735290527344,494.9725036621094,499.95001220703125,494.4024963378906,499.95001220703125,293960
2018-07-10,NESTLEIND,450.5377197265625,500.26251220703125,502.99749755859375,495.25,495.25,786280
2018-07-11,NESTLEIND,458.88629150390625,509.5325012207031,514.3375244140625,497.70001220703125,501.04998779296875,1107740
2018-07-12,NESTLEIND,451.60943603515625,501.4525146484375,512.5250244140625,500.06500244140625,512.4000244140625,711380
2018-07-13,NESTLEIND,456.6955871582031,507.1000061035156,511.0050048828125,503.74749755859375,505.0,741820
2018-07-16,NESTLEIND,459.3388671875,510.0350036621094,511.8575134277344,507.5,509.9949951171875,538660
2018-07-17,NESTLEIND,473.3455505371094,525.5875244140625,527.4500122070312,509.5,510.1000061035156,1718380
2018-07-18,NESTLEIND,468.0228576660156,519.677490234375,527.5050048828125,514.1074829101562,526.5,1480640
2018-07-19,NESTLEIND,463.3285217285156,514.4650268554688,522.4749755859375,511.1050109863281,520.7525024414062,844520
2018-07-20,NESTLEIND,465.98077392578125,517.4099731445312,520.9974975585938,510.0,514.7575073242188,865560
2018-07-23,NESTLEIND,468.0162353515625,519.6699829101562,522.3499755859375,516.2525024414062,520.1500244140625,394420
2018-07-24,NESTLEIND,463.3848571777344,514.5275268554688,523.10498046875,512.6099853515625,520.0999755859375,641580
2018-07-25,NESTLEIND,460.8204040527344,511.67999267578125,517.5700073242188,510.0,515.4874877929688,460200
2018-07-26,NESTLEIND,464.88653564453125,516.1950073242188,518.0,510.1524963378906,510.1524963378906,576680
2018-07-27,NESTLEIND,463.09661865234375,514.20751953125,520.6199951171875,508.42498779296875,519.0,666400
2018-07-30,NESTLEIND,455.81298828125,506.1199951171875,515.0,504.2349853515625,514.9974975585938,702300
2018-07-31,NESTLEIND,474.18536376953125,526.52001953125,529.0,505.5625,508.9949951171875,1402280
2018-08-01,NESTLEIND,487.98480224609375,541.842529296875,547.5399780273438,527.552490234375,530.0,1396120
2018-08-02,NESTLEIND,484.5016784667969,537.9749755859375,543.0,530.1699829101562,542.5,690300
2018-08-03,NESTLEIND,464.9181213378906,516.22998046875,541.5999755859375,510.5,540.5,3313400
2018-08-06,NESTLEIND,474.37664794921875,526.7324829101562,532.9650268554688,520.0050048828125,525.0,1176040
2018-08-07,NESTLEIND,474.5184326171875,526.8900146484375,532.5,525.0,530.2000122070312,745720
2018-08-08,NESTLEIND,484.8101806640625,538.3175048828125,541.5499877929688,528.8574829101562,529.030029296875,1392760
2018-08-09,NESTLEIND,490.0381164550781,544.1224975585938,548.5,538.3499755859375,538.3499755859375,1632920
2018-08-10,NESTLEIND,482.0801696777344,534.302490234375,547.8499755859375,532.5,545.0,1147660
2018-08-13,NESTLEIND,489.53289794921875,542.5625,546.75,530.7575073242188,533.0,1059980
2018-08-14,NESTLEIND,489.7899169921875,542.8474731445312,547.5499877929688,539.0050048828125,542.5999755859375,747120
2018-08-16,NESTLEIND,489.8035888671875,542.8624877929688,547.75,540.1500244140625,542.5,983420
2018-08-17,NESTLEIND,490.51416015625,543.6500244140625,546.0,539.25,544.3499755859375,1178060
2018-08-20,NESTLEIND,489.0727233886719,542.052490234375,547.4000244140625,540.5650024414062,546.0,826420
2018-08-21,NESTLEIND,491.1186828613281,544.3200073242188,549.5,541.5,542.9500122070312,1249700
2018-08-23,NESTLEIND,520.7871704101562,577.2025146484375,579.25,547.3699951171875,547.4000244140625,3880800
2018-08-24,NESTLEIND,512.6058959960938,568.135009765625,577.0875244140625,565.1649780273438,574.2999877929688,989180
2018-08-27,NESTLEIND,511.2818908691406,566.66748046875,576.6400146484375,563.6500244140625,570.5,959940
2018-08-28,NESTLEIND,510.9549865722656,566.3049926757812,571.4450073242188,565.4224853515625,569.9924926757812,561940
2018-08-29,NESTLEIND,509.7457275390625,564.9650268554688,576.0999755859375,563.45751953125,567.9000244140625,1247000
2018-08-30,NESTLEIND,509.1638488769531,564.3200073242188,570.0875244140625,562.885009765625,565.0999755859375,1664260
2018-08-31,NESTLEIND,522.5106201171875,579.1124877929688,585.25,564.3499755859375,564.3499755859375,3719360
2018-09-03,NESTLEIND,508.7803649902344,563.89501953125,583.9974975585938,562.5599975585938,583.9974975585938,1189240
2018-09-04,NESTLEIND,489.07952880859375,542.0599975585938,567.2750244140625,538.9724731445312,566.5,1631380
2018-09-05,NESTLEIND,468.5463562011719,519.302490234375,541.947509765625,508.75,541.947509765625,2596040
2018-09-06,NESTLEIND,466.26812744140625,516.7775268554688,528.0,512.3499755859375,522.9000244140625,1810980
2018-09-07,NESTLEIND,471.275634765625,522.3275146484375,532.5,515.2775268554688,518.5,2253780
2018-09-10,NESTLEIND,466.03131103515625,516.5150146484375,525.75,513.7575073242188,522.5,745480
2018-09-11,NESTLEIND,453.28240966796875,502.385009765625,519.25,500.04998779296875,515.0,1205240
2018-09-12,NESTLEIND,467.1004638671875,517.7000122070312,522.6900024414062,501.1499938964844,504.0,2019240
2018-09-14,NESTLEIND,466.2636413574219,516.7725219726562,528.5999755859375,515.1400146484375,522.875,1868000
2018-09-17,NESTLEIND,459.0274658203125,508.75250244140625,536.135009765625,505.75,517.4000244140625,611640
2018-09-18,NESTLEIND,462.11773681640625,512.177490234375,521.5,509.5775146484375,512.3499755859375,753980
2018-09-19,NESTLEIND,457.67181396484375,507.25,525.0499877929688,505.20001220703125,518.2000122070312,760120
2018-09-21,NESTLEIND,439.8341979980469,487.4800109863281,512.9450073242188,459.99749755859375,510.45001220703125,3053400
2018-09-24,NESTLEIND,435.90484619140625,483.125,494.92999267578125,480.75,493.8999938964844,637900
2018-09-25,NESTLEIND,437.4769592285156,484.86749267578125,492.2049865722656,469.5,481.25250244140625,1759900
2018-09-26,NESTLEIND,438.9205322265625,486.4674987792969,491.6499938964844,477.4750061035156,489.9949951171875,1157740
2018-09-27,NESTLEIND,432.1220397949219,478.9324951171875,491.75,474.42498779296875,489.79998779296875,1671200
2018-09-28,NESTLEIND,437.58074951171875,484.9825134277344,490.6499938964844,477.9674987792969,486.0,2319080
2018-10-01,NESTLEIND,433.52056884765625,480.4825134277344,487.5224914550781,473.32501220703125,486.197509765625,1066560
2018-10-03,NESTLEIND,421.5272521972656,467.19000244140625,480.0,466.0050048828125,480.0,1730680
2018-10-04,NESTLEIND,421.7144470214844,467.3974914550781,472.4800109863281,455.69000244140625,459.0,1656020
2018-10-05,NESTLEIND,424.9152526855469,470.94500732421875,475.0,457.2650146484375,467.0,2064640
2018-10-08,NESTLEIND,423.1941833496094,469.0375061035156,473.9574890136719,460.822509765625,470.947509765625,1513740
2018-10-09,NESTLEIND,428.21075439453125,474.5975036621094,480.51251220703125,462.8525085449219,469.0375061035156,1623460
2018-10-10,NESTLEIND,429.0362854003906,475.51251220703125,482.5,470.38751220703125,474.00250244140625,1083420
2018-10-11,NESTLEIND,423.3588562011719,469.2200012207031,472.49749755859375,452.3525085449219,465.0,1827420
2018-10-12,NESTLEIND,437.5897521972656,484.99249267578125,488.9700012207031,471.5450134277344,473.0,2136900
2018-10-15,NESTLEIND,435.60699462890625,482.7950134277344,486.5,477.95001220703125,486.5,700740
2018-10-16,NESTLEIND,439.2882995605469,486.875,488.1824951171875,481.80999755859375,482.99749755859375,987500
2018-10-17,NESTLEIND,438.74005126953125,486.2674865722656,493.0,484.2200012207031,490.0,911620
2018-10-19,NESTLEIND,433.49346923828125,480.4525146484375,484.75750732421875,474.0,483.80999755859375,1381800
2018-10-22,NESTLEIND,434.9348449707031,482.04998779296875,487.88751220703125,481.0,485.5,2291160
2018-10-23,NESTLEIND,421.91748046875,467.62249755859375,477.5,465.0,465.07501220703125,1848380
2018-10-24,NESTLEIND,430.1167297363281,476.7099914550781,481.17498779296875,471.79998779296875,472.00250244140625,1985760
2018-10-25,NESTLEIND,430.29949951171875,476.9125061035156,488.49749755859375,471.2250061035156,475.0,2476440
2018-10-26,NESTLEIND,431.7070617675781,478.4725036621094,485.5,473.37750244140625,479.42498779296875,1433260
2018-10-29,NESTLEIND,436.83636474609375,484.1575012207031,493.0400085449219,480.0,487.95001220703125,4789260
2018-10-30,NESTLEIND,438.4288635253906,485.9224853515625,488.24749755859375,480.625,484.3999938964844,1254120
2018-10-31,NESTLEIND,457.8003845214844,507.3924865722656,509.9150085449219,486.25,490.0,3249680
2018-11-01,NESTLEIND,449.75445556640625,498.4750061035156,515.780029296875,495.17498779296875,511.95001220703125,1548260
2018-11-02,NESTLEIND,461.4906005859375,511.4825134277344,517.4500122070312,499.50250244140625,503.4949951171875,1830920
2018-11-05,NESTLEIND,466.1372985839844,516.6325073242188,520.0,508.1524963378906,511.7250061035156,1203260
2018-11-06,NESTLEIND,458.35980224609375,508.01251220703125,521.10498046875,504.06500244140625,516.7525024414062,796580
2018-11-07,NESTLEIND,461.0733642578125,511.0199890136719,512.5025024414062,507.51251220703125,512.5,69300
2018-11-09,NESTLEIND,461.32598876953125,511.29998779296875,518.75,507.6650085449219,514.2000122070312,1112000
2018-11-12,NESTLEIND,456.749267578125,506.2275085449219,517.5,504.3924865722656,512.4924926757812,729500
2018-11-13,NESTLEIND,457.63116455078125,507.2049865722656,511.9049987792969,503.9825134277344,506.75,415960
2018-11-14,NESTLEIND,468.9208679199219,519.717529296875,522.0025024414062,507.79998779296875,507.79998779296875,1789840
2018-11-15,NESTLEIND,472.0539245605469,523.1900024414062,525.85498046875,515.7550048828125,519.719970703125,1868080
2018-11-16,NESTLEIND,482.1343078613281,534.3624877929688,536.75,523.782470703125,525.0,2289800
2018-11-19,NESTLEIND,466.58837890625,517.1325073242188,539.9450073242188,506.927490234375,539.2999877929688,2867820
2018-11-20,NESTLEIND,462.6184387207031,512.7324829101562,525.4400024414062,508.6000061035156,519.2000122070312,1043460
2018-11-21,NESTLEIND,461.8808288574219,511.9150085449219,517.4500122070312,509.0574951171875,515.0,831240
2018-11-22,NESTLEIND,464.8109130859375,515.1624755859375,522.4349975585938,511.0050048828125,515.344970703125,1019280
2018-11-26,NESTLEIND,471.577880859375,522.6624755859375,524.5,516.25,516.25,920280
2018-11-27,NESTLEIND,474.5169677734375,525.9199829101562,528.155029296875,518.5,522.5,764320
2018-11-28,NESTLEIND,482.6510925292969,534.9349975585938,536.9500122070312,527.1724853515625,529.0,1779360
2018-11-29,NESTLEIND,478.4893493652344,530.322509765625,538.8499755859375,519.3499755859375,538.8499755859375,3562520
2018-11-30,NESTLEIND,485.63519287109375,538.2424926757812,544.52001953125,529.7324829101562,535.0,1423500
2018-12-03,NESTLEIND,484.7689514160156,537.282470703125,543.447509765625,532.25,540.9600219726562,1311220
2018-12-04,NESTLEIND,477.7019958496094,529.4500122070312,539.155029296875,527.7999877929688,536.260009765625,1032640
2018-12-05,NESTLEIND,473.1658935546875,524.4224853515625,529.4500122070312,522.0,527.5,1715960
2018-12-06,NESTLEIND,465.086181640625,515.467529296875,522.4099731445312,511.6000061035156,522.4099731445312,871240
2018-12-07,NESTLEIND,469.3831787109375,520.22998046875,526.9974975585938,516.5,516.5,1156040
2018-12-10,NESTLEIND,469.1259460449219,519.9450073242188,521.9450073242188,513.7525024414062,515.0,1895560
2018-12-11,NESTLEIND,479.75689697265625,531.7274780273438,539.9500122070312,516.114990234375,517.8499755859375,1095320
2018-12-12,NESTLEIND,491.55078125,542.2374877929688,544.75,529.197509765625,531.760009765625,1813140
2018-12-13,NESTLEIND,498.4313049316406,549.8275146484375,559.91748046875,544.5,547.5,1522740
2018-12-14,NESTLEIND,497.9485778808594,549.2949829101562,558.7424926757812,545.9199829101562,551.7000122070312,1254560
2018-12-17,NESTLEIND,506.3204040527344,558.530029296875,565.6475219726562,550.2474975585938,550.25,1971000
2018-12-18,NESTLEIND,502.8482971191406,554.7000122070312,565.0,551.1799926757812,558.6500244140625,1340380
2018-12-19,NESTLEIND,506.488037109375,558.7150268554688,561.5,555.6024780273438,559.9949951171875,2726120
2018-12-20,NESTLEIND,509.12823486328125,561.6275024414062,571.25,557.5025024414062,557.5025024414062,1158500
2018-12-21,NESTLEIND,499.0590515136719,550.52001953125,566.1875,547.9249877929688,563.2349853515625,1325820
2018-12-24,NESTLEIND,495.1134948730469,546.16748046875,561.0999755859375,541.7775268554688,552.7999877929688,683820
2018-12-26,NESTLEIND,488.16485595703125,538.5025024414062,549.3499755859375,537.25,548.25,743440
2018-12-27,NESTLEIND,495.9973449707031,547.1425170898438,548.4500122070312,540.0050048828125,542.4500122070312,1046220
2018-12-28,NESTLEIND,510.3089904785156,562.9299926757812,569.83251953125,546.5549926757812,549.7000122070312,1132720
2018-12-31,NESTLEIND,502.43359375,554.2424926757812,567.9000244140625,551.25,565.0,928600
2019-01-01,NESTLEIND,499.2698059082031,550.7525024414062,558.52001953125,549.4974975585938,557.5,634180
2019-01-02,NESTLEIND,500.1922302246094,551.77001953125,558.0,545.3524780273438,549.0250244140625,563340
2019-01-03,NESTLEIND,507.9769287109375,560.3574829101562,574.9500122070312,549.9949951171875,555.5499877929688,3385820
2019-01-04,NESTLEIND,491.8431701660156,542.5599975585938,559.9450073242188,532.7775268554688,556.9500122070312,4123260
2019-01-07,NESTLEIND,488.89239501953125,539.3049926757812,546.9824829101562,535.0,543.75,1719180
2019-01-08,NESTLEIND,498.83245849609375,550.27001953125,562.0,534.5,540.0,2686820
2019-01-09,NESTLEIND,510.02117919921875,562.6124877929688,564.9199829101562,552.9199829101562,554.9924926757812,1969660
2019-01-10,NESTLEIND,517.470703125,570.8300170898438,572.3900146484375,556.97998046875,566.0,1538300
2019-01-11,NESTLEIND,510.9617614746094,563.6500244140625,572.9000244140625,557.5499877929688,570.0075073242188,1145060
2019-01-14,NESTLEIND,508.9515380859375,561.4324951171875,569.2849731445312,559.4974975585938,565.0,1036220
2019-01-15,NESTLEIND,511.3989562988281,564.1325073242188,567.0,560.0,564.7999877929688,989400
2019-01-16,NESTLEIND,501.121337890625,552.7949829101562,564.5875244140625,549.0,563.052490234375,2733580
2019-01-17,NESTLEIND,506.09814453125,558.2849731445312,561.6475219726562,556.0999755859375,560.0,1454740
2019-01-18,NESTLEIND,509.8466491699219,562.4199829101562,566.322509765625,559.0499877929688,560.0,1535240
2019-01-21,NESTLEIND,510.15716552734375,562.7625122070312,565.447509765625,557.5050048828125,564.7999877929688,382160
2019-01-22,NESTLEIND,509.3096008300781,561.8275146484375,567.5,560.0,564.5,799160
2019-01-23,NESTLEIND,512.9061889648438,565.7949829101562,567.4000244140625,562.0,562.75,1024200
2019-01-24,NESTLEIND,518.2321166992188,571.6699829101562,573.0,565.302490234375,565.7949829101562,2092360
2019-01-25,NESTLEIND,515.1589965820312,568.280029296875,575.8499755859375,565.0,573.0,1198560
2019-01-28,NESTLEIND,514.932373046875,568.030029296875,571.0,557.75,568.280029296875,2079260
2019-01-29,NESTLEIND,516.6773071289062,569.9550170898438,572.0,564.6950073242188,569.0,1412640
2019-01-30,NESTLEIND,516.566162109375,569.83251953125,571.9874877929688,564.0,571.0,785800
2019-01-31,NESTLEIND,521.1533203125,574.8925170898438,576.947509765625,568.6525268554688,571.0,1907460
2019-02-01,NESTLEIND,523.8139038085938,577.8275146484375,581.0999755859375,571.5075073242188,574.9025268554688,1238120
2019-02-04,NESTLEIND,522.7805786132812,576.6875,582.1074829101562,575.0,575.75,688680
2019-02-05,NESTLEIND,526.1210327148438,580.3724975585938,582.7000122070312,575.5050048828125,576.7474975585938,734540
2019-02-06,NESTLEIND,526.5720825195312,580.8699951171875,582.7000122070312,573.4849853515625,582.7000122070312,557700
2019-02-07,NESTLEIND,531.0275268554688,585.7849731445312,587.4500122070312,577.0,580.75,723360
2019-02-08,NESTLEIND,509.5882873535156,562.135009765625,587.5499877929688,555.5499877929688,585.3975219726562,2293940
2019-02-11,NESTLEIND,491.4941101074219,542.1749877929688,565.0,538.2725219726562,565.0,2456820
2019-02-12,NESTLEIND,488.7881164550781,539.1900024414062,542.5,530.7849731445312,541.75,1951520
2019-02-14,NESTLEIND,481.7625732421875,531.4400024414062,538.947509765625,515.5,527.0499877929688,2491260
2019-02-15,NESTLEIND,477.5314025878906,526.7725219726562,537.0075073242188,512.5499877929688,522.5,8296260
2019-02-18,NESTLEIND,469.1007385253906,517.4724731445312,528.9974975585938,508.8125,527.4500122070312,1744700
2019-02-19,NESTLEIND,476.62261962890625,525.77001953125,536.4525146484375,517.5025024414062,517.5025024414062,1772020
2019-02-20,NESTLEIND,476.9127197265625,526.0900268554688,531.9425048828125,519.9625244140625,526.5750122070312,1247580
2019-02-21,NESTLEIND,481.45208740234375,531.0974731445312,533.572509765625,522.5,525.0,1405600
2019-02-22,NESTLEIND,484.3304138183594,534.2725219726562,535.4500122070312,528.08251953125,531.9949951171875,1105660
2019-02-25,NESTLEIND,490.95709228515625,541.58251953125,543.5,534.0,536.9500122070312,841720
2019-02-26,NESTLEIND,489.7217712402344,540.219970703125,542.75,533.3250122070312,539.9500122070312,1449340
2019-02-27,NESTLEIND,485.61083984375,535.6849975585938,541.032470703125,532.5900268554688,540.219970703125,1714260
2019-02-28,NESTLEIND,482.25885009765625,531.9874877929688,538.1724853515625,527.7550048828125,537.5,2237500
2019-03-01,NESTLEIND,473.7399597167969,522.5900268554688,533.75,520.302490234375,532.0,2195640
2019-03-05,NESTLEIND,476.19427490234375,525.2974853515625,528.33251953125,514.072509765625,514.072509765625,1633160
2019-03-06,NESTLEIND,467.7999572753906,516.0374755859375,529.6500244140625,509.75,529.6500244140625,2908680
2019-03-07,NESTLEIND,462.47857666015625,510.1675109863281,517.6300048828125,508.2550048828125,517.0,1561040
2019-03-08,NESTLEIND,457.5743103027344,504.75750732421875,511.0,501.75,510.99749755859375,1969960
2019-03-11,NESTLEIND,466.53302001953125,514.6400146484375,516.4500122070312,501.5824890136719,504.9674987792969,2282720
2019-03-12,NESTLEIND,472.7018737792969,521.4450073242188,525.5974731445312,513.0025024414062,514.9450073242188,1660860
2019-03-13,NESTLEIND,486.0459289550781,536.1649780273438,537.7474975585938,525.02001953125,526.4000244140625,2675200
2019-03-14,NESTLEIND,486.7712097167969,536.9650268554688,538.5,527.0,537.9000244140625,1116080
2019-03-15,NESTLEIND,466.4015808105469,514.4949951171875,538.1024780273438,511.50250244140625,535.0650024414062,3669040
2019-03-18,NESTLEIND,473.9574890136719,522.8300170898438,524.77001953125,513.5599975585938,518.75,1225240
2019-03-19,NESTLEIND,485.3070983886719,535.3499755859375,537.75,520.4924926757812,522.8300170898438,1656420
2019-03-20,NESTLEIND,477.2912292480469,526.5075073242188,537.4974975585938,523.1749877929688,536.4949951171875,1192600
2019-03-22,NESTLEIND,480.4866027832031,530.032470703125,532.4500122070312,526.3624877929688,529.6500244140625,1713120
2019-03-25,NESTLEIND,477.207275390625,526.4149780273438,527.4949951171875,515.1500244140625,525.7525024414062,2195700
2019-03-26,NESTLEIND,484.6226501464844,534.594970703125,539.5125122070312,525.7974853515625,528.260009765625,3013700
2019-03-27,NESTLEIND,493.6925048828125,544.5999755859375,552.4500122070312,528.8375244140625,534.5474853515625,2792100
2019-03-28,NESTLEIND,501.9010009765625,553.655029296875,556.5,540.0499877929688,546.9450073242188,1836560
2019-04-01,NESTLEIND,494.74169921875,545.7575073242188,556.0499877929688,543.0549926757812,549.0,1628620
2019-04-02,NESTLEIND,488.92413330078125,539.3400268554688,548.9849853515625,535.0,548.9849853515625,1192180
2019-04-03,NESTLEIND,498.75762939453125,550.1875,553.3499755859375,539.0,547.3499755859375,1493840
2019-04-04,NESTLEIND,496.8584899902344,548.092529296875,552.9500122070312,542.5,552.9500122070312,803540
2019-04-05,NESTLEIND,497.715087890625,549.0374755859375,554.5499877929688,545.0,546.7525024414062,520260
2019-04-08,NESTLEIND,491.8158264160156,542.530029296875,552.5,540.2249755859375,549.9500122070312,740980
2019-04-09,NESTLEIND,489.0714111328125,539.5025024414062,544.4500122070312,537.0,544.4500122070312,1514600
2019-04-10,NESTLEIND,490.06402587890625,540.5974731445312,542.5,536.5,539.625,961780
2019-04-11,NESTLEIND,487.8951721191406,538.2050170898438,544.9500122070312,534.5,539.75,1878040
2019-04-12,NESTLEIND,497.4001770019531,548.6900024414062,550.0,538.2150268554688,538.39501953125,994740
2019-04-15,NESTLEIND,497.2323913574219,548.5050048828125,554.4500122070312,544.552490234375,550.0,1694700
2019-04-16,NESTLEIND,505.6494445800781,557.7899780273438,560.947509765625,549.75,550.0,1787100
2019-04-18,NESTLEIND,496.52301025390625,547.7224731445312,561.9974975585938,546.25,559.3200073242188,1127980
2019-04-22,NESTLEIND,493.1440124511719,543.9949951171875,556.25,542.5775146484375,548.25,637660
2019-04-23,NESTLEIND,494.517578125,545.510009765625,548.9500122070312,543.5999755859375,547.0,502380
2019-04-24,NESTLEIND,491.036376953125,541.6699829101562,551.4774780273438,535.25,545.375,1527160
2019-04-25,NESTLEIND,491.6278991699219,542.322509765625,549.5,539.0,544.5,1804980
2019-04-26,NESTLEIND,497.2845153808594,548.5625,552.4600219726562,541.1024780273438,542.5499877929688,1028240
2019-04-30,NESTLEIND,495.4241943359375,545.2650146484375,548.7474975585938,542.7349853515625,545.0,1484760
2019-05-02,NESTLEIND,481.0865783691406,529.4849853515625,545.25,520.1525268554688,545.25,884980
2019-05-03,NESTLEIND,476.3618469238281,524.2849731445312,532.5,519.0,532.5,2308960
2019-05-06,NESTLEIND,471.8681335449219,518.2000122070312,524.85498046875,515.2525024414062,520.0,1802720
2019-05-07,NESTLEIND,477.01751708984375,523.85498046875,529.4974975585938,520.0499877929688,520.0750122070312,1452620
2019-05-08,NESTLEIND,468.879150390625,514.91748046875,526.7999877929688,513.7849731445312,524.3875122070312,927820
2019-05-09,NESTLEIND,471.7861328125,518.1099853515625,520.4500122070312,510.0,514.75,931040
2019-05-10,NESTLEIND,465.81951904296875,511.5574951171875,521.782470703125,508.552490234375,518.594970703125,1225460
2019-05-13,NESTLEIND,468.95654296875,515.0025024414062,521.6624755859375,511.61248779296875,513.0999755859375,960840
2019-05-14,NESTLEIND,464.33984375,509.9324951171875,518.219970703125,506.00250244140625,515.5,1085500
2019-05-15,NESTLEIND,467.5223388671875,513.427490234375,525.4500122070312,510.54998779296875,520.0499877929688,2543800
2019-05-16,NESTLEIND,468.0687561035156,514.0275268554688,520.0499877929688,512.7525024414062,516.635009765625,786440
2019-05-17,NESTLEIND,476.49615478515625,523.282470703125,527.3099975585938,512.842529296875,514.9974975585938,1314080
2019-05-20,NESTLEIND,490.268798828125,538.407470703125,541.5999755859375,528.0175170898438,534.0,991100
2019-05-21,NESTLEIND,483.0319519042969,530.4600219726562,544.2349853515625,524.697509765625,542.4974975585938,943640
2019-05-22,NESTLEIND,487.19110107421875,535.0275268554688,539.2100219726562,530.0,532.5025024414062,629940
2019-05-23,NESTLEIND,491.5846862792969,539.8524780273438,549.4500122070312,534.0,542.4000244140625,1125140
2019-05-24,NESTLEIND,485.3471374511719,533.0025024414062,542.4949951171875,529.614990234375,540.6500244140625,989300
2019-05-27,NESTLEIND,502.4753112792969,551.8125,554.1500244140625,535.0,537.5,1688000
2019-05-28,NESTLEIND,505.6145935058594,555.260009765625,558.25,547.5,552.0,2668900
2019-05-29,NESTLEIND,510.20404052734375,560.2999877929688,564.7974853515625,549.3724975585938,556.25,2573080
2019-05-30,NESTLEIND,515.417236328125,566.0250244140625,567.25,558.5,558.7625122070312,1868420
2019-05-31,NESTLEIND,523.503173828125,574.905029296875,577.0,565.1724853515625,567.5,1403440
2019-06-03,NESTLEIND,532.0785522460938,584.322509765625,585.0,574.9299926757812,574.9299926757812,1286040
2019-06-04,NESTLEIND,525.97314453125,577.6174926757812,584.9000244140625,571.4000244140625,580.0,1922880
2019-06-06,NESTLEIND,528.2929077148438,580.1649780273438,584.2000122070312,576.5,577.6174926757812,1653160
2019-06-07,NESTLEIND,523.7650756835938,575.1925048828125,581.4000244140625,572.5499877929688,580.5,874520
2019-06-10,NESTLEIND,532.6226806640625,584.9199829101562,586.4500122070312,568.7999877929688,580.35498046875,966820
2019-06-11,NESTLEIND,529.1875610351562,581.1475219726562,590.885009765625,574.905029296875,587.75,1445720
2019-06-12,NESTLEIND,532.4907836914062,584.7750244140625,585.75,575.25,583.7000122070312,867480
2019-06-13,NESTLEIND,528.7685546875,580.6875,583.0775146484375,578.5025024414062,581.0,1383120
2019-06-14,NESTLEIND,523.0888671875,574.4500122070312,586.1824951171875,572.5499877929688,580.7750244140625,811280
2019-06-17,NESTLEIND,522.7178344726562,574.04248046875,581.4824829101562,571.282470703125,577.9500122070312,915720
2019-06-18,NESTLEIND,521.6592407226562,572.8800048828125,577.5974731445312,565.0,575.2525024414062,1110580
2019-06-19,NESTLEIND,528.67529296875,580.5850219726562,582.5250244140625,572.5,573.9450073242188,1390200
2019-06-20,NESTLEIND,533.5174560546875,585.9025268554688,587.9500122070312,573.7100219726562,580.6525268554688,1307920
2019-06-21,NESTLEIND,528.18359375,580.0449829101562,589.5,576.95751953125,585.5,2239600
2019-06-24,NESTLEIND,533.241943359375,585.5999755859375,588.0,577.5075073242188,580.0,484440
2019-06-25,NESTLEIND,532.9619750976562,585.29248046875,586.8624877929688,580.6724853515625,584.0025024414062,754960
2019-06-26,NESTLEIND,537.3624267578125,590.125,597.5,584.0399780273438,585.2999877929688,2864260
2019-06-27,NESTLEIND,537.37841796875,590.1425170898438,593.344970703125,584.2224731445312,590.5150146484375,1878540
2019-06-28,NESTLEIND,542.3751220703125,595.6300048828125,597.0,587.75,588.0999755859375,1141380
2019-07-01,NESTLEIND,540.3787231445312,593.4375,601.1624755859375,591.1824951171875,599.2000122070312,818020
2019-07-02,NESTLEIND,544.7542114257812,598.2424926757812,600.2474975585938,590.0499877929688,593.0,1332940
2019-07-03,NESTLEIND,538.1205444335938,590.95751953125,599.927490234375,588.9974975585938,598.2000122070312,1263040
2019-07-04,NESTLEIND,541.0933227539062,594.2224731445312,598.5,589.9974975585938,590.5,474280
2019-07-05,NESTLEIND,544.3921508789062,597.844970703125,600.0,592.0,596.4974975585938,707520
2019-07-08,NESTLEIND,537.3145751953125,590.072509765625,596.4500122070312,587.5999755859375,596.4500122070312,910140
2019-07-09,NESTLEIND,532.10595703125,584.3524780273438,591.2000122070312,581.5,590.989990234375,1236860
2019-07-10,NESTLEIND,525.8866577148438,577.5225219726562,589.75,576.5,585.75,884740
2019-07-11,NESTLEIND,523.8992919921875,575.3400268554688,581.2025146484375,573.5750122070312,581.2025146484375,929840
2019-07-12,NESTLEIND,531.427490234375,583.6074829101562,585.9000244140625,575.3499755859375,575.3499755859375,552100
2019-07-15,NESTLEIND,522.881591796875,574.2224731445312,584.4500122070312,573.280029296875,584.4500122070312,388640
2019-07-16,NESTLEIND,533.0894775390625,585.4324951171875,587.0974731445312,574.35498046875,581.5999755859375,848980
2019-07-17,NESTLEIND,532.4862060546875,584.77001953125,587.489990234375,580.125,585.2999877929688,498440
2019-07-18,NESTLEIND,527.9947509765625,579.8375244140625,587.1799926757812,577.125,586.3400268554688,947880
2019-07-19,NESTLEIND,525.7320556640625,577.3524780273438,586.25,575.614990234375,582.4949951171875,1733540
2019-07-22,NESTLEIND,514.69775390625,565.2349853515625,578.1275024414062,563.25,575.4025268554688,949280
2019-07-23,NESTLEIND,522.2578125,573.5374755859375,584.6500244140625,565.25,565.25,1231260
2019-07-24,NESTLEIND,522.6744995117188,573.9949951171875,580.9874877929688,564.9375,575.0,994800
2019-07-25,NESTLEIND,523.362060546875,574.75,583.342529296875,572.0,575.4500122070312,1077700
2019-07-26,NESTLEIND,529.201171875,581.1624755859375,583.572509765625,573.5,576.25,610880
2019-07-29,NESTLEIND,529.0646362304688,581.0125122070312,584.5,573.9625244140625,580.0,921040
2019-07-30,NESTLEIND,525.25390625,576.8275146484375,584.5275268554688,575.0,583.6925048828125,689180
2019-07-31,NESTLEIND,531.5982666015625,583.7949829101562,587.0,570.0499877929688,575.0025024414062,939420
2019-08-01,NESTLEIND,525.7296142578125,577.3499755859375,583.2000122070312,572.25,583.2000122070312,692460
2019-08-02,NESTLEIND,519.560302734375,570.5750122070312,576.8074951171875,566.1224975585938,571.25,1130960
2019-08-05,NESTLEIND,533.2783813476562,585.6400146484375,597.5,574.5,576.4000244140625,2459600
2019-08-06,NESTLEIND,538.9581298828125,591.8775024414062,599.9000244140625,585.052490234375,585.5,1719840
2019-08-07,NESTLEIND,536.2218017578125,588.8724975585938,595.4824829101562,586.6074829101562,589.5,939920
2019-08-08,NESTLEIND,539.0810546875,592.0125122070312,596.5,588.75,590.0,732280
2019-08-09,NESTLEIND,555.57470703125,599.6649780273438,613.4249877929688,585.0,589.0,2330960
2019-08-13,NESTLEIND,550.9492797851562,594.6724853515625,609.6475219726562,591.0025024414062,598.1099853515625,1548260
2019-08-14,NESTLEIND,557.5781860351562,601.8275146484375,607.9500122070312,592.5050048828125,594.6724853515625,1167520
2019-08-16,NESTLEIND,556.0888061523438,600.219970703125,605.39501953125,595.344970703125,604.9949951171875,1137700
2019-08-19,NESTLEIND,558.9703369140625,603.3300170898438,612.9949951171875,602.0025024414062,604.5,897660
2019-08-20,NESTLEIND,554.486083984375,598.489990234375,607.79248046875,595.8350219726562,605.7000122070312,1359040
2019-08-21,NESTLEIND,583.4059448242188,629.7050170898438,632.3250122070312,598.5,598.5,5460120
2019-08-22,NESTLEIND,577.6574096679688,623.5,639.9500122070312,620.2625122070312,632.0,2017160
2019-08-23,NESTLEIND,576.2048950195312,621.9324951171875,627.3800048828125,612.5,624.9749755859375,1171420
2019-08-26,NESTLEIND,574.0138549804688,619.5675048828125,631.0875244140625,611.5,631.0875244140625,1558120
2019-08-27,NESTLEIND,577.7660522460938,623.6174926757812,627.5,617.7050170898438,617.7050170898438,1853980
2019-08-28,NESTLEIND,579.8529663085938,625.8699951171875,642.5,620.4974975585938,627.25,2072940
2019-08-29,NESTLEIND,589.0922241210938,635.842529296875,644.5,630.5,632.1500244140625,4878540
2019-08-30,NESTLEIND,596.427490234375,643.760009765625,647.4400024414062,628.3499755859375,636.25,2480100
2019-09-03,NESTLEIND,587.8924560546875,634.5474853515625,644.9500122070312,629.8800048828125,641.5,1585360
2019-09-04,NESTLEIND,578.1552124023438,624.0374755859375,637.530029296875,619.3825073242188,634.9874877929688,1828700
2019-09-05,NESTLEIND,584.2422485351562,630.6074829101562,633.75,624.0025024414062,624.0025024414062,1058820
2019-09-06,NESTLEIND,584.3256225585938,630.697509765625,635.6099853515625,625.25,632.5,1156360
2019-09-09,NESTLEIND,594.6279296875,641.8175048828125,645.0,628.2349853515625,631.4650268554688,1366820
2019-09-11,NESTLEIND,591.0425415039062,637.947509765625,642.0974731445312,633.16748046875,641.947509765625,2113300
2019-09-12,NESTLEIND,581.6826782226562,627.844970703125,641.8099975585938,626.0150146484375,638.822509765625,1470060
2019-09-13,NESTLEIND,587.8160400390625,634.4650268554688,635.9500122070312,625.4749755859375,628.5,1130140
2019-09-16,NESTLEIND,594.8410034179688,642.0474853515625,643.4974975585938,625.594970703125,625.594970703125,970100
2019-09-17,NESTLEIND,591.2879638671875,638.2125244140625,639.5,635.302490234375,638.0025024414062,1409440
2019-09-18,NESTLEIND,596.140380859375,643.4500122070312,644.4974975585938,632.5,642.2000122070312,890360
2019-09-19,NESTLEIND,588.0755004882812,634.7449951171875,644.4000244140625,631.75,637.0025024414062,1554380
2019-09-20,NESTLEIND,625.3428955078125,674.969970703125,681.4724731445312,626.5499877929688,637.25,5681400
2019-09-23,NESTLEIND,635.2469482421875,685.6599731445312,705.8599853515625,680.092529296875,685.0,2772100
2019-09-24,NESTLEIND,622.1605224609375,671.5349731445312,690.0,665.5075073242188,686.0,2326640
2019-09-25,NESTLEIND,623.4482421875,672.9249877929688,678.6500244140625,665.2550048828125,671.2000122070312,1664920
2019-09-26,NESTLEIND,645.5029296875,696.72998046875,707.2000122070312,676.2525024414062,677.25,17945060
2019-09-27,NESTLEIND,636.530029296875,687.0449829101562,694.907470703125,680.0,692.0,2202380
2019-09-30,NESTLEIND,643.4207153320312,694.4824829101562,699.5999755859375,684.0,687.0050048828125,1929980
2019-10-01,NESTLEIND,633.7808837890625,684.0775146484375,697.3474731445312,682.4949951171875,694.4500122070312,1670900
2019-10-03,NESTLEIND,635.0916137695312,685.4924926757812,687.47998046875,678.302490234375,684.0,817880
2019-10-04,NESTLEIND,622.6375732421875,672.0499877929688,689.5999755859375,666.7949829101562,689.5999755859375,1838180
2019-10-07,NESTLEIND,630.158203125,680.16748046875,684.9000244140625,673.0,675.4099731445312,855260
2019-10-09,NESTLEIND,641.9684448242188,692.9149780273438,695.5,675.5025024414062,682.25,1871540
2019-10-10,NESTLEIND,640.1873779296875,690.9924926757812,692.8499755859375,684.0,692.8499755859375,558100
2019-10-11,NESTLEIND,650.0333862304688,701.6199951171875,703.75,690.9924926757812,690.9924926757812,1221500
2019-10-14,NESTLEIND,656.3612670898438,708.4500122070312,710.75,697.5,706.75,1413440
2019-10-15,NESTLEIND,652.5536499023438,704.3400268554688,710.25,701.7974853515625,707.60498046875,1956160
2019-10-16,NESTLEIND,664.8154296875,717.5750122070312,720.177490234375,704.0,704.9949951171875,1345580
2019-10-17,NESTLEIND,672.4749755859375,725.842529296875,731.5175170898438,708.0,719.1500244140625,2289860
2019-10-18,NESTLEIND,687.2337036132812,741.7725219726562,747.16748046875,720.1649780273438,725.9550170898438,2431300
2019-10-22,NESTLEIND,695.7827758789062,751.0,755.5474853515625,741.7999877929688,744.4000244140625,2760220
2019-10-23,NESTLEIND,694.0687255859375,749.1500244140625,756.29248046875,745.8125,754.5499877929688,1179720
2019-10-24,NESTLEIND,679.3841552734375,733.2999877929688,752.4000244140625,731.29248046875,750.9500122070312,2296260
2019-10-25,NESTLEIND,685.7467651367188,740.16748046875,745.0,723.0675048828125,738.9500122070312,2629580
2019-10-27,NESTLEIND,686.2122802734375,740.6699829101562,747.4749755859375,738.9149780273438,746.75,225560
2019-10-29,NESTLEIND,680.94775390625,734.9874877929688,743.4000244140625,725.5,743.4000244140625,1980760
2019-10-30,NESTLEIND,693.36474609375,748.3900146484375,749.9450073242188,737.5150146484375,744.3499755859375,1161220
2019-10-31,NESTLEIND,692.401123046875,747.3499755859375,757.344970703125,739.1925048828125,748.5025024414062,1605220
2019-11-01,NESTLEIND,692.9940795898438,747.989990234375,753.47998046875,742.5150146484375,747.3499755859375,987840
2019-11-04,NESTLEIND,686.2100219726562,740.66748046875,754.5850219726562,740.0549926757812,749.4199829101562,791620
2019-11-05,NESTLEIND,678.65234375,732.510009765625,744.25,730.27001953125,742.0,1665300
2019-11-06,NESTLEIND,678.626708984375,732.4824829101562,741.0499877929688,729.4324951171875,733.75,1573180
2019-11-07,NESTLEIND,681.4803466796875,735.5625,739.5025024414062,727.5499877929688,735.5,948760
2019-11-08,NESTLEIND,670.3648681640625,723.5650024414062,742.5,718.7000122070312,737.5,1640580
2019-11-11,NESTLEIND,653.5563354492188,705.4224853515625,729.9949951171875,702.5549926757812,724.5,2906820
2019-11-13,NESTLEIND,659.3375244140625,711.6624755859375,716.47998046875,703.5125122070312,705.4224853515625,1333020
2019-11-14,NESTLEIND,659.24951171875,711.5675048828125,715.0474853515625,705.0,712.5,1209520
2019-11-15,NESTLEIND,662.2235717773438,714.7775268554688,721.8499755859375,707.6525268554688,713.092529296875,1516740
2019-11-18,NESTLEIND,652.4956665039062,704.2775268554688,717.4949951171875,702.9525146484375,717.4949951171875,1299560
2019-11-19,NESTLEIND,653.9569091796875,705.85498046875,710.594970703125,700.47998046875,705.5,895740
2019-11-20,NESTLEIND,659.12451171875,711.4324951171875,714.4500122070312,699.125,705.8499755859375,1588360
2019-11-21,NESTLEIND,656.8453369140625,708.9724731445312,714.0075073242188,706.0549926757812,712.0,809680
2019-11-22,NESTLEIND,656.4769897460938,708.5750122070312,715.0474853515625,705.0999755859375,709.5,862640
2019-11-25,NESTLEIND,671.0831298828125,724.3400268554688,729.0,707.75,712.407470703125,1491540
2019-11-26,NESTLEIND,672.82470703125,726.219970703125,730.0,711.2725219726562,719.9425048828125,3984960
2019-11-27,NESTLEIND,674.5989990234375,728.135009765625,735.0,711.342529296875,728.0,1438380
2019-11-28,NESTLEIND,679.08544921875,732.9774780273438,735.0,728.7000122070312,731.7750244140625,913560
2019-11-29,NESTLEIND,669.5611572265625,722.697509765625,734.9500122070312,720.5499877929688,734.9500122070312,937460
2019-12-02,NESTLEIND,674.3651123046875,727.8825073242188,731.5650024414062,714.2949829101562,722.697509765625,1499080
2019-12-03,NESTLEIND,664.907958984375,717.6749877929688,727.6649780273438,715.2899780273438,727.6649780273438,1097440
2019-12-04,NESTLEIND,662.7191772460938,715.3125,718.75,710.0499877929688,716.5,1117760
2019-12-05,NESTLEIND,661.9502563476562,714.4824829101562,719.782470703125,711.0,719.782470703125,1586700
2019-12-06,NESTLEIND,656.2361450195312,708.3150024414062,716.217529296875,707.4500122070312,715.0499877929688,1169740
2019-12-09,NESTLEIND,659.3028564453125,711.625,713.4500122070312,700.25,711.5,1954240
2019-12-10,NESTLEIND,655.3128662109375,704.5850219726562,712.1475219726562,701.5850219726562,711.2000122070312,1236000
2019-12-11,NESTLEIND,654.1177978515625,703.2999877929688,707.7999877929688,700.5,705.4500122070312,966120
2019-12-12,NESTLEIND,658.2542724609375,707.7474975585938,711.635009765625,703.85498046875,703.85498046875,1336820
2019-12-13,NESTLEIND,665.0737915039062,715.0800170898438,719.4749755859375,700.5499877929688,709.5,3121000
2019-12-16,NESTLEIND,658.1007080078125,707.58251953125,721.530029296875,706.8499755859375,713.0,1341440
2019-12-17,NESTLEIND,657.9844970703125,707.45751953125,712.35498046875,704.0499877929688,710.7449951171875,1628500
2019-12-18,NESTLEIND,659.9352416992188,709.5549926757812,714.0,702.77001953125,710.0,1874320
2019-12-19,NESTLEIND,664.3207397460938,714.27001953125,714.9500122070312,705.0,709.5999755859375,1373840
2019-12-20,NESTLEIND,690.9600219726562,742.9124755859375,748.9000244140625,711.1024780273438,713.0,8460660
2019-12-23,NESTLEIND,675.8115844726562,726.625,749.66748046875,724.5,739.2999877929688,2500620
2019-12-24,NESTLEIND,678.2994995117188,729.2999877929688,731.1624755859375,723.092529296875,729.0,793720
2019-12-26,NESTLEIND,678.915771484375,729.9625244140625,735.75,728.0,730.0,918480
2019-12-27,NESTLEIND,681.9337768554688,733.20751953125,734.4824829101562,728.7249755859375,732.4400024414062,587700
2019-12-30,NESTLEIND,690.664794921875,742.594970703125,745.0,730.0050048828125,733.9949951171875,1754400
2019-12-31,NESTLEIND,687.5700073242188,739.2675170898438,746.2150268554688,735.5,743.2000122070312,1255300
2020-01-01,NESTLEIND,687.2770385742188,738.9525146484375,742.467529296875,735.6124877929688,740.9500122070312,477180
2020-01-02,NESTLEIND,684.9658203125,736.467529296875,742.6475219726562,734.3574829101562,742.4450073242188,922320
2020-01-03,NESTLEIND,678.6528930664062,729.6799926757812,739.75,727.8049926757812,737.5,800000
2020-01-06,NESTLEIND,670.4241943359375,720.83251953125,727.0999755859375,713.75,727.0999755859375,1302720
2020-01-07,NESTLEIND,664.5693359375,714.5374755859375,727.3375244140625,713.04248046875,721.177490234375,1444740
2020-01-08,NESTLEIND,669.2429809570312,719.5625,722.5,706.0175170898438,709.5800170898438,789760
2020-01-09,NESTLEIND,680.9710693359375,732.1724853515625,733.75,722.5,724.75,1114160
2020-01-10,NESTLEIND,682.94287109375,734.29248046875,735.9450073242188,728.5125122070312,732.1724853515625,785480
2020-01-13,NESTLEIND,681.6593627929688,732.9124755859375,737.39501953125,730.0499877929688,737.39501953125,539800
2020-01-14,NESTLEIND,691.4414672851562,743.4299926757812,744.75,730.3499755859375,732.89501953125,1007560
2020-01-15,NESTLEIND,691.0508422851562,743.010009765625,747.5,735.9425048828125,741.4000244140625,829360
2020-01-16,NESTLEIND,714.0560913085938,767.7449951171875,769.9000244140625,742.405029296875,742.5499877929688,4064160
2020-01-17,NESTLEIND,717.9879760742188,771.9724731445312,780.0,767.9324951171875,769.9500122070312,1927980
2020-01-20,NESTLEIND,716.9555053710938,770.8624877929688,773.969970703125,761.5075073242188,761.5075073242188,1375400
2020-01-21,NESTLEIND,710.607666015625,764.0374755859375,775.0800170898438,760.0,768.052490234375,1265160
2020-01-22,NESTLEIND,723.068359375,777.4349975585938,779.25,765.0499877929688,768.4500122070312,1112540
2020-01-23,NESTLEIND,723.075439453125,777.4425048828125,781.25,772.75,775.0,857220
2020-01-24,NESTLEIND,732.6853637695312,787.7750244140625,792.5,775.0075073242188,780.0,1012640
2020-01-27,NESTLEIND,728.525634765625,783.302490234375,792.25,777.9974975585938,785.0,627240
2020-01-28,NESTLEIND,716.9275512695312,770.83251953125,785.5,768.3400268554688,783.2000122070312,1062140
2020-01-29,NESTLEIND,737.8587646484375,793.3375244140625,794.9974975585938,772.0,779.25,1285020
2020-01-30,NESTLEIND,721.7708740234375,776.0399780273438,790.54248046875,773.5625,790.0999755859375,945040
2020-01-31,NESTLEIND,714.267578125,767.9724731445312,781.8624877929688,765.5150146484375,778.0,1192980
2020-02-03,NESTLEIND,758.0530395507812,815.0499877929688,825.0,776.5,779.4500122070312,4075040
2020-02-04,NESTLEIND,765.242431640625,822.780029296875,825.39501953125,806.3524780273438,820.0,2328320
2020-02-05,NESTLEIND,761.9522705078125,819.2424926757812,824.094970703125,812.802490234375,823.7999877929688,1150220
2020-02-06,NESTLEIND,757.3065185546875,814.2474975585938,827.4724731445312,807.8900146484375,819.9500122070312,1481680
2020-02-07,NESTLEIND,759.29931640625,816.3900146484375,819.25,809.72998046875,817.0,828140
2020-02-10,NESTLEIND,752.0633544921875,808.6099853515625,818.655029296875,805.5999755859375,815.0,1225400
2020-02-11,NESTLEIND,743.9228515625,799.8574829101562,815.0025024414062,797.5,812.0,1467000
2020-02-12,NESTLEIND,757.8995361328125,814.885009765625,823.6300048828125,798.4224853515625,801.2999877929688,2580220
2020-02-13,NESTLEIND,763.2240600585938,820.6099853515625,823.0750122070312,813.8674926757812,816.4000244140625,3024560
2020-02-14,NESTLEIND,760.6315307617188,817.822509765625,839.1199951171875,812.5,825.0,3314160
2020-02-17,NESTLEIND,771.4204711914062,829.4224853515625,830.75,818.6500244140625,820.6500244140625,2795760
2020-02-18,NESTLEIND,762.8357543945312,820.1925048828125,828.4949951171875,819.2525024414062,828.4949951171875,1800260
2020-02-19,NESTLEIND,780.5629272460938,839.2525024414062,841.5750122070312,823.7899780273438,826.9299926757812,1900000
2020-02-20,NESTLEIND,769.14404296875,826.9749755859375,837.0,826.27001953125,837.0,1314640
2020-02-24,NESTLEIND,759.7386474609375,816.8624877929688,828.8375244140625,815.8499755859375,824.9500122070312,1330320
2020-02-25,NESTLEIND,761.7500610351562,819.0250244140625,827.04248046875,815.467529296875,818.6500244140625,1818320
2020-02-26,NESTLEIND,755.22314453125,812.0075073242188,827.25,807.5025024414062,827.25,2336780
2020-02-27,NESTLEIND,756.320556640625,813.1875,817.04248046875,802.875,815.0,1803980
2020-02-28,NESTLEIND,733.7713012695312,788.9425048828125,806.4525146484375,784.0,802.0999755859375,2813460
2020-03-02,NESTLEIND,749.16845703125,805.4974975585938,815.75,795.0499877929688,797.5,2344640
2020-03-03,NESTLEIND,760.7686767578125,817.969970703125,824.9500122070312,806.5125122070312,806.5125122070312,1867440
2020-03-04,NESTLEIND,769.237060546875,827.0750122070312,831.625,801.0,819.8499755859375,2234220
2020-03-05,NESTLEIND,770.8553466796875,828.8150024414062,841.7575073242188,824.125,827.5,1701800
2020-03-06,NESTLEIND,764.01953125,821.4650268554688,828.2775268554688,810.0050048828125,817.905029296875,1724240
2020-03-09,NESTLEIND,745.5133056640625,801.5675048828125,817.5,785.0549926757812,812.4650268554688,2473680
2020-03-11,NESTLEIND,746.313232421875,802.427490234375,810.0,788.6400146484375,800.2575073242188,2474640
2020-03-12,NESTLEIND,723.85205078125,778.2775268554688,794.1375122070312,752.25,793.4724731445312,4457320
2020-03-13,NESTLEIND,697.170654296875,749.5900268554688,792.75,702.5,767.0499877929688,5232400
2020-03-16,NESTLEIND,669.5195922851562,719.8599853515625,746.552490234375,674.6325073242188,740.0,4424560
2020-03-17,NESTLEIND,676.2068481445312,727.0499877929688,738.8499755859375,712.5,725.0,3539600
2020-03-18,NESTLEIND,629.5079956054688,676.8400268554688,736.9000244140625,670.0,727.5,4258440
2020-03-19,NESTLEIND,610.139404296875,656.0150146484375,672.4199829101562,628.8524780273438,650.0250244140625,4294200
2020-03-20,NESTLEIND,657.8148193359375,707.2750244140625,721.655029296875,657.5,659.9000244140625,4098500
2020-03-23,NESTLEIND,601.9710693359375,647.2324829101562,699.989990234375,637.5025024414062,637.52001953125,3918540
2020-03-24,NESTLEIND,626.7898559570312,673.91748046875,694.4500122070312,610.0,694.4500122070312,5173340
2020-03-25,NESTLEIND,671.7006225585938,722.2050170898438,726.0,640.0,640.0,3974440
2020-03-26,NESTLEIND,693.8154296875,745.9824829101562,755.0,702.5775146484375,734.9849853515625,4106880
2020-03-27,NESTLEIND,702.6021728515625,755.4299926757812,776.7000122070312,740.0,770.0,3504880
2020-03-30,NESTLEIND,728.1815185546875,782.9324951171875,794.5,734.385009765625,749.5,4029400
2020-03-31,NESTLEIND,758.0343017578125,815.030029296875,821.2474975585938,785.0625,792.4500122070312,3678380
2020-04-01,NESTLEIND,727.9907836914062,782.7274780273438,822.7999877929688,775.0,815.0125122070312,2550240
2020-04-03,NESTLEIND,702.41845703125,755.2324829101562,796.9849853515625,750.25,796.9849853515625,3815520
2020-04-07,NESTLEIND,792.3563232421875,851.9324951171875,860.0,771.302490234375,778.75,4938020
2020-04-08,NESTLEIND,784.5716552734375,843.5625,877.2025146484375,827.7725219726562,832.5,4968900
2020-04-09,NESTLEIND,783.1043701171875,841.9849853515625,877.2000122070312,828.75,871.8474731445312,4150160
2020-04-13,NESTLEIND,771.955078125,829.9974975585938,848.7000122070312,816.5075073242188,842.25,1658140
2020-04-15,NESTLEIND,805.71435546875,866.2949829101562,869.5499877929688,832.85498046875,832.85498046875,3111580
2020-04-16,NESTLEIND,832.191162109375,894.7625122070312,900.08251953125,852.6074829101562,866.0,4514800
2020-04-17,NESTLEIND,805.6400146484375,866.2150268554688,918.4974975585938,861.1699829101562,918.4974975585938,3745420
2020-04-20,NESTLEIND,789.4613647460938,848.8200073242188,874.489990234375,846.5,874.489990234375,2703940
2020-04-21,NESTLEIND,791.272705078125,850.7675170898438,862.0,835.0,840.0,2675080
2020-04-22,NESTLEIND,820.41650390625,882.1024780273438,885.0,840.8599853515625,850.41748046875,4044820
2020-04-23,NESTLEIND,810.8368530273438,871.802490234375,890.0,865.2999877929688,879.9974975585938,3742000
2020-04-24,NESTLEIND,809.4415893554688,870.302490234375,890.0,865.0,865.0,2902320
2020-04-27,NESTLEIND,834.7743530273438,897.5399780273438,900.75,871.25,879.25,2439720
2020-04-28,NESTLEIND,817.0494995117188,878.4824829101562,901.1475219726562,875.0499877929688,898.8250122070312,2150860
2020-04-29,NESTLEIND,813.3316650390625,874.4849853515625,887.4000244140625,870.0,887.4000244140625,2104840
2020-04-30,NESTLEIND,833.5584106445312,896.2324829101562,900.0,875.5999755859375,885.0,3167400
2020-05-04,NESTLEIND,811.785400390625,872.822509765625,886.407470703125,868.0025024414062,871.0250244140625,2379480
2020-05-05,NESTLEIND,810.1600952148438,871.0750122070312,881.8474731445312,855.0,878.5499877929688,2613580
2020-05-06,NESTLEIND,804.9424438476562,865.4650268554688,880.85498046875,863.5,871.0750122070312,2710180
2020-05-07,NESTLEIND,797.1832885742188,857.1224975585938,864.0,841.2625122070312,860.0,4181520
2020-05-08,NESTLEIND,827.8987426757812,890.1475219726562,891.0,860.0750122070312,867.5,3584000
2020-05-11,NESTLEIND,816.698486328125,878.10498046875,896.0,874.5,888.5,3680620
2020-05-12,NESTLEIND,812.0411376953125,873.0974731445312,888.8499755859375,869.25,880.4500122070312,4778500
2020-05-13,NESTLEIND,767.881591796875,825.6174926757812,887.5,820.0,887.5,11240660
2020-05-14,NESTLEIND,755.33251953125,812.125,842.5,810.0499877929688,830.0,8204760
2020-05-15,NESTLEIND,764.6937255859375,822.1900024414062,827.5,810.0974731445312,825.0,5431840
2020-05-18,NESTLEIND,755.2325439453125,812.0175170898438,828.75,808.1099853515625,822.0499877929688,3359200
2020-05-19,NESTLEIND,751.0448608398438,807.5150146484375,820.7899780273438,805.4324951171875,814.010009765625,2362880
2020-05-20,NESTLEIND,758.1644897460938,815.1699829101562,829.7474975585938,807.5499877929688,812.0499877929688,3590780
2020-05-21,NESTLEIND,757.7948608398438,814.7725219726562,825.25,813.25,816.5,2421600
2020-05-22,NESTLEIND,754.0607299804688,810.7575073242188,819.8400268554688,807.5,814.7999877929688,2366000
2020-05-26,NESTLEIND,774.5221557617188,832.7575073242188,837.5,816.219970703125,819.0,3973840
2020-05-27,NESTLEIND,777.3751831054688,835.8250122070312,841.0,824.35498046875,835.0,3350660
2020-05-28,NESTLEIND,790.0543823242188,849.45751953125,851.5,834.0,835.8250122070312,3525760
2020-05-29,NESTLEIND,815.7079467773438,877.0399780273438,880.0,839.2274780273438,847.5,4889320
2020-06-01,NESTLEIND,799.0899047851562,859.1724853515625,887.4500122070312,855.5499877929688,877.0399780273438,3503720
2020-06-02,NESTLEIND,791.2308959960938,850.7224731445312,873.8499755859375,848.5999755859375,873.8499755859375,2644020
2020-06-03,NESTLEIND,809.5114135742188,870.3775024414062,876.0974731445312,857.5999755859375,858.75,2922020
2020-06-04,NESTLEIND,799.7014770507812,859.8300170898438,877.3275146484375,857.4025268554688,870.344970703125,1952620
2020-06-05,NESTLEIND,795.062744140625,854.842529296875,873.0,847.8275146484375,865.8499755859375,3241920
2020-06-08,NESTLEIND,782.9415893554688,841.8099975585938,862.5,839.5,862.5,2941400
2020-06-09,NESTLEIND,769.7509765625,827.6275024414062,849.25,826.0499877929688,832.5999755859375,3493700
2020-06-10,NESTLEIND,768.9207763671875,826.7349853515625,841.5999755859375,820.5,832.5,2468800
2020-06-11,NESTLEIND,775.200927734375,830.4124755859375,842.5,826.7874755859375,827.5,3302620
2020-06-12,NESTLEIND,769.9757690429688,824.8150024414062,835.85498046875,815.0,815.0,2813560
2020-06-15,NESTLEIND,765.494873046875,820.0150146484375,832.5,818.5,825.0,2793080
2020-06-16,NESTLEIND,762.7782592773438,817.10498046875,829.9000244140625,813.5,829.9000244140625,3864740
2020-06-17,NESTLEIND,756.0592651367188,809.907470703125,822.0,805.7575073242188,817.25,2539180
2020-06-18,NESTLEIND,755.1632080078125,808.947509765625,815.0,802.72998046875,810.9249877929688,3168900
2020-06-19,NESTLEIND,751.2377319335938,804.7424926757812,815.282470703125,802.6099853515625,814.5,3377860
2020-06-22,NESTLEIND,753.382568359375,807.0399780273438,814.5,803.25,814.5,2718300
2020-06-23,NESTLEIND,772.4098510742188,827.4224853515625,836.0,810.5025024414062,814.489990234375,4894700
2020-06-24,NESTLEIND,779.8545532226562,835.3975219726562,843.0,825.95751953125,833.0,4021380
2020-06-25,NESTLEIND,783.5443725585938,839.3499755859375,842.5,828.25,829.5150146484375,3393300
2020-06-26,NESTLEIND,778.433349609375,833.875,846.5,831.5,842.5,2206820
2020-06-29,NESTLEIND,780.6434326171875,836.2424926757812,849.030029296875,827.0,837.0,3392920
2020-06-30,NESTLEIND,801.6287841796875,858.7224731445312,864.9000244140625,837.6950073242188,839.9500122070312,4020660
2020-07-01,NESTLEIND,784.0973510742188,839.9425048828125,860.25,836.0,860.25,4338000
2020-07-02,NESTLEIND,783.6541748046875,839.467529296875,849.25,833.0549926757812,849.25,2939400
2020-07-03,NESTLEIND,779.2782592773438,834.780029296875,849.5,832.5,840.6900024414062,3633160
2020-07-06,NESTLEIND,784.244384765625,840.0999755859375,842.0999755859375,834.3474731445312,837.75,1966740
2020-07-07,NESTLEIND,789.3975219726562,845.6199951171875,847.5,836.5025024414062,842.75,2827120
2020-07-08,NESTLEIND,784.2467651367188,840.1024780273438,857.5,836.8499755859375,846.7999877929688,4374420
2020-07-09,NESTLEIND,782.2422485351562,837.9550170898438,848.2974853515625,834.0499877929688,842.0,1837880
2020-07-10,NESTLEIND,785.6962280273438,841.655029296875,843.7474975585938,831.4000244140625,837.9550170898438,2672220
2020-07-13,NESTLEIND,791.4721069335938,847.842529296875,854.9000244140625,843.7525024414062,844.25,2280580
2020-07-14,NESTLEIND,788.6226196289062,844.7899780273438,855.7575073242188,842.5999755859375,847.4500122070312,1517060
2020-07-15,NESTLEIND,789.2271118164062,845.4375,857.1500244140625,837.0,847.0,2530380
2020-07-16,NESTLEIND,816.6209716796875,874.782470703125,888.22998046875,838.0,846.2999877929688,5930740
2020-07-17,NESTLEIND,804.21923828125,861.4974975585938,881.0,858.25,874.7000122070312,2502760
2020-07-20,NESTLEIND,805.0150756835938,862.3499755859375,868.5,853.530029296875,866.2000122070312,3931480
2020-07-21,NESTLEIND,806.3502197265625,863.780029296875,874.7474975585938,860.4025268554688,867.5,4223720
2020-07-22,NESTLEIND,800.5738525390625,857.592529296875,872.0,850.052490234375,867.5,3129560
2020-07-23,NESTLEIND,805.4539184570312,862.8200073242188,864.947509765625,852.5,856.0,2138820
2020-07-24,NESTLEIND,805.2415161132812,862.592529296875,870.5,848.0,856.2550048828125,4145600
2020-07-27,NESTLEIND,809.8343505859375,867.5125122070312,870.7474975585938,860.594970703125,865.0,2076560
2020-07-28,NESTLEIND,797.939208984375,854.77001953125,873.7324829101562,850.385009765625,870.3499755859375,3179340
2020-07-29,NESTLEIND,774.7156982421875,829.8925170898438,859.9500122070312,825.530029296875,849.9974975585938,9010100
2020-07-30,NESTLEIND,771.2685546875,826.2000122070312,838.5974731445312,822.5549926757812,837.0,2569680
2020-07-31,NESTLEIND,771.1847534179688,826.1099853515625,833.7125244140625,821.6099853515625,826.2999877929688,2958800
2020-08-03,NESTLEIND,771.3059692382812,826.239990234375,830.0,817.5,826.4000244140625,2316860
2020-08-04,NESTLEIND,773.8824462890625,829.0,832.427490234375,820.6925048828125,831.7650146484375,2200960
2020-08-05,NESTLEIND,770.3048706054688,825.16748046875,832.197509765625,823.0,831.5,1955300
2020-08-06,NESTLEIND,778.4169921875,833.8574829101562,835.0,822.5,830.0,2117760
2020-08-07,NESTLEIND,783.6188354492188,839.4299926757812,844.9500122070312,827.7949829101562,833.4450073242188,1769000
2020-08-10,NESTLEIND,777.8849487304688,833.2874755859375,842.9974975585938,832.0,839.4974975585938,1282880
2020-08-11,NESTLEIND,775.8802490234375,831.1400146484375,839.282470703125,829.0499877929688,836.25,757460
2020-08-12,NESTLEIND,772.0549926757812,827.04248046875,831.1024780273438,822.5,829.1024780273438,1643260
2020-08-13,NESTLEIND,768.9441528320312,823.7100219726562,833.0974731445312,822.9199829101562,823.0999755859375,1326060
2020-08-14,NESTLEIND,763.3663940429688,817.7349853515625,827.4500122070312,815.2525024414062,824.3499755859375,1188680
2020-08-17,NESTLEIND,766.5497436523438,821.14501953125,826.2249755859375,815.6875,822.5,1251680
2020-08-18,NESTLEIND,772.697021484375,827.72998046875,831.22998046875,815.5499877929688,820.0,2088000
2020-08-19,NESTLEIND,762.9486083984375,817.2874755859375,827.6624755859375,815.7750244140625,825.0,2500100
2020-08-20,NESTLEIND,756.7034301757812,810.5974731445312,817.0,809.2625122070312,815.0,1961700
2020-08-21,NESTLEIND,773.0399169921875,828.0974731445312,834.5,812.5,816.125,2882860
2020-08-24,NESTLEIND,769.1588134765625,823.9400024414062,835.39501953125,820.0499877929688,829.0,1481440
2020-08-25,NESTLEIND,760.2625122070312,814.4099731445312,823.8975219726562,813.25,822.7999877929688,2177340
2020-08-26,NESTLEIND,755.6813354492188,809.5025024414062,817.41748046875,808.5,814.5250244140625,2330160
2020-08-27,NESTLEIND,752.1176147460938,805.6849975585938,812.0150146484375,804.25,811.75,2552900
2020-08-28,NESTLEIND,751.5364379882812,805.0625,818.4000244140625,804.5,807.7999877929688,2969780
2020-08-31,NESTLEIND,744.45556640625,797.4774780273438,814.3499755859375,793.75,810.75,4425860
2020-09-01,NESTLEIND,756.0009765625,809.844970703125,812.7474975585938,786.9949951171875,799.75,3538940
2020-09-02,NESTLEIND,746.4628295898438,799.6275024414062,813.0,798.5,809.5499877929688,2123840
2020-09-03,NESTLEIND,765.1890258789062,819.6875,821.97998046875,796.0625,802.5,2677740
2020-09-04,NESTLEIND,757.6672973632812,811.6300048828125,821.1950073242188,807.5,807.75,1978640
2020-09-07,NESTLEIND,765.6442260742188,820.1749877929688,825.75,798.60498046875,812.0499877929688,2096160
2020-09-08,NESTLEIND,752.7150268554688,806.3250122070312,818.47998046875,805.0,818.47998046875,2108280
2020-09-09,NESTLEIND,761.396728515625,815.625,817.5,800.0,800.0,2716000
2020-09-10,NESTLEIND,766.4470825195312,821.0349731445312,822.5,810.0625,813.0625,1544160
2020-09-11,NESTLEIND,761.99658203125,816.2675170898438,820.0,810.2000122070312,820.0,1624560
2020-09-14,NESTLEIND,750.6986083984375,804.1649780273438,820.0,802.0025024414062,820.0,2058520
2020-09-15,NESTLEIND,748.7218627929688,802.0474853515625,808.2949829101562,800.5999755859375,804.5,1899680
2020-09-16,NESTLEIND,756.04296875,809.8900146484375,811.25,802.5,803.3250122070312,2485240
2020-09-17,NESTLEIND,752.4747924804688,806.0675048828125,814.9400024414062,804.5,812.0,2013620
2020-09-18,NESTLEIND,750.8737182617188,804.3524780273438,812.5,796.25,812.5,3947020
2020-09-21,NESTLEIND,720.240478515625,771.5374755859375,802.4749755859375,757.7249755859375,801.25,5543300
2020-09-22,NESTLEIND,709.43505859375,759.9625244140625,771.5,755.0,771.5,2142400
2020-09-23,NESTLEIND,717.220458984375,768.302490234375,769.947509765625,756.5,760.0025024414062,2628600
2020-09-24,NESTLEIND,712.2169799804688,762.9425048828125,771.9149780273438,758.75,767.4000244140625,2225500
2020-09-25,NESTLEIND,734.5255737304688,786.8400268554688,791.5,765.0499877929688,774.75,3565380
2020-09-28,NESTLEIND,733.7320556640625,785.989990234375,793.5275268554688,781.0075073242188,791.0,1088220
2020-09-29,NESTLEIND,729.113525390625,781.04248046875,792.552490234375,778.75,790.0,963580
2020-09-30,NESTLEIND,743.0134887695312,795.9324951171875,801.4375,780.2525024414062,781.4974975585938,2070000
2020-10-01,NESTLEIND,746.8338623046875,800.0250244140625,802.5,789.8800048828125,795.9500122070312,1252760
2020-10-05,NESTLEIND,748.3578491210938,801.657470703125,807.0,786.6174926757812,799.9000244140625,1421620
2020-10-06,NESTLEIND,741.0625610351562,793.842529296875,806.4000244140625,791.7025146484375,801.6500244140625,1505560
2020-10-07,NESTLEIND,752.1502685546875,805.719970703125,806.2474975585938,792.7324829101562,797.8099975585938,1992940
2020-10-08,NESTLEIND,761.028076171875,815.22998046875,816.5,802.6024780273438,805.0,1571520
2020-10-09,NESTLEIND,748.4021606445312,801.7050170898438,817.5,799.25,812.5,1484920
2020-10-12,NESTLEIND,742.2456665039062,795.1099853515625,807.47998046875,793.0,805.0,1163320
2020-10-13,NESTLEIND,731.547607421875,783.6500244140625,798.9625244140625,782.5999755859375,794.0,1524700
2020-10-14,NESTLEIND,731.5499877929688,783.6525268554688,791.0,777.5,783.7000122070312,1331900
2020-10-15,NESTLEIND,728.2687377929688,780.1375122070312,789.4000244140625,778.0900268554688,785.0,1004880
2020-10-16,NESTLEIND,720.2171020507812,771.5125122070312,791.02001953125,768.75,782.5,2647220
2020-10-19,NESTLEIND,751.1583862304688,804.657470703125,808.9000244140625,771.2525024414062,777.5,3655880
2020-10-20,NESTLEIND,758.5985107421875,812.6275024414062,820.5,792.5,795.0,4066880
2020-10-21,NESTLEIND,748.25048828125,801.54248046875,815.7224731445312,797.1024780273438,812.0,3001820
2020-10-22,NESTLEIND,742.5840454101562,795.4724731445312,804.0549926757812,788.4025268554688,799.5025024414062,2271600
2020-10-23,NESTLEIND,740.5302734375,793.2725219726562,803.2999877929688,790.3624877929688,796.5,1471900
2020-10-26,NESTLEIND,758.916015625,812.967529296875,818.75,802.6074829101562,810.0,6920120
2020-10-27,NESTLEIND,804.214599609375,861.4924926757812,865.0,819.7775268554688,824.0,9871340
2020-10-28,NESTLEIND,799.047607421875,855.95751953125,864.75,846.7150268554688,857.5,3265240
2020-10-29,NESTLEIND,793.7053833007812,843.530029296875,860.7974853515625,835.592529296875,839.0025024414062,2731220
2020-10-30,NESTLEIND,807.3961181640625,858.0800170898438,868.0,844.5,844.5499877929688,4786320
2020-11-02,NESTLEIND,805.201416015625,855.7474975585938,868.0,847.0,860.0499877929688,1695280
2020-11-03,NESTLEIND,794.73583984375,844.625,863.4974975585938,838.0,861.9500122070312,2094860
2020-11-04,NESTLEIND,799.6569213867188,849.85498046875,860.0,841.25,850.0,1958180
2020-11-05,NESTLEIND,810.204833984375,861.0650024414062,869.9500122070312,851.0399780273438,855.0,2034940
2020-11-06,NESTLEIND,800.106201171875,850.33251953125,863.9924926757812,845.155029296875,862.0,2380060
2020-11-09,NESTLEIND,815.4129028320312,866.5999755859375,868.5,850.0999755859375,857.4000244140625,2228640
2020-11-10,NESTLEIND,781.1981201171875,830.2374877929688,866.5999755859375,829.1425170898438,866.5999755859375,5793320
2020-11-11,NESTLEIND,785.56640625,834.8800048828125,841.4025268554688,823.75,833.5,4966220
2020-11-12,NESTLEIND,786.5543823242188,835.9299926757812,845.0,826.6799926757812,839.9500122070312,2956620
2020-11-13,NESTLEIND,791.5907592773438,841.282470703125,844.5,832.5,836.25,1485460
2020-11-14,NESTLEIND,792.1788330078125,841.907470703125,844.9500122070312,837.5499877929688,844.9500122070312,208940
2020-11-17,NESTLEIND,798.986572265625,849.1425170898438,853.29248046875,842.6525268554688,847.5,2390080
2020-11-18,NESTLEIND,793.7996826171875,843.6300048828125,848.469970703125,833.592529296875,847.5,2892660
2020-11-19,NESTLEIND,796.6953125,846.70751953125,860.0,839.302490234375,842.0,3604440
2020-11-20,NESTLEIND,821.4536743164062,873.02001953125,875.0,845.7575073242188,852.5,5080200
2020-11-23,NESTLEIND,836.7908325195312,889.3200073242188,892.4450073242188,873.02001953125,873.0499877929688,4052900
2020-11-24,NESTLEIND,831.6722412109375,883.8800048828125,898.5599975585938,880.0,887.5,4289940
2020-11-25,NESTLEIND,824.2670288085938,876.010009765625,889.4500122070312,867.0,889.4500122070312,2130160
2020-11-26,NESTLEIND,834.6995849609375,887.0974731445312,891.9500122070312,864.0,879.9500122070312,2907520
2020-11-27,NESTLEIND,841.6155395507812,894.447509765625,903.4450073242188,847.4874877929688,892.5,22134920
2020-12-01,NESTLEIND,819.4658203125,870.907470703125,903.39501953125,866.5775146484375,903.3900146484375,4701720
2020-12-02,NESTLEIND,812.3290405273438,863.322509765625,872.489990234375,857.5,870.907470703125,3239040
2020-12-03,NESTLEIND,822.9474487304688,874.6074829101562,877.0025024414062,865.7999877929688,872.5,2545500
2020-12-04,NESTLEIND,838.7808837890625,891.4349975585938,893.875,876.0,877.5,2494000
2020-12-07,NESTLEIND,826.2594604492188,878.1275024414062,895.0,872.4924926757812,882.5499877929688,2520600
2020-12-08,NESTLEIND,824.231689453125,875.9724731445312,886.469970703125,869.3125,883.7000122070312,2373980
2020-12-09,NESTLEIND,826.5700073242188,878.45751953125,882.0850219726562,874.0574951171875,877.1799926757812,1790060
2020-12-10,NESTLEIND,863.433349609375,917.635009765625,920.2000122070312,878.1099853515625,880.3499755859375,6089220
2020-12-11,NESTLEIND,865.7103271484375,920.0549926757812,923.0,910.0,915.0,3258820
2020-12-14,NESTLEIND,874.6822509765625,929.5900268554688,933.9500122070312,915.0,917.7349853515625,2614260
2020-12-15,NESTLEIND,855.7742309570312,909.4949951171875,927.5,906.54248046875,923.0150146484375,2715100
2020-12-16,NESTLEIND,862.0572509765625,916.1724853515625,936.7474975585938,912.5075073242188,919.9000244140625,4432140
2020-12-17,NESTLEIND,861.205810546875,915.2675170898438,919.7575073242188,906.8400268554688,916.9000244140625,1962080
2020-12-18,NESTLEIND,863.90625,918.1375122070312,929.9500122070312,907.9000244140625,919.75,4995800
2020-12-21,NESTLEIND,855.9011840820312,909.6300048828125,926.25,905.0499877929688,913.1375122070312,2844440
2020-12-22,NESTLEIND,872.8826904296875,927.677490234375,933.25,900.0,910.0,2655480
2020-12-23,NESTLEIND,881.3110961914062,936.635009765625,940.5999755859375,925.7474975585938,927.7525024414062,2056900
2020-12-24,NESTLEIND,873.48486328125,928.3175048828125,941.5,918.6300048828125,930.6099853515625,2508740
2020-12-28,NESTLEIND,874.9432373046875,929.8674926757812,942.2000122070312,926.0,942.2000122070312,1307140
2020-12-29,NESTLEIND,859.1968994140625,913.1325073242188,935.0,908.77001953125,931.0,3974280
2020-12-30,NESTLEIND,864.6824340820312,918.9625244140625,923.4000244140625,911.5,919.9749755859375,1873080
2020-12-31,NESTLEIND,865.2000122070312,919.5125122070312,922.5,912.875,913.9025268554688,1708840
2021-01-01,NESTLEIND,868.0438842773438,922.5349731445312,926.0,915.302490234375,919.4849853515625,1005720
2021-01-04,NESTLEIND,864.6213989257812,918.8975219726562,931.5,916.4874877929688,924.75,1240700
2021-01-05,NESTLEIND,873.103759765625,927.9124755859375,931.0,913.9025268554688,917.1749877929688,1673460
2021-01-06,NESTLEIND,871.0808715820312,925.7625122070312,930.0,921.5,925.5025024414062,1154120
2021-01-07,NESTLEIND,852.8291015625,906.364990234375,930.75,902.5050048828125,929.9500122070312,2412100
2021-01-08,NESTLEIND,861.2481079101562,915.3125,917.5,900.0,911.364990234375,3032700
2021-01-11,NESTLEIND,865.2564086914062,919.572509765625,927.29248046875,909.405029296875,917.5,2291100
2021-01-12,NESTLEIND,846.7976684570312,899.9550170898438,921.9974975585938,897.5,920.5,2831320
2021-01-13,NESTLEIND,847.7479858398438,900.9650268554688,913.75,898.25,901.9974975585938,2187740
2021-01-14,NESTLEIND,853.078369140625,906.6300048828125,911.469970703125,902.4500122070312,902.4500122070312,1169760
2021-01-15,NESTLEIND,839.0303955078125,891.7000122070312,912.4500122070312,890.0,905.5025024414062,1928020
2021-01-18,NESTLEIND,829.4656982421875,881.5349731445312,903.7000122070312,877.8375244140625,892.4974975585938,2413480
2021-01-19,NESTLEIND,835.299560546875,887.7349853515625,891.0250244140625,883.5,886.5,1256980
2021-01-20,NESTLEIND,831.8462524414062,884.0650024414062,897.0,881.1525268554688,888.3499755859375,1476620
2021-01-21,NESTLEIND,833.492919921875,885.8150024414062,895.0,882.7675170898438,888.5,1419540
2021-01-22,NESTLEIND,827.5319213867188,879.47998046875,894.114990234375,877.5,889.2000122070312,1965000
2021-01-25,NESTLEIND,819.3295288085938,870.7625122070312,885.0,861.4924926757812,882.5999755859375,2328720
2021-01-27,NESTLEIND,825.1091918945312,876.905029296875,879.885009765625,867.0125122070312,873.6475219726562,1328040
2021-01-28,NESTLEIND,818.0311279296875,869.3825073242188,876.0,860.1500244140625,873.5,1781100
2021-01-29,NESTLEIND,802.6161499023438,853.0,873.3925170898438,848.0650024414062,869.2525024414062,2257760
2021-02-01,NESTLEIND,803.9192504882812,854.385009765625,863.7849731445312,850.0,860.0,1688120
2021-02-02,NESTLEIND,808.7462158203125,859.5150146484375,867.5,852.7249755859375,857.5025024414062,2605960
2021-02-03,NESTLEIND,807.6219482421875,858.3200073242188,864.4500122070312,852.5499877929688,860.0025024414062,2246500
2021-02-04,NESTLEIND,803.27490234375,853.7000122070312,861.3474731445312,852.6224975585938,859.9949951171875,1842000
2021-02-05,NESTLEIND,805.2390747070312,855.7874755859375,858.3599853515625,850.1500244140625,856.552490234375,1961940
2021-02-08,NESTLEIND,810.0588989257812,860.9099731445312,864.2449951171875,855.0574951171875,859.0,2432140
2021-02-09,NESTLEIND,814.7990112304688,865.947509765625,875.5,857.5,860.5499877929688,2420240
2021-02-10,NESTLEIND,808.1370849609375,858.8674926757812,871.8400268554688,854.3250122070312,867.010009765625,2331520
2021-02-11,NESTLEIND,819.1882934570312,870.6124877929688,872.3724975585938,857.5,859.4949951171875,1307320
2021-02-12,NESTLEIND,813.6392822265625,864.7150268554688,875.9500122070312,862.0,870.5050048828125,1090560
2021-02-15,NESTLEIND,822.36865234375,873.9924926757812,875.3375244140625,862.9025268554688,867.4500122070312,2202380
2021-02-16,NESTLEIND,810.0142822265625,860.8624877929688,882.2999877929688,856.9550170898438,877.75,4595480
2021-02-17,NESTLEIND,787.6176147460938,837.0599975585938,845.0,817.5,845.0,11986860
2021-02-18,NESTLEIND,769.904541015625,818.2349853515625,845.0,815.0,837.7999877929688,5021320
2021-02-19,NESTLEIND,770.4550170898438,818.8200073242188,823.2349853515625,810.6475219726562,821.5,2605500
2021-02-22,NESTLEIND,757.2772216796875,804.8150024414062,826.5,801.22998046875,820.552490234375,4298300
2021-02-23,NESTLEIND,760.7421875,808.4974975585938,812.75,800.10498046875,806.5499877929688,2859960
2021-02-24,NESTLEIND,769.0318603515625,817.3074951171875,818.9000244140625,805.0,814.1500244140625,1686840
2021-02-25,NESTLEIND,758.1052856445312,805.6950073242188,818.6649780273438,805.0,815.2999877929688,3714260
2021-02-26,NESTLEIND,757.5267333984375,805.0800170898438,814.219970703125,800.1950073242188,802.5250244140625,4537460
2021-03-01,NESTLEIND,766.5054931640625,814.6224975585938,818.3800048828125,805.0,811.7999877929688,1814360
2021-03-02,NESTLEIND,779.8526611328125,828.8074951171875,831.0,814.4874877929688,815.0999755859375,2461940
2021-03-03,NESTLEIND,785.6441650390625,834.9625244140625,836.0,827.33251953125,835.25,1857460
2021-03-04,NESTLEIND,783.8821411132812,833.0900268554688,835.3975219726562,822.25,832.8275146484375,2599620
2021-03-05,NESTLEIND,789.57958984375,839.14501953125,842.0,822.7999877929688,825.7999877929688,2054820
2021-03-08,NESTLEIND,792.8516235351562,842.6224975585938,845.0,830.3499755859375,836.2525024414062,1836840
2021-03-09,NESTLEIND,795.5966796875,845.5399780273438,847.4974975585938,833.0,845.510009765625,1854340
2021-03-10,NESTLEIND,796.568359375,846.572509765625,850.0,839.25,847.4849853515625,1275760
2021-03-12,NESTLEIND,786.735595703125,836.1224975585938,850.4924926757812,832.5,848.8499755859375,1698280
2021-03-15,NESTLEIND,791.9389038085938,841.6525268554688,843.9924926757812,831.5,843.9924926757812,1379660
2021-03-16,NESTLEIND,787.6528930664062,837.0974731445312,851.0,834.75,841.75,1689400
2021-03-17,NESTLEIND,774.1881713867188,822.7874755859375,839.5,817.0025024414062,839.5,3143460
2021-03-18,NESTLEIND,762.2149047851562,810.0625,831.2474975585938,809.0,823.39501953125,1927300
2021-03-19,NESTLEIND,773.9577026367188,822.54248046875,829.75,803.5,810.0,3988320
2021-03-22,NESTLEIND,780.4124145507812,829.4025268554688,833.75,817.5499877929688,822.5499877929688,2175720
2021-03-23,NESTLEIND,784.8019409179688,834.0675048828125,837.5,825.3200073242188,828.75,2007160
2021-03-24,NESTLEIND,773.8283081054688,822.405029296875,838.489990234375,820.9625244140625,830.0,1511100
2021-03-25,NESTLEIND,760.7494506835938,808.5050048828125,829.2249755859375,805.7999877929688,821.25,2174080
2021-03-26,NESTLEIND,779.6456909179688,828.5875244140625,830.9224853515625,812.7000122070312,814.9500122070312,2531560
2021-03-30,NESTLEIND,807.5560913085938,858.25,862.677490234375,830.5,830.5,2978040
2021-03-31,NESTLEIND,807.5654907226562,858.260009765625,864.9500122070312,847.5775146484375,864.9500122070312,2206620
2021-04-01,NESTLEIND,803.7052612304688,854.157470703125,859.427490234375,848.3800048828125,858.260009765625,1663520
2021-04-05,NESTLEIND,794.1737670898438,844.0275268554688,857.5,836.1950073242188,857.5,1631140
2021-04-06,NESTLEIND,803.6370849609375,854.0850219726562,856.0,840.0,845.5,1283860
2021-04-07,NESTLEIND,819.0753784179688,870.4924926757812,893.2974853515625,851.25,855.0,3569300
2021-04-08,NESTLEIND,832.2509155273438,884.4949951171875,887.9500122070312,866.342529296875,871.2525024414062,2360120
2021-04-09,NESTLEIND,827.6636962890625,879.6199951171875,892.4500122070312,875.0,880.5549926757812,1478880
2021-04-12,NESTLEIND,823.396728515625,875.0850219726562,881.0,867.0549926757812,868.7575073242188,1150640
2021-04-13,NESTLEIND,807.7371826171875,858.4425048828125,879.9974975585938,852.0050048828125,879.3499755859375,2210540
2021-04-15,NESTLEIND,793.9431762695312,843.782470703125,870.0,838.75,866.25,2366280
2021-04-16,NESTLEIND,811.6537475585938,862.60498046875,866.75,843.1400146484375,848.4500122070312,1883800
2021-04-19,NESTLEIND,804.0252075195312,854.4974975585938,862.0,847.5,860.052490234375,1018760
2021-04-20,NESTLEIND,804.2932739257812,854.782470703125,871.0,844.5025024414062,871.0,2073740
2021-04-22,NESTLEIND,789.9347534179688,839.5225219726562,859.5,827.5625,859.5,4088620
2021-04-23,NESTLEIND,782.1837158203125,831.2849731445312,839.9650268554688,830.25,839.25,1372000
2021-04-26,NESTLEIND,793.7053833007812,843.530029296875,844.75,833.1824951171875,839.9525146484375,3047240
2021-04-27,NESTLEIND,789.39599609375,838.9500122070312,846.5,837.5,844.9500122070312,893020
2021-04-28,NESTLEIND,782.56494140625,831.6900024414062,841.5549926757812,830.5499877929688,838.75,1737520
2021-04-29,NESTLEIND,780.6135864257812,825.1275024414062,835.72998046875,824.0,833.9500122070312,1604140
2021-04-30,NESTLEIND,771.4700317382812,815.4625244140625,828.4600219726562,812.75,825.0,1955660
2021-05-03,NESTLEIND,780.8123779296875,825.3375244140625,828.7474975585938,813.6325073242188,818.0,1280960
2021-05-04,NESTLEIND,782.6973266601562,827.3300170898438,831.0,819.0,825.5125122070312,2115920
2021-05-05,NESTLEIND,782.82275390625,827.4625244140625,830.5,822.8724975585938,828.052490234375,706440
2021-05-06,NESTLEIND,790.7861328125,835.8800048828125,838.489990234375,826.2525024414062,826.2525024414062,1406380
2021-05-07,NESTLEIND,792.8555908203125,838.0675048828125,839.905029296875,833.25,839.427490234375,753320
2021-05-10,NESTLEIND,794.0830078125,839.364990234375,842.5,833.5,841.5,953160
2021-05-11,NESTLEIND,797.9996337890625,843.5050048828125,847.4500122070312,835.5175170898438,837.4500122070312,1201260
2021-05-12,NESTLEIND,790.8002319335938,835.89501953125,842.8699951171875,831.0,838.5125122070312,1211520
2021-05-14,NESTLEIND,814.7472534179688,861.20751953125,863.0,830.25,835.8499755859375,1931640
2021-05-17,NESTLEIND,805.939453125,851.8975219726562,865.0,850.030029296875,861.0,1214060
2021-05-18,NESTLEIND,812.6871948242188,859.030029296875,862.447509765625,852.0999755859375,856.010009765625,1108780
2021-05-19,NESTLEIND,825.3998413085938,872.467529296875,873.25,859.3499755859375,859.3499755859375,1768740
2021-05-20,NESTLEIND,817.64208984375,864.2675170898438,874.9824829101562,861.0999755859375,873.0,985060
2021-05-21,NESTLEIND,827.658447265625,874.85498046875,877.5,864.0125122070312,869.2675170898438,1345200
2021-05-24,NESTLEIND,821.1873779296875,868.0150146484375,879.4025268554688,865.0374755859375,870.0025024414062,1144120
2021-05-25,NESTLEIND,828.55712890625,875.8049926757812,887.9400024414062,871.1024780273438,874.8499755859375,1439040
2021-05-26,NESTLEIND,829.749267578125,877.0650024414062,880.8674926757812,868.4000244140625,875.8049926757812,916060
2021-05-27,NESTLEIND,839.4651489257812,887.3350219726562,895.0,871.7650146484375,877.5,2393260
2021-05-28,NESTLEIND,828.240234375,875.469970703125,890.717529296875,875.0,888.5,1063240
2021-05-31,NESTLEIND,837.045654296875,884.7775268554688,887.2625122070312,870.7625122070312,875.4500122070312,1140460
2021-06-01,NESTLEIND,840.0233154296875,887.9249877929688,890.5,873.95751953125,879.9500122070312,1155020
2021-06-02,NESTLEIND,835.0565795898438,882.6749877929688,890.6599731445312,875.5050048828125,875.8099975585938,1485240
2021-06-03,NESTLEIND,841.9579467773438,889.969970703125,892.7474975585938,878.0,882.5,1007980
2021-06-04,NESTLEIND,824.3331909179688,871.3400268554688,885.3200073242188,869.0,884.552490234375,4036440
2021-06-07,NESTLEIND,829.3353881835938,876.6275024414062,879.5,867.6749877929688,873.7274780273438,988720
2021-06-08,NESTLEIND,826.9725341796875,874.1300048828125,880.6475219726562,870.1699829101562,876.5025024414062,948940
2021-06-09,NESTLEIND,830.4989624023438,877.8574829101562,881.280029296875,872.0,873.0,837560
2021-06-10,NESTLEIND,830.4494018554688,877.8049926757812,883.75,874.5,876.25,841060
2021-06-11,NESTLEIND,829.5173950195312,876.8200073242188,880.4500122070312,868.25,880.4500122070312,979940
2021-06-14,NESTLEIND,831.4615478515625,878.875,881.5,870.8800048828125,873.0700073242188,730460
2021-06-15,NESTLEIND,836.537109375,884.239990234375,885.5,875.5499877929688,882.2999877929688,943920
2021-06-16,NESTLEIND,849.8008422851562,898.260009765625,903.4249877929688,880.6525268554688,882.510009765625,2339240
2021-06-17,NESTLEIND,854.2401733398438,902.9525146484375,909.4650268554688,895.0,895.75,1515740
2021-06-18,NESTLEIND,835.8677978515625,883.532470703125,904.947509765625,880.0,902.9500122070312,2953400
2021-06-21,NESTLEIND,834.8508911132812,882.45751953125,885.5025024414062,875.6500244140625,881.5700073242188,803600
2021-06-22,NESTLEIND,824.7943115234375,871.8275146484375,887.3975219726562,870.5,883.5,1410640
2021-06-23,NESTLEIND,823.7655029296875,870.739990234375,878.0,868.5,874.9974975585938,741680
2021-06-24,NESTLEIND,833.4600830078125,880.9874877929688,883.5,866.1199951171875,870.7525024414062,1300900
2021-06-25,NESTLEIND,828.1126098632812,875.3350219726562,882.5,871.75,878.5125122070312,780000
2021-06-28,NESTLEIND,828.0864868164062,875.3074951171875,881.0,872.6749877929688,875.3524780273438,809000
2021-06-29,NESTLEIND,832.4904174804688,879.9625244140625,887.5,874.4824829101562,879.5,1421920
2021-06-30,NESTLEIND,834.0867919921875,881.6500244140625,887.25,878.75,882.0,1031340
2021-07-01,NESTLEIND,834.7113037109375,882.3099975585938,886.25,878.4749755859375,881.5,534000
2021-07-02,NESTLEIND,832.6204223632812,880.0999755859375,884.0,874.2999877929688,883.9500122070312,614460
2021-07-05,NESTLEIND,834.4817504882812,882.0675048828125,885.5999755859375,876.1649780273438,880.2550048828125,686440
2021-07-06,NESTLEIND,826.38134765625,873.5050048828125,881.8925170898438,870.8499755859375,881.7775268554688,1251020
2021-07-07,NESTLEIND,838.0579223632812,885.8474731445312,890.0,868.0125122070312,870.0,1090380
2021-07-08,NESTLEIND,833.419921875,880.9450073242188,884.9924926757812,876.905029296875,880.7999877929688,597360
2021-07-09,NESTLEIND,834.228759765625,881.7999877929688,884.0,877.5,877.7525024414062,538820
2021-07-12,NESTLEIND,834.4841918945312,882.0700073242188,887.7675170898438,878.5800170898438,887.7650146484375,666020
2021-07-13,NESTLEIND,836.8729858398438,884.594970703125,886.6500244140625,880.0549926757812,886.5,500080
2021-07-14,NESTLEIND,829.6734619140625,876.9849853515625,884.594970703125,876.0,884.594970703125,1017220
2021-07-15,NESTLEIND,833.5594482421875,881.092529296875,882.8900146484375,872.5,876.25,556780
2021-07-16,NESTLEIND,835.089599609375,882.7100219726562,885.75,876.8975219726562,882.75,733700
2021-07-19,NESTLEIND,839.7372436523438,887.6224975585938,892.25,877.5,877.5,1028040
2021-07-20,NESTLEIND,844.64013671875,892.8049926757812,895.3499755859375,885.0499877929688,887.4974975585938,891880
2021-07-22,NESTLEIND,851.2008666992188,899.739990234375,902.322509765625,885.0,892.8049926757812,2266340
2021-07-23,NESTLEIND,858.2561645507812,907.197509765625,911.2000122070312,894.1124877929688,896.5175170898438,1504620
2021-07-26,NESTLEIND,856.2410888671875,905.0675048828125,909.3875122070312,900.5399780273438,903.592529296875,1069900
2021-07-27,NESTLEIND,862.1419677734375,911.3049926757812,922.4500122070312,898.625,900.5999755859375,2783140
2021-07-28,NESTLEIND,852.513671875,901.1275024414062,916.7000122070312,895.0499877929688,916.7000122070312,1752740
2021-07-29,NESTLEIND,847.4143676757812,895.7374877929688,910.0,889.0,897.5,2710720
2021-07-30,NESTLEIND,837.3815307617188,885.1325073242188,897.7974853515625,882.7525024414062,895.7374877929688,1667400
2021-08-02,NESTLEIND,837.9490356445312,885.7324829101562,895.0399780273438,883.75,889.7899780273438,639480
2021-08-03,NESTLEIND,864.8856201171875,914.2050170898438,919.0,882.7000122070312,883.510009765625,1262560
2021-08-04,NESTLEIND,854.1597900390625,902.8674926757812,917.4974975585938,900.85498046875,914.7050170898438,816440
2021-08-05,NESTLEIND,861.3212280273438,910.4375,914.2050170898438,900.0999755859375,907.5,759280
2021-08-06,NESTLEIND,852.4237670898438,901.032470703125,910.4000244140625,899.0,910.0,767480
2021-08-09,NESTLEIND,861.0161743164062,910.114990234375,911.75,901.032470703125,903.5,612720
2021-08-10,NESTLEIND,864.3746337890625,913.6649780273438,918.5349731445312,904.2550048828125,910.5,1229340
2021-08-11,NESTLEIND,859.38427734375,908.3900146484375,915.75,901.2675170898438,915.75,699700
2021-08-12,NESTLEIND,857.7783203125,906.6925048828125,912.3975219726562,904.0,909.0399780273438,489880
2021-08-13,NESTLEIND,864.1973876953125,913.4774780273438,914.5025024414062,906.5850219726562,909.9849853515625,822460
2021-08-16,NESTLEIND,865.4130249023438,914.7625122070312,924.9500122070312,908.8574829101562,913.4774780273438,899420
2021-08-17,NESTLEIND,886.0984497070312,936.6275024414062,939.8724975585938,915.0700073242188,917.5,1504020
2021-08-18,NESTLEIND,894.5396118164062,945.5499877929688,948.4500122070312,937.5025024414062,937.5499877929688,799760
2021-08-20,NESTLEIND,925.7711791992188,978.5625,982.0549926757812,927.7625122070312,927.7625122070312,2862140
2021-08-23,NESTLEIND,947.0478515625,1001.052490234375,1004.75,977.8825073242188,985.0,2974840
2021-08-24,NESTLEIND,935.6384887695312,988.9924926757812,1009.9500122070312,983.25,1005.0,1661680
2021-08-25,NESTLEIND,941.787841796875,995.4924926757812,1016.25,989.2999877929688,989.2999877929688,2003180
2021-08-26,NESTLEIND,948.5451049804688,1002.635009765625,1005.9849853515625,990.2775268554688,998.7474975585938,1264080
2021-08-27,NESTLEIND,944.0347900390625,997.8674926757812,1005.0,994.7999877929688,1005.0,702080
2021-08-30,NESTLEIND,933.85986328125,987.1124877929688,1006.125,984.2125244140625,1002.5,2679160
2021-08-31,NESTLEIND,920.8753662109375,973.3875122070312,991.9974975585938,967.5,987.25,4547400
2021-09-01,NESTLEIND,937.8617553710938,991.342529296875,994.5,977.60498046875,987.3400268554688,2096860
2021-09-02,NESTLEIND,957.43310546875,1012.030029296875,1014.5,988.0499877929688,993.7000122070312,1571540
2021-09-03,NESTLEIND,958.6654052734375,1013.33251953125,1017.1500244140625,1005.052490234375,1012.5,939560
2021-09-06,NESTLEIND,956.6100463867188,1011.1599731445312,1017.4000244140625,1008.0,1013.0075073242188,681380
2021-09-07,NESTLEIND,963.4808349609375,1018.4224853515625,1019.635009765625,1008.3074951171875,1008.3074951171875,683060
2021-09-08,NESTLEIND,938.46484375,991.97998046875,1026.5,989.25,1015.0,3447460
2021-09-09,NESTLEIND,967.6788940429688,1022.8599853515625,1026.25,992.02001953125,995.5,2207220
2021-09-13,NESTLEIND,967.4447631835938,1022.6124877929688,1025.0,1011.5,1015.0,750060
2021-09-14,NESTLEIND,956.9530639648438,1011.5225219726562,1030.45751953125,1009.0,1022.5,1183700
2021-09-15,NESTLEIND,951.6906127929688,1005.9600219726562,1018.5,1004.39501953125,1018.4924926757812,752120
2021-09-16,NESTLEIND,947.3695678710938,1001.3925170898438,1012.0850219726562,998.5,1005.302490234375,1025300
2021-09-17,NESTLEIND,954.3632202148438,1008.7849731445312,1014.9500122070312,1005.0025024414062,1007.75,1902580
2021-09-20,NESTLEIND,961.3119506835938,1016.1300048828125,1019.2999877929688,1005.0499877929688,1006.25,1830260
2021-09-21,NESTLEIND,955.018310546875,1009.4774780273438,1016.5,1000.1074829101562,1010.0,2168220
2021-09-22,NESTLEIND,942.513916015625,996.260009765625,1008.6925048828125,990.5050048828125,1008.6925048828125,2150460
2021-09-23,NESTLEIND,938.4363403320312,991.9500122070312,1006.0499877929688,991.0,1000.0,1074480
2021-09-24,NESTLEIND,939.630859375,993.2125244140625,999.0,990.0,996.3499755859375,837880
2021-09-27,NESTLEIND,929.1272583007812,982.1099853515625,995.0,980.0549926757812,995.0,919480
2021-09-28,NESTLEIND,924.517578125,977.2374877929688,985.9324951171875,972.9525146484375,984.5,1153720
2021-09-29,NESTLEIND,922.7200927734375,975.3375244140625,985.0,971.08251953125,977.2374877929688,925900
2021-09-30,NESTLEIND,919.8252563476562,972.2775268554688,979.4974975585938,965.8074951171875,973.9149780273438,887460
2021-10-01,NESTLEIND,924.7636108398438,977.4974975585938,982.2474975585938,962.6024780273438,972.25,797380
2021-10-04,NESTLEIND,922.0673828125,974.6475219726562,982.5,968.1024780273438,977.4974975585938,655920
2021-10-05,NESTLEIND,917.4599609375,969.7775268554688,979.3524780273438,967.2424926757812,975.0,546560
2021-10-06,NESTLEIND,906.1830444335938,957.8574829101562,981.2125244140625,953.9000244140625,972.2449951171875,1452160
2021-10-07,NESTLEIND,900.9088745117188,952.282470703125,965.2100219726562,947.7675170898438,960.0399780273438,953900
2021-10-08,NESTLEIND,898.108642578125,949.322509765625,958.9974975585938,946.8775024414062,952.75,1744920
2021-10-11,NESTLEIND,902.7537231445312,954.2324829101562,959.7750244140625,950.1325073242188,951.0499877929688,776040
2021-10-12,NESTLEIND,918.4132080078125,970.7849731445312,972.5,948.5025024414062,953.4450073242188,1444980
2021-10-13,NESTLEIND,913.9170532226562,966.032470703125,980.2525024414062,961.302490234375,975.0,1078500
2021-10-14,NESTLEIND,914.141845703125,966.27001953125,971.4375,961.25,969.7000122070312,843800
2021-10-18,NESTLEIND,919.4893188476562,971.9224853515625,980.0,961.0,980.0,1126060
2021-10-19,NESTLEIND,916.17822265625,968.4224853515625,986.6024780273438,964.2025146484375,973.75,1186040
2021-10-20,NESTLEIND,911.883056640625,963.8825073242188,1010.0,952.5225219726562,965.0,4355380
2021-10-21,NESTLEIND,909.778076171875,961.657470703125,984.0,952.8350219726562,973.0,1519240
2021-10-22,NESTLEIND,899.0665283203125,950.3350219726562,971.9000244140625,942.5,971.9000244140625,910300
2021-10-25,NESTLEIND,884.38134765625,934.8125,950.0474853515625,930.217529296875,950.0,1082920
2021-10-26,NESTLEIND,914.4225463867188,960.8800048828125,964.0,931.947509765625,933.9949951171875,2133160
2021-10-27,NESTLEIND,904.2874755859375,950.22998046875,971.0,945.5775146484375,959.864990234375,1057640
2021-10-28,NESTLEIND,903.6594848632812,949.5700073242188,955.9249877929688,942.6749877929688,950.5,629000
2021-10-29,NESTLEIND,904.0758056640625,950.0075073242188,960.0,937.907470703125,950.0,985500
2021-11-01,NESTLEIND,901.1946411132812,946.97998046875,954.9450073242188,936.7974853515625,954.9450073242188,851420
2021-11-02,NESTLEIND,893.3125610351562,938.697509765625,951.7025146484375,931.9774780273438,945.0499877929688,698980
2021-11-03,NESTLEIND,891.5616455078125,936.8574829101562,944.3975219726562,928.0499877929688,943.0,889580
2021-11-04,NESTLEIND,898.798828125,944.4625244140625,947.4500122070312,940.594970703125,945.0,138100
2021-11-08,NESTLEIND,906.4120483398438,952.4625244140625,954.7974853515625,934.0,947.4500122070312,866240
2021-11-09,NESTLEIND,901.2493896484375,947.0374755859375,952.25,940.052490234375,950.8474731445312,872960
2021-11-10,NESTLEIND,901.8275146484375,947.64501953125,952.1300048828125,940.0,947.39501953125,761180
2021-11-11,NESTLEIND,897.12158203125,942.7000122070312,947.5,933.5025024414062,947.5,839120
2021-11-12,NESTLEIND,910.8468017578125,957.1224975585938,962.9600219726562,943.04248046875,947.5,1330240
2021-11-15,NESTLEIND,926.7464599609375,973.8300170898438,974.9500122070312,953.4924926757812,960.0,1016660
2021-11-16,NESTLEIND,926.0565185546875,973.10498046875,979.9500122070312,966.0499877929688,972.5075073242188,922400
2021-11-17,NESTLEIND,926.7679443359375,973.8524780273438,978.25,968.1500244140625,970.2000122070312,1085520
2021-11-18,NESTLEIND,923.36328125,970.2750244140625,974.4400024414062,964.0025024414062,970.0,832140
2021-11-22,NESTLEIND,903.847412109375,949.7675170898438,978.29248046875,941.625,970.6749877929688,882760
2021-11-23,NESTLEIND,912.707275390625,959.0775146484375,962.3200073242188,945.2349853515625,949.7999877929688,739200
2021-11-24,NESTLEIND,908.2034912109375,954.344970703125,964.5,947.5,960.0,687100
2021-11-25,NESTLEIND,912.5407104492188,958.9025268554688,960.5,945.2849731445312,954.25,594900
2021-11-26,NESTLEIND,914.6438598632812,961.1124877929688,971.7050170898438,949.125,957.4425048828125,1128820
2021-11-29,NESTLEIND,904.087646484375,950.02001953125,958.114990234375,940.0,952.5,962140
2021-11-30,NESTLEIND,911.3273315429688,957.6275024414062,971.2449951171875,946.7725219726562,950.02001953125,3395600
2021-12-01,NESTLEIND,922.9970092773438,969.8900146484375,972.4949951171875,958.094970703125,960.5,1096240
2021-12-02,NESTLEIND,928.0121459960938,975.1599731445312,982.5,961.3375244140625,969.8900146484375,972000
2021-12-03,NESTLEIND,919.3593139648438,966.0675048828125,974.9400024414062,956.8499755859375,970.1099853515625,1508960
2021-12-06,NESTLEIND,904.8538818359375,950.8250122070312,970.780029296875,946.45751953125,970.0,698540
2021-12-07,NESTLEIND,920.448974609375,967.2125244140625,972.1824951171875,948.7999877929688,961.2999877929688,1408580
2021-12-08,NESTLEIND,926.865478515625,973.9550170898438,976.2474975585938,961.2525024414062,961.2525024414062,671560
2021-12-09,NESTLEIND,917.6177368164062,964.2374877929688,977.4500122070312,958.1224975585938,975.0,810440
2021-12-10,NESTLEIND,916.927734375,963.5125122070312,965.5,951.5225219726562,961.0499877929688,788980
2021-12-13,NESTLEIND,903.2120361328125,949.0999755859375,967.4749755859375,946.2000122070312,961.010009765625,1089800
2021-12-14,NESTLEIND,915.4312744140625,961.9400024414062,966.1475219726562,945.6699829101562,947.655029296875,1381340
2021-12-15,NESTLEIND,913.732666015625,960.155029296875,965.155029296875,952.5,957.552490234375,1298180
2021-12-16,NESTLEIND,916.304443359375,962.8574829101562,965.7675170898438,956.27001953125,960.25,808340
2021-12-17,NESTLEIND,907.8585815429688,953.9824829101562,961.6525268554688,950.0,955.7525024414062,1085560
2021-12-20,NESTLEIND,898.418212890625,944.0625,953.4099731445312,930.0,950.0,1426200
2021-12-21,NESTLEIND,914.5606079101562,961.0250244140625,964.2974853515625,945.0025024414062,949.3499755859375,693560
2021-12-22,NESTLEIND,913.137939453125,959.530029296875,966.9974975585938,950.614990234375,961.5,732240
2021-12-23,NESTLEIND,913.991943359375,960.427490234375,964.9974975585938,957.75,964.75,951380
2021-12-24,NESTLEIND,914.736572265625,961.2100219726562,971.7025146484375,958.5549926757812,960.427490234375,684400
2021-12-27,NESTLEIND,918.4551391601562,965.1174926757812,970.0,954.9724731445312,959.2999877929688,531760
2021-12-28,NESTLEIND,920.96044921875,967.75,973.427490234375,961.75,967.5,420980
2021-12-29,NESTLEIND,923.0850219726562,969.9824829101562,972.5499877929688,962.5775146484375,967.75,585380
2021-12-30,NESTLEIND,923.4132690429688,970.3275146484375,979.25,966.1599731445312,969.5,797360
2021-12-31,NESTLEIND,937.6476440429688,985.2849731445312,990.7474975585938,967.510009765625,968.75,797740
2022-01-03,NESTLEIND,936.3272705078125,983.8975219726562,990.7000122070312,981.9025268554688,984.75,517380
2022-01-04,NESTLEIND,946.3719482421875,994.4525146484375,997.3900146484375,981.4025268554688,983.9000244140625,700680
2022-01-05,NESTLEIND,948.5940551757812,996.7874755859375,1001.25,991.4550170898438,993.7000122070312,648640
2022-01-06,NESTLEIND,934.8806762695312,982.3775024414062,996.7874755859375,976.75,987.5050048828125,614180
2022-01-07,NESTLEIND,947.0285034179688,995.1425170898438,998.0,979.3524780273438,982.5250244140625,979660
2022-01-10,NESTLEIND,937.757080078125,985.4000244140625,998.4450073242188,983.9525146484375,995.1500244140625,412340
2022-01-11,NESTLEIND,940.3240966796875,988.0974731445312,991.25,977.5,977.5,635760
2022-01-12,NESTLEIND,937.7141723632812,985.35498046875,992.5,983.0,992.5,474220
2022-01-13,NESTLEIND,938.0615844726562,985.719970703125,987.5,980.0,987.5,707660
2022-01-14,NESTLEIND,923.1088256835938,970.0075073242188,985.967529296875,963.5,985.719970703125,743800
2022-01-17,NESTLEIND,919.9231567382812,966.6599731445312,975.75,955.5549926757812,970.0,728060
2022-01-18,NESTLEIND,922.1309204101562,968.97998046875,972.5,959.4000244140625,964.0999755859375,724160
2022-01-19,NESTLEIND,901.0708618164062,946.8499755859375,972.2474975585938,928.60498046875,968.5,1647660
2022-01-20,NESTLEIND,891.4164428710938,936.7050170898438,954.0,930.2525024414062,940.0,1581120
2022-01-21,NESTLEIND,902.8433837890625,948.7125244140625,953.1124877929688,930.5025024414062,933.0,1104820
2022-01-24,NESTLEIND,890.638427734375,935.8875122070312,952.0,930.0,948.7125244140625,1068740
2022-01-25,NESTLEIND,894.1119995117188,939.5374755859375,944.2025146484375,915.6475219726562,928.657470703125,1157600
2022-01-27,NESTLEIND,874.8267211914062,919.2725219726562,939.5,910.8875122070312,927.5,1085180
2022-01-28,NESTLEIND,874.77685546875,919.219970703125,932.4500122070312,916.4124755859375,920.0,748460
2022-01-31,NESTLEIND,881.3026733398438,926.0775146484375,931.9949951171875,921.4000244140625,921.4000244140625,595220
2022-02-01,NESTLEIND,888.447265625,933.5850219726562,938.9099731445312,921.0499877929688,930.0,535820
2022-02-02,NESTLEIND,880.3082885742188,925.032470703125,942.5,922.032470703125,941.0,1208320
2022-02-03,NESTLEIND,871.0748291015625,915.3300170898438,928.9824829101562,913.0549926757812,921.0,687080
2022-02-04,NESTLEIND,872.266845703125,916.58251953125,920.0,910.1400146484375,920.0,898480
2022-02-07,NESTLEIND,859.94775390625,903.6375122070312,921.0,895.5499877929688,916.58251953125,969380
2022-02-08,NESTLEIND,860.6329345703125,904.3574829101562,910.7125244140625,899.5,910.25,787700
2022-02-09,NESTLEIND,862.9121704101562,906.7525024414062,911.8574829101562,901.072509765625,904.5,964860
2022-02-10,NESTLEIND,863.1405639648438,906.9924926757812,910.64501953125,900.5,905.0499877929688,1008440
2022-02-11,NESTLEIND,847.6928100585938,890.760009765625,906.75,881.0,906.75,1919600
2022-02-14,NESTLEIND,840.7957763671875,883.5125122070312,890.0125122070312,871.489990234375,885.7999877929688,858340
2022-02-15,NESTLEIND,865.3887329101562,909.35498046875,916.1624755859375,878.572509765625,883.5125122070312,1003400
2022-02-16,NESTLEIND,867.1349487304688,911.1900024414062,919.8699951171875,901.6749877929688,908.3499755859375,808200
2022-02-17,NESTLEIND,862.4815063476562,906.2999877929688,920.0,898.0075073242188,920.0,2276800
2022-02-18,NESTLEIND,856.9285888671875,900.4650268554688,911.6199951171875,890.5549926757812,899.4000244140625,1926560
2022-02-21,NESTLEIND,861.534423828125,905.3049926757812,908.0,891.25,898.8499755859375,740720
2022-02-22,NESTLEIND,861.767822265625,905.5499877929688,909.66748046875,886.9824829101562,899.25,1261740
2022-02-23,NESTLEIND,852.9959106445312,896.33251953125,910.4774780273438,891.75,905.5499877929688,1184960
2022-02-24,NESTLEIND,844.3406372070312,887.2374877929688,898.4349975585938,878.0,886.5,2242100
2022-02-25,NESTLEIND,842.9298095703125,885.7550048828125,894.7474975585938,880.0,890.0,1619780
2022-02-28,NESTLEIND,839.3159790039062,881.95751953125,888.4650268554688,866.5,885.0,3157460
2022-03-02,NESTLEIND,849.0916748046875,892.22998046875,894.469970703125,872.8524780273438,880.0,1732620
2022-03-03,NESTLEIND,829.6732788085938,871.8250122070312,894.0,869.4774780273438,894.0,1339280
2022-03-04,NESTLEIND,827.5487060546875,869.592529296875,877.2025146484375,851.0499877929688,865.0,1034100
2022-03-07,NESTLEIND,825.1790161132812,867.1024780273438,870.3875122070312,852.0,855.0,1330840
2022-03-08,NESTLEIND,821.4320678710938,863.1649780273438,876.5,848.25,865.0,1954480
2022-03-09,NESTLEIND,815.8316040039062,857.280029296875,869.0,853.282470703125,869.0,1422440
2022-03-10,NESTLEIND,839.7893676757812,882.4550170898438,884.2625122070312,861.0499877929688,865.0,1329780
2022-03-11,NESTLEIND,824.4844360351562,866.3724975585938,880.9025268554688,861.5,880.0,1465580
2022-03-14,NESTLEIND,826.375732421875,868.3599853515625,873.8724975585938,857.9000244140625,873.8724975585938,773300
2022-03-15,NESTLEIND,830.8676147460938,873.0800170898438,878.0,862.2525024414062,871.0,1244220
2022-03-16,NESTLEIND,848.0829467773438,891.1699829101562,894.2750244140625,873.5499877929688,880.5,967800
2022-03-17,NESTLEIND,870.0090942382812,914.2100219726562,918.7424926757812,889.2974853515625,889.2974853515625,2017800
2022-03-21,NESTLEIND,850.6073608398438,893.822509765625,918.5,890.6749877929688,917.5,806700
2022-03-22,NESTLEIND,829.3283081054688,871.4625244140625,893.4974975585938,862.6824951171875,886.3499755859375,2804480
2022-03-23,NESTLEIND,825.2814331054688,867.2100219726562,877.5,863.0499877929688,876.75,1185580
2022-03-24,NESTLEIND,828.322021484375,870.405029296875,875.0,863.0,866.4000244140625,863620
2022-03-25,NESTLEIND,816.5737915039062,858.0599975585938,873.9000244140625,853.75,873.9000244140625,1064340
2022-03-28,NESTLEIND,802.2442626953125,843.0025024414062,867.447509765625,839.5,862.5,1602220
2022-03-29,NESTLEIND,805.187255859375,846.094970703125,849.9974975585938,841.0,845.0,1675180
2022-03-30,NESTLEIND,823.0830078125,864.9000244140625,867.3775024414062,851.1300048828125,855.4000244140625,1499400
2022-03-31,NESTLEIND,827.0111083984375,869.0275268554688,871.6900024414062,860.14501953125,862.5,1245620
2022-04-01,NESTLEIND,835.41650390625,877.8599853515625,880.385009765625,862.5,869.0275268554688,623180
2022-04-04,NESTLEIND,847.9284057617188,891.0075073242188,893.3250122070312,873.1024780273438,880.5,795680
2022-04-05,NESTLEIND,857.5900268554688,901.1599731445312,903.0,885.9199829101562,891.2999877929688,795640
2022-04-06,NESTLEIND,866.799560546875,910.8375244140625,913.0,893.1500244140625,898.75,941160
2022-04-07,NESTLEIND,865.4505615234375,909.4199829101562,912.5,899.25,907.5,749740
2022-04-08,NESTLEIND,878.031494140625,922.6400146484375,924.7999877929688,903.4824829101562,907.5999755859375,685620
2022-04-11,NESTLEIND,876.77294921875,921.3175048828125,926.0125122070312,910.6500244140625,920.9000244140625,753380
2022-04-12,NESTLEIND,876.3660278320312,920.8900146484375,924.9500122070312,911.125,913.7650146484375,1098000
2022-04-13,NESTLEIND,874.681640625,919.1199951171875,927.4500122070312,912.5,923.75,546600
2022-04-18,NESTLEIND,883.2036743164062,928.0750122070312,934.2999877929688,915.0,915.0,1075460
2022-04-19,NESTLEIND,854.0403442382812,897.4299926757812,936.25,891.6124877929688,927.0250244140625,1318840
2022-04-20,NESTLEIND,871.0083618164062,915.260009765625,920.947509765625,899.4974975585938,909.9450073242188,1763540
2022-04-21,NESTLEIND,870.4224243164062,910.1475219726562,928.39501953125,887.5499877929688,902.5499877929688,3706820
2022-04-22,NESTLEIND,869.6956787109375,909.3875122070312,912.4724731445312,891.60498046875,902.0050048828125,2174140
2022-04-25,NESTLEIND,869.0715942382812,908.7349853515625,917.5,892.5050048828125,895.0,1690140
2022-04-26,NESTLEIND,880.5980224609375,920.7874755859375,927.2100219726562,910.0,915.0,1411860
2022-04-27,NESTLEIND,871.3812255859375,911.1500244140625,923.2849731445312,907.5,907.5999755859375,1348600
2022-04-28,NESTLEIND,881.1694946289062,921.385009765625,926.739990234375,908.7525024414062,911.9249877929688,1579160
2022-04-29,NESTLEIND,876.5120849609375,916.5150146484375,933.280029296875,913.2899780273438,920.5,1267960
2022-05-02,NESTLEIND,881.7839965820312,922.0275268554688,924.0,910.5,913.4500122070312,831940
2022-05-04,NESTLEIND,864.9138793945312,904.3875122070312,923.60498046875,898.532470703125,914.0549926757812,1217140
2022-05-05,NESTLEIND,841.7701416015625,880.1875,918.9199829101562,875.2999877929688,915.5075073242188,1266260
2022-05-06,NESTLEIND,812.6826782226562,849.7725219726562,879.9849853515625,848.75,874.989990234375,1799940
2022-05-09,NESTLEIND,789.199462890625,825.217529296875,852.7650146484375,822.5,849.6724853515625,2302940
2022-05-10,NESTLEIND,789.9763793945312,826.030029296875,834.0,820.0499877929688,832.0,1343540
2022-05-11,NESTLEIND,789.5843505859375,825.6199951171875,831.9550170898438,811.7449951171875,826.030029296875,1235740
2022-05-12,NESTLEIND,775.6024780273438,811.0,824.2249755859375,806.3375244140625,824.2249755859375,1435520
2022-05-13,NESTLEIND,784.3506469726562,820.1475219726562,828.114990234375,815.2449951171875,824.5,1108780
2022-05-16,NESTLEIND,775.5474243164062,810.9425048828125,826.0,806.7224731445312,825.0999755859375,1049660
2022-05-17,NESTLEIND,780.5468139648438,816.1699829101562,819.5,808.2324829101562,819.5,1726100
2022-05-18,NESTLEIND,781.5126953125,817.1799926757812,820.91748046875,810.5999755859375,816.1699829101562,1920180
2022-05-19,NESTLEIND,769.5894165039062,804.7125244140625,812.2474975585938,800.0,808.5,1410040
2022-05-20,NESTLEIND,806.3013916015625,843.0999755859375,848.0,812.5025024414062,816.0499877929688,3049540
2022-05-23,NESTLEIND,812.6277465820312,849.7150268554688,868.5,845.5650024414062,852.9974975585938,2063460
2022-05-24,NESTLEIND,821.8468627929688,859.35498046875,863.9149780273438,842.655029296875,857.4500122070312,1848200
2022-05-25,NESTLEIND,826.4685668945312,864.1875,879.2999877929688,860.1724853515625,864.0,1630020
2022-05-26,NESTLEIND,844.1012573242188,882.625,886.5,866.072509765625,871.75,2111620
2022-05-27,NESTLEIND,843.5537109375,882.052490234375,891.3474731445312,874.3599853515625,887.5,850540
2022-05-30,NESTLEIND,846.7025756835938,885.344970703125,899.344970703125,881.7424926757812,885.0,1041160
2022-05-31,NESTLEIND,845.9661254882812,884.5750122070312,907.8800048828125,872.8499755859375,885.2525024414062,7190740
2022-06-01,NESTLEIND,824.4506225585938,862.0775146484375,892.4224853515625,859.0050048828125,879.0,1164940
2022-06-02,NESTLEIND,831.7308349609375,869.6900024414062,873.8175048828125,851.0025024414062,862.0,1377980
2022-06-03,NESTLEIND,821.0770263671875,858.5499877929688,878.3674926757812,856.280029296875,878.1500244140625,1053720
2022-06-06,NESTLEIND,812.751953125,849.844970703125,861.8400268554688,847.655029296875,858.5499877929688,720020
2022-06-07,NESTLEIND,800.7975463867188,837.344970703125,849.9774780273438,830.5,842.5025024414062,1015240
2022-06-08,NESTLEIND,799.6906127929688,836.1875,838.0,822.3275146484375,831.5250244140625,1632720
2022-06-09,NESTLEIND,801.8135986328125,838.407470703125,841.2474975585938,824.2525024414062,834.010009765625,574960
2022-06-10,NESTLEIND,802.136474609375,838.7449951171875,843.625,826.8400268554688,833.0499877929688,896200
2022-06-13,NESTLEIND,805.9403076171875,842.7224731445312,848.489990234375,827.0,834.5,2369280
2022-06-14,NESTLEIND,806.7532348632812,843.572509765625,855.0,838.0,842.8250122070312,1321620
2022-06-15,NESTLEIND,803.4465942382812,840.114990234375,853.25,833.0,853.25,1295060
2022-06-16,NESTLEIND,806.875244140625,843.7000122070312,847.4500122070312,830.7474975585938,847.4500122070312,1615080
2022-06-17,NESTLEIND,795.8007202148438,832.1199951171875,842.7474975585938,821.75,842.4000244140625,2912380
2022-06-20,NESTLEIND,811.326904296875,848.35498046875,851.1475219726562,826.8775024414062,835.0,978040
2022-06-21,NESTLEIND,811.5517578125,848.5900268554688,860.0,843.0,849.0,1112620
2022-06-22,NESTLEIND,802.1484985351562,838.7575073242188,847.5,829.2775268554688,847.5,1047280
2022-06-23,NESTLEIND,811.7669677734375,848.8150024414062,852.2474975585938,835.0,841.0,633500
2022-06-24,NESTLEIND,823.977294921875,861.58251953125,862.5,846.1024780273438,847.5025024414062,607600
2022-06-27,NESTLEIND,830.0308227539062,867.9124755859375,870.3599853515625,859.135009765625,867.5,1276840
2022-06-28,NESTLEIND,832.2138061523438,870.1950073242188,874.9924926757812,852.5499877929688,865.0,1044480
2022-06-29,NESTLEIND,836.7635498046875,874.9525146484375,876.25,862.614990234375,867.5,1939440
2022-06-30,NESTLEIND,835.37451171875,873.5,878.4400024414062,861.7100219726562,874.9525146484375,2056840
2022-07-01,NESTLEIND,850.9176635742188,889.7525024414062,891.469970703125,866.552490234375,870.0,770940
2022-07-04,NESTLEIND,860.4572143554688,899.7274780273438,901.1724853515625,885.2249755859375,890.0,974580
2022-07-05,NESTLEIND,860.0006713867188,899.25,907.157470703125,895.0,899.7274780273438,828760
2022-07-06,NESTLEIND,879.3021850585938,919.4324951171875,921.4199829101562,890.0625,899.25,1567820
2022-07-07,NESTLEIND,870.51806640625,910.2474975585938,927.5,908.6799926757812,919.5,1037580
2022-07-08,NESTLEIND,880.7607421875,920.95751953125,922.5,911.0999755859375,915.0,1176500
2022-07-11,NESTLEIND,884.119873046875,924.469970703125,926.25,917.0999755859375,920.0,787640
2022-07-12,NESTLEIND,866.7022705078125,906.2575073242188,923.5,905.052490234375,920.8375244140625,523780
2022-07-13,NESTLEIND,872.6555786132812,912.4824829101562,916.2449951171875,906.5,906.5,455020
2022-07-14,NESTLEIND,878.0899658203125,918.1649780273438,922.0474853515625,906.635009765625,912.47998046875,1045880
2022-07-15,NESTLEIND,897.6093139648438,938.5750122070312,941.8175048828125,918.8150024414062,920.0,990020
2022-07-18,NESTLEIND,890.6229858398438,931.27001953125,948.5999755859375,927.6275024414062,941.9349975585938,879540
2022-07-19,NESTLEIND,878.7786865234375,918.885009765625,932.4249877929688,911.322509765625,929.9949951171875,874560
2022-07-20,NESTLEIND,890.2261962890625,930.85498046875,933.0,912.5,927.5,1093260
2022-07-21,NESTLEIND,900.88232421875,941.9974975585938,944.4974975585938,929.6875,930.0,1013120
2022-07-22,NESTLEIND,908.007080078125,949.447509765625,954.2000122070312,941.7775268554688,945.3875122070312,1264000
2022-07-25,NESTLEIND,896.9421997070312,937.8775024414062,950.5,935.6024780273438,949.447509765625,719180
2022-07-26,NESTLEIND,885.0809326171875,925.4749755859375,939.0,912.5125122070312,939.0,2789420
2022-07-27,NESTLEIND,886.6303100585938,927.094970703125,933.4500122070312,917.5,927.2000122070312,899460
2022-07-28,NESTLEIND,913.9102172851562,955.6199951171875,967.25,923.0,928.75,2609140
2022-07-29,NESTLEIND,925.7069091796875,967.9550170898438,971.1525268554688,950.052490234375,955.6199951171875,2276500
2022-08-01,NESTLEIND,920.7386474609375,962.760009765625,975.0,955.25,972.0999755859375,1171340
2022-08-02,NESTLEIND,930.4743041992188,972.9400024414062,975.0499877929688,965.010009765625,968.8499755859375,1124380
2022-08-03,NESTLEIND,926.0319213867188,968.2949829101562,977.3125,952.5,967.0025024414062,1026500
2022-08-04,NESTLEIND,949.1805419921875,992.5,996.1900024414062,969.8049926757812,969.9500122070312,1765600
2022-08-05,NESTLEIND,952.599609375,996.0750122070312,1001.0,986.4525146484375,992.0,1251200
2022-08-08,NESTLEIND,939.7581176757812,982.6475219726562,999.364990234375,977.5,995.25,1149180
2022-08-10,NESTLEIND,945.3312377929688,988.4749755859375,1007.5,975.25,992.530029296875,1444140
2022-08-11,NESTLEIND,941.0324096679688,983.97998046875,999.1199951171875,979.3800048828125,990.0,1009220
2022-08-12,NESTLEIND,934.5125122070312,977.1624755859375,987.822509765625,970.6849975585938,985.0,978060
2022-08-16,NESTLEIND,941.192626953125,984.1475219726562,992.72998046875,974.1400146484375,977.5,1321660
2022-08-17,NESTLEIND,943.6958618164062,986.7650146484375,992.197509765625,983.4600219726562,984.0999755859375,792000
2022-08-18,NESTLEIND,935.2010498046875,977.8825073242188,986.6375122070312,974.0,986.0,978420
2022-08-19,NESTLEIND,929.618408203125,972.0449829101562,983.4949951171875,967.5,980.0,733960
2022-08-22,NESTLEIND,930.1586303710938,972.6099853515625,981.5,967.5,970.0499877929688,795880
2022-08-23,NESTLEIND,938.4525756835938,981.282470703125,984.447509765625,962.5574951171875,965.0,857620
2022-08-24,NESTLEIND,940.6236572265625,983.552490234375,985.8474731445312,968.4025268554688,980.9425048828125,675360
2022-08-25,NESTLEIND,933.71875,976.33251953125,989.2999877929688,973.2025146484375,983.5499877929688,518180
2022-08-26,NESTLEIND,933.7880249023438,976.405029296875,983.302490234375,971.4000244140625,977.0,559780
2022-08-29,NESTLEIND,939.4425048828125,982.3175048828125,987.9500122070312,964.2550048828125,970.0,969240
2022-08-30,NESTLEIND,952.8075561523438,996.29248046875,999.75,983.0,983.0,2195020
2022-09-01,NESTLEIND,943.5835571289062,986.6475219726562,1002.5,978.72998046875,985.0,1581240
2022-09-02,NESTLEIND,935.3995361328125,978.0900268554688,992.4000244140625,976.5,987.614990234375,624820
2022-09-05,NESTLEIND,920.953857421875,962.9849853515625,979.1325073242188,961.3499755859375,975.0,994480
2022-09-06,NESTLEIND,910.5390625,952.094970703125,965.4000244140625,947.2525024414062,963.0349731445312,1187400
2022-09-07,NESTLEIND,917.1092529296875,958.9650268554688,965.3524780273438,950.75,952.094970703125,1114720
2022-09-08,NESTLEIND,914.4529418945312,956.1875,963.8499755859375,950.25,960.0499877929688,1092940
2022-09-09,NESTLEIND,910.9862060546875,952.5625,968.5,949.5399780273438,968.5,968680
2022-09-12,NESTLEIND,907.014892578125,948.4099731445312,957.9974975585938,944.5050048828125,952.5775146484375,871200
2022-09-13,NESTLEIND,911.5791015625,953.1824951171875,963.3250122070312,948.5,948.5250244140625,1022920
2022-09-14,NESTLEIND,913.7357177734375,955.4375,961.717529296875,943.5474853515625,943.5499877929688,1232020
2022-09-15,NESTLEIND,908.9659423828125,950.4500122070312,962.8524780273438,948.8875122070312,959.7000122070312,669100
2022-09-16,NESTLEIND,880.0457763671875,920.2100219726562,950.4500122070312,917.0275268554688,950.4450073242188,2323260
2022-09-19,NESTLEIND,897.310302734375,938.2625122070312,942.0,913.364990234375,924.8125,1072620
2022-09-20,NESTLEIND,890.2046508789062,930.83251953125,946.0,928.7550048828125,940.5,1676000
2022-09-21,NESTLEIND,891.79443359375,932.4949951171875,944.469970703125,929.552490234375,930.7999877929688,925980
2022-09-22,NESTLEIND,891.2399291992188,931.9149780273438,941.75,929.0275268554688,932.4949951171875,1558620
2022-09-23,NESTLEIND,884.4306030273438,924.7949829101562,932.8099975585938,922.5025024414062,929.5499877929688,716840
2022-09-26,NESTLEIND,882.3935546875,922.6649780273438,944.4949951171875,919.8775024414062,924.7899780273438,2261700
2022-09-27,NESTLEIND,892.8824462890625,933.6325073242188,939.75,927.2849731445312,927.4025268554688,1386280
2022-09-28,NESTLEIND,900.93017578125,942.0474853515625,948.9500122070312,926.2849731445312,932.75,2110340
2022-09-29,NESTLEIND,907.53857421875,948.95751953125,956.5,939.5625,946.760009765625,1743900
2022-09-30,NESTLEIND,915.4595336914062,957.239990234375,959.75,944.7000122070312,947.5,1619460
2022-10-03,NESTLEIND,908.1817626953125,949.6300048828125,957.197509765625,938.5,955.875,1040920
2022-10-04,NESTLEIND,920.5784301757812,962.592529296875,967.5,952.5599975585938,962.5,745780
2022-10-06,NESTLEIND,922.8881225585938,965.0075073242188,976.2575073242188,961.8624877929688,967.10498046875,1340720
2022-10-07,NESTLEIND,923.8849487304688,966.0499877929688,969.0,958.3800048828125,963.760009765625,792260
2022-10-10,NESTLEIND,914.2281494140625,955.9525146484375,960.25,950.2474975585938,955.0,692380
2022-10-11,NESTLEIND,882.2334594726562,922.4974975585938,960.7324829101562,920.5125122070312,960.25,1098520
2022-10-12,NESTLEIND,895.4048461914062,936.27001953125,938.342529296875,922.4974975585938,927.0,774960
2022-10-13,NESTLEIND,897.2338256835938,938.1824951171875,946.08251953125,930.25,939.5,605540
2022-10-14,NESTLEIND,905.0926513671875,946.4000244140625,950.6875,942.5,947.9425048828125,441300
2022-10-17,NESTLEIND,904.7173461914062,946.0075073242188,953.0,939.6099853515625,942.5,348500
2022-10-18,NESTLEIND,927.0816650390625,969.3925170898438,971.4525146484375,949.5,951.0,1070220
2022-10-19,NESTLEIND,943.8775634765625,986.9550170898438,992.4000244140625,962.7249755859375,969.3925170898438,2609600
2022-10-20,NESTLEIND,959.27490234375,1003.0549926757812,1007.1849975585938,985.0,985.9500122070312,2257080
2022-10-21,NESTLEIND,970.4570922851562,1014.7474975585938,1017.5,999.125,1003.0549926757812,1143860
2022-10-24,NESTLEIND,998.1959228515625,1043.75244140625,1052.5,1017.5025024414062,1017.75,903960
2022-10-25,NESTLEIND,969.85693359375,1014.1199951171875,1052.43994140625,1010.8499755859375,1040.0,1427060
2022-10-27,NESTLEIND,962.7249145507812,1006.6624755859375,1023.75,995.5,1023.4249877929688,2029480
2022-10-28,NESTLEIND,969.8593139648438,1014.1224975585938,1018.5974731445312,1002.5075073242188,1006.6624755859375,1298600
2022-10-31,NESTLEIND,979.525390625,1018.1699829101562,1023.5,1007.5,1014.1224975585938,1591100
2022-11-01,NESTLEIND,990.423095703125,1029.49755859375,1036.7425537109375,1018.5,1019.9774780273438,794120
2022-11-02,NESTLEIND,980.6774291992188,1019.3674926757812,1035.0,1011.1300048828125,1029.5,866340
2022-11-03,NESTLEIND,982.4139404296875,1021.1724853515625,1023.75,1007.5025024414062,1011.14501953125,706560
2022-11-04,NESTLEIND,982.5030517578125,1021.2650146484375,1026.75,1015.2349853515625,1021.1724853515625,377460
2022-11-07,NESTLEIND,985.1461791992188,1024.012451171875,1036.0,1018.510009765625,1022.5750122070312,1354440
2022-11-09,NESTLEIND,977.4330444335938,1015.9949951171875,1042.1175537109375,1010.25,1030.7724609375,1044900
2022-11-10,NESTLEIND,970.4774169921875,1008.7650146484375,1020.0,1002.2474975585938,1014.97998046875,779820
2022-11-11,NESTLEIND,977.55810546875,1016.125,1025.0,1010.0050048828125,1013.8099975585938,716740
2022-11-14,NESTLEIND,965.1812744140625,1003.260009765625,1019.6224975585938,994.635009765625,1016.1500244140625,969520
2022-11-15,NESTLEIND,964.7171630859375,1002.7775268554688,1009.2974853515625,992.5,1008.2000122070312,786820
2022-11-16,NESTLEIND,966.75439453125,1004.89501953125,1007.2125244140625,991.25,999.6074829101562,895520
2022-11-17,NESTLEIND,961.6121215820312,999.5499877929688,1006.9849853515625,994.1325073242188,1006.5,555640
2022-11-18,NESTLEIND,958.4421997070312,996.2550048828125,1002.2874755859375,989.0,999.75,733720
2022-11-21,NESTLEIND,950.582275390625,988.0850219726562,992.97998046875,983.280029296875,992.5999755859375,996880
2022-11-22,NESTLEIND,943.4535522460938,980.6749877929688,992.4650268554688,977.5025024414062,988.0850219726562,948440
2022-11-23,NESTLEIND,941.1254272460938,978.2550048828125,990.6500244140625,975.5,985.0,1034440
2022-11-24,NESTLEIND,949.3197021484375,986.7725219726562,993.719970703125,975.04248046875,981.25,1193920
2022-11-25,NESTLEIND,939.40576171875,976.467529296875,991.2000122070312,972.0,990.0,1157160
2022-11-28,NESTLEIND,953.1678466796875,990.7725219726562,992.2625122070312,973.0,976.25,1060000
2022-11-29,NESTLEIND,967.8750610351562,1006.0599975585938,1018.75,986.5,987.5,1474460
2022-11-30,NESTLEIND,970.888671875,1009.1925048828125,1016.9500122070312,992.02001953125,1006.0599975585938,6267780
2022-12-01,NESTLEIND,964.4261474609375,1002.4749755859375,1017.4949951171875,996.75,1009.5,1058520
2022-12-02,NESTLEIND,950.0772094726562,987.5599975585938,1006.885009765625,983.9625244140625,1002.4749755859375,1392340
2022-12-05,NESTLEIND,950.1251831054688,987.6099853515625,992.5,977.635009765625,987.989990234375,1699980
2022-12-06,NESTLEIND,957.7687377929688,995.5549926757812,999.5,978.75,987.0499877929688,1362180
2022-12-07,NESTLEIND,957.7567138671875,995.54248046875,1003.95751953125,991.4124755859375,996.0,1139120
2022-12-08,NESTLEIND,952.6820068359375,990.2675170898438,1004.9500122070312,986.5499877929688,995.0,812480
2022-12-09,NESTLEIND,973.6737670898438,1012.0875244140625,1014.7474975585938,992.2100219726562,998.4000244140625,1535100
2022-12-12,NESTLEIND,985.4877319335938,1024.3675537109375,1026.0,1007.25,1012.5,1621200
2022-12-13,NESTLEIND,980.7232055664062,1019.4149780273438,1031.7974853515625,1016.5,1028.050048828125,982680
2022-12-14,NESTLEIND,965.099609375,1003.1749877929688,1022.532470703125,1000.33251953125,1019.2575073242188,1633600
2022-12-15,NESTLEIND,949.4349975585938,986.8925170898438,1007.4974975585938,981.7224731445312,1003.1749877929688,791080
2022-12-16,NESTLEIND,949.4759521484375,986.9349975585938,993.0,978.5050048828125,986.25,1386420
2022-12-19,NESTLEIND,965.9725341796875,1004.08251953125,1006.0,989.9974975585938,990.0,1308960
2022-12-20,NESTLEIND,968.5653686523438,1006.7775268554688,1008.3925170898438,992.552490234375,1007.5,933520
2022-12-21,NESTLEIND,977.1587524414062,1015.7100219726562,1017.4000244140625,1003.1074829101562,1008.25,1407560
2022-12-22,NESTLEIND,976.7932739257812,1015.3300170898438,1022.0,1007.875,1019.75,753760
2022-12-23,NESTLEIND,968.4306640625,1006.6375122070312,1022.75,1002.7525024414062,1010.0,1488080
2022-12-26,NESTLEIND,957.1145629882812,994.875,1012.282470703125,993.0,1008.7474975585938,667640
2022-12-27,NESTLEIND,951.2700805664062,988.7999877929688,1000.885009765625,987.25,995.0,805820
2022-12-28,NESTLEIND,954.5218505859375,992.1799926757812,994.7949829101562,985.5,989.5,706920
2022-12-29,NESTLEIND,952.8094482421875,990.4000244140625,995.8775024414062,981.5275268554688,992.0,797020
2022-12-30,NESTLEIND,943.0928344726562,980.2999877929688,994.5,978.092529296875,991.9774780273438,852880
2023-01-02,NESTLEIND,940.95458984375,978.0775146484375,985.75,975.0625,980.83251953125,503280
2023-01-03,NESTLEIND,948.927490234375,986.364990234375,988.0474853515625,973.7974853515625,979.9500122070312,628300
2023-01-04,NESTLEIND,938.9511108398438,975.9949951171875,989.9000244140625,975.0,989.0,639680
2023-01-05,NESTLEIND,951.2700805664062,988.7999877929688,994.70751953125,975.9749755859375,977.0,1027860
2023-01-06,NESTLEIND,956.5253295898438,994.2625122070312,996.322509765625,988.8275146484375,990.0,787720
2023-01-09,NESTLEIND,966.1673583984375,1004.2849731445312,1008.2150268554688,994.8250122070312,996.7474975585938,722880
2023-01-10,NESTLEIND,963.1971435546875,1001.197509765625,1009.4500122070312,997.7525024414062,1003.1525268554688,633360
2023-01-11,NESTLEIND,950.4187622070312,987.9149780273438,1004.2449951171875,985.8699951171875,1003.5,650200
2023-01-12,NESTLEIND,955.9481201171875,993.6624755859375,997.5,987.0,987.9149780273438,661240
2023-01-13,NESTLEIND,951.671875,989.217529296875,997.5,986.2525024414062,997.5,695420
2023-01-16,NESTLEIND,949.3268432617188,986.780029296875,992.0,985.0499877929688,992.0,485300
2023-01-17,NESTLEIND,959.4354858398438,997.2874755859375,998.3099975585938,985.635009765625,986.7949829101562,803740
2023-01-18,NESTLEIND,953.5477905273438,991.16748046875,1002.094970703125,988.66748046875,997.4974975585938,727980
2023-01-19,NESTLEIND,946.7052612304688,984.0549926757812,994.75,980.58251953125,991.16748046875,619980
2023-01-20,NESTLEIND,923.565673828125,960.0025024414062,983.3925170898438,957.4924926757812,983.0050048828125,1440440
2023-01-23,NESTLEIND,931.6011352539062,968.35498046875,972.0,957.552490234375,962.5,758000
2023-01-24,NESTLEIND,927.9261474609375,964.5349731445312,971.7000122070312,957.4400024414062,970.0,754240
2023-01-25,NESTLEIND,925.27099609375,961.7750244140625,967.5250244140625,957.5,967.4500122070312,823200
2023-01-27,NESTLEIND,924.3497924804688,960.8175048828125,969.7000122070312,951.302490234375,963.0025024414062,895540
2023-01-30,NESTLEIND,921.9229736328125,958.2949829101562,960.6824951171875,948.9000244140625,960.2999877929688,996600
2023-01-31,NESTLEIND,914.7966918945312,950.8875122070312,960.0,946.4500122070312,960.0,2350000
2023-02-01,NESTLEIND,918.2647094726562,954.4924926757812,958.8524780273438,945.7625122070312,955.0,1376100
2023-02-02,NESTLEIND,911.7589721679688,947.72998046875,956.4500122070312,942.5250244140625,956.4500122070312,1418440
2023-02-03,NESTLEIND,914.149658203125,950.2150268554688,952.7324829101562,938.5050048828125,950.27001953125,1111560
2023-02-06,NESTLEIND,914.9771118164062,951.0750122070312,953.0,937.7150268554688,950.0,1382680
2023-02-07,NESTLEIND,912.8846435546875,948.9000244140625,954.9949951171875,944.0,951.2000122070312,797460
2023-02-08,NESTLEIND,913.6975708007812,949.7449951171875,953.2424926757812,944.5075073242188,947.5,465340
2023-02-09,NESTLEIND,913.9571533203125,950.0150146484375,954.217529296875,947.54248046875,949.9500122070312,694680
2023-02-10,NESTLEIND,915.0900268554688,951.1925048828125,953.5075073242188,943.7525024414062,950.5,527660
2023-02-13,NESTLEIND,915.2319946289062,951.3400268554688,959.9500122070312,947.4974975585938,954.75,649780
2023-02-14,NESTLEIND,917.930419921875,954.14501953125,963.0,951.375,955.739990234375,771780
2023-02-15,NESTLEIND,926.4951171875,963.0474853515625,964.9400024414062,946.5025024414062,953.75,639960
2023-02-16,NESTLEIND,944.1919555664062,981.4425048828125,989.9924926757812,957.0,971.5,3480140
2023-02-17,NESTLEIND,914.9673461914062,951.0650024414062,978.7525024414062,941.1024780273438,978.7525024414062,3768700
2023-02-20,NESTLEIND,905.43115234375,941.1525268554688,957.25,939.0,951.5,1306220
2023-02-21,NESTLEIND,906.6649780273438,942.4349975585938,946.6900024414062,938.0,944.0549926757812,899080
2023-02-22,NESTLEIND,898.2687377929688,933.70751953125,944.1400146484375,931.5574951171875,944.1400146484375,841600
2023-02-23,NESTLEIND,897.0109252929688,932.4000244140625,941.20751953125,927.5499877929688,932.9974975585938,985360
2023-02-24,NESTLEIND,898.5933837890625,934.0449829101562,942.4500122070312,930.75,937.0625,777500
2023-02-27,NESTLEIND,895.7962646484375,931.1375122070312,942.25,924.5999755859375,935.0,1032500
2023-02-28,NESTLEIND,898.069091796875,933.5,936.25,923.0075073242188,931.510009765625,2183640
2023-03-01,NESTLEIND,903.3049926757812,938.9425048828125,941.02001953125,928.7575073242188,935.0,1278520
2023-03-02,NESTLEIND,889.0138549804688,924.0875244140625,940.0,922.8400268554688,939.9974975585938,781400
2023-03-03,NESTLEIND,887.481689453125,922.4949951171875,930.7324829101562,920.2750244140625,927.4500122070312,920360
2023-03-06,NESTLEIND,890.6060180664062,925.7424926757812,927.7025146484375,921.25,926.0999755859375,1058980
2023-03-08,NESTLEIND,890.76953125,925.9124755859375,928.6900024414062,919.8775024414062,920.25,914920
2023-03-09,NESTLEIND,891.6089477539062,926.7849731445312,928.9500122070312,921.5,925.0,1132300
2023-03-10,NESTLEIND,889.2061767578125,924.2874755859375,926.5,917.7525024414062,926.5,472680
2023-03-13,NESTLEIND,881.110595703125,915.8724975585938,924.9949951171875,913.0025024414062,921.4974975585938,729520
2023-03-14,NESTLEIND,878.5708618164062,913.2324829101562,921.75,910.6500244140625,917.5,877580
2023-03-15,NESTLEIND,865.5206909179688,899.66748046875,918.5549926757812,894.0,915.0,1559160
2023-03-16,NESTLEIND,887.5177612304688,922.532470703125,925.0,898.3875122070312,899.5,1660860
2023-03-17,NESTLEIND,907.1195068359375,942.907470703125,943.75,923.7474975585938,924.9450073242188,2668600
2023-03-20,NESTLEIND,910.9531860351562,946.8925170898438,949.5,932.60498046875,945.0,1512900
2023-03-21,NESTLEIND,910.4505615234375,946.3699951171875,962.9500122070312,941.0025024414062,949.5,1955240
2023-03-22,NESTLEIND,905.27001953125,940.9849853515625,950.4500122070312,934.9349975585938,950.4500122070312,564960
2023-03-23,NESTLEIND,916.0810546875,952.2224731445312,958.4949951171875,935.5075073242188,940.9849853515625,1133700
2023-03-24,NESTLEIND,911.6868286132812,947.655029296875,955.0,944.4000244140625,950.2525024414062,525980
2023-03-27,NESTLEIND,908.6995849609375,944.5499877929688,956.3900146484375,940.7525024414062,950.0,717080
2023-03-28,NESTLEIND,911.3452758789062,947.2999877929688,950.9974975585938,942.5,945.0,709620
2023-03-29,NESTLEIND,916.4898681640625,952.6475219726562,956.25,943.8099975585938,946.5,972120
2023-03-31,NESTLEIND,947.8308715820312,985.2249755859375,987.594970703125,957.75,957.75,2968880
2023-04-03,NESTLEIND,947.8765869140625,985.2725219726562,989.5,969.302490234375,989.2000122070312,1274800
2023-04-05,NESTLEIND,953.4852905273438,991.1024780273438,993.6500244140625,980.0499877929688,982.9500122070312,943020
2023-04-06,NESTLEIND,948.0111694335938,985.4124755859375,992.0,980.25,989.75,819560
2023-04-10,NESTLEIND,939.4466552734375,976.510009765625,985.822509765625,975.0499877929688,985.0,448280
2023-04-11,NESTLEIND,946.3925170898438,983.72998046875,984.75,973.75,982.4000244140625,882520
2023-04-12,NESTLEIND,935.1222534179688,972.0150146484375,984.75,968.2474975585938,984.75,1137640
2023-04-13,NESTLEIND,936.3272094726562,973.2675170898438,984.0,970.8125,975.0,923020
2023-04-17,NESTLEIND,973.80126953125,1012.219970703125,1020.5,975.1074829101562,979.5,3887020
2023-04-18,NESTLEIND,993.8527221679688,1033.0625,1035.0,1010.0,1010.0,2797200
2023-04-19,NESTLEIND,991.8059692382812,1030.93505859375,1033.1824951171875,1019.4000244140625,1032.9925537109375,1797480
2023-04-20,NESTLEIND,984.8023071289062,1023.655029296875,1036.0350341796875,1019.0,1029.75,1044260
2023-04-21,NESTLEIND,990.8814086914062,1024.842529296875,1029.3499755859375,1019.3699951171875,1023.655029296875,886100
2023-04-24,NESTLEIND,1000.1849975585938,1034.4649658203125,1035.449951171875,1020.052490234375,1025.0474853515625,1157360
2023-04-25,NESTLEIND,999.02001953125,1033.260009765625,1046.4300537109375,1015.4000244140625,1035.449951171875,3369280
2023-04-26,NESTLEIND,1016.474365234375,1051.3125,1054.449951171875,1023.625,1029.949951171875,2497880
2023-04-27,NESTLEIND,1022.3261108398438,1057.364990234375,1059.99755859375,1050.00244140625,1053.3125,2044640
2023-04-28,NESTLEIND,1052.013671875,1088.0699462890625,1092.47998046875,1056.5,1059.0975341796875,3330320
2023-05-02,NESTLEIND,1051.2618408203125,1087.29248046875,1104.949951171875,1083.625,1090.0,1783400
2023-05-03,NESTLEIND,1057.539306640625,1093.7850341796875,1097.29248046875,1078.9200439453125,1087.25,1140260
2023-05-04,NESTLEIND,1048.743408203125,1084.6875,1099.74755859375,1081.8924560546875,1093.9425048828125,1270680
2023-05-05,NESTLEIND,1064.508056640625,1100.9925537109375,1103.93505859375,1087.4949951171875,1089.99755859375,1101520
2023-05-08,NESTLEIND,1062.738525390625,1099.1624755859375,1115.0,1088.02001953125,1102.5,1513120
2023-05-09,NESTLEIND,1062.163330078125,1098.5675048828125,1107.24755859375,1092.3349609375,1100.0,865740
2023-05-10,NESTLEIND,1065.9654541015625,1102.5,1106.4949951171875,1098.4749755859375,1098.5675048828125,1208820
2023-05-11,NESTLEIND,1064.505615234375,1100.989990234375,1111.75,1097.5150146484375,1104.949951171875,1378740
2023-05-12,NESTLEIND,1053.596923828125,1089.70751953125,1103.469970703125,1087.0,1100.949951171875,1339220
2023-05-15,NESTLEIND,1053.23193359375,1089.3299560546875,1100.9949951171875,1087.5625,1091.0,1451400
2023-05-16,NESTLEIND,1052.9322509765625,1089.02001953125,1099.449951171875,1086.0,1093.75,1545140
2023-05-17,NESTLEIND,1050.6165771484375,1086.625,1094.56494140625,1080.0,1089.02001953125,1335760
2023-05-18,NESTLEIND,1048.059326171875,1083.97998046875,1097.5,1082.510009765625,1092.5,1023500
2023-05-19,NESTLEIND,1048.5692138671875,1084.5074462890625,1090.0,1075.3050537109375,1090.0,1464400
2023-05-22,NESTLEIND,1039.125244140625,1074.739990234375,1084.949951171875,1071.10498046875,1084.949951171875,1021900
2023-05-23,NESTLEIND,1034.721435546875,1070.18505859375,1080.5,1068.10498046875,1072.5,1109180
2023-05-24,NESTLEIND,1033.604736328125,1069.030029296875,1074.9000244140625,1063.75,1070.18505859375,887280
2023-05-25,NESTLEIND,1038.1634521484375,1073.7449951171875,1081.5999755859375,1065.54248046875,1075.0,1630040
2023-05-26,NESTLEIND,1043.3289794921875,1079.0875244140625,1081.449951171875,1068.5,1074.24755859375,1263180
2023-05-29,NESTLEIND,1050.4691162109375,1086.4725341796875,1092.5,1077.60498046875,1086.24755859375,1068740
2023-05-30,NESTLEIND,1042.97607421875,1078.7225341796875,1086.4300537109375,1075.552490234375,1084.0,939620
2023-05-31,NESTLEIND,1047.7449951171875,1083.655029296875,1092.91748046875,1075.75,1079.0,8495880
2023-06-01,NESTLEIND,1057.4715576171875,1093.7149658203125,1096.24755859375,1078.6400146484375,1089.300048828125,1197320
2023-06-02,NESTLEIND,1065.7939453125,1102.322509765625,1104.75,1091.0,1100.0,1164960
2023-06-05,NESTLEIND,1055.53076171875,1091.70751953125,1106.4849853515625,1089.5,1099.9525146484375,1630180
2023-06-06,NESTLEIND,1049.3065185546875,1085.27001953125,1096.5775146484375,1080.87744140625,1093.70751953125,1570460
2023-06-07,NESTLEIND,1081.3265380859375,1118.387451171875,1121.237548828125,1087.4949951171875,1087.4949951171875,3136240
2023-06-08,NESTLEIND,1070.74658203125,1107.4449462890625,1128.87744140625,1104.37255859375,1123.0,1458580
2023-06-09,NESTLEIND,1067.0992431640625,1103.6724853515625,1114.0,1102.0450439453125,1105.0450439453125,1418300
2023-06-12,NESTLEIND,1077.5364990234375,1114.467529296875,1117.449951171875,1101.45751953125,1102.5,1247040
2023-06-13,NESTLEIND,1087.3621826171875,1124.6300048828125,1133.9000244140625,1114.6175537109375,1117.449951171875,1666940
2023-06-14,NESTLEIND,1098.7783203125,1136.4375,1137.550048828125,1125.0,1126.25,1447540
2023-06-15,NESTLEIND,1110.257568359375,1148.31005859375,1150.0,1131.625,1136.4375,1475140
2023-06-16,NESTLEIND,1110.3712158203125,1148.427490234375,1158.762451171875,1143.864990234375,1148.31005859375,1470820
2023-06-19,NESTLEIND,1101.973876953125,1139.7425537109375,1157.5,1138.0625,1151.25,866620
2023-06-20,NESTLEIND,1109.7425537109375,1147.7774658203125,1149.99755859375,1136.0,1139.7425537109375,1377540
2023-06-21,NESTLEIND,1106.651123046875,1144.5799560546875,1153.4849853515625,1138.25,1147.8050537109375,1292840
2023-06-22,NESTLEIND,1089.310302734375,1126.64501953125,1144.5374755859375,1124.635009765625,1140.0,998060
2023-06-23,NESTLEIND,1089.50146484375,1126.842529296875,1130.99755859375,1122.6824951171875,1126.64501953125,870300
2023-06-26,NESTLEIND,1094.043212890625,1131.5400390625,1135.0,1125.25,1126.00244140625,700300
2023-06-27,NESTLEIND,1094.3551025390625,1131.862548828125,1143.5,1125.2550048828125,1131.5675048828125,882660
2023-06-28,NESTLEIND,1099.5205078125,1137.2049560546875,1140.0,1129.0,1133.5,1112480
2023-06-30,NESTLEIND,1106.781494140625,1144.7149658203125,1147.3125,1131.25,1137.5,737240
2023-07-03,NESTLEIND,1094.127685546875,1131.62744140625,1147.5,1129.1500244140625,1147.5,1105380
2023-07-04,NESTLEIND,1093.7169189453125,1131.2025146484375,1142.25,1126.2750244140625,1137.4000244140625,602980
2023-07-05,NESTLEIND,1107.0521240234375,1144.9949951171875,1147.199951171875,1129.0,1129.300048828125,777760
2023-07-06,NESTLEIND,1116.69921875,1154.9725341796875,1169.62255859375,1145.25,1146.75,1807340
2023-07-07,NESTLEIND,1107.35693359375,1145.31005859375,1162.342529296875,1142.5,1157.75244140625,1129280
2023-07-10,NESTLEIND,1091.599365234375,1129.012451171875,1152.1199951171875,1127.5,1143.449951171875,727760
2023-07-11,NESTLEIND,1104.7510986328125,1142.614990234375,1147.9925537109375,1127.5150146484375,1130.5,1370520
2023-07-12,NESTLEIND,1114.7943115234375,1153.00244140625,1155.0,1140.8499755859375,1146.949951171875,961800
2023-07-13,NESTLEIND,1103.2259521484375,1141.0374755859375,1156.0775146484375,1138.842529296875,1153.00244140625,864320
2023-07-14,NESTLEIND,1118.565185546875,1156.9024658203125,1160.0,1140.0,1141.0374755859375,909140
2023-07-17,NESTLEIND,1115.3116455078125,1153.5374755859375,1169.7674560546875,1147.75,1160.0,835900
2023-07-18,NESTLEIND,1110.786865234375,1148.8575439453125,1159.5,1141.0250244140625,1159.5,651680
2023-07-19,NESTLEIND,1109.0367431640625,1147.0474853515625,1151.25,1140.074951171875,1147.5,557620
2023-07-20,NESTLEIND,1112.2757568359375,1150.3974609375,1154.2249755859375,1137.550048828125,1147.050048828125,755840
2023-07-21,NESTLEIND,1111.0479736328125,1149.12744140625,1161.5975341796875,1145.6400146484375,1150.74755859375,736860
2023-07-24,NESTLEIND,1103.1943359375,1141.0050048828125,1152.4300537109375,1135.387451171875,1149.0074462890625,841620
2023-07-25,NESTLEIND,1100.91259765625,1138.64501953125,1157.0,1133.762451171875,1157.0,1251520
2023-07-26,NESTLEIND,1102.218017578125,1139.9949951171875,1145.0,1135.0999755859375,1139.5450439453125,689240
2023-07-27,NESTLEIND,1079.2744140625,1116.2650146484375,1145.0,1103.802490234375,1142.9599609375,3587480
2023-07-28,NESTLEIND,1086.796630859375,1124.0450439453125,1131.592529296875,1109.364990234375,1116.2650146484375,1344220
2023-07-31,NESTLEIND,1090.2965087890625,1127.6650390625,1132.699951171875,1121.4849853515625,1132.5,972180
2023-08-01,NESTLEIND,1092.2498779296875,1129.68505859375,1134.5,1121.25,1130.4150390625,1300380
2023-08-02,NESTLEIND,1106.2015380859375,1144.114990234375,1146.907470703125,1125.530029296875,1134.5,2093220
2023-08-03,NESTLEIND,1086.550048828125,1123.7900390625,1144.3974609375,1120.0975341796875,1144.3974609375,899420
2023-08-04,NESTLEIND,1085.5203857421875,1122.7249755859375,1134.9425048828125,1120.5999755859375,1124.7974853515625,820200
2023-08-07,NESTLEIND,1085.752197265625,1122.9649658203125,1127.5799560546875,1107.5,1122.7249755859375,824920
2023-08-08,NESTLEIND,1074.6309814453125,1111.4625244140625,1124.947509765625,1105.0,1123.5,1160640
2023-08-09,NESTLEIND,1074.1064453125,1110.9200439453125,1117.8125,1108.1300048828125,1114.0,745700
2023-08-10,NESTLEIND,1063.052734375,1099.487548828125,1112.2275390625,1094.75,1108.1500244140625,1411580
2023-08-11,NESTLEIND,1055.929443359375,1092.1199951171875,1100.5,1087.5,1099.487548828125,767260
2023-08-14,NESTLEIND,1058.689697265625,1094.9749755859375,1102.0,1085.4625244140625,1092.2125244140625,815760
2023-08-16,NESTLEIND,1061.0296630859375,1097.39501953125,1106.5,1089.2674560546875,1106.5,578600
2023-08-17,NESTLEIND,1047.471923828125,1083.37255859375,1101.4150390625,1080.1199951171875,1095.0,1399840
2023-08-18,NESTLEIND,1055.330078125,1091.5,1094.0,1072.5,1083.37255859375,1313340
2023-08-21,NESTLEIND,1065.208984375,1101.717529296875,1108.8050537109375,1086.7674560546875,1091.5,741920
2023-08-22,NESTLEIND,1064.802978515625,1101.2974853515625,1104.62255859375,1095.302490234375,1101.717529296875,810440
2023-08-23,NESTLEIND,1072.40234375,1109.157470703125,1113.489990234375,1097.5,1105.0,1227560
2023-08-24,NESTLEIND,1075.3875732421875,1112.2449951171875,1114.5,1107.1650390625,1114.1500244140625,920400
2023-08-25,NESTLEIND,1072.6611328125,1109.425048828125,1114.0224609375,1105.5625,1109.5,839280
2023-08-28,NESTLEIND,1065.2139892578125,1101.7225341796875,1110.7275390625,1100.0,1109.574951171875,830140
2023-08-29,NESTLEIND,1066.593994140625,1103.1500244140625,1108.989990234375,1097.5,1103.5224609375,1048560
2023-08-30,NESTLEIND,1073.14453125,1109.925048828125,1114.0,1100.5074462890625,1103.1500244140625,1296640
2023-08-31,NESTLEIND,1062.890869140625,1099.3199462890625,1114.449951171875,1083.50244140625,1112.5,4661300
2023-09-01,NESTLEIND,1059.4658203125,1095.7774658203125,1105.4849853515625,1093.0,1102.5,716980
2023-09-04,NESTLEIND,1050.89208984375,1086.9100341796875,1098.99755859375,1081.625,1098.760009765625,1481820
2023-09-05,NESTLEIND,1061.34619140625,1097.7225341796875,1099.9300537109375,1087.7275390625,1087.7275390625,1246260
2023-09-06,NESTLEIND,1063.74658203125,1100.2049560546875,1105.0,1088.72998046875,1097.7225341796875,1125840
2023-09-07,NESTLEIND,1058.53515625,1094.81494140625,1104.2550048828125,1091.1175537109375,1098.9150390625,823180
2023-09-08,NESTLEIND,1057.9041748046875,1094.1624755859375,1098.967529296875,1091.5,1097.300048828125,609540
2023-09-11,NESTLEIND,1069.6903076171875,1106.3525390625,1109.99755859375,1093.6700439453125,1095.5,939540
2023-09-12,NESTLEIND,1078.9093017578125,1115.887451171875,1119.75,1100.85498046875,1106.7149658203125,987580
2023-09-13,NESTLEIND,1072.2403564453125,1108.989990234375,1128.45751953125,1107.50244140625,1113.7774658203125,1016500
2023-09-14,NESTLEIND,1086.6419677734375,1123.885009765625,1125.5,1107.8499755859375,1111.5,1621120
2023-09-15,NESTLEIND,1093.6322021484375,1131.114990234375,1135.050048828125,1115.947509765625,1125.0,2322820
2023-09-18,NESTLEIND,1103.1607666015625,1140.969970703125,1142.0,1122.6324462890625,1131.0,1150640
2023-09-20,NESTLEIND,1096.4337158203125,1134.012451171875,1141.3275146484375,1127.802490234375,1127.802490234375,1149000
2023-09-21,NESTLEIND,1089.3394775390625,1126.675048828125,1133.49755859375,1117.5,1132.99755859375,923660
2023-09-22,NESTLEIND,1089.291015625,1126.625,1131.99755859375,1119.0,1126.0,766020
2023-09-25,NESTLEIND,1094.4276123046875,1131.9375,1135.43505859375,1122.550048828125,1128.5,688540
2023-09-26,NESTLEIND,1112.15966796875,1150.2774658203125,1153.14501953125,1129.802490234375,1135.0,1320020
2023-09-27,NESTLEIND,1105.751953125,1143.6500244140625,1150.2774658203125,1137.072509765625,1150.25,833060
2023-09-28,NESTLEIND,1089.57861328125,1126.9224853515625,1145.3974609375,1122.3900146484375,1145.0,1039620
2023-09-29,NESTLEIND,1088.0533447265625,1125.344970703125,1135.25,1121.5,1127.5474853515625,904580
2023-10-03,NESTLEIND,1078.7884521484375,1115.762451171875,1129.7349853515625,1112.7574462890625,1125.344970703125,1000260
2023-10-04,NESTLEIND,1111.224365234375,1149.31005859375,1167.93994140625,1127.550048828125,1140.25244140625,4269760
2023-10-05,NESTLEIND,1107.9613037109375,1145.93505859375,1155.3599853515625,1138.75,1150.25,1360000
2023-10-06,NESTLEIND,1107.6494140625,1145.612548828125,1153.3800048828125,1140.7449951171875,1149.49755859375,776240
2023-10-09,NESTLEIND,1106.1798095703125,1144.092529296875,1149.0400390625,1140.0,1140.6025390625,475100
2023-10-10,NESTLEIND,1110.3468017578125,1148.4024658203125,1150.8499755859375,1141.2674560546875,1148.0,793260
2023-10-11,NESTLEIND,1121.6591796875,1160.1025390625,1163.6949462890625,1146.5,1148.4024658203125,1346760
2023-10-12,NESTLEIND,1115.5244140625,1153.7574462890625,1165.0,1148.1025390625,1161.1500244140625,1084440
2023-10-13,NESTLEIND,1138.6904296875,1177.717529296875,1179.9925537109375,1147.77001953125,1153.75244140625,1815820
2023-10-16,NESTLEIND,1117.13916015625,1155.427490234375,1177.5,1148.75244140625,1177.5,1732160
2023-10-17,NESTLEIND,1127.6173095703125,1166.2650146484375,1168.1099853515625,1156.5,1156.5,763320
2023-10-18,NESTLEIND,1124.60302734375,1163.1474609375,1172.3575439453125,1160.0,1166.2650146484375,713420
2023-10-19,NESTLEIND,1166.6329345703125,1206.6175537109375,1211.3499755859375,1155.0250244140625,1162.844970703125,5848240
2023-10-20,NESTLEIND,1173.756103515625,1213.9849853515625,1237.25,1200.0899658203125,1204.99755859375,4158680
2023-10-23,NESTLEIND,1169.79443359375,1209.887451171875,1233.74755859375,1206.41748046875,1215.0,1584600
2023-10-25,NESTLEIND,1172.9342041015625,1213.135009765625,1226.4849853515625,1207.655029296875,1214.0,2227000
2023-10-26,NESTLEIND,1138.267333984375,1177.280029296875,1213.030029296875,1171.050048828125,1213.0,2538800
2023-10-27,NESTLEIND,1162.9876708984375,1202.8475341796875,1211.4000244140625,1172.0174560546875,1177.5250244140625,2608740
2023-10-30,NESTLEIND,1168.5350341796875,1208.5849609375,1212.5,1193.25244140625,1205.0,1452280
2023-10-31,NESTLEIND,1171.58544921875,1211.739990234375,1216.5,1206.1025390625,1215.0,1032780
2023-11-01,NESTLEIND,1160.7861328125,1193.635009765625,1210.00244140625,1189.0,1210.0,1273800
2023-11-02,NESTLEIND,1172.4122314453125,1205.5899658203125,1207.489990234375,1188.655029296875,1199.510009765625,2141360
2023-11-03,NESTLEIND,1166.9298095703125,1199.9525146484375,1210.0,1198.842529296875,1207.14501953125,954280
2023-11-06,NESTLEIND,1181.05517578125,1214.4775390625,1219.5250244140625,1202.93505859375,1207.50244140625,1485520
2023-11-07,NESTLEIND,1184.942626953125,1218.4749755859375,1224.0,1206.00244140625,1214.3499755859375,1059300
2023-11-08,NESTLEIND,1180.6658935546875,1214.0775146484375,1220.635009765625,1211.00244140625,1218.4525146484375,726100
2023-11-09,NESTLEIND,1178.00146484375,1211.3375244140625,1220.75,1209.6175537109375,1217.5,844460
2023-11-10,NESTLEIND,1173.647216796875,1206.8599853515625,1212.4749755859375,1202.782470703125,1211.3375244140625,566340
2023-11-13,NESTLEIND,1171.1505126953125,1204.29248046875,1214.9000244140625,1201.5999755859375,1214.9000244140625,570560
2023-11-15,NESTLEIND,1175.4388427734375,1208.7025146484375,1212.449951171875,1200.4000244140625,1212.25,1533940
2023-11-16,NESTLEIND,1171.0069580078125,1204.14501953125,1213.625,1202.300048828125,1209.75244140625,1388360
2023-11-17,NESTLEIND,1185.114990234375,1218.6524658203125,1224.2449951171875,1203.22998046875,1205.0,1401020
2023-11-20,NESTLEIND,1181.6871337890625,1215.12744140625,1220.18994140625,1208.300048828125,1218.75244140625,1082300
2023-11-21,NESTLEIND,1185.134521484375,1218.6724853515625,1220.9925537109375,1209.012451171875,1215.25,906580
2023-11-22,NESTLEIND,1184.03564453125,1217.54248046875,1226.0,1213.0,1218.50244140625,736420
2023-11-23,NESTLEIND,1186.099853515625,1219.6650390625,1229.4949951171875,1217.5574951171875,1220.7025146484375,736280
2023-11-24,NESTLEIND,1173.732421875,1206.947509765625,1223.6424560546875,1205.4024658203125,1222.5,808240
2023-11-28,NESTLEIND,1177.605224609375,1210.9300537109375,1213.0,1194.157470703125,1206.9000244140625,1753940
2023-11-29,NESTLEIND,1170.2579345703125,1203.375,1216.75,1200.552490234375,1211.050048828125,1254300
2023-11-30,NESTLEIND,1178.4586181640625,1211.8074951171875,1217.010009765625,1198.2674560546875,1204.0,2944060
2023-12-01,NESTLEIND,1183.440185546875,1216.9300537109375,1218.25,1207.8199462890625,1216.99755859375,1273000
2023-12-04,NESTLEIND,1186.561767578125,1220.1400146484375,1226.75,1206.9324951171875,1219.449951171875,1987840
2023-12-05,NESTLEIND,1196.583251953125,1230.4449462890625,1233.6925048828125,1220.1400146484375,1222.550048828125,1343740
2023-12-06,NESTLEIND,1214.068359375,1248.425048828125,1254.844970703125,1235.0999755859375,1236.43994140625,1592160
2023-12-07,NESTLEIND,1214.396484375,1248.762451171875,1258.50244140625,1240.6650390625,1248.425048828125,1201700
2023-12-08,NESTLEIND,1205.36962890625,1239.47998046875,1258.7850341796875,1237.8175048828125,1249.75,1401520
2023-12-11,NESTLEIND,1217.7125244140625,1252.1724853515625,1256.0,1231.949951171875,1244.0,1078740
2023-12-12,NESTLEIND,1213.0302734375,1247.3575439453125,1262.0374755859375,1240.112548828125,1252.1724853515625,1282460
2023-12-13,NESTLEIND,1217.7589111328125,1252.219970703125,1254.0,1241.25,1247.9200439453125,891440
2023-12-14,NESTLEIND,1205.54931640625,1239.6650390625,1257.199951171875,1237.5050048828125,1257.199951171875,2094520
2023-12-15,NESTLEIND,1184.791748046875,1218.3199462890625,1247.6075439453125,1211.0,1242.50244140625,3190820
2023-12-18,NESTLEIND,1184.201171875,1217.7125244140625,1229.030029296875,1214.949951171875,1222.5,1326480
2023-12-19,NESTLEIND,1239.4111328125,1274.4849853515625,1285.25,1225.5450439453125,1228.489990234375,7057320
2023-12-20,NESTLEIND,1220.3529052734375,1254.887451171875,1288.9224853515625,1252.760009765625,1284.699951171875,2889760
2023-12-21,NESTLEIND,1221.23291015625,1255.79248046875,1262.4000244140625,1245.385009765625,1254.887451171875,2212760
2023-12-22,NESTLEIND,1233.515380859375,1268.4224853515625,1270.49755859375,1255.0,1262.0,1776560
2023-12-26,NESTLEIND,1242.92919921875,1278.1025390625,1280.0,1268.25,1274.300048828125,1235700
2023-12-27,NESTLEIND,1250.6312255859375,1286.0224609375,1288.3974609375,1279.0250244140625,1280.0,1428320
2023-12-28,NESTLEIND,1276.375,1312.4949951171875,1318.699951171875,1288.760009765625,1293.4925537109375,3155440
2023-12-29,NESTLEIND,1292.440673828125,1329.0150146484375,1332.5,1307.282470703125,1312.5,2068160
2024-01-01,NESTLEIND,1330.95556640625,1368.6199951171875,1372.262451171875,1332.0,1332.5,2632200
2024-01-02,NESTLEIND,1323.6982421875,1361.157470703125,1384.6500244140625,1351.2025146484375,1375.0,2831540
2024-01-03,NESTLEIND,1295.1099853515625,1331.760009765625,1370.864990234375,1328.6500244140625,1367.25,2026920
2024-01-04,NESTLEIND,1318.5078125,1355.8199462890625,1357.50244140625,1332.6025390625,1342.552490234375,2647800
2024-01-05,NESTLEIND,1296.5101318359375,1333.199951171875,1377.0,1321.2249755859375,1377.0,5154128
2024-01-08,NESTLEIND,1273.6083984375,1309.6500244140625,1344.5,1305.5,1341.5,2064756
2024-01-09,NESTLEIND,1260.6258544921875,1296.300048828125,1320.1500244140625,1293.4749755859375,1320.0,1626054
2024-01-10,NESTLEIND,1253.5751953125,1289.050048828125,1311.199951171875,1285.2249755859375,1295.0,2052936
2024-01-11,NESTLEIND,1243.412841796875,1278.5999755859375,1294.9749755859375,1275.050048828125,1290.0,1551334
2024-01-12,NESTLEIND,1239.717529296875,1274.800048828125,1279.9749755859375,1265.0,1278.5999755859375,2214110
2024-01-15,NESTLEIND,1238.720703125,1273.7750244140625,1288.074951171875,1265.324951171875,1282.0,1787668
2024-01-16,NESTLEIND,1236.04638671875,1271.0250244140625,1278.449951171875,1265.675048828125,1278.449951171875,1386740
2024-01-17,NESTLEIND,1236.556884765625,1271.550048828125,1278.574951171875,1262.699951171875,1271.0250244140625,1603238
2024-01-18,NESTLEIND,1216.572509765625,1251.0,1275.0,1248.074951171875,1267.5,1269820
2024-01-19,NESTLEIND,1222.480224609375,1257.074951171875,1260.949951171875,1249.8499755859375,1255.0,1882782
2024-01-23,NESTLEIND,1197.5604248046875,1231.449951171875,1249.0999755859375,1223.0,1240.0,1381076
2024-01-24,NESTLEIND,1222.3829345703125,1256.9749755859375,1259.699951171875,1227.5,1238.949951171875,1318076
2024-01-25,NESTLEIND,1206.920654296875,1241.074951171875,1264.0,1233.8499755859375,1262.5250244140625,1571546
2024-01-29,NESTLEIND,1214.8948974609375,1249.2750244140625,1252.5,1238.300048828125,1241.074951171875,1265438
2024-01-30,NESTLEIND,1211.7344970703125,1246.0250244140625,1265.574951171875,1244.0,1256.0,1336068
2024-01-31,NESTLEIND,1218.517578125,1253.0,1255.875,1240.8499755859375,1254.5,1432188
2024-02-01,NESTLEIND,1199.943115234375,1233.9000244140625,1255.449951171875,1231.3499755859375,1255.0,1641132
2024-02-02,NESTLEIND,1206.555908203125,1240.699951171875,1248.0,1231.5250244140625,1234.0,1508122
2024-02-05,NESTLEIND,1197.4632568359375,1231.3499755859375,1252.5,1228.3499755859375,1252.5,1065954
2024-02-06,NESTLEIND,1194.5213623046875,1228.324951171875,1238.9749755859375,1222.875,1231.175048828125,1540366
2024-02-07,NESTLEIND,1215.405517578125,1249.800048828125,1255.7750244140625,1223.3499755859375,1235.0,3094808
2024-02-08,NESTLEIND,1178.183837890625,1211.5250244140625,1256.925048828125,1204.550048828125,1251.9749755859375,3308894
2024-02-09,NESTLEIND,1191.3365478515625,1225.050048828125,1232.949951171875,1210.0250244140625,1221.425048828125,1677638
2024-02-12,NESTLEIND,1195.6885986328125,1229.5250244140625,1233.9749755859375,1219.6500244140625,1229.875,890538
2024-02-13,NESTLEIND,1194.86181640625,1228.675048828125,1238.300048828125,1222.4749755859375,1237.0,621970
2024-02-14,NESTLEIND,1209.27880859375,1243.5,1248.675048828125,1217.5250244140625,1225.0,1018616
2024-02-15,NESTLEIND,1196.3814697265625,1226.7750244140625,1247.5,1219.0,1247.5,1680952
2024-02-16,NESTLEIND,1213.009033203125,1243.824951171875,1245.25,1224.300048828125,1228.5250244140625,1493232
2024-02-19,NESTLEIND,1225.4920654296875,1256.625,1262.75,1240.699951171875,1247.5,955040
2024-02-20,NESTLEIND,1238.2430419921875,1269.699951171875,1270.9000244140625,1248.550048828125,1259.5,1262888
2024-02-21,NESTLEIND,1240.291015625,1271.800048828125,1275.5,1259.074951171875,1269.699951171875,1786364
2024-02-22,NESTLEIND,1249.82373046875,1281.574951171875,1282.9749755859375,1262.5,1280.0,1504742
2024-02-23,NESTLEIND,1257.5526123046875,1289.5,1291.5,1275.9749755859375,1282.5,1211238
2024-02-26,NESTLEIND,1259.941650390625,1291.949951171875,1294.0,1283.375,1294.0,1323894
2024-02-27,NESTLEIND,1267.1583251953125,1299.3499755859375,1300.7249755859375,1283.375,1292.5,1261744
2024-02-28,NESTLEIND,1253.602783203125,1285.449951171875,1302.5,1280.125,1300.5,985574
2024-02-29,NESTLEIND,1265.939453125,1298.0999755859375,1303.0999755859375,1273.5250244140625,1285.7249755859375,2774576
2024-03-01,NESTLEIND,1268.4993896484375,1300.7249755859375,1308.2750244140625,1291.25,1298.0999755859375,1511456
2024-03-04,NESTLEIND,1262.4775390625,1294.550048828125,1300.550048828125,1288.699951171875,1297.449951171875,1268620
2024-03-05,NESTLEIND,1237.8773193359375,1269.324951171875,1297.5999755859375,1266.0,1295.0,678604
2024-03-06,NESTLEIND,1235.1468505859375,1266.5250244140625,1283.375,1254.125,1270.0,1983280
2024-03-07,NESTLEIND,1248.7510986328125,1280.4749755859375,1283.0,1259.5,1265.0,1297304
2024-03-11,NESTLEIND,1273.4000244140625,1305.75,1315.5,1274.2750244140625,1280.4749755859375,2990598
2024-03-12,NESTLEIND,1262.9892578125,1295.074951171875,1307.5250244140625,1283.1500244140625,1303.0250244140625,1726470
2024-03-13,NESTLEIND,1259.478515625,1291.4749755859375,1326.824951171875,1276.425048828125,1297.4749755859375,3627604
2024-03-14,NESTLEIND,1274.0093994140625,1306.375,1309.9749755859375,1286.949951171875,1295.0,2245994
2024-03-15,NESTLEIND,1269.5721435546875,1301.824951171875,1314.949951171875,1292.5999755859375,1308.4749755859375,2533984
2024-03-18,NESTLEIND,1258.2108154296875,1290.175048828125,1305.4000244140625,1279.375,1301.824951171875,1285192
2024-03-19,NESTLEIND,1217.105224609375,1248.0250244140625,1292.375,1234.074951171875,1290.0,3497728
2024-03-20,NESTLEIND,1243.53369140625,1275.125,1277.5,1249.0250244140625,1257.0,1399290
2024-03-21,NESTLEIND,1245.191650390625,1276.824951171875,1281.0250244140625,1262.574951171875,1275.5,1807754
2024-03-22,NESTLEIND,1254.8218994140625,1286.699951171875,1296.0,1268.5,1270.0999755859375,2027126
2024-03-26,NESTLEIND,1261.0146484375,1293.050048828125,1298.25,1266.074951171875,1284.0,1941704
2024-03-27,NESTLEIND,1251.432861328125,1283.2249755859375,1295.2750244140625,1275.875,1293.050048828125,1801192
2024-03-28,NESTLEIND,1278.690673828125,1311.175048828125,1319.3499755859375,1283.5250244140625,1283.5250244140625,4365832
2024-04-01,NESTLEIND,1260.770751953125,1292.800048828125,1321.300048828125,1291.25,1311.175048828125,1486064
2024-04-02,NESTLEIND,1279.1536865234375,1311.6500244140625,1315.0,1291.5,1298.5,1445766
2024-04-03,NESTLEIND,1245.337890625,1276.9749755859375,1311.9749755859375,1272.5,1311.6500244140625,3850278
2024-04-04,NESTLEIND,1243.2166748046875,1274.800048828125,1285.0,1257.050048828125,1284.9000244140625,2782752
2024-04-05,NESTLEIND,1237.3896484375,1268.824951171875,1288.0,1267.0,1287.5,1532454
2024-04-08,NESTLEIND,1218.080322265625,1249.0250244140625,1273.625,1246.425048828125,1265.5,2436980
2024-04-09,NESTLEIND,1220.396484375,1251.4000244140625,1261.0999755859375,1248.5,1253.0,867882
2024-04-10,NESTLEIND,1232.4893798828125,1263.800048828125,1266.5,1247.0250244140625,1257.0,989760
2024-04-12,NESTLEIND,1236.6826171875,1268.0999755859375,1279.5,1258.0999755859375,1267.3499755859375,2479930
2024-04-15,NESTLEIND,1245.191650390625,1276.824951171875,1288.5,1255.0,1255.0,2293646
2024-04-16,NESTLEIND,1241.5101318359375,1273.050048828125,1291.824951171875,1271.1500244140625,1275.074951171875,1537722
2024-04-18,NESTLEIND,1200.77001953125,1231.2750244140625,1271.324951171875,1205.300048828125,1270.050048828125,6077666
2024-04-19,NESTLEIND,1188.65283203125,1218.8499755859375,1235.675048828125,1205.0,1215.0,3702024
2024-04-22,NESTLEIND,1198.892578125,1229.3499755859375,1241.0,1213.925048828125,1218.25,2504706
2024-04-23,NESTLEIND,1219.640625,1250.625,1255.0,1212.9749755859375,1224.5,2248818
2024-04-24,NESTLEIND,1219.1043701171875,1250.074951171875,1267.9000244140625,1244.125,1257.5250244140625,1447036
2024-04-25,NESTLEIND,1249.5799560546875,1281.324951171875,1288.949951171875,1235.625,1259.9749755859375,6481728
2024-04-26,NESTLEIND,1210.6197509765625,1241.375,1291.4000244140625,1235.5250244140625,1287.4749755859375,2643128
2024-04-29,NESTLEIND,1223.8096923828125,1254.9000244140625,1262.199951171875,1245.0,1251.0,1243124
2024-04-30,NESTLEIND,1222.6392822265625,1253.699951171875,1268.800048828125,1250.2750244140625,1258.8499755859375,1625278
2024-05-02,NESTLEIND,1225.0286865234375,1256.1500244140625,1270.5,1252.5,1253.699951171875,2223826
2024-05-03,NESTLEIND,1197.625,1228.050048828125,1261.5250244140625,1218.125,1257.550048828125,2257460
2024-05-06,NESTLEIND,1198.2586669921875,1228.699951171875,1239.9749755859375,1223.4749755859375,1237.199951171875,1431992
2024-05-07,NESTLEIND,1223.2489013671875,1254.324951171875,1264.175048828125,1229.7750244140625,1234.5,2146918
2024-05-08,NESTLEIND,1238.0479736328125,1269.5,1274.0,1242.824951171875,1251.2249755859375,1398140
2024-05-09,NESTLEIND,1225.58935546875,1256.7249755859375,1274.949951171875,1251.0,1269.5,1404310
2024-05-10,NESTLEIND,1235.2198486328125,1266.5999755859375,1274.5,1251.7249755859375,1256.7249755859375,1394832
2024-05-13,NESTLEIND,1226.954833984375,1258.125,1270.949951171875,1253.0250244140625,1266.375,680762
2024-05-14,NESTLEIND,1212.8629150390625,1243.675048828125,1259.4749755859375,1241.0,1253.050048828125,1113494
2024-05-15,NESTLEIND,1201.9647216796875,1232.5,1249.5,1230.0,1244.0,868812
2024-05-16,NESTLEIND,1203.5982666015625,1234.175048828125,1239.9749755859375,1210.1500244140625,1235.0,1944988
2024-05-17,NESTLEIND,1192.456298828125,1222.75,1234.175048828125,1216.9000244140625,1234.175048828125,1442356
2024-05-21,NESTLEIND,1199.9166259765625,1230.4000244140625,1244.800048828125,1216.0,1233.0,2574902
2024-05-22,NESTLEIND,1203.9881591796875,1234.574951171875,1243.75,1230.949951171875,1236.0,1574654
2024-05-23,NESTLEIND,1206.42626953125,1237.074951171875,1243.75,1227.7750244140625,1240.5,1563326
2024-05-24,NESTLEIND,1203.3056640625,1233.875,1242.5,1229.0250244140625,1238.4749755859375,907544
2024-05-27,NESTLEIND,1199.477783203125,1229.949951171875,1239.5,1227.5,1238.5,1071662
2024-05-28,NESTLEIND,1195.4793701171875,1225.8499755859375,1233.824951171875,1223.0,1230.574951171875,1043344
2024-05-29,NESTLEIND,1207.4259033203125,1238.0999755859375,1248.5,1222.5,1223.8499755859375,1739200
2024-05-30,NESTLEIND,1172.610595703125,1202.4000244140625,1236.550048828125,1200.2750244140625,1232.5250244140625,2548428
2024-05-31,NESTLEIND,1148.278564453125,1177.449951171875,1212.800048828125,1172.5,1212.800048828125,5065946
2024-06-03,NESTLEIND,1148.351806640625,1177.5250244140625,1194.4749755859375,1175.0,1187.4000244140625,2145030
2024-06-04,NESTLEIND,1183.8011474609375,1213.875,1219.0,1163.7249755859375,1181.9749755859375,3117062
2024-06-05,NESTLEIND,1223.8341064453125,1254.925048828125,1287.0250244140625,1215.0,1215.0,4057558
2024-06-06,NESTLEIND,1205.0853271484375,1235.699951171875,1259.0,1226.324951171875,1259.0,1944280
2024-06-07,NESTLEIND,1220.225830078125,1251.2249755859375,1258.125,1233.5,1238.2249755859375,2022404
2024-06-10,NESTLEIND,1242.5340576171875,1274.0999755859375,1282.5,1253.5250244140625,1255.0,1590348
2024-06-11,NESTLEIND,1239.4864501953125,1270.9749755859375,1287.5,1267.0,1280.0,1138822
2024-06-12,NESTLEIND,1237.2191162109375,1268.6500244140625,1277.375,1260.5,1272.0,960816
2024-06-13,NESTLEIND,1244.26513671875,1275.875,1307.2249755859375,1272.574951171875,1297.074951171875,2162544
2024-06-14,NESTLEIND,1239.754638671875,1271.25,1282.300048828125,1267.050048828125,1282.300048828125,858944
2024-06-18,NESTLEIND,1243.5823974609375,1275.175048828125,1277.5,1267.0,1274.5,519108
2024-06-19,NESTLEIND,1231.7335205078125,1263.0250244140625,1279.800048828125,1258.925048828125,1275.0,1568614
2024-06-20,NESTLEIND,1238.413818359375,1269.875,1275.574951171875,1250.0,1262.5,1314826
2024-06-21,NESTLEIND,1218.2508544921875,1249.199951171875,1274.0,1244.25,1266.300048828125,2543088
2024-06-24,NESTLEIND,1233.6839599609375,1265.0250244140625,1266.0,1242.25,1249.199951171875,1448402
2024-06-25,NESTLEIND,1226.564697265625,1257.7249755859375,1269.1500244140625,1252.5,1267.5,625460
2024-06-26,NESTLEIND,1235.7318115234375,1267.125,1273.5,1253.7249755859375,1261.300048828125,958712
2024-06-27,NESTLEIND,1235.4881591796875,1266.875,1277.0,1254.0250244140625,1265.5999755859375,1732622
2024-06-28,NESTLEIND,1244.21630859375,1275.824951171875,1286.8499755859375,1264.1500244140625,1266.875,2364066
2024-07-01,NESTLEIND,1252.2376708984375,1284.050048828125,1295.550048828125,1278.5,1279.9000244140625,1849028
2024-07-02,NESTLEIND,1240.7054443359375,1272.2249755859375,1294.0,1266.574951171875,1292.699951171875,1162200
2024-07-03,NESTLEIND,1244.1431884765625,1275.75,1284.7750244140625,1270.3499755859375,1275.050048828125,631912
2024-07-04,NESTLEIND,1241.0467529296875,1272.574951171875,1282.5,1271.0250244140625,1280.0,627352
2024-07-05,NESTLEIND,1255.1876220703125,1287.074951171875,1289.800048828125,1266.25,1275.300048828125,1583026
2024-07-08,NESTLEIND,1269.4503173828125,1301.699951171875,1310.0,1280.7249755859375,1287.074951171875,1448552
2024-07-09,NESTLEIND,1283.932373046875,1316.550048828125,1320.050048828125,1296.800048828125,1313.6500244140625,1665146
2024-07-10,NESTLEIND,1275.8135986328125,1308.2249755859375,1324.9749755859375,1299.0250244140625,1318.949951171875,1069980
2024-07-11,NESTLEIND,1264.4766845703125,1296.5999755859375,1315.800048828125,1281.8499755859375,1310.0,2107598
2024-07-12,NESTLEIND,1272.1810302734375,1304.5,1309.925048828125,1292.925048828125,1302.5,1451786
2024-07-15,NESTLEIND,1270.2791748046875,1302.550048828125,1309.75,1298.5,1304.5250244140625,695922
2024-07-16,NESTLEIND,1276.8662109375,1303.6500244140625,1309.425048828125,1284.5250244140625,1302.300048828125,1514138
2024-07-18,NESTLEIND,1286.5382080078125,1313.5250244140625,1317.449951171875,1287.5,1287.5,1733594
2024-07-19,NESTLEIND,1272.2381591796875,1298.925048828125,1322.75,1293.2249755859375,1317.425048828125,1077872
2024-07-22,NESTLEIND,1267.0716552734375,1293.6500244140625,1315.0,1282.6500244140625,1298.925048828125,1490342
2024-07-23,NESTLEIND,1264.2554931640625,1290.7750244140625,1303.25,1275.0,1298.300048828125,1936998
2024-07-24,NESTLEIND,1244.593017578125,1270.699951171875,1290.5,1259.3499755859375,1290.5,2622088
2024-07-25,NESTLEIND,1214.842041015625,1240.324951171875,1278.324951171875,1229.7249755859375,1272.4000244140625,6938362
2024-07-26,NESTLEIND,1213.0054931640625,1238.449951171875,1246.300048828125,1225.75,1246.300048828125,3239386
2024-07-29,NESTLEIND,1209.7734375,1235.1500244140625,1243.4749755859375,1229.5,1241.800048828125,1605802
2024-07-30,NESTLEIND,1203.5782470703125,1228.824951171875,1240.199951171875,1225.5,1235.175048828125,3429516
2024-07-31,NESTLEIND,1202.941650390625,1228.175048828125,1238.5,1226.0,1235.0,1644722
2024-08-01,NESTLEIND,1216.482666015625,1242.0,1246.1500244140625,1228.175048828125,1232.5,2653524
2024-08-02,NESTLEIND,1221.918701171875,1247.550048828125,1257.0,1232.5,1240.0,2310948
2024-08-05,NESTLEIND,1229.6563720703125,1255.449951171875,1264.449951171875,1237.5250244140625,1244.0,2651820
2024-08-06,NESTLEIND,1228.4810791015625,1254.25,1264.0,1250.5,1256.949951171875,1898862
2024-08-07,NESTLEIND,1235.4842529296875,1261.4000244140625,1264.4749755859375,1255.125,1259.2750244140625,1299940
2024-08-08,NESTLEIND,1218.9803466796875,1244.550048828125,1262.5,1239.0,1259.2750244140625,2850012
2024-08-09,NESTLEIND,1226.6199951171875,1252.3499755859375,1255.949951171875,1245.0999755859375,1253.300048828125,540012
2024-08-12,NESTLEIND,1211.14453125,1236.550048828125,1254.9749755859375,1234.175048828125,1250.9000244140625,950040
2024-08-13,NESTLEIND,1216.825439453125,1242.3499755859375,1246.0,1236.75,1237.0,623692
2024-08-14,NESTLEIND,1211.8792724609375,1237.300048828125,1245.9749755859375,1230.300048828125,1243.449951171875,1123752
2024-08-16,NESTLEIND,1236.7818603515625,1262.7249755859375,1266.7249755859375,1235.675048828125,1245.0,1719668
2024-08-19,NESTLEIND,1225.8609619140625,1251.574951171875,1273.0,1250.2750244140625,1265.0,955402
2024-08-20,NESTLEIND,1233.3782958984375,1259.25,1263.0,1249.5250244140625,1255.300048828125,969464
2024-08-21,NESTLEIND,1249.6617431640625,1275.875,1277.5,1260.824951171875,1264.949951171875,1249546
2024-08-22,NESTLEIND,1249.2943115234375,1275.5,1282.5250244140625,1272.5,1282.5,1269810
2024-08-23,NESTLEIND,1238.6182861328125,1264.5999755859375,1275.675048828125,1260.0,1275.4749755859375,1023074
2024-08-26,NESTLEIND,1233.892578125,1259.7750244140625,1272.5,1253.9749755859375,1264.5999755859375,1266798
2024-08-27,NESTLEIND,1234.8228759765625,1260.7249755859375,1266.4000244140625,1255.75,1264.324951171875,782130
2024-08-28,NESTLEIND,1220.645263671875,1246.25,1259.5,1245.0,1259.5,1130322
2024-08-29,NESTLEIND,1226.546630859375,1252.2750244140625,1259.7249755859375,1245.324951171875,1249.449951171875,1799588
2024-08-30,NESTLEIND,1224.6856689453125,1250.375,1258.6500244140625,1245.9000244140625,1252.2750244140625,3808974
2024-09-02,NESTLEIND,1229.16650390625,1254.949951171875,1258.0,1248.5250244140625,1250.0,1751182
2024-09-03,NESTLEIND,1239.37744140625,1265.375,1279.5,1251.0,1251.0,1975054
2024-09-04,NESTLEIND,1241.3363037109375,1267.375,1270.7249755859375,1256.8499755859375,1262.5250244140625,1005886
2024-09-05,NESTLEIND,1226.718017578125,1252.449951171875,1267.5,1246.074951171875,1267.375,2238592
2024-09-06,NESTLEIND,1225.8853759765625,1251.5999755859375,1259.625,1244.0250244140625,1254.300048828125,1673400
2024-09-09,NESTLEIND,1232.5213623046875,1258.375,1260.0,1244.375,1247.574951171875,1167196
2024-09-10,NESTLEIND,1241.7037353515625,1267.75,1273.949951171875,1257.0,1264.5,3044078
2024-09-11,NESTLEIND,1237.467529296875,1263.425048828125,1280.800048828125,1259.7249755859375,1273.5,1959876
2024-09-12,NESTLEIND,1237.957275390625,1263.925048828125,1270.0,1244.0,1264.949951171875,3109758
2024-09-13,NESTLEIND,1239.6956787109375,1265.699951171875,1280.5,1264.125,1265.0,1465434
2024-09-16,NESTLEIND,1248.6087646484375,1274.800048828125,1277.800048828125,1250.0,1265.0,788794
2024-09-17,NESTLEIND,1247.261962890625,1273.425048828125,1292.6500244140625,1269.3499755859375,1275.574951171875,1390374
2024-09-18,NESTLEIND,1271.895263671875,1298.574951171875,1300.550048828125,1273.0,1274.9749755859375,2354058
2024-09-19,NESTLEIND,1290.0396728515625,1317.0999755859375,1338.5,1298.574951171875,1301.5,5068578
2024-09-20,NESTLEIND,1322.04345703125,1349.7750244140625,1352.125,1315.574951171875,1322.0,4645516
2024-09-23,NESTLEIND,1334.5804443359375,1362.574951171875,1364.925048828125,1345.0,1352.574951171875,2144494
2024-09-24,NESTLEIND,1320.500732421875,1348.199951171875,1383.4000244140625,1337.0,1362.5,3080066
2024-09-25,NESTLEIND,1320.9659423828125,1348.675048828125,1352.300048828125,1329.5250244140625,1342.625,1437914
2024-09-26,NESTLEIND,1349.4437255859375,1377.75,1381.2249755859375,1353.9749755859375,1353.9749755859375,2317212
2024-09-27,NESTLEIND,1344.644287109375,1372.8499755859375,1389.0,1365.5,1375.0,2194334
2024-09-30,NESTLEIND,1317.3419189453125,1344.9749755859375,1370.0,1342.4000244140625,1360.0,1766384
2024-10-01,NESTLEIND,1325.71630859375,1353.5250244140625,1355.0,1336.449951171875,1345.0,1105518
2024-10-03,NESTLEIND,1309.9471435546875,1337.425048828125,1347.5,1325.175048828125,1342.5,1624730
2024-10-04,NESTLEIND,1272.385009765625,1299.074951171875,1339.175048828125,1295.1500244140625,1331.5,2066068
2024-10-07,NESTLEIND,1260.484619140625,1286.925048828125,1310.0,1283.449951171875,1302.4749755859375,2205716
2024-10-08,NESTLEIND,1264.353515625,1290.875,1297.0,1275.800048828125,1285.300048828125,2404340
2024-10-09,NESTLEIND,1232.15380859375,1258.0,1290.0,1234.4749755859375,1289.5,4733190
2024-10-10,NESTLEIND,1230.4154052734375,1256.2249755859375,1265.8499755859375,1253.0,1264.5,2060004
2024-10-11,NESTLEIND,1230.0970458984375,1255.9000244140625,1261.0,1248.050048828125,1260.0,1256928
2024-10-14,NESTLEIND,1225.322265625,1251.0250244140625,1259.8499755859375,1246.574951171875,1259.8499755859375,1340768
2024-10-15,NESTLEIND,1216.6051025390625,1242.125,1251.0250244140625,1236.0,1251.0250244140625,1590308
2024-10-16,NESTLEIND,1205.8310546875,1231.125,1246.5250244140625,1215.7249755859375,1245.0,2473286
2024-10-17,NESTLEIND,1164.914306640625,1189.3499755859375,1237.4749755859375,1182.5,1237.4749755859375,5255508
2024-10-18,NESTLEIND,1150.981689453125,1175.125,1191.824951171875,1163.050048828125,1190.0,3278370
2024-10-21,NESTLEIND,1153.136474609375,1177.324951171875,1187.0,1166.5,1180.0,1497408
2024-10-22,NESTLEIND,1150.981689453125,1175.125,1192.5,1170.0250244140625,1177.25,1934262
2024-10-23,NESTLEIND,1139.6688232421875,1163.574951171875,1187.449951171875,1160.050048828125,1175.0250244140625,1414522
2024-10-24,NESTLEIND,1106.1226806640625,1129.324951171875,1170.0,1108.0,1169.5,5910994
2024-10-25,NESTLEIND,1107.1265869140625,1130.3499755859375,1143.25,1128.5,1134.5,2683018
2024-10-28,NESTLEIND,1112.68505859375,1136.0250244140625,1159.5,1128.0250244140625,1135.4749755859375,1751130
2024-10-29,NESTLEIND,1110.40771484375,1133.699951171875,1142.9000244140625,1130.375,1140.0,1859662
2024-10-30,NESTLEIND,1114.766357421875,1138.1500244140625,1148.625,1130.0999755859375,1139.375,1787546
2024-10-31,NESTLEIND,1108.2283935546875,1131.4749755859375,1143.5,1130.0,1143.5,1319530
2024-11-01,NESTLEIND,1117.7047119140625,1141.1500244140625,1146.4749755859375,1134.175048828125,1146.449951171875,243228
2024-11-04,NESTLEIND,1100.025390625,1123.0999755859375,1143.5,1115.449951171875,1141.5,1926320
2024-11-05,NESTLEIND,1107.9835205078125,1131.2249755859375,1133.949951171875,1118.1500244140625,1128.0,1451860
2024-11-06,NESTLEIND,1114.4234619140625,1137.800048828125,1139.8499755859375,1129.0250244140625,1134.0,1613946
2024-11-07,NESTLEIND,1108.1795654296875,1131.425048828125,1142.425048828125,1120.8499755859375,1136.5,1783914
2024-11-08,NESTLEIND,1124.242431640625,1147.824951171875,1149.0,1129.4000244140625,1135.0,1669990
2024-11-11,NESTLEIND,1116.1131591796875,1139.5250244140625,1147.425048828125,1127.0999755859375,1140.0,1547190
2024-11-12,NESTLEIND,1104.9228515625,1128.0999755859375,1145.2249755859375,1120.5,1145.2249755859375,2210678
2024-11-13,NESTLEIND,1094.6629638671875,1117.625,1125.9749755859375,1111.0,1120.625,1526776
2024-11-14,NESTLEIND,1068.976806640625,1091.4000244140625,1122.4749755859375,1089.199951171875,1119.5250244140625,2318476
2024-11-18,NESTLEIND,1083.864501953125,1106.5999755859375,1109.4749755859375,1084.3499755859375,1095.3499755859375,1383330
2024-11-19,NESTLEIND,1084.32958984375,1107.074951171875,1121.824951171875,1101.949951171875,1112.5,1612040
2024-11-21,NESTLEIND,1082.885009765625,1105.5999755859375,1125.0,1093.5,1102.7750244140625,1655768
2024-11-22,NESTLEIND,1100.5643310546875,1123.6500244140625,1126.425048828125,1102.0999755859375,1107.0999755859375,1543916
2024-11-25,NESTLEIND,1105.2900390625,1128.4749755859375,1141.824951171875,1123.125,1129.2750244140625,4059604
2024-11-26,NESTLEIND,1109.3548583984375,1132.625,1143.9749755859375,1125.25,1135.0,634244
2024-11-27,NESTLEIND,1113.6153564453125,1136.9749755859375,1138.4000244140625,1125.2249755859375,1138.300048828125,874722
2024-11-28,NESTLEIND,1095.1527099609375,1118.125,1144.75,1114.0,1137.0250244140625,2492756
2024-11-29,NESTLEIND,1094.369140625,1117.324951171875,1131.5,1113.5,1113.5,2698320
2024-12-02,NESTLEIND,1102.7926025390625,1125.925048828125,1128.5,1111.550048828125,1121.4000244140625,936544
2024-12-03,NESTLEIND,1107.6163330078125,1130.8499755859375,1133.425048828125,1125.0,1131.0,1532464
2024-12-04,NESTLEIND,1105.70654296875,1128.9000244140625,1137.5,1120.7249755859375,1130.5,1937738
2024-12-05,NESTLEIND,1109.4771728515625,1132.75,1138.5,1110.5,1128.9000244140625,2375568
2024-12-06,NESTLEIND,1110.603515625,1133.9000244140625,1145.9749755859375,1127.550048828125,1133.2249755859375,1291202
2024-12-09,NESTLEIND,1091.52880859375,1114.425048828125,1138.300048828125,1106.824951171875,1135.0,1939702
2024-12-10,NESTLEIND,1084.4766845703125,1107.2249755859375,1120.0,1105.0,1114.5,1830596
2024-12-11,NESTLEIND,1097.50341796875,1120.5250244140625,1127.0,1111.5,1112.5,1469722
2024-12-12,NESTLEIND,1089.177978515625,1112.0250244140625,1127.0,1107.550048828125,1124.9749755859375,1931220
2024-12-13,NESTLEIND,1103.6005859375,1126.75,1128.925048828125,1104.125,1112.5,1109322
2024-12-16,NESTLEIND,1096.3770751953125,1119.375,1128.75,1114.2750244140625,1126.75,1331372
2024-12-17,NESTLEIND,1078.8447265625,1101.4749755859375,1116.9749755859375,1100.0,1113.0,2997812
2024-12-18,NESTLEIND,1071.5479736328125,1094.0250244140625,1106.9749755859375,1090.25,1101.4749755859375,1932332
2024-12-19,NESTLEIND,1058.0068359375,1080.199951171875,1097.125,1073.699951171875,1092.5,3107980
2024-12-20,NESTLEIND,1059.525146484375,1081.75,1087.5,1072.699951171875,1080.0,3303524
2024-12-23,NESTLEIND,1053.6973876953125,1075.800048828125,1090.0,1073.8499755859375,1085.0,877434
2024-12-24,NESTLEIND,1061.0921630859375,1083.3499755859375,1087.5,1075.8499755859375,1075.8499755859375,645132
2024-12-26,NESTLEIND,1052.86474609375,1074.949951171875,1088.0,1073.199951171875,1079.0999755859375,1047852
2024-12-27,NESTLEIND,1060.5535888671875,1082.800048828125,1084.5250244140625,1075.5,1079.5,925334
2024-12-30,NESTLEIND,1057.761962890625,1079.949951171875,1088.5,1074.5,1087.0,2470980
2024-12-31,NESTLEIND,1062.7327880859375,1085.0250244140625,1087.2750244140625,1073.875,1077.5,1271114
2025-01-01,NESTLEIND,1062.341064453125,1084.625,1089.625,1078.6500244140625,1085.0,908580
2025-01-02,NESTLEIND,1077.498046875,1100.0999755859375,1103.875,1081.574951171875,1084.5,1258328
2025-01-03,NESTLEIND,1093.4141845703125,1116.3499755859375,1118.9749755859375,1099.0250244140625,1100.0999755859375,2022900
2025-01-06,NESTLEIND,1070.05419921875,1092.5,1122.449951171875,1085.0,1121.75,2276932
2025-01-07,NESTLEIND,1083.59521484375,1106.324951171875,1108.1500244140625,1089.949951171875,1095.0999755859375,1191638
2025-01-08,NESTLEIND,1087.1456298828125,1109.949951171875,1112.4749755859375,1097.2750244140625,1111.5,899000
2025-01-09,NESTLEIND,1104.8494873046875,1128.0250244140625,1135.9000244140625,1102.0250244140625,1107.7249755859375,2294636
2025-01-10,NESTLEIND,1100.85791015625,1123.949951171875,1139.0,1120.625,1136.0250244140625,1619708
2025-01-13,NESTLEIND,1095.6915283203125,1118.675048828125,1130.574951171875,1110.7750244140625,1122.5,1609062
2025-01-14,NESTLEIND,1086.7294921875,1109.5250244140625,1128.300048828125,1099.625,1125.5999755859375,1405098
2025-01-15,NESTLEIND,1077.2286376953125,1099.824951171875,1110.050048828125,1086.0999755859375,1109.5250244140625,1447250
2025-01-16,NESTLEIND,1062.3656005859375,1084.6500244140625,1109.125,1078.25,1102.550048828125,2651618
2025-01-17,NESTLEIND,1085.8233642578125,1108.5999755859375,1113.175048828125,1086.2750244140625,1090.324951171875,911802
2025-01-20,NESTLEIND,1084.25634765625,1107.0,1112.5,1101.175048828125,1109.5999755859375,802216
2025-01-21,NESTLEIND,1075.66162109375,1098.2249755859375,1120.0,1095.7750244140625,1112.5,1528828
2025-01-22,NESTLEIND,1081.219970703125,1103.9000244140625,1106.4749755859375,1097.074951171875,1098.2249755859375,896072
2025-01-23,NESTLEIND,1076.885986328125,1099.4749755859375,1104.800048828125,1082.5,1097.074951171875,992014
2025-01-24,NESTLEIND,1081.2689208984375,1103.949951171875,1111.375,1095.050048828125,1101.0,1327200
2025-01-27,NESTLEIND,1065.0345458984375,1087.375,1115.949951171875,1084.300048828125,1091.0250244140625,1099972
2025-01-28,NESTLEIND,1055.9989013671875,1078.1500244140625,1090.925048828125,1071.300048828125,1087.375,1442066
2025-01-29,NESTLEIND,1067.9483642578125,1090.3499755859375,1092.449951171875,1065.625,1078.1500244140625,794290
2025-01-30,NESTLEIND,1085.8968505859375,1108.675048828125,1116.3499755859375,1090.3499755859375,1094.5,1149120
2025-01-31,NESTLEIND,1132.8372802734375,1156.5999755859375,1193.5,1104.75,1108.675048828125,6279774
2025-02-01,NESTLEIND,1139.693359375,1163.5999755859375,1187.0,1128.625,1156.5,2493130
2025-02-03,NESTLEIND,1134.7471923828125,1158.550048828125,1187.0,1155.8499755859375,1163.5999755859375,2281742
2025-02-04,NESTLEIND,1126.103515625,1149.7249755859375,1161.4000244140625,1141.8499755859375,1161.199951171875,2487034
2025-02-05,NESTLEIND,1101.3721923828125,1124.4749755859375,1148.949951171875,1112.625,1141.9000244140625,2950590
2025-02-06,NESTLEIND,1096.7198486328125,1119.7249755859375,1134.5,1113.5,1134.5,1973914
2025-02-07,NESTLEIND,1096.670654296875,1112.550048828125,1119.0,1103.7750244140625,1117.0,1585116
2025-02-10,NESTLEIND,1094.674560546875,1110.5250244140625,1126.25,1103.0999755859375,1117.5,1520362
2025-02-11,NESTLEIND,1082.081787109375,1097.75,1116.050048828125,1088.9749755859375,1110.5250244140625,953674
2025-02-12,NESTLEIND,1081.21923828125,1096.875,1107.0,1085.8499755859375,1107.0,1006516
2025-02-13,NESTLEIND,1073.2349853515625,1088.7750244140625,1105.0999755859375,1086.324951171875,1096.875,1022294
2025-02-14,NESTLEIND,1082.2542724609375,1097.925048828125,1112.5,1085.0250244140625,1088.7750244140625,1921722
2025-02-17,NESTLEIND,1092.4320068359375,1108.25,1110.0,1085.0,1097.925048828125,1603030
2025-02-18,NESTLEIND,1095.3397216796875,1111.199951171875,1114.75,1099.9749755859375,1108.25,906118
2025-02-19,NESTLEIND,1086.7393798828125,1102.4749755859375,1112.0,1098.7750244140625,1103.0,852958
2025-02-20,NESTLEIND,1087.6265869140625,1103.375,1107.4749755859375,1093.4000244140625,1102.4749755859375,1316934
2025-02-21,NESTLEIND,1091.66796875,1107.4749755859375,1109.050048828125,1094.6500244140625,1108.4749755859375,1188490
2025-02-24,NESTLEIND,1094.35400390625,1110.199951171875,1118.925048828125,1098.0250244140625,1099.5,968084
2025-02-25,NESTLEIND,1109.139892578125,1125.199951171875,1128.199951171875,1106.925048828125,1111.2249755859375,1285668
2025-02-27,NESTLEIND,1122.8416748046875,1139.0999755859375,1140.9000244140625,1125.0,1130.0999755859375,1502006
2025-02-28,NESTLEIND,1079.1983642578125,1094.824951171875,1135.0,1092.5,1130.5,3687132
2025-03-03,NESTLEIND,1077.1778564453125,1092.7750244140625,1100.0,1075.4000244140625,1094.125,1043550
2025-03-04,NESTLEIND,1057.931396484375,1073.25,1082.050048828125,1059.0,1080.0,2085044
2025-03-05,NESTLEIND,1082.821044921875,1098.5,1104.675048828125,1055.0,1055.0,1693328
2025-03-06,NESTLEIND,1084.89111328125,1100.5999755859375,1108.199951171875,1085.1500244140625,1093.5,2514922
2025-03-07,NESTLEIND,1103.250244140625,1119.2249755859375,1123.0,1095.625,1100.5,1051212
2025-03-10,NESTLEIND,1108.154296875,1124.199951171875,1137.0,1077.550048828125,1119.5999755859375,1013160
2025-03-11,NESTLEIND,1109.6328125,1125.699951171875,1136.2249755859375,1116.875,1120.4000244140625,957110
2025-03-12,NESTLEIND,1082.081787109375,1097.75,1127.050048828125,1095.824951171875,1124.5,717178
2025-03-13,NESTLEIND,1080.3321533203125,1095.9749755859375,1105.875,1092.050048828125,1101.050048828125,584340
2025-03-17,NESTLEIND,1071.6578369140625,1087.175048828125,1101.675048828125,1078.0,1087.7750244140625,820010
2025-03-18,NESTLEIND,1071.6578369140625,1087.175048828125,1087.175048828125,1087.175048828125,1087.175048828125,0
2025-03-19,NESTLEIND,1076.4139404296875,1092.0,1106.699951171875,1090.074951171875,1103.25,845086
2025-03-20,NESTLEIND,1094.9208984375,1110.7750244140625,1114.375,1090.574951171875,1102.0,953748
2025-03-21,NESTLEIND,1118.2333984375,1134.425048828125,1137.5,1115.9749755859375,1120.449951171875,1585274
2025-03-24,NESTLEIND,1115.62109375,1131.7750244140625,1144.300048828125,1130.0250244140625,1136.550048828125,861902
2025-03-25,NESTLEIND,1111.333251953125,1127.425048828125,1140.0,1115.0999755859375,1130.0,1484284
2025-03-26,NESTLEIND,1105.7147216796875,1121.7249755859375,1134.925048828125,1120.050048828125,1127.449951171875,1066938
2025-03-27,NESTLEIND,1105.024658203125,1121.0250244140625,1134.0,1112.625,1120.0999755859375,1731172
2025-03-28,NESTLEIND,1109.3123779296875,1125.375,1143.9749755859375,1121.5250244140625,1121.5250244140625,1432302
2025-04-01,NESTLEIND,1101.05712890625,1117.0,1143.925048828125,1109.050048828125,1130.949951171875,2040110
2025-04-02,NESTLEIND,1089.5732421875,1105.3499755859375,1115.0,1074.0,1115.0,2601704
2025-04-03,NESTLEIND,1106.7989501953125,1122.824951171875,1124.5250244140625,1097.5,1099.0250244140625,635716
2025-04-04,NESTLEIND,1114.93115234375,1131.074951171875,1141.4000244140625,1108.625,1117.0,1183470
2025-04-07,NESTLEIND,1108.449951171875,1124.5,1128.675048828125,1080.0,1080.0,1474570
2025-04-08,NESTLEIND,1121.4615478515625,1137.699951171875,1141.4749755859375,1115.625,1127.5,1747016
2025-04-09,NESTLEIND,1155.6910400390625,1172.425048828125,1181.300048828125,1136.0999755859375,1141.5999755859375,3706748
2025-04-11,NESTLEIND,1163.8477783203125,1180.699951171875,1186.0,1161.0250244140625,1172.8499755859375,2236634
2025-04-15,NESTLEIND,1167.0513916015625,1183.949951171875,1190.699951171875,1172.800048828125,1190.699951171875,1561748
2025-04-16,NESTLEIND,1174.6416015625,1191.6500244140625,1195.050048828125,1173.5,1173.5,1354424
2025-04-17,NESTLEIND,1191.053955078125,1208.300048828125,1211.5999755859375,1179.300048828125,1186.0,1815842
2025-04-21,NESTLEIND,1182.57666015625,1199.699951171875,1210.5,1195.25,1200.5,953130
2025-04-22,NESTLEIND,1186.4703369140625,1203.6500244140625,1210.0,1195.0,1202.5,975908
2025-04-23,NESTLEIND,1199.333984375,1216.699951171875,1220.949951171875,1200.0,1209.6500244140625,1165112
2025-04-24,NESTLEIND,1199.2353515625,1216.5999755859375,1257.5,1189.5,1217.5,4674476
2025-04-25,NESTLEIND,1189.5260009765625,1206.75,1217.5999755859375,1193.6500244140625,1213.449951171875,2256568
2025-04-28,NESTLEIND,1185.82958984375,1203.0,1209.199951171875,1193.0,1200.0,1961052
2025-04-29,NESTLEIND,1176.7115478515625,1193.75,1203.0,1179.5999755859375,1203.0,1952120
2025-04-30,NESTLEIND,1177.0565185546875,1194.0999755859375,1203.199951171875,1182.1500244140625,1187.5,2040862
2025-05-02,NESTLEIND,1149.2591552734375,1165.9000244140625,1192.4000244140625,1163.5,1187.5,1265148
2025-05-05,NESTLEIND,1147.4847412109375,1164.0999755859375,1176.0,1161.8499755859375,1174.449951171875,1827594
2025-05-06,NESTLEIND,1161.432861328125,1178.25,1187.0999755859375,1165.0,1168.5,1742026
2025-05-07,NESTLEIND,1152.511962890625,1169.199951171875,1178.0,1163.6500244140625,1165.5,1353304
2025-05-08,NESTLEIND,1153.6456298828125,1170.3499755859375,1175.050048828125,1157.550048828125,1164.0,2693092
2025-05-09,NESTLEIND,1146.104736328125,1162.699951171875,1174.5,1145.8499755859375,1151.0,1816458
2025-05-12,NESTLEIND,1174.8880615234375,1191.9000244140625,1194.5,1173.0,1179.9000244140625,801500
2025-05-13,NESTLEIND,1168.18505859375,1185.0999755859375,1194.9000244140625,1171.0,1190.0,2333552
2025-05-14,NESTLEIND,1168.283447265625,1185.199951171875,1189.5999755859375,1176.6500244140625,1182.5,1203066
2025-05-15,NESTLEIND,1181.9359130859375,1199.050048828125,1207.449951171875,1170.75,1185.0,1928224
2025-05-16,NESTLEIND,1187.2095947265625,1204.4000244140625,1207.300048828125,1188.3499755859375,1207.300048828125,1369102
2025-05-19,NESTLEIND,1186.716796875,1203.9000244140625,1211.050048828125,1198.0999755859375,1202.0,845862
2025-05-20,NESTLEIND,1162.418701171875,1179.25,1209.9000244140625,1177.1500244140625,1209.9000244140625,1555350
2025-05-21,NESTLEIND,1179.2252197265625,1196.300048828125,1199.0,1179.25,1179.25,1350296
2025-05-22,NESTLEIND,1163.9957275390625,1180.8499755859375,1192.5,1170.0,1192.5,2161612
2025-05-23,NESTLEIND,1189.9696044921875,1207.199951171875,1212.0,1176.050048828125,1178.0,1154460
2025-05-26,NESTLEIND,1209.487060546875,1227.0,1232.449951171875,1202.699951171875,1207.199951171875,1248708
2025-05-27,NESTLEIND,1212.8875732421875,1230.449951171875,1241.0,1216.0999755859375,1225.050048828125,1584098
2025-05-28,NESTLEIND,1192.23681640625,1209.5,1228.3499755859375,1208.0,1226.050048828125,1447242
2025-05-29,NESTLEIND,1200.1226806640625,1217.5,1219.9000244140625,1203.25,1210.699951171875,1862596
2025-05-30,NESTLEIND,1180.99951171875,1198.0999755859375,1228.5,1195.25,1217.5,2134920
2025-06-02,NESTLEIND,1185.9775390625,1203.1500244140625,1207.9000244140625,1195.5,1200.0,2052718
2025-06-03,NESTLEIND,1178.6336669921875,1195.699951171875,1213.199951171875,1191.0,1207.8499755859375,1468888
2025-06-04,NESTLEIND,1181.6402587890625,1198.75,1201.9000244140625,1192.449951171875,1194.199951171875,1174082
2025-06-05,NESTLEIND,1183.51318359375,1200.6500244140625,1204.5,1190.25,1202.5,1467916
2025-06-06,NESTLEIND,1191.349609375,1208.5999755859375,1211.449951171875,1195.0,1201.949951171875,1004606
2025-06-09,NESTLEIND,1190.4130859375,1207.6500244140625,1213.6500244140625,1200.5,1212.5,678874
2025-06-10,NESTLEIND,1198.34814453125,1215.699951171875,1219.449951171875,1204.449951171875,1207.6500244140625,1351562
2025-06-11,NESTLEIND,1192.3353271484375,1209.5999755859375,1225.0,1204.0,1221.25,1751374
2025-06-12,NESTLEIND,1175.7752685546875,1192.800048828125,1214.050048828125,1183.1500244140625,1213.5,2717158
2025-06-13,NESTLEIND,1171.4381103515625,1188.4000244140625,1190.0,1173.4000244140625,1181.0,829756
2025-06-16,NESTLEIND,1177.84521484375,1194.9000244140625,1197.5,1182.550048828125,1185.050048828125,532308
2025-06-17,NESTLEIND,1164.1435546875,1181.0,1193.449951171875,1176.5,1190.050048828125,1531068
2025-06-18,NESTLEIND,1153.69482421875,1170.4000244140625,1182.050048828125,1162.699951171875,1181.949951171875,1308554
2025-06-19,NESTLEIND,1142.901123046875,1159.449951171875,1170.4000244140625,1155.0,1170.4000244140625,1474774
2025-06-20,NESTLEIND,1163.35498046875,1180.199951171875,1199.0,1159.449951171875,1169.050048828125,22941194
2025-06-23,NESTLEIND,1162.7142333984375,1179.550048828125,1199.449951171875,1175.449951171875,1186.5,1297744
2025-06-24,NESTLEIND,1166.016357421875,1182.9000244140625,1191.800048828125,1178.8499755859375,1187.5,1100860
2025-06-25,NESTLEIND,1185.0408935546875,1202.199951171875,1214.449951171875,1186.0,1186.0,2300288
2025-06-26,NESTLEIND,1198.34814453125,1215.699951171875,1221.800048828125,1201.5999755859375,1210.0,3115098
2025-06-27,NESTLEIND,1211.8033447265625,1229.3499755859375,1231.8499755859375,1213.050048828125,1224.5,2375672
2025-06-30,NESTLEIND,1215.056396484375,1232.6500244140625,1237.800048828125,1221.5,1234.0,1658010
2025-07-01,NESTLEIND,1187.8504638671875,1205.050048828125,1235.699951171875,1202.5999755859375,1235.0,1077220
2025-07-02,NESTLEIND,1176.9580078125,1194.0,1206.949951171875,1190.0,1205.25,1475052
2025-07-03,NESTLEIND,1177.1551513671875,1194.199951171875,1204.550048828125,1192.5,1199.949951171875,1263638
2025-07-04,NESTLEIND,1184.2823486328125,1196.4000244140625,1198.5,1183.550048828125,1192.449951171875,790114
2025-07-07,NESTLEIND,1198.783935546875,1211.050048828125,1213.0,1194.0,1199.699951171875,868414
2025-07-08,NESTLEIND,1196.705078125,1208.949951171875,1217.8499755859375,1203.5,1211.050048828125,711576
2025-07-09,NESTLEIND,1201.60498046875,1213.9000244140625,1218.25,1207.25,1210.0,790360
2025-07-10,NESTLEIND,1188.53857421875,1200.699951171875,1218.449951171875,1198.800048828125,1212.5,569850
2025-07-11,NESTLEIND,1189.5780029296875,1201.75,1214.3499755859375,1198.550048828125,1202.0,741064
2025-07-14,NESTLEIND,1184.3316650390625,1196.449951171875,1207.3499755859375,1188.5,1202.6500244140625,942914
2025-07-15,NESTLEIND,1195.9132080078125,1208.1500244140625,1210.0,1190.050048828125,1196.449951171875,1064608
2025-07-16,NESTLEIND,1217.5418701171875,1230.0,1245.0,1203.699951171875,1208.0,2810630
2025-07-17,NESTLEIND,1212.147216796875,1224.550048828125,1235.0,1223.050048828125,1229.0,546708
2025-07-18,NESTLEIND,1223.580078125,1236.0999755859375,1238.449951171875,1215.5,1229.5,899652
2025-07-21,NESTLEIND,1223.7781982421875,1236.300048828125,1239.199951171875,1222.5,1236.449951171875,957974
2025-07-22,NESTLEIND,1209.37548828125,1221.75,1238.75,1219.0,1236.4000244140625,774548
2025-07-23,NESTLEIND,1213.8299560546875,1226.25,1234.5,1216.800048828125,1230.0,720228
2025-07-24,NESTLEIND,1149.290283203125,1161.050048828125,1237.5,1155.0,1226.4000244140625,5372012
2025-07-25,NESTLEIND,1125.7808837890625,1137.300048828125,1157.449951171875,1133.0,1157.449951171875,3178714
2025-07-28,NESTLEIND,1103.3603515625,1114.6500244140625,1149.949951171875,1111.050048828125,1137.3499755859375,1879938
2025-07-29,NESTLEIND,1100.588623046875,1111.8499755859375,1129.050048828125,1109.949951171875,1115.0,1801922
2025-07-30,NESTLEIND,1104.44921875,1115.75,1119.75,1110.8499755859375,1115.0,929698
2025-07-31,NESTLEIND,1112.467041015625,1123.8499755859375,1132.949951171875,1110.5,1112.5,1346218
2025-08-01,NESTLEIND,1126.72119140625,1138.25,1143.8499755859375,1121.550048828125,1123.8499755859375,1410024
2025-08-04,NESTLEIND,1127.1666259765625,1138.699951171875,1143.300048828125,1129.0,1143.0,812794
2025-08-05,NESTLEIND,1122.1678466796875,1133.6500244140625,1141.199951171875,1125.050048828125,1139.8499755859375,1135934
2025-08-06,NESTLEIND,1105.3399658203125,1116.6500244140625,1136.199951171875,1113.050048828125,1135.0,1127544
2025-08-07,NESTLEIND,1105.9835205078125,1117.300048828125,1123.199951171875,1107.5,1118.0,1014230
2025-08-08,NESTLEIND,1085.39404296875,1096.5,1126.4000244140625,1093.4000244140625,1122.0,1242852
2025-08-11,NESTLEIND,1093.8079833984375,1105.0,1108.9000244140625,1087.0,1097.0,1038967
2025-08-12,NESTLEIND,1080.048828125,1091.0999755859375,1109.5999755859375,1089.0,1108.0,758197
2025-08-13,NESTLEIND,1085.7900390625,1096.9000244140625,1100.800048828125,1086.5999755859375,1091.0999755859375,813725
2025-08-14,NESTLEIND,1078.365966796875,1089.4000244140625,1103.0,1084.699951171875,1099.9000244140625,941698
2025-08-18,NESTLEIND,1132.511962890625,1144.0999755859375,1169.9000244140625,1120.5,1120.5,3478231
2025-08-19,NESTLEIND,1149.6368408203125,1161.4000244140625,1168.0,1130.199951171875,1149.5999755859375,1851158
2025-08-20,NESTLEIND,1178.244140625,1190.300048828125,1192.800048828125,1156.699951171875,1165.0,1652532
2025-08-21,NESTLEIND,1167.4544677734375,1179.4000244140625,1190.300048828125,1168.800048828125,1190.0,991563
2025-08-22,NESTLEIND,1151.12158203125,1162.9000244140625,1191.0,1158.0,1175.0,921658
2025-08-25,NESTLEIND,1141.3218994140625,1153.0,1166.800048828125,1148.800048828125,1162.9000244140625,931358
2025-08-26,NESTLEIND,1150.4285888671875,1162.199951171875,1179.0,1149.0,1149.0,3619892
2025-08-28,NESTLEIND,1150.6265869140625,1162.4000244140625,1168.199951171875,1155.0,1165.5999755859375,1065888
2025-08-29,NESTLEIND,1144.4893798828125,1156.199951171875,1184.4000244140625,1150.0,1160.300048828125,1593255
2025-09-01,NESTLEIND,1162.505126953125,1174.4000244140625,1176.0,1156.199951171875,1157.9000244140625,643866
2025-09-02,NESTLEIND,1188.73681640625,1200.9000244140625,1202.5,1172.4000244140625,1174.4000244140625,1773623
2025-09-03,NESTLEIND,1182.6986083984375,1194.800048828125,1206.5,1191.300048828125,1206.5,827824
2025-09-04,NESTLEIND,1200.318115234375,1212.5999755859375,1238.199951171875,1208.0,1230.0,3346196
2025-09-05,NESTLEIND,1196.259765625,1208.5,1216.4000244140625,1191.0,1212.0,1434458
2025-09-08,NESTLEIND,1175.6702880859375,1187.699951171875,1211.0,1185.199951171875,1208.5,1112974
2025-09-09,NESTLEIND,1190.0235595703125,1202.199951171875,1204.0,1187.9000244140625,1195.199951171875,1295618
2025-09-10,NESTLEIND,1205.1685791015625,1217.5,1219.199951171875,1201.699951171875,1208.199951171875,1015673
2025-09-11,NESTLEIND,1208.4351806640625,1220.800048828125,1224.9000244140625,1212.0999755859375,1212.0999755859375,783400
2025-09-12,NESTLEIND,1205.2674560546875,1217.5999755859375,1223.0,1209.5,1220.199951171875,632659
2025-09-15,NESTLEIND,1200.21923828125,1212.5,1220.0,1209.5999755859375,1212.199951171875,523120
2025-09-16,NESTLEIND,1192.003173828125,1204.199951171875,1215.0,1201.199951171875,1212.0,1137133
2025-09-17,NESTLEIND,1192.102294921875,1204.300048828125,1212.5999755859375,1195.5999755859375,1207.0,1005661
2025-09-18,NESTLEIND,1196.8536376953125,1209.0999755859375,1213.300048828125,1200.0,1205.0999755859375,1345158
2025-09-19,NESTLEIND,1182.4014892578125,1194.5,1212.0,1191.0,1212.0,2395784
2025-09-22,NESTLEIND,1176.2642822265625,1188.300048828125,1201.199951171875,1184.0,1198.9000244140625,1107323
2025-09-23,NESTLEIND,1156.5657958984375,1168.4000244140625,1194.5,1165.0,1189.800048828125,2114020
2025-09-24,NESTLEIND,1166.66259765625,1178.5999755859375,1185.199951171875,1161.4000244140625,1167.9000244140625,1395188
2025-09-25,NESTLEIND,1161.6141357421875,1173.5,1192.4000244140625,1171.5999755859375,1184.5,1273981
2025-09-26,NESTLEIND,1150.8245849609375,1162.5999755859375,1179.0,1160.199951171875,1170.0,1011036
2025-09-29,NESTLEIND,1140.826904296875,1152.5,1162.0999755859375,1149.199951171875,1160.0,2130382
2025-09-30,NESTLEIND,1141.222900390625,1152.9000244140625,1159.5999755859375,1146.4000244140625,1155.5999755859375,1409305
2025-10-01,NESTLEIND,1154.586181640625,1166.4000244140625,1169.199951171875,1145.0,1157.9000244140625,727804
2025-10-03,NESTLEIND,1158.05078125,1169.9000244140625,1171.300048828125,1154.4000244140625,1160.0,1159975
2025-10-06,NESTLEIND,1169.7310791015625,1181.699951171875,1183.699951171875,1163.5,1163.5,639965
2025-10-07,NESTLEIND,1164.880859375,1176.800048828125,1192.199951171875,1175.0,1181.699951171875,922441
2025-10-08,NESTLEIND,1168.5433349609375,1180.5,1182.5,1158.5999755859375,1170.0,893579
2025-10-09,NESTLEIND,1175.7694091796875,1187.800048828125,1189.0999755859375,1172.9000244140625,1175.0999755859375,922191
2025-10-10,NESTLEIND,1187.350830078125,1199.5,1202.0,1184.4000244140625,1186.4000244140625,1110822
2025-10-13,NESTLEIND,1176.0662841796875,1188.0999755859375,1200.800048828125,1181.9000244140625,1199.0,1062394
2025-10-14,NESTLEIND,1163.593994140625,1175.5,1194.300048828125,1171.0,1190.0999755859375,1293553
2025-10-15,NESTLEIND,1209.029052734375,1221.4000244140625,1225.0,1175.5,1175.5,2283392
2025-10-16,NESTLEIND,1263.669921875,1276.5999755859375,1286.5,1216.5,1221.4000244140625,6927367
2025-10-17,NESTLEIND,1276.439208984375,1289.5,1311.5999755859375,1261.300048828125,1263.9000244140625,3171952
2025-10-20,NESTLEIND,1272.380859375,1285.4000244140625,1305.5999755859375,1280.800048828125,1289.5,1246633
2025-10-21,NESTLEIND,1274.26171875,1287.300048828125,1292.0,1277.300048828125,1280.0,245138
2025-10-23,NESTLEIND,1259.9085693359375,1272.800048828125,1303.800048828125,1270.800048828125,1287.0,1751448
2025-10-24,NESTLEIND,1269.0152587890625,1282.0,1284.5,1259.4000244140625,1274.4000244140625,1433533
2025-10-27,NESTLEIND,1270.005126953125,1283.0,1292.199951171875,1275.800048828125,1282.0,1107997
2025-10-28,NESTLEIND,1258.1265869140625,1271.0,1288.9000244140625,1263.699951171875,1283.800048828125,1343829
2025-10-29,NESTLEIND,1260.1064453125,1273.0,1281.0,1266.5,1275.0,836932
2025-10-30,NESTLEIND,1266.9366455078125,1279.9000244140625,1281.4000244140625,1267.699951171875,1278.0,728703
2025-10-31,NESTLEIND,1258.7205810546875,1271.5999755859375,1284.0,1269.5999755859375,1279.9000244140625,943037
2025-11-03,NESTLEIND,1253.8702392578125,1266.699951171875,1269.9000244140625,1255.5,1269.5999755859375,847050
2025-11-04,NESTLEIND,1252.1873779296875,1265.0,1269.0,1250.699951171875,1266.0,770668
2025-11-06,NESTLEIND,1253.2762451171875,1266.0999755859375,1278.9000244140625,1260.0999755859375,1265.0,1171263
2025-11-07,NESTLEIND,1249.9107666015625,1262.699951171875,1270.9000244140625,1256.4000244140625,1264.0,596683
2025-11-10,NESTLEIND,1250.1087646484375,1262.9000244140625,1273.199951171875,1260.199951171875,1263.0999755859375,737986
2025-11-11,NESTLEIND,1255.2559814453125,1268.0999755859375,1270.199951171875,1255.0,1268.0,729912
2025-11-12,NESTLEIND,1265.253662109375,1278.199951171875,1286.9000244140625,1261.5999755859375,1270.0,824792
2025-11-13,NESTLEIND,1262.2841796875,1275.199951171875,1289.300048828125,1270.300048828125,1280.0,691337
2025-11-14,NESTLEIND,1258.7205810546875,1271.5999755859375,1279.0,1262.4000244140625,1275.199951171875,675047
2025-11-17,NESTLEIND,1257.433837890625,1270.300048828125,1278.0,1264.0999755859375,1272.0,774802
2025-11-18,NESTLEIND,1252.2864990234375,1265.0999755859375,1269.9000244140625,1252.5999755859375,1262.0999755859375,810387
2025-11-19,NESTLEIND,1266.045654296875,1279.0,1280.0,1263.0,1267.9000244140625,726287
2025-11-20,NESTLEIND,1266.2435302734375,1279.199951171875,1288.5999755859375,1275.199951171875,1288.0,796864
2025-11-21,NESTLEIND,1267.7283935546875,1280.699951171875,1288.9000244140625,1273.0,1275.0,673231
2025-11-24,NESTLEIND,1256.3448486328125,1269.199951171875,1285.800048828125,1259.5,1285.0,2636542
2025-11-25,NESTLEIND,1250.4056396484375,1263.199951171875,1270.9000244140625,1250.800048828125,1267.4000244140625,1065974
2025-11-26,NESTLEIND,1263.867919921875,1276.800048828125,1282.699951171875,1257.0999755859375,1257.0999755859375,810809
2025-11-27,NESTLEIND,1253.5733642578125,1266.4000244140625,1279.5,1260.5,1276.0,708607
2025-11-28,NESTLEIND,1248.326904296875,1261.0999755859375,1269.699951171875,1258.199951171875,1266.300048828125,626947
2025-12-01,NESTLEIND,1247.83203125,1260.5999755859375,1264.0,1251.5999755859375,1260.5999755859375,644563
2025-12-02,NESTLEIND,1246.1492919921875,1258.9000244140625,1261.800048828125,1251.0,1251.0,911551
2025-12-03,NESTLEIND,1229.3214111328125,1241.9000244140625,1258.0,1236.0999755859375,1257.0,642993
2025-12-04,NESTLEIND,1229.81640625,1242.4000244140625,1245.0,1233.199951171875,1241.9000244140625,664641
2025-12-05,NESTLEIND,1234.2708740234375,1246.9000244140625,1249.0,1234.199951171875,1237.5,911699
2025-12-08,NESTLEIND,1202.4959716796875,1214.800048828125,1248.0,1212.800048828125,1246.9000244140625,1534927
2025-12-09,NESTLEIND,1203.48583984375,1215.800048828125,1221.5,1207.300048828125,1214.9000244140625,810028
2025-12-10,NESTLEIND,1197.0516357421875,1209.300048828125,1221.800048828125,1205.0,1215.800048828125,514862
2025-12-11,NESTLEIND,1202.69384765625,1215.0,1220.4000244140625,1205.800048828125,1209.4000244140625,339626
2025-12-12,NESTLEIND,1225.7579345703125,1238.300048828125,1240.0,1215.4000244140625,1219.0,841766
2025-12-15,NESTLEIND,1230.9051513671875,1243.5,1248.0,1225.5,1238.0,857798
2025-12-16,NESTLEIND,1228.0345458984375,1240.5999755859375,1264.0,1234.4000244140625,1236.5,1086329
2025-12-17,NESTLEIND,1222.0953369140625,1234.5999755859375,1241.4000244140625,1224.300048828125,1237.0,526222
2025-12-18,NESTLEIND,1221.0064697265625,1233.5,1243.9000244140625,1227.5,1234.699951171875,707432
2025-12-19,NESTLEIND,1231.796142578125,1244.4000244140625,1246.199951171875,1229.699951171875,1230.800048828125,754446
2025-12-22,NESTLEIND,1244.4664306640625,1257.199951171875,1259.9000244140625,1240.0,1246.0,880387
2025-12-23,NESTLEIND,1243.7735595703125,1256.5,1261.5,1251.0999755859375,1260.0,663261
2025-12-24,NESTLEIND,1246.9410400390625,1259.699951171875,1264.0999755859375,1247.9000244140625,1251.0999755859375,598956
2025-12-26,NESTLEIND,1259.71044921875,1272.5999755859375,1277.0,1251.4000244140625,1264.0,1433973
2025-12-29,NESTLEIND,1267.0355224609375,1280.0,1286.5,1270.800048828125,1275.0,888206
2025-12-30,NESTLEIND,1261.1953125,1274.0999755859375,1289.0,1267.699951171875,1284.0,2043408
2025-12-31,NESTLEIND,1274.9544677734375,1288.0,1294.300048828125,1270.4000244140625,1274.199951171875,738631
2026-01-01,NESTLEIND,1281.8836669921875,1295.0,1299.0,1284.0,1293.0,932297
2026-01-02,NESTLEIND,1266.738525390625,1279.699951171875,1299.0,1277.5999755859375,1292.0,736473
2026-01-05,NESTLEIND,1301.28515625,1314.5999755859375,1320.0,1278.5,1279.0,2397082
2026-01-06,NESTLEIND,1306.5313720703125,1319.9000244140625,1323.5,1298.4000244140625,1319.0,866154
2026-01-07,NESTLEIND,1301.483154296875,1314.800048828125,1332.699951171875,1304.199951171875,1312.5,676669
2026-01-08,NESTLEIND,1293.6630859375,1306.9000244140625,1315.0999755859375,1299.0,1309.0999755859375,555817
2026-01-09,NESTLEIND,1285.9420166015625,1299.0999755859375,1310.800048828125,1290.0999755859375,1306.9000244140625,1194489
2026-01-12,NESTLEIND,1299.107421875,1312.4000244140625,1318.0,1291.5999755859375,1293.0,1032516
2026-01-13,NESTLEIND,1305.343505859375,1318.699951171875,1321.9000244140625,1309.0,1312.4000244140625,1316337
2026-01-14,NESTLEIND,1293.861083984375,1307.0999755859375,1328.199951171875,1302.199951171875,1321.0,904110
2026-01-15,NESTLEIND,1293.861083984375,1307.0999755859375,1307.0999755859375,1307.0999755859375,1307.0999755859375,0
2026-01-16,NESTLEIND,1302.572021484375,1315.9000244140625,1320.9000244140625,1305.300048828125,1318.199951171875,1491989
2026-01-19,NESTLEIND,1302.27490234375,1315.5999755859375,1320.300048828125,1305.5,1306.0,867546
2026-01-20,NESTLEIND,1282.576416015625,1295.699951171875,1317.0999755859375,1291.5999755859375,1315.0,1173676
2026-01-21,NESTLEIND,1270.2030029296875,1283.199951171875,1311.699951171875,1271.300048828125,1298.9000244140625,1046054
2026-01-22,NESTLEIND,1292.772216796875,1306.0,1312.0,1272.300048828125,1285.9000244140625,994359
2026-01-23,NESTLEIND,1280.69580078125,1293.800048828125,1311.9000244140625,1290.300048828125,1310.0,744221
2026-01-27,NESTLEIND,1290.0994873046875,1303.300048828125,1314.0,1290.300048828125,1300.0,1159495
2026-01-28,NESTLEIND,1279.3099365234375,1292.4000244140625,1306.0,1273.0,1297.199951171875,940426
2026-01-29,NESTLEIND,1274.8555908203125,1287.9000244140625,1294.4000244140625,1262.300048828125,1286.5,1151521
2026-01-30,NESTLEIND,1318.90478515625,1332.4000244140625,1339.5999755859375,1283.0,1286.0,5292100
2026-02-02,NESTLEIND,1295.0489501953125,1308.300048828125,1311.0,1273.9000244140625,1297.5,1254558
2026-02-03,NESTLEIND,1294.751953125,1308.0,1340.4000244140625,1291.0999755859375,1330.0,1232271
2026-02-04,NESTLEIND,1290.00048828125,1303.199951171875,1328.0,1295.0999755859375,1313.5999755859375,875783
2026-02-05,NESTLEIND,1290.297607421875,1303.5,1310.5999755859375,1287.0,1304.800048828125,854891
2026-02-06,NESTLEIND,1297.06494140625,1303.300048828125,1305.199951171875,1278.699951171875,1291.0999755859375,835646
2026-02-09,NESTLEIND,1289.4017333984375,1295.5999755859375,1307.0,1290.300048828125,1301.0,746303
2026-02-10,NESTLEIND,1302.339599609375,1308.5999755859375,1310.300048828125,1296.5,1296.9000244140625,936331
2026-02-11,NESTLEIND,1299.055419921875,1305.300048828125,1324.9000244140625,1296.699951171875,1315.0,911500
2026-02-12,NESTLEIND,1299.25439453125,1305.5,1312.0999755859375,1295.0999755859375,1312.0999755859375,534672
2026-02-13,NESTLEIND,1276.4639892578125,1282.5999755859375,1310.4000244140625,1278.0,1305.0,522586
2026-02-16,NESTLEIND,1283.629638671875,1289.800048828125,1295.5,1274.199951171875,1276.699951171875,456222
2026-02-17,NESTLEIND,1279.151123046875,1285.300048828125,1289.5999755859375,1278.0,1281.0,396198
2026-02-18,NESTLEIND,1294.676513671875,1300.9000244140625,1303.4000244140625,1278.0,1286.5999755859375,446022
2026-02-19,NESTLEIND,1272.383544921875,1278.5,1300.0,1271.9000244140625,1299.800048828125,659360
2026-02-20,NESTLEIND,1287.6104736328125,1293.800048828125,1301.0,1276.4000244140625,1278.5,754146
2026-02-23,NESTLEIND,1308.8084716796875,1315.0999755859375,1318.5,1295.5,1299.0,933582
2026-02-24,NESTLEIND,1313.68505859375,1320.0,1323.9000244140625,1305.5999755859375,1305.5999755859375,1120203
2026-02-25,NESTLEIND,1317.06884765625,1323.4000244140625,1334.800048828125,1315.0,1328.0,991399
2026-02-26,NESTLEIND,1311.694580078125,1318.0,1329.199951171875,1310.5999755859375,1329.199951171875,438946
2026-02-27,NESTLEIND,1285.5203857421875,1291.699951171875,1322.9000244140625,1286.0,1311.0999755859375,1640870
2026-03-02,NESTLEIND,1273.5777587890625,1279.699951171875,1288.0,1261.300048828125,1261.9000244140625,1161869
2026-03-04,NESTLEIND,1239.342529296875,1245.300048828125,1270.0,1240.0,1259.699951171875,1112032
2026-03-05,NESTLEIND,1244.9156494140625,1250.9000244140625,1254.4000244140625,1222.699951171875,1249.5,935711
2026-03-06,NESTLEIND,1246.408447265625,1252.4000244140625,1264.0999755859375,1234.199951171875,1250.0,830769
2026-03-09,NESTLEIND,1229.887939453125,1235.800048828125,1242.5999755859375,1217.4000244140625,1227.0,1467475
2026-03-10,NESTLEIND,1235.261962890625,1241.199951171875,1249.5,1233.5,1236.9000244140625,1301806
2026-03-11,NESTLEIND,1227.7978515625,1233.699951171875,1245.9000244140625,1226.0999755859375,1237.0999755859375,1472136
2026-03-12,NESTLEIND,1214.959716796875,1220.800048828125,1229.9000244140625,1209.300048828125,1225.0,1358564
2026-03-13,NESTLEIND,1196.4486083984375,1202.199951171875,1238.5999755859375,1200.5999755859375,1219.0,1681371
2026-03-16,NESTLEIND,1207.5950927734375,1213.4000244140625,1219.300048828125,1196.5,1200.0,1100151
2026-03-17,NESTLEIND,1201.1260986328125,1206.9000244140625,1225.0,1199.0999755859375,1213.4000244140625,1673011
2026-03-18,NESTLEIND,1199.0362548828125,1204.800048828125,1213.300048828125,1199.9000244140625,1206.0,1144239
2026-03-19,NESTLEIND,1180.624755859375,1186.300048828125,1203.0,1177.699951171875,1193.0,826831
2026-03-20,NESTLEIND,1187.8897705078125,1193.5999755859375,1204.0,1177.5999755859375,1204.0,1395157
2026-03-23,NESTLEIND,1161.218017578125,1166.800048828125,1189.0,1164.800048828125,1189.0,944890
2026-03-24,NESTLEIND,1177.5394287109375,1183.199951171875,1195.0999755859375,1163.199951171875,1180.0,1001494
2026-03-25,NESTLEIND,1198.3394775390625,1204.0999755859375,1217.800048828125,1180.0,1183.199951171875,1003662
2026-03-27,NESTLEIND,1187.4915771484375,1193.199951171875,1215.699951171875,1188.300048828125,1204.0999755859375,2005121
2026-03-30,NESTLEIND,1169.1798095703125,1174.800048828125,1194.4000244140625,1169.5999755859375,1185.0,1814954
2026-04-01,NESTLEIND,1175.1510009765625,1180.800048828125,1191.5999755859375,1167.0999755859375,1174.800048828125,1836376
2026-04-02,NESTLEIND,1185.600830078125,1191.300048828125,1200.0,1159.4000244140625,1173.300048828125,1357820
2026-04-06,NESTLEIND,1210.1826171875,1216.0,1218.800048828125,1179.0,1190.0,1460974
2026-04-07,NESTLEIND,1216.9500732421875,1222.800048828125,1225.4000244140625,1194.199951171875,1204.4000244140625,1434686
2026-04-08,NESTLEIND,1207.8935546875,1213.699951171875,1250.5999755859375,1209.300048828125,1238.0,1638620
2026-04-09,NESTLEIND,1222.82177734375,1228.699951171875,1230.0999755859375,1206.4000244140625,1209.5,1258634
2026-04-10,NESTLEIND,1243.3233642578125,1249.300048828125,1252.300048828125,1229.0999755859375,1230.800048828125,1358310
2026-04-13,NESTLEIND,1220.2342529296875,1226.0999755859375,1246.800048828125,1222.0999755859375,1239.300048828125,1346881
2026-04-15,NESTLEIND,1250.58837890625,1256.5999755859375,1259.9000244140625,1232.300048828125,1235.0,1236533
2026-04-16,NESTLEIND,1251.384521484375,1257.4000244140625,1261.9000244140625,1246.5,1255.0999755859375,1126023
2026-04-17,NESTLEIND,1279.4495849609375,1285.5999755859375,1292.0,1252.800048828125,1258.0999755859375,1994195
2026-04-20,NESTLEIND,1280.245849609375,1286.4000244140625,1294.300048828125,1274.5999755859375,1294.0,1156327
2026-04-21,NESTLEIND,1373.2984619140625,1379.9000244140625,1396.0,1286.800048828125,1298.0999755859375,9586515
2026-04-22,NESTLEIND,1389.1224365234375,1395.800048828125,1425.199951171875,1386.0,1391.0,7723484
2026-04-23,NESTLEIND,1403.7520751953125,1410.5,1415.0,1382.0999755859375,1388.9000244140625,2963135
2026-04-24,NESTLEIND,1414.50048828125,1421.300048828125,1430.9000244140625,1409.0999755859375,1420.0,3419416
2026-04-27,NESTLEIND,1410.5196533203125,1417.300048828125,1437.9000244140625,1410.0,1429.0,1719329
2026-04-28,NESTLEIND,1433.1109619140625,1440.0,1445.0999755859375,1401.0,1417.9000244140625,4008095
2026-04-29,NESTLEIND,1458.5885009765625,1465.5999755859375,1470.0,1436.0999755859375,1445.0,2753356
2026-04-30,NESTLEIND,1451.6219482421875,1458.5999755859375,1466.0,1436.0999755859375,1466.0,2305703
2026-05-01,NESTLEIND,1451.6219482421875,1458.5999755859375,1458.5999755859375,1458.5999755859375,1458.5999755859375,0
2026-05-04,NESTLEIND,1450.129150390625,1457.0999755859375,1472.9000244140625,1446.300048828125,1460.0,1744112
2026-05-05,NESTLEIND,1470.730224609375,1477.800048828125,1480.4000244140625,1447.5999755859375,1456.0,2490700
2026-05-06,NESTLEIND,1478.9903564453125,1486.0999755859375,1490.0,1468.199951171875,1485.0,2133310
2026-05-07,NESTLEIND,1468.938720703125,1476.0,1493.0,1468.300048828125,1488.0,2247161
2026-05-08,NESTLEIND,1475.30810546875,1482.4000244140625,1496.300048828125,1470.0,1476.5999755859375,1471411
2026-05-11,NESTLEIND,1474.810546875,1481.9000244140625,1498.0999755859375,1470.5,1475.300048828125,1358397
2026-05-12,NESTLEIND,1461.5740966796875,1468.5999755859375,1491.0,1466.0999755859375,1470.0,1017058
2026-05-13,NESTLEIND,1461.8726806640625,1468.9000244140625,1486.0,1463.5,1468.5999755859375,2205792
2026-05-14,NESTLEIND,1452.6171875,1459.5999755859375,1479.4000244140625,1453.0,1468.9000244140625,1251986
2026-05-15,NESTLEIND,1423.6563720703125,1430.5,1467.5,1427.5,1459.5999755859375,3292954
2026-05-18,NESTLEIND,1424.8505859375,1431.699951171875,1444.699951171875,1418.0999755859375,1430.5,2030857
2026-05-19,NESTLEIND,1424.5521240234375,1431.4000244140625,1454.5,1422.0,1428.0,1803745
2026-05-20,NESTLEIND,1413.30615234375,1420.0999755859375,1426.9000244140625,1398.5,1400.0,1425216
2026-05-21,NESTLEIND,1399.771240234375,1406.5,1430.9000244140625,1403.5,1425.0,2049251
2026-05-22,NESTLEIND,1416.291748046875,1423.0999755859375,1434.5999755859375,1401.199951171875,1410.5,1306017
2026-05-25,NESTLEIND,1406.8372802734375,1413.5999755859375,1438.9000244140625,1410.0,1430.0,812160
2026-05-26,NESTLEIND,1421.7655029296875,1428.5999755859375,1431.699951171875,1413.199951171875,1417.5999755859375,1472818
2026-05-27,NESTLEIND,1420.6707763671875,1427.5,1443.699951171875,1423.0999755859375,1432.0,1114165
2026-05-28,NESTLEIND,1420.6707763671875,1427.5,1427.5,1427.5,1427.5,0
2026-05-29,NESTLEIND,1414.699462890625,1421.5,1444.0999755859375,1408.5,1431.4000244140625,13063475
2026-06-01,NESTLEIND,1385.1416015625,1391.800048828125,1434.9000244140625,1388.5,1424.5,843583
2026-06-02,NESTLEIND,1392.008544921875,1398.699951171875,1403.5,1368.0999755859375,1385.0,1860526
2026-06-03,NESTLEIND,1384.843017578125,1391.5,1417.199951171875,1385.300048828125,1405.0,1725869
2026-06-04,NESTLEIND,1376.2841796875,1382.9000244140625,1399.9000244140625,1378.5,1395.0,1793823
2026-06-05,NESTLEIND,1379.568359375,1386.199951171875,1393.199951171875,1372.300048828125,1383.0,1342143
2026-06-08,NESTLEIND,1392.2076416015625,1398.9000244140625,1412.5,1373.0,1375.0,1107621
2026-06-09,NESTLEIND,1403.652587890625,1410.4000244140625,1414.5999755859375,1399.4000244140625,1399.9000244140625,1298664
2026-06-10,NESTLEIND,1431.419189453125,1438.300048828125,1454.9000244140625,1409.300048828125,1414.800048828125,2288648
2026-06-11,NESTLEIND,1415.6947021484375,1422.5,1445.0,1419.9000244140625,1437.800048828125,1538190
2026-06-12,NESTLEIND,1369.1185302734375,1375.699951171875,1434.9000244140625,1370.5999755859375,1431.0999755859375,2380729
2026-06-15,NESTLEIND,1368.123291015625,1374.699951171875,1411.9000244140625,1371.5,1410.0,1885900
2026-06-16,NESTLEIND,1385.0419921875,1391.699951171875,1409.800048828125,1375.4000244140625,1375.4000244140625,1899090
2026-06-17,NESTLEIND,1400.5675048828125,1407.300048828125,1415.5,1387.0999755859375,1392.0,1876655
2026-06-18,NESTLEIND,1393.700439453125,1400.4000244140625,1413.9000244140625,1394.199951171875,1407.300048828125,1065482
2026-06-19,NESTLEIND,1408.0316162109375,1414.800048828125,1420.0,1394.0,1394.0,1832928
2026-06-22,NESTLEIND,1395.1932373046875,1401.9000244140625,1430.699951171875,1398.199951171875,1422.800048828125,1481212
2026-06-23,NESTLEIND,1385.53955078125,1392.199951171875,1411.9000244140625,1390.300048828125,1401.9000244140625,1646370
2026-06-24,NESTLEIND,1375.985595703125,1382.5999755859375,1398.800048828125,1380.5999755859375,1394.0,1469059
2026-06-25,NESTLEIND,1395.889892578125,1402.5999755859375,1410.0,1383.4000244140625,1392.0,1968226
2026-06-26,NESTLEIND,1395.889892578125,1402.5999755859375,1402.5999755859375,1402.5999755859375,1402.5999755859375,0
2026-06-29,NESTLEIND,1380.6630859375,1387.300048828125,1428.5,1381.5,1424.0,3412530
2026-06-30,NESTLEIND,1398.4774169921875,1405.199951171875,1421.699951171875,1387.300048828125,1387.300048828125,3178483
2026-07-01,NESTLEIND,1446.844970703125,1453.800048828125,1459.9000244140625,1407.9000244140625,1414.800048828125,2672318
2026-07-02,NESTLEIND,1439.28125,1446.199951171875,1462.300048828125,1444.5,1459.0,1434136
2026-07-03,NESTLEIND,1452.8162841796875,1459.800048828125,1463.699951171875,1442.800048828125,1448.0,1863379
2026-07-06,NESTLEIND,1466.649658203125,1473.699951171875,1479.9000244140625,1450.0999755859375,1457.0999755859375,1178983
2026-07-07,NESTLEIND,1464.7589111328125,1471.800048828125,1482.9000244140625,1462.699951171875,1465.199951171875,1811724
2026-07-08,NESTLEIND,1443.560791015625,1450.5,1479.9000244140625,1441.699951171875,1460.0,1855873
2026-07-09,NESTLEIND,1456.199951171875,1463.199951171875,1481.0,1452.0,1452.0,1346613
2026-07-10,NESTLEIND,1455.199951171875,1455.199951171875,1471.300048828125,1448.300048828125,1467.0,1563905
2026-07-13,NESTLEIND,1427.0,1427.0,1452.300048828125,1420.0999755859375,1452.300048828125,2167829
2026-07-14,NESTLEIND,1427.0999755859375,1427.0999755859375,1448.699951171875,1418.5,1418.5,1841895
2026-07-15,NESTLEIND,1424.4000244140625,1424.4000244140625,1442.0,1419.5999755859375,1431.800048828125,1328750
2026-07-16,NESTLEIND,1423.5,1423.5,1436.300048828125,1417.800048828125,1427.9000244140625,1179052
2026-07-17,NESTLEIND,1427.199951171875,1427.199951171875,1429.199951171875,1405.0999755859375,1416.0,1433884
2026-07-20,NESTLEIND,1446.300048828125,1446.300048828125,1456.0,1420.5999755859375,1436.0,1689777
2026-07-21,NESTLEIND,1451.9000244140625,1451.9000244140625,1464.4000244140625,1447.0,1451.5,1657756
2026-07-22,NESTLEIND,1493.5999755859375,1493.5999755859375,1510.0,1454.0,1460.300048828125,6542494
2026-07-23,NESTLEIND,1447.9000244140625,1447.9000244140625,1503.5,1441.300048828125,1500.0999755859375,2496998
2026-07-24,NESTLEIND,1443.5,1443.5,1467.800048828125,1431.0,1439.800048828125,3041475
2026-07-27,NESTLEIND,1446.0999755859375,1446.0999755859375,1461.5,1435.300048828125,1451.0,2030304
2026-07-28,NESTLEIND,1491.800048828125,1491.800048828125,1507.199951171875,1448.5,1454.5999755859375,5464860
2026-07-29,NESTLEIND,1503.300048828125,1503.300048828125,1515.800048828125,1487.5999755859375,1499.0,3055336
2026-07-30,NESTLEIND,1520.699951171875,1520.699951171875,1532.5999755859375,1497.0,1503.300048828125,3698063
2026-07-31,NESTLEIND,1509.5999755859375,1509.5999755859375,1529.0,1497.5,1529.0,2501825
2026-08-03,NESTLEIND,1530.0,1530.0,1530.0,1505.4000244140625,1509.5,1232625
2026-08-04,NESTLEIND,1520.0,1520.0,1535.9000244140625,1448.300048828125,1523.0,4023569
2026-08-05,NESTLEIND,1520.0,1520.0,1524.5999755859375,1488.0999755859375,1510.0,2747079
2026-08-06,NESTLEIND,1535.0,1535.0,1535.0,1518.199951171875,1531.9000244140625,1666312
2026-08-07,NESTLEIND,1540.0,1540.0,1553.0,1520.0,1523.0,1520661
2026-08-10,NESTLEIND,1528.5999755859375,1528.5999755859375,1547.5,1520.0,1534.0999755859375,1455200
2026-08-11,NESTLEIND,1493.199951171875,1493.199951171875,1541.0,1491.300048828125,1531.4000244140625,1955836
2026-08-12,NESTLEIND,1507.0,1507.0,1515.699951171875,1495.300048828125,1503.0,1990581
2026-08-13,NESTLEIND,1506.9000244140625,1506.9000244140625,1520.9000244140625,1494.800048828125,1513.199951171875,1892413
2026-08-14,NESTLEIND,1499.0999755859375,1499.0999755859375,1515.800048828125,1496.0999755859375,1506.9000244140625,1500577
2026-08-17,NESTLEIND,1470.0,1470.0,1503.699951171875,1468.5,1500.0,1721057
2026-08-18,NESTLEIND,1462.5,1462.5,1479.800048828125,1453.0,1478.0,1815216
2026-08-19,NESTLEIND,1465.0,1465.0,1481.300048828125,1457.0999755859375,1462.4000244140625,1837329
2026-08-20,NESTLEIND,1458.0,1458.0,1482.0,1454.5999755859375,1482.0,1910719
2026-08-21,NESTLEIND,1477.0999755859375,1477.0999755859375,1485.4000244140625,1449.0,1465.0,2679922
2026-08-24,NESTLEIND,1471.300048828125,1471.300048828125,1483.4000244140625,1457.0999755859375,1478.699951171875,1465156
2026-08-25,NESTLEIND,1479.0,1479.0,1479.0,1458.800048828125,1471.300048828125,1633713
