Date,Symbol,Adj Close,Close,High,Low,Open,Volume
2010-01-04,ONGC,96.04944610595703,197.90834045410156,198.8333282470703,196.0,196.1666717529297,1905762
2010-01-05,ONGC,97.73188018798828,201.375,202.5,198.19166564941406,198.68333435058594,4657392
2010-01-06,ONGC,98.96540069580078,203.9166717529297,204.5,201.1999969482422,202.01666259765625,4203690
2010-01-07,ONGC,99.0705337524414,204.13333129882812,205.81666564941406,201.6666717529297,203.5,6394536
2010-01-08,ONGC,98.3344955444336,202.61666870117188,206.43333435058594,201.6666717529297,204.1666717529297,5678652
2010-01-11,ONGC,98.3991928100586,202.75,205.48333740234375,202.1666717529297,205.05833435058594,5078046
2010-01-12,ONGC,96.3325424194336,198.49166870117188,202.85000610351562,197.8333282470703,200.9166717529297,3932952
2010-01-13,ONGC,96.68437957763672,199.21665954589844,201.0749969482422,196.6666717529297,198.1666717529297,3194178
2010-01-14,ONGC,99.63273620605469,205.2916717529297,207.7916717529297,199.5,200.3249969482422,8584284
2010-01-15,ONGC,97.85724639892578,201.63333129882812,206.23333740234375,200.36666870117188,205.2916717529297,8546700
2010-01-18,ONGC,98.07967376708984,202.09165954589844,203.8333282470703,200.19166564941406,201.4499969482422,3182250
2010-01-19,ONGC,96.80571746826172,199.46665954589844,202.81666564941406,198.0,202.0,5830440
2010-01-20,ONGC,93.92208099365234,193.52499389648438,202.46665954589844,193.0,200.31666564941406,8113314
2010-01-21,ONGC,92.20729064941406,189.99166870117188,196.10000610351562,188.51666259765625,194.1666717529297,5594190
2010-01-22,ONGC,90.14871978759766,185.75,188.23333740234375,183.3333282470703,188.23333740234375,10479762
2010-01-25,ONGC,90.67850494384766,186.84165954589844,187.8000030517578,183.4166717529297,186.85000610351562,3368646
2010-01-27,ONGC,89.69573974609375,184.81666564941406,186.3000030517578,183.8000030517578,185.73333740234375,3637746
2010-01-28,ONGC,89.16592407226562,183.72500610351562,188.93333435058594,179.1666717529297,186.5,9457560
2010-01-29,ONGC,88.68466186523438,182.73333740234375,186.6666717529297,181.6666717529297,183.51666259765625,4827714
2010-02-01,ONGC,89.10121154785156,183.59165954589844,184.7916717529297,181.0,181.0,2698374
2010-02-02,ONGC,89.38833618164062,184.18333435058594,186.64999389648438,182.0,185.0,4362108
2010-02-03,ONGC,91.7098159790039,188.96665954589844,190.18333435058594,184.5,185.0833282470703,3031386
2010-02-04,ONGC,92.17896270751953,189.93333435058594,192.5,187.5500030517578,189.99166870117188,12828696
2010-02-05,ONGC,87.97686004638672,181.27499389648438,187.8333282470703,180.18333435058594,186.1999969482422,6177252
2010-02-08,ONGC,90.4439468383789,186.35833740234375,187.43333435058594,179.01666259765625,180.81666564941406,4135308
2010-02-09,ONGC,89.48139953613281,184.375,188.14166259765625,183.60000610351562,186.35833740234375,2701572
2010-02-10,ONGC,87.92430877685547,181.1666717529297,186.5,180.7916717529297,185.1666717529297,5141856
2010-02-11,ONGC,88.99606323242188,183.375,189.5,181.8333282470703,189.5,3333348
2010-02-15,ONGC,88.02945709228516,181.38333129882812,184.27499389648438,179.69166564941406,183.5,2329152
2010-02-16,ONGC,89.2184829711914,183.8333282470703,185.0,180.35000610351562,183.3000030517578,2439060
2010-02-17,ONGC,88.95157623291016,183.28334045410156,186.5,182.52499389648438,185.6666717529297,3398442
2010-02-18,ONGC,89.25896453857422,183.9166717529297,184.8333282470703,177.5,177.5,3234786
2010-02-19,ONGC,89.7685317993164,184.96665954589844,185.8333282470703,181.2916717529297,182.49166870117188,3820998
2010-02-22,ONGC,89.58251190185547,184.5833282470703,186.6666717529297,183.64166259765625,185.0,3981498
2010-02-23,ONGC,89.09717559814453,183.5833282470703,184.5,182.0,183.8333282470703,3667074
2010-02-24,ONGC,89.07696533203125,183.5416717529297,184.64166259765625,181.00833129882812,184.15834045410156,2067654
2010-02-25,ONGC,89.7725830078125,184.97500610351562,185.9166717529297,181.6750030517578,183.5416717529297,2657376
2010-02-26,ONGC,90.39944458007812,186.26666259765625,188.93333435058594,182.5,185.8249969482422,5019594
2010-03-02,ONGC,89.70787048339844,184.84165954589844,189.76666259765625,183.76666259765625,186.68333435058594,5567304
2010-03-03,ONGC,89.04458618164062,183.47500610351562,186.0416717529297,181.43333435058594,185.5,5705274
2010-03-04,ONGC,88.5754623413086,182.50833129882812,184.8333282470703,181.6666717529297,182.0,6390648
2010-03-05,ONGC,88.53096008300781,182.4166717529297,185.0,181.8333282470703,185.0,8786622
2010-03-08,ONGC,89.01629638671875,183.4166717529297,184.5749969482422,183.09165954589844,184.1666717529297,6550692
2010-03-09,ONGC,88.66844177246094,182.6999969482422,184.1666717529297,181.8333282470703,183.75,3563196
2010-03-10,ONGC,88.0496826171875,181.4250030517578,183.14166259765625,180.5,181.8333282470703,7231278
2010-03-11,ONGC,87.66144561767578,180.625,182.1666717529297,179.46665954589844,182.1666717529297,4789890
2010-03-12,ONGC,87.73828887939453,180.78334045410156,182.03334045410156,180.18333435058594,180.875,6732840
2010-03-15,ONGC,86.53306579589844,178.3000030517578,181.2083282470703,177.59165954589844,180.78334045410156,2579190
2010-03-16,ONGC,86.6382064819336,178.51666259765625,181.14999389648438,177.89166259765625,179.5,5840634
2010-03-17,ONGC,86.83230590820312,178.9166717529297,180.64999389648438,178.3333282470703,179.8333282470703,4512120
2010-03-18,ONGC,85.27120971679688,175.6999969482422,179.5749969482422,175.0,179.5749969482422,7020342
2010-03-19,ONGC,85.48555755615234,176.14166259765625,177.1666717529297,174.19166564941406,176.3333282470703,4986024
2010-03-22,ONGC,85.67156219482422,176.52499389648438,178.1999969482422,174.43333435058594,175.6666717529297,4146252
2010-03-23,ONGC,86.4885482788086,178.2083282470703,179.00833129882812,176.38333129882812,177.0416717529297,5168454
2010-03-25,ONGC,85.46939849853516,176.10833740234375,178.3333282470703,175.09165954589844,178.1666717529297,6617802
2010-03-26,ONGC,87.35000610351562,179.98333740234375,180.6666717529297,176.6666717529297,176.6666717529297,7182120
2010-03-29,ONGC,88.4136734008789,182.1750030517578,183.14999389648438,179.34165954589844,180.68333435058594,2926800
2010-03-30,ONGC,88.75745391845703,182.88333129882812,185.35000610351562,182.0,182.75,3564894
2010-03-31,ONGC,88.87066650390625,183.11666870117188,185.1666717529297,181.36666870117188,183.01666259765625,6004680
2010-04-01,ONGC,87.71805572509766,180.74166870117188,184.5,179.9583282470703,183.5,3007356
2010-04-05,ONGC,88.72915649414062,182.8249969482422,185.0,180.5833282470703,182.1666717529297,2521854
2010-04-06,ONGC,87.75041961669922,180.80833435058594,182.8333282470703,179.6666717529297,182.8333282470703,3079734
2010-04-07,ONGC,87.5926742553711,180.48333740234375,182.6666717529297,179.68333435058594,182.3249969482422,2997648
2010-04-08,ONGC,85.86978912353516,176.93333435058594,181.11666870117188,176.18333435058594,181.11666870117188,5050782
2010-04-09,ONGC,86.04774475097656,177.3000030517578,178.75,176.75,176.8333282470703,2996088
2010-04-12,ONGC,85.16606140136719,175.48333740234375,179.14166259765625,174.1666717529297,179.0833282470703,2432766
2010-04-13,ONGC,84.15095520019531,173.39166259765625,176.6666717529297,172.9499969482422,175.0416717529297,4208106
2010-04-15,ONGC,84.09428405761719,173.27499389648438,176.5,172.9166717529297,174.21665954589844,4682466
2010-04-16,ONGC,83.42698669433594,171.89999389648438,173.64999389648438,171.43333435058594,173.5,2813412
2010-04-19,ONGC,81.19449615478516,167.3000030517578,171.5,166.51666259765625,170.8333282470703,6449718
2010-04-20,ONGC,81.08935546875,167.0833282470703,170.0,166.77499389648438,169.0,5451660
2010-04-21,ONGC,81.67173767089844,168.28334045410156,168.96665954589844,166.65834045410156,167.51666259765625,4207668
2010-04-22,ONGC,82.10850524902344,169.18333435058594,171.36666870117188,166.0,167.6666717529297,6750660
2010-04-23,ONGC,82.33501434326172,169.64999389648438,170.78334045410156,168.0,169.0,4125792
2010-04-26,ONGC,82.32286834716797,169.625,171.4583282470703,167.0,167.51666259765625,2957922
2010-04-27,ONGC,84.51895141601562,174.14999389648438,174.8333282470703,169.3333282470703,171.14999389648438,4901772
2010-04-28,ONGC,84.13068389892578,173.35000610351562,174.6666717529297,171.01666259765625,173.3333282470703,3393618
2010-04-29,ONGC,84.67668914794922,174.47500610351562,175.30833435058594,172.1999969482422,173.6666717529297,4176486
2010-04-30,ONGC,85.31974792480469,175.8000030517578,176.86666870117188,172.3333282470703,175.0,12740574
2010-05-03,ONGC,84.73735046386719,174.60000610351562,176.4499969482422,173.9583282470703,175.0,3243480
2010-05-04,ONGC,84.42996978759766,173.96665954589844,176.25,173.26666259765625,174.7083282470703,2261568
2010-05-05,ONGC,83.398681640625,171.84165954589844,173.94166564941406,169.8333282470703,172.51666259765625,2686314
2010-05-06,ONGC,84.3531494140625,173.80833435058594,174.9166717529297,170.18333435058594,171.6666717529297,4716900
2010-05-07,ONGC,84.50279235839844,174.11666870117188,176.93333435058594,170.85833740234375,170.85833740234375,6830808
2010-05-10,ONGC,85.0042495727539,175.14999389648438,175.76666259765625,172.6666717529297,175.6666717529297,3745860
2010-05-11,ONGC,83.30970764160156,171.65834045410156,174.93333435058594,170.13333129882812,174.93333435058594,6134346
2010-05-12,ONGC,83.14793395996094,171.3249969482422,172.64999389648438,170.46665954589844,172.46665954589844,4782966
2010-05-13,ONGC,84.599853515625,174.31666564941406,175.25833129882812,171.3333282470703,171.7083282470703,7500012
2010-05-14,ONGC,84.49063873291016,174.09165954589844,175.9166717529297,173.3333282470703,174.31666564941406,5117970
2010-05-17,ONGC,83.07111358642578,171.1666717529297,173.1666717529297,170.0,171.71665954589844,3254052
2010-05-18,ONGC,85.04069519042969,175.22500610351562,176.14999389648438,170.01666259765625,172.81666564941406,2941518
2010-05-19,ONGC,82.91741180419922,170.85000610351562,176.1666717529297,168.6666717529297,176.1666717529297,9495072
2010-05-20,ONGC,90.484375,186.44166564941406,190.3333282470703,177.4499969482422,177.4499969482422,31212816
2010-05-21,ONGC,88.55118560791016,182.4583282470703,187.8333282470703,172.3333282470703,172.3333282470703,14380698
2010-05-24,ONGC,87.5198745727539,180.3333282470703,188.3333282470703,179.2083282470703,184.1666717529297,4973868
2010-05-25,ONGC,87.38236999511719,180.0500030517578,181.39999389648438,176.6666717529297,180.3333282470703,8610924
2010-05-26,ONGC,86.54922485351562,178.3333282470703,185.0,176.6666717529297,182.5,22784382
2010-05-27,ONGC,90.85243225097656,187.1999969482422,190.0,178.1666717529297,178.1666717529297,15848724
2010-05-28,ONGC,91.56828308105469,188.6750030517578,190.8249969482422,186.8333282470703,189.0,6260430
2010-05-31,ONGC,94.4518814086914,194.61666870117188,196.27499389648438,189.10000610351562,190.0,10406520
2010-06-01,ONGC,92.66831970214844,190.94166564941406,196.88333129882812,190.0,195.0,3918936
2010-06-02,ONGC,95.63690948486328,197.05833435058594,198.06666564941406,191.22500610351562,191.3333282470703,13053228
2010-06-03,ONGC,97.95834350585938,201.84165954589844,202.5,198.0,198.0,7253076
2010-06-04,ONGC,96.23143768310547,198.28334045410156,205.0,197.5,203.6666717529297,15500760
2010-06-07,ONGC,95.38211822509766,196.53334045410156,201.3000030517578,194.43333435058594,196.6666717529297,8072346
2010-06-08,ONGC,94.17684936523438,194.0500030517578,195.8000030517578,192.6666717529297,194.6666717529297,6225390
2010-06-09,ONGC,96.2799301147461,198.38333129882812,201.3333282470703,194.71665954589844,195.6666717529297,9912222
2010-06-10,ONGC,96.15050506591797,198.11666870117188,200.76666259765625,196.44166564941406,200.0,4463202
2010-06-11,ONGC,95.44681549072266,196.6666717529297,200.6666717529297,195.5500030517578,200.0,10551030
2010-06-14,ONGC,96.83000183105469,199.51666259765625,200.8333282470703,195.6999969482422,200.8333282470703,4780392
2010-06-15,ONGC,94.34675598144531,194.39999389648438,200.6666717529297,193.39999389648438,199.76666259765625,7128750
2010-06-16,ONGC,94.19303894042969,194.0833282470703,196.5,192.1666717529297,194.6666717529297,6838254
2010-06-17,ONGC,95.9361801147461,197.6750030517578,198.31666564941406,193.5,193.8333282470703,3829254
2010-06-18,ONGC,96.49837493896484,198.8333282470703,199.34165954589844,190.47500610351562,190.47500610351562,4833090
2010-06-21,ONGC,97.40831756591797,200.7083282470703,202.26666259765625,198.3333282470703,200.0,6540288
2010-06-22,ONGC,96.83000183105469,199.51666259765625,201.8333282470703,198.03334045410156,200.0,5033898
2010-06-23,ONGC,96.603515625,199.0500030517578,200.94166564941406,198.28334045410156,198.31666564941406,3253842
2010-06-24,ONGC,96.20314025878906,198.22500610351562,201.74166870117188,195.9250030517578,200.1666717529297,7286670
2010-06-25,ONGC,102.19280242919922,210.56666564941406,215.1666717529297,197.71665954589844,198.6666717529297,23538084
2010-06-28,ONGC,105.54557037353516,217.47500610351562,221.89999389648438,210.3333282470703,210.3333282470703,23743500
2010-06-29,ONGC,105.63861083984375,217.6666717529297,219.1666717529297,213.3333282470703,216.6666717529297,11901846
2010-06-30,ONGC,106.83572387695312,220.13333129882812,221.1750030517578,214.99166870117188,214.99166870117188,13854462
2010-07-01,ONGC,105.33930206298828,217.0500030517578,224.48333740234375,216.10833740234375,220.13333129882812,13328382
2010-07-02,ONGC,105.6628646850586,217.71665954589844,220.89999389648438,216.75,216.75,5945952
2010-07-05,ONGC,103.9722900390625,214.23333740234375,218.31666564941406,213.71665954589844,216.21665954589844,3951624
2010-07-06,ONGC,104.62344360351562,215.5749969482422,216.5,213.0,213.0,4904106
2010-07-07,ONGC,102.3828353881836,210.9583282470703,216.44166564941406,210.8333282470703,216.44166564941406,5186916
2010-07-08,ONGC,103.99658966064453,214.28334045410156,216.31666564941406,212.23333740234375,213.0,5412180
2010-07-09,ONGC,104.65988159179688,215.64999389648438,217.3333282470703,213.56666564941406,214.28334045410156,6772956
2010-07-12,ONGC,103.38992309570312,213.03334045410156,217.3333282470703,212.46665954589844,217.3333282470703,6248862
2010-07-13,ONGC,103.30498504638672,212.85833740234375,215.1666717529297,211.7916717529297,214.05833435058594,5065212
2010-07-14,ONGC,101.79645538330078,209.75,214.72500610351562,209.1666717529297,214.13333129882812,8188926
2010-07-15,ONGC,100.0533447265625,206.15834045410156,211.80833435058594,205.34165954589844,210.5,8100378
2010-07-16,ONGC,101.81265258789062,209.78334045410156,210.3333282470703,203.38333129882812,203.875,8592060
2010-07-19,ONGC,101.84497833251953,209.85000610351562,210.81666564941406,207.68333435058594,209.14999389648438,3253020
2010-07-20,ONGC,101.84899139404297,209.85833740234375,211.56666564941406,208.76666259765625,209.85000610351562,4290432
2010-07-21,ONGC,102.89651489257812,212.01666259765625,212.64166259765625,209.02499389648438,210.8333282470703,4300062
2010-07-22,ONGC,103.3575439453125,212.96665954589844,213.61666870117188,209.64166259765625,212.01666259765625,3270120
2010-07-23,ONGC,101.91375732421875,209.99166870117188,213.8000030517578,209.25,213.00833129882812,3512862
2010-07-26,ONGC,101.53359985351562,209.2083282470703,211.0,208.13333129882812,210.8333282470703,3239190
2010-07-27,ONGC,102.15232849121094,210.48333740234375,212.06666564941406,209.75833129882812,210.01666259765625,2750628
2010-07-28,ONGC,101.88138580322266,209.9250030517578,213.28334045410156,209.1666717529297,210.0,5236176
2010-07-29,ONGC,100.829833984375,207.75833129882812,211.01666259765625,203.3333282470703,207.56666564941406,15344016
2010-07-30,ONGC,100.35665893554688,206.78334045410156,208.26666259765625,203.44166564941406,206.6666717529297,7286052
2010-08-02,ONGC,103.36160278320312,212.97500610351562,214.0,206.6666717529297,206.6666717529297,4191714
2010-08-03,ONGC,102.86009216308594,211.94166564941406,215.0,211.05833435058594,215.0,5408688
2010-08-04,ONGC,102.16447448730469,210.50833129882812,213.0,209.63333129882812,212.5,4071342
2010-08-05,ONGC,100.4901123046875,207.05833435058594,211.56666564941406,204.64166259765625,204.64166259765625,5340498
2010-08-06,ONGC,99.55992126464844,205.14166259765625,207.8000030517578,201.3333282470703,204.06666564941406,5066004
2010-08-09,ONGC,99.70954132080078,205.4499969482422,210.8249969482422,203.9250030517578,206.6666717529297,5460756
2010-08-10,ONGC,99.91584777832031,205.875,206.96665954589844,203.75,206.60000610351562,4457454
2010-08-11,ONGC,100.08971405029297,206.23333740234375,208.18333435058594,204.6666717529297,206.6666717529297,6289722
2010-08-12,ONGC,102.43946838378906,211.0749969482422,212.4250030517578,204.8333282470703,205.8333282470703,7668096
2010-08-13,ONGC,103.33734130859375,212.9250030517578,214.6666717529297,211.1666717529297,211.1666717529297,5054388
2010-08-16,ONGC,102.76305389404297,211.74166870117188,213.76666259765625,210.1750030517578,212.5,2064042
2010-08-17,ONGC,101.84093475341797,209.84165954589844,212.5749969482422,207.80833435058594,210.3333282470703,2001426
2010-08-18,ONGC,103.86714172363281,214.01666259765625,217.18333435058594,207.60833740234375,210.09165954589844,8320986
2010-08-19,ONGC,102.45972442626953,211.11666870117188,215.9583282470703,210.3333282470703,214.6666717529297,2795226
2010-08-20,ONGC,101.84093475341797,209.84165954589844,213.3333282470703,208.59165954589844,210.5,2250120
2010-08-23,ONGC,103.79032897949219,213.85833740234375,216.1666717529297,208.6666717529297,209.0500030517578,4469316
2010-08-24,ONGC,102.93692779541016,212.10000610351562,215.28334045410156,210.8333282470703,214.3333282470703,5260752
2010-08-25,ONGC,103.2604751586914,212.76666259765625,214.8333282470703,210.89166259765625,212.5,4110342
2010-08-26,ONGC,104.3322525024414,214.97500610351562,216.39999389648438,212.55833435058594,213.0,7195542
2010-08-27,ONGC,106.62538146972656,219.6999969482422,222.31666564941406,213.6666717529297,215.9166717529297,9813786
2010-08-30,ONGC,108.72444152832031,224.02499389648438,226.64999389648438,220.85000610351562,221.8333282470703,11828838
2010-08-31,ONGC,108.19461822509766,222.93333435058594,225.0,221.5,223.3333282470703,6250044
2010-09-01,ONGC,108.30379486083984,223.15834045410156,225.78334045410156,222.0500030517578,224.93333435058594,4029264
2010-09-02,ONGC,106.88424682617188,220.23333740234375,226.46665954589844,220.0,224.1666717529297,5363232
2010-09-03,ONGC,108.307861328125,223.1666717529297,223.9499969482422,220.6666717529297,222.1666717529297,4640760
2010-09-06,ONGC,109.25422668457031,225.11666870117188,228.6666717529297,220.0,222.0,6508818
2010-09-07,ONGC,109.49282836914062,225.60833740234375,227.4583282470703,223.8333282470703,226.23333740234375,7104702
2010-09-08,ONGC,109.6424789428711,225.9166717529297,227.46665954589844,223.34165954589844,224.21665954589844,6399516
2010-09-09,ONGC,110.90618133544922,225.99166870117188,226.5,222.0833282470703,224.1666717529297,4766208
2010-09-13,ONGC,113.06551361083984,230.39166259765625,231.5,227.72500610351562,230.0,6572406
2010-09-14,ONGC,114.20645904541016,232.71665954589844,235.61666870117188,227.74166870117188,230.8333282470703,8323002
2010-09-15,ONGC,115.07755279541016,234.49166870117188,242.23333740234375,232.5833282470703,233.3333282470703,15575154
2010-09-16,ONGC,114.48870849609375,233.2916717529297,238.6666717529297,232.3333282470703,235.0,5001774
2010-09-17,ONGC,114.2841796875,232.875,237.0833282470703,231.5,235.0,7716156
2010-09-20,ONGC,114.8526382446289,234.03334045410156,236.81666564941406,233.35000610351562,234.1666717529297,6851880
2010-09-21,ONGC,114.82404327392578,233.97500610351562,236.0,232.89166259765625,234.3333282470703,5398812
2010-09-22,ONGC,114.72591400146484,233.77499389648438,236.46665954589844,232.5,235.0,5038278
2010-09-23,ONGC,116.5293960571289,237.4499969482422,238.9166717529297,234.1666717529297,235.0,9012420
2010-09-24,ONGC,117.54364013671875,239.51666259765625,241.28334045410156,235.6999969482422,238.6666717529297,6950910
2010-09-27,ONGC,119.2448959350586,242.98333740234375,244.51666259765625,239.9166717529297,240.8333282470703,6416928
2010-09-28,ONGC,119.25715637207031,243.00833129882812,245.43333435058594,240.52499389648438,240.52499389648438,6123840
2010-09-29,ONGC,116.25540924072266,236.89166259765625,244.5,236.0,244.5,4641462
2010-09-30,ONGC,114.84449768066406,234.01666259765625,237.81666564941406,230.39166259765625,237.50833129882812,10107282
2010-10-01,ONGC,114.91809844970703,234.1666717529297,237.63333129882812,233.03334045410156,234.39166259765625,10126602
2010-10-04,ONGC,114.04698181152344,232.39166259765625,240.73333740234375,231.6666717529297,234.8333282470703,7828398
2010-10-05,ONGC,113.74031066894531,231.76666259765625,234.61666870117188,225.6666717529297,225.6666717529297,4812792
2010-10-06,ONGC,113.30271911621094,230.875,234.77499389648438,230.375,234.77499389648438,6158262
2010-10-07,ONGC,113.22499084472656,230.71665954589844,233.39166259765625,228.8333282470703,230.875,6203238
2010-10-08,ONGC,111.43785095214844,227.0749969482422,232.5,225.7916717529297,231.6666717529297,4711794
2010-10-11,ONGC,111.33561706542969,226.86666870117188,230.75,225.5833282470703,230.74166870117188,4175916
2010-10-12,ONGC,111.22928619384766,226.64999389648438,228.60000610351562,224.34165954589844,228.56666564941406,4837332
2010-10-13,ONGC,112.88145446777344,230.01666259765625,231.64999389648438,226.72500610351562,227.8333282470703,7617498
2010-10-14,ONGC,110.83258819580078,225.84165954589844,231.26666259765625,225.00833129882812,230.46665954589844,3243054
2010-10-15,ONGC,109.63021087646484,223.39166259765625,228.3333282470703,221.9250030517578,228.3333282470703,4364958
2010-10-18,ONGC,111.5932388305664,227.39166259765625,228.9499969482422,220.0833282470703,223.39166259765625,6438486
2010-10-19,ONGC,110.4686279296875,225.10000610351562,229.06666564941406,223.1666717529297,228.5,5381238
2010-10-20,ONGC,110.45630645751953,225.0749969482422,227.61666870117188,223.3333282470703,224.6666717529297,1889988
2010-10-21,ONGC,111.24565124511719,226.68333435058594,228.5,223.68333435058594,226.3249969482422,5013066
2010-10-22,ONGC,109.9165267944336,223.97500610351562,228.06666564941406,223.03334045410156,227.8249969482422,2689536
2010-10-25,ONGC,110.1618881225586,224.47500610351562,227.0,223.96665954589844,226.6666717529297,5148702
2010-10-26,ONGC,108.3093032836914,220.6999969482422,225.81666564941406,220.0,225.81666564941406,5765184
2010-10-27,ONGC,106.20722198486328,216.4166717529297,220.60833740234375,215.13333129882812,220.5,5111040
2010-10-28,ONGC,106.64482116699219,217.30833435058594,221.4166717529297,215.3333282470703,218.0,13989654
2010-10-29,ONGC,106.66119384765625,217.34165954589844,221.24166870117188,215.0,221.24166870117188,4452246
2010-11-01,ONGC,107.91256713867188,219.89166259765625,222.1666717529297,218.3333282470703,220.6666717529297,2571858
2010-11-02,ONGC,108.81640625,221.73333740234375,222.48333740234375,218.88333129882812,220.05833435058594,2180070
2010-11-03,ONGC,108.82049560546875,221.74166870117188,224.46665954589844,221.35000610351562,223.0,4693920
2010-11-04,ONGC,111.92449188232422,228.06666564941406,230.5,221.5,223.78334045410156,5213736
2010-11-08,ONGC,110.47269439697266,225.10833740234375,232.6666717529297,223.8333282470703,232.6666717529297,7205400
2010-11-09,ONGC,109.3930435180664,222.90834045410156,227.76666259765625,221.72500610351562,226.14999389648438,5196576
2010-11-10,ONGC,110.2600326538086,224.6750030517578,225.46665954589844,223.3333282470703,223.3333282470703,2055864
2010-11-11,ONGC,107.77764129638672,219.61666870117188,225.64999389648438,218.5,225.0,5053794
2010-11-12,ONGC,106.71436309814453,217.4499969482422,221.1666717529297,215.8249969482422,220.44166564941406,6405996
2010-11-15,ONGC,107.51181030273438,219.0749969482422,221.31666564941406,215.0833282470703,217.4499969482422,2820924
2010-11-16,ONGC,105.79008483886719,215.56666564941406,221.14999389648438,212.6666717529297,221.14999389648438,3510384
2010-11-18,ONGC,104.87813568115234,213.7083282470703,220.8000030517578,208.6666717529297,220.8000030517578,5800602
2010-11-19,ONGC,103.35271453857422,210.60000610351562,214.8333282470703,208.5500030517578,214.8333282470703,2874444
2010-11-22,ONGC,106.0640869140625,216.125,217.5,207.50833129882812,210.00833129882812,4750710
2010-11-23,ONGC,104.09290313720703,212.10833740234375,215.8333282470703,208.0833282470703,215.0,5386170
2010-11-24,ONGC,102.03172302246094,207.90834045410156,213.75,205.8333282470703,213.3333282470703,3377418
2010-11-25,ONGC,100.3427505493164,204.46665954589844,211.0,200.9250030517578,207.94166564941406,8742108
2010-11-26,ONGC,101.50004577636719,206.8249969482422,208.24166870117188,198.6666717529297,205.8333282470703,5960676
2010-11-29,ONGC,101.67183685302734,207.1750030517578,208.84165954589844,204.375,208.84165954589844,2647794
2010-11-30,ONGC,101.85585021972656,207.5500030517578,208.27499389648438,204.39166259765625,207.3333282470703,4231428
2010-12-01,ONGC,105.20526123046875,214.375,217.28334045410156,207.75,208.3333282470703,5444130
2010-12-02,ONGC,107.470947265625,218.99166870117188,225.77499389648438,217.5416717529297,222.6666717529297,11644164
2010-12-03,ONGC,107.93305969238281,219.93333435058594,222.14166259765625,218.3333282470703,220.0,7572450
2010-12-06,ONGC,108.00664520263672,220.0833282470703,222.6666717529297,219.6666717529297,222.46665954589844,3349338
2010-12-07,ONGC,109.4339370727539,222.99166870117188,224.3333282470703,220.8333282470703,221.6666717529297,8844924
2010-12-08,ONGC,110.03507995605469,224.21665954589844,227.30833435058594,223.3333282470703,224.1666717529297,11054448
2010-12-09,ONGC,108.09659576416016,220.26666259765625,225.97500610351562,215.76666259765625,225.28334045410156,7655118
2010-12-10,ONGC,108.12935638427734,220.3333282470703,221.5833282470703,219.22500610351562,221.5,5738214
2010-12-13,ONGC,108.6282958984375,221.35000610351562,222.35833740234375,219.6999969482422,221.5,5770620
2010-12-14,ONGC,108.9391098022461,221.98333740234375,223.59165954589844,221.03334045410156,222.64166259765625,3887496
2010-12-15,ONGC,108.27250671386719,220.625,223.97500610351562,218.25,223.64999389648438,4209096
2010-12-16,ONGC,108.77957153320312,221.65834045410156,223.0,217.3333282470703,222.3333282470703,11786376
2010-12-20,ONGC,109.32434844970703,217.40834045410156,220.6666717529297,216.0,219.98333740234375,8097570
2010-12-21,ONGC,109.03520965576172,216.8333282470703,218.31666564941406,216.0,217.98333740234375,3671034
2010-12-22,ONGC,109.38719177246094,217.53334045410156,219.6666717529297,217.10000610351562,218.0,3879690
2010-12-23,ONGC,108.97234344482422,216.7083282470703,218.6666717529297,215.35833740234375,218.64999389648438,3540876
2010-12-24,ONGC,108.51140594482422,215.7916717529297,216.6666717529297,213.6666717529297,213.6666717529297,2734644
2010-12-27,ONGC,108.91368103027344,216.59165954589844,217.5,215.84165954589844,216.31666564941406,2787534
2010-12-28,ONGC,108.10492706298828,214.98333740234375,216.64999389648438,214.4250030517578,216.64999389648438,2639922
2010-12-29,ONGC,109.232177734375,217.22500610351562,217.6666717529297,215.0416717529297,216.46665954589844,3858492
2010-12-30,ONGC,108.49878692626953,215.76666259765625,217.4499969482422,214.1666717529297,217.4499969482422,5010018
2010-12-31,ONGC,107.96244812011719,214.6999969482422,217.0833282470703,214.03334045410156,215.01666259765625,4598454
2011-01-03,ONGC,108.34795379638672,215.46665954589844,217.3333282470703,215.02499389648438,217.3333282470703,3086238
2011-01-04,ONGC,107.86608123779297,214.50833129882812,216.23333740234375,214.00833129882812,215.89166259765625,4576776
2011-01-05,ONGC,106.11447143554688,211.02499389648438,214.81666564941406,209.6666717529297,214.81666564941406,5421078
2011-01-06,ONGC,102.85850524902344,204.5500030517578,211.76666259765625,202.75,211.56666564941406,9529842
2011-01-07,ONGC,101.06079864501953,200.97500610351562,205.6666717529297,200.0,204.19166564941406,5663580
2011-01-10,ONGC,98.42083740234375,195.72500610351562,201.625,194.60000610351562,200.3333282470703,7110408
2011-01-11,ONGC,99.29661560058594,197.46665954589844,201.5833282470703,195.01666259765625,196.1666717529297,6439050
2011-01-12,ONGC,99.45164489746094,197.77499389648438,201.8333282470703,191.34165954589844,198.3333282470703,14537040
2011-01-13,ONGC,100.69622802734375,200.25,201.46665954589844,195.02499389648438,197.5,6794286
2011-01-14,ONGC,98.81472778320312,196.50833129882812,202.5,195.3333282470703,201.1666717529297,4032972
2011-01-17,ONGC,98.06464385986328,195.01666259765625,197.8333282470703,193.0416717529297,195.85000610351562,4277550
2011-01-18,ONGC,98.09397888183594,195.0749969482422,196.0,192.77499389648438,195.05833435058594,5204790
2011-01-19,ONGC,97.12177276611328,193.14166259765625,197.375,192.5,195.18333435058594,4172202
2011-01-20,ONGC,95.06428527832031,189.0500030517578,192.9166717529297,187.03334045410156,190.85000610351562,9200106
2011-01-21,ONGC,92.6547622680664,184.25833129882812,189.8333282470703,183.78334045410156,188.6666717529297,8752776
2011-01-24,ONGC,95.39533996582031,189.7083282470703,190.6666717529297,184.8333282470703,186.3333282470703,4333938
2011-01-25,ONGC,94.74161529541016,188.40834045410156,191.63333129882812,185.0,190.35000610351562,5506872
2011-01-27,ONGC,93.3462142944336,185.63333129882812,190.85000610351562,185.0,189.8333282470703,6659538
2011-01-28,ONGC,94.94695281982422,188.81666564941406,190.8249969482422,186.02499389648438,187.49166870117188,6497328
2011-01-31,ONGC,98.70996856689453,196.3000030517578,202.8000030517578,190.5,190.53334045410156,17166906
2011-02-01,ONGC,98.62197875976562,196.125,199.74166870117188,195.2916717529297,198.5,8898528
2011-02-02,ONGC,99.0284652709961,196.93333435058594,201.6666717529297,196.1666717529297,197.39999389648438,11149230
2011-02-03,ONGC,100.18497467041016,199.23333740234375,199.89166259765625,195.51666259765625,197.1666717529297,8452230
2011-02-04,ONGC,99.87493896484375,198.61666870117188,205.52499389648438,197.8333282470703,199.25833129882812,14437500
2011-02-07,ONGC,100.11376953125,199.09165954589844,203.0,198.3333282470703,200.0,12533964
2011-02-08,ONGC,94.55307006835938,188.03334045410156,200.6666717529297,185.53334045410156,200.0,6873978
2011-02-09,ONGC,91.95502471923828,182.86666870117188,191.60000610351562,181.3333282470703,189.03334045410156,4901862
2011-02-10,ONGC,91.72028350830078,182.39999389648438,188.60000610351562,181.3333282470703,182.6666717529297,5458606
2011-02-11,ONGC,92.87686920166016,184.6999969482422,186.0,176.6666717529297,181.39999389648438,4595268
2011-02-14,ONGC,93.68141174316406,186.3000030517578,189.23333740234375,184.23333740234375,187.43333435058594,4115782
2011-02-15,ONGC,94.72065734863281,188.36666870117188,190.60000610351562,183.3333282470703,186.39999389648438,3585198
2011-02-16,ONGC,93.74849700927734,186.43333435058594,189.3333282470703,185.39999389648438,187.36666870117188,3972225
2011-02-17,ONGC,93.14508056640625,185.23333740234375,187.8333282470703,184.1999969482422,187.8333282470703,2999698
2011-02-18,ONGC,89.97710418701172,178.93333435058594,186.26666259765625,178.03334045410156,185.56666564941406,5878117
2011-02-21,ONGC,92.54166412353516,184.03334045410156,184.93333435058594,176.03334045410156,179.60000610351562,6438177
2011-02-22,ONGC,91.16717529296875,181.3000030517578,184.6666717529297,178.36666870117188,184.6666717529297,6039484
2011-02-23,ONGC,91.03306579589844,181.03334045410156,183.3333282470703,180.06666564941406,181.76666259765625,4505488
2011-02-24,ONGC,88.82051086425781,176.63333129882812,180.63333129882812,174.1999969482422,179.5,12898323
2011-02-25,ONGC,87.8651351928711,174.73333740234375,179.13333129882812,173.39999389648438,177.96665954589844,3928434
2011-02-28,ONGC,90.63077545166016,180.23333740234375,183.3333282470703,175.3333282470703,175.8333282470703,10273339
2011-03-01,ONGC,91.85440826416016,182.6666717529297,183.6666717529297,179.46665954589844,182.0,4917810
2011-03-03,ONGC,90.46315002441406,179.89999389648438,183.73333740234375,178.13333129882812,182.3333282470703,4893675
2011-03-04,ONGC,90.12793731689453,179.23333740234375,180.73333740234375,178.0,179.3333282470703,4100439
2011-03-07,ONGC,88.45175170898438,175.89999389648438,177.93333435058594,174.6666717529297,177.3333282470703,3115482
2011-03-08,ONGC,91.26776123046875,181.5,181.96665954589844,175.6999969482422,175.6999969482422,5202175
2011-03-09,ONGC,90.94928741455078,180.86666870117188,183.3000030517578,177.53334045410156,182.0,6751722
2011-03-10,ONGC,92.54166412353516,184.03334045410156,185.60000610351562,178.06666564941406,180.6666717529297,4974466
2011-03-11,ONGC,94.45245361328125,187.8333282470703,190.26666259765625,182.8333282470703,184.0,8258842
2011-03-14,ONGC,94.10047912597656,187.13333129882812,190.6666717529297,186.43333435058594,188.76666259765625,4226475
2011-03-15,ONGC,90.89898681640625,180.76666259765625,186.86666870117188,180.06666564941406,184.39999389648438,5363734
2011-03-16,ONGC,91.11686706542969,181.1999969482422,184.53334045410156,180.3333282470703,182.53334045410156,4696912
2011-03-17,ONGC,91.3012466430664,181.56666564941406,183.93333435058594,179.0,179.89999389648438,2309043
2011-03-18,ONGC,90.5637435913086,180.10000610351562,183.93333435058594,178.73333740234375,183.76666259765625,2932278
2011-03-21,ONGC,90.49669647216797,179.96665954589844,182.26666259765625,178.13333129882812,182.0,1839324
2011-03-22,ONGC,91.01631164550781,181.0,182.23333740234375,178.1666717529297,180.73333740234375,2535307
2011-03-23,ONGC,91.40184020996094,181.76666259765625,182.60000610351562,179.60000610351562,180.96665954589844,2107996
2011-03-24,ONGC,91.50243377685547,181.96665954589844,182.76666259765625,181.3333282470703,182.5,3487645
2011-03-25,ONGC,92.4913330078125,183.93333435058594,185.10000610351562,181.3333282470703,184.56666564941406,6411241
2011-03-28,ONGC,93.59766387939453,186.13333129882812,187.6666717529297,182.6999969482422,183.6666717529297,7339996
2011-03-29,ONGC,95.15646362304688,189.23333740234375,190.39999389648438,186.3333282470703,186.63333129882812,5875006
2011-03-30,ONGC,94.67041778564453,188.26666259765625,193.3000030517578,187.03334045410156,190.0,5266102
2011-03-31,ONGC,97.6539306640625,194.1999969482422,196.13333129882812,188.56666564941406,188.56666564941406,9499864
2011-04-01,ONGC,98.24061584472656,195.36666870117188,197.10000610351562,193.3333282470703,195.0,4220574
2011-04-04,ONGC,99.86653900146484,198.60000610351562,199.3333282470703,194.1666717529297,196.0,3015000
2011-04-05,ONGC,99.39722442626953,197.6666717529297,202.3000030517578,195.46665954589844,199.8000030517578,4413615
2011-04-06,ONGC,99.93358612060547,198.73333740234375,202.0,197.1999969482422,197.3333282470703,8120823
2011-04-07,ONGC,97.75454711914062,194.39999389648438,200.6666717529297,193.53334045410156,199.93333435058594,7120737
2011-04-08,ONGC,96.36332702636719,191.63333129882812,195.3333282470703,190.23333740234375,194.96665954589844,4940473
2011-04-11,ONGC,94.8380126953125,188.60000610351562,192.6666717529297,186.06666564941406,192.60000610351562,4788319
2011-04-13,ONGC,96.88294219970703,192.6666717529297,193.6999969482422,185.6999969482422,186.36666870117188,5266890
2011-04-15,ONGC,95.8940200805664,190.6999969482422,192.6666717529297,187.8000030517578,192.36666870117188,4361028
2011-04-18,ONGC,96.3465576171875,191.60000610351562,195.10000610351562,190.8000030517578,192.39999389648438,4304644
2011-04-19,ONGC,97.06729888916016,193.03334045410156,194.3333282470703,188.8000030517578,190.6999969482422,3437049
2011-04-20,ONGC,98.9614028930664,196.8000030517578,198.03334045410156,193.73333740234375,193.73333740234375,4385253
2011-04-21,ONGC,101.97852325439453,202.8000030517578,203.8000030517578,197.3000030517578,197.3000030517578,5906080
2011-04-25,ONGC,101.7103271484375,202.26666259765625,205.8000030517578,201.39999389648438,203.93333435058594,3177348
2011-04-26,ONGC,101.8611831665039,202.56666564941406,203.5,198.10000610351562,202.6666717529297,3934587
2011-04-27,ONGC,104.3921890258789,207.60000610351562,207.96665954589844,203.3333282470703,204.0,7441954
2011-04-28,ONGC,106.52091979980469,211.8333282470703,212.86666870117188,208.10000610351562,210.0,13472038
2011-04-29,ONGC,103.18536376953125,205.1999969482422,217.10000610351562,203.06666564941406,211.60000610351562,9647058
2011-05-02,ONGC,101.7103271484375,202.26666259765625,207.93333435058594,201.10000610351562,206.0,5406627
2011-05-03,ONGC,98.54232788085938,195.96665954589844,204.3333282470703,195.0,201.96665954589844,4491453
2011-05-04,ONGC,103.80550384521484,206.43333435058594,208.6666717529297,194.6999969482422,196.93333435058594,9973849
2011-05-05,ONGC,103.9061050415039,206.63333129882812,210.53334045410156,204.73333740234375,207.3000030517578,9541876
2011-05-06,ONGC,102.33049774169922,203.5,209.96665954589844,202.46665954589844,208.0,8068266
2011-05-09,ONGC,101.97852325439453,202.8000030517578,205.23333740234375,198.8333282470703,204.6666717529297,6130362
2011-05-10,ONGC,102.01202392578125,202.86666870117188,208.1999969482422,202.46665954589844,203.60000610351562,5807154
2011-05-11,ONGC,100.67107391357422,200.1999969482422,204.26666259765625,198.8000030517578,201.3333282470703,4694638
2011-05-12,ONGC,101.22419738769531,201.3000030517578,203.23333740234375,198.43333435058594,199.6999969482422,3684310
2011-05-13,ONGC,102.12937927246094,203.10000610351562,207.0,202.23333740234375,202.23333740234375,4778640
2011-05-16,ONGC,99.54804992675781,197.96665954589844,205.60000610351562,197.10000610351562,204.53334045410156,11482777
2011-05-17,ONGC,92.99421691894531,184.93333435058594,198.46665954589844,183.6666717529297,198.0,22836247
2011-05-18,ONGC,91.85440826416016,182.6666717529297,188.1999969482422,181.8000030517578,186.46665954589844,9724798
2011-05-19,ONGC,93.09477996826172,185.13333129882812,185.86666870117188,181.43333435058594,184.6666717529297,4509184
2011-05-20,ONGC,91.83763885498047,182.63333129882812,189.5,178.3333282470703,186.6666717529297,15459457
2011-05-23,ONGC,89.6418685913086,178.26666259765625,183.8000030517578,176.10000610351562,183.8000030517578,8455621
2011-05-24,ONGC,89.0551986694336,177.10000610351562,179.56666564941406,175.36666870117188,179.13333129882812,6349114
2011-05-25,ONGC,87.96569061279297,174.93333435058594,177.53334045410156,174.26666259765625,177.53334045410156,3169969
2011-05-26,ONGC,92.00526428222656,182.96665954589844,184.23333740234375,174.86666870117188,176.1666717529297,13454910
2011-05-27,ONGC,94.85477447509766,188.63333129882812,189.93333435058594,183.10000610351562,183.10000610351562,7671549
2011-05-30,ONGC,93.04452514648438,185.03334045410156,190.89999389648438,183.46665954589844,189.96665954589844,4577292
2011-05-31,ONGC,94.21782684326172,187.36666870117188,188.8000030517578,180.3000030517578,182.6666717529297,8772271
2011-06-01,ONGC,94.40219116210938,187.73333740234375,189.53334045410156,185.46665954589844,188.6666717529297,2953699
2011-06-02,ONGC,94.23457336425781,187.39999389648438,190.39999389648438,185.56666564941406,186.3333282470703,4074744
2011-06-03,ONGC,93.86583709716797,186.6666717529297,189.26666259765625,185.73333740234375,187.5,2435163
2011-06-06,ONGC,92.47460174560547,183.89999389648438,186.5,183.53334045410156,185.39999389648438,2154445
2011-06-07,ONGC,92.64222717285156,184.23333740234375,185.0,182.0,183.3333282470703,4568362
2011-06-08,ONGC,90.53022766113281,180.03334045410156,183.10000610351562,179.3333282470703,182.6666717529297,8586996
2011-06-09,ONGC,88.9043197631836,176.8000030517578,180.63333129882812,176.39999389648438,180.0,6987826
2011-06-10,ONGC,89.45748138427734,177.89999389648438,178.46665954589844,176.06666564941406,177.23333740234375,4565845
2011-06-13,ONGC,90.16149139404297,179.3000030517578,180.3000030517578,176.13333129882812,177.3333282470703,4547260
2011-06-14,ONGC,90.51346588134766,180.0,182.6666717529297,179.60000610351562,180.0,4987099
2011-06-15,ONGC,89.96031188964844,178.89999389648438,180.8000030517578,177.13333129882812,180.63333129882812,3563634
2011-06-16,ONGC,90.21176147460938,179.39999389648438,180.56666564941406,177.39999389648438,178.6666717529297,2627772
2011-06-17,ONGC,89.10547637939453,177.1999969482422,178.5,175.3333282470703,178.0,2922289
2011-06-20,ONGC,85.88721466064453,170.8000030517578,179.53334045410156,170.3000030517578,175.3333282470703,5156968
2011-06-21,ONGC,85.83692932128906,170.6999969482422,174.43333435058594,165.36666870117188,172.53334045410156,9843882
2011-06-22,ONGC,87.42929077148438,173.86666870117188,176.26666259765625,168.13333129882812,172.13333129882812,5804277
2011-06-23,ONGC,88.7199935913086,176.43333435058594,179.39999389648438,172.1666717529297,173.3333282470703,5468871
2011-06-24,ONGC,91.4521255493164,181.86666870117188,183.60000610351562,179.3333282470703,179.3333282470703,9431793
2011-06-27,ONGC,95.27379608154297,189.46665954589844,198.3333282470703,188.96665954589844,192.3333282470703,28569900
2011-06-28,ONGC,95.47494506835938,189.86666870117188,192.73333740234375,187.63333129882812,191.73333740234375,8229484
2011-06-29,ONGC,93.6479263305664,186.23333740234375,192.10000610351562,184.46665954589844,191.46665954589844,7492194
2011-06-30,ONGC,91.9382095336914,182.8333282470703,185.73333740234375,182.1999969482422,185.3333282470703,10160776
2011-07-01,ONGC,92.64222717285156,184.23333740234375,193.93333435058594,183.3333282470703,193.93333435058594,11798136
2011-07-04,ONGC,92.94392395019531,184.8333282470703,186.26666259765625,183.06666564941406,185.06666564941406,5513425
2011-07-05,ONGC,92.6925048828125,184.3333282470703,186.93333435058594,183.3333282470703,185.3333282470703,5814307
2011-07-06,ONGC,91.43536376953125,181.8333282470703,185.13333129882812,180.93333435058594,183.3333282470703,5576223
2011-07-07,ONGC,92.17286682128906,183.3000030517578,184.3000030517578,181.8000030517578,182.23333740234375,6020826
2011-07-08,ONGC,92.91039276123047,184.76666259765625,187.10000610351562,183.93333435058594,184.46665954589844,4215765
2011-07-11,ONGC,94.2010726928711,187.3333282470703,188.0,183.46665954589844,184.6666717529297,4722703
2011-07-12,ONGC,94.4189453125,187.76666259765625,189.3333282470703,185.3333282470703,186.60000610351562,3991452
2011-07-13,ONGC,96.19572448730469,191.3000030517578,192.53334045410156,188.36666870117188,188.36666870117188,8344695
2011-07-14,ONGC,94.97212982177734,188.86666870117188,192.3333282470703,187.6666717529297,191.0,4133055
2011-07-15,ONGC,93.49701690673828,185.93333435058594,189.8000030517578,184.96665954589844,187.6666717529297,2715807
2011-07-18,ONGC,92.84335327148438,184.63333129882812,186.6666717529297,183.89999389648438,186.6666717529297,2526735
2011-07-19,ONGC,92.7427749633789,184.43333435058594,185.73333740234375,183.53334045410156,185.73333740234375,2738167
2011-07-20,ONGC,92.23992919921875,183.43333435058594,186.60000610351562,182.86666870117188,185.0,2011543
2011-07-21,ONGC,92.8601303100586,184.6666717529297,185.86666870117188,183.1999969482422,183.60000610351562,2821686
2011-07-22,ONGC,93.7317123413086,186.39999389648438,187.93333435058594,185.0,186.5,3529584
2011-07-25,ONGC,93.83228302001953,186.60000610351562,188.1666717529297,184.76666259765625,186.0,5466030
2011-07-26,ONGC,92.79305267333984,184.53334045410156,188.26666259765625,183.8000030517578,188.26666259765625,4196827
2011-07-27,ONGC,92.62545776367188,184.1999969482422,187.0,183.3333282470703,186.6999969482422,2811828
2011-07-28,ONGC,92.92716979980469,184.8000030517578,186.60000610351562,182.13333129882812,182.13333129882812,5818953
2011-07-29,ONGC,90.26200866699219,179.5,184.0,178.93333435058594,184.0,7263630
2011-08-01,ONGC,91.65324401855469,182.26666259765625,183.3333282470703,179.0,180.76666259765625,4697514
2011-08-02,ONGC,92.67570495605469,184.3000030517578,185.0,181.06666564941406,182.53334045410156,5526291
2011-08-03,ONGC,92.8601303100586,184.6666717529297,187.03334045410156,182.06666564941406,182.8333282470703,4537237
2011-08-04,ONGC,91.58619689941406,182.13333129882812,186.56666564941406,181.36666870117188,185.60000610351562,2597493
2011-08-05,ONGC,92.87686920166016,184.6999969482422,186.60000610351562,178.0,178.0,8423607
2011-08-08,ONGC,94.9050521850586,188.73333740234375,190.5,179.39999389648438,180.06666564941406,9840003
2011-08-09,ONGC,95.67610931396484,190.26666259765625,193.43333435058594,186.03334045410156,188.0,9296133
2011-08-10,ONGC,93.69818115234375,186.3333282470703,192.93333435058594,185.03334045410156,192.93333435058594,4869504
2011-08-11,ONGC,93.04452514648438,185.03334045410156,186.63333129882812,183.63333129882812,184.06666564941406,2319924
2011-08-12,ONGC,93.59766387939453,186.13333129882812,189.8000030517578,184.56666564941406,186.6666717529297,6378681
2011-08-16,ONGC,91.65324401855469,182.26666259765625,190.56666564941406,181.13333129882812,185.6999969482422,2287386
2011-08-17,ONGC,92.91039276123047,184.76666259765625,188.10000610351562,182.0,182.0,3672018
2011-08-18,ONGC,92.85999298095703,184.1666717529297,187.03334045410156,182.6666717529297,186.63333129882812,5046471
2011-08-19,ONGC,92.77594757080078,184.0,187.26666259765625,181.3000030517578,182.23333740234375,7088448
2011-08-22,ONGC,96.28863525390625,190.96665954589844,192.53334045410156,182.96665954589844,183.6999969482422,5935705
2011-08-23,ONGC,93.61627960205078,185.6666717529297,192.0,185.1999969482422,191.3333282470703,4570302
2011-08-24,ONGC,93.750732421875,185.93333435058594,188.3333282470703,184.89999389648438,186.26666259765625,4186500
2011-08-25,ONGC,94.89364624023438,188.1999969482422,191.76666259765625,186.43333435058594,187.6666717529297,9978679
2011-08-26,ONGC,93.43143463134766,185.3000030517578,190.26666259765625,184.1999969482422,187.6666717529297,4341853
2011-08-29,ONGC,92.42298889160156,183.3000030517578,188.13333129882812,182.39999389648438,186.6666717529297,5656912
2011-08-30,ONGC,88.50688934326172,175.53334045410156,183.26666259765625,173.3333282470703,182.73333740234375,10830636
2011-09-02,ONGC,88.7085952758789,175.93333435058594,182.3000030517578,173.73333740234375,181.3333282470703,7815435
2011-09-05,ONGC,86.37238311767578,171.3000030517578,176.06666564941406,169.76666259765625,175.3333282470703,10391605
2011-09-06,ONGC,87.71695709228516,173.96665954589844,174.6666717529297,170.0,170.1666717529297,14100801
2011-09-07,ONGC,88.22118377685547,174.96665954589844,176.06666564941406,173.6666717529297,174.0,8604588
2011-09-08,ONGC,87.78418731689453,174.10000610351562,175.60000610351562,172.39999389648438,175.26666259765625,6144648
2011-09-09,ONGC,88.13713836669922,174.8000030517578,175.86666870117188,174.0,174.6999969482422,6416307
2011-09-12,ONGC,87.76738739013672,174.06666564941406,177.3000030517578,172.6666717529297,172.8333282470703,8182092
2011-09-13,ONGC,86.74214935302734,172.03334045410156,175.1666717529297,171.03334045410156,174.1666717529297,5936710
2011-09-14,ONGC,87.66651916503906,173.86666870117188,174.36666870117188,170.8333282470703,172.60000610351562,7956025
2011-09-15,ONGC,87.5993423461914,173.73333740234375,175.0,171.76666259765625,175.0,6970267
2011-09-16,ONGC,92.3389663696289,183.13333129882812,187.03334045410156,180.0,180.0,20314476
2011-09-19,ONGC,90.5741958618164,179.63333129882812,186.1666717529297,178.8000030517578,183.26666259765625,7946808
2011-09-20,ONGC,87.90182495117188,174.3333282470703,179.89999389648438,173.1666717529297,179.89999389648438,17563543
2011-09-21,ONGC,87.75059509277344,174.03334045410156,177.0,173.3333282470703,176.26666259765625,9434337
2011-09-22,ONGC,86.65812683105469,171.86666870117188,175.1666717529297,171.39999389648438,172.8000030517578,7829694
2011-09-23,ONGC,86.65812683105469,171.86666870117188,173.89999389648438,170.1666717529297,170.8333282470703,7303812
2011-09-26,ONGC,85.63287353515625,169.8333282470703,172.60000610351562,168.8333282470703,172.0,5279827
2011-09-27,ONGC,87.0950927734375,172.73333740234375,173.60000610351562,170.43333435058594,172.6666717529297,4711935
2011-09-28,ONGC,88.2547836303711,175.03334045410156,175.5,172.73333740234375,174.46665954589844,8717388
2011-09-29,ONGC,90.27165985107422,179.03334045410156,181.1666717529297,174.03334045410156,174.63333129882812,7264513
2011-09-30,ONGC,89.44811248779297,177.39999389648438,178.60000610351562,174.36666870117188,178.46665954589844,6946057
2011-10-03,ONGC,90.10356903076172,178.6999969482422,180.1666717529297,175.0,175.3333282470703,6750094
2011-10-04,ONGC,88.75901794433594,176.03334045410156,179.8000030517578,174.6999969482422,178.63333129882812,5362317
2011-10-05,ONGC,88.72540283203125,175.96665954589844,179.3000030517578,175.3333282470703,175.53334045410156,3037218
2011-10-07,ONGC,88.8934555053711,176.3000030517578,180.89999389648438,173.1666717529297,179.26666259765625,6302101
2011-10-10,ONGC,92.20452880859375,182.86666870117188,183.3000030517578,175.6666717529297,175.6999969482422,3719904
2011-10-11,ONGC,90.17080688476562,178.8333282470703,182.60000610351562,178.13333129882812,180.73333740234375,4777623
2011-10-12,ONGC,90.94396209716797,180.36666870117188,181.23333740234375,177.93333435058594,179.39999389648438,2783823
2011-10-13,ONGC,89.0111083984375,176.53334045410156,183.26666259765625,176.06666564941406,182.0,4512492
2011-10-14,ONGC,89.6666259765625,177.8333282470703,178.93333435058594,175.3000030517578,176.10000610351562,4292902
2011-10-17,ONGC,90.5741958618164,179.63333129882812,181.0,177.86666870117188,178.46665954589844,2907058
2011-10-18,ONGC,88.6413803100586,175.8000030517578,180.93333435058594,175.26666259765625,178.06666564941406,4357546
2011-10-19,ONGC,90.13721466064453,178.76666259765625,179.86666870117188,175.39999389648438,176.43333435058594,3116782
2011-10-20,ONGC,89.61617279052734,177.73333740234375,178.76666259765625,175.6666717529297,177.6999969482422,2939844
2011-10-21,ONGC,89.21281433105469,176.93333435058594,178.63333129882812,175.73333740234375,178.3000030517578,2319718
2011-10-24,ONGC,92.89358520507812,184.23333740234375,184.89999389648438,178.10000610351562,179.93333435058594,4961169
2011-10-25,ONGC,93.0784683227539,184.60000610351562,185.60000610351562,182.53334045410156,185.26666259765625,9242170
2011-10-28,ONGC,95.73402404785156,189.86666870117188,196.53334045410156,186.8333282470703,187.3333282470703,5957506
2011-10-31,ONGC,93.33059692382812,185.10000610351562,190.06666564941406,184.1666717529297,190.0,3269259
2011-11-01,ONGC,93.36418914794922,185.1666717529297,187.26666259765625,183.6999969482422,183.6999969482422,1883079
2011-11-02,ONGC,93.73395538330078,185.89999389648438,188.5,184.03334045410156,184.63333129882812,2398773
2011-11-03,ONGC,93.43143463134766,185.3000030517578,186.53334045410156,180.8000030517578,184.6666717529297,3250446
2011-11-04,ONGC,93.04484558105469,184.53334045410156,189.03334045410156,183.73333740234375,187.86666870117188,6048180
2011-11-08,ONGC,93.38101959228516,185.1999969482422,192.03334045410156,184.6666717529297,190.6666717529297,6170599
2011-11-09,ONGC,91.14562225341797,180.76666259765625,186.53334045410156,180.36666870117188,186.53334045410156,3595072
2011-11-11,ONGC,89.29684448242188,177.10000610351562,181.3333282470703,176.1999969482422,180.0,5486427
2011-11-14,ONGC,87.80101776123047,174.13333129882812,179.36666870117188,173.3333282470703,177.6666717529297,3114604
2011-11-15,ONGC,86.9942626953125,172.53334045410156,176.8333282470703,171.56666564941406,174.6666717529297,3469480
2011-11-16,ONGC,88.38926696777344,175.3000030517578,176.56666564941406,171.13333129882812,172.0,3574468
2011-11-17,ONGC,86.49005889892578,171.53334045410156,176.60000610351562,170.1999969482422,176.3333282470703,2699470
2011-11-18,ONGC,87.33036804199219,173.1999969482422,176.96665954589844,167.56666564941406,170.46665954589844,4369078
2011-11-21,ONGC,84.74208068847656,168.06666564941406,174.6666717529297,167.06666564941406,174.0,2441680
2011-11-22,ONGC,84.6580581665039,167.89999389648438,171.26666259765625,166.43333435058594,168.6999969482422,3698254
2011-11-23,ONGC,82.87648010253906,164.36666870117188,168.0,161.1666717529297,166.76666259765625,5790336
2011-11-24,ONGC,85.71690368652344,170.0,172.0,162.6999969482422,164.1666717529297,6572179
2011-11-25,ONGC,84.67484283447266,167.93333435058594,169.26666259765625,165.39999389648438,169.26666259765625,3995673
2011-11-28,ONGC,87.96903991699219,174.46665954589844,175.0,168.26666259765625,168.73333740234375,1929723
2011-11-29,ONGC,87.0447006225586,172.63333129882812,175.76666259765625,170.53334045410156,175.3333282470703,4400394
2011-11-30,ONGC,89.6666259765625,177.8333282470703,179.86666870117188,170.03334045410156,170.03334045410156,3802981
2011-12-01,ONGC,89.5321273803711,177.56666564941406,185.1999969482422,176.1666717529297,182.10000610351562,3726117
2011-12-02,ONGC,90.12040710449219,178.73333740234375,179.8000030517578,174.26666259765625,177.56666564941406,6333309
2011-12-05,ONGC,90.5237808227539,179.53334045410156,180.0,175.6666717529297,178.6666717529297,2532787
2011-12-07,ONGC,91.86834716796875,182.1999969482422,182.6666717529297,178.13333129882812,179.1666717529297,2970330
2011-12-08,ONGC,89.64978790283203,177.8000030517578,182.56666564941406,176.8000030517578,181.5,2320759
2011-12-09,ONGC,87.86820983886719,174.26666259765625,177.39999389648438,173.5,174.93333435058594,2231760
2011-12-12,ONGC,86.52367401123047,171.60000610351562,177.23333740234375,170.3333282470703,174.8000030517578,3607639
2011-12-13,ONGC,85.85134887695312,170.26666259765625,172.1999969482422,168.36666870117188,170.86666870117188,3822892
2011-12-14,ONGC,84.72528839111328,168.03334045410156,171.3333282470703,167.3333282470703,169.6666717529297,3553435
2011-12-15,ONGC,84.40594482421875,167.39999389648438,169.1666717529297,165.3333282470703,166.6666717529297,7229764
2011-12-16,ONGC,84.1370620727539,166.86666870117188,172.96665954589844,164.10000610351562,167.39999389648438,3192585
2011-12-19,ONGC,83.06137084960938,164.73333740234375,166.86666870117188,163.1666717529297,166.86666870117188,3580656
2011-12-20,ONGC,85.01100158691406,168.60000610351562,169.96665954589844,165.8333282470703,167.60000610351562,3812736
2011-12-21,ONGC,87.80101776123047,174.13333129882812,175.03334045410156,169.10000610351562,170.6666717529297,2322900
2011-12-22,ONGC,88.92706298828125,176.36666870117188,176.86666870117188,170.6666717529297,170.6666717529297,1895197
2011-12-23,ONGC,88.0699234008789,174.6666717529297,178.0,173.1666717529297,178.0,1876218
2011-12-26,ONGC,88.23799133300781,175.0,175.60000610351562,173.36666870117188,173.6666717529297,1216527
2011-12-27,ONGC,88.28841400146484,175.10000610351562,176.0,173.46665954589844,175.06666564941406,1222836
2011-12-28,ONGC,87.80101776123047,174.13333129882812,175.60000610351562,173.13333129882812,175.1999969482422,1055052
2011-12-29,ONGC,86.6749038696289,171.89999389648438,175.23333740234375,170.8000030517578,174.26666259765625,4003434
2011-12-30,ONGC,86.25472259521484,171.06666564941406,175.1999969482422,170.0,171.13333129882812,2755954
2012-01-02,ONGC,86.84295654296875,172.23333740234375,175.23333740234375,170.96665954589844,171.6666717529297,1790127
2012-01-03,ONGC,88.47327423095703,175.46665954589844,176.3333282470703,173.10000610351562,174.06666564941406,2231457
2012-01-04,ONGC,89.64978790283203,177.8000030517578,178.39999389648438,174.06666564941406,176.0,3473709
2012-01-05,ONGC,87.98587036132812,174.5,179.96665954589844,174.0,178.96665954589844,4615846
2012-01-06,ONGC,88.03752899169922,170.43333435058594,172.26666259765625,169.10000610351562,170.93333435058594,3933240
2012-01-09,ONGC,88.57130432128906,171.46665954589844,172.6666717529297,168.8000030517578,172.6666717529297,2710369
2012-01-10,ONGC,89.94879150390625,174.13333129882812,175.3333282470703,172.10000610351562,175.3333282470703,4653024
2012-01-11,ONGC,89.39779663085938,173.06666564941406,174.60000610351562,172.1999969482422,174.60000610351562,1858990
2012-01-12,ONGC,88.77796173095703,171.86666870117188,174.6666717529297,171.0,174.26666259765625,2859687
2012-01-13,ONGC,89.4322280883789,173.13333129882812,174.0,171.3000030517578,173.3000030517578,1984116
2012-01-16,ONGC,88.24417114257812,170.8333282470703,173.96665954589844,170.5,173.3333282470703,2694250
2012-01-17,ONGC,90.25872802734375,174.73333740234375,175.63333129882812,170.06666564941406,171.3333282470703,5307021
2012-01-18,ONGC,92.3765640258789,178.8333282470703,179.8000030517578,174.06666564941406,175.6666717529297,4757965
2012-01-19,ONGC,93.59905242919922,181.1999969482422,182.8333282470703,176.6666717529297,180.0,3625945
2012-01-20,ONGC,95.02821350097656,183.96665954589844,185.26666259765625,179.60000610351562,181.06666564941406,4354359
2012-01-23,ONGC,94.82157897949219,183.56666564941406,185.56666564941406,182.03334045410156,184.6666717529297,2255712
2012-01-24,ONGC,94.42555236816406,182.8000030517578,185.1666717529297,181.23333740234375,183.56666564941406,2776474
2012-01-25,ONGC,93.85733795166016,181.6999969482422,184.53334045410156,180.43333435058594,184.3000030517578,5481361
2012-01-27,ONGC,95.83748626708984,185.53334045410156,186.73333740234375,169.46665954589844,185.3333282470703,4544763
2012-01-30,ONGC,94.9765396118164,183.86666870117188,188.53334045410156,182.6999969482422,183.3333282470703,3695226
2012-01-31,ONGC,95.06263732910156,184.03334045410156,187.56666564941406,183.10000610351562,185.3333282470703,4007272
2012-02-01,ONGC,93.82292175292969,181.63333129882812,183.46665954589844,179.3333282470703,182.13333129882812,5360700
2012-02-02,ONGC,95.09706115722656,184.10000610351562,186.3333282470703,182.46665954589844,182.46665954589844,8067528
2012-02-03,ONGC,96.99107360839844,187.76666259765625,189.0,182.36666870117188,185.3333282470703,4541212
2012-02-06,ONGC,97.55931854248047,188.86666870117188,189.96665954589844,185.6999969482422,188.0,7470982
2012-02-07,ONGC,98.5751724243164,190.8333282470703,191.73333740234375,186.26666259765625,188.06666564941406,6976953
2012-02-08,ONGC,97.52486419677734,188.8000030517578,190.6666717529297,185.86666870117188,190.60000610351562,9903754
2012-02-09,ONGC,96.87056732177734,187.53334045410156,189.10000610351562,183.76666259765625,185.6666717529297,6999558
2012-02-10,ONGC,97.0254898071289,187.8333282470703,192.3333282470703,186.06666564941406,188.0,5784490
2012-02-13,ONGC,96.71560668945312,187.23333740234375,190.8000030517578,186.39999389648438,189.6666717529297,4227969
2012-02-14,ONGC,95.07987213134766,184.06666564941406,187.0,183.6666717529297,186.0,5943190
2012-02-15,ONGC,96.13018035888672,186.10000610351562,189.86666870117188,184.1666717529297,185.6666717529297,8879653
2012-02-16,ONGC,96.87056732177734,187.53334045410156,189.13333129882812,184.6999969482422,186.3333282470703,3467700
2012-02-17,ONGC,96.85334014892578,187.5,193.6666717529297,186.53334045410156,188.6666717529297,7068097
2012-02-21,ONGC,100.50362396240234,194.56666564941406,196.3333282470703,188.6666717529297,188.6666717529297,9868660
2012-02-22,ONGC,100.77912139892578,195.10000610351562,202.8333282470703,192.6999969482422,196.46665954589844,10356904
2012-02-23,ONGC,99.98707580566406,193.56666564941406,197.86666870117188,191.5,196.93333435058594,13679716
2012-02-24,ONGC,97.98975372314453,189.6999969482422,196.0,187.43333435058594,195.89999389648438,6790399
2012-02-27,ONGC,96.78449249267578,187.36666870117188,191.96665954589844,184.86666870117188,189.6999969482422,6020469
2012-02-28,ONGC,97.5937271118164,188.93333435058594,190.6666717529297,185.3333282470703,188.6666717529297,8681101
2012-02-29,ONGC,100.96851348876953,195.46665954589844,198.96665954589844,194.46665954589844,197.3333282470703,13358160
2012-03-01,ONGC,99.2466812133789,192.13333129882812,197.63333129882812,190.0,196.56666564941406,14292922
2012-03-02,ONGC,96.90499877929688,187.60000610351562,190.26666259765625,184.13333129882812,189.6666717529297,9254029
2012-03-05,ONGC,97.6970443725586,189.13333129882812,190.6666717529297,184.3333282470703,186.60000610351562,3603703
2012-03-06,ONGC,97.3182373046875,188.39999389648438,192.6666717529297,187.3333282470703,189.73333740234375,4164817
2012-03-07,ONGC,96.06128692626953,185.96665954589844,189.1666717529297,185.0,188.53334045410156,4510306
2012-03-09,ONGC,97.42156982421875,188.60000610351562,189.46665954589844,186.56666564941406,188.6666717529297,10807701
2012-03-12,ONGC,95.61363220214844,185.10000610351562,189.96665954589844,184.53334045410156,189.96665954589844,4181401
2012-03-13,ONGC,99.0228500366211,191.6999969482422,192.39999389648438,185.76666259765625,186.3333282470703,4701795
2012-03-14,ONGC,101.15794372558594,195.8333282470703,196.6666717529297,191.06666564941406,193.43333435058594,5296921
2012-03-15,ONGC,98.6784896850586,191.03334045410156,195.73333740234375,189.8000030517578,195.6666717529297,3735045
2012-03-16,ONGC,94.02954864501953,182.03334045410156,192.8333282470703,179.10000610351562,189.60000610351562,14344735
2012-03-19,ONGC,94.41043090820312,181.76666259765625,183.56666564941406,178.03334045410156,180.0,5588512
2012-03-20,ONGC,94.28924560546875,181.53334045410156,182.73333740234375,180.3333282470703,181.3333282470703,3659446
2012-03-21,ONGC,94.02952575683594,181.03334045410156,182.63333129882812,179.3333282470703,181.53334045410156,4656892
2012-03-22,ONGC,93.68327331542969,180.36666870117188,183.96665954589844,180.0,181.60000610351562,4109701
2012-03-23,ONGC,92.59252166748047,178.26666259765625,181.60000610351562,177.06666564941406,181.3333282470703,3314037
2012-03-26,ONGC,90.67071533203125,174.56666564941406,179.96665954589844,173.86666870117188,179.3333282470703,3494355
2012-03-27,ONGC,91.93461608886719,177.0,178.3333282470703,172.6666717529297,175.46665954589844,4504240
2012-03-28,ONGC,89.25100708007812,171.8333282470703,177.3333282470703,170.93333435058594,177.3333282470703,5274936
2012-03-29,ONGC,90.16860961914062,173.60000610351562,176.53334045410156,169.3333282470703,171.3333282470703,10555807
2012-03-30,ONGC,92.9214859008789,178.89999389648438,180.13333129882812,173.13333129882812,174.0,6058576
2012-04-02,ONGC,93.44086456298828,179.89999389648438,181.1999969482422,176.6666717529297,179.26666259765625,3339433
2012-04-03,ONGC,94.61817932128906,182.1666717529297,183.53334045410156,180.13333129882812,181.1999969482422,3705963
2012-04-04,ONGC,94.98179626464844,182.86666870117188,183.96665954589844,181.56666564941406,182.86666870117188,2692074
2012-04-09,ONGC,93.07728576660156,179.1999969482422,182.63333129882812,178.10000610351562,181.0,2381143
2012-04-10,ONGC,91.64029693603516,176.43333435058594,180.1666717529297,174.89999389648438,179.6999969482422,2732763
2012-04-11,ONGC,91.44979095458984,176.06666564941406,178.3333282470703,174.36666870117188,175.3333282470703,5059573
2012-04-12,ONGC,90.4110107421875,174.06666564941406,177.8000030517578,173.86666870117188,177.6999969482422,5794960
2012-04-13,ONGC,90.30712127685547,173.86666870117188,176.53334045410156,171.73333740234375,174.6666717529297,4120119
2012-04-16,ONGC,89.7184829711914,172.73333740234375,174.6666717529297,172.1999969482422,173.46665954589844,1646176
2012-04-17,ONGC,93.16383361816406,179.36666870117188,180.26666259765625,171.39999389648438,173.3333282470703,4822521
2012-04-18,ONGC,93.9429702758789,180.86666870117188,182.26666259765625,179.39999389648438,179.5,2335000
2012-04-19,ONGC,94.27193450927734,181.5,182.3333282470703,179.3333282470703,180.76666259765625,2013237
2012-04-20,ONGC,92.4540023803711,178.0,183.63333129882812,176.3000030517578,181.3000030517578,2865481
2012-04-23,ONGC,92.74834442138672,178.56666564941406,180.60000610351562,176.46665954589844,176.86666870117188,3069481
2012-04-24,ONGC,92.9214859008789,178.89999389648438,179.96665954589844,176.36666870117188,177.5,2985909
2012-04-25,ONGC,91.64029693603516,176.43333435058594,179.89999389648438,175.5,179.13333129882812,2160861
2012-04-26,ONGC,91.46711730957031,176.10000610351562,177.86666870117188,174.89999389648438,177.86666870117188,2775769
2012-04-27,ONGC,90.930419921875,175.06666564941406,177.89999389648438,173.8000030517578,176.6666717529297,1441833
2012-04-30,ONGC,93.51012420654297,180.03334045410156,180.6666717529297,175.06666564941406,175.06666564941406,2271094
2012-05-02,ONGC,92.62712097167969,178.3333282470703,180.23333740234375,176.8000030517578,179.03334045410156,5296045
2012-05-03,ONGC,91.8307113647461,176.8000030517578,178.10000610351562,175.1666717529297,176.8000030517578,2309152
2012-05-04,ONGC,89.8223648071289,172.93333435058594,178.8333282470703,172.3333282470703,177.03334045410156,2926041
2012-05-07,ONGC,90.23789978027344,173.73333740234375,175.1666717529297,170.8333282470703,171.86666870117188,4735962
2012-05-08,ONGC,89.4240951538086,172.1666717529297,175.3000030517578,171.5,174.6666717529297,3643525
2012-05-09,ONGC,88.66234588623047,170.6999969482422,172.46665954589844,169.0,171.0,4255534
2012-05-10,ONGC,89.8223648071289,172.93333435058594,174.36666870117188,170.73333740234375,171.3333282470703,4436631
2012-05-11,ONGC,87.96978759765625,169.36666870117188,171.93333435058594,168.0,171.3000030517578,2214802
2012-05-14,ONGC,87.13875579833984,167.76666259765625,169.26666259765625,165.0,168.0,3508936
2012-05-15,ONGC,86.2904281616211,166.13333129882812,168.53334045410156,165.0,166.0,2627302
2012-05-16,ONGC,85.8575668334961,165.3000030517578,168.10000610351562,164.39999389648438,164.6666717529297,2910475
2012-05-17,ONGC,85.19966125488281,164.03334045410156,166.93333435058594,161.6666717529297,165.10000610351562,4082329
2012-05-18,ONGC,86.0826187133789,165.73333740234375,166.5,161.8000030517578,162.39999389648438,3729129
2012-05-21,ONGC,85.3727798461914,164.36666870117188,166.96665954589844,163.8000030517578,164.1999969482422,2508547
2012-05-22,ONGC,84.8187484741211,163.3000030517578,167.3333282470703,162.6666717529297,165.6999969482422,3288988
2012-05-23,ONGC,84.29935455322266,162.3000030517578,163.93333435058594,160.06666564941406,163.3333282470703,2918631
2012-05-24,ONGC,89.23369598388672,171.8000030517578,172.89999389648438,165.46665954589844,168.13333129882812,7995114
2012-05-25,ONGC,89.00860595703125,171.36666870117188,173.1999969482422,168.1999969482422,169.5,2975523
2012-05-28,ONGC,87.90055084228516,169.23333740234375,171.93333435058594,168.3333282470703,171.6999969482422,1300308
2012-05-29,ONGC,88.78356170654297,170.93333435058594,171.73333740234375,169.23333740234375,169.93333435058594,2367385
2012-05-30,ONGC,87.29459381103516,168.06666564941406,174.36666870117188,166.6999969482422,173.73333740234375,4065235
2012-05-31,ONGC,87.67548370361328,168.8000030517578,169.6999969482422,165.5,166.76666259765625,5782893
2012-06-01,ONGC,85.2342758178711,164.10000610351562,169.6999969482422,163.60000610351562,167.3333282470703,2703042
2012-06-04,ONGC,87.96978759765625,169.36666870117188,169.86666870117188,162.8333282470703,164.53334045410156,3503626
2012-06-05,ONGC,87.86593627929688,169.1666717529297,170.26666259765625,168.13333129882812,170.0,2225631
2012-06-06,ONGC,90.13397979736328,173.53334045410156,175.3333282470703,169.3333282470703,169.3333282470703,4158421
2012-06-07,ONGC,91.17279815673828,175.53334045410156,176.63333129882812,172.3333282470703,174.63333129882812,4262674
2012-06-08,ONGC,89.51069641113281,172.3333282470703,174.56666564941406,170.03334045410156,174.1999969482422,5749854
2012-06-11,ONGC,88.57579040527344,170.53334045410156,174.5,169.46665954589844,174.26666259765625,6389868
2012-06-12,ONGC,90.53221130371094,174.3000030517578,175.3333282470703,169.56666564941406,170.6666717529297,4089724
2012-06-13,ONGC,93.04266357421875,179.13333129882812,179.86666870117188,172.8333282470703,174.6666717529297,4906321
2012-06-14,ONGC,92.74834442138672,178.56666564941406,179.76666259765625,176.10000610351562,179.3333282470703,2468808
2012-06-15,ONGC,92.10771179199219,177.3333282470703,182.60000610351562,176.56666564941406,179.3333282470703,10850640
2012-06-18,ONGC,91.13815307617188,175.46665954589844,179.0,174.39999389648438,178.39999389648438,3166177
2012-06-19,ONGC,92.66177368164062,178.39999389648438,180.0,174.43333435058594,174.43333435058594,3794589
2012-06-20,ONGC,94.37577819824219,181.6999969482422,182.89999389648438,178.6999969482422,179.5,4561332
2012-06-21,ONGC,95.29340362548828,183.46665954589844,185.63333129882812,180.5,181.3333282470703,5356641
2012-06-22,ONGC,96.78235626220703,186.3333282470703,186.73333740234375,181.06666564941406,181.8333282470703,3351490
2012-06-25,ONGC,94.39313507080078,181.73333740234375,188.0,180.1999969482422,186.5,2616396
2012-06-26,ONGC,96.02057647705078,184.86666870117188,186.6666717529297,181.10000610351562,181.10000610351562,3435774
2012-06-27,ONGC,96.00325775146484,184.8333282470703,186.0,182.06666564941406,185.6666717529297,3733011
2012-06-28,ONGC,96.22833251953125,185.26666259765625,186.1999969482422,183.6666717529297,184.1666717529297,2382910
2012-06-29,ONGC,98.63490295410156,189.89999389648438,190.53334045410156,185.6666717529297,186.0,6152280
2012-07-02,ONGC,99.13703155517578,190.86666870117188,193.3333282470703,186.26666259765625,189.96665954589844,2355033
2012-07-03,ONGC,100.57403564453125,193.63333129882812,195.5,191.39999389648438,191.6666717529297,4687564
2012-07-04,ONGC,98.54835510253906,189.73333740234375,194.0,187.60000610351562,193.6999969482422,5453662
2012-07-05,ONGC,96.41879272460938,185.63333129882812,189.93333435058594,184.46665954589844,189.3333282470703,7983918
2012-07-06,ONGC,96.488037109375,185.76666259765625,186.6666717529297,182.43333435058594,186.6666717529297,6506715
2012-07-09,ONGC,96.24565887451172,185.3000030517578,186.93333435058594,184.13333129882812,184.6999969482422,2614332
2012-07-10,ONGC,96.78235626220703,186.3333282470703,188.0,183.8000030517578,186.0,4286917
2012-07-11,ONGC,96.24565887451172,185.3000030517578,186.60000610351562,183.46665954589844,184.5,3025794
2012-07-12,ONGC,97.82117462158203,188.3333282470703,188.93333435058594,183.6666717529297,183.6666717529297,5442229
2012-07-13,ONGC,98.72146606445312,190.06666564941406,190.6666717529297,187.10000610351562,187.10000610351562,3576157
2012-07-16,ONGC,99.39672088623047,191.36666870117188,192.1999969482422,188.36666870117188,189.39999389648438,2892852
2012-07-17,ONGC,98.30594635009766,189.26666259765625,193.3333282470703,188.8000030517578,192.13333129882812,3456321
2012-07-18,ONGC,98.82538604736328,190.26666259765625,192.5,189.36666870117188,190.6666717529297,4647663
2012-07-19,ONGC,98.565673828125,189.76666259765625,191.60000610351562,188.6999969482422,190.0,4340812
2012-07-20,ONGC,97.59609985351562,187.89999389648438,190.1666717529297,186.53334045410156,189.86666870117188,2221777
2012-07-23,ONGC,97.45760345458984,187.63333129882812,189.6999969482422,184.0,186.53334045410156,2401995
2012-07-24,ONGC,98.4617919921875,189.56666564941406,191.8000030517578,187.26666259765625,189.3000030517578,3326160
2012-07-25,ONGC,98.27131652832031,189.1999969482422,189.56666564941406,186.3333282470703,189.3333282470703,1782915
2012-07-26,ONGC,95.72621154785156,184.3000030517578,190.36666870117188,182.46665954589844,190.36666870117188,3598488
2012-07-27,ONGC,96.1071548461914,185.03334045410156,188.26666259765625,182.13333129882812,187.93333435058594,3386368
2012-07-30,ONGC,95.84745025634766,184.53334045410156,186.6666717529297,182.8333282470703,185.3333282470703,3062431
2012-07-31,ONGC,99.05046844482422,190.6999969482422,192.93333435058594,184.8000030517578,184.8333282470703,4127383
2012-08-01,ONGC,97.0248031616211,186.8000030517578,191.86666870117188,186.1999969482422,191.73333740234375,3051279
2012-08-02,ONGC,95.86474609375,184.56666564941406,187.3000030517578,183.6666717529297,186.39999389648438,2898222
2012-08-03,ONGC,97.18061828613281,187.10000610351562,187.6666717529297,183.6666717529297,184.0,2567274
2012-08-06,ONGC,97.47490692138672,187.6666717529297,188.6666717529297,185.8000030517578,187.10000610351562,2847771
2012-08-07,ONGC,97.97700500488281,188.63333129882812,189.60000610351562,186.6666717529297,186.8333282470703,4368756
2012-08-08,ONGC,97.57878875732422,187.86666870117188,188.93333435058594,184.6666717529297,188.06666564941406,3154741
2012-08-09,ONGC,96.86894989013672,186.5,189.13333129882812,185.8000030517578,188.0,1835668
2012-08-10,ONGC,96.59192657470703,185.96665954589844,188.93333435058594,185.39999389648438,186.6666717529297,3693130
2012-08-13,ONGC,97.14596557617188,187.03334045410156,193.76666259765625,186.1999969482422,189.96665954589844,7386940
2012-08-14,ONGC,98.94658660888672,190.5,191.8333282470703,186.6666717529297,187.3333282470703,3885201
2012-08-16,ONGC,98.44449615478516,189.53334045410156,191.76666259765625,188.46665954589844,191.1666717529297,3767728
2012-08-17,ONGC,97.66539001464844,188.03334045410156,190.86666870117188,186.8333282470703,188.8333282470703,1854547
2012-08-21,ONGC,99.39672088623047,191.36666870117188,192.06666564941406,187.39999389648438,187.39999389648438,1744494
2012-08-22,ONGC,99.1023941040039,190.8000030517578,192.8333282470703,189.73333740234375,190.1666717529297,2342109
2012-08-23,ONGC,97.54414367675781,187.8000030517578,191.26666259765625,186.96665954589844,190.0,2383513
2012-08-24,ONGC,99.32746124267578,191.23333740234375,192.46665954589844,187.46665954589844,188.6666717529297,3207067
2012-08-27,ONGC,99.53523254394531,191.63333129882812,193.13333129882812,190.06666564941406,190.73333740234375,1903851
2012-08-28,ONGC,97.35369873046875,187.43333435058594,192.96665954589844,186.13333129882812,191.0,3751131
2012-08-29,ONGC,95.3799819946289,183.63333129882812,187.56666564941406,181.93333435058594,186.73333740234375,3020323
2012-08-30,ONGC,95.50116729736328,183.86666870117188,186.13333129882812,182.1666717529297,184.0,7728913
2012-08-31,ONGC,95.53580474853516,183.93333435058594,186.0,180.13333129882812,184.73333740234375,6537507
2012-09-03,ONGC,94.32384490966797,181.60000610351562,186.3333282470703,180.8333282470703,184.43333435058594,2459880
2012-09-04,ONGC,94.06414794921875,181.10000610351562,182.60000610351562,179.1666717529297,181.3333282470703,2158200
2012-09-05,ONGC,94.63551330566406,182.1999969482422,183.60000610351562,179.0,179.3333282470703,3372591
2012-09-06,ONGC,95.0856704711914,183.06666564941406,185.3000030517578,180.93333435058594,181.1666717529297,4292332
2012-09-07,ONGC,95.44920349121094,183.76666259765625,188.3333282470703,182.6999969482422,185.6999969482422,4208310
2012-09-10,ONGC,96.38416290283203,185.56666564941406,186.26666259765625,184.3333282470703,184.6666717529297,3044463
2012-09-11,ONGC,96.1071548461914,185.03334045410156,187.6666717529297,184.10000610351562,184.10000610351562,5004067
2012-09-12,ONGC,97.0074462890625,186.76666259765625,187.73333740234375,184.46665954589844,184.46665954589844,2514357
2012-09-13,ONGC,97.95970916748047,188.60000610351562,190.6666717529297,186.0,186.0,3670438
2012-09-14,ONGC,98.34330749511719,188.0,196.0,186.6999969482422,194.8333282470703,9040158
2012-09-17,ONGC,97.9422836303711,187.23333740234375,190.89999389648438,186.3333282470703,189.3333282470703,5910121
2012-09-18,ONGC,97.90736389160156,187.1666717529297,188.86666870117188,186.1666717529297,186.73333740234375,7126632
2012-09-20,ONGC,99.42436981201172,190.06666564941406,190.93333435058594,186.1666717529297,186.1666717529297,3706689
2012-09-21,ONGC,102.70247650146484,196.3333282470703,198.0,189.03334045410156,190.6999969482422,12622560
2012-09-24,ONGC,100.1392822265625,191.43333435058594,196.6666717529297,190.6666717529297,195.56666564941406,7173141
2012-09-25,ONGC,98.97103881835938,189.1999969482422,193.13333129882812,188.13333129882812,192.06666564941406,7418622
2012-09-26,ONGC,98.27357482910156,187.86666870117188,189.26666259765625,186.86666870117188,188.13333129882812,5126395
2012-09-27,ONGC,95.97187042236328,183.46665954589844,189.06666564941406,182.89999389648438,188.39999389648438,11353870
2012-09-28,ONGC,97.9422836303711,187.23333740234375,187.6666717529297,184.6999969482422,185.63333129882812,6105505
2012-10-01,ONGC,96.93090057373047,185.3000030517578,187.1666717529297,184.0,186.6666717529297,3235648
2012-10-03,ONGC,97.99456024169922,187.3333282470703,188.0,185.6666717529297,186.6666717529297,6397048
2012-10-04,ONGC,99.1104965209961,189.46665954589844,191.46665954589844,188.39999389648438,188.6666717529297,3715249
2012-10-05,ONGC,100.1567153930664,191.46665954589844,192.26666259765625,186.6666717529297,188.89999389648438,6982777
2012-10-08,ONGC,98.378173828125,188.06666564941406,192.6666717529297,187.0,192.6666717529297,3809556
2012-10-09,ONGC,97.9422836303711,187.23333740234375,189.56666564941406,186.0,188.1666717529297,2937592
2012-10-10,ONGC,96.12884521484375,183.76666259765625,186.26666259765625,183.39999389648438,186.0,3002410
2012-10-11,ONGC,97.62840270996094,186.63333129882812,187.6666717529297,184.0,184.13333129882812,3442099
2012-10-12,ONGC,96.65191650390625,184.76666259765625,187.93333435058594,184.03334045410156,186.1666717529297,3150342
2012-10-15,ONGC,97.593505859375,186.56666564941406,186.8333282470703,183.8333282470703,185.8333282470703,1523154
2012-10-16,ONGC,97.38426971435547,186.1666717529297,189.93333435058594,185.0,187.60000610351562,2133757
2012-10-17,ONGC,97.62840270996094,186.63333129882812,187.5,185.3333282470703,187.0,1823932
2012-10-18,ONGC,97.22735595703125,185.86666870117188,187.8000030517578,185.46665954589844,186.6666717529297,2988936
2012-10-19,ONGC,97.4714584350586,186.3333282470703,186.86666870117188,183.0,185.6666717529297,4932204
2012-10-22,ONGC,97.08784484863281,185.60000610351562,186.6999969482422,184.73333740234375,184.73333740234375,1799553
2012-10-23,ONGC,96.26834106445312,184.03334045410156,185.56666564941406,183.39999389648438,184.6999969482422,2040090
2012-10-25,ONGC,96.4775619506836,184.43333435058594,187.06666564941406,183.73333740234375,185.76666259765625,5292406
2012-10-29,ONGC,95.53597259521484,182.63333129882812,184.60000610351562,182.3000030517578,182.6666717529297,1254858
2012-10-30,ONGC,95.20468139648438,182.0,183.10000610351562,180.0,181.5,4266375
2012-10-31,ONGC,93.63541412353516,179.0,181.96665954589844,177.0,181.10000610351562,7336297
2012-11-01,ONGC,92.36248779296875,176.56666564941406,178.6666717529297,175.60000610351562,177.6666717529297,8134578
2012-11-02,ONGC,92.6763687133789,177.1666717529297,178.86666870117188,176.3333282470703,178.86666870117188,6702133
2012-11-05,ONGC,93.00765228271484,177.8000030517578,178.3333282470703,176.0,176.36666870117188,3195184
2012-11-06,ONGC,93.25178527832031,178.26666259765625,179.6999969482422,176.53334045410156,178.0,4004515
2012-11-07,ONGC,93.04251098632812,177.86666870117188,178.6666717529297,177.23333740234375,177.43333435058594,3732081
2012-11-08,ONGC,92.50199890136719,176.8333282470703,178.23333740234375,176.0,176.0,3269299
2012-11-09,ONGC,89.6772232055664,171.43333435058594,176.60000610351562,170.26666259765625,175.3333282470703,6739995
2012-11-12,ONGC,89.10181427001953,170.3333282470703,172.3333282470703,169.43333435058594,170.6999969482422,2519185
2012-11-15,ONGC,88.40436553955078,169.0,171.0,167.8000030517578,170.0,4830801
2012-11-16,ONGC,89.93878173828125,171.93333435058594,172.93333435058594,168.06666564941406,168.06666564941406,6014199
2012-11-19,ONGC,88.59613800048828,169.36666870117188,172.39999389648438,168.8000030517578,170.86666870117188,3759864
2012-11-20,ONGC,87.8637924194336,167.96665954589844,170.63333129882812,167.1999969482422,169.43333435058594,3113815
2012-11-21,ONGC,88.10791778564453,168.43333435058594,169.0,167.06666564941406,167.36666870117188,2301133
2012-11-22,ONGC,87.5673828125,167.39999389648438,169.0,167.06666564941406,168.1999969482422,2795170
2012-11-23,ONGC,87.60224914550781,167.46665954589844,168.3000030517578,165.93333435058594,167.03334045410156,2070082
2012-11-26,ONGC,87.18377685546875,166.6666717529297,169.1999969482422,166.39999389648438,169.1999969482422,2834976
2012-11-27,ONGC,87.0965805053711,166.5,169.39999389648438,165.6666717529297,168.36666870117188,6580572
2012-11-29,ONGC,88.50894927978516,169.1999969482422,169.6666717529297,166.6666717529297,167.03334045410156,8961091
2012-11-30,ONGC,92.39735412597656,176.63333129882812,177.8333282470703,169.39999389648438,169.39999389648438,6604564
2012-12-03,ONGC,91.42092895507812,174.76666259765625,177.0,174.23333740234375,176.6666717529297,3357211
2012-12-04,ONGC,92.50199890136719,176.8333282470703,178.39999389648438,174.1666717529297,174.96665954589844,6459138
2012-12-05,ONGC,93.35636138916016,178.46665954589844,179.3333282470703,176.36666870117188,177.39999389648438,2539426
2012-12-06,ONGC,93.70512390136719,179.13333129882812,179.73333740234375,175.56666564941406,178.53334045410156,2067573
2012-12-07,ONGC,93.39124298095703,178.53334045410156,179.56666564941406,176.03334045410156,178.6666717529297,2786071
2012-12-10,ONGC,92.92047119140625,177.63333129882812,180.6666717529297,177.13333129882812,180.6666717529297,2110075
2012-12-11,ONGC,91.96146392822266,175.8000030517578,178.6666717529297,174.13333129882812,178.3333282470703,3814500
2012-12-12,ONGC,90.54908752441406,173.10000610351562,176.03334045410156,172.6666717529297,175.8000030517578,4510456
2012-12-13,ONGC,90.54908752441406,173.10000610351562,174.1999969482422,171.60000610351562,173.6666717529297,4682776
2012-12-14,ONGC,90.49675750732422,173.0,173.93333435058594,170.8000030517578,173.93333435058594,3715774
2012-12-17,ONGC,89.90391540527344,171.86666870117188,175.96665954589844,171.46665954589844,171.46665954589844,4979421
2012-12-18,ONGC,89.36339569091797,170.8333282470703,173.76666259765625,170.06666564941406,172.6666717529297,4984819
2012-12-19,ONGC,92.29275512695312,176.43333435058594,176.93333435058594,172.1666717529297,173.13333129882812,7883175
2012-12-20,ONGC,92.44970703125,176.73333740234375,177.60000610351562,175.39999389648438,177.60000610351562,4762573
2012-12-21,ONGC,91.07217407226562,174.10000610351562,176.60000610351562,173.3333282470703,176.60000610351562,7102177
2012-12-24,ONGC,91.0721664428711,170.76666259765625,172.60000610351562,170.1666717529297,172.60000610351562,2247706
2012-12-26,ONGC,91.58772277832031,171.73333740234375,173.1999969482422,170.36666870117188,172.0,5100052
2012-12-27,ONGC,92.08548736572266,172.6666717529297,175.56666564941406,171.13333129882812,172.96665954589844,11673088
2012-12-28,ONGC,94.5031509399414,177.1999969482422,178.0,173.36666870117188,173.36666870117188,7232952
2012-12-31,ONGC,95.28534698486328,178.6666717529297,179.26666259765625,177.1999969482422,177.1999969482422,4193341
2013-01-01,ONGC,95.1609115600586,178.43333435058594,179.8333282470703,177.3333282470703,179.39999389648438,1273255
2013-01-02,ONGC,97.6319351196289,183.06666564941406,183.73333740234375,178.86666870117188,179.0,4745688
2013-01-03,ONGC,99.48075866699219,186.53334045410156,187.13333129882812,183.3333282470703,183.93333435058594,6323070
2013-01-04,ONGC,101.25846099853516,189.86666870117188,192.1666717529297,185.73333740234375,186.3333282470703,11615389
2013-01-07,ONGC,102.39623260498047,192.0,193.3000030517578,190.8000030517578,192.0,5731459
2013-01-08,ONGC,103.14282989501953,193.39999389648438,194.46665954589844,189.0,191.43333435058594,5334009
2013-01-09,ONGC,103.8895034790039,194.8000030517578,196.6666717529297,191.3333282470703,194.46665954589844,5295292
2013-01-10,ONGC,107.46269989013672,201.5,202.0,196.6666717529297,196.6666717529297,14714938
2013-01-11,ONGC,103.94280242919922,194.89999389648438,201.8000030517578,194.1999969482422,200.73333740234375,7226703
2013-01-14,ONGC,108.529296875,203.5,204.8333282470703,193.23333740234375,194.36666870117188,8775499
2013-01-15,ONGC,109.34705352783203,205.03334045410156,206.06666564941406,201.73333740234375,203.1999969482422,8116143
2013-01-16,ONGC,108.01376342773438,202.53334045410156,206.60000610351562,201.73333740234375,204.0,5203342
2013-01-17,ONGC,111.80028533935547,209.63333129882812,214.39999389648438,200.10000610351562,201.26666259765625,18682264
2013-01-18,ONGC,120.06664276123047,225.13333129882812,236.6666717529297,212.6666717529297,213.03334045410156,35608698
2013-01-21,ONGC,119.6578140258789,224.36666870117188,227.10000610351562,222.3333282470703,225.73333740234375,10597027
2013-01-22,ONGC,119.9599380493164,224.93333435058594,226.8000030517578,221.8333282470703,223.0,7449498
2013-01-23,ONGC,118.46672821044922,222.13333129882812,226.6666717529297,220.1666717529297,225.0,6934620
2013-01-24,ONGC,119.58668518066406,224.23333740234375,235.6666717529297,221.03334045410156,229.6666717529297,17003913
2013-01-25,ONGC,121.27547454833984,227.39999389648438,229.6666717529297,222.03334045410156,223.86666870117188,6570561
2013-01-28,ONGC,119.08889770507812,223.3000030517578,229.10000610351562,221.8000030517578,228.13333129882812,7518873
2013-01-29,ONGC,118.50227355957031,222.1999969482422,223.96665954589844,220.10000610351562,221.53334045410156,6089569
2013-01-30,ONGC,120.35110473632812,225.6666717529297,226.3000030517578,220.43333435058594,223.3333282470703,7244562
2013-01-31,ONGC,120.77772521972656,226.46665954589844,229.86666870117188,224.1666717529297,225.6666717529297,10061692
2013-02-01,ONGC,118.11117553710938,221.46665954589844,228.3333282470703,219.63333129882812,225.6999969482422,7265518
2013-02-04,ONGC,115.81793212890625,217.1666717529297,224.0,216.39999389648438,221.6666717529297,5835802
2013-02-05,ONGC,115.80015563964844,217.13333129882812,218.8000030517578,215.73333740234375,216.60000610351562,4727842
2013-02-06,ONGC,114.39571380615234,214.5,220.0,213.1666717529297,218.06666564941406,4024816
2013-02-07,ONGC,113.72021484375,213.23333740234375,215.86666870117188,211.76666259765625,213.53334045410156,2445648
2013-02-08,ONGC,111.49810028076172,209.06666564941406,214.26666259765625,207.10000610351562,212.3333282470703,5349816
2013-02-11,ONGC,109.6492691040039,205.60000610351562,209.3333282470703,204.6666717529297,209.3333282470703,3636709
2013-02-12,ONGC,113.79129028320312,213.36666870117188,215.3333282470703,208.6666717529297,208.6666717529297,7503541
2013-02-13,ONGC,115.01797485351562,215.6666717529297,217.53334045410156,213.3333282470703,213.39999389648438,7145211
2013-02-14,ONGC,114.59130859375,214.86666870117188,219.6666717529297,212.23333740234375,216.3333282470703,6058833
2013-02-15,ONGC,114.75130462646484,215.1666717529297,217.13333129882812,212.06666564941406,213.1666717529297,4893423
2013-02-18,ONGC,113.00914001464844,211.89999389648438,217.6999969482422,211.10000610351562,216.6666717529297,4732000
2013-02-19,ONGC,117.22232055664062,219.8000030517578,221.3333282470703,210.6666717529297,212.6666717529297,4187428
2013-02-20,ONGC,116.99118041992188,219.36666870117188,222.46665954589844,218.3000030517578,222.39999389648438,5831706
2013-02-21,ONGC,114.52019500732422,214.73333740234375,219.5,213.0,218.6666717529297,5796040
2013-02-22,ONGC,115.16016387939453,215.93333435058594,218.89999389648438,213.73333740234375,213.73333740234375,4370856
2013-02-25,ONGC,113.02688598632812,211.93333435058594,216.3000030517578,210.13333129882812,215.26666259765625,4939102
2013-02-26,ONGC,108.92041778564453,204.23333740234375,211.1666717529297,202.53334045410156,211.1666717529297,4364194
2013-02-27,ONGC,112.08470916748047,210.1666717529297,211.96665954589844,200.1666717529297,205.39999389648438,6807174
2013-02-28,ONGC,111.44475555419922,208.96665954589844,216.53334045410156,203.53334045410156,212.0,12032721
2013-03-01,ONGC,111.96029663085938,209.93333435058594,212.96665954589844,204.0,208.60000610351562,6200785
2013-03-04,ONGC,110.94696807861328,208.03334045410156,211.76666259765625,206.06666564941406,209.3333282470703,5542633
2013-03-05,ONGC,112.56472778320312,211.06666564941406,212.6666717529297,206.5,208.3000030517578,6615426
2013-03-06,ONGC,113.40023803710938,212.63333129882812,214.96665954589844,210.3333282470703,211.06666564941406,5749960
2013-03-07,ONGC,113.88023376464844,213.53334045410156,214.6666717529297,209.6999969482422,211.0,4138908
2013-03-08,ONGC,115.81793212890625,217.1666717529297,218.46665954589844,214.0,214.3000030517578,5992362
2013-03-11,ONGC,115.53346252441406,216.63333129882812,220.0,215.53334045410156,217.86666870117188,5585457
2013-03-12,ONGC,115.53346252441406,216.63333129882812,218.96665954589844,214.39999389648438,216.39999389648438,3865819
2013-03-13,ONGC,112.63580322265625,211.1999969482422,216.03334045410156,210.5,214.5,4247683
2013-03-14,ONGC,113.73797607421875,213.26666259765625,215.1999969482422,207.60000610351562,210.6666717529297,5512873
2013-03-15,ONGC,113.47132110595703,212.76666259765625,217.1666717529297,212.06666564941406,214.6666717529297,4593181
2013-03-18,ONGC,112.93802642822266,211.76666259765625,213.89999389648438,209.3333282470703,210.53334045410156,2937025
2013-03-19,ONGC,110.16477966308594,206.56666564941406,212.60000610351562,200.0,210.8333282470703,7838371
2013-03-20,ONGC,106.9471435546875,200.53334045410156,206.5,200.0,205.0,6270438
2013-03-21,ONGC,105.96939849853516,198.6999969482422,203.0,196.0,201.03334045410156,5150029
2013-03-22,ONGC,106.54601287841797,197.10000610351562,199.73333740234375,192.8333282470703,197.46665954589844,7219501
2013-03-25,ONGC,109.53713989257812,202.63333129882812,207.3000030517578,200.53334045410156,201.6666717529297,7836987
2013-03-26,ONGC,109.30288696289062,202.1999969482422,204.56666564941406,199.3333282470703,200.6666717529297,4286050
2013-03-28,ONGC,112.22198486328125,207.60000610351562,209.3333282470703,200.86666870117188,202.26666259765625,6609544
2013-04-01,ONGC,111.30300903320312,205.89999389648438,210.6666717529297,204.3333282470703,208.1666717529297,2230650
2013-04-02,ONGC,114.31216430664062,211.46665954589844,212.3333282470703,204.3333282470703,204.73333740234375,3857278
2013-04-03,ONGC,111.91563415527344,207.03334045410156,211.3000030517578,204.36666870117188,210.0,3372874
2013-04-04,ONGC,110.87053680419922,205.10000610351562,209.86666870117188,203.53334045410156,206.6666717529297,4230934
2013-04-05,ONGC,113.26708221435547,209.53334045410156,210.26666259765625,204.73333740234375,205.10000610351562,4302750
2013-04-08,ONGC,112.74449920654297,208.56666564941406,212.26666259765625,207.60000610351562,210.0,3928152
2013-04-09,ONGC,109.48308563232422,202.53334045410156,210.60000610351562,200.73333740234375,209.03334045410156,4350922
2013-04-10,ONGC,109.15872955322266,201.93333435058594,203.3333282470703,197.10000610351562,202.93333435058594,6168243
2013-04-11,ONGC,110.72642517089844,204.8333282470703,206.1666717529297,198.6999969482422,202.8000030517578,6457176
2013-04-12,ONGC,111.28498077392578,205.86666870117188,206.93333435058594,202.63333129882812,203.3333282470703,2212935
2013-04-15,ONGC,114.96085357666016,212.6666717529297,218.13333129882812,204.1666717529297,205.3333282470703,8500039
2013-04-16,ONGC,119.60973358154297,221.26666259765625,221.89999389648438,213.3333282470703,213.6666717529297,7145605
2013-04-17,ONGC,118.51057434082031,219.23333740234375,224.3333282470703,216.89999389648438,223.0,6483210
2013-04-18,ONGC,120.49266052246094,222.89999389648438,224.26666259765625,216.73333740234375,217.36666870117188,4619811
2013-04-22,ONGC,118.22227478027344,218.6999969482422,223.1999969482422,218.06666564941406,222.36666870117188,5141532
2013-04-23,ONGC,117.64569091796875,217.63333129882812,221.23333740234375,213.6999969482422,221.23333740234375,4650721
2013-04-25,ONGC,117.66368103027344,217.6666717529297,224.26666259765625,214.63333129882812,217.43333435058594,10452445
2013-04-26,ONGC,116.81682586669922,216.10000610351562,220.46665954589844,215.26666259765625,217.26666259765625,3283458
2013-04-29,ONGC,118.51057434082031,219.23333740234375,221.73333740234375,216.6666717529297,217.6666717529297,4057423
2013-04-30,ONGC,117.73577117919922,217.8000030517578,219.8000030517578,210.86666870117188,219.3333282470703,5604577
2013-05-02,ONGC,118.52859497070312,219.26666259765625,221.3333282470703,215.3333282470703,215.3333282470703,4491693
2013-05-03,ONGC,116.67265319824219,215.8333282470703,220.53334045410156,215.0,218.0,2813607
2013-05-06,ONGC,114.88880920410156,212.53334045410156,217.86666870117188,211.73333740234375,217.3000030517578,3397764
2013-05-07,ONGC,115.30319213867188,213.3000030517578,214.6666717529297,212.3333282470703,214.63333129882812,3689247
2013-05-08,ONGC,115.37525177001953,213.43333435058594,216.56666564941406,212.0,214.0,5236375
2013-05-09,ONGC,115.87979888916016,214.36666870117188,215.6666717529297,212.86666870117188,213.39999389648438,2809546
2013-05-10,ONGC,117.64569091796875,217.63333129882812,219.56666564941406,215.06666564941406,215.1999969482422,6119713
2013-05-13,ONGC,115.62757873535156,213.89999389648438,220.0,213.43333435058594,219.39999389648438,3017266
2013-05-14,ONGC,117.75377655029297,217.8333282470703,219.3333282470703,214.6666717529297,215.0,4032673
2013-05-15,ONGC,120.74491882324219,223.36666870117188,224.39999389648438,218.0,218.63333129882812,7499611
2013-05-16,ONGC,121.77201080322266,225.26666259765625,230.13333129882812,222.03334045410156,222.3333282470703,9114040
2013-05-17,ONGC,122.79908752441406,227.1666717529297,228.3333282470703,225.10000610351562,225.96665954589844,5398696
2013-05-20,ONGC,119.89807891845703,221.8000030517578,228.6666717529297,220.6666717529297,228.0,3948702
2013-05-21,ONGC,117.75377655029297,217.8333282470703,225.3333282470703,217.3333282470703,223.3333282470703,5165011
2013-05-22,ONGC,118.61869812011719,219.43333435058594,221.13333129882812,211.63333129882812,218.73333740234375,7879792
2013-05-23,ONGC,118.25836181640625,218.76666259765625,222.53334045410156,217.03334045410156,217.03334045410156,7861276
2013-05-24,ONGC,117.10508728027344,216.63333129882812,221.23333740234375,215.3333282470703,220.0,4442007
2013-05-27,ONGC,117.82588958740234,217.96665954589844,219.10000610351562,213.6666717529297,217.53334045410156,4854214
2013-05-28,ONGC,120.34856414794922,222.63333129882812,223.96665954589844,218.1999969482422,218.1999969482422,6193014
2013-05-29,ONGC,120.7088851928711,223.3000030517578,224.6666717529297,221.60000610351562,224.3333282470703,5535039
2013-05-30,ONGC,120.33051300048828,222.60000610351562,225.06666564941406,217.39999389648438,218.0,8016432
2013-05-31,ONGC,118.1682357788086,218.60000610351562,222.96665954589844,216.26666259765625,220.73333740234375,6435490
2013-06-03,ONGC,114.24007415771484,211.3333282470703,219.6999969482422,210.43333435058594,218.1666717529297,4447596
2013-06-04,ONGC,114.67256927490234,212.13333129882812,215.26666259765625,210.3333282470703,212.0,4068079
2013-06-05,ONGC,116.97896575927734,216.39999389648438,216.8333282470703,211.3333282470703,212.60000610351562,2240910
2013-06-06,ONGC,116.72669982910156,215.93333435058594,216.73333740234375,213.53334045410156,216.0,3733231
2013-06-07,ONGC,115.06896209716797,212.86666870117188,218.0,212.23333740234375,215.3333282470703,3237139
2013-06-10,ONGC,115.69963836669922,214.03334045410156,216.23333740234375,211.86666870117188,214.63333129882812,2259282
2013-06-11,ONGC,111.0687484741211,205.46665954589844,215.13333129882812,204.1999969482422,212.36666870117188,6212305
2013-06-12,ONGC,111.42918395996094,206.13333129882812,208.6666717529297,204.76666259765625,205.46665954589844,3935146
2013-06-13,ONGC,111.39311981201172,206.06666564941406,207.8333282470703,203.60000610351562,204.6666717529297,3903295
2013-06-14,ONGC,112.16793060302734,207.5,210.10000610351562,205.5,207.8000030517578,5390380
2013-06-17,ONGC,112.74449920654297,208.56666564941406,209.06666564941406,205.39999389648438,208.0,2341330
2013-06-18,ONGC,110.9065933227539,205.1666717529297,208.53334045410156,204.03334045410156,208.03334045410156,2561842
2013-06-19,ONGC,111.30300903320312,205.89999389648438,207.3333282470703,201.46665954589844,204.6666717529297,4459564
2013-06-20,ONGC,107.91543579101562,199.63333129882812,204.0,198.39999389648438,203.6666717529297,5046345
2013-06-21,ONGC,110.9065933227539,205.1666717529297,206.0,198.26666259765625,199.3333282470703,6561486
2013-06-24,ONGC,107.68118286132812,199.1999969482422,205.60000610351562,197.39999389648438,204.6666717529297,5450647
2013-06-25,ONGC,112.22198486328125,207.60000610351562,209.56666564941406,200.10000610351562,201.3333282470703,6400579
2013-06-26,ONGC,111.1588363647461,205.63333129882812,210.0,204.03334045410156,209.6666717529297,5003166
2013-06-27,ONGC,115.41130828857422,213.5,214.6666717529297,207.63333129882812,208.36666870117188,8777743
2013-06-28,ONGC,119.3214340209961,220.73333740234375,235.36666870117188,215.56666564941406,230.0,32426844
2013-07-01,ONGC,118.20429992675781,218.6666717529297,226.1666717529297,217.73333740234375,221.63333129882812,7180173
2013-07-02,ONGC,116.00596618652344,214.60000610351562,221.60000610351562,214.10000610351562,218.86666870117188,6067719
2013-07-03,ONGC,112.11385345458984,207.39999389648438,213.10000610351562,206.73333740234375,210.73333740234375,4606926
2013-07-04,ONGC,111.39311981201172,206.06666564941406,210.0,203.36666870117188,207.46665954589844,4697212
2013-07-05,ONGC,113.8977279663086,210.6999969482422,211.5,207.1999969482422,209.39999389648438,3267571
2013-07-08,ONGC,109.50113677978516,202.56666564941406,210.56666564941406,201.56666564941406,210.0,5437603
2013-07-09,ONGC,108.88847351074219,201.43333435058594,204.6666717529297,200.6666717529297,203.39999389648438,5228589
2013-07-10,ONGC,106.72620391845703,197.43333435058594,202.8333282470703,196.3333282470703,200.53334045410156,5353513
2013-07-11,ONGC,109.82545471191406,203.1666717529297,204.86666870117188,200.0,200.86666870117188,4641898
2013-07-12,ONGC,106.8703384399414,197.6999969482422,205.89999389648438,195.23333740234375,205.8000030517578,8317911
2013-07-15,ONGC,106.70821380615234,197.39999389648438,199.06666564941406,196.26666259765625,197.6999969482422,3200079
2013-07-16,ONGC,108.0235595703125,199.8333282470703,202.46665954589844,195.3333282470703,195.93333435058594,6210579
2013-07-17,ONGC,108.4019546508789,200.53334045410156,201.76666259765625,196.86666870117188,200.0,5967010
2013-07-18,ONGC,113.39318084716797,209.76666259765625,211.23333740234375,201.03334045410156,201.03334045410156,7946761
2013-07-19,ONGC,114.22206115722656,211.3000030517578,213.1999969482422,208.1666717529297,210.6666717529297,5671734
2013-07-22,ONGC,110.76242065429688,204.89999389648438,211.23333740234375,204.06666564941406,209.6666717529297,3306270
2013-07-23,ONGC,112.49224853515625,208.10000610351562,210.3333282470703,205.73333740234375,206.1666717529297,3292267
2013-07-24,ONGC,111.1408462524414,205.60000610351562,211.0,204.1666717529297,206.8333282470703,3727104
2013-07-25,ONGC,110.0777359008789,203.63333129882812,209.63333129882812,201.96665954589844,206.0,5676030
2013-07-26,ONGC,109.41101837158203,202.39999389648438,207.3333282470703,201.23333740234375,207.3333282470703,2812410
2013-07-29,ONGC,107.24874114990234,198.39999389648438,204.6666717529297,197.3333282470703,203.3000030517578,3360609
2013-07-30,ONGC,101.15835571289062,187.13333129882812,200.5,186.06666564941406,199.86666870117188,5525137
2013-07-31,ONGC,104.76215362548828,193.8000030517578,195.26666259765625,176.96665954589844,186.6666717529297,11224555
2013-08-01,ONGC,100.49165344238281,185.89999389648438,197.8333282470703,183.39999389648438,195.36666870117188,7641034
2013-08-02,ONGC,100.1492919921875,185.26666259765625,188.93333435058594,180.8333282470703,188.0,6141562
2013-08-05,ONGC,99.60870361328125,184.26666259765625,187.6666717529297,181.8000030517578,184.8333282470703,3811126
2013-08-06,ONGC,96.34729766845703,178.23333740234375,186.56666564941406,177.3333282470703,183.1666717529297,3710169
2013-08-07,ONGC,98.29331970214844,181.8333282470703,182.56666564941406,178.73333740234375,179.53334045410156,7624059
2013-08-08,ONGC,98.41948699951172,182.06666564941406,183.6666717529297,177.5,181.06666564941406,6221430
2013-08-12,ONGC,100.22136688232422,185.39999389648438,187.1999969482422,181.3333282470703,183.86666870117188,6307069
2013-08-13,ONGC,99.08615112304688,183.3000030517578,185.8333282470703,180.10000610351562,180.6666717529297,7323082
2013-08-14,ONGC,104.09540557861328,192.56666564941406,194.60000610351562,182.6999969482422,183.6666717529297,10136253
2013-08-16,ONGC,97.95093536376953,181.1999969482422,194.23333740234375,180.0,191.93333435058594,7270551
2013-08-19,ONGC,94.4012222290039,174.63333129882812,181.6999969482422,167.6666717529297,180.06666564941406,5570686
2013-08-20,ONGC,92.47319793701172,171.06666564941406,174.3333282470703,165.76666259765625,173.3333282470703,8385249
2013-08-21,ONGC,90.34697723388672,167.13333129882812,176.43333435058594,166.6666717529297,173.3333282470703,8069332
2013-08-22,ONGC,97.1761474609375,179.76666259765625,181.73333740234375,164.0,164.0,13443241
2013-08-23,ONGC,99.71686553955078,184.46665954589844,186.53334045410156,176.13333129882812,180.1666717529297,9287706
2013-08-26,ONGC,96.59955596923828,178.6999969482422,186.5,177.3333282470703,186.3000030517578,6519478
2013-08-27,ONGC,93.44622802734375,172.86666870117188,177.3333282470703,171.3333282470703,176.8333282470703,6549138
2013-08-28,ONGC,87.82431030273438,162.46665954589844,170.0,156.13333129882812,169.8333282470703,19302502
2013-08-29,ONGC,89.62623596191406,165.8000030517578,167.3000030517578,162.73333740234375,166.0,10872666
2013-08-30,ONGC,89.78836822509766,166.10000610351562,170.10000610351562,160.6666717529297,167.26666259765625,9591055
2013-09-02,ONGC,90.5811996459961,167.56666564941406,169.93333435058594,165.06666564941406,169.93333435058594,3796381
2013-09-03,ONGC,90.49112701416016,167.39999389648438,171.53334045410156,165.13333129882812,169.3333282470703,7790836
2013-09-04,ONGC,92.7435302734375,171.56666564941406,174.39999389648438,163.8000030517578,166.8333282470703,5838249
2013-09-05,ONGC,97.33831787109375,180.06666564941406,181.3333282470703,173.46665954589844,174.06666564941406,7173442
2013-09-06,ONGC,103.8972396850586,192.1999969482422,194.46665954589844,179.46665954589844,181.1666717529297,8843755
2013-09-10,ONGC,105.48290252685547,195.13333129882812,199.3333282470703,190.73333740234375,193.36666870117188,9793225
2013-09-11,ONGC,104.25759887695312,192.86666870117188,195.46665954589844,188.76666259765625,195.3000030517578,5722174
2013-09-12,ONGC,100.52767944335938,185.96665954589844,195.3333282470703,185.03334045410156,195.1999969482422,4587094
2013-09-13,ONGC,101.87908935546875,188.46665954589844,189.73333740234375,183.06666564941406,183.93333435058594,4640854
2013-09-16,ONGC,103.50078582763672,191.46665954589844,196.1999969482422,186.6666717529297,192.6666717529297,3781701
2013-09-17,ONGC,100.9737319946289,186.46665954589844,192.3333282470703,183.89999389648438,191.3000030517578,5367991
2013-09-18,ONGC,102.14703369140625,188.63333129882812,189.93333435058594,184.8333282470703,188.5,2755558
2013-09-19,ONGC,108.01339721679688,199.46665954589844,201.6666717529297,191.26666259765625,193.3333282470703,6738154
2013-09-20,ONGC,104.51160430908203,193.0,198.43333435058594,189.1999969482422,198.13333129882812,9888612
2013-09-23,ONGC,99.51165771484375,183.76666259765625,192.53334045410156,183.1999969482422,191.5,4111156
2013-09-24,ONGC,99.0965347290039,183.0,187.73333740234375,182.5,184.6666717529297,6857767
2013-09-25,ONGC,100.88348388671875,186.3000030517578,187.26666259765625,181.3333282470703,184.0,7330812
2013-09-26,ONGC,99.98097229003906,184.63333129882812,187.1999969482422,182.6666717529297,186.6666717529297,8012659
2013-09-27,ONGC,99.06040954589844,182.93333435058594,187.26666259765625,181.89999389648438,186.26666259765625,5232852
2013-09-30,ONGC,96.69583129882812,178.56666564941406,183.0,175.10000610351562,182.93333435058594,5936838
2013-10-01,ONGC,94.69220733642578,174.86666870117188,180.06666564941406,173.96665954589844,180.0,7334262
2013-10-03,ONGC,96.20845794677734,177.6666717529297,178.89999389648438,175.5,175.5,4466353
2013-10-04,ONGC,95.55863952636719,176.46665954589844,179.96665954589844,174.89999389648438,177.3333282470703,5454891
2013-10-07,ONGC,96.06403350830078,177.39999389648438,177.93333435058594,173.86666870117188,176.0,2733444
2013-10-08,ONGC,97.03876495361328,179.1999969482422,179.89999389648438,177.3333282470703,178.0,3566788
2013-10-09,ONGC,98.80770111083984,182.46665954589844,182.93333435058594,177.39999389648438,179.0,3509895
2013-10-10,ONGC,98.80770111083984,182.46665954589844,183.73333740234375,180.6666717529297,182.46665954589844,3322923
2013-10-11,ONGC,99.83658599853516,184.36666870117188,185.76666259765625,182.46665954589844,184.03334045410156,4150720
2013-10-14,ONGC,99.45752716064453,183.6666717529297,185.23333740234375,182.36666870117188,182.36666870117188,2132559
2013-10-15,ONGC,99.34920501708984,183.46665954589844,186.26666259765625,180.89999389648438,185.3333282470703,3451380
2013-10-17,ONGC,101.4791259765625,187.39999389648438,189.3333282470703,184.1666717529297,184.6666717529297,5994730
2013-10-18,ONGC,102.36365509033203,189.03334045410156,190.63333129882812,187.6999969482422,189.0,4757653
2013-10-21,ONGC,102.97733306884766,190.1666717529297,190.96665954589844,187.86666870117188,189.3333282470703,3715660
2013-10-22,ONGC,103.26616668701172,190.6999969482422,191.60000610351562,188.0,190.6666717529297,3187954
2013-10-23,ONGC,101.89434814453125,188.1666717529297,191.3333282470703,186.26666259765625,190.6666717529297,3179580
2013-10-24,ONGC,102.45386505126953,189.1999969482422,192.6666717529297,187.46665954589844,188.1666717529297,3710749
2013-10-25,ONGC,102.50802612304688,189.3000030517578,190.93333435058594,187.36666870117188,187.36666870117188,3787132
2013-10-28,ONGC,103.5368881225586,191.1999969482422,192.53334045410156,189.3000030517578,189.3333282470703,3019206
2013-10-29,ONGC,104.90872955322266,193.73333740234375,194.46665954589844,190.0,192.0,3882574
2013-10-30,ONGC,104.18675994873047,192.39999389648438,195.63333129882812,191.06666564941406,194.6666717529297,2414824
2013-10-31,ONGC,106.02787780761719,195.8000030517578,200.53334045410156,188.39999389648438,193.3333282470703,10221877
2013-11-01,ONGC,103.89791107177734,191.86666870117188,196.1999969482422,190.6666717529297,196.1999969482422,3407955
2013-11-05,ONGC,102.47193145751953,189.23333740234375,192.36666870117188,188.6666717529297,191.6999969482422,4972035
2013-11-06,ONGC,101.74990844726562,187.89999389648438,190.56666564941406,187.3333282470703,189.3000030517578,2818602
2013-11-07,ONGC,102.41780090332031,189.13333129882812,191.8333282470703,187.5,188.63333129882812,3046560
2013-11-08,ONGC,100.12537384033203,184.89999389648438,189.3333282470703,181.1666717529297,188.36666870117188,3551562
2013-11-11,ONGC,97.5441665649414,180.13333129882812,184.6666717529297,179.53334045410156,184.0,3882312
2013-11-12,ONGC,95.9737777709961,177.23333740234375,181.93333435058594,176.6999969482422,180.36666870117188,4685565
2013-11-13,ONGC,97.05680084228516,179.23333740234375,179.96665954589844,175.6666717529297,177.3333282470703,4468278
2013-11-14,ONGC,97.50808715820312,180.06666564941406,183.86666870117188,179.6666717529297,182.39999389648438,3209238
2013-11-18,ONGC,100.73908996582031,186.03334045410156,186.6666717529297,182.0,182.0,3972637
2013-11-19,ONGC,100.12537384033203,184.89999389648438,188.03334045410156,181.86666870117188,185.6999969482422,2838157
2013-11-20,ONGC,99.89073944091797,184.46665954589844,188.3000030517578,182.46665954589844,186.26666259765625,6627633
2013-11-21,ONGC,97.63442993164062,180.3000030517578,184.6999969482422,179.76666259765625,184.3333282470703,3187033
2013-11-22,ONGC,100.43224334716797,185.46665954589844,186.46665954589844,180.6666717529297,180.6666717529297,4349520
2013-11-25,ONGC,104.09646606445312,192.23333740234375,192.6666717529297,186.89999389648438,189.3333282470703,4000981
2013-11-26,ONGC,103.66326141357422,191.43333435058594,192.6666717529297,189.6999969482422,192.1999969482422,3356241
2013-11-27,ONGC,104.65601348876953,193.26666259765625,195.76666259765625,190.23333740234375,190.26666259765625,4553977
2013-11-28,ONGC,105.39608001708984,194.63333129882812,197.10000610351562,192.73333740234375,193.26666259765625,5615382
2013-11-29,ONGC,107.97730255126953,199.39999389648438,199.86666870117188,194.8333282470703,194.8333282470703,4428400
2013-12-02,ONGC,106.46105194091797,196.60000610351562,197.93333435058594,191.8000030517578,194.60000610351562,8868981
2013-12-03,ONGC,105.55856323242188,194.93333435058594,196.6666717529297,193.6666717529297,194.3000030517578,5402737
2013-12-04,ONGC,103.57299041748047,191.26666259765625,195.13333129882812,190.6666717529297,194.36666870117188,4140013
2013-12-05,ONGC,105.01702880859375,193.93333435058594,195.56666564941406,191.8000030517578,194.0,2882589
2013-12-06,ONGC,106.15420532226562,196.03334045410156,199.3333282470703,193.39999389648438,193.93333435058594,4720327
2013-12-09,ONGC,110.12530517578125,203.36666870117188,204.96665954589844,199.76666259765625,200.0,7243480
2013-12-10,ONGC,109.39122772216797,198.6999969482422,202.0,196.93333435058594,201.89999389648438,7227811
2013-12-11,ONGC,107.09734344482422,194.53334045410156,198.3333282470703,192.0,197.63333129882812,3939138
2013-12-12,ONGC,103.97766876220703,188.86666870117188,195.1666717529297,188.5,193.3333282470703,4265002
2013-12-13,ONGC,102.76649475097656,186.6666717529297,189.63333129882812,185.53334045410156,188.03334045410156,2167465
2013-12-16,ONGC,101.53694152832031,184.43333435058594,188.3333282470703,183.36666870117188,187.86666870117188,2401300
2013-12-17,ONGC,100.82125854492188,183.13333129882812,186.39999389648438,182.53334045410156,184.6666717529297,2072871
2013-12-18,ONGC,103.22522735595703,187.5,188.39999389648438,182.0,184.0,2720293
2013-12-19,ONGC,100.4542236328125,182.46665954589844,188.6666717529297,181.0,187.73333740234375,4061350
2013-12-20,ONGC,104.5281982421875,189.86666870117188,191.0,184.06666564941406,184.8000030517578,5963964
2013-12-23,ONGC,105.99626922607422,192.53334045410156,193.3333282470703,189.3000030517578,189.86666870117188,2515168
2013-12-24,ONGC,104.87686920166016,190.5,194.3333282470703,189.6999969482422,193.3333282470703,2232475
2013-12-26,ONGC,107.28087615966797,194.86666870117188,196.3333282470703,191.46665954589844,191.63333129882812,6470409
2013-12-27,ONGC,107.18909454345703,194.6999969482422,195.3000030517578,193.36666870117188,194.93333435058594,2556571
2013-12-30,ONGC,106.27155303955078,193.03334045410156,195.53334045410156,192.0,195.46665954589844,4264729
2013-12-31,ONGC,106.0329818725586,192.60000610351562,194.86666870117188,191.73333740234375,194.26666259765625,4184544
2014-01-01,ONGC,105.73936462402344,192.06666564941406,193.93333435058594,191.56666564941406,193.3333282470703,984393
2014-01-02,ONGC,103.39038848876953,187.8000030517578,195.23333740234375,186.76666259765625,193.3000030517578,2977998
2014-01-03,ONGC,101.22498321533203,183.86666870117188,190.5,183.39999389648438,188.6666717529297,5739327
2014-01-06,ONGC,103.1151351928711,187.3000030517578,189.86666870117188,184.76666259765625,185.3333282470703,3474246
2014-01-07,ONGC,101.39016723632812,184.1666717529297,188.60000610351562,183.36666870117188,187.3333282470703,3450486
2014-01-08,ONGC,100.27069091796875,182.13333129882812,185.8000030517578,181.39999389648438,184.76666259765625,3326023
2014-01-09,ONGC,102.87654876708984,186.86666870117188,187.63333129882812,180.6666717529297,182.6666717529297,3859131
2014-01-10,ONGC,104.25289154052734,189.36666870117188,191.8000030517578,184.0,187.3000030517578,6543391
2014-01-13,ONGC,107.50106811523438,195.26666259765625,195.93333435058594,192.3333282470703,193.3333282470703,5393956
2014-01-14,ONGC,106.5284423828125,193.5,195.26666259765625,191.0,195.26666259765625,4029163
2014-01-15,ONGC,107.09734344482422,194.53334045410156,196.53334045410156,192.0,194.6666717529297,3274846
2014-01-16,ONGC,105.31729125976562,191.3000030517578,196.0,189.10000610351562,196.0,4287568
2014-01-17,ONGC,105.51913452148438,191.6666717529297,194.3333282470703,189.03334045410156,189.36666870117188,6041319
2014-01-20,ONGC,105.39070129394531,191.43333435058594,194.3333282470703,189.6999969482422,191.3333282470703,5956990
2014-01-21,ONGC,105.33561706542969,191.3333282470703,192.6666717529297,189.63333129882812,191.6999969482422,4932865
2014-01-22,ONGC,106.36329650878906,193.1999969482422,193.96665954589844,190.0,191.3333282470703,3596491
2014-01-23,ONGC,104.63827514648438,190.06666564941406,193.0,189.1666717529297,192.6999969482422,4896042
2014-01-24,ONGC,103.94096374511719,188.8000030517578,190.36666870117188,187.63333129882812,189.5,3413026
2014-01-27,ONGC,101.66541290283203,184.6666717529297,187.60000610351562,183.8333282470703,184.06666564941406,4015431
2014-01-28,ONGC,101.02310180664062,183.5,187.0,183.03334045410156,183.36666870117188,3089977
2014-01-29,ONGC,101.66541290283203,184.6666717529297,185.86666870117188,182.6666717529297,183.8333282470703,3441988
2014-01-30,ONGC,99.9036865234375,181.46665954589844,186.06666564941406,180.76666259765625,182.6666717529297,9096282
2014-01-31,ONGC,101.13322448730469,183.6999969482422,184.23333740234375,180.06666564941406,182.1666717529297,4630932
2014-02-03,ONGC,98.2887954711914,178.53334045410156,183.53334045410156,177.36666870117188,182.0,5791563
2014-02-04,ONGC,98.36219787597656,178.6666717529297,179.46665954589844,176.10000610351562,177.03334045410156,4656093
2014-02-05,ONGC,99.18799591064453,180.1666717529297,181.0,176.93333435058594,178.60000610351562,4204678
2014-02-06,ONGC,98.32548522949219,178.60000610351562,182.0,177.3333282470703,180.60000610351562,3090261
2014-02-07,ONGC,98.8393325805664,179.53334045410156,181.23333740234375,178.46665954589844,180.26666259765625,2612397
2014-02-10,ONGC,99.92202758789062,181.5,182.8000030517578,179.3333282470703,179.3333282470703,3487869
2014-02-11,ONGC,101.28002166748047,183.96665954589844,184.1999969482422,180.56666564941406,182.3333282470703,7517380
2014-02-12,ONGC,103.90423583984375,188.73333740234375,189.1999969482422,184.0,184.73333740234375,4983084
2014-02-13,ONGC,100.3808364868164,182.3333282470703,189.3333282470703,181.6999969482422,188.6666717529297,3188418
2014-02-14,ONGC,101.44518280029297,184.26666259765625,184.89999389648438,180.73333740234375,183.3333282470703,3763402
2014-02-17,ONGC,101.94066619873047,185.1666717529297,186.6666717529297,181.8000030517578,184.6666717529297,2211294
2014-02-18,ONGC,101.59200286865234,184.53334045410156,185.96665954589844,180.6666717529297,184.73333740234375,3885427
2014-02-19,ONGC,102.54625701904297,186.26666259765625,186.63333129882812,183.76666259765625,184.6666717529297,2483551
2014-02-20,ONGC,101.37178802490234,184.13333129882812,186.0,183.6999969482422,184.73333740234375,1881969
2014-02-21,ONGC,101.64704895019531,184.63333129882812,185.89999389648438,183.8000030517578,184.63333129882812,1780107
2014-02-24,ONGC,103.57392120361328,188.13333129882812,189.3333282470703,184.06666564941406,184.06666564941406,2267130
2014-02-25,ONGC,103.40876007080078,187.8333282470703,189.60000610351562,186.1999969482422,189.3000030517578,2520849
2014-02-26,ONGC,104.0326919555664,188.96665954589844,190.46665954589844,185.23333740234375,187.3333282470703,9585442
2014-02-28,ONGC,106.93216705322266,194.23333740234375,195.1666717529297,188.1999969482422,188.1999969482422,6271645
2014-03-03,ONGC,106.65693664550781,193.73333740234375,196.0,191.3333282470703,193.03334045410156,3276279
2014-03-04,ONGC,108.58380126953125,197.23333740234375,198.46665954589844,192.86666870117188,193.73333740234375,3145473
2014-03-05,ONGC,110.2904281616211,200.3333282470703,202.03334045410156,198.0,198.0,5290740
2014-03-06,ONGC,113.3551025390625,205.89999389648438,206.6666717529297,200.3333282470703,200.60000610351562,3676197
2014-03-07,ONGC,116.01602172851562,210.73333740234375,212.13333129882812,203.6666717529297,205.93333435058594,5233306
2014-03-10,ONGC,117.41067504882812,213.26666259765625,217.8333282470703,207.0,209.03334045410156,7879053
2014-03-11,ONGC,118.58516693115234,215.39999389648438,216.63333129882812,211.03334045410156,211.6666717529297,8420449
2014-03-12,ONGC,116.3279800415039,211.3000030517578,214.53334045410156,210.13333129882812,213.8333282470703,5924997
2014-03-13,ONGC,118.97052764892578,216.10000610351562,218.0,210.93333435058594,211.3333282470703,7489342
2014-03-14,ONGC,118.45671844482422,215.1666717529297,219.0,214.23333740234375,214.73333740234375,4721476
2014-03-18,ONGC,119.26416015625,216.63333129882812,221.3333282470703,214.36666870117188,215.3333282470703,10533424
2014-03-19,ONGC,115.1718521118164,209.1999969482422,218.96665954589844,208.1999969482422,217.63333129882812,6549433
2014-03-20,ONGC,115.9059066772461,210.53334045410156,211.6666717529297,206.0,209.3333282470703,7422490
2014-03-21,ONGC,112.45586395263672,204.26666259765625,212.56666564941406,203.56666564941406,211.46665954589844,13362849
2014-03-24,ONGC,117.85112762451172,214.06666564941406,214.6666717529297,206.93333435058594,206.93333435058594,10079613
2014-03-25,ONGC,117.41067504882812,213.26666259765625,214.26666259765625,204.1666717529297,206.0,10734699
2014-03-26,ONGC,119.39263916015625,216.86666870117188,218.53334045410156,213.3333282470703,213.6666717529297,5695686
2014-03-27,ONGC,123.09285736083984,220.6666717529297,222.6666717529297,212.03334045410156,214.26666259765625,14993080
2014-03-28,ONGC,122.49781799316406,219.60000610351562,222.60000610351562,218.3000030517578,221.3333282470703,3774826
2014-03-31,ONGC,118.51873016357422,212.46665954589844,223.60000610351562,210.8000030517578,219.03334045410156,6561028
2014-04-01,ONGC,120.41529846191406,215.86666870117188,217.86666870117188,213.6999969482422,214.0,3708562
2014-04-02,ONGC,122.72096252441406,220.0,220.60000610351562,214.86666870117188,216.63333129882812,3885141
2014-04-03,ONGC,121.326416015625,217.5,221.3333282470703,214.86666870117188,221.26666259765625,3753628
2014-04-04,ONGC,121.10326385498047,217.10000610351562,220.0,211.6666717529297,216.96665954589844,18229063
2014-04-07,ONGC,121.08465576171875,217.06666564941406,219.93333435058594,216.03334045410156,217.63333129882812,5333112
2014-04-09,ONGC,119.9132308959961,214.96665954589844,218.6666717529297,212.73333740234375,217.06666564941406,10705383
2014-04-10,ONGC,119.7273178100586,214.63333129882812,215.63333129882812,210.26666259765625,215.3000030517578,11309751
2014-04-11,ONGC,119.00212097167969,213.3333282470703,216.6666717529297,212.36666870117188,213.36666870117188,12173271
2014-04-15,ONGC,118.76042938232422,212.89999389648438,214.1666717529297,210.6666717529297,213.3333282470703,9429672
2014-04-16,ONGC,117.7191162109375,211.03334045410156,214.6666717529297,210.13333129882812,213.56666564941406,6708399
2014-04-17,ONGC,119.87606811523438,214.89999389648438,215.63333129882812,209.03334045410156,211.0,7918710
2014-04-21,ONGC,120.15494537353516,215.39999389648438,217.1666717529297,214.86666870117188,215.3000030517578,4246374
2014-04-22,ONGC,121.36360168457031,217.56666564941406,220.86666870117188,214.6999969482422,215.46665954589844,7023375
2014-04-23,ONGC,121.23345184326172,217.3333282470703,221.63333129882812,214.76666259765625,217.8000030517578,9030352
2014-04-24,ONGC,121.23345184326172,217.3333282470703,217.3333282470703,217.3333282470703,217.3333282470703,0
2014-04-25,ONGC,119.35543060302734,213.96665954589844,219.3333282470703,213.39999389648438,219.23333740234375,5190372
2014-04-28,ONGC,119.50418853759766,214.23333740234375,215.3333282470703,212.6666717529297,213.36666870117188,3444432
2014-04-29,ONGC,119.11370849609375,213.53334045410156,215.6666717529297,212.5,214.8000030517578,2737183
2014-04-30,ONGC,120.89875030517578,216.73333740234375,219.89999389648438,212.1666717529297,213.0,10052065
2014-05-02,ONGC,122.46063995361328,219.53334045410156,221.5,215.10000610351562,217.96665954589844,5110098
2014-05-05,ONGC,124.7291488647461,223.60000610351562,228.96665954589844,218.5,219.39999389648438,7234153
2014-05-06,ONGC,125.39849090576172,224.8000030517578,227.63333129882812,223.60000610351562,224.03334045410156,5298778
2014-05-07,ONGC,124.63618469238281,223.43333435058594,228.0,222.60000610351562,226.6666717529297,5042044
2014-05-08,ONGC,124.20850372314453,222.6666717529297,226.60000610351562,222.0,224.0,5767284
2014-05-09,ONGC,129.396240234375,231.96665954589844,233.3333282470703,219.3333282470703,222.3333282470703,8914516
2014-05-12,ONGC,133.35678100585938,239.06666564941406,240.89999389648438,231.43333435058594,231.43333435058594,8032885
2014-05-13,ONGC,138.56312561035156,248.39999389648438,253.6999969482422,244.26666259765625,248.6666717529297,10452624
2014-05-14,ONGC,136.88963317871094,245.39999389648438,251.96665954589844,243.1666717529297,249.3333282470703,7067424
2014-05-15,ONGC,140.77581787109375,252.36666870117188,253.93333435058594,242.36666870117188,244.93333435058594,8127180
2014-05-16,ONGC,142.85838317871094,256.1000061035156,277.5666809082031,248.39999389648438,261.3333435058594,20039530
2014-05-19,ONGC,154.981689453125,277.8333435058594,280.0,259.5666809082031,262.6333312988281,12196564
2014-05-20,ONGC,148.78985595703125,266.73333740234375,280.0,264.1666564941406,278.9333190917969,10548424
2014-05-21,ONGC,148.17625427246094,265.6333312988281,268.5,260.5333251953125,264.0666809082031,8455851
2014-05-22,ONGC,146.0751953125,261.8666687011719,268.8666687011719,261.3333435058594,266.6666564941406,6734163
2014-05-23,ONGC,151.7091522216797,271.9666748046875,273.9666748046875,261.6000061035156,265.6333312988281,12213408
2014-05-26,ONGC,150.72366333007812,270.20001220703125,283.3333435058594,263.4666748046875,274.6666564941406,8401282
2014-05-27,ONGC,146.91188049316406,263.3666687011719,270.9333190917969,260.0,270.3333435058594,5129259
2014-05-28,ONGC,142.89552307128906,256.1666564941406,263.76666259765625,254.5,263.6666564941406,5545653
2014-05-29,ONGC,139.13951110839844,249.43333435058594,259.3999938964844,245.6666717529297,256.6666564941406,11462808
2014-05-30,ONGC,140.6270751953125,252.10000610351562,259.3333435058594,245.3333282470703,250.13333129882812,8421588
2014-06-02,ONGC,148.58534240722656,266.3666687011719,267.9666748046875,252.1666717529297,253.73333740234375,6657531
2014-06-03,ONGC,154.981689453125,277.8333435058594,282.23333740234375,266.0666809082031,267.6333312988281,10868428
2014-06-04,ONGC,152.8433837890625,274.0,279.3333435058594,272.3333435058594,277.4333190917969,6148531
2014-06-05,ONGC,155.87420654296875,279.4333190917969,285.6666564941406,268.23333740234375,272.70001220703125,17072941
2014-06-06,ONGC,173.1667022705078,310.4333190917969,313.23333740234375,282.8333435058594,283.8999938964844,37784922
2014-06-09,ONGC,168.51821899414062,302.1000061035156,314.5666809082031,298.6666564941406,313.3333435058594,18473593
2014-06-10,ONGC,163.83251953125,293.70001220703125,303.8999938964844,290.4333190917969,303.3333435058594,12297118
2014-06-11,ONGC,158.90505981445312,284.8666687011719,297.79998779296875,283.4333190917969,294.6666564941406,12745080
2014-06-12,ONGC,159.3885040283203,285.73333740234375,293.26666259765625,282.0666809082031,285.3666687011719,11657637
2014-06-13,ONGC,157.17579650878906,281.76666259765625,288.76666259765625,270.73333740234375,287.0333251953125,12884002
2014-06-16,ONGC,158.7562713623047,284.6000061035156,287.1000061035156,275.5666809082031,280.3666687011719,10625092
2014-06-17,ONGC,165.52455139160156,296.73333740234375,298.5333251953125,283.6666564941406,285.0,12718878
2014-06-18,ONGC,164.63204956054688,295.1333312988281,302.3333435058594,288.0,296.8666687011719,11425387
2014-06-19,ONGC,156.46925354003906,280.5,292.20001220703125,272.1666564941406,290.1666564941406,25387198
2014-06-20,ONGC,155.26058959960938,278.3333435058594,286.5333251953125,276.6666564941406,280.3666687011719,12596755
2014-06-23,ONGC,162.73544311523438,291.73333740234375,295.0666809082031,279.5,280.9333190917969,12819609
2014-06-24,ONGC,164.72499084472656,295.29998779296875,297.6000061035156,287.3333435058594,296.6666564941406,15324336
2014-06-25,ONGC,162.45652770996094,291.23333740234375,298.8333435058594,289.6666564941406,296.6666564941406,12658546
2014-06-26,ONGC,152.97354125976562,274.23333740234375,279.4666748046875,270.9333190917969,276.6666564941406,25686180
2014-06-27,ONGC,152.91778564453125,274.1333312988281,278.9666748046875,271.6666564941406,277.6333312988281,9699930
2014-06-30,ONGC,157.99391174316406,283.23333740234375,284.4333190917969,276.8333435058594,278.6000061035156,11039449
2014-07-01,ONGC,157.34317016601562,282.0666809082031,286.6666564941406,280.8666687011719,286.0,9622063
2014-07-02,ONGC,158.6446990966797,284.3999938964844,286.1000061035156,281.0333251953125,284.0,7481248
2014-07-03,ONGC,155.5023193359375,278.76666259765625,286.3999938964844,278.1333312988281,285.9333190917969,7705696
2014-07-04,ONGC,156.85971069335938,281.20001220703125,282.9333190917969,274.3666687011719,276.79998779296875,12160971
2014-07-07,ONGC,154.53538513183594,277.0333251953125,283.79998779296875,275.9666748046875,283.79998779296875,7460151
2014-07-08,ONGC,147.5254669189453,264.4666748046875,279.8333435058594,262.73333740234375,279.79998779296875,15089377
2014-07-09,ONGC,150.593505859375,269.9666748046875,272.4333190917969,260.3666687011719,266.20001220703125,10190839
2014-07-10,ONGC,150.24021911621094,269.3333435058594,277.0,263.26666259765625,269.9666748046875,15043843
2014-07-11,ONGC,147.32093811035156,264.1000061035156,269.8333435058594,261.3333435058594,268.70001220703125,9809556
2014-07-14,ONGC,149.77537536621094,268.5,269.1666564941406,262.6000061035156,264.26666259765625,7419187
2014-07-15,ONGC,153.45700073242188,275.1000061035156,276.1333312988281,269.3333435058594,269.8333435058594,8149551
2014-07-16,ONGC,154.7399444580078,277.3999938964844,278.5333251953125,273.3333435058594,276.0,7964590
2014-07-17,ONGC,153.6800994873047,275.5,277.3333435058594,270.0666809082031,274.73333740234375,9482181
2014-07-18,ONGC,152.65744018554688,273.6666564941406,276.0,271.3333435058594,274.8333435058594,6602628
2014-07-21,ONGC,151.2442626953125,271.1333312988281,275.3333435058594,270.3999938964844,272.6666564941406,2933737
2014-07-22,ONGC,152.06240844726562,272.6000061035156,273.8666687011719,270.9333190917969,271.3333435058594,4598307
2014-07-23,ONGC,150.72366333007812,270.20001220703125,274.6000061035156,269.4333190917969,273.3333435058594,5660788
2014-07-24,ONGC,150.5749053955078,269.9333190917969,272.5666809082031,268.0,271.9333190917969,4114102
2014-07-25,ONGC,149.1617431640625,267.3999938964844,271.5333251953125,266.1333312988281,270.0,4801530
2014-07-28,ONGC,146.8374786376953,263.23333740234375,269.1000061035156,260.73333740234375,267.3333435058594,3835146
2014-07-30,ONGC,148.36219787597656,265.9666748046875,267.76666259765625,263.3333435058594,263.6666564941406,7261677
2014-07-31,ONGC,147.0234375,263.5666809082031,267.8666687011719,262.3333435058594,265.4333190917969,9600274
2014-08-01,ONGC,143.67649841308594,257.5666809082031,263.9666748046875,256.3333435058594,262.76666259765625,6515214
2014-08-04,ONGC,146.05653381347656,261.8333435058594,263.4333190917969,256.1000061035156,258.6666564941406,3487069
2014-08-05,ONGC,150.7050018310547,270.1666564941406,271.23333740234375,262.73333740234375,262.73333740234375,8244942
2014-08-06,ONGC,147.59983825683594,264.6000061035156,270.9666748046875,263.3999938964844,269.4333190917969,4674040
2014-08-07,ONGC,148.77127075195312,266.70001220703125,269.3333435058594,262.6666564941406,262.6666564941406,4742947
2014-08-08,ONGC,146.5957489013672,262.79998779296875,264.0,260.0,263.3333435058594,4733724
2014-08-11,ONGC,146.4098358154297,262.4666748046875,264.9333190917969,261.5333251953125,263.8333435058594,3057232
2014-08-12,ONGC,150.81663513183594,270.3666687011719,271.3333435058594,263.1000061035156,263.1000061035156,6757077
2014-08-13,ONGC,149.49647521972656,268.0,275.6000061035156,266.6666564941406,274.0,8962455
2014-08-14,ONGC,152.50868225097656,273.3999938964844,274.0,262.29998779296875,265.26666259765625,9458554
2014-08-18,ONGC,160.392578125,287.5333251953125,289.4666748046875,273.3999938964844,274.6666564941406,12905989
2014-08-19,ONGC,161.84288024902344,290.1333312988281,293.6666564941406,284.76666259765625,290.5333251953125,15688128
2014-08-20,ONGC,157.6778106689453,282.6666564941406,290.5333251953125,281.3333435058594,290.1333312988281,8265483
2014-08-21,ONGC,158.38441467285156,283.9333190917969,286.6000061035156,281.0,282.9666748046875,8002251
2014-08-22,ONGC,158.81211853027344,284.70001220703125,289.6333312988281,283.6666564941406,285.3333435058594,7644318
2014-08-25,ONGC,159.4442901611328,285.8333435058594,289.9333190917969,284.76666259765625,286.0,7537042
2014-08-26,ONGC,155.446533203125,278.6666564941406,287.73333740234375,274.6666564941406,286.6666564941406,9017682
2014-08-27,ONGC,159.22113037109375,285.4333190917969,286.6000061035156,282.26666259765625,283.3333435058594,10929312
2014-08-28,ONGC,161.7685089111328,290.0,292.6666564941406,282.6666564941406,286.0,12690828
2014-09-01,ONGC,163.46058654785156,293.0333251953125,294.6333312988281,290.8333435058594,293.23333740234375,5520775
2014-09-02,ONGC,165.3200225830078,296.3666687011719,296.8333435058594,289.4666748046875,292.6666564941406,6475477
2014-09-03,ONGC,162.47511291503906,291.26666259765625,300.1666564941406,290.0,300.0,8238322
2014-09-04,ONGC,162.69825744628906,291.6666564941406,293.20001220703125,287.3999938964844,291.3333435058594,3714918
2014-09-05,ONGC,164.94813537597656,295.70001220703125,297.73333740234375,290.73333740234375,291.4666748046875,7008955
2014-09-08,ONGC,169.26193237304688,303.4333190917969,304.3333435058594,298.20001220703125,298.6666564941406,9119499
2014-09-09,ONGC,167.12362670898438,299.6000061035156,305.29998779296875,296.0,305.26666259765625,5288946
2014-09-10,ONGC,165.63607788085938,296.9333190917969,300.5333251953125,295.0333251953125,296.73333740234375,3259467
2014-09-11,ONGC,159.81292724609375,286.3333435058594,298.5333251953125,285.3333435058594,297.6666564941406,8591338
2014-09-12,ONGC,159.4966278076172,285.76666259765625,289.9333190917969,283.4666748046875,287.4333190917969,3971070
2014-09-15,ONGC,156.5943603515625,280.5666809082031,285.1666564941406,280.0333251953125,283.3333435058594,2794242
2014-09-16,ONGC,152.09201049804688,272.5,282.0,271.4666748046875,281.26666259765625,9518068
2014-09-17,ONGC,151.64553833007812,271.70001220703125,275.0666809082031,269.3999938964844,273.1666564941406,7635334
2014-09-18,ONGC,154.00827026367188,275.9333190917969,277.4666748046875,269.5,272.5333251953125,6420261
2014-09-19,ONGC,150.3245849609375,269.3333435058594,278.4666748046875,267.70001220703125,277.6666564941406,12608911
2014-09-22,ONGC,155.94317626953125,279.3999938964844,280.1333312988281,268.5,269.29998779296875,5338720
2014-09-23,ONGC,151.552490234375,271.5333251953125,281.20001220703125,270.8666687011719,280.6666564941406,5380033
2014-09-24,ONGC,153.93385314941406,275.79998779296875,277.1333312988281,268.1333312988281,271.26666259765625,6121734
2014-09-25,ONGC,148.9664306640625,266.8999938964844,275.3333435058594,263.3999938964844,272.6666564941406,7378908
2014-09-26,ONGC,153.31991577148438,274.70001220703125,275.6333312988281,265.6666564941406,265.6666564941406,5834845
2014-09-29,ONGC,151.62689208984375,271.6666564941406,276.8666687011719,270.3666687011719,274.6666564941406,3521475
2014-09-30,ONGC,152.017578125,272.3666687011719,277.6000061035156,269.1333312988281,269.1333312988281,4990255
2014-10-01,ONGC,149.89671325683594,268.5666809082031,273.29998779296875,267.5333251953125,273.23333740234375,3954946
2014-10-07,ONGC,147.6269073486328,264.5,270.29998779296875,262.20001220703125,266.3333435058594,6786441
2014-10-08,ONGC,151.12460327148438,270.76666259765625,271.6666564941406,264.5,264.5,5644522
2014-10-09,ONGC,153.09666442871094,274.29998779296875,276.23333740234375,271.3333435058594,271.3333435058594,4494475
2014-10-10,ONGC,150.39901733398438,269.4666748046875,273.3333435058594,268.6666564941406,272.0,3894454
2014-10-13,ONGC,151.3478240966797,271.1666564941406,272.3333435058594,265.23333740234375,268.5333251953125,3907357
2014-10-14,ONGC,149.63623046875,268.1000061035156,272.9666748046875,267.0,271.3666687011719,4934026
2014-10-15,ONGC,149.63623046875,268.1000061035156,268.1000061035156,268.1000061035156,268.1000061035156,0
2014-10-16,ONGC,147.75714111328125,264.73333740234375,272.3333435058594,263.3333435058594,265.3999938964844,9134776
2014-10-17,ONGC,147.75714111328125,264.73333740234375,266.76666259765625,261.3333435058594,264.79998779296875,6550810
2014-10-20,ONGC,155.9059600830078,279.3333435058594,286.0,276.6666564941406,286.0,22879903
2014-10-21,ONGC,151.8129425048828,272.0,280.6000061035156,270.3666687011719,280.0,9797076
2014-10-22,ONGC,148.63157653808594,266.29998779296875,274.6666564941406,264.3666687011719,274.29998779296875,11612370
2014-10-27,ONGC,146.84555053710938,263.1000061035156,270.6666564941406,262.3999938964844,270.1000061035156,4685409
2014-10-28,ONGC,145.74789428710938,261.1333312988281,265.1666564941406,259.1000061035156,264.3333435058594,7865698
2014-10-29,ONGC,146.15724182128906,261.8666687011719,264.23333740234375,260.8999938964844,263.73333740234375,6179238
2014-10-30,ONGC,147.3106231689453,263.9333190917969,265.3333435058594,261.70001220703125,261.8666687011719,7728825
2014-10-31,ONGC,150.75250244140625,270.1000061035156,271.1000061035156,265.1000061035156,266.1000061035156,8708932
2014-11-03,ONGC,150.52923583984375,269.70001220703125,272.0,268.70001220703125,270.6666564941406,5799951
2014-11-05,ONGC,150.17575073242188,269.0666809082031,271.73333740234375,266.73333740234375,270.8333435058594,7183192
2014-11-07,ONGC,152.4268798828125,273.1000061035156,274.4666748046875,266.8666687011719,266.8666687011719,8287570
2014-11-10,ONGC,146.67807006835938,262.79998779296875,275.0,262.3999938964844,274.6000061035156,9543430
2014-11-11,ONGC,146.91993713378906,263.23333740234375,266.20001220703125,259.0333251953125,263.6666564941406,7751751
2014-11-12,ONGC,146.47344970703125,262.4333190917969,265.6333312988281,261.70001220703125,263.6333312988281,4509726
2014-11-13,ONGC,143.55255126953125,257.20001220703125,264.6666564941406,255.0,264.29998779296875,6014187
2014-11-14,ONGC,146.32461547851562,262.1666564941406,263.1333312988281,256.73333740234375,257.3666687011719,7265805
2014-11-17,ONGC,147.51527404785156,264.29998779296875,266.0666809082031,261.0333251953125,262.29998779296875,5573646
2014-11-18,ONGC,145.357177734375,260.4333190917969,265.4666748046875,260.0,265.1333312988281,4845523
2014-11-19,ONGC,142.9385986328125,256.1000061035156,263.0666809082031,254.53334045410156,259.3333435058594,6800514
2014-11-20,ONGC,143.53392028808594,257.1666564941406,260.0,254.6666717529297,256.0,4887421
2014-11-21,ONGC,142.62232971191406,255.53334045410156,259.79998779296875,254.93333435058594,255.63333129882812,5210932
2014-11-24,ONGC,141.7292938232422,253.93333435058594,257.8666687011719,252.23333740234375,255.3333282470703,4075122
2014-11-25,ONGC,143.7943878173828,257.6333312988281,259.20001220703125,250.0,253.3333282470703,6929941
2014-11-26,ONGC,143.58973693847656,257.26666259765625,260.3666687011719,254.6999969482422,255.46665954589844,5471631
2014-11-27,ONGC,142.25021362304688,254.86666870117188,258.5666809082031,253.3333282470703,256.3666687011719,9604549
2014-11-28,ONGC,141.17115783691406,252.93333435058594,259.3333435058594,251.3000030517578,253.5,7112151
2014-12-01,ONGC,135.6083984375,242.96665954589844,254.6666717529297,242.03334045410156,252.13333129882812,12037518
2014-12-02,ONGC,134.1386260986328,240.3333282470703,246.6666717529297,239.23333740234375,243.5,7240519
2014-12-03,ONGC,138.2130584716797,247.63333129882812,251.26666259765625,240.03334045410156,240.3333282470703,13800768
2014-12-04,ONGC,137.97117614746094,247.1999969482422,252.26666259765625,246.06666564941406,250.3333282470703,6560122
2014-12-05,ONGC,135.92469787597656,243.53334045410156,249.86666870117188,243.1999969482422,248.6666717529297,6627583
2014-12-08,ONGC,137.0409393310547,245.53334045410156,247.96665954589844,242.3333282470703,242.96665954589844,5229220
2014-12-09,ONGC,131.01309204101562,234.73333740234375,245.26666259765625,233.6666717529297,244.13333129882812,9107974
2014-12-10,ONGC,134.36187744140625,240.73333740234375,241.23333740234375,232.8333282470703,232.8333282470703,6069868
2014-12-11,ONGC,130.02700805664062,232.96665954589844,240.0,231.76666259765625,239.3333282470703,5716879
2014-12-12,ONGC,125.43172454833984,224.73333740234375,234.5,224.03334045410156,233.6666717529297,8480649
2014-12-15,ONGC,127.64567565917969,228.6999969482422,230.6666717529297,223.3333282470703,223.96665954589844,7292032
2014-12-16,ONGC,126.7016830444336,223.6999969482422,225.73333740234375,219.39999389648438,225.26666259765625,7586122
2014-12-17,ONGC,129.51475524902344,228.6666717529297,230.0,220.6999969482422,223.63333129882812,9591840
2014-12-18,ONGC,130.25106811523438,229.96665954589844,234.0,228.63333129882812,233.36666870117188,7701517
2014-12-19,ONGC,131.95021057128906,232.96665954589844,236.0,229.36666870117188,231.36666870117188,6072133
2014-12-22,ONGC,135.00875854492188,238.36666870117188,238.86666870117188,233.3333282470703,233.3333282470703,4221223
2014-12-23,ONGC,132.93199157714844,234.6999969482422,238.3333282470703,233.46665954589844,238.0,3041233
2014-12-24,ONGC,129.89231872558594,229.3333282470703,236.0,227.89999389648438,235.3000030517578,12132430
2014-12-26,ONGC,130.06228637695312,229.63333129882812,231.96665954589844,227.36666870117188,230.0,1946757
2014-12-29,ONGC,130.98736572265625,231.26666259765625,234.3333282470703,230.3000030517578,230.3000030517578,2147110
2014-12-30,ONGC,129.00498962402344,227.76666259765625,230.39999389648438,227.23333740234375,230.0,2561664
2014-12-31,ONGC,128.8917236328125,227.56666564941406,229.86666870117188,226.3333282470703,226.6666717529297,2655874
2015-01-01,ONGC,129.9112548828125,229.36666870117188,229.8333282470703,226.73333740234375,226.8333282470703,1849323
2015-01-02,ONGC,131.85586547851562,232.8000030517578,235.0,229.39999389648438,229.39999389648438,3736468
2015-01-05,ONGC,133.34732055664062,235.43333435058594,238.6666717529297,230.6666717529297,231.3333282470703,6074619
2015-01-06,ONGC,125.79544830322266,222.10000610351562,232.63333129882812,220.39999389648438,232.36666870117188,9024997
2015-01-07,ONGC,127.6456298828125,225.36666870117188,227.6999969482422,218.73333740234375,222.0,8937670
2015-01-08,ONGC,129.06163024902344,227.86666870117188,229.23333740234375,223.6666717529297,228.63333129882812,6578931
2015-01-09,ONGC,132.5354766845703,234.0,237.93333435058594,224.26666259765625,231.39999389648438,13223764
2015-01-12,ONGC,131.28944396972656,231.8000030517578,234.93333435058594,229.63333129882812,234.6999969482422,3157549
2015-01-13,ONGC,128.3631134033203,226.63333129882812,232.39999389648438,225.53334045410156,232.0,7395021
2015-01-14,ONGC,129.9112548828125,229.36666870117188,230.6666717529297,226.0,226.6666717529297,6704722
2015-01-15,ONGC,130.8363494873047,231.0,235.3333282470703,228.43333435058594,232.6666717529297,10737987
2015-01-16,ONGC,131.06289672851562,231.39999389648438,234.6666717529297,228.89999389648438,230.0,4284924
2015-01-19,ONGC,131.21392822265625,231.6666717529297,235.3333282470703,230.53334045410156,232.73333740234375,3049690
2015-01-20,ONGC,132.27114868164062,233.53334045410156,234.3333282470703,231.53334045410156,234.3333282470703,4842070
2015-01-21,ONGC,130.6663818359375,230.6999969482422,233.6666717529297,229.39999389648438,233.43333435058594,8863149
2015-01-22,ONGC,133.2529296875,235.26666259765625,236.56666564941406,230.5,231.3333282470703,8061763
2015-01-23,ONGC,131.7047882080078,232.53334045410156,237.3333282470703,231.6999969482422,236.6666717529297,6424399
2015-01-27,ONGC,132.25234985351562,233.5,234.39999389648438,230.6999969482422,233.3333282470703,4689873
2015-01-28,ONGC,133.6305389404297,235.93333435058594,237.6666717529297,232.36666870117188,233.3333282470703,7037476
2015-01-29,ONGC,132.8753204345703,234.60000610351562,237.0,231.6666717529297,234.6666717529297,10551229
2015-01-30,ONGC,132.6676483154297,234.23333740234375,236.96665954589844,232.03334045410156,234.60000610351562,6162442
2015-02-02,ONGC,132.1012725830078,233.23333740234375,238.53334045410156,232.39999389648438,236.6666717529297,3717522
2015-02-03,ONGC,135.7261199951172,239.63333129882812,240.6666717529297,234.6666717529297,235.06666564941406,7617916
2015-02-04,ONGC,139.1623077392578,245.6999969482422,249.1999969482422,241.39999389648438,244.10000610351562,12396304
2015-02-05,ONGC,134.6689453125,237.76666259765625,245.6666717529297,236.03334045410156,245.39999389648438,3953791
2015-02-06,ONGC,132.5354766845703,234.0,240.8333282470703,231.8000030517578,240.0,5834608
2015-02-09,ONGC,134.55563354492188,237.56666564941406,238.56666564941406,232.73333740234375,232.73333740234375,4045851
2015-02-10,ONGC,133.91371154785156,236.43333435058594,239.39999389648438,234.0,236.6666717529297,3438390
2015-02-11,ONGC,130.25106811523438,229.96665954589844,237.60000610351562,229.3333282470703,236.6666717529297,3754929
2015-02-12,ONGC,130.8174285888672,230.96665954589844,233.73333740234375,226.23333740234375,230.6666717529297,6518277
2015-02-13,ONGC,128.21205139160156,226.36666870117188,229.26666259765625,225.5,226.36666870117188,9134797
2015-02-16,ONGC,128.55189514160156,226.96665954589844,229.8000030517578,224.6666717529297,225.0,5713141
2015-02-18,ONGC,125.58776092529297,221.73333740234375,229.26666259765625,221.3333282470703,227.56666564941406,7747543
2015-02-19,ONGC,125.90876007080078,222.3000030517578,223.96665954589844,220.39999389648438,222.6666717529297,5393952
2015-02-20,ONGC,124.87032318115234,220.46665954589844,223.93333435058594,220.0,222.93333435058594,4764178
2015-02-23,ONGC,122.66144561767578,216.56666564941406,222.36666870117188,215.8000030517578,221.13333129882812,4667715
2015-02-24,ONGC,118.96099853515625,210.03334045410156,217.86666870117188,208.43333435058594,217.39999389648438,11394412
2015-02-25,ONGC,119.7539291381836,211.43333435058594,215.56666564941406,210.10000610351562,211.86666870117188,7747527
2015-02-26,ONGC,120.58466339111328,212.89999389648438,214.8000030517578,210.36666870117188,213.3333282470703,8330061
2015-02-27,ONGC,122.62367248535156,216.5,217.3333282470703,212.6666717529297,212.6666717529297,10424124
2015-03-02,ONGC,120.84898376464844,213.36666870117188,219.73333740234375,211.60000610351562,219.1999969482422,9150904
2015-03-03,ONGC,121.01888275146484,213.6666717529297,217.3333282470703,211.3333282470703,213.36666870117188,9377275
2015-03-04,ONGC,121.03781127929688,213.6999969482422,217.8333282470703,212.53334045410156,214.96665954589844,12393369
2015-03-05,ONGC,120.81124877929688,213.3000030517578,214.3000030517578,211.60000610351562,214.03334045410156,5311246
2015-03-09,ONGC,119.31974029541016,210.6666717529297,212.3333282470703,209.39999389648438,211.89999389648438,8394541
2015-03-10,ONGC,118.71556854248047,209.60000610351562,212.63333129882812,205.43333435058594,212.0,10846846
2015-03-11,ONGC,116.8653564453125,206.3333282470703,211.26666259765625,206.0,210.0,7587334
2015-03-12,ONGC,117.88484191894531,208.13333129882812,209.3000030517578,205.93333435058594,207.3333282470703,5494894
2015-03-13,ONGC,118.52677917480469,209.26666259765625,211.1999969482422,207.53334045410156,208.73333740234375,5558430
2015-03-16,ONGC,117.80933380126953,208.0,209.73333740234375,207.39999389648438,209.23333740234375,3707103
2015-03-17,ONGC,118.64006042480469,209.46665954589844,210.3333282470703,206.6999969482422,208.06666564941406,3799833
2015-03-18,ONGC,116.7520751953125,206.13333129882812,210.3000030517578,205.3333282470703,210.0,4852030
2015-03-19,ONGC,117.77159118652344,207.93333435058594,209.26666259765625,206.13333129882812,206.60000610351562,5367529
2015-03-20,ONGC,117.56391906738281,207.56666564941406,208.6666717529297,205.60000610351562,208.13333129882812,4793802
2015-03-23,ONGC,118.71556854248047,209.60000610351562,210.23333740234375,207.23333740234375,207.3333282470703,4589812
2015-03-24,ONGC,119.86294555664062,208.93333435058594,210.0,206.0,207.06666564941406,3764554
2015-03-25,ONGC,118.42869567871094,206.43333435058594,210.96665954589844,205.8000030517578,210.43333435058594,4139605
2015-03-26,ONGC,115.34992980957031,201.06666564941406,207.60000610351562,199.1999969482422,207.3333282470703,11858041
2015-03-27,ONGC,116.63117980957031,203.3000030517578,205.56666564941406,200.93333435058594,201.96665954589844,5891944
2015-03-30,ONGC,120.5513687133789,210.13333129882812,211.60000610351562,202.56666564941406,203.3333282470703,6601768
2015-03-31,ONGC,117.16661071777344,204.23333740234375,213.06666564941406,203.0,210.63333129882812,6853342
2015-04-01,ONGC,117.20484924316406,204.3000030517578,206.1666717529297,203.6666717529297,204.6666717529297,3321565
2015-04-06,ONGC,121.33541107177734,211.5,212.1666717529297,205.3333282470703,205.39999389648438,5556453
2015-04-07,ONGC,122.00471496582031,212.6666717529297,213.6666717529297,210.0,213.3333282470703,3490815
2015-04-08,ONGC,119.70994567871094,208.6666717529297,212.6666717529297,207.93333435058594,212.6666717529297,5976249
2015-04-09,ONGC,118.61994171142578,206.76666259765625,210.53334045410156,205.6666717529297,209.6666717529297,5713269
2015-04-10,ONGC,118.46696472167969,206.5,210.53334045410156,206.10000610351562,206.8000030517578,8693394
2015-04-13,ONGC,119.27012634277344,207.89999389648438,209.0,206.73333740234375,209.0,2797114
2015-04-15,ONGC,121.2971420288086,211.43333435058594,215.13333129882812,207.6666717529297,208.53334045410156,9083739
2015-04-16,ONGC,125.3130111694336,218.43333435058594,219.1666717529297,212.3333282470703,212.39999389648438,9836785
2015-04-17,ONGC,126.21177673339844,220.0,221.89999389648438,218.6666717529297,219.6666717529297,6401871
2015-04-20,ONGC,123.07560729980469,214.53334045410156,221.93333435058594,210.8000030517578,219.89999389648438,4536202
2015-04-21,ONGC,122.52103424072266,213.56666564941406,218.26666259765625,212.1999969482422,215.06666564941406,4822603
2015-04-22,ONGC,119.44225311279297,208.1999969482422,215.89999389648438,206.36666870117188,214.03334045410156,7356646
2015-04-23,ONGC,117.77851104736328,205.3000030517578,210.26666259765625,204.53334045410156,210.0,5199051
2015-04-24,ONGC,121.18241882324219,211.23333740234375,212.60000610351562,205.10000610351562,206.6666717529297,7401441
2015-04-27,ONGC,118.31398010253906,206.23333740234375,211.96665954589844,205.39999389648438,211.96665954589844,3309372
2015-04-28,ONGC,117.62557220458984,205.03334045410156,209.06666564941406,202.6999969482422,206.0,5021299
2015-04-29,ONGC,117.1474609375,204.1999969482422,206.36666870117188,202.73333740234375,205.03334045410156,4445740
2015-04-30,ONGC,116.26781463623047,202.6666717529297,205.86666870117188,202.06666564941406,204.56666564941406,9699340
2015-05-04,ONGC,125.58069610595703,218.89999389648438,220.3333282470703,204.06666564941406,204.06666564941406,16873108
2015-05-05,ONGC,130.8586883544922,228.10000610351562,228.8000030517578,219.0,220.6666717529297,24530452
2015-05-06,ONGC,125.40861511230469,218.60000610351562,227.1999969482422,216.73333740234375,226.39999389648438,10301064
2015-05-07,ONGC,122.40631866455078,213.36666870117188,220.86666870117188,211.0,220.0,5843113
2015-05-08,ONGC,120.66614532470703,210.3333282470703,216.26666259765625,209.23333740234375,213.96665954589844,6429162
2015-05-11,ONGC,122.00471496582031,212.6666717529297,213.86666870117188,210.03334045410156,211.26666259765625,5431555
2015-05-12,ONGC,118.42869567871094,206.43333435058594,213.63333129882812,204.8000030517578,213.39999389648438,4464550
2015-05-13,ONGC,118.98326110839844,207.39999389648438,211.8000030517578,205.6666717529297,208.10000610351562,5646844
2015-05-14,ONGC,120.91473388671875,210.76666259765625,211.3333282470703,206.10000610351562,208.06666564941406,4257052
2015-05-15,ONGC,121.96646118164062,212.60000610351562,213.13333129882812,208.3333282470703,210.60000610351562,3325147
2015-05-18,ONGC,123.0564956665039,214.5,216.39999389648438,213.10000610351562,213.53334045410156,4586017
2015-05-19,ONGC,121.4692611694336,211.73333740234375,214.1999969482422,210.36666870117188,212.89999389648438,4366932
2015-05-20,ONGC,120.30279541015625,209.6999969482422,212.8333282470703,209.3333282470703,211.3333282470703,3059541
2015-05-21,ONGC,121.73696899414062,212.1999969482422,212.63333129882812,209.60000610351562,210.93333435058594,3139372
2015-05-22,ONGC,123.55368041992188,215.36666870117188,216.6666717529297,212.8000030517578,215.6666717529297,3893322
2015-05-25,ONGC,126.03965759277344,219.6999969482422,220.5,215.46665954589844,216.0,5574003
2015-05-26,ONGC,123.34333801269531,215.0,220.56666564941406,214.3333282470703,220.0,2979945
2015-05-27,ONGC,126.97667694091797,221.3333282470703,222.23333740234375,213.76666259765625,216.0,3477921
2015-05-28,ONGC,125.40861511230469,218.60000610351562,224.8000030517578,216.1999969482422,223.3333282470703,8512186
2015-05-29,ONGC,126.1543960571289,219.89999389648438,221.1999969482422,208.8000030517578,212.0,13023642
2015-06-01,ONGC,123.95526123046875,216.06666564941406,219.93333435058594,214.93333435058594,219.3333282470703,2889510
2015-06-02,ONGC,122.50192260742188,213.53334045410156,219.1666717529297,212.1999969482422,219.1666717529297,4511451
2015-06-03,ONGC,117.74029541015625,205.23333740234375,215.53334045410156,204.3333282470703,213.53334045410156,5149029
2015-06-04,ONGC,115.2542953491211,200.89999389648438,206.53334045410156,200.1666717529297,206.53334045410156,7210408
2015-06-05,ONGC,117.87416076660156,205.46665954589844,208.3000030517578,198.1999969482422,201.63333129882812,8311552
2015-06-08,ONGC,117.18571472167969,204.26666259765625,206.6666717529297,203.39999389648438,206.6666717529297,3424894
2015-06-09,ONGC,115.29252624511719,200.96665954589844,204.53334045410156,200.23333740234375,203.39999389648438,3158752
2015-06-10,ONGC,116.78417205810547,203.56666564941406,205.3333282470703,201.3333282470703,201.3333282470703,4509799
2015-06-11,ONGC,115.12042236328125,200.6666717529297,205.63333129882812,200.26666259765625,204.06666564941406,3997858
2015-06-12,ONGC,114.89095306396484,200.26666259765625,201.96665954589844,199.6666717529297,200.6666717529297,2924445
2015-06-15,ONGC,116.24871826171875,202.63333129882812,204.60000610351562,199.03334045410156,200.6666717529297,4211761
2015-06-16,ONGC,116.43992614746094,202.96665954589844,203.53334045410156,200.0,202.63333129882812,3878482
2015-06-17,ONGC,117.03275299072266,204.0,204.8333282470703,202.23333740234375,203.3333282470703,7374735
2015-06-18,ONGC,119.65258026123047,208.56666564941406,210.13333129882812,203.5,204.26666259765625,6067755
2015-06-19,ONGC,122.06208801269531,212.76666259765625,214.0,209.39999389648438,209.8333282470703,5823981
2015-06-22,ONGC,121.77522277832031,212.26666259765625,213.3333282470703,209.3333282470703,213.3333282470703,4448203
2015-06-23,ONGC,121.96646118164062,212.60000610351562,215.60000610351562,211.86666870117188,212.6666717529297,3509530
2015-06-24,ONGC,121.58403778076172,211.93333435058594,215.3333282470703,210.76666259765625,213.3000030517578,3734515
2015-06-25,ONGC,119.69084167480469,208.63333129882812,213.53334045410156,207.8000030517578,211.13333129882812,7207431
2015-06-26,ONGC,119.78645324707031,208.8000030517578,210.3333282470703,207.06666564941406,208.6666717529297,1821207
2015-06-29,ONGC,118.1992416381836,206.03334045410156,207.1999969482422,204.0,206.06666564941406,2261232
2015-06-30,ONGC,118.40961456298828,206.39999389648438,207.56666564941406,205.0,205.46665954589844,3225894
2015-07-01,ONGC,120.0541763305664,209.26666259765625,211.39999389648438,205.8000030517578,206.0,4331775
2015-07-02,ONGC,118.56257629394531,206.6666717529297,210.06666564941406,206.3000030517578,209.3333282470703,3314205
2015-07-03,ONGC,118.25660705566406,206.13333129882812,208.53334045410156,205.56666564941406,208.0,4952577
2015-07-06,ONGC,117.89327239990234,205.5,206.0,202.8000030517578,203.6999969482422,3164748
2015-07-07,ONGC,116.63117980957031,203.3000030517578,206.03334045410156,203.06666564941406,205.6666717529297,3602245
2015-07-08,ONGC,115.86624145507812,201.96665954589844,205.1666717529297,201.1999969482422,202.0,3476700
2015-07-09,ONGC,114.24079132080078,199.13333129882812,203.26666259765625,198.26666259765625,202.1666717529297,5336425
2015-07-10,ONGC,112.40496063232422,195.93333435058594,201.1999969482422,194.26666259765625,201.1999969482422,10773607
2015-07-13,ONGC,111.14286041259766,193.73333740234375,197.26666259765625,191.76666259765625,196.86666870117188,7725928
2015-07-14,ONGC,110.79862976074219,193.13333129882812,195.26666259765625,191.8000030517578,193.3333282470703,4437270
2015-07-15,ONGC,111.37232971191406,194.13333129882812,196.8333282470703,193.8000030517578,194.1666717529297,4577782
2015-07-16,ONGC,111.52531433105469,194.39999389648438,196.5,193.39999389648438,194.3333282470703,3341661
2015-07-17,ONGC,111.98426818847656,195.1999969482422,196.23333740234375,193.89999389648438,195.13333129882812,2702260
2015-07-20,ONGC,111.62094116210938,194.56666564941406,196.06666564941406,193.6666717529297,195.3333282470703,1863025
2015-07-21,ONGC,107.56685638427734,187.5,194.60000610351562,186.8000030517578,194.53334045410156,4128988
2015-07-22,ONGC,108.94369506835938,189.89999389648438,191.96665954589844,187.6666717529297,187.6666717529297,3767242
2015-07-23,ONGC,108.561279296875,189.23333740234375,190.3000030517578,186.36666870117188,190.0,5707321
2015-07-24,ONGC,108.17878723144531,188.56666564941406,190.60000610351562,187.76666259765625,189.0,3961647
2015-07-27,ONGC,103.83787536621094,181.0,188.56666564941406,180.0,188.0,10950876
2015-07-28,ONGC,103.20682525634766,179.89999389648438,181.6666717529297,175.63333129882812,181.39999389648438,8345236
2015-07-29,ONGC,103.16856384277344,179.8333282470703,181.06666564941406,176.6666717529297,180.6666717529297,10220164
2015-07-30,ONGC,103.6084213256836,180.60000610351562,182.93333435058594,180.06666564941406,181.93333435058594,5602353
2015-07-31,ONGC,104.29684448242188,181.8000030517578,184.3333282470703,180.8000030517578,181.0,3895096
2015-08-03,ONGC,104.66015625,182.43333435058594,185.0,178.6999969482422,181.93333435058594,4666620
2015-08-04,ONGC,101.8681869506836,177.56666564941406,182.5,176.46665954589844,182.5,7648746
2015-08-05,ONGC,103.26419830322266,180.0,181.3333282470703,178.60000610351562,179.3333282470703,3759064
2015-08-06,ONGC,103.62754821777344,180.63333129882812,182.3333282470703,179.63333129882812,180.6666717529297,3982426
2015-08-07,ONGC,108.17878723144531,188.56666564941406,189.3000030517578,179.6999969482422,180.0,14143717
2015-08-10,ONGC,105.19560241699219,183.36666870117188,189.8000030517578,182.6666717529297,189.3333282470703,4017831
2015-08-11,ONGC,103.2833023071289,180.03334045410156,184.43333435058594,179.36666870117188,184.43333435058594,2668081
2015-08-12,ONGC,103.01557922363281,179.56666564941406,181.6666717529297,177.06666564941406,180.0,6082657
2015-08-13,ONGC,103.16856384277344,179.8333282470703,182.6666717529297,177.10000610351562,180.6666717529297,6835678
2015-08-14,ONGC,103.41716766357422,180.26666259765625,182.3333282470703,178.6999969482422,181.36666870117188,3797374
2015-08-17,ONGC,100.96941375732422,176.0,180.10000610351562,174.3000030517578,180.06666564941406,7815285
2015-08-18,ONGC,99.74557495117188,173.86666870117188,177.6999969482422,173.3333282470703,177.3333282470703,4157310
2015-08-19,ONGC,99.66905975341797,173.73333740234375,175.1999969482422,171.39999389648438,173.3333282470703,5711535
2015-08-20,ONGC,97.83325958251953,170.53334045410156,172.46665954589844,169.39999389648438,172.0,7178769
2015-08-21,ONGC,97.89061737060547,170.63333129882812,171.60000610351562,167.39999389648438,169.36666870117188,6613182
2015-08-24,ONGC,87.08612823486328,151.8000030517578,167.1999969482422,150.8000030517578,166.6666717529297,19008639
2015-08-25,ONGC,88.21437072753906,153.76666259765625,156.96665954589844,149.5,153.8333282470703,10863165
2015-08-26,ONGC,85.99612426757812,149.89999389648438,157.73333740234375,148.6666717529297,154.0,7245826
2015-08-27,ONGC,88.08053588867188,153.53334045410156,155.60000610351562,150.6999969482422,154.6666717529297,11633059
2015-08-28,ONGC,93.18637084960938,162.43333435058594,164.26666259765625,158.60000610351562,159.26666259765625,10958608
2015-08-31,ONGC,91.5226821899414,159.53334045410156,165.60000610351562,158.46665954589844,165.13333129882812,9689886
2015-09-01,ONGC,89.53388214111328,156.06666564941406,162.23333740234375,155.13333129882812,161.86666870117188,10033095
2015-09-02,ONGC,86.12997436523438,150.13333129882812,157.0,149.56666564941406,156.10000610351562,9458158
2015-09-03,ONGC,87.64069366455078,152.76666259765625,154.53334045410156,151.0,152.5,3640380
2015-09-04,ONGC,86.26383209228516,150.36666870117188,155.10000610351562,147.5,155.10000610351562,7345293
2015-09-07,ONGC,86.64716339111328,150.6999969482422,152.23333740234375,149.03334045410156,151.3333282470703,5324035
2015-09-08,ONGC,88.12289428710938,153.26666259765625,153.6666717529297,149.39999389648438,151.96665954589844,6841087
2015-09-09,ONGC,88.3145523071289,153.60000610351562,155.73333740234375,152.8333282470703,155.36666870117188,11075230
2015-09-10,ONGC,86.97296142578125,151.26666259765625,153.23333740234375,149.13333129882812,152.3333282470703,6478407
2015-09-11,ONGC,87.52874755859375,152.23333740234375,154.60000610351562,151.46665954589844,152.43333435058594,5834527
2015-09-14,ONGC,88.02706909179688,153.10000610351562,153.60000610351562,150.6666717529297,153.26666259765625,3143677
2015-09-15,ONGC,87.87374114990234,152.8333282470703,154.60000610351562,150.53334045410156,153.26666259765625,3661399
2015-09-16,ONGC,88.35289001464844,153.6666717529297,155.1999969482422,152.1666717529297,155.1999969482422,4234243
2015-09-18,ONGC,91.68766784667969,159.46665954589844,160.8000030517578,153.26666259765625,154.06666564941406,9682537
2015-09-21,ONGC,91.59185028076172,159.3000030517578,159.89999389648438,156.6666717529297,157.1999969482422,2754552
2015-09-22,ONGC,89.8861083984375,156.3333282470703,161.1999969482422,155.43333435058594,161.1999969482422,5576616
2015-09-23,ONGC,90.67190551757812,157.6999969482422,158.63333129882812,153.1666717529297,153.39999389648438,3247758
2015-09-24,ONGC,87.20294952392578,151.6666717529297,157.73333740234375,150.73333740234375,157.73333740234375,8968651
2015-09-28,ONGC,86.28299713134766,150.06666564941406,152.3000030517578,149.39999389648438,152.1666717529297,4326612
2015-09-29,ONGC,86.78128814697266,150.93333435058594,151.60000610351562,145.13333129882812,149.1999969482422,7599778
2015-09-30,ONGC,87.91210174560547,152.89999389648438,153.86666870117188,148.06666564941406,152.3333282470703,7694695
2015-10-01,ONGC,89.06199645996094,154.89999389648438,156.0,152.0,152.89999389648438,4161730
2015-10-05,ONGC,92.18596649169922,160.3333282470703,160.8000030517578,152.6666717529297,156.0,5283105
2015-10-06,ONGC,94.81165313720703,164.89999389648438,165.76666259765625,159.73333740234375,160.6666717529297,7663977
2015-10-07,ONGC,98.79805755615234,171.8333282470703,173.89999389648438,167.3333282470703,167.3333282470703,9901197
2015-10-08,ONGC,98.75972747802734,171.76666259765625,173.60000610351562,168.1666717529297,173.60000610351562,5335414
2015-10-09,ONGC,101.05960845947266,175.76666259765625,176.6666717529297,173.46665954589844,174.0,8515356
2015-10-12,ONGC,100.96375274658203,175.60000610351562,178.5,174.86666870117188,175.8333282470703,4243084
2015-10-13,ONGC,97.32231140136719,169.26666259765625,174.1666717529297,168.1666717529297,173.03334045410156,4640856
2015-10-14,ONGC,97.74398040771484,170.0,175.53334045410156,168.93333435058594,169.3333282470703,4440331
2015-10-15,ONGC,99.71800994873047,173.43333435058594,174.0,169.39999389648438,171.39999389648438,3456408
2015-10-16,ONGC,101.19373321533203,176.0,176.86666870117188,171.3333282470703,174.0,3212586
2015-10-19,ONGC,98.83639526367188,171.89999389648438,176.23333740234375,170.6666717529297,176.06666564941406,2694019
2015-10-20,ONGC,97.03482055664062,168.76666259765625,171.5,168.0,170.39999389648438,3579358
2015-10-21,ONGC,97.14982604980469,168.96665954589844,171.93333435058594,167.6666717529297,168.0,2408055
2015-10-23,ONGC,98.62557983398438,171.53334045410156,174.0,169.96665954589844,170.0,3416214
2015-10-26,ONGC,98.29975891113281,170.96665954589844,173.86666870117188,169.60000610351562,171.3333282470703,3776110
2015-10-27,ONGC,95.02246856689453,165.26666259765625,169.46665954589844,164.8333282470703,168.96665954589844,7387659
2015-10-28,ONGC,96.5173568725586,167.86666870117188,168.3333282470703,162.23333740234375,163.73333740234375,8681943
2015-10-29,ONGC,96.15325927734375,167.23333740234375,170.1666717529297,166.6999969482422,170.0,11317210
2015-10-30,ONGC,94.65833282470703,164.63333129882812,167.0,162.73333740234375,166.60000610351562,5076523
2015-11-02,ONGC,94.83080291748047,164.93333435058594,165.86666870117188,161.43333435058594,164.63333129882812,2028091
2015-11-03,ONGC,96.0957260131836,167.13333129882812,167.6666717529297,163.53334045410156,164.8000030517578,2764398
2015-11-04,ONGC,96.6323471069336,168.06666564941406,169.46665954589844,166.53334045410156,169.03334045410156,3672546
2015-11-05,ONGC,96.07658386230469,167.10000610351562,169.1999969482422,166.43333435058594,166.6666717529297,4845283
2015-11-06,ONGC,96.38320922851562,167.63333129882812,171.06666564941406,165.3333282470703,165.8000030517578,6014388
2015-11-09,ONGC,95.55908203125,166.1999969482422,167.3333282470703,163.36666870117188,164.13333129882812,4072977
2015-11-10,ONGC,92.39722442626953,157.8000030517578,165.1999969482422,157.06666564941406,163.39999389648438,5841889
2015-11-13,ONGC,89.35244750976562,152.60000610351562,155.6666717529297,152.0,155.36666870117188,6878205
2015-11-16,ONGC,89.84039306640625,153.43333435058594,153.93333435058594,147.5,152.26666259765625,6538864
2015-11-17,ONGC,90.69916534423828,154.89999389648438,155.5,151.13333129882812,154.0,9435519
2015-11-18,ONGC,90.05506134033203,153.8000030517578,155.1666717529297,152.63333129882812,154.03334045410156,3862231
2015-11-19,ONGC,90.95289611816406,155.3333282470703,155.8000030517578,152.8333282470703,155.1666717529297,2849844
2015-11-20,ONGC,91.3627700805664,156.03334045410156,157.1666717529297,154.23333740234375,155.86666870117188,2601568
2015-11-23,ONGC,90.4454345703125,154.46665954589844,157.26666259765625,154.0,156.6666717529297,2296134
2015-11-24,ONGC,90.87483215332031,155.1999969482422,158.89999389648438,153.1666717529297,154.6666717529297,5179723
2015-11-26,ONGC,91.67504119873047,156.56666564941406,157.93333435058594,154.53334045410156,155.39999389648438,8200903
2015-11-27,ONGC,91.8897705078125,156.93333435058594,159.1666717529297,156.23333740234375,157.6666717529297,2854024
2015-11-30,ONGC,91.40181732177734,156.10000610351562,157.26666259765625,153.46665954589844,156.0,5898439
2015-12-01,ONGC,91.96784210205078,157.06666564941406,158.96665954589844,155.36666870117188,156.36666870117188,3545680
2015-12-02,ONGC,92.04591369628906,157.1999969482422,158.6666717529297,155.53334045410156,158.06666564941406,3121284
2015-12-03,ONGC,89.66472625732422,153.13333129882812,155.93333435058594,152.06666564941406,155.39999389648438,7426180
2015-12-04,ONGC,88.68883514404297,151.46665954589844,154.06666564941406,150.6999969482422,151.8333282470703,5123203
2015-12-07,ONGC,87.40066528320312,149.26666259765625,152.3333282470703,148.53334045410156,152.03334045410156,3621073
2015-12-08,ONGC,84.2192611694336,143.8333282470703,148.1666717529297,142.6999969482422,148.0,8794702
2015-12-09,ONGC,84.74624633789062,144.73333740234375,145.3333282470703,141.93333435058594,143.3333282470703,6323689
2015-12-10,ONGC,85.8001937866211,146.53334045410156,147.26666259765625,143.1999969482422,145.26666259765625,6848703
2015-12-11,ONGC,84.06314086914062,143.56666564941406,147.1999969482422,142.93333435058594,146.3333282470703,6528895
2015-12-14,ONGC,83.30193328857422,142.26666259765625,143.06666564941406,140.8333282470703,141.6666717529297,4778763
2015-12-15,ONGC,85.01949310302734,145.1999969482422,145.73333740234375,142.1999969482422,143.3333282470703,4919511
2015-12-16,ONGC,88.47415161132812,151.10000610351562,151.73333740234375,144.89999389648438,146.46665954589844,8363692
2015-12-17,ONGC,87.75198364257812,149.86666870117188,150.86666870117188,146.6666717529297,150.6666717529297,9229494
2015-12-18,ONGC,87.14691162109375,148.8333282470703,149.86666870117188,147.46665954589844,148.6666717529297,7201576
2015-12-21,ONGC,89.95751190185547,153.63333129882812,154.03334045410156,147.8000030517578,148.6666717529297,4999317
2015-12-22,ONGC,89.99652862548828,153.6999969482422,155.0,152.1999969482422,153.63333129882812,4596822
2015-12-23,ONGC,91.94829559326172,157.03334045410156,157.60000610351562,154.1666717529297,155.26666259765625,6021352
2015-12-24,ONGC,91.28470611572266,155.89999389648438,159.86666870117188,155.53334045410156,158.6666717529297,4388542
2015-12-28,ONGC,93.76348114013672,160.13333129882812,160.86666870117188,156.0,156.0,5296623
2015-12-29,ONGC,93.5877914428711,159.8333282470703,161.23333740234375,158.3000030517578,160.0,3552853
2015-12-30,ONGC,93.64635467529297,159.93333435058594,161.86666870117188,159.60000610351562,160.0,3927882
2015-12-31,ONGC,94.36852264404297,161.1666717529297,162.53334045410156,156.76666259765625,159.6666717529297,6598665
2016-01-01,ONGC,94.6612777709961,161.6666717529297,162.26666259765625,158.73333740234375,159.93333435058594,2771977
2016-01-04,ONGC,92.9241943359375,158.6999969482422,163.1999969482422,157.10000610351562,160.6666717529297,3125131
2016-01-05,ONGC,94.40756225585938,161.23333740234375,162.8333282470703,159.36666870117188,160.0,3646312
2016-01-06,ONGC,92.7290267944336,158.36666870117188,161.53334045410156,156.43333435058594,161.3333282470703,3007210
2016-01-07,ONGC,88.45460510253906,151.06666564941406,155.93333435058594,149.36666870117188,154.0,7609386
2016-01-08,ONGC,89.84039306640625,153.43333435058594,154.53334045410156,150.43333435058594,152.0,6898318
2016-01-11,ONGC,88.02523040771484,150.3333282470703,151.5,148.10000610351562,150.6666717529297,6413395
2016-01-12,ONGC,86.40525817871094,147.56666564941406,149.53334045410156,146.6666717529297,149.3333282470703,5543673
2016-01-13,ONGC,87.12741088867188,148.8000030517578,149.3000030517578,145.03334045410156,148.6666717529297,5384575
2016-01-14,ONGC,87.14691162109375,148.8333282470703,150.3333282470703,144.39999389648438,147.3000030517578,6523576
2016-01-15,ONGC,85.6635971069336,146.3000030517578,149.60000610351562,145.1999969482422,149.60000610351562,4512582
2016-01-18,ONGC,83.6922836303711,142.93333435058594,145.3333282470703,140.8333282470703,144.6666717529297,5734035
2016-01-19,ONGC,85.0975570678711,145.3333282470703,146.26666259765625,141.0,143.73333740234375,3797908
2016-01-20,ONGC,83.26290893554688,142.1999969482422,143.39999389648438,139.46665954589844,142.73333740234375,6518908
2016-01-21,ONGC,80.92076110839844,138.1999969482422,143.1666717529297,137.3000030517578,142.43333435058594,8879593
2016-01-22,ONGC,84.4144287109375,144.1666717529297,144.6666717529297,139.86666870117188,141.3000030517578,7253737
2016-01-25,ONGC,85.7416763305664,146.43333435058594,147.5,144.36666870117188,146.93333435058594,4864044
2016-01-27,ONGC,85.25371551513672,145.60000610351562,147.8333282470703,144.6666717529297,146.46665954589844,6744064
2016-01-28,ONGC,85.8392333984375,146.60000610351562,147.1999969482422,143.5,145.3333282470703,8761006
2016-01-29,ONGC,88.3180160522461,150.8333282470703,151.89999389648438,147.3333282470703,147.53334045410156,12759739
2016-02-01,ONGC,87.84954833984375,150.03334045410156,151.86666870117188,147.6999969482422,151.86666870117188,3822741
2016-02-02,ONGC,84.53155517578125,144.36666870117188,149.60000610351562,143.60000610351562,148.13333129882812,6900480
2016-02-03,ONGC,83.16529083251953,142.03334045410156,144.6666717529297,140.1999969482422,142.46665954589844,4843966
2016-02-04,ONGC,85.8782958984375,146.6666717529297,147.0,144.1666717529297,145.26666259765625,6016540
2016-02-05,ONGC,85.8587417602539,146.63333129882812,147.89999389648438,145.03334045410156,146.86666870117188,5710669
2016-02-08,ONGC,83.55565643310547,142.6999969482422,146.8000030517578,141.10000610351562,146.6666717529297,2764110
2016-02-09,ONGC,85.1561279296875,145.43333435058594,146.36666870117188,140.3333282470703,140.60000610351562,3651745
2016-02-10,ONGC,83.34095764160156,142.3333282470703,144.0,140.53334045410156,142.56666564941406,4066759
2016-02-11,ONGC,79.30078125,135.43333435058594,142.60000610351562,133.36666870117188,142.53334045410156,8787048
2016-02-12,ONGC,75.4362564086914,128.8333282470703,133.3333282470703,125.16666412353516,133.3333282470703,10102654
2016-02-15,ONGC,78.2077865600586,133.56666564941406,134.13333129882812,129.76666259765625,132.39999389648438,7157805
2016-02-16,ONGC,78.05165100097656,133.3000030517578,137.39999389648438,132.06666564941406,135.76666259765625,10491013
2016-02-17,ONGC,78.2077865600586,133.56666564941406,134.6666717529297,131.46665954589844,133.3333282470703,7290019
2016-02-18,ONGC,81.6233901977539,139.39999389648438,140.39999389648438,135.3333282470703,135.76666259765625,7799662
2016-02-19,ONGC,82.42364501953125,140.76666259765625,141.39999389648438,137.3333282470703,137.96665954589844,5419069
2016-02-22,ONGC,83.6922836303711,142.93333435058594,143.39999389648438,140.46665954589844,141.3333282470703,3601842
2016-02-23,ONGC,83.77037811279297,143.06666564941406,145.1999969482422,141.23333740234375,143.8000030517578,3593367
2016-02-24,ONGC,81.74051666259766,139.60000610351562,141.86666870117188,138.8000030517578,141.86666870117188,2618155
2016-02-25,ONGC,84.4144287109375,144.1666717529297,145.1999969482422,139.73333740234375,141.60000610351562,5778484
2016-02-26,ONGC,84.33638000488281,144.03334045410156,145.6999969482422,142.73333740234375,144.93333435058594,4205824
2016-02-29,ONGC,75.76805877685547,129.39999389648438,147.39999389648438,128.3333282470703,144.8333282470703,23809857
2016-03-01,ONGC,74.75313568115234,127.66666412353516,129.26666259765625,125.69999694824219,129.26666259765625,23118147
2016-03-02,ONGC,76.09984588623047,129.96665954589844,131.53334045410156,128.06666564941406,129.60000610351562,15524956
2016-03-03,ONGC,76.97817993164062,131.46665954589844,133.89999389648438,129.1666717529297,131.0,16866745
2016-03-04,ONGC,78.34442138671875,133.8000030517578,136.26666259765625,132.6666717529297,133.26666259765625,22523046
2016-03-08,ONGC,78.7933120727539,134.56666564941406,137.56666564941406,134.0,135.1666717529297,12258796
2016-03-09,ONGC,80.12052154541016,136.8333282470703,137.3333282470703,134.1999969482422,134.6666717529297,7688815
2016-03-10,ONGC,80.29618835449219,137.13333129882812,139.3000030517578,136.23333740234375,139.3000030517578,13467873
2016-03-11,ONGC,80.06197357177734,136.73333740234375,138.39999389648438,134.8000030517578,138.39999389648438,14262115
2016-03-14,ONGC,81.29161071777344,138.8333282470703,139.3333282470703,137.1666717529297,138.3333282470703,7498647
2016-03-15,ONGC,80.95979309082031,138.26666259765625,138.60000610351562,136.6999969482422,137.3333282470703,5504455
2016-03-16,ONGC,80.9010238647461,137.6666717529297,139.1666717529297,136.60000610351562,138.1999969482422,5188654
2016-03-17,ONGC,83.15371704101562,141.5,143.26666259765625,139.0,139.03334045410156,8394324
2016-03-18,ONGC,84.07439422607422,143.06666564941406,143.3333282470703,141.6666717529297,142.5,6776230
2016-03-21,ONGC,84.87750244140625,144.43333435058594,145.0,142.0,142.6666717529297,5801745
2016-03-22,ONGC,84.66206359863281,144.06666564941406,146.10000610351562,143.3333282470703,144.43333435058594,6610557
2016-03-23,ONGC,84.07439422607422,143.06666564941406,145.1666717529297,141.26666259765625,144.26666259765625,5978227
2016-03-28,ONGC,83.81973266601562,142.63333129882812,145.8000030517578,141.60000610351562,144.3333282470703,7205974
2016-03-29,ONGC,83.15371704101562,141.5,144.0,140.46665954589844,143.96665954589844,5003185
2016-03-30,ONGC,85.36723327636719,145.26666259765625,146.0,141.53334045410156,142.0,5849823
2016-03-31,ONGC,83.87850189208984,142.73333740234375,145.03334045410156,141.43333435058594,143.13333129882812,18261630
2016-04-01,ONGC,81.8021011352539,139.1999969482422,143.3000030517578,138.73333740234375,143.0,10266195
2016-04-04,ONGC,81.2144546508789,138.1999969482422,139.10000610351562,136.36666870117188,138.96665954589844,5494027
2016-04-05,ONGC,80.5092544555664,137.0,139.0,136.03334045410156,137.3333282470703,4906771
2016-04-06,ONGC,80.7442855834961,137.39999389648438,138.6666717529297,136.0,137.8000030517578,4317508
2016-04-07,ONGC,81.3907470703125,138.5,139.6666717529297,137.8000030517578,139.36666870117188,5045077
2016-04-08,ONGC,80.763916015625,137.43333435058594,139.63333129882812,137.10000610351562,138.53334045410156,2418253
2016-04-11,ONGC,81.33196258544922,138.39999389648438,139.5,136.8000030517578,139.06666564941406,5192644
2016-04-12,ONGC,82.8011474609375,140.89999389648438,141.76666259765625,138.10000610351562,138.56666564941406,6343279
2016-04-13,ONGC,83.58467102050781,142.23333740234375,143.60000610351562,141.86666870117188,143.3333282470703,6437622
2016-04-18,ONGC,81.31239318847656,138.36666870117188,141.1666717529297,137.39999389648438,141.1666717529297,4950201
2016-04-20,ONGC,82.21347045898438,139.89999389648438,140.46665954589844,138.6999969482422,139.26666259765625,4820409
2016-04-21,ONGC,83.42794799804688,141.96665954589844,142.96665954589844,141.1666717529297,141.43333435058594,7037139
2016-04-22,ONGC,84.66206359863281,144.06666564941406,144.89999389648438,141.76666259765625,143.93333435058594,4497202
2016-04-25,ONGC,83.17332458496094,141.53334045410156,144.3000030517578,141.13333129882812,144.3000030517578,2813826
2016-04-26,ONGC,83.95684814453125,142.86666870117188,143.73333740234375,140.63333129882812,141.46665954589844,4140094
2016-04-27,ONGC,86.89514923095703,147.86666870117188,149.1666717529297,143.93333435058594,144.0,10536442
2016-04-28,ONGC,84.95585632324219,144.56666564941406,150.26666259765625,143.5,148.1999969482422,11597841
2016-04-29,ONGC,85.11258697509766,144.8333282470703,147.1666717529297,143.73333740234375,145.36666870117188,6088467
2016-05-02,ONGC,85.30846405029297,145.1666717529297,147.26666259765625,144.0,145.3333282470703,4911861
2016-05-03,ONGC,84.34864807128906,143.53334045410156,146.46665954589844,142.0,146.03334045410156,5806392
2016-05-04,ONGC,82.52688598632812,140.43333435058594,143.53334045410156,140.0,143.1999969482422,4247746
2016-05-05,ONGC,82.46812438964844,140.3333282470703,142.1666717529297,140.0,141.3000030517578,4590195
2016-05-06,ONGC,81.66497802734375,138.96665954589844,140.43333435058594,138.06666564941406,140.36666870117188,3327823
2016-05-09,ONGC,82.89906311035156,141.06666564941406,141.6666717529297,139.39999389648438,139.93333435058594,4008649
2016-05-10,ONGC,81.44950103759766,138.60000610351562,141.3000030517578,137.53334045410156,141.3000030517578,3924151
2016-05-11,ONGC,80.41130065917969,136.8333282470703,137.96665954589844,135.39999389648438,137.96665954589844,5481087
2016-05-12,ONGC,80.82268524169922,137.53334045410156,138.96665954589844,136.5,138.73333740234375,7061337
2016-05-13,ONGC,79.82364654541016,135.8333282470703,137.3000030517578,134.6666717529297,137.3000030517578,7262070
2016-05-16,ONGC,79.37310791015625,135.06666564941406,136.60000610351562,133.3333282470703,136.26666259765625,10092505
2016-05-17,ONGC,82.37018585205078,140.1666717529297,141.3333282470703,136.73333740234375,137.06666564941406,14657428
2016-05-18,ONGC,83.93727111816406,142.8333282470703,143.53334045410156,139.73333740234375,140.1999969482422,8832225
2016-05-19,ONGC,82.29183197021484,140.03334045410156,142.1666717529297,139.46665954589844,142.0,6740377
2016-05-20,ONGC,83.48674011230469,142.06666564941406,143.10000610351562,140.3000030517578,141.1999969482422,4576983
2016-05-23,ONGC,81.54747009277344,138.76666259765625,143.0,138.3333282470703,142.8000030517578,5845633
2016-05-24,ONGC,80.95978546142578,137.76666259765625,139.13333129882812,136.36666870117188,139.0,4087501
2016-05-25,ONGC,82.33101654052734,140.10000610351562,140.5,138.76666259765625,139.13333129882812,3108448
2016-05-26,ONGC,84.64246368408203,144.03334045410156,147.43333435058594,140.46665954589844,140.6666717529297,13519851
2016-05-27,ONGC,83.44755554199219,142.0,145.93333435058594,141.1999969482422,145.3333282470703,10044087
2016-05-30,ONGC,83.62384796142578,142.3000030517578,143.8000030517578,142.0,142.6666717529297,4589130
2016-05-31,ONGC,82.56607055664062,140.5,143.6666717529297,139.86666870117188,143.3333282470703,8791201
2016-06-01,ONGC,82.52688598632812,140.43333435058594,142.1999969482422,140.06666564941406,140.93333435058594,4521807
2016-06-02,ONGC,83.36919403076172,141.86666870117188,142.56666564941406,139.43333435058594,140.3333282470703,4079509
2016-06-03,ONGC,82.99700927734375,141.23333740234375,143.0,140.73333740234375,142.53334045410156,4345935
2016-06-06,ONGC,82.58563995361328,140.53334045410156,142.23333740234375,140.1999969482422,141.8000030517578,3665349
2016-06-07,ONGC,83.42794799804688,141.96665954589844,142.63333129882812,141.1666717529297,141.3333282470703,5568472
2016-06-08,ONGC,84.5249252319336,143.8333282470703,144.8333282470703,142.6666717529297,143.0,5491938
2016-06-09,ONGC,86.44461059570312,147.10000610351562,148.1999969482422,144.6666717529297,144.6999969482422,10532686
2016-06-10,ONGC,85.48477172851562,145.46665954589844,148.46665954589844,144.6666717529297,146.6666717529297,4451983
2016-06-13,ONGC,83.54547119140625,142.1666717529297,144.26666259765625,141.6666717529297,144.0,2914852
2016-06-14,ONGC,83.36919403076172,141.86666870117188,143.1999969482422,140.8000030517578,142.63333129882812,3050001
2016-06-15,ONGC,83.7218017578125,142.46665954589844,143.0,141.6999969482422,142.1999969482422,2865534
2016-06-16,ONGC,82.93824005126953,141.13333129882812,142.03334045410156,140.36666870117188,142.0,3296191
2016-06-17,ONGC,82.56607055664062,140.5,141.8333282470703,140.13333129882812,141.76666259765625,4717605
2016-06-20,ONGC,83.78054809570312,142.56666564941406,143.5,140.23333740234375,140.43333435058594,5253388
2016-06-21,ONGC,85.23011779785156,145.03334045410156,145.46665954589844,143.3333282470703,143.86666870117188,4754095
2016-06-22,ONGC,85.54352569580078,145.56666564941406,146.26666259765625,144.0,144.96665954589844,4300168
2016-06-23,ONGC,85.60230255126953,145.6666717529297,146.36666870117188,142.8000030517578,145.3333282470703,4451146
2016-06-24,ONGC,82.03718566894531,139.60000610351562,142.60000610351562,138.0,142.39999389648438,6098569
2016-06-27,ONGC,82.33101654052734,140.10000610351562,141.56666564941406,138.46665954589844,138.6666717529297,3541858
2016-06-28,ONGC,82.8011474609375,140.89999389648438,141.23333740234375,139.6666717529297,140.0,3242284
2016-06-29,ONGC,84.13317108154297,143.1666717529297,143.43333435058594,141.39999389648438,141.8333282470703,3248850
2016-06-30,ONGC,84.74040985107422,144.1999969482422,146.3333282470703,143.3333282470703,143.86666870117188,7536646
2016-07-01,ONGC,88.14881896972656,150.0,153.1999969482422,144.3000030517578,144.60000610351562,8428420
2016-07-04,ONGC,90.91080474853516,154.6999969482422,156.86666870117188,153.0,153.0,16861305
2016-07-05,ONGC,90.40151977539062,153.8333282470703,157.60000610351562,152.36666870117188,153.73333740234375,6551590
2016-07-07,ONGC,88.77564239501953,151.06666564941406,154.56666564941406,150.76666259765625,153.8333282470703,5971878
2016-07-08,ONGC,87.48279571533203,148.86666870117188,150.1999969482422,148.1666717529297,150.0,3248257
2016-07-11,ONGC,88.14881896972656,150.0,151.73333740234375,149.03334045410156,150.0,6210183
2016-07-12,ONGC,89.28496551513672,151.93333435058594,152.96665954589844,150.06666564941406,150.06666564941406,4319643
2016-07-13,ONGC,91.7335433959961,156.10000610351562,161.03334045410156,154.76666259765625,155.76666259765625,17397438
2016-07-14,ONGC,90.32315826416016,153.6999969482422,156.5,152.73333740234375,156.26666259765625,9416404
2016-07-15,ONGC,90.20563507080078,153.5,154.86666870117188,152.36666870117188,154.06666564941406,8673333
2016-07-18,ONGC,85.64149475097656,145.73333740234375,152.6666717529297,144.73333740234375,152.6666717529297,11088225
2016-07-19,ONGC,86.58172607421875,147.3333282470703,148.3333282470703,144.6666717529297,145.0,10601104
2016-07-20,ONGC,87.71786499023438,149.26666259765625,149.60000610351562,146.5,147.3333282470703,9715894
2016-07-21,ONGC,87.20854187011719,148.39999389648438,151.1666717529297,148.0,149.86666870117188,4614313
2016-07-22,ONGC,87.14981079101562,148.3000030517578,149.10000610351562,147.1999969482422,148.60000610351562,4734196
2016-07-25,ONGC,88.85400390625,151.1999969482422,151.46665954589844,147.8000030517578,147.86666870117188,5161390
2016-07-26,ONGC,87.89417266845703,149.56666564941406,153.06666564941406,148.73333740234375,151.26666259765625,6075612
2016-07-27,ONGC,87.46320343017578,148.8333282470703,151.6666717529297,146.6999969482422,149.46665954589844,3982969
2016-07-28,ONGC,86.71886444091797,147.56666564941406,150.1999969482422,147.06666564941406,148.8333282470703,12199317
2016-07-29,ONGC,86.22915649414062,146.73333740234375,149.23333740234375,146.43333435058594,148.0,4943548
2016-08-01,ONGC,85.7198486328125,145.86666870117188,148.96665954589844,145.3333282470703,148.1999969482422,4868154
2016-08-02,ONGC,86.62090301513672,147.39999389648438,147.93333435058594,145.06666564941406,145.8333282470703,5714404
2016-08-03,ONGC,85.70022583007812,145.8333282470703,148.60000610351562,145.3333282470703,148.0,6926821
2016-08-04,ONGC,86.13117218017578,146.56666564941406,149.26666259765625,145.76666259765625,149.26666259765625,5368087
2016-08-05,ONGC,88.52099609375,150.63333129882812,151.13333129882812,146.86666870117188,147.3333282470703,4722490
2016-08-08,ONGC,88.57975769042969,150.73333740234375,151.3333282470703,149.43333435058594,150.93333435058594,3995137
2016-08-09,ONGC,89.71591186523438,152.6666717529297,153.23333740234375,151.39999389648438,152.53334045410156,11431887
2016-08-10,ONGC,89.73551940917969,152.6999969482422,154.0,151.0,152.6666717529297,10287928
2016-08-11,ONGC,90.65617370605469,154.26666259765625,154.60000610351562,151.5,152.5,9320215
2016-08-12,ONGC,91.51809692382812,155.73333740234375,156.26666259765625,153.1999969482422,154.86666870117188,5870230
2016-08-16,ONGC,92.14491271972656,156.8000030517578,157.56666564941406,154.86666870117188,156.6666717529297,5039550
2016-08-17,ONGC,93.16353607177734,158.53334045410156,158.93333435058594,156.1666717529297,156.93333435058594,5430909
2016-08-18,ONGC,94.55428314208984,160.89999389648438,161.43333435058594,158.3333282470703,158.86666870117188,5751255
2016-08-19,ONGC,94.65223693847656,161.06666564941406,162.3333282470703,160.36666870117188,161.53334045410156,5606353
2016-08-22,ONGC,93.7707748413086,159.56666564941406,162.60000610351562,158.86666870117188,161.06666564941406,3785410
2016-08-23,ONGC,93.39856719970703,158.93333435058594,159.8000030517578,157.73333740234375,158.3333282470703,5012451
2016-08-24,ONGC,94.41716003417969,160.6666717529297,162.0,159.5,159.86666870117188,3600733
2016-08-25,ONGC,93.16353607177734,158.53334045410156,161.8333282470703,158.0,161.0,4189737
2016-08-26,ONGC,93.39856719970703,158.93333435058594,159.23333740234375,157.3333282470703,158.73333740234375,2902111
2016-08-29,ONGC,92.96761322021484,158.1999969482422,159.6666717529297,157.8333282470703,158.93333435058594,2465332
2016-08-30,ONGC,94.6914291381836,161.13333129882812,161.6666717529297,158.13333129882812,159.03334045410156,4245724
2016-08-31,ONGC,93.837646484375,157.53334045410156,160.8000030517578,156.76666259765625,159.3333282470703,9766926
2016-09-01,ONGC,93.95677185058594,157.73333740234375,159.43333435058594,156.73333740234375,158.0,4602483
2016-09-02,ONGC,94.810546875,159.1666717529297,160.10000610351562,156.76666259765625,158.0,4273123
2016-09-06,ONGC,94.73113250732422,159.03334045410156,161.13333129882812,158.6666717529297,159.8333282470703,3884562
2016-09-07,ONGC,97.27265167236328,163.3000030517578,164.1999969482422,158.86666870117188,159.46665954589844,17504218
2016-09-08,ONGC,97.80874633789062,164.1999969482422,169.93333435058594,162.73333740234375,166.6666717529297,15232855
2016-09-09,ONGC,101.24376678466797,169.96665954589844,171.6666717529297,164.6666717529297,164.6666717529297,17437126
2016-09-12,ONGC,99.67518615722656,167.3333282470703,168.56666564941406,165.46665954589844,166.6666717529297,7995681
2016-09-14,ONGC,98.5632553100586,165.46665954589844,168.39999389648438,163.46665954589844,166.6999969482422,8058135
2016-09-15,ONGC,98.68240356445312,165.6666717529297,166.86666870117188,163.39999389648438,166.6999969482422,3706279
2016-09-16,ONGC,99.3971939086914,166.86666870117188,168.6666717529297,165.3333282470703,166.26666259765625,12910044
2016-09-19,ONGC,100.92608642578125,169.43333435058594,170.3333282470703,166.86666870117188,167.1666717529297,6271972
2016-09-20,ONGC,102.35569763183594,171.8333282470703,173.60000610351562,168.8333282470703,169.6666717529297,12886207
2016-09-21,ONGC,101.40262603759766,170.23333740234375,173.0,169.13333129882812,171.3333282470703,6438340
2016-09-22,ONGC,103.0506362915039,173.0,174.10000610351562,172.0,172.60000610351562,8053006
2016-09-23,ONGC,103.46761322021484,173.6999969482422,175.56666564941406,172.3000030517578,172.6999969482422,7589790
2016-09-26,ONGC,99.099365234375,166.36666870117188,173.6666717529297,165.43333435058594,173.0,13915599
2016-09-27,ONGC,98.30514526367188,165.03334045410156,167.86666870117188,164.23333740234375,166.60000610351562,10949967
2016-09-28,ONGC,99.93330383300781,167.76666259765625,168.26666259765625,163.60000610351562,165.3333282470703,9666958
2016-09-29,ONGC,99.337646484375,166.76666259765625,172.0,165.5,170.6666717529297,14336461
2016-09-30,ONGC,101.91889190673828,171.10000610351562,171.56666564941406,166.39999389648438,167.60000610351562,9438718
2016-10-03,ONGC,103.34846496582031,173.5,174.63333129882812,168.26666259765625,171.3333282470703,6960220
2016-10-04,ONGC,108.63005828857422,182.36666870117188,183.26666259765625,174.23333740234375,174.6666717529297,17825014
2016-10-05,ONGC,105.88999938964844,177.76666259765625,183.5,177.10000610351562,182.6666717529297,9426820
2016-10-06,ONGC,106.8827896118164,179.43333435058594,182.3000030517578,177.3333282470703,179.3333282470703,9511054
2016-10-07,ONGC,106.16795349121094,178.23333740234375,182.46665954589844,177.8000030517578,180.26666259765625,11598678
2016-10-10,ONGC,106.00911712646484,177.96665954589844,180.0,175.6999969482422,179.60000610351562,7032378
2016-10-13,ONGC,108.31237030029297,181.8333282470703,183.26666259765625,176.8333282470703,178.93333435058594,14122951
2016-10-14,ONGC,110.01996612548828,184.6999969482422,186.13333129882812,181.1999969482422,182.6666717529297,9532546
2016-10-17,ONGC,110.5759048461914,185.63333129882812,186.6666717529297,183.6999969482422,184.6999969482422,7432578
2016-10-18,ONGC,109.80152130126953,184.3333282470703,187.3333282470703,183.10000610351562,186.13333129882812,7430623
2016-10-19,ONGC,110.61565399169922,185.6999969482422,186.93333435058594,184.26666259765625,184.6666717529297,7137429
2016-10-20,ONGC,111.7275619506836,187.56666564941406,188.76666259765625,185.36666870117188,187.26666259765625,6078450
2016-10-21,ONGC,111.11201477050781,186.53334045410156,187.36666870117188,184.03334045410156,187.3333282470703,3639472
2016-10-24,ONGC,116.09579467773438,194.89999389648438,195.76666259765625,185.6666717529297,186.6999969482422,15753549
2016-10-25,ONGC,114.66616821289062,192.5,195.8000030517578,191.73333740234375,195.3333282470703,11650041
2016-10-26,ONGC,115.20225524902344,193.39999389648438,195.23333740234375,190.86666870117188,192.3333282470703,6344125
2016-10-27,ONGC,115.4802474975586,193.86666870117188,198.26666259765625,189.39999389648438,194.6666717529297,24448257
2016-10-28,ONGC,113.93150329589844,191.26666259765625,196.3000030517578,190.53334045410156,195.3000030517578,10070332
2016-11-01,ONGC,114.82499694824219,192.76666259765625,193.53334045410156,187.86666870117188,193.53334045410156,11064357
2016-11-02,ONGC,110.099365234375,184.8333282470703,190.53334045410156,183.8333282470703,190.0,14774770
2016-11-03,ONGC,108.00032806396484,178.36666870117188,182.6666717529297,178.0,182.43333435058594,10778124
2016-11-04,ONGC,108.7874526977539,179.6666717529297,181.3000030517578,176.6666717529297,178.53334045410156,7203463
2016-11-07,ONGC,107.85903930664062,178.13333129882812,182.6666717529297,177.56666564941406,182.0,4419261
2016-11-08,ONGC,109.23149871826172,180.39999389648438,181.13333129882812,176.89999389648438,178.93333435058594,5654563
2016-11-09,ONGC,108.94892883300781,179.93333435058594,180.6666717529297,166.6666717529297,168.13333129882812,7471795
2016-11-10,ONGC,111.41130065917969,184.0,186.3000030517578,180.8000030517578,182.0,5849239
2016-11-11,ONGC,110.38196563720703,182.3000030517578,185.86666870117188,180.06666564941406,182.0,6617526
2016-11-15,ONGC,111.24981689453125,183.73333740234375,190.96665954589844,179.6666717529297,180.1666717529297,12179968
2016-11-16,ONGC,109.95812225341797,181.60000610351562,189.73333740234375,180.73333740234375,186.0,8986996
2016-11-17,ONGC,110.30122375488281,182.1666717529297,185.3333282470703,180.13333129882812,180.8333282470703,5879166
2016-11-18,ONGC,111.04796600341797,183.39999389648438,185.1666717529297,182.3000030517578,182.3000030517578,6513859
2016-11-21,ONGC,111.43148040771484,184.03334045410156,185.46665954589844,181.76666259765625,183.73333740234375,7038115
2016-11-22,ONGC,112.17825317382812,185.26666259765625,189.0,183.39999389648438,187.3000030517578,8852827
2016-11-23,ONGC,112.9855728149414,186.60000610351562,187.63333129882812,184.0,186.0,6432657
2016-11-24,ONGC,111.91584777832031,184.8333282470703,187.8000030517578,183.39999389648438,186.6666717529297,7236183
2016-11-25,ONGC,111.9966049194336,184.96665954589844,186.56666564941406,183.60000610351562,184.5,4391635
2016-11-28,ONGC,114.6406021118164,189.3333282470703,190.3333282470703,183.03334045410156,183.53334045410156,6170169
2016-11-29,ONGC,114.96353912353516,189.86666870117188,191.86666870117188,187.53334045410156,189.5,6467512
2016-11-30,ONGC,116.61859130859375,192.60000610351562,194.13333129882812,188.43333435058594,189.3333282470703,10633435
2016-12-01,ONGC,117.93048095703125,194.76666259765625,199.06666564941406,194.0,196.6666717529297,12753523
2016-12-02,ONGC,117.56717681884766,194.1666717529297,197.1999969482422,193.60000610351562,195.8000030517578,7668508
2016-12-05,ONGC,119.24237823486328,196.93333435058594,197.76666259765625,192.8000030517578,192.8000030517578,5358345
2016-12-06,ONGC,120.59465026855469,199.1666717529297,199.8333282470703,197.76666259765625,198.1999969482422,6281910
2016-12-07,ONGC,119.9286117553711,198.06666564941406,200.3000030517578,197.46665954589844,199.93333435058594,6324726
2016-12-08,ONGC,122.43131256103516,202.1999969482422,202.93333435058594,198.6999969482422,198.6999969482422,7229704
2016-12-09,ONGC,123.84414672851562,204.53334045410156,205.1999969482422,202.73333740234375,202.76666259765625,5012332
2016-12-12,ONGC,125.72118377685547,207.63333129882812,209.73333740234375,206.6666717529297,206.6666717529297,7390621
2016-12-13,ONGC,125.94319915771484,208.0,209.3000030517578,205.8333282470703,209.3000030517578,11867766
2016-12-14,ONGC,123.23865509033203,203.53334045410156,207.63333129882812,202.73333740234375,206.76666259765625,14303529
2016-12-15,ONGC,125.00469207763672,206.4499969482422,208.60000610351562,201.35000610351562,202.8000030517578,10011138
2016-12-16,ONGC,122.1285629272461,201.6999969482422,207.9499969482422,200.8000030517578,207.6999969482422,6046045
2016-12-19,ONGC,121.94691467285156,201.39999389648438,203.39999389648438,200.10000610351562,203.10000610351562,6134651
2016-12-20,ONGC,121.00843048095703,199.85000610351562,201.4499969482422,197.5,201.39999389648438,4487663
2016-12-21,ONGC,122.00746154785156,201.5,202.35000610351562,199.64999389648438,200.60000610351562,4699901
2016-12-22,ONGC,118.0112075805664,194.89999389648438,200.89999389648438,194.10000610351562,200.89999389648438,5073928
2016-12-23,ONGC,116.83050537109375,192.9499969482422,197.25,192.5,196.9499969482422,5637468
2016-12-26,ONGC,114.43878173828125,189.0,192.75,188.14999389648438,192.0,4468708
2016-12-27,ONGC,115.22588348388672,190.3000030517578,190.89999389648438,187.6999969482422,190.0,4972743
2016-12-28,ONGC,114.98371887207031,189.89999389648438,192.10000610351562,189.25,189.5,4245082
2016-12-29,ONGC,116.01304626464844,191.60000610351562,193.75,189.9499969482422,190.0,13079156
2016-12-30,ONGC,115.86172485351562,191.35000610351562,193.35000610351562,190.25,192.6999969482422,3664012
2017-01-02,ONGC,116.40662384033203,192.25,193.0,191.35000610351562,191.8000030517578,2690448
2017-01-03,ONGC,116.5580062866211,192.5,193.75,191.14999389648438,193.39999389648438,4764310
2017-01-04,ONGC,117.95063018798828,194.8000030517578,196.75,192.10000610351562,193.5,7507779
2017-01-05,ONGC,120.8873062133789,199.64999389648438,200.25,195.3000030517578,195.3000030517578,6831388
2017-01-06,ONGC,122.64325714111328,202.5500030517578,206.9499969482422,200.0,200.0,8399536
2017-01-09,ONGC,119.88822174072266,198.0,204.9499969482422,197.10000610351562,203.9499969482422,4783989
2017-01-10,ONGC,120.16073608398438,198.4499969482422,203.0,197.6999969482422,198.89999389648438,6865373
2017-01-11,ONGC,119.67626953125,197.64999389648438,200.0,197.3000030517578,198.60000610351562,3657809
2017-01-12,ONGC,120.82672882080078,199.5500030517578,201.6999969482422,198.5,198.5,7180398
2017-01-13,ONGC,121.88636779785156,201.3000030517578,203.9499969482422,200.0500030517578,203.0,7173268
2017-01-16,ONGC,120.10013580322266,198.35000610351562,201.8000030517578,198.0500030517578,201.0,4070898
2017-01-17,ONGC,117.95063018798828,194.8000030517578,199.64999389648438,193.0,199.0,4631529
2017-01-18,ONGC,119.88822174072266,198.0,198.39999389648438,193.75,195.5,9444964
2017-01-19,ONGC,121.61390686035156,200.85000610351562,201.4499969482422,196.85000610351562,197.85000610351562,11378619
2017-01-20,ONGC,119.46440887451172,197.3000030517578,202.0,195.4499969482422,200.85000610351562,7834336
2017-01-23,ONGC,121.03865814208984,199.89999389648438,201.8000030517578,197.3000030517578,197.3000030517578,5350419
2017-01-24,ONGC,122.06803894042969,201.60000610351562,202.1999969482422,199.35000610351562,201.14999389648438,3600754
2017-01-25,ONGC,124.06615447998047,204.89999389648438,205.6999969482422,201.9499969482422,201.9499969482422,11413512
2017-01-27,ONGC,123.82396697998047,204.5,208.0,203.14999389648438,206.0,5089894
2017-01-30,ONGC,122.2193832397461,201.85000610351562,205.4499969482422,200.8000030517578,204.5,4594038
2017-01-31,ONGC,122.64325714111328,202.5500030517578,211.8000030517578,201.0,210.0,39669868
2017-02-01,ONGC,121.22032165527344,200.1999969482422,205.0,199.5,203.0,11271144
2017-02-02,ONGC,121.61390686035156,200.85000610351562,204.5,200.39999389648438,201.0,8549969
2017-02-03,ONGC,121.67444610595703,200.9499969482422,203.1999969482422,200.5500030517578,201.6999969482422,4940894
2017-02-06,ONGC,120.49374389648438,199.0,202.85000610351562,198.75,202.8000030517578,5926274
2017-02-07,ONGC,118.38089752197266,193.3000030517578,199.5,192.64999389648438,198.0,10805646
2017-02-08,ONGC,119.05455017089844,194.39999389648438,196.0,192.5500030517578,194.0,7106853
2017-02-09,ONGC,118.13592529296875,192.89999389648438,196.1999969482422,192.4499969482422,195.4499969482422,6092204
2017-02-10,ONGC,118.5952377319336,193.64999389648438,195.4499969482422,193.10000610351562,194.0,6287846
2017-02-13,ONGC,117.73785400390625,192.25,194.5,190.8000030517578,194.3000030517578,4083916
2017-02-14,ONGC,119.8506851196289,195.6999969482422,196.1999969482422,191.85000610351562,193.0,7785934
2017-02-15,ONGC,119.39136505126953,194.9499969482422,197.8000030517578,194.14999389648438,195.89999389648438,5793110
2017-02-16,ONGC,118.87084197998047,194.10000610351562,196.3000030517578,193.75,196.0500030517578,3343438
2017-02-17,ONGC,119.05455017089844,194.39999389648438,195.1999969482422,193.5,195.0,3230898
2017-02-20,ONGC,119.60569763183594,195.3000030517578,196.1999969482422,192.25,194.6999969482422,8954741
2017-02-21,ONGC,120.18756866455078,196.25,196.75,194.5,195.75,3280290
2017-02-22,ONGC,119.7894287109375,195.60000610351562,198.5,195.10000610351562,198.0,5671343
2017-02-23,ONGC,120.034423828125,196.0,197.60000610351562,194.35000610351562,195.89999389648438,20504597
2017-02-27,ONGC,119.23828125,194.6999969482422,198.0,193.8000030517578,197.0,7881156
2017-02-28,ONGC,118.53399658203125,193.5500030517578,197.3000030517578,192.64999389648438,197.10000610351562,10367585
2017-03-01,ONGC,118.71772766113281,193.85000610351562,196.6999969482422,193.39999389648438,196.6999969482422,11243767
2017-03-02,ONGC,118.013427734375,192.6999969482422,194.89999389648438,192.14999389648438,194.8000030517578,6978509
2017-03-03,ONGC,118.22779083251953,193.0500030517578,193.5,191.60000610351562,192.35000610351562,4294857
2017-03-06,ONGC,118.68707275390625,193.8000030517578,194.75,193.0,193.5,3847930
2017-03-07,ONGC,120.2793960571289,196.39999389648438,196.9499969482422,193.5,194.0,7768654
2017-03-08,ONGC,118.16655731201172,192.9499969482422,197.1999969482422,192.3000030517578,197.0,6553289
2017-03-09,ONGC,116.14555358886719,189.64999389648438,191.6999969482422,189.10000610351562,191.5,6323875
2017-03-10,ONGC,117.33980560302734,191.60000610351562,192.4499969482422,188.3000030517578,189.6999969482422,7822853
2017-03-14,ONGC,117.52348327636719,191.89999389648438,194.60000610351562,191.5,194.60000610351562,8850096
2017-03-15,ONGC,116.78858184814453,190.6999969482422,192.9499969482422,190.5,191.3000030517578,4219974
2017-03-16,ONGC,117.46228790283203,191.8000030517578,193.60000610351562,191.25,193.0,6732778
2017-03-17,ONGC,116.35987091064453,190.0,192.39999389648438,189.4499969482422,192.0,7462534
2017-03-20,ONGC,116.88043975830078,190.85000610351562,191.6999969482422,189.6999969482422,190.0500030517578,5070076
2017-03-21,ONGC,118.84019470214844,194.0500030517578,194.4499969482422,191.0,191.0,6715278
2017-03-22,ONGC,117.89094543457031,192.5,193.89999389648438,191.0,192.5,4960436
2017-03-23,ONGC,118.56463623046875,193.60000610351562,194.5,192.75,193.5500030517578,4208188
2017-03-24,ONGC,117.52348327636719,191.89999389648438,193.39999389648438,191.35000610351562,193.35000610351562,9289757
2017-03-27,ONGC,115.68621826171875,188.89999389648438,192.0,188.5,191.8000030517578,4780041
2017-03-28,ONGC,114.46141815185547,186.89999389648438,190.0,186.3000030517578,189.6999969482422,9790503
2017-03-29,ONGC,114.49201965332031,186.9499969482422,188.10000610351562,186.39999389648438,187.89999389648438,9676087
2017-03-30,ONGC,112.62413024902344,183.89999389648438,188.25,183.0,187.0500030517578,14882692
2017-03-31,ONGC,113.29779815673828,185.0,186.3000030517578,184.1999969482422,184.89999389648438,8217678
2017-04-03,ONGC,113.78771209716797,185.8000030517578,186.35000610351562,184.8000030517578,185.1999969482422,4802523
2017-04-05,ONGC,114.06330871582031,186.25,186.6999969482422,184.75,186.35000610351562,6772865
2017-04-06,ONGC,114.85946655273438,187.5500030517578,188.10000610351562,185.1999969482422,186.0,7216198
2017-04-07,ONGC,114.15518188476562,186.39999389648438,188.4499969482422,185.64999389648438,187.75,8049423
2017-04-10,ONGC,114.185791015625,186.4499969482422,187.75,186.1999969482422,187.3000030517578,3953031
2017-04-11,ONGC,115.04320526123047,187.85000610351562,188.39999389648438,186.85000610351562,187.60000610351562,7982429
2017-04-12,ONGC,114.33892059326172,186.6999969482422,188.6999969482422,185.75,188.0500030517578,4050669
2017-04-13,ONGC,113.1753158569336,184.8000030517578,187.3000030517578,184.35000610351562,187.0,3338347
2017-04-17,ONGC,112.13420867919922,183.10000610351562,185.39999389648438,182.5,185.39999389648438,3070001
2017-04-18,ONGC,110.81748962402344,180.9499969482422,184.39999389648438,180.5,183.35000610351562,3358340
2017-04-19,ONGC,110.14383697509766,179.85000610351562,181.9499969482422,179.1999969482422,181.0,4198156
2017-04-20,ONGC,109.68448638916016,179.10000610351562,183.39999389648438,178.5,181.14999389648438,9102962
2017-04-21,ONGC,110.3887710571289,180.25,182.0500030517578,179.6999969482422,180.10000610351562,4117134
2017-04-24,ONGC,111.12371826171875,181.4499969482422,182.1999969482422,180.5,180.5,4311732
2017-04-25,ONGC,111.15430450439453,181.5,182.4499969482422,180.4499969482422,182.39999389648438,5784684
2017-04-26,ONGC,110.29691314697266,180.10000610351562,181.8000030517578,179.8000030517578,181.60000610351562,4850265
2017-04-27,ONGC,109.68448638916016,179.10000610351562,180.8000030517578,178.3000030517578,180.6999969482422,7471812
2017-04-28,ONGC,114.24705505371094,186.5500030517578,187.14999389648438,179.39999389648438,180.0,10789077
2017-05-02,ONGC,117.8296890258789,192.39999389648438,193.89999389648438,187.64999389648438,188.0,17143827
2017-05-03,ONGC,117.0335693359375,191.10000610351562,194.75,190.64999389648438,193.9499969482422,6245067
2017-05-04,ONGC,115.68621826171875,188.89999389648438,192.4499969482422,188.39999389648438,192.0,4432281
2017-05-05,ONGC,112.5628662109375,183.8000030517578,188.60000610351562,182.25,188.5,8117137
2017-05-08,ONGC,113.87957763671875,185.9499969482422,188.1999969482422,184.0,184.60000610351562,5592129
2017-05-09,ONGC,113.97145080566406,186.10000610351562,187.75,185.5,186.89999389648438,4713977
2017-05-10,ONGC,115.10443878173828,187.9499969482422,188.4499969482422,185.60000610351562,186.9499969482422,4038348
2017-05-11,ONGC,112.44039916992188,183.60000610351562,190.25,183.10000610351562,189.10000610351562,10796830
2017-05-12,ONGC,113.2059326171875,184.85000610351562,186.39999389648438,184.0,184.75,6242350
2017-05-15,ONGC,114.36952209472656,186.75,188.3000030517578,186.14999389648438,187.3000030517578,5766195
2017-05-16,ONGC,113.3896255493164,185.14999389648438,187.5,184.60000610351562,187.4499969482422,6960470
2017-05-17,ONGC,112.9915771484375,184.5,186.64999389648438,183.89999389648438,185.1999969482422,6074714
2017-05-18,ONGC,110.78685760498047,180.89999389648438,184.39999389648438,180.5,184.39999389648438,4628258
2017-05-19,ONGC,110.26631927490234,180.0500030517578,182.64999389648438,179.14999389648438,181.89999389648438,5853904
2017-05-22,ONGC,108.49028015136719,177.14999389648438,181.60000610351562,176.60000610351562,181.0500030517578,5558525
2017-05-23,ONGC,106.95924377441406,174.64999389648438,177.89999389648438,173.6999969482422,177.89999389648438,5162996
2017-05-24,ONGC,106.3774185180664,173.6999969482422,176.25,172.89999389648438,174.3000030517578,6540417
2017-05-25,ONGC,106.65302276611328,174.14999389648438,175.64999389648438,173.5,174.8000030517578,8230189
2017-05-26,ONGC,107.63292694091797,175.75,177.5,174.3000030517578,174.6999969482422,6460263
2017-05-29,ONGC,107.63292694091797,175.75,177.3000030517578,171.1999969482422,174.5,6629243
2017-05-30,ONGC,109.40892791748047,178.64999389648438,179.35000610351562,173.10000610351562,175.10000610351562,6532975
2017-05-31,ONGC,108.39839935302734,177.0,178.5500030517578,175.25,178.5500030517578,10715866
2017-06-01,ONGC,106.5611572265625,174.0,176.89999389648438,172.60000610351562,176.89999389648438,8676208
2017-06-02,ONGC,106.5611572265625,174.0,175.4499969482422,173.10000610351562,174.89999389648438,4039371
2017-06-05,ONGC,107.63292694091797,175.75,178.5,174.10000610351562,174.35000610351562,5836542
2017-06-06,ONGC,104.9994888305664,171.4499969482422,176.0,171.10000610351562,176.0,6437174
2017-06-07,ONGC,105.36695098876953,172.0500030517578,174.0,171.5,171.5,7404338
2017-06-08,ONGC,104.44831848144531,170.5500030517578,171.6999969482422,169.0,171.25,5798852
2017-06-09,ONGC,103.62153625488281,169.1999969482422,171.25,167.8000030517578,171.0500030517578,6859186
2017-06-12,ONGC,103.19281005859375,168.5,170.5,168.14999389648438,169.5,4382264
2017-06-13,ONGC,103.56028747558594,169.10000610351562,169.75,167.85000610351562,169.10000610351562,5988071
2017-06-14,ONGC,103.80525207519531,169.5,170.0500030517578,168.14999389648438,169.1999969482422,5698882
2017-06-15,ONGC,102.36608123779297,167.14999389648438,170.89999389648438,166.8000030517578,170.0500030517578,8396153
2017-06-16,ONGC,102.36608123779297,167.14999389648438,167.89999389648438,165.85000610351562,166.5,9457498
2017-06-19,ONGC,101.69242858886719,166.0500030517578,167.8000030517578,164.60000610351562,167.5,5175569
2017-06-20,ONGC,103.56028747558594,169.10000610351562,170.35000610351562,165.8000030517578,167.0,6212122
2017-06-21,ONGC,100.9269027709961,164.8000030517578,168.4499969482422,164.35000610351562,168.1999969482422,8411843
2017-06-22,ONGC,98.26284790039062,160.4499969482422,165.14999389648438,160.0500030517578,164.8000030517578,8856235
2017-06-23,ONGC,96.82364654541016,158.10000610351562,161.35000610351562,157.3000030517578,161.1999969482422,4803636
2017-06-27,ONGC,97.9566421508789,159.9499969482422,160.85000610351562,155.1999969482422,158.9499969482422,7105195
2017-06-28,ONGC,96.82364654541016,158.10000610351562,161.4499969482422,157.5,161.0500030517578,7419236
2017-06-29,ONGC,96.67057037353516,157.85000610351562,160.9499969482422,157.25,159.8000030517578,8800016
2017-06-30,ONGC,96.33373260498047,157.3000030517578,158.8000030517578,156.3000030517578,157.8000030517578,5746101
2017-07-03,ONGC,97.43611907958984,159.10000610351562,159.5,155.89999389648438,157.39999389648438,6622621
2017-07-04,ONGC,97.92603302001953,159.89999389648438,161.75,159.0,159.5,5371351
2017-07-05,ONGC,99.7020492553711,162.8000030517578,163.5,159.9499969482422,160.39999389648438,5605189
2017-07-06,ONGC,99.02838897705078,161.6999969482422,163.39999389648438,160.10000610351562,162.8000030517578,7115526
2017-07-07,ONGC,97.74232482910156,159.60000610351562,162.0,159.10000610351562,161.5,5247930
2017-07-10,ONGC,99.45709228515625,162.39999389648438,163.1999969482422,161.0,161.25,1376868
2017-07-11,ONGC,98.14037322998047,160.25,163.39999389648438,160.0,162.5500030517578,7988251
2017-07-12,ONGC,99.73269653320312,162.85000610351562,165.89999389648438,161.0500030517578,161.0500030517578,12966188
2017-07-13,ONGC,97.3135986328125,158.89999389648438,164.10000610351562,158.60000610351562,164.10000610351562,9072801
2017-07-14,ONGC,96.97679138183594,158.35000610351562,160.0500030517578,157.64999389648438,159.5,7114944
2017-07-17,ONGC,98.01787567138672,160.0500030517578,160.89999389648438,158.8000030517578,160.0,6649645
2017-07-18,ONGC,99.02838897705078,161.6999969482422,162.0,159.39999389648438,160.5,5319994
2017-07-19,ONGC,99.82453155517578,163.0,163.5,159.8000030517578,162.0500030517578,9814913
2017-07-20,ONGC,101.56993865966797,165.85000610351562,167.85000610351562,162.10000610351562,162.1999969482422,16154989
2017-07-21,ONGC,100.65132141113281,164.35000610351562,166.60000610351562,163.60000610351562,166.4499969482422,7090770
2017-07-24,ONGC,99.9776611328125,163.25,165.0,161.6999969482422,165.0,10394896
2017-07-25,ONGC,100.0082778930664,163.3000030517578,163.8000030517578,161.75,163.5,6521103
2017-07-26,ONGC,100.43697357177734,164.0,164.60000610351562,163.39999389648438,164.25,9143178
2017-07-27,ONGC,99.76329803466797,162.89999389648438,165.0,162.0,165.0,12361923
2017-07-28,ONGC,100.89628601074219,164.75,165.5,160.25,161.60000610351562,10303502
2017-07-31,ONGC,103.74402618408203,169.39999389648438,170.0,165.0,165.0,13899095
2017-08-01,ONGC,102.5191650390625,167.39999389648438,170.3000030517578,166.8000030517578,170.25,6705176
2017-08-02,ONGC,101.2943344116211,165.39999389648438,167.5,164.10000610351562,167.5,7743355
2017-08-03,ONGC,101.47805786132812,165.6999969482422,166.75,163.14999389648438,165.0,6902925
2017-08-04,ONGC,101.90678405761719,166.39999389648438,167.3000030517578,163.60000610351562,165.5,6316753
2017-08-07,ONGC,101.60054779052734,165.89999389648438,167.0500030517578,165.10000610351562,166.0,3289743
2017-08-08,ONGC,100.43697357177734,164.0,166.3000030517578,162.5,165.9499969482422,5981069
2017-08-09,ONGC,101.47805786132812,165.6999969482422,166.1999969482422,162.5,163.8000030517578,5908883
2017-08-10,ONGC,100.25324249267578,163.6999969482422,165.60000610351562,162.14999389648438,164.5,8412268
2017-08-11,ONGC,97.7729263305664,159.64999389648438,162.0,158.5,161.5500030517578,5471462
2017-08-14,ONGC,99.02838897705078,161.6999969482422,162.3000030517578,160.0,160.3000030517578,3892174
2017-08-16,ONGC,98.5690689086914,160.9499969482422,161.75,159.5,161.6999969482422,6213088
2017-08-17,ONGC,98.354736328125,160.60000610351562,161.64999389648438,160.0,160.85000610351562,5184915
2017-08-18,ONGC,98.53844451904297,160.89999389648438,161.64999389648438,159.5,160.10000610351562,5559512
2017-08-21,ONGC,96.24187469482422,157.14999389648438,164.5500030517578,156.39999389648438,161.4499969482422,11137965
2017-08-22,ONGC,97.65046691894531,159.4499969482422,160.39999389648438,157.5,158.0,5611720
2017-08-23,ONGC,97.80355834960938,159.6999969482422,160.75,159.25,160.39999389648438,2344934
2017-08-24,ONGC,97.65046691894531,159.4499969482422,160.39999389648438,159.0500030517578,160.39999389648438,3724532
2017-08-28,ONGC,98.354736328125,160.60000610351562,161.39999389648438,159.60000610351562,160.39999389648438,3680139
2017-08-29,ONGC,96.3031234741211,157.25,160.0,157.0,160.0,7756416
2017-08-30,ONGC,97.00741577148438,158.39999389648438,159.10000610351562,157.64999389648438,158.39999389648438,5219322
2017-08-31,ONGC,96.11937713623047,156.9499969482422,160.64999389648438,156.0500030517578,160.60000610351562,16715886
2017-09-01,ONGC,97.9566421508789,159.9499969482422,160.39999389648438,157.3000030517578,158.0,6511029
2017-09-04,ONGC,99.08964538574219,161.8000030517578,162.3000030517578,159.10000610351562,160.39999389648438,4859269
2017-09-05,ONGC,99.7020492553711,162.8000030517578,163.64999389648438,161.39999389648438,163.0,5823055
2017-09-06,ONGC,99.3958511352539,162.3000030517578,163.8000030517578,161.89999389648438,162.39999389648438,3791076
2017-09-07,ONGC,99.3958511352539,162.3000030517578,163.1999969482422,161.60000610351562,163.1999969482422,9101357
2017-09-08,ONGC,99.1202621459961,161.85000610351562,163.3000030517578,159.35000610351562,162.39999389648438,10505052
2017-09-11,ONGC,99.85516357421875,163.0500030517578,163.89999389648438,161.0,162.3000030517578,9449161
2017-09-12,ONGC,99.3958511352539,162.3000030517578,163.5,161.5,163.10000610351562,10536298
2017-09-13,ONGC,98.63031768798828,161.0500030517578,162.8000030517578,160.85000610351562,162.10000610351562,7006941
2017-09-14,ONGC,97.58918762207031,159.35000610351562,162.5,158.25,161.5,15371676
2017-09-15,ONGC,102.12107849121094,166.75,167.85000610351562,159.0,159.5,25453536
2017-09-18,ONGC,101.17186737060547,165.1999969482422,167.9499969482422,164.8000030517578,167.0500030517578,8383548
2017-09-19,ONGC,101.60054779052734,165.89999389648438,166.5500030517578,163.75,163.8000030517578,7052113
2017-09-20,ONGC,102.70291900634766,167.6999969482422,170.89999389648438,164.5,167.0,12062311
2017-09-21,ONGC,102.08756256103516,165.89999389648438,168.1999969482422,163.75,167.6999969482422,7198883
2017-09-22,ONGC,101.1952896118164,164.4499969482422,165.3000030517578,163.3000030517578,165.3000030517578,10308999
2017-09-25,ONGC,101.41065216064453,164.8000030517578,165.3000030517578,161.0500030517578,163.89999389648438,8935570
2017-09-26,ONGC,105.47200775146484,171.39999389648438,172.5,166.10000610351562,166.10000610351562,19866213
2017-09-27,ONGC,104.73358154296875,170.1999969482422,173.0500030517578,169.64999389648438,172.0500030517578,7437060
2017-09-28,ONGC,105.56431579589844,171.5500030517578,173.35000610351562,166.75,169.25,14120709
2017-09-29,ONGC,105.19511413574219,170.9499969482422,174.35000610351562,170.0,171.8000030517578,6418518
2017-10-03,ONGC,105.010498046875,170.64999389648438,174.0500030517578,170.0,174.0,5604933
2017-10-04,ONGC,105.90274810791016,172.10000610351562,172.8000030517578,170.10000610351562,170.75,5087199
2017-10-05,ONGC,105.34895324707031,171.1999969482422,172.6999969482422,170.8000030517578,172.6999969482422,3767993
2017-10-06,ONGC,106.9796371459961,173.85000610351562,174.6999969482422,171.5,171.8000030517578,6144349
2017-10-09,ONGC,105.04124450683594,170.6999969482422,173.4499969482422,170.39999389648438,173.39999389648438,2981922
2017-10-10,ONGC,104.82589721679688,170.35000610351562,172.14999389648438,169.10000610351562,171.0,3112910
2017-10-11,ONGC,104.08747100830078,169.14999389648438,172.14999389648438,168.0,171.39999389648438,4202871
2017-10-12,ONGC,104.4259033203125,169.6999969482422,170.60000610351562,167.75,169.6999969482422,4877955
2017-10-13,ONGC,104.3951416015625,169.64999389648438,170.35000610351562,168.3000030517578,169.14999389648438,5190805
2017-10-16,ONGC,105.87201690673828,172.0500030517578,172.89999389648438,170.0500030517578,170.4499969482422,5054731
2017-10-17,ONGC,105.34895324707031,171.1999969482422,172.0,170.0,171.14999389648438,6819547
2017-10-18,ONGC,107.3488540649414,174.4499969482422,174.9499969482422,170.5,171.0,7869107
2017-10-19,ONGC,105.87201690673828,172.0500030517578,175.5,171.3000030517578,175.0,1215089
2017-10-23,ONGC,105.65663146972656,171.6999969482422,173.39999389648438,170.5500030517578,172.89999389648438,4126469
2017-10-24,ONGC,108.30264282226562,176.0,177.25,171.0500030517578,171.5,10817861
2017-10-25,ONGC,108.82572174072266,176.85000610351562,178.3000030517578,175.5500030517578,177.9499969482422,6103342
2017-10-26,ONGC,109.1333999633789,177.35000610351562,180.0,175.89999389648438,176.4499969482422,15326252
2017-10-27,ONGC,113.22550964355469,184.0,184.89999389648438,177.1999969482422,177.89999389648438,9866477
2017-10-30,ONGC,114.8254165649414,186.60000610351562,191.35000610351562,186.0,188.0,16606395
2017-10-31,ONGC,117.59453582763672,191.10000610351562,192.0,184.60000610351562,186.39999389648438,10698129
2017-11-01,ONGC,117.53299713134766,191.0,193.1999969482422,190.10000610351562,192.0,5341109
2017-11-02,ONGC,115.68693542480469,188.0,192.1999969482422,187.5500030517578,191.0,4024181
2017-11-03,ONGC,119.9704818725586,191.85000610351562,192.39999389648438,186.0,187.14999389648438,7942915
2017-11-06,ONGC,124.59796142578125,199.25,200.4499969482422,191.10000610351562,192.85000610351562,16363370
2017-11-07,ONGC,121.18984985351562,193.8000030517578,205.5,192.89999389648438,202.5,20559837
2017-11-08,ONGC,120.40821838378906,192.5500030517578,195.6999969482422,191.0,195.0,6275377
2017-11-09,ONGC,118.56346130371094,189.60000610351562,195.0,185.85000610351562,193.9499969482422,7527346
2017-11-10,ONGC,119.50148010253906,191.10000610351562,192.64999389648438,188.35000610351562,190.0,6035746
2017-11-13,ONGC,115.18665313720703,184.1999969482422,190.3000030517578,183.5500030517578,189.9499969482422,6894203
2017-11-14,ONGC,113.81092071533203,182.0,185.10000610351562,181.35000610351562,184.89999389648438,4663077
2017-11-15,ONGC,111.02816772460938,177.5500030517578,181.39999389648438,175.8000030517578,180.60000610351562,7701984
2017-11-16,ONGC,112.02871704101562,179.14999389648438,182.64999389648438,177.10000610351562,182.5,7245718
2017-11-17,ONGC,111.0594711303711,177.60000610351562,183.5,177.1999969482422,182.39999389648438,6851616
2017-11-20,ONGC,112.56028747558594,180.0,180.4499969482422,177.6999969482422,178.6999969482422,4004561
2017-11-21,ONGC,113.123046875,180.89999389648438,182.0,178.1999969482422,180.89999389648438,5170506
2017-11-22,ONGC,113.37317657470703,181.3000030517578,182.75,180.0,181.1999969482422,3217008
2017-11-23,ONGC,113.623291015625,181.6999969482422,182.75,180.5,181.89999389648438,3511238
2017-11-24,ONGC,113.18560028076172,181.0,182.60000610351562,180.39999389648438,182.5,2358579
2017-11-27,ONGC,115.09286499023438,184.0500030517578,184.4499969482422,181.5500030517578,182.35000610351562,6930971
2017-11-28,ONGC,113.34191131591797,181.25,183.6999969482422,180.0,183.3000030517578,10710188
2017-11-29,ONGC,114.0923080444336,182.4499969482422,184.25,181.0,181.0,5407391
2017-11-30,ONGC,112.96671295166016,180.64999389648438,182.0,179.4499969482422,181.0,9645385
2017-12-01,ONGC,112.34139251708984,179.64999389648438,183.10000610351562,179.0,182.0,3451636
2017-12-04,ONGC,113.56079864501953,181.60000610351562,183.8000030517578,180.85000610351562,181.25,6347567
2017-12-05,ONGC,111.55970764160156,178.39999389648438,180.6999969482422,177.3000030517578,180.10000610351562,4550575
2017-12-06,ONGC,109.96513366699219,175.85000610351562,179.1999969482422,175.39999389648438,178.39999389648438,4194219
2017-12-07,ONGC,110.71551513671875,177.0500030517578,177.35000610351562,175.35000610351562,175.5500030517578,4373514
2017-12-08,ONGC,112.71656036376953,180.25,181.39999389648438,177.4499969482422,177.5,4832733
2017-12-11,ONGC,111.87236785888672,178.89999389648438,181.9499969482422,177.6999969482422,181.9499969482422,2310668
2017-12-12,ONGC,114.62387084960938,183.3000030517578,184.1999969482422,180.1999969482422,180.39999389648438,6983526
2017-12-13,ONGC,114.9990463256836,183.89999389648438,187.0,183.10000610351562,183.6999969482422,11488267
2017-12-14,ONGC,115.28047180175781,184.35000610351562,186.6999969482422,182.39999389648438,185.9499969482422,5885128
2017-12-15,ONGC,114.43624877929688,183.0,186.10000610351562,182.3000030517578,185.14999389648438,7297568
2017-12-18,ONGC,114.46751403808594,183.0500030517578,183.89999389648438,177.0,183.0,4785160
2017-12-19,ONGC,115.81199645996094,185.1999969482422,186.0,183.0,183.0500030517578,4240135
2017-12-20,ONGC,117.56292724609375,188.0,191.10000610351562,187.5,190.6999969482422,8877376
2017-12-21,ONGC,117.56292724609375,188.0,189.60000610351562,187.10000610351562,188.89999389648438,3893100
2017-12-22,ONGC,120.93974304199219,193.39999389648438,193.8000030517578,187.75,188.6999969482422,8914713
2017-12-26,ONGC,121.1273422241211,193.6999969482422,197.14999389648438,192.6999969482422,194.85000610351562,11345494
2017-12-27,ONGC,120.43949127197266,192.60000610351562,196.0,191.35000610351562,195.3000030517578,7260402
2017-12-28,ONGC,120.68960571289062,193.0,194.39999389648438,192.0500030517578,193.14999389648438,12772109
2017-12-29,ONGC,122.06535339355469,195.1999969482422,195.89999389648438,192.5,194.0,5899591
2018-01-01,ONGC,120.28314208984375,192.35000610351562,195.6999969482422,192.0,195.1999969482422,5899565
2018-01-02,ONGC,123.09716033935547,196.85000610351562,197.5,195.0,195.75,12878378
2018-01-03,ONGC,120.97100067138672,193.4499969482422,197.39999389648438,193.0,197.39999389648438,8032715
2018-01-04,ONGC,124.75425720214844,199.5,200.0,195.1999969482422,195.3000030517578,12740860
2018-01-05,ONGC,124.0976791381836,198.4499969482422,200.9499969482422,196.3000030517578,200.9499969482422,6812787
2018-01-08,ONGC,123.44108581542969,197.39999389648438,199.89999389648438,196.6999969482422,198.0,4858711
2018-01-09,ONGC,123.1909408569336,197.0,199.0,196.5,198.5,4598757
2018-01-10,ONGC,123.75374603271484,197.89999389648438,200.0,197.25,198.3000030517578,7673209
2018-01-11,ONGC,123.75374603271484,197.89999389648438,199.6999969482422,197.0,198.0,5701402
2018-01-12,ONGC,125.53594970703125,200.75,201.9499969482422,197.64999389648438,198.89999389648438,9291346
2018-01-15,ONGC,122.9408187866211,196.60000610351562,200.35000610351562,196.0,199.5,4500523
2018-01-16,ONGC,123.31603240966797,197.1999969482422,198.25,195.0,197.60000610351562,5778244
2018-01-17,ONGC,122.37799835205078,195.6999969482422,198.64999389648438,194.10000610351562,196.3000030517578,6306388
2018-01-18,ONGC,121.3774642944336,194.10000610351562,197.5,193.25,196.39999389648438,6247782
2018-01-19,ONGC,121.1273422241211,193.6999969482422,196.14999389648438,192.0,194.14999389648438,5046015
2018-01-22,ONGC,125.5046615600586,200.6999969482422,205.9499969482422,198.0,198.0,23165754
2018-01-23,ONGC,129.6631622314453,207.35000610351562,208.6999969482422,200.39999389648438,202.0,15755015
2018-01-24,ONGC,131.8518524169922,210.85000610351562,212.0,208.0,209.1999969482422,16132441
2018-01-25,ONGC,130.38230895996094,208.5,212.85000610351562,207.10000610351562,212.39999389648438,10247173
2018-01-29,ONGC,128.2874298095703,205.14999389648438,208.4499969482422,204.25,208.0,7620080
2018-01-30,ONGC,128.0685577392578,204.8000030517578,208.0,203.5,203.85000610351562,7323876
2018-01-31,ONGC,127.2243423461914,203.4499969482422,204.60000610351562,198.8000030517578,203.0,11990243
2018-02-01,ONGC,121.87773132324219,194.89999389648438,207.0500030517578,194.0,204.0500030517578,10015459
2018-02-02,ONGC,120.50199127197266,192.6999969482422,197.75,188.0,194.0,12239774
2018-02-05,ONGC,118.03191375732422,188.75,192.4499969482422,188.0,192.39999389648438,7607002
2018-02-06,ONGC,115.96833038330078,185.4499969482422,187.0,180.10000610351562,182.0,5935676
2018-02-07,ONGC,118.8135986328125,190.0,191.5,187.0,188.0500030517578,8644010
2018-02-08,ONGC,118.0006332397461,188.6999969482422,191.60000610351562,188.0,190.0,4540513
2018-02-09,ONGC,117.1564712524414,187.35000610351562,190.1999969482422,184.60000610351562,187.39999389648438,7314145
2018-02-12,ONGC,119.43892669677734,191.0,194.5,190.35000610351562,192.0,14960914
2018-02-14,ONGC,116.15592193603516,185.75,192.0,184.3000030517578,191.0,4960527
2018-02-15,ONGC,117.75051879882812,188.3000030517578,189.0,185.0,187.10000610351562,5046557
2018-02-16,ONGC,116.87508392333984,186.89999389648438,189.3000030517578,186.5,187.60000610351562,4167034
2018-02-19,ONGC,115.87451171875,185.3000030517578,187.39999389648438,181.85000610351562,187.39999389648438,4265576
2018-02-20,ONGC,116.93760681152344,187.0,188.5,184.8000030517578,185.8000030517578,5328584
2018-02-21,ONGC,118.90740203857422,190.14999389648438,190.8000030517578,184.6999969482422,188.0,4651807
2018-02-22,ONGC,116.37479400634766,186.10000610351562,188.39999389648438,185.25,187.5,8629189
2018-02-23,ONGC,118.68851470947266,189.8000030517578,190.85000610351562,186.5,187.0500030517578,4880302
2018-02-26,ONGC,119.0324935913086,190.35000610351562,191.9499969482422,189.5,190.35000610351562,2721955
2018-02-27,ONGC,117.8756103515625,188.5,194.35000610351562,186.10000610351562,191.0,6611097
2018-02-28,ONGC,117.75051879882812,188.3000030517578,190.1999969482422,186.3000030517578,187.6999969482422,6147245
2018-03-01,ONGC,118.62599182128906,189.6999969482422,190.1999969482422,187.35000610351562,187.89999389648438,3450224
2018-03-05,ONGC,116.03089141845703,185.5500030517578,189.39999389648438,184.1999969482422,189.0,5082390
2018-03-06,ONGC,115.93706512451172,185.39999389648438,186.89999389648438,184.5,186.5,2906142
2018-03-07,ONGC,113.49823760986328,181.5,185.25,178.8000030517578,185.0,4482279
2018-03-08,ONGC,112.6540756225586,180.14999389648438,182.6999969482422,179.39999389648438,182.0,3288627
2018-03-09,ONGC,112.4977035522461,179.89999389648438,182.9499969482422,179.5,180.3000030517578,2053847
2018-03-12,ONGC,114.96778869628906,183.85000610351562,184.3000030517578,179.0,180.89999389648438,4161129
2018-03-13,ONGC,116.23394012451172,183.60000610351562,184.1999969482422,181.5500030517578,182.39999389648438,2457755
2018-03-14,ONGC,114.33472442626953,180.60000610351562,184.10000610351562,179.75,182.8000030517578,4846612
2018-03-15,ONGC,114.14479064941406,180.3000030517578,181.39999389648438,178.75,181.10000610351562,5145739
2018-03-16,ONGC,112.15055847167969,177.14999389648438,180.4499969482422,176.10000610351562,180.3000030517578,8194541
2018-03-19,ONGC,111.96064758300781,176.85000610351562,178.39999389648438,176.14999389648438,177.6999969482422,5782668
2018-03-20,ONGC,110.21967315673828,174.10000610351562,177.75,173.60000610351562,176.39999389648438,3020586
2018-03-21,ONGC,111.13764190673828,175.5500030517578,177.3000030517578,173.64999389648438,175.6999969482422,4055822
2018-03-22,ONGC,113.25847625732422,178.89999389648438,181.6999969482422,176.5500030517578,177.0,8348549
2018-03-23,ONGC,112.30883026123047,177.39999389648438,179.5500030517578,176.14999389648438,176.1999969482422,6884971
2018-03-26,ONGC,113.25847625732422,178.89999389648438,179.4499969482422,176.0,179.4499969482422,4169998
2018-03-27,ONGC,113.7016372680664,179.60000610351562,181.10000610351562,177.25,180.5500030517578,3823981
2018-03-28,ONGC,112.56211853027344,177.8000030517578,179.0,176.10000610351562,178.5,6229049
2018-04-02,ONGC,113.9232177734375,179.9499969482422,180.89999389648438,178.39999389648438,179.10000610351562,2235832
2018-04-03,ONGC,112.37215423583984,177.5,179.1999969482422,176.39999389648438,177.6999969482422,3552271
2018-04-04,ONGC,111.04268646240234,175.39999389648438,178.5,174.6999969482422,178.5,3353172
2018-04-05,ONGC,112.34048461914062,177.4499969482422,177.89999389648438,175.4499969482422,176.5,5375271
2018-04-06,ONGC,112.0239486694336,176.9499969482422,179.35000610351562,176.39999389648438,179.35000610351562,3633964
2018-04-09,ONGC,112.94194030761719,178.39999389648438,179.14999389648438,176.3000030517578,177.10000610351562,4046065
2018-04-10,ONGC,114.08145904541016,180.1999969482422,180.60000610351562,178.1999969482422,179.39999389648438,5180326
2018-04-11,ONGC,115.3160171508789,182.14999389648438,185.39999389648438,180.35000610351562,181.5,11607043
2018-04-12,ONGC,115.062744140625,181.75,184.0,181.0,183.14999389648438,4277125
2018-04-13,ONGC,115.53758239746094,182.5,183.5,181.10000610351562,181.8000030517578,3050131
2018-04-16,ONGC,114.90448760986328,181.5,182.35000610351562,179.8000030517578,182.1999969482422,2308502
2018-04-17,ONGC,114.4613265991211,180.8000030517578,182.10000610351562,179.3000030517578,181.75,2721706
2018-04-18,ONGC,115.28433227539062,182.10000610351562,182.9499969482422,181.0,181.0500030517578,3279393
2018-04-19,ONGC,116.45553588867188,183.9499969482422,186.25,181.75,183.25,5004280
2018-04-20,ONGC,115.44264221191406,182.35000610351562,185.0,181.10000610351562,185.0,1618027
2018-04-23,ONGC,114.61958312988281,181.0500030517578,183.75,179.39999389648438,183.39999389648438,3930421
2018-04-24,ONGC,115.6325454711914,182.64999389648438,183.0500030517578,181.5,182.10000610351562,4080212
2018-04-25,ONGC,113.60667419433594,179.4499969482422,182.4499969482422,178.6999969482422,181.60000610351562,3629856
2018-04-26,ONGC,114.4613265991211,180.8000030517578,181.8000030517578,177.3000030517578,179.4499969482422,6742459
2018-04-27,ONGC,114.39802551269531,180.6999969482422,183.0,179.5500030517578,180.9499969482422,4687951
2018-04-30,ONGC,114.30304718017578,180.5500030517578,181.9499969482422,178.3000030517578,178.5,3335191
2018-05-02,ONGC,113.98651885986328,180.0500030517578,181.5,179.25,181.5,4157973
2018-05-03,ONGC,114.65125274658203,181.10000610351562,182.35000610351562,179.6999969482422,179.9499969482422,2796713
2018-05-04,ONGC,114.1131362915039,180.25,185.14999389648438,179.5500030517578,181.8000030517578,5325720
2018-05-07,ONGC,116.42387390136719,183.89999389648438,184.5,180.8000030517578,181.25,4799480
2018-05-08,ONGC,115.91741943359375,183.10000610351562,186.14999389648438,179.4499969482422,184.85000610351562,5730645
2018-05-09,ONGC,115.75916290283203,182.85000610351562,185.75,182.1999969482422,184.39999389648438,3075560
2018-05-10,ONGC,119.17780303955078,188.25,189.35000610351562,183.5,184.4499969482422,10328901
2018-05-11,ONGC,118.70298767089844,187.5,189.0,186.3000030517578,188.5500030517578,4926216
2018-05-14,ONGC,118.54472351074219,187.25,188.5,184.85000610351562,187.5,3255344
2018-05-15,ONGC,119.6526107788086,189.0,192.0,184.1999969482422,189.0,5877427
2018-05-16,ONGC,117.87996673583984,186.1999969482422,188.9499969482422,175.8000030517578,188.9499969482422,8348946
2018-05-17,ONGC,119.39936065673828,188.60000610351562,189.39999389648438,184.9499969482422,185.9499969482422,4519306
2018-05-18,ONGC,117.15193176269531,185.0500030517578,191.75,184.60000610351562,189.0,4488003
2018-05-21,ONGC,117.59507751464844,185.75,188.64999389648438,185.1999969482422,186.4499969482422,3380355
2018-05-22,ONGC,117.24687957763672,185.1999969482422,188.5,184.0,186.1999969482422,3796268
2018-05-23,ONGC,111.04268646240234,175.39999389648438,185.35000610351562,174.3000030517578,183.89999389648438,5590802
2018-05-24,ONGC,106.16793823242188,167.6999969482422,176.10000610351562,155.14999389648438,175.60000610351562,34819270
2018-05-25,ONGC,111.07435607910156,175.4499969482422,176.1999969482422,162.85000610351562,166.0,12361678
2018-05-28,ONGC,111.16930389404297,175.60000610351562,178.8000030517578,173.6999969482422,175.0,8087040
2018-05-29,ONGC,111.13764190673828,175.5500030517578,177.39999389648438,173.25,176.1999969482422,11015160
2018-05-30,ONGC,110.1563720703125,174.0,178.5,172.6999969482422,175.39999389648438,12554659
2018-05-31,ONGC,112.62540435791016,177.89999389648438,180.35000610351562,175.0500030517578,177.6999969482422,23822373
2018-06-01,ONGC,109.6498794555664,173.1999969482422,176.0,170.60000610351562,176.0,9847581
2018-06-04,ONGC,108.3204345703125,171.10000610351562,175.39999389648438,170.39999389648438,175.39999389648438,5294603
2018-06-05,ONGC,108.38373565673828,171.1999969482422,172.3000030517578,169.1999969482422,170.5,5918946
2018-06-06,ONGC,107.81395721435547,170.3000030517578,172.25,169.8000030517578,171.25,3331408
2018-06-07,ONGC,109.30169677734375,172.64999389648438,173.75,170.10000610351562,170.10000610351562,5086661
2018-06-08,ONGC,109.96644592285156,173.6999969482422,174.89999389648438,172.10000610351562,174.0,4323567
2018-06-11,ONGC,109.71321105957031,173.3000030517578,174.3000030517578,172.5,174.0500030517578,3192749
2018-06-12,ONGC,108.51034545898438,171.39999389648438,175.60000610351562,170.8000030517578,172.85000610351562,4564556
2018-06-13,ONGC,107.6240234375,170.0,172.0,168.60000610351562,170.8000030517578,5321172
2018-06-14,ONGC,106.67442321777344,168.5,170.8000030517578,167.0,169.5,4188442
2018-06-15,ONGC,104.7435302734375,165.4499969482422,168.3000030517578,164.5500030517578,166.39999389648438,7589493
2018-06-18,ONGC,104.20539093017578,164.60000610351562,167.39999389648438,163.25,164.89999389648438,4390244
2018-06-19,ONGC,104.3320083618164,164.8000030517578,166.8000030517578,163.5,165.39999389648438,4413184
2018-06-20,ONGC,103.03416442871094,162.75,165.0,162.14999389648438,165.0,5768211
2018-06-21,ONGC,101.10326385498047,159.6999969482422,163.6999969482422,158.25,163.6999969482422,12638114
2018-06-22,ONGC,101.00831604003906,159.5500030517578,160.64999389648438,158.64999389648438,160.64999389648438,5371207
2018-06-25,ONGC,99.17235565185547,156.64999389648438,160.6999969482422,156.10000610351562,160.35000610351562,5899032
2018-06-26,ONGC,100.21697998046875,158.3000030517578,158.89999389648438,156.0500030517578,156.39999389648438,5960446
2018-06-27,ONGC,98.9191665649414,156.25,158.85000610351562,154.4499969482422,158.35000610351562,7034207
2018-06-28,ONGC,97.17816162109375,153.5,158.60000610351562,151.8000030517578,156.3000030517578,17670403
2018-06-29,ONGC,100.28028106689453,158.39999389648438,159.35000610351562,154.14999389648438,155.14999389648438,7079407
2018-07-02,ONGC,98.4443130493164,155.5,158.0,153.5,157.85000610351562,9196529
2018-07-03,ONGC,99.83711242675781,157.6999969482422,161.60000610351562,154.6999969482422,155.0500030517578,12087830
2018-07-04,ONGC,98.7608871459961,156.0,158.0,155.0500030517578,157.8000030517578,5194030
2018-07-05,ONGC,99.0141372680664,156.39999389648438,157.60000610351562,154.1999969482422,156.0,6807718
2018-07-06,ONGC,98.41267395019531,155.4499969482422,157.35000610351562,155.25,156.89999389648438,3633191
2018-07-09,ONGC,99.6471939086914,157.39999389648438,158.39999389648438,155.1999969482422,156.0,4379183
2018-07-10,ONGC,99.99537658691406,157.9499969482422,159.8000030517578,157.35000610351562,158.5,5276248
2018-07-11,ONGC,100.09033203125,158.10000610351562,158.75,156.5,158.0,6653936
2018-07-12,ONGC,100.62848663330078,158.9499969482422,160.1999969482422,154.75,159.60000610351562,8165181
2018-07-13,ONGC,97.55801391601562,154.10000610351562,159.0500030517578,153.60000610351562,159.0500030517578,3523600
2018-07-16,ONGC,97.36811065673828,153.8000030517578,156.14999389648438,153.0500030517578,155.6999969482422,3680440
2018-07-17,ONGC,98.85584259033203,156.14999389648438,156.85000610351562,152.4499969482422,153.25,3952416
2018-07-18,ONGC,101.48311614990234,160.3000030517578,164.8000030517578,156.85000610351562,156.89999389648438,16571981
2018-07-19,ONGC,102.401123046875,161.75,165.1999969482422,160.8000030517578,162.6999969482422,8472466
2018-07-20,ONGC,99.99537658691406,157.9499969482422,162.0,156.60000610351562,161.75,5475594
2018-07-23,ONGC,99.10906982421875,156.5500030517578,158.75,154.8000030517578,158.0500030517578,4553137
2018-07-24,ONGC,99.52059173583984,157.1999969482422,158.1999969482422,155.85000610351562,157.1999969482422,3943002
2018-07-25,ONGC,100.69178009033203,159.0500030517578,160.75,157.25,157.75,4063454
2018-07-26,ONGC,102.90758514404297,162.5500030517578,164.0,158.1999969482422,159.1999969482422,8778489
2018-07-27,ONGC,102.1162338256836,161.3000030517578,162.8000030517578,160.14999389648438,162.5,3542015
2018-07-30,ONGC,103.88884735107422,164.10000610351562,166.4499969482422,161.14999389648438,161.4499969482422,9599714
2018-07-31,ONGC,104.90178680419922,165.6999969482422,166.75,163.0,165.8000030517578,6815180
2018-08-01,ONGC,105.85137939453125,167.1999969482422,168.75,165.14999389648438,165.25,4618179
2018-08-02,ONGC,105.34493255615234,166.39999389648438,170.8000030517578,165.25,169.39999389648438,7825776
2018-08-03,ONGC,105.59815979003906,166.8000030517578,171.0,166.1999969482422,170.39999389648438,12172870
2018-08-06,ONGC,107.14923095703125,169.25,169.6999969482422,166.8000030517578,167.10000610351562,5159560
2018-08-07,ONGC,106.07298278808594,167.5500030517578,170.0,166.5500030517578,170.0,4300164
2018-08-08,ONGC,109.20674133300781,172.5,172.89999389648438,167.60000610351562,167.60000610351562,7991348
2018-08-09,ONGC,106.92761993408203,168.89999389648438,172.89999389648438,168.35000610351562,172.5500030517578,4437178
2018-08-10,ONGC,107.14923095703125,169.25,170.89999389648438,168.14999389648438,169.39999389648438,4341382
2018-08-13,ONGC,105.12335968017578,166.0500030517578,168.89999389648438,165.5,168.89999389648438,3731211
2018-08-14,ONGC,105.24996185302734,166.25,167.0,164.85000610351562,166.35000610351562,3791016
2018-08-16,ONGC,104.11043548583984,164.4499969482422,166.60000610351562,163.85000610351562,165.89999389648438,4184404
2018-08-17,ONGC,103.22411346435547,163.0500030517578,165.0,162.5,164.5,4754545
2018-08-20,ONGC,106.80101776123047,168.6999969482422,169.89999389648438,164.0,164.0,9674107
2018-08-21,ONGC,107.75067138671875,170.1999969482422,171.25,166.8000030517578,169.8000030517578,5181397
2018-08-23,ONGC,108.82688903808594,171.89999389648438,172.5,168.89999389648438,171.0,6635245
2018-08-24,ONGC,110.63117980957031,174.75,176.5,170.8000030517578,171.0,9867693
2018-08-27,ONGC,111.4542007446289,176.0500030517578,176.89999389648438,175.0,175.4499969482422,3612496
2018-08-28,ONGC,110.53621673583984,174.60000610351562,178.5,173.25,176.1999969482422,5439278
2018-08-29,ONGC,112.05559539794922,177.0,178.6999969482422,174.10000610351562,175.0,6288920
2018-08-30,ONGC,112.34048461914062,177.4499969482422,181.89999389648438,176.14999389648438,176.89999389648438,11296260
2018-08-31,ONGC,113.98651885986328,180.0500030517578,181.25,177.75,178.75,8916222
2018-09-03,ONGC,112.24554443359375,177.3000030517578,180.75,176.64999389648438,180.75,3168480
2018-09-04,ONGC,110.3779296875,174.35000610351562,178.14999389648438,173.60000610351562,177.75,2874936
2018-09-05,ONGC,109.96644592285156,173.6999969482422,175.0,170.75,174.14999389648438,3735722
2018-09-06,ONGC,110.472900390625,174.5,176.14999389648438,170.60000610351562,174.0,6809374
2018-09-07,ONGC,108.82688903808594,171.89999389648438,175.0,171.10000610351562,175.0,5309239
2018-09-10,ONGC,106.76939392089844,168.64999389648438,171.3000030517578,168.10000610351562,170.5,5569685
2018-09-11,ONGC,106.23126983642578,167.8000030517578,170.0,167.39999389648438,168.6999969482422,8750333
2018-09-12,ONGC,106.67442321777344,168.5,170.8000030517578,166.1999969482422,166.1999969482422,5610743
2018-09-14,ONGC,109.2384033203125,172.5500030517578,173.3000030517578,168.39999389648438,169.5,4720460
2018-09-17,ONGC,108.7002944946289,171.6999969482422,173.5500030517578,170.64999389648438,171.10000610351562,4012086
2018-09-18,ONGC,110.0930404663086,173.89999389648438,174.60000610351562,171.75,172.35000610351562,6426239
2018-09-19,ONGC,112.93230438232422,177.0,178.6999969482422,173.25,173.25,10038603
2018-09-21,ONGC,115.10165405273438,180.39999389648438,181.5500030517578,176.6999969482422,177.3000030517578,9298030
2018-09-24,ONGC,115.22925567626953,180.60000610351562,185.39999389648438,179.3000030517578,181.0,13799885
2018-09-25,ONGC,116.31392669677734,182.3000030517578,184.64999389648438,179.39999389648438,181.9499969482422,8363857
2018-09-26,ONGC,115.22925567626953,180.60000610351562,184.8000030517578,178.9499969482422,184.8000030517578,6680285
2018-09-27,ONGC,112.16669464111328,175.8000030517578,181.75,175.0500030517578,181.10000610351562,7853039
2018-09-28,ONGC,113.05992889404297,177.1999969482422,181.0,172.35000610351562,177.0,8598293
2018-10-01,ONGC,114.20838928222656,179.0,181.10000610351562,174.64999389648438,179.3000030517578,4582462
2018-10-03,ONGC,115.77157592773438,181.4499969482422,183.5,177.89999389648438,177.89999389648438,8893914
2018-10-04,ONGC,109.99734497070312,172.39999389648438,182.5500030517578,163.35000610351562,180.5,7866152
2018-10-05,ONGC,93.82315826416016,147.0500030517578,160.0500030517578,145.60000610351562,160.0500030517578,35255036
2018-10-08,ONGC,95.57775115966797,149.8000030517578,150.85000610351562,144.6999969482422,149.0,11709162
2018-10-09,ONGC,93.56793212890625,146.64999389648438,151.89999389648438,145.4499969482422,150.5,6818577
2018-10-10,ONGC,94.81208801269531,148.60000610351562,151.4499969482422,146.10000610351562,146.10000610351562,10873198
2018-10-11,ONGC,97.58756256103516,152.9499969482422,159.60000610351562,146.10000610351562,146.10000610351562,15633772
2018-10-12,ONGC,100.42681121826172,157.39999389648438,158.35000610351562,154.0500030517578,154.6999969482422,6089606
2018-10-15,ONGC,102.181396484375,160.14999389648438,160.89999389648438,156.64999389648438,158.9499969482422,4679911
2018-10-16,ONGC,105.65872955322266,165.60000610351562,167.1999969482422,161.10000610351562,161.9499969482422,8912396
2018-10-17,ONGC,103.42559814453125,162.10000610351562,167.3000030517578,160.5500030517578,166.60000610351562,5347724
2018-10-19,ONGC,102.372802734375,160.4499969482422,163.75,157.0,162.5,7258192
2018-10-22,ONGC,99.50167083740234,155.9499969482422,161.8000030517578,155.25,161.0,5476435
2018-10-23,ONGC,99.15074157714844,155.39999389648438,157.39999389648438,150.89999389648438,155.35000610351562,8239765
2018-10-24,ONGC,100.6501235961914,157.75,159.6999969482422,153.60000610351562,157.9499969482422,8342857
2018-10-25,ONGC,99.11886596679688,155.35000610351562,162.8000030517578,153.0500030517578,157.0,32100452
2018-10-26,ONGC,96.85382080078125,151.8000030517578,156.8000030517578,149.64999389648438,156.0,9427229
2018-10-29,ONGC,98.83171081542969,154.89999389648438,155.75,150.60000610351562,152.5,5954637
2018-10-30,ONGC,97.58756256103516,152.9499969482422,155.0,152.10000610351562,155.0,4156028
2018-10-31,ONGC,97.77897644042969,153.25,155.0,151.39999389648438,154.0,7562821
2018-11-01,ONGC,98.41699981689453,154.25,155.8000030517578,153.35000610351562,155.5,5220182
2018-11-02,ONGC,100.39490509033203,157.35000610351562,158.4499969482422,155.10000610351562,155.5,7789972
2018-11-05,ONGC,98.86363220214844,154.9499969482422,165.0,154.1999969482422,165.0,15261029
2018-11-06,ONGC,99.56547546386719,156.0500030517578,158.1999969482422,153.8000030517578,155.9499969482422,7749980
2018-11-07,ONGC,100.17161560058594,157.0,157.85000610351562,156.60000610351562,157.5500030517578,491522
2018-11-09,ONGC,99.788818359375,156.39999389648438,158.0,155.14999389648438,158.0,6478458
2018-11-12,ONGC,99.56547546386719,156.0500030517578,158.39999389648438,155.35000610351562,156.9499969482422,4686739
2018-11-13,ONGC,99.85258483886719,156.5,158.0,155.6999969482422,156.0500030517578,5499454
2018-11-14,ONGC,102.72374725341797,161.0,163.89999389648438,157.25,157.6999969482422,15008061
2018-11-15,ONGC,101.35197448730469,158.85000610351562,162.0,158.10000610351562,161.39999389648438,3468318
2018-11-16,ONGC,99.75689697265625,156.35000610351562,158.0,152.8000030517578,158.0,7515249
2018-11-19,ONGC,98.60840606689453,154.5500030517578,156.5,153.10000610351562,156.0,4614296
2018-11-20,ONGC,97.68327331542969,153.10000610351562,155.8000030517578,152.64999389648438,154.5500030517578,5480470
2018-11-21,ONGC,96.82193756103516,151.75,155.5,151.3000030517578,155.0,4573137
2018-11-22,ONGC,97.14092254638672,152.25,154.3000030517578,151.64999389648438,152.5,4477092
2018-11-26,ONGC,93.53604125976562,146.60000610351562,153.60000610351562,145.10000610351562,153.0,8093330
2018-11-27,ONGC,93.21702575683594,146.10000610351562,147.85000610351562,144.25,147.39999389648438,9231112
2018-11-28,ONGC,91.11151123046875,142.8000030517578,148.1999969482422,142.0500030517578,146.8000030517578,14201939
2018-11-29,ONGC,89.70781707763672,140.60000610351562,143.89999389648438,137.64999389648438,143.89999389648438,28991042
2018-11-30,ONGC,89.51641845703125,140.3000030517578,143.6999969482422,138.5,141.60000610351562,23675557
2018-12-03,ONGC,90.92007446289062,142.5,143.0,140.1999969482422,140.9499969482422,8371191
2018-12-04,ONGC,93.24890899658203,146.14999389648438,147.9499969482422,142.39999389648438,142.60000610351562,9753442
2018-12-05,ONGC,91.68571472167969,143.6999969482422,148.10000610351562,142.39999389648438,145.9499969482422,9774733
2018-12-06,ONGC,89.42070770263672,140.14999389648438,142.60000610351562,138.5,142.60000610351562,5771659
2018-12-07,ONGC,88.9421615600586,139.39999389648438,141.4499969482422,138.0500030517578,140.1999969482422,10571838
2018-12-10,ONGC,87.47470092773438,137.10000610351562,141.25,135.14999389648438,138.5,33096556
2018-12-11,ONGC,88.11273956298828,138.10000610351562,138.9499969482422,134.75,136.0,14884397
2018-12-12,ONGC,90.4096450805664,141.6999969482422,142.5,138.85000610351562,139.5,14020937
2018-12-13,ONGC,91.4305191040039,143.3000030517578,144.1999969482422,141.5,143.0,11251819
2018-12-14,ONGC,93.69554901123047,146.85000610351562,150.39999389648438,140.60000610351562,143.0,23355616
2018-12-17,ONGC,94.58879089355469,148.25,149.89999389648438,146.10000610351562,148.0,12767531
2018-12-18,ONGC,94.174072265625,147.60000610351562,148.9499969482422,146.3000030517578,147.89999389648438,10474177
2018-12-19,ONGC,94.58879089355469,148.25,148.8000030517578,147.3000030517578,147.5,7008346
2018-12-20,ONGC,94.81208801269531,148.60000610351562,150.75,147.39999389648438,147.9499969482422,21204077
2018-12-21,ONGC,94.74830627441406,148.5,149.3000030517578,147.60000610351562,149.0,17767999
2018-12-24,ONGC,94.36546325683594,147.89999389648438,149.6999969482422,147.3000030517578,148.5,8200455
2018-12-26,ONGC,93.53604125976562,146.60000610351562,149.4499969482422,145.75,148.10000610351562,9247671
2018-12-27,ONGC,95.51394653320312,149.6999969482422,151.39999389648438,146.0,147.35000610351562,44356763
2018-12-28,ONGC,96.02435302734375,150.5,151.5,148.0,148.1999969482422,10732729
2018-12-31,ONGC,95.64155578613281,149.89999389648438,150.8000030517578,149.10000610351562,150.14999389648438,5778308
2019-01-01,ONGC,94.74830627441406,148.5,150.10000610351562,148.0,150.0,4496586
2019-01-02,ONGC,93.82315826416016,147.0500030517578,148.35000610351562,145.75,148.0,17436694
2019-01-03,ONGC,90.85630798339844,142.39999389648438,145.64999389648438,141.60000610351562,145.0,26599483
2019-01-04,ONGC,92.9617919921875,145.6999969482422,146.1999969482422,142.0500030517578,142.0500030517578,7395898
2019-01-07,ONGC,94.33358764648438,147.85000610351562,148.39999389648438,145.75,147.5500030517578,12700566
2019-01-08,ONGC,94.07835388183594,147.4499969482422,149.10000610351562,146.3000030517578,149.10000610351562,6163846
2019-01-09,ONGC,92.70658874511719,145.3000030517578,148.1999969482422,144.85000610351562,147.89999389648438,4951441
2019-01-10,ONGC,91.39861297607422,143.25,147.0,143.0,145.89999389648438,7131028
2019-01-11,ONGC,92.29186248779297,144.64999389648438,145.5,143.64999389648438,144.0,7665486
2019-01-14,ONGC,91.5262222290039,143.4499969482422,145.1999969482422,142.5,145.0,6028078
2019-01-15,ONGC,92.61087036132812,145.14999389648438,145.5,144.0500030517578,144.6999969482422,3680774
2019-01-16,ONGC,93.37652587890625,146.35000610351562,147.25,145.1999969482422,145.1999969482422,3667241
2019-01-17,ONGC,92.51517486572266,145.0,147.4499969482422,144.4499969482422,146.5,5142302
2019-01-18,ONGC,93.63174438476562,146.75,147.6999969482422,145.10000610351562,145.10000610351562,4904282
2019-01-21,ONGC,92.3237533569336,144.6999969482422,147.1999969482422,144.10000610351562,147.0,4087312
2019-01-22,ONGC,92.10044860839844,144.35000610351562,146.0,144.0500030517578,145.5,4113351
2019-01-23,ONGC,91.4305191040039,143.3000030517578,145.5500030517578,143.0,144.6999969482422,4946218
2019-01-24,ONGC,90.4096450805664,141.6999969482422,143.9499969482422,141.0500030517578,143.39999389648438,3820645
2019-01-25,ONGC,90.60106658935547,142.0,144.4499969482422,141.64999389648438,142.10000610351562,3871762
2019-01-28,ONGC,90.37775421142578,141.64999389648438,142.9499969482422,139.64999389648438,142.5,2910523
2019-01-29,ONGC,89.99494171142578,141.0500030517578,143.6999969482422,140.10000610351562,142.3000030517578,7282910
2019-01-30,ONGC,89.13359832763672,139.6999969482422,141.5,138.5,141.4499969482422,8511453
2019-01-31,ONGC,90.1225357055664,141.25,142.8000030517578,139.25,140.1999969482422,28107358
2019-02-01,ONGC,90.47345733642578,141.8000030517578,143.3000030517578,139.8000030517578,141.0,5260578
2019-02-04,ONGC,93.31271362304688,146.25,147.4499969482422,142.4499969482422,142.5,9532350
2019-02-05,ONGC,91.20721435546875,142.9499969482422,148.1999969482422,142.3000030517578,146.0,5413425
2019-02-06,ONGC,93.59984588623047,146.6999969482422,147.75,142.5,143.39999389648438,5075180
2019-02-07,ONGC,94.36546325683594,147.89999389648438,148.3000030517578,145.5,146.89999389648438,6080631
2019-02-08,ONGC,91.97284698486328,144.14999389648438,148.3000030517578,143.14999389648438,146.3000030517578,4510762
2019-02-11,ONGC,88.17652130126953,138.1999969482422,143.64999389648438,137.10000610351562,143.25,6424512
2019-02-12,ONGC,87.6980209350586,137.4499969482422,140.9499969482422,136.5500030517578,138.5,6816203
2019-02-14,ONGC,84.31640625,132.14999389648438,134.1999969482422,127.5999984741211,133.5,25346334
2019-02-15,ONGC,86.13481903076172,135.0,140.89999389648438,133.39999389648438,138.0,37975666
2019-02-18,ONGC,87.47470092773438,137.10000610351562,138.89999389648438,135.8000030517578,136.8000030517578,10614715
2019-02-19,ONGC,88.78266143798828,139.14999389648438,140.35000610351562,137.1999969482422,137.1999969482422,9077045
2019-02-20,ONGC,91.90904998779297,144.0500030517578,145.35000610351562,140.0,141.60000610351562,14236359
2019-02-21,ONGC,93.75933837890625,146.9499969482422,148.60000610351562,144.1999969482422,145.0,13876243
2019-02-22,ONGC,94.81208801269531,148.60000610351562,150.5,147.10000610351562,148.60000610351562,18273813
2019-02-25,ONGC,94.269775390625,147.75,149.35000610351562,145.6999969482422,149.0,20216077
2019-02-26,ONGC,94.11027526855469,147.5,149.1999969482422,146.0,147.5,12458860
2019-02-27,ONGC,94.42926788330078,148.0,149.75,146.5,148.75,11868751
2019-02-28,ONGC,98.33213806152344,148.64999389648438,150.75,143.10000610351562,144.39999389648438,48854712
2019-03-01,ONGC,98.62982177734375,149.10000610351562,150.1999969482422,147.85000610351562,149.89999389648438,9764801
2019-03-05,ONGC,102.53266906738281,155.0,155.64999389648438,147.85000610351562,148.75,11194669
2019-03-06,ONGC,102.40038299560547,154.8000030517578,157.0,152.8000030517578,155.10000610351562,15648948
2019-03-07,ONGC,100.58124542236328,152.0500030517578,155.5,151.5,154.8000030517578,30210637
2019-03-08,ONGC,99.48976135253906,150.39999389648438,152.60000610351562,147.0,152.10000610351562,17986042
2019-03-11,ONGC,101.20967102050781,153.0,154.3000030517578,151.10000610351562,151.5500030517578,15880368
2019-03-12,ONGC,100.44895935058594,151.85000610351562,155.60000610351562,151.10000610351562,154.0,10818012
2019-03-13,ONGC,99.0597915649414,149.75,151.25,145.6999969482422,151.25,21001041
2019-03-14,ONGC,99.91975402832031,151.0500030517578,152.5,149.5,150.0,6328309
2019-03-15,ONGC,103.19417572021484,156.0,157.4499969482422,151.1999969482422,151.89999389648438,15483879
2019-03-18,ONGC,102.3011474609375,154.64999389648438,157.3000030517578,153.60000610351562,155.0,7575127
2019-03-19,ONGC,103.8556900024414,157.0,163.1999969482422,154.8000030517578,155.9499969482422,18289779
2019-03-20,ONGC,100.44895935058594,151.85000610351562,157.0500030517578,150.60000610351562,156.64999389648438,28675956
2019-03-22,ONGC,100.77970123291016,152.35000610351562,153.4499969482422,148.4499969482422,152.9499969482422,26751005
2019-03-25,ONGC,104.94715881347656,158.64999389648438,160.5500030517578,150.6999969482422,152.0,22638399
2019-03-26,ONGC,106.54481506347656,160.0500030517578,163.0500030517578,158.6999969482422,159.0,16694599
2019-03-27,ONGC,106.57809448242188,160.10000610351562,161.39999389648438,157.5,160.14999389648438,10063152
2019-03-28,ONGC,103.78216552734375,155.89999389648438,160.25,155.1999969482422,160.0,25492224
2019-04-01,ONGC,104.68087005615234,157.25,160.9499969482422,155.8000030517578,160.5,20605152
2019-04-02,ONGC,104.8472900390625,157.5,159.6999969482422,156.39999389648438,159.1999969482422,10435568
2019-04-03,ONGC,103.48261260986328,155.4499969482422,159.10000610351562,154.60000610351562,158.5500030517578,8283863
2019-04-04,ONGC,103.34947967529297,155.25,156.35000610351562,153.3000030517578,155.25,10752094
2019-04-05,ONGC,104.21488952636719,156.5500030517578,157.14999389648438,153.9499969482422,156.0,6797106
2019-04-08,ONGC,105.24669647216797,158.10000610351562,160.25,156.5500030517578,157.8000030517578,13120469
2019-04-09,ONGC,104.88058471679688,157.5500030517578,158.89999389648438,157.0500030517578,158.60000610351562,8487177
2019-04-10,ONGC,105.1801528930664,158.0,159.9499969482422,156.8000030517578,156.9499969482422,9363447
2019-04-11,ONGC,105.57958984375,158.60000610351562,159.39999389648438,155.89999389648438,158.0,5279154
2019-04-12,ONGC,104.91387176513672,157.60000610351562,159.64999389648438,157.25,159.0,5631030
2019-04-15,ONGC,104.14833068847656,156.4499969482422,158.3000030517578,156.10000610351562,158.3000030517578,3902646
2019-04-16,ONGC,106.81108856201172,160.4499969482422,161.0,155.85000610351562,156.5,8394765
2019-04-18,ONGC,106.91096496582031,160.60000610351562,162.1999969482422,159.0500030517578,160.85000610351562,9606055
2019-04-22,ONGC,105.11357116699219,157.89999389648438,161.5,156.89999389648438,160.6999969482422,5543020
2019-04-23,ONGC,109.00787353515625,163.75,165.0,157.60000610351562,158.0,10137024
2019-04-24,ONGC,112.26983642578125,168.64999389648438,170.4499969482422,165.6999969482422,165.6999969482422,33596281
2019-04-25,ONGC,112.40296173095703,168.85000610351562,170.0,166.5500030517578,168.35000610351562,134264338
2019-04-26,ONGC,112.10338592529297,168.39999389648438,169.9499969482422,167.89999389648438,169.5,8708111
2019-04-30,ONGC,112.63597106933594,169.1999969482422,171.14999389648438,166.14999389648438,168.0,9844317
2019-05-02,ONGC,112.43622589111328,168.89999389648438,172.0,168.39999389648438,169.3000030517578,22056708
2019-05-03,ONGC,113.3349380493164,170.25,171.89999389648438,168.6999969482422,168.85000610351562,12720120
2019-05-06,ONGC,113.26836395263672,170.14999389648438,171.6999969482422,168.14999389648438,170.0,18962836
2019-05-07,ONGC,114.30021667480469,171.6999969482422,172.5,168.60000610351562,170.39999389648438,9042790
2019-05-08,ONGC,112.43622589111328,168.89999389648438,171.39999389648438,167.75,171.39999389648438,8603091
2019-05-09,ONGC,112.76908874511719,169.39999389648438,170.10000610351562,167.39999389648438,167.39999389648438,6869953
2019-05-10,ONGC,110.70543670654297,166.3000030517578,169.39999389648438,165.6999969482422,168.39999389648438,6195094
2019-05-13,ONGC,109.24089813232422,164.10000610351562,167.89999389648438,163.0,167.1999969482422,7792358
2019-05-14,ONGC,109.27418518066406,164.14999389648438,165.39999389648438,160.85000610351562,162.0,7268915
2019-05-15,ONGC,108.3421859741211,162.75,165.1999969482422,161.8000030517578,164.60000610351562,5412275
2019-05-16,ONGC,110.47244262695312,165.9499969482422,166.89999389648438,162.0,163.39999389648438,5197438
2019-05-17,ONGC,111.40442657470703,167.35000610351562,168.0,162.10000610351562,166.5,5532072
2019-05-20,ONGC,117.16268157958984,176.0,176.60000610351562,169.10000610351562,170.0,7103649
2019-05-21,ONGC,116.33057403564453,174.75,176.5,173.8000030517578,175.10000610351562,7135887
2019-05-22,ONGC,117.82837677001953,177.0,178.0,174.14999389648438,174.85000610351562,10347293
2019-05-23,ONGC,115.93115234375,174.14999389648438,178.89999389648438,173.0,178.5,9247879
2019-05-24,ONGC,116.09754180908203,174.39999389648438,175.89999389648438,168.8000030517578,174.0,9263195
2019-05-27,ONGC,115.59829711914062,173.64999389648438,175.1999969482422,172.5500030517578,174.0,7461458
2019-05-28,ONGC,116.69674682617188,175.3000030517578,176.39999389648438,171.60000610351562,173.14999389648438,16628505
2019-05-29,ONGC,114.20034790039062,171.5500030517578,174.64999389648438,170.35000610351562,173.89999389648438,7205487
2019-05-30,ONGC,112.80236053466797,169.4499969482422,172.0,167.5500030517578,172.0,21945960
2019-05-31,ONGC,114.46660614013672,171.9499969482422,173.9499969482422,166.5500030517578,168.0,17113729
2019-06-03,ONGC,114.59973907470703,172.14999389648438,173.1999969482422,167.5,173.0,17756361
2019-06-04,ONGC,113.56793212890625,170.60000610351562,173.5,170.0500030517578,172.89999389648438,8578302
2019-06-06,ONGC,112.76908874511719,169.39999389648438,172.10000610351562,168.85000610351562,170.5,14152285
2019-06-07,ONGC,111.50425720214844,167.5,170.10000610351562,166.5500030517578,169.60000610351562,5052519
2019-06-10,ONGC,109.60701751708984,164.64999389648438,169.0,163.1999969482422,168.10000610351562,10866149
2019-06-11,ONGC,112.66924285888672,169.25,170.35000610351562,164.85000610351562,164.85000610351562,11282418
2019-06-12,ONGC,113.73434448242188,170.85000610351562,171.4499969482422,166.0,168.0500030517578,9478876
2019-06-13,ONGC,112.46952819824219,168.9499969482422,170.1999969482422,167.0,168.8000030517578,6678516
2019-06-14,ONGC,112.7025146484375,169.3000030517578,171.0,168.4499969482422,168.9499969482422,7153585
2019-06-17,ONGC,109.44062042236328,164.39999389648438,169.9499969482422,162.9499969482422,169.5,4603627
2019-06-18,ONGC,110.60560607910156,166.14999389648438,166.9499969482422,163.25,164.0,5808715
2019-06-19,ONGC,111.40442657470703,167.35000610351562,169.10000610351562,164.60000610351562,166.8000030517578,4625698
2019-06-20,ONGC,114.49992370605469,172.0,172.75,166.3000030517578,166.3000030517578,5793816
2019-06-21,ONGC,113.80093383789062,170.9499969482422,173.4499969482422,169.8000030517578,171.75,11402911
2019-06-24,ONGC,109.97315979003906,165.1999969482422,171.85000610351562,164.85000610351562,171.14999389648438,6585159
2019-06-25,ONGC,110.63884735107422,166.1999969482422,168.4499969482422,165.5,165.5,6697367
2019-06-26,ONGC,111.53754425048828,167.5500030517578,169.14999389648438,166.10000610351562,166.10000610351562,5978575
2019-06-27,ONGC,113.56793212890625,170.60000610351562,171.8000030517578,167.25,167.5500030517578,36738164
2019-06-28,ONGC,111.67070007324219,167.75,171.3000030517578,166.64999389648438,170.3000030517578,5325984
2019-07-01,ONGC,107.17723846435547,161.0,170.39999389648438,159.25,168.1999969482422,15160240
2019-07-02,ONGC,110.27272033691406,165.64999389648438,166.25,161.5,163.0,10975678
2019-07-03,ONGC,110.70543670654297,166.3000030517578,167.9499969482422,163.5,165.8000030517578,8253849
2019-07-04,ONGC,111.23797607421875,167.10000610351562,168.89999389648438,166.10000610351562,166.39999389648438,8827834
2019-07-05,ONGC,107.51009368896484,161.5,168.0500030517578,160.0,167.10000610351562,14509056
2019-07-08,ONGC,101.45223999023438,152.39999389648438,161.5,151.0500030517578,161.4499969482422,10273814
2019-07-09,ONGC,102.11795043945312,153.39999389648438,155.4499969482422,150.64999389648438,152.39999389648438,15033604
2019-07-10,ONGC,100.95296478271484,151.64999389648438,154.39999389648438,149.64999389648438,153.0500030517578,5310646
2019-07-11,ONGC,101.9182357788086,153.10000610351562,154.10000610351562,152.0,153.0,6576542
2019-07-12,ONGC,99.65486145019531,149.6999969482422,153.35000610351562,148.0,153.0,13015538
2019-07-15,ONGC,100.32054901123047,150.6999969482422,151.6999969482422,148.8000030517578,150.0,8465078
2019-07-16,ONGC,101.35237884521484,152.25,154.39999389648438,150.6999969482422,151.0,12865346
2019-07-17,ONGC,99.78799438476562,149.89999389648438,153.64999389648438,149.0,152.39999389648438,8046201
2019-07-18,ONGC,95.46096801757812,143.39999389648438,150.8000030517578,143.0500030517578,149.9499969482422,15971004
2019-07-19,ONGC,95.79381561279297,143.89999389648438,145.8000030517578,140.39999389648438,144.5,25660025
2019-07-22,ONGC,97.62448120117188,146.64999389648438,147.39999389648438,140.64999389648438,144.0,12077069
2019-07-23,ONGC,96.25983428955078,144.60000610351562,147.75,144.14999389648438,146.5,5519598
2019-07-24,ONGC,95.59410858154297,143.60000610351562,145.85000610351562,142.89999389648438,145.39999389648438,9202665
2019-07-25,ONGC,95.76053619384766,143.85000610351562,144.8000030517578,141.39999389648438,144.3000030517578,28004780
2019-07-26,ONGC,94.46241760253906,141.89999389648438,144.39999389648438,141.39999389648438,144.39999389648438,10055490
2019-07-29,ONGC,93.43059539794922,140.35000610351562,142.39999389648438,138.35000610351562,142.0,19155260
2019-07-30,ONGC,92.36546325683594,138.75,141.8000030517578,138.10000610351562,141.39999389648438,11943745
2019-07-31,ONGC,92.43203735351562,138.85000610351562,139.6999969482422,136.25,137.6999969482422,9857785
2019-08-01,ONGC,91.13394165039062,136.89999389648438,139.75,135.10000610351562,138.5,9105690
2019-08-02,ONGC,89.4364242553711,134.35000610351562,136.35000610351562,132.75,136.0,9912972
2019-08-05,ONGC,87.40603637695312,131.3000030517578,132.89999389648438,130.10000610351562,132.8000030517578,9551686
2019-08-06,ONGC,87.50588989257812,131.4499969482422,132.5,129.35000610351562,130.85000610351562,11765339
2019-08-07,ONGC,86.87348175048828,130.5,131.85000610351562,128.39999389648438,131.4499969482422,13083927
2019-08-08,ONGC,87.1064682006836,130.85000610351562,132.6999969482422,127.9000015258789,130.5,10164125
2019-08-09,ONGC,87.17301940917969,130.9499969482422,132.39999389648438,129.64999389648438,131.64999389648438,8847432
2019-08-13,ONGC,85.04280090332031,127.75,133.5,125.5,130.9499969482422,12944927
2019-08-14,ONGC,84.44367980957031,126.8499984741211,129.8000030517578,125.75,129.0,14449993
2019-08-16,ONGC,85.14265441894531,127.9000015258789,129.10000610351562,126.4000015258789,127.69999694824219,12017531
2019-08-19,ONGC,84.07754516601562,126.30000305175781,128.5,126.05000305175781,128.0,5695238
2019-08-20,ONGC,83.24542999267578,125.05000305175781,126.8499984741211,124.3499984741211,126.5999984741211,6214250
2019-08-21,ONGC,80.68250274658203,121.19999694824219,125.55000305175781,119.6500015258789,125.0,9765538
2019-08-22,ONGC,78.33805084228516,116.94999694824219,121.5,116.19999694824219,121.19999694824219,8867462
2019-08-23,ONGC,81.8882064819336,122.25,123.44999694824219,115.75,116.3499984741211,10008179
2019-08-26,ONGC,82.8929672241211,123.75,125.05000305175781,119.5999984741211,124.0,11056410
2019-08-27,ONGC,84.13218688964844,125.5999984741211,126.4000015258789,123.1500015258789,124.0999984741211,18829260
2019-08-28,ONGC,81.18486785888672,121.19999694824219,125.94999694824219,120.4000015258789,125.05000305175781,11763326
2019-08-29,ONGC,82.55804443359375,123.25,124.25,119.5,120.0,30777971
2019-08-30,ONGC,81.18486785888672,121.19999694824219,125.75,119.5,123.5,9910931
2019-09-03,ONGC,78.47201538085938,117.1500015258789,120.5,116.5,120.5,8243808
2019-09-04,ONGC,79.71121978759766,119.0,119.4000015258789,115.55000305175781,117.5,8873226
2019-09-05,ONGC,83.83075714111328,125.1500015258789,129.89999389648438,119.44999694824219,119.44999694824219,32226347
2019-09-06,ONGC,85.70630645751953,127.94999694824219,128.5500030517578,124.5,126.4000015258789,15759526
2019-09-09,ONGC,86.67757415771484,129.39999389648438,129.9499969482422,126.0,127.30000305175781,9454697
2019-09-11,ONGC,84.232666015625,125.75,130.89999389648438,125.1500015258789,129.1999969482422,11398745
2019-09-12,ONGC,84.33313751220703,125.9000015258789,128.35000610351562,125.25,126.25,8659474
2019-09-13,ONGC,86.30916595458984,128.85000610351562,129.3000030517578,125.3499984741211,126.25,13251256
2019-09-16,ONGC,87.54837036132812,130.6999969482422,133.25,128.5,130.9499969482422,18224041
2019-09-17,ONGC,86.8785400390625,129.6999969482422,132.0,129.0500030517578,130.75,11879210
2019-09-18,ONGC,85.0699462890625,127.0,129.9499969482422,125.94999694824219,129.6999969482422,12238136
2019-09-19,ONGC,83.26139831542969,124.30000305175781,127.25,123.6500015258789,127.0,8680319
2019-09-20,ONGC,89.49093627929688,133.60000610351562,134.9499969482422,121.5999984741211,124.4000015258789,30270009
2019-09-23,ONGC,91.29949188232422,136.3000030517578,140.85000610351562,134.9499969482422,137.4499969482422,17685955
2019-09-24,ONGC,89.4239273071289,133.5,139.8000030517578,132.8000030517578,136.25,16012272
2019-09-25,ONGC,88.0507583618164,131.4499969482422,133.64999389648438,130.6999969482422,132.0,5824582
2019-09-26,ONGC,91.8018798828125,137.0500030517578,138.0500030517578,131.1999969482422,131.8000030517578,19764328
2019-09-27,ONGC,88.08426666259766,131.5,136.10000610351562,130.4499969482422,135.89999389648438,11359611
2019-09-30,ONGC,88.28520965576172,131.8000030517578,132.89999389648438,128.5500030517578,131.10000610351562,11625597
2019-10-01,ONGC,85.87377166748047,128.1999969482422,133.35000610351562,126.75,131.5,10259184
2019-10-03,ONGC,85.80677795410156,128.10000610351562,129.85000610351562,125.4000015258789,128.1999969482422,7082143
2019-10-04,ONGC,86.77806091308594,129.5500030517578,132.75,127.30000305175781,129.9499969482422,20137433
2019-10-07,ONGC,84.7685317993164,126.55000305175781,129.75,125.4000015258789,129.5500030517578,9194007
2019-10-09,ONGC,84.29963684082031,125.8499984741211,127.1500015258789,123.94999694824219,126.44999694824219,15309757
2019-10-10,ONGC,84.065185546875,125.5,127.0999984741211,125.0999984741211,125.8499984741211,6169256
2019-10-11,ONGC,86.40963745117188,129.0,129.89999389648438,126.0999984741211,126.30000305175781,11840486
2019-10-14,ONGC,90.59616088867188,135.25,136.4499969482422,129.0,129.4499969482422,19460416
2019-10-15,ONGC,92.87361145019531,138.64999389648438,139.14999389648438,135.35000610351562,137.0,17145941
2019-10-16,ONGC,94.88314056396484,141.64999389648438,143.1999969482422,138.3000030517578,140.0,15149481
2019-10-17,ONGC,94.7156753540039,141.39999389648438,141.89999389648438,139.14999389648438,141.10000610351562,9372042
2019-10-18,ONGC,96.12236022949219,143.5,144.5,139.89999389648438,140.10000610351562,17597233
2019-10-22,ONGC,96.62474822998047,144.25,146.14999389648438,142.1999969482422,143.5,11582273
2019-10-23,ONGC,95.05061340332031,141.89999389648438,144.9499969482422,141.25,144.25,7500868
2019-10-24,ONGC,94.24681091308594,140.6999969482422,142.1999969482422,139.0500030517578,141.89999389648438,6919238
2019-10-25,ONGC,93.47649383544922,139.5500030517578,141.60000610351562,138.10000610351562,141.60000610351562,6636201
2019-10-27,ONGC,93.67742156982422,139.85000610351562,140.85000610351562,139.0,140.35000610351562,698557
2019-10-29,ONGC,95.21806335449219,142.14999389648438,143.85000610351562,138.1999969482422,140.5500030517578,8236221
2019-10-30,ONGC,94.14630889892578,140.5500030517578,144.0,139.8000030517578,144.0,7064774
2019-10-31,ONGC,94.91663360595703,141.6999969482422,142.1999969482422,139.64999389648438,140.60000610351562,22281969
2019-11-01,ONGC,96.5577392578125,144.14999389648438,144.75,140.10000610351562,140.5500030517578,8049866
2019-11-04,ONGC,98.73472595214844,147.39999389648438,149.64999389648438,144.14999389648438,144.14999389648438,11733406
2019-11-05,ONGC,98.0313949584961,146.35000610351562,148.75,145.0,148.1999969482422,7883507
2019-11-06,ONGC,96.8926773071289,144.64999389648438,148.0,143.85000610351562,146.35000610351562,6207456
2019-11-07,ONGC,95.1511001586914,142.0500030517578,145.0500030517578,140.39999389648438,144.9499969482422,7332352
2019-11-08,ONGC,92.63915252685547,138.3000030517578,143.5,137.60000610351562,141.9499969482422,8252930
2019-11-11,ONGC,93.17505645751953,139.10000610351562,139.75,136.64999389648438,138.39999389648438,7032172
2019-11-13,ONGC,92.57218170166016,138.1999969482422,140.39999389648438,137.5,139.10000610351562,7969923
2019-11-14,ONGC,91.23249053955078,136.1999969482422,139.25,135.64999389648438,138.1999969482422,8178628
2019-11-15,ONGC,90.7970962524414,135.5500030517578,138.8000030517578,135.14999389648438,137.3000030517578,8390855
2019-11-18,ONGC,89.6918716430664,133.89999389648438,136.10000610351562,133.1999969482422,135.4499969482422,6851414
2019-11-19,ONGC,89.25647735595703,133.25,135.10000610351562,132.8000030517578,135.0,5821375
2019-11-20,ONGC,89.55789184570312,133.6999969482422,135.25,132.25,132.85000610351562,7657346
2019-11-21,ONGC,87.84979248046875,131.14999389648438,134.5,130.60000610351562,133.6999969482422,7946555
2019-11-22,ONGC,89.65837860107422,133.85000610351562,134.64999389648438,130.8000030517578,131.0,6323556
2019-11-25,ONGC,87.7158203125,130.9499969482422,134.5500030517578,130.5,133.85000610351562,11930938
2019-11-26,ONGC,87.2469482421875,130.25,133.39999389648438,129.25,131.85000610351562,16115025
2019-11-27,ONGC,88.85455322265625,132.64999389648438,133.0500030517578,129.5500030517578,130.39999389648438,5343104
2019-11-28,ONGC,89.1894760131836,133.14999389648438,133.5500030517578,131.10000610351562,132.39999389648438,6663638
2019-11-29,ONGC,88.251708984375,131.75,133.4499969482422,130.5,133.0500030517578,9434148
2019-12-02,ONGC,85.80677795410156,128.10000610351562,131.4499969482422,127.55000305175781,131.0500030517578,15010167
2019-12-03,ONGC,85.50536346435547,127.6500015258789,128.39999389648438,126.0,128.10000610351562,7809967
2019-12-04,ONGC,87.11297607421875,130.0500030517578,130.64999389648438,126.8499984741211,126.9000015258789,5821599
2019-12-05,ONGC,86.34264373779297,128.89999389648438,130.39999389648438,128.4499969482422,129.3000030517578,4185400
2019-12-06,ONGC,84.7685317993164,126.55000305175781,129.5,126.30000305175781,129.5,5097809
2019-12-09,ONGC,84.60107421875,126.30000305175781,127.80000305175781,125.5999984741211,126.9000015258789,3841176
2019-12-10,ONGC,83.86424255371094,125.19999694824219,128.3000030517578,124.9000015258789,126.4000015258789,6125011
2019-12-11,ONGC,85.73980712890625,128.0,128.5,125.0,126.0999984741211,6878932
2019-12-12,ONGC,84.33313751220703,125.9000015258789,128.3000030517578,125.3499984741211,128.10000610351562,9804404
2019-12-13,ONGC,84.73503112792969,126.5,127.44999694824219,126.0,126.44999694824219,6663052
2019-12-16,ONGC,84.13218688964844,125.5999984741211,126.94999694824219,125.0,126.5,6241723
2019-12-17,ONGC,83.93122100830078,125.30000305175781,126.0,124.30000305175781,125.1500015258789,8062616
2019-12-18,ONGC,83.79724884033203,125.0999984741211,125.6500015258789,124.1500015258789,125.5999984741211,6687482
2019-12-19,ONGC,84.19916534423828,125.69999694824219,126.8499984741211,124.19999694824219,125.0999984741211,6223102
2019-12-20,ONGC,83.83075714111328,125.1500015258789,126.80000305175781,124.8499984741211,126.0,8515990
2019-12-23,ONGC,83.49583435058594,124.6500015258789,126.30000305175781,124.05000305175781,124.9000015258789,10466423
2019-12-24,ONGC,84.40010833740234,126.0,126.5999984741211,124.69999694824219,124.9000015258789,9979742
2019-12-26,ONGC,85.73980712890625,128.0,129.5500030517578,124.5,126.0,23164167
2019-12-27,ONGC,86.00772857666016,128.39999389648438,129.89999389648438,127.19999694824219,129.5,8435235
2019-12-30,ONGC,85.70630645751953,127.94999694824219,129.25,127.0999984741211,128.39999389648438,4023932
2019-12-31,ONGC,86.27567291259766,128.8000030517578,129.25,127.19999694824219,127.19999694824219,5102473
2020-01-01,ONGC,85.37139129638672,127.44999694824219,128.89999389648438,126.8499984741211,128.75,2574894
2020-01-02,ONGC,85.77330017089844,128.0500030517578,128.64999389648438,127.0999984741211,127.6500015258789,4759843
2020-01-03,ONGC,86.04122924804688,128.4499969482422,133.39999389648438,128.0500030517578,131.0,31381588
2020-01-06,ONGC,84.56755828857422,126.25,129.8000030517578,125.0999984741211,129.6999969482422,14611204
2020-01-07,ONGC,84.232666015625,125.75,127.69999694824219,125.4000015258789,125.5999984741211,7193304
2020-01-08,ONGC,82.69202423095703,123.44999694824219,125.44999694824219,123.19999694824219,125.0,6236192
2020-01-09,ONGC,82.85948944091797,123.69999694824219,125.0999984741211,122.80000305175781,124.94999694824219,10135017
2020-01-10,ONGC,83.1609115600586,124.1500015258789,125.19999694824219,123.69999694824219,124.44999694824219,6550218
2020-01-13,ONGC,84.03170776367188,125.44999694824219,125.69999694824219,124.25,124.25,5737187
2020-01-14,ONGC,83.76375579833984,125.05000305175781,125.6500015258789,123.80000305175781,125.44999694824219,12432511
2020-01-15,ONGC,83.49583435058594,124.6500015258789,125.5,124.25,125.05000305175781,5714614
2020-01-16,ONGC,83.39534759521484,124.5,125.19999694824219,124.05000305175781,125.0,7322878
2020-01-17,ONGC,83.99821472167969,125.4000015258789,125.55000305175781,124.0,124.55000305175781,8561603
2020-01-20,ONGC,82.32360076904297,122.9000015258789,126.75,120.0,126.0,16106541
2020-01-21,ONGC,82.22311401367188,122.75,124.5,122.4000015258789,123.05000305175781,6497799
2020-01-22,ONGC,77.9696273803711,116.4000015258789,122.0,116.0,122.0,23639592
2020-01-23,ONGC,78.90740966796875,117.80000305175781,118.94999694824219,116.4000015258789,117.25,21105999
2020-01-24,ONGC,79.27582550048828,118.3499984741211,119.80000305175781,117.30000305175781,118.0,11172364
2020-01-27,ONGC,78.53899383544922,117.25,118.5,116.80000305175781,118.3499984741211,12078165
2020-01-28,ONGC,78.10359191894531,116.5999984741211,117.69999694824219,115.5999984741211,117.55000305175781,11611352
2020-01-29,ONGC,78.80692291259766,117.6500015258789,118.1500015258789,116.44999694824219,117.3499984741211,15562740
2020-01-30,ONGC,77.43376159667969,115.5999984741211,117.55000305175781,115.0,117.55000305175781,21142714
2020-01-31,ONGC,72.97930145263672,108.94999694824219,116.0,106.75,115.80000305175781,83360147
2020-02-03,ONGC,69.29517364501953,103.44999694824219,104.94999694824219,101.55000305175781,104.3499984741211,18445537
2020-02-04,ONGC,71.10375213623047,106.1500015258789,106.9000015258789,103.80000305175781,104.0999984741211,16896688
2020-02-05,ONGC,71.53915405273438,106.80000305175781,107.4000015258789,105.0999984741211,106.4000015258789,11348275
2020-02-06,ONGC,71.84056854248047,107.25,107.80000305175781,106.30000305175781,106.80000305175781,10750236
2020-02-07,ONGC,73.18025970458984,109.25,109.75,106.55000305175781,107.30000305175781,21415595
2020-02-10,ONGC,71.13724517822266,106.19999694824219,109.1500015258789,105.75,109.1500015258789,32081049
2020-02-11,ONGC,71.53915405273438,106.80000305175781,107.6500015258789,106.30000305175781,107.1500015258789,20946852
2020-02-12,ONGC,71.47216033935547,106.69999694824219,107.80000305175781,106.5,107.0,13053367
2020-02-13,ONGC,70.56786346435547,105.3499984741211,108.19999694824219,104.25,107.0,17702073
2020-02-14,ONGC,69.19469451904297,103.30000305175781,106.30000305175781,103.0,105.55000305175781,26644685
2020-02-17,ONGC,66.95072174072266,99.94999694824219,102.9000015258789,98.80000305175781,101.5,36666416
2020-02-18,ONGC,66.51532745361328,99.30000305175781,100.25,96.55000305175781,99.94999694824219,35575369
2020-02-19,ONGC,68.12295532226562,101.69999694824219,102.19999694824219,98.80000305175781,100.30000305175781,21806183
2020-02-20,ONGC,68.85977172851562,102.80000305175781,104.0999984741211,101.69999694824219,102.0,28378025
2020-02-24,ONGC,65.67803192138672,98.05000305175781,102.5,97.19999694824219,102.5,20167769
2020-02-25,ONGC,65.34310913085938,97.55000305175781,100.25,97.25,98.69999694824219,18255196
2020-02-26,ONGC,64.17089080810547,95.80000305175781,98.5,95.5,97.4000015258789,16192058
2020-02-27,ONGC,62.5297737121582,93.3499984741211,96.19999694824219,92.05000305175781,95.69999694824219,29616674
2020-02-28,ONGC,61.59199142456055,91.94999694824219,92.69999694824219,89.5,90.30000305175781,30416954
2020-03-02,ONGC,59.68294143676758,89.0999984741211,95.0,88.25,94.0,24442896
2020-03-03,ONGC,62.5297737121582,93.3499984741211,94.0,89.6500015258789,90.9000015258789,24098468
2020-03-04,ONGC,62.161354064941406,92.80000305175781,94.9000015258789,90.69999694824219,94.19999694824219,22998427
2020-03-05,ONGC,62.02738952636719,92.5999984741211,94.4000015258789,92.0,93.3499984741211,16357817
2020-03-06,ONGC,59.28104019165039,88.5,91.5,87.6500015258789,89.5,17823038
2020-03-09,ONGC,49.936737060546875,74.55000305175781,82.5,74.0,82.1500015258789,86655504
2020-03-11,ONGC,48.027679443359375,71.69999694824219,77.4000015258789,71.05000305175781,76.75,63562895
2020-03-12,ONGC,41.865135192871094,62.5,68.4000015258789,62.0,66.5999984741211,76137223
2020-03-13,ONGC,44.14260482788086,65.9000015258789,67.0,50.0,59.400001525878906,73051747
2020-03-16,ONGC,40.2910041809082,60.150001525878906,65.19999694824219,60.0,63.5,49829392
2020-03-17,ONGC,40.19052505493164,60.0,63.0,59.650001525878906,61.099998474121094,46722476
2020-03-18,ONGC,45.64974594116211,68.1500015258789,86.80000305175781,57.5,61.599998474121094,178094829
2020-03-19,ONGC,40.89386749267578,61.04999923706055,64.0,58.099998474121094,62.150001525878906,61258526
2020-03-20,ONGC,48.463077545166016,72.3499984741211,74.4000015258789,62.75,63.04999923706055,128780492
2020-03-23,ONGC,43.462066650390625,60.400001525878906,65.5,60.0,60.650001525878906,36058875
2020-03-24,ONGC,44.97316360473633,62.5,64.69999694824219,60.099998474121094,63.5,38808651
2020-03-25,ONGC,44.28956985473633,61.54999923706055,63.0,60.0,61.20000076293945,28639475
2020-03-26,ONGC,46.59219741821289,64.75,65.5999984741211,59.650001525878906,61.849998474121094,46474588
2020-03-27,ONGC,46.37631607055664,64.44999694824219,66.0,62.79999923706055,66.0,33298637
2020-03-30,ONGC,45.584800720214844,63.349998474121094,65.6500015258789,60.099998474121094,61.04999923706055,32929981
2020-03-31,ONGC,49.146671295166016,68.30000305175781,69.6500015258789,63.54999923706055,65.0,45891607
2020-04-01,ONGC,47.311771392822266,65.75,67.25,65.0999984741211,67.0,21883386
2020-04-03,ONGC,50.26201248168945,69.8499984741211,71.0,66.5,69.0,39757833
2020-04-07,ONGC,52.456703186035156,72.9000015258789,74.4000015258789,70.19999694824219,71.19999694824219,30982061
2020-04-08,ONGC,53.5720329284668,74.44999694824219,76.3499984741211,71.0,72.4000015258789,30555738
2020-04-09,ONGC,55.62281799316406,77.30000305175781,77.6500015258789,76.0,76.0,19209747
2020-04-13,ONGC,54.00377655029297,75.05000305175781,78.80000305175781,72.6500015258789,78.80000305175781,22311833
2020-04-15,ONGC,53.50007247924805,74.3499984741211,76.44999694824219,73.5,75.0999984741211,22311032
2020-04-16,ONGC,54.29159927368164,75.44999694824219,76.5,73.4000015258789,74.0,24473640
2020-04-17,ONGC,54.90324020385742,76.30000305175781,77.80000305175781,75.1500015258789,77.80000305175781,14561017
2020-04-20,ONGC,53.24822235107422,74.0,75.6500015258789,73.80000305175781,75.3499984741211,15698459
2020-04-21,ONGC,49.90222930908203,69.3499984741211,70.75,67.19999694824219,69.69999694824219,27607022
2020-04-22,ONGC,47.02394104003906,65.3499984741211,66.3499984741211,60.79999923706055,65.9000015258789,73840707
2020-04-23,ONGC,48.46308517456055,67.3499984741211,69.05000305175781,66.55000305175781,67.5,38207377
2020-04-24,ONGC,48.64297103881836,67.5999984741211,69.5,66.5999984741211,67.1500015258789,31588097
2020-04-27,ONGC,49.25461196899414,68.44999694824219,69.5,67.6500015258789,68.0,16723889
2020-04-28,ONGC,49.79428482055664,69.19999694824219,69.69999694824219,67.0999984741211,67.80000305175781,20422626
2020-04-29,ONGC,50.72972106933594,70.5,70.94999694824219,68.69999694824219,69.4000015258789,18023637
2020-04-30,ONGC,57.49369812011719,79.9000015258789,81.05000305175781,71.5,72.5999984741211,54290691
2020-05-04,ONGC,55.08313751220703,76.55000305175781,77.8499984741211,74.05000305175781,76.0,28640967
2020-05-05,ONGC,56.450313568115234,78.44999694824219,81.9000015258789,78.1500015258789,78.9000015258789,61865481
2020-05-06,ONGC,57.025978088378906,79.25,81.3499984741211,77.44999694824219,81.3499984741211,38948167
2020-05-07,ONGC,54.3995361328125,75.5999984741211,78.30000305175781,75.0999984741211,78.30000305175781,20794229
2020-05-08,ONGC,54.68736267089844,76.0,77.19999694824219,74.75,76.4000015258789,18523649
2020-05-11,ONGC,55.44291305541992,77.05000305175781,78.1500015258789,74.5,76.0,15701754
2020-05-12,ONGC,54.90324020385742,76.30000305175781,77.3499984741211,74.5,76.94999694824219,14186736
2020-05-13,ONGC,56.27043151855469,78.19999694824219,79.05000305175781,76.25,79.0,20493531
2020-05-14,ONGC,54.79530715942383,76.1500015258789,77.3499984741211,75.19999694824219,77.0,13344652
2020-05-15,ONGC,54.79530715942383,76.1500015258789,78.5,75.9000015258789,77.25,16835999
2020-05-18,ONGC,52.456703186035156,72.9000015258789,76.94999694824219,72.4000015258789,76.94999694824219,13014456
2020-05-19,ONGC,55.51486587524414,77.1500015258789,78.69999694824219,74.0999984741211,74.4000015258789,42315983
2020-05-20,ONGC,56.12650680541992,78.0,78.5,76.30000305175781,77.19999694824219,12969847
2020-05-21,ONGC,55.40694046020508,77.0,79.0,76.4000015258789,78.75,17999828
2020-05-22,ONGC,54.79530715942383,76.1500015258789,76.94999694824219,75.4000015258789,76.94999694824219,12443419
2020-05-26,ONGC,55.40694046020508,77.0,78.19999694824219,76.5999984741211,77.0,11837966
2020-05-27,ONGC,56.09052658081055,77.94999694824219,78.19999694824219,75.9000015258789,77.19999694824219,11655865
2020-05-28,ONGC,56.73813247680664,78.8499984741211,80.94999694824219,77.4000015258789,77.5,18645811
2020-05-29,ONGC,59.8682861328125,83.19999694824219,83.75,77.4000015258789,78.05000305175781,40559441
2020-06-01,ONGC,60.4079475402832,83.94999694824219,86.5,83.6500015258789,85.0,25047349
2020-06-02,ONGC,60.65980911254883,84.30000305175781,84.9000015258789,82.5999984741211,84.44999694824219,15367928
2020-06-03,ONGC,62.09894943237305,86.30000305175781,87.44999694824219,85.30000305175781,86.05000305175781,23936651
2020-06-04,ONGC,61.09154510498047,84.9000015258789,86.05000305175781,84.0,85.0,15120972
2020-06-05,ONGC,62.56666946411133,86.94999694824219,88.80000305175781,85.0,85.0999984741211,18202925
2020-06-08,ONGC,65.44493865966797,90.94999694824219,93.0999984741211,89.19999694824219,90.0,32511374
2020-06-09,ONGC,64.76136016845703,90.0,92.4000015258789,89.3499984741211,91.94999694824219,16702413
2020-06-10,ONGC,63.502105712890625,88.25,91.5,87.69999694824219,90.5999984741211,17382514
2020-06-11,ONGC,62.53068161010742,86.9000015258789,89.55000305175781,86.5,88.30000305175781,14275999
2020-06-12,ONGC,60.37197494506836,83.9000015258789,84.19999694824219,81.55000305175781,81.55000305175781,20601082
2020-06-15,ONGC,60.51589584350586,84.0999984741211,85.9000015258789,83.0,84.0,17274210
2020-06-16,ONGC,60.37197494506836,83.9000015258789,85.75,82.3499984741211,85.5,13467530
2020-06-17,ONGC,60.58784484863281,84.19999694824219,84.75,83.19999694824219,83.5999984741211,15440371
2020-06-18,ONGC,60.156097412109375,83.5999984741211,83.94999694824219,81.80000305175781,83.0,18460298
2020-06-19,ONGC,61.70317840576172,85.75,86.30000305175781,84.30000305175781,85.5,21920473
2020-06-22,ONGC,61.055564880371094,84.8499984741211,86.19999694824219,84.0999984741211,86.0999984741211,19227535
2020-06-23,ONGC,61.6312255859375,85.6500015258789,86.5,84.4000015258789,85.5,23440997
2020-06-24,ONGC,59.79631423950195,83.0999984741211,86.6500015258789,82.55000305175781,86.25,33080229
2020-06-25,ONGC,58.71696472167969,81.5999984741211,84.0,80.0,82.25,121277435
2020-06-26,ONGC,60.5518684387207,84.1500015258789,84.80000305175781,82.5,83.0999984741211,23684852
2020-06-29,ONGC,59.292633056640625,82.4000015258789,84.0999984741211,81.5999984741211,83.94999694824219,14299071
2020-06-30,ONGC,58.53706741333008,81.3499984741211,83.55000305175781,80.6500015258789,83.5,25762293
2020-07-01,ONGC,57.88945770263672,80.44999694824219,80.94999694824219,78.30000305175781,79.0,35344784
2020-07-02,ONGC,58.89686584472656,81.8499984741211,84.1500015258789,81.0999984741211,81.3499984741211,35154027
2020-07-03,ONGC,59.292633056640625,82.4000015258789,83.3499984741211,81.5999984741211,82.44999694824219,16786174
2020-07-06,ONGC,60.264034271240234,83.75,84.9000015258789,82.80000305175781,83.05000305175781,17510294
2020-07-07,ONGC,58.96881866455078,81.94999694824219,83.80000305175781,81.80000305175781,83.75,20123433
2020-07-08,ONGC,58.50110626220703,81.30000305175781,82.9000015258789,81.0,82.0,18626174
2020-07-09,ONGC,57.70956039428711,80.19999694824219,82.25,79.9000015258789,81.5999984741211,17348038
2020-07-10,ONGC,56.52226638793945,78.55000305175781,80.1500015258789,77.69999694824219,80.0,17773167
2020-07-13,ONGC,56.77411651611328,78.9000015258789,79.55000305175781,78.4000015258789,79.19999694824219,9360631
2020-07-14,ONGC,55.65877914428711,77.3499984741211,78.94999694824219,77.1500015258789,78.5,9303879
2020-07-15,ONGC,54.86725997924805,76.25,78.19999694824219,75.8499984741211,78.0,14377090
2020-07-16,ONGC,54.79530715942383,76.1500015258789,76.69999694824219,75.0,76.4000015258789,10604062
2020-07-17,ONGC,57.81751251220703,80.3499984741211,80.6500015258789,76.30000305175781,76.30000305175781,24934060
2020-07-20,ONGC,57.781532287597656,80.30000305175781,81.25,79.19999694824219,81.0,15570346
2020-07-21,ONGC,59.3286018371582,82.44999694824219,82.9000015258789,80.3499984741211,80.5999984741211,20976092
2020-07-22,ONGC,59.436527252197266,82.5999984741211,83.5,81.69999694824219,82.75,17882873
2020-07-23,ONGC,59.472511291503906,82.6500015258789,83.8499984741211,82.05000305175781,82.5,14673501
2020-07-24,ONGC,58.285213470458984,81.0,82.4000015258789,80.25,82.0999984741211,10000280
2020-07-27,ONGC,58.14130401611328,80.80000305175781,82.0,80.0999984741211,81.4000015258789,8510736
2020-07-28,ONGC,57.49369812011719,79.9000015258789,81.25,79.30000305175781,81.0,10616766
2020-07-29,ONGC,57.20587158203125,79.5,80.69999694824219,79.30000305175781,79.80000305175781,9905015
2020-07-30,ONGC,55.91062927246094,77.69999694824219,80.4000015258789,77.5,80.0,9668266
2020-07-31,ONGC,56.342376708984375,78.30000305175781,78.8499984741211,77.1500015258789,77.94999694824219,10963756
2020-08-03,ONGC,54.615413665771484,75.9000015258789,78.5,75.55000305175781,78.3499984741211,11874183
2020-08-04,ONGC,54.75931167602539,76.0999984741211,77.69999694824219,75.9000015258789,76.30000305175781,13360346
2020-08-05,ONGC,55.37095642089844,76.94999694824219,77.5,76.30000305175781,76.5,9077292
2020-08-06,ONGC,56.162498474121094,78.05000305175781,79.94999694824219,77.05000305175781,77.8499984741211,26386380
2020-08-07,ONGC,56.59423065185547,78.6500015258789,79.4000015258789,78.0999984741211,78.1500015258789,11786462
2020-08-10,ONGC,56.882049560546875,79.05000305175781,79.75,78.9000015258789,79.5,7067852
2020-08-11,ONGC,56.450313568115234,78.44999694824219,80.0,78.19999694824219,79.55000305175781,10835360
2020-08-12,ONGC,56.19845962524414,78.0999984741211,79.0999984741211,77.69999694824219,78.44999694824219,10481019
2020-08-13,ONGC,56.558250427246094,78.5999984741211,79.44999694824219,78.4000015258789,78.55000305175781,7316635
2020-08-14,ONGC,55.47890090942383,77.0999984741211,78.94999694824219,76.94999694824219,78.69999694824219,11635634
2020-08-17,ONGC,57.06195831298828,79.30000305175781,79.80000305175781,77.4000015258789,77.5,13610411
2020-08-18,ONGC,58.03336715698242,80.6500015258789,81.9000015258789,79.1500015258789,79.75,28329507
2020-08-19,ONGC,57.241851806640625,79.55000305175781,81.69999694824219,79.0999984741211,80.8499984741211,12081197
2020-08-20,ONGC,59.11273956298828,82.1500015258789,83.25,77.9000015258789,79.0,37457277
2020-08-21,ONGC,58.321197509765625,81.05000305175781,83.44999694824219,80.6500015258789,82.94999694824219,17027574
2020-08-24,ONGC,58.465110778808594,81.25,81.8499984741211,80.5999984741211,81.30000305175781,9797861
2020-08-25,ONGC,57.925445556640625,80.5,82.5,80.19999694824219,81.4000015258789,22479622
2020-08-26,ONGC,58.57305145263672,81.4000015258789,82.0999984741211,80.75,81.19999694824219,15967425
2020-08-27,ONGC,57.673583984375,80.1500015258789,81.94999694824219,80.0,81.80000305175781,16308382
2020-08-28,ONGC,57.81751251220703,80.3499984741211,81.80000305175781,80.0,80.3499984741211,14666431
2020-08-31,ONGC,58.96881866455078,81.94999694824219,85.5,80.9000015258789,81.0,93192019
2020-09-01,ONGC,57.097923278808594,79.3499984741211,82.80000305175781,78.0,82.75,38005204
2020-09-02,ONGC,57.781532287597656,80.30000305175781,81.75,79.5,81.1500015258789,31151170
2020-09-03,ONGC,56.882049560546875,79.05000305175781,81.30000305175781,78.80000305175781,80.5,19975929
2020-09-04,ONGC,56.05455780029297,77.9000015258789,79.0999984741211,77.3499984741211,78.55000305175781,12855650
2020-09-07,ONGC,55.011165618896484,76.44999694824219,78.3499984741211,75.94999694824219,78.19999694824219,16573385
2020-09-08,ONGC,53.5720329284668,74.44999694824219,76.6500015258789,74.0,76.55000305175781,17905003
2020-09-09,ONGC,52.312782287597656,72.69999694824219,73.94999694824219,70.9000015258789,73.94999694824219,28166106
2020-09-10,ONGC,52.99639129638672,73.6500015258789,74.4000015258789,72.6500015258789,73.5,18646363
2020-09-11,ONGC,52.74453353881836,73.30000305175781,73.69999694824219,72.5999984741211,73.44999694824219,11510019
2020-09-14,ONGC,52.99639129638672,73.6500015258789,74.75,73.25,73.8499984741211,11989916
2020-09-15,ONGC,53.104312896728516,73.80000305175781,74.3499984741211,73.25,73.75,8883202
2020-09-16,ONGC,52.56463623046875,73.05000305175781,74.44999694824219,72.55000305175781,74.25,10284798
2020-09-17,ONGC,52.63658905029297,73.1500015258789,74.30000305175781,72.8499984741211,73.05000305175781,16070680
2020-09-18,ONGC,53.464080810546875,74.30000305175781,74.80000305175781,72.94999694824219,73.80000305175781,25690567
2020-09-21,ONGC,51.197452545166016,71.1500015258789,74.0999984741211,70.9000015258789,74.0,13686080
2020-09-22,ONGC,50.01015090942383,69.5,71.30000305175781,68.75,71.0,18042069
2020-09-23,ONGC,48.678955078125,67.6500015258789,70.1500015258789,67.4000015258789,69.69999694824219,17014238
2020-09-24,ONGC,47.95937728881836,66.6500015258789,67.3499984741211,65.5,66.05000305175781,32950752
2020-09-25,ONGC,49.57841110229492,68.9000015258789,69.25,66.1500015258789,68.0,20235576
2020-09-28,ONGC,51.70113754272461,71.8499984741211,73.69999694824219,69.25,69.44999694824219,28336496
2020-09-29,ONGC,49.7583122253418,69.1500015258789,72.69999694824219,68.9000015258789,72.5,20797874
2020-09-30,ONGC,49.83026885986328,69.25,70.44999694824219,67.5999984741211,69.4000015258789,20069170
2020-10-01,ONGC,49.7583122253418,69.1500015258789,69.4000015258789,66.6500015258789,67.5,20869186
2020-10-05,ONGC,49.79428482055664,69.19999694824219,69.69999694824219,68.4000015258789,69.0,12608039
2020-10-06,ONGC,49.90222930908203,69.3499984741211,70.19999694824219,69.0,70.0,10028285
2020-10-07,ONGC,50.72972106933594,70.5,73.3499984741211,69.0999984741211,69.30000305175781,50074263
2020-10-08,ONGC,49.25461196899414,68.44999694824219,71.0,68.25,70.9000015258789,21348017
2020-10-09,ONGC,50.585811614990234,70.30000305175781,70.5999984741211,68.25,69.0,25747313
2020-10-12,ONGC,49.7583122253418,69.1500015258789,70.5999984741211,68.80000305175781,70.30000305175781,10564850
2020-10-13,ONGC,49.722320556640625,69.0999984741211,69.75,68.80000305175781,69.0999984741211,9070661
2020-10-14,ONGC,48.21122741699219,67.0,68.80000305175781,66.6500015258789,68.5,24825690
2020-10-15,ONGC,47.527645111083984,66.05000305175781,68.5,65.69999694824219,67.0,17333956
2020-10-16,ONGC,48.39112091064453,67.25,67.55000305175781,66.0,66.6500015258789,18590744
2020-10-19,ONGC,49.86624526977539,69.30000305175781,70.44999694824219,67.3499984741211,67.3499984741211,25987617
2020-10-20,ONGC,48.499061584472656,67.4000015258789,69.75,67.25,69.5,18530340
2020-10-21,ONGC,48.78688430786133,67.80000305175781,68.5999984741211,67.0,68.0,19589424
2020-10-22,ONGC,49.54243469238281,68.8499984741211,69.0999984741211,67.30000305175781,67.4000015258789,26354156
2020-10-23,ONGC,49.650367736816406,69.0,69.5999984741211,68.5999984741211,69.19999694824219,13177360
2020-10-26,ONGC,49.0747184753418,68.19999694824219,69.5,67.6500015258789,69.5,14224945
2020-10-27,ONGC,48.103294372558594,66.8499984741211,68.44999694824219,66.5,68.0999984741211,17088331
2020-10-28,ONGC,47.743507385253906,66.3499984741211,67.4000015258789,66.0999984741211,67.25,15025477
2020-10-29,ONGC,46.34035110473633,64.4000015258789,66.3499984741211,64.0999984741211,66.05000305175781,29901005
2020-10-30,ONGC,46.70012664794922,64.9000015258789,65.9000015258789,64.19999694824219,65.0,25849220
2020-11-02,ONGC,47.27578353881836,65.69999694824219,66.05000305175781,64.19999694824219,65.4000015258789,12847852
2020-11-03,ONGC,47.707542419433594,66.30000305175781,66.75,65.69999694824219,66.0,10809489
2020-11-04,ONGC,47.81546401977539,66.44999694824219,66.9000015258789,65.5999984741211,66.30000305175781,12479581
2020-11-05,ONGC,48.64297103881836,67.5999984741211,68.0999984741211,66.19999694824219,66.9000015258789,17947631
2020-11-06,ONGC,48.93080139160156,68.0,68.19999694824219,67.19999694824219,67.69999694824219,10496588
2020-11-09,ONGC,49.25461196899414,68.44999694824219,68.6500015258789,67.80000305175781,68.6500015258789,8473527
2020-11-10,ONGC,50.90961456298828,70.75,71.0,68.5,69.05000305175781,33795453
2020-11-11,ONGC,52.06092834472656,72.3499984741211,72.69999694824219,70.55000305175781,71.44999694824219,23531793
2020-11-12,ONGC,51.48527908325195,71.55000305175781,72.9000015258789,70.75,72.5,16446681
2020-11-13,ONGC,51.91702651977539,72.1500015258789,72.5,70.05000305175781,71.19999694824219,16264536
2020-11-14,ONGC,52.27679443359375,72.6500015258789,74.0,72.5,74.0,5387569
2020-11-17,ONGC,51.305381774902344,71.30000305175781,73.30000305175781,71.0,72.69999694824219,18852045
2020-11-18,ONGC,51.77310562133789,71.94999694824219,72.0999984741211,70.9000015258789,71.6500015258789,14032869
2020-11-19,ONGC,51.91702651977539,72.1500015258789,74.19999694824219,71.44999694824219,71.5,27903903
2020-11-20,ONGC,51.55723190307617,71.6500015258789,72.69999694824219,70.69999694824219,72.44999694824219,14790440
2020-11-23,ONGC,55.047149658203125,76.5,77.80000305175781,71.80000305175781,72.0,44111534
2020-11-24,ONGC,54.75931167602539,76.0999984741211,78.05000305175781,75.4000015258789,76.75,31379070
2020-11-25,ONGC,58.14130401611328,80.80000305175781,81.80000305175781,77.1500015258789,77.19999694824219,87040163
2020-11-26,ONGC,57.70956039428711,80.19999694824219,81.5,79.44999694824219,81.1500015258789,30469713
2020-11-27,ONGC,56.486297607421875,78.5,81.1500015258789,78.0,80.80000305175781,44245938
2020-12-01,ONGC,58.680992126464844,81.55000305175781,82.0,77.05000305175781,78.5,42923229
2020-12-02,ONGC,61.055564880371094,84.8499984741211,85.05000305175781,80.94999694824219,81.5,52652362
2020-12-03,ONGC,63.8259162902832,88.69999694824219,89.0,85.0,85.4000015258789,53618786
2020-12-04,ONGC,64.6534194946289,89.8499984741211,91.0,87.25,89.75,44126894
2020-12-07,ONGC,65.87670135498047,91.55000305175781,94.0,90.75,91.1500015258789,46638129
2020-12-08,ONGC,65.30104064941406,90.75,93.44999694824219,90.05000305175781,93.0,34326971
2020-12-09,ONGC,65.62483215332031,91.19999694824219,92.8499984741211,90.9000015258789,91.5,25763702
2020-12-10,ONGC,65.94865417480469,91.6500015258789,92.19999694824219,88.69999694824219,91.0,25329334
2020-12-11,ONGC,69.65443420410156,96.80000305175781,104.4000015258789,92.5999984741211,92.5999984741211,146821189
2020-12-14,ONGC,73.03642272949219,101.5,102.55000305175781,97.44999694824219,98.25,75021883
2020-12-15,ONGC,72.2808609008789,100.44999694824219,102.5,99.19999694824219,102.5,33553433
2020-12-16,ONGC,74.0438232421875,102.9000015258789,103.5999984741211,100.6500015258789,101.9000015258789,34618175
2020-12-17,ONGC,73.03642272949219,101.5,105.5999984741211,100.69999694824219,105.0999984741211,41881430
2020-12-18,ONGC,71.23748779296875,99.0,102.30000305175781,98.1500015258789,101.5,36480527
2020-12-21,ONGC,64.6534194946289,89.8499984741211,98.94999694824219,88.94999694824219,98.9000015258789,58724337
2020-12-22,ONGC,65.1571273803711,90.55000305175781,92.30000305175781,86.5999984741211,89.05000305175781,58602960
2020-12-23,ONGC,65.33700561523438,90.80000305175781,91.30000305175781,88.30000305175781,90.5,29216106
2020-12-24,ONGC,67.02800750732422,93.1500015258789,95.5,92.1500015258789,92.5,46351620
2020-12-28,ONGC,67.49573516845703,93.80000305175781,95.1500015258789,93.30000305175781,94.0,17759262
2020-12-29,ONGC,67.02800750732422,93.1500015258789,94.6500015258789,92.0,94.19999694824219,17678810
2020-12-30,ONGC,67.09996795654297,93.25,94.5,92.75,93.5,15960705
2020-12-31,ONGC,66.9560546875,93.05000305175781,95.55000305175781,92.55000305175781,93.30000305175781,43701316
2021-01-01,ONGC,67.06398010253906,93.19999694824219,94.44999694824219,93.0,93.75,15130377
2021-01-04,ONGC,69.76236724853516,96.94999694824219,97.30000305175781,93.69999694824219,94.05000305175781,39545073
2021-01-05,ONGC,68.32322692871094,94.94999694824219,96.5,94.3499984741211,96.5,26998014
2021-01-06,ONGC,69.76236724853516,96.94999694824219,99.30000305175781,96.25,98.9000015258789,50306161
2021-01-07,ONGC,70.44596862792969,97.9000015258789,99.05000305175781,97.0999984741211,98.0,25285200
2021-01-08,ONGC,72.42478942871094,100.6500015258789,101.30000305175781,98.55000305175781,98.94999694824219,36022114
2021-01-11,ONGC,73.7919692993164,102.55000305175781,102.9000015258789,98.05000305175781,101.5,36301647
2021-01-12,ONGC,74.4395751953125,103.44999694824219,104.5,100.75,102.0,28353142
2021-01-13,ONGC,75.73481750488281,105.25,107.9000015258789,104.0999984741211,104.94999694824219,42401579
2021-01-14,ONGC,75.59089660644531,105.05000305175781,107.44999694824219,104.19999694824219,107.0,24455634
2021-01-15,ONGC,72.96446990966797,101.4000015258789,106.0999984741211,100.6500015258789,105.25,28185982
2021-01-18,ONGC,69.54649353027344,96.6500015258789,101.8499984741211,96.05000305175781,101.4000015258789,33623461
2021-01-19,ONGC,70.58987426757812,98.0999984741211,99.0,97.5,97.75,26085121
2021-01-20,ONGC,71.12955474853516,98.8499984741211,99.80000305175781,97.8499984741211,99.0,18486566
2021-01-21,ONGC,68.14334106445312,94.69999694824219,100.19999694824219,93.9000015258789,99.05000305175781,26939349
2021-01-22,ONGC,66.74017333984375,92.75,95.44999694824219,92.5,94.5999984741211,27311961
2021-01-25,ONGC,65.73278045654297,91.3499984741211,93.75,90.0,93.05000305175781,28522112
2021-01-27,ONGC,64.54547882080078,89.69999694824219,91.75,88.9000015258789,91.4000015258789,34022621
2021-01-28,ONGC,65.22907257080078,90.6500015258789,91.4000015258789,88.80000305175781,89.0,26810222
2021-01-29,ONGC,63.538082122802734,88.30000305175781,92.94999694824219,87.75,90.75,33858273
2021-02-01,ONGC,65.37298583984375,90.8499984741211,91.19999694824219,88.44999694824219,89.0,24228098
2021-02-02,ONGC,66.81212615966797,92.8499984741211,93.94999694824219,91.19999694824219,92.5,22141489
2021-02-03,ONGC,67.17192077636719,93.3499984741211,95.30000305175781,93.0,94.5999984741211,25912911
2021-02-04,ONGC,70.26606750488281,97.6500015258789,98.5999984741211,94.0,94.25,49670027
2021-02-05,ONGC,70.26606750488281,97.6500015258789,99.94999694824219,96.80000305175781,98.94999694824219,30514219
2021-02-08,ONGC,71.70521545410156,99.6500015258789,100.80000305175781,99.0999984741211,99.5,29096831
2021-02-09,ONGC,72.67662811279297,101.0,103.3499984741211,99.80000305175781,99.80000305175781,39638657
2021-02-10,ONGC,71.95706939697266,100.0,102.5,98.5999984741211,102.0,21467230
2021-02-11,ONGC,71.56129455566406,99.44999694824219,100.3499984741211,98.9000015258789,100.0,11287104
2021-02-12,ONGC,69.79834747314453,97.0,99.4000015258789,96.55000305175781,98.9000015258789,18187705
2021-02-15,ONGC,70.84171295166016,98.44999694824219,99.25,95.5999984741211,97.0,26118576
2021-02-16,ONGC,74.65544128417969,103.75,104.8499984741211,99.25,99.25,76236798
2021-02-17,ONGC,74.83843231201172,102.25,103.5,100.80000305175781,102.0,21014091
2021-02-18,ONGC,81.02312469482422,110.69999694824219,115.5,103.3499984741211,103.69999694824219,110000964
2021-02-19,ONGC,76.92438507080078,105.0999984741211,112.19999694824219,103.8499984741211,110.69999694824219,48225988
2021-02-22,ONGC,77.80268859863281,106.30000305175781,108.55000305175781,105.30000305175781,105.9000015258789,36592043
2021-02-23,ONGC,82.12097930908203,112.19999694824219,114.4000015258789,109.44999694824219,109.75,90860972
2021-02-24,ONGC,83.14566802978516,113.5999984741211,115.3499984741211,111.0,114.0,26071364
2021-02-25,ONGC,87.1346206665039,119.05000305175781,120.5,115.3499984741211,116.0,62038881
2021-02-26,ONGC,81.2426986694336,111.0,118.4000015258789,110.05000305175781,115.5,55154985
2021-03-01,ONGC,85.67079162597656,117.05000305175781,117.6500015258789,113.5,114.30000305175781,41672980
2021-03-02,ONGC,83.0724868774414,113.5,116.6500015258789,112.75,115.9000015258789,36303917
2021-03-03,ONGC,83.4384536743164,114.0,115.80000305175781,113.19999694824219,114.05000305175781,19434630
2021-03-04,ONGC,82.48694610595703,112.69999694824219,117.0,112.30000305175781,113.94999694824219,38272786
2021-03-05,ONGC,84.13377380371094,114.94999694824219,118.25,113.5,116.25,57756103
2021-03-08,ONGC,86.54908752441406,118.25,122.3499984741211,117.19999694824219,118.94999694824219,63866178
2021-03-09,ONGC,85.45122528076172,116.75,119.55000305175781,114.19999694824219,119.4000015258789,26817643
2021-03-10,ONGC,83.731201171875,114.4000015258789,117.0,113.5999984741211,116.9000015258789,23841269
2021-03-12,ONGC,84.20696258544922,115.05000305175781,117.4000015258789,114.0,116.75,20691698
2021-03-15,ONGC,83.69461822509766,114.3499984741211,116.8499984741211,112.80000305175781,116.0,19679802
2021-03-16,ONGC,84.2435531616211,115.0999984741211,116.30000305175781,113.44999694824219,113.80000305175781,20680669
2021-03-17,ONGC,80.0350341796875,109.3499984741211,114.8499984741211,108.75,114.80000305175781,31017863
2021-03-18,ONGC,80.65717315673828,110.19999694824219,112.19999694824219,107.5,110.0,26710696
2021-03-19,ONGC,80.8767318725586,110.5,113.25,104.44999694824219,106.25,50386785
2021-03-22,ONGC,80.21800994873047,109.5999984741211,111.25,108.55000305175781,110.5,15825065
2021-03-23,ONGC,78.42481994628906,107.1500015258789,110.30000305175781,106.5999984741211,109.5999984741211,15815643
2021-03-24,ONGC,76.70482635498047,104.80000305175781,106.0,102.8499984741211,105.0,31083656
2021-03-25,ONGC,74.65544891357422,102.0,107.69999694824219,101.30000305175781,106.0,37295495
2021-03-26,ONGC,74.94822692871094,102.4000015258789,104.0,100.25,103.0,26637085
2021-03-30,ONGC,75.75334167480469,103.5,106.30000305175781,102.5999984741211,104.05000305175781,31843017
2021-03-31,ONGC,74.76524353027344,102.1500015258789,104.19999694824219,101.9000015258789,102.80000305175781,19587582
2021-04-01,ONGC,76.37545776367188,104.3499984741211,105.25,101.1500015258789,103.0,22299747
2021-04-05,ONGC,75.71672821044922,103.44999694824219,104.5,99.4000015258789,102.1500015258789,24878516
2021-04-06,ONGC,76.08267974853516,103.94999694824219,104.4000015258789,101.30000305175781,102.6500015258789,15156974
2021-04-07,ONGC,76.59502410888672,104.6500015258789,105.3499984741211,103.44999694824219,103.9000015258789,10330347
2021-04-08,ONGC,75.82650756835938,103.5999984741211,105.69999694824219,103.30000305175781,103.80000305175781,26105970
2021-04-09,ONGC,75.97290802001953,103.80000305175781,104.9000015258789,103.0,103.0,17645822
2021-04-12,ONGC,71.76437377929688,98.05000305175781,102.25,97.44999694824219,100.8499984741211,27005598
2021-04-13,ONGC,74.69204711914062,102.05000305175781,102.5,98.05000305175781,98.05000305175781,25505623
2021-04-15,ONGC,76.92438507080078,105.0999984741211,106.75,103.80000305175781,104.25,28659714
2021-04-16,ONGC,78.53461456298828,107.30000305175781,107.8499984741211,104.19999694824219,104.5999984741211,21627285
2021-04-19,ONGC,75.42396545410156,103.05000305175781,105.94999694824219,101.9000015258789,103.94999694824219,19166492
2021-04-20,ONGC,75.27755737304688,102.8499984741211,105.0,102.19999694824219,103.30000305175781,23082015
2021-04-22,ONGC,75.46056365966797,103.0999984741211,104.44999694824219,101.6500015258789,102.4000015258789,14844968
2021-04-23,ONGC,74.94822692871094,102.4000015258789,103.6500015258789,101.5999984741211,102.0,12790334
2021-04-26,ONGC,75.24098205566406,102.80000305175781,105.69999694824219,102.5,105.25,11797791
2021-04-27,ONGC,75.53374481201172,103.19999694824219,104.0,102.80000305175781,102.80000305175781,8886250
2021-04-28,ONGC,76.04608154296875,103.9000015258789,104.4000015258789,103.30000305175781,103.75,6887787
2021-04-29,ONGC,76.1558837890625,104.05000305175781,105.9000015258789,103.55000305175781,104.9000015258789,14990087
2021-04-30,ONGC,79.15673828125,108.1500015258789,112.69999694824219,103.30000305175781,104.1500015258789,81358264
2021-05-03,ONGC,78.8273696899414,107.69999694824219,110.69999694824219,106.0,108.1500015258789,33975507
2021-05-04,ONGC,80.25460815429688,109.6500015258789,110.30000305175781,107.69999694824219,108.0,30811922
2021-05-05,ONGC,81.3158950805664,111.0999984741211,114.0,110.5,112.4000015258789,47588366
2021-05-06,ONGC,80.69375610351562,110.25,112.8499984741211,109.44999694824219,112.30000305175781,26083818
2021-05-07,ONGC,81.57205963134766,111.44999694824219,112.3499984741211,109.6500015258789,110.8499984741211,28016564
2021-05-10,ONGC,83.36526489257812,113.9000015258789,114.94999694824219,112.5,113.8499984741211,33477142
2021-05-11,ONGC,86.43930053710938,118.0999984741211,118.69999694824219,110.75,112.55000305175781,48355326
2021-05-12,ONGC,84.2435531616211,115.0999984741211,121.1500015258789,113.69999694824219,118.69999694824219,49718697
2021-05-14,ONGC,82.66993713378906,112.94999694824219,116.0,111.55000305175781,116.0,23626454
2021-05-17,ONGC,83.62142944335938,114.25,115.4000015258789,112.25,113.94999694824219,19960145
2021-05-18,ONGC,84.97547149658203,116.0999984741211,117.5,114.30000305175781,115.0,29395737
2021-05-19,ONGC,84.09717559814453,114.9000015258789,115.80000305175781,113.4000015258789,114.5,25295575
2021-05-20,ONGC,81.82823944091797,111.80000305175781,114.69999694824219,111.19999694824219,113.44999694824219,21131045
2021-05-21,ONGC,82.5235595703125,112.75,114.05000305175781,111.05000305175781,111.05000305175781,20562816
2021-05-24,ONGC,82.74312591552734,113.05000305175781,113.94999694824219,110.8499984741211,113.25,24785960
2021-05-25,ONGC,83.87759399414062,114.5999984741211,117.0999984741211,113.69999694824219,114.4000015258789,25820379
2021-05-26,ONGC,82.96269989013672,113.3499984741211,115.4000015258789,113.0,115.4000015258789,12045621
2021-05-27,ONGC,81.86483764648438,111.8499984741211,113.6500015258789,111.30000305175781,113.0,22821449
2021-05-28,ONGC,82.23077392578125,112.3499984741211,115.55000305175781,111.8499984741211,113.19999694824219,19331994
2021-05-31,ONGC,83.18228149414062,113.6500015258789,114.3499984741211,111.4000015258789,112.5,16430926
2021-06-01,ONGC,86.0733413696289,117.5999984741211,118.44999694824219,114.19999694824219,114.3499984741211,51620011
2021-06-02,ONGC,86.1831283569336,117.75,119.4000015258789,116.0,118.0,27162991
2021-06-03,ONGC,89.65972900390625,122.5,123.80000305175781,118.44999694824219,118.80000305175781,64241347
2021-06-04,ONGC,91.81887817382812,125.44999694824219,126.69999694824219,123.3499984741211,124.5999984741211,72354379
2021-06-07,ONGC,91.59931945800781,125.1500015258789,127.5,124.9000015258789,126.94999694824219,28709907
2021-06-08,ONGC,91.3431396484375,124.80000305175781,125.9000015258789,122.6500015258789,125.75,15261479
2021-06-09,ONGC,90.794189453125,124.05000305175781,128.0,123.05000305175781,127.0,29718157
2021-06-10,ONGC,90.72100067138672,123.94999694824219,124.80000305175781,122.44999694824219,123.75,12245640
2021-06-11,ONGC,90.42825317382812,123.55000305175781,126.5999984741211,122.5,123.94999694824219,18360366
2021-06-14,ONGC,91.3431396484375,124.80000305175781,125.80000305175781,121.25,124.4000015258789,19547491
2021-06-15,ONGC,91.74569702148438,125.3499984741211,128.5,124.8499984741211,125.5999984741211,32779493
2021-06-16,ONGC,92.73377990722656,126.69999694824219,128.25,126.0999984741211,127.0,31654780
2021-06-17,ONGC,91.56270599365234,125.0999984741211,127.0,123.5,125.5999984741211,18124616
2021-06-18,ONGC,88.01292419433594,120.25,124.55000305175781,118.9000015258789,124.55000305175781,87912730
2021-06-21,ONGC,88.52526092529297,120.94999694824219,122.0,118.94999694824219,119.4000015258789,15669821
2021-06-22,ONGC,89.33037567138672,122.05000305175781,124.19999694824219,121.5,122.69999694824219,23629008
2021-06-23,ONGC,90.2818603515625,123.3499984741211,124.4000015258789,121.75,123.5,21978870
2021-06-24,ONGC,89.29376983642578,122.0,124.44999694824219,121.3499984741211,124.44999694824219,24358397
2021-06-25,ONGC,88.4886703491211,120.9000015258789,124.94999694824219,120.3499984741211,122.94999694824219,34557609
2021-06-28,ONGC,89.54993438720703,122.3499984741211,124.5,121.80000305175781,122.55000305175781,23728169
2021-06-29,ONGC,87.39079284667969,119.4000015258789,122.44999694824219,119.0999984741211,121.80000305175781,20857415
2021-06-30,ONGC,86.14653015136719,117.69999694824219,120.94999694824219,117.05000305175781,120.3499984741211,19094044
2021-07-01,ONGC,86.98823547363281,118.8499984741211,119.75,117.30000305175781,117.75,16012542
2021-07-02,ONGC,86.69547271728516,118.44999694824219,120.8499984741211,118.0,120.0,20014124
2021-07-05,ONGC,88.52526092529297,120.94999694824219,121.44999694824219,118.9000015258789,119.1500015258789,12050022
2021-07-06,ONGC,88.92781829833984,121.5,125.0,121.05000305175781,123.0,30193164
2021-07-07,ONGC,87.75675964355469,119.9000015258789,120.4000015258789,117.80000305175781,119.9000015258789,18479814
2021-07-08,ONGC,85.67079162597656,117.05000305175781,119.4000015258789,116.8499984741211,119.4000015258789,17151883
2021-07-09,ONGC,86.29291534423828,117.9000015258789,118.6500015258789,116.5999984741211,117.0999984741211,11240925
2021-07-12,ONGC,86.76866149902344,118.55000305175781,119.3499984741211,118.0,119.0,8420962
2021-07-13,ONGC,88.1227035522461,120.4000015258789,120.80000305175781,118.5999984741211,119.0,8580799
2021-07-14,ONGC,88.41548156738281,120.80000305175781,121.75,120.0999984741211,120.30000305175781,12709481
2021-07-15,ONGC,85.56099700927734,116.9000015258789,119.4000015258789,116.19999694824219,119.19999694824219,28589465
2021-07-16,ONGC,85.48780822753906,116.80000305175781,117.4000015258789,115.75,117.19999694824219,19691248
2021-07-19,ONGC,83.87759399414062,114.5999984741211,116.55000305175781,114.19999694824219,114.80000305175781,14395883
2021-07-20,ONGC,82.41377258300781,112.5999984741211,113.25,111.5999984741211,112.05000305175781,18634406
2021-07-22,ONGC,84.53632354736328,115.5,115.80000305175781,113.94999694824219,114.4000015258789,11710140
2021-07-23,ONGC,84.38994598388672,115.30000305175781,116.75,114.75,115.5,7841690
2021-07-26,ONGC,83.84100341796875,114.55000305175781,115.5999984741211,114.0999984741211,114.8499984741211,8149770
2021-07-27,ONGC,83.9141845703125,114.6500015258789,115.9000015258789,114.0,115.3499984741211,9704729
2021-07-28,ONGC,83.69461822509766,114.3499984741211,115.19999694824219,113.44999694824219,114.9000015258789,11020097
2021-07-29,ONGC,83.98738098144531,114.75,115.80000305175781,113.30000305175781,114.30000305175781,14142749
2021-07-30,ONGC,84.38994598388672,115.30000305175781,116.75,113.80000305175781,114.30000305175781,12236156
2021-08-02,ONGC,85.70738220214844,117.0999984741211,117.5,114.80000305175781,114.94999694824219,10895726
2021-08-03,ONGC,86.29291534423828,117.9000015258789,118.19999694824219,115.1500015258789,116.1500015258789,15163353
2021-08-04,ONGC,85.89037322998047,117.3499984741211,118.5,116.5999984741211,117.69999694824219,14304543
2021-08-05,ONGC,85.52439880371094,116.8499984741211,117.25,114.69999694824219,116.19999694824219,11033147
2021-08-06,ONGC,85.37803649902344,116.6500015258789,118.19999694824219,116.1500015258789,116.1500015258789,6606584
2021-08-09,ONGC,84.17036437988281,115.0,117.0,114.30000305175781,116.0,8294214
2021-08-10,ONGC,84.06058502197266,114.8499984741211,115.69999694824219,113.9000015258789,115.0999984741211,14300982
2021-08-11,ONGC,85.63420104980469,117.0,117.30000305175781,114.8499984741211,115.5,11308648
2021-08-12,ONGC,85.08526611328125,116.25,117.9000015258789,115.30000305175781,116.0999984741211,13519139
2021-08-13,ONGC,84.97547149658203,116.0999984741211,116.94999694824219,115.3499984741211,116.80000305175781,10342014
2021-08-16,ONGC,84.53632354736328,115.5,118.3499984741211,114.69999694824219,116.9000015258789,14771886
2021-08-17,ONGC,83.32865905761719,113.8499984741211,116.0,112.69999694824219,116.0,16025745
2021-08-18,ONGC,82.85291290283203,113.19999694824219,115.25,112.9000015258789,113.9000015258789,10074307
2021-08-20,ONGC,80.65717315673828,110.19999694824219,111.75,108.5,110.6500015258789,23878081
2021-08-23,ONGC,81.7916259765625,111.75,112.0,108.5,110.3499984741211,16886027
2021-08-24,ONGC,82.85291290283203,113.19999694824219,115.19999694824219,112.0999984741211,113.1500015258789,17368602
2021-08-25,ONGC,84.64610290527344,115.6500015258789,117.19999694824219,113.30000305175781,113.5,18637317
2021-08-26,ONGC,84.57291412353516,115.55000305175781,116.25,114.4000015258789,115.5999984741211,8779246
2021-08-27,ONGC,85.37803649902344,116.6500015258789,117.0,114.94999694824219,115.5,9706825
2021-08-30,ONGC,87.93973541259766,120.1500015258789,120.4000015258789,116.75,116.75,15933414
2021-08-31,ONGC,88.23249053955078,120.55000305175781,121.0,119.05000305175781,120.0,13376290
2021-09-01,ONGC,87.6103744506836,119.69999694824219,122.25,119.4000015258789,121.80000305175781,10964080
2021-09-02,ONGC,86.84185028076172,118.6500015258789,120.1500015258789,118.0,118.9000015258789,13031666
2021-09-03,ONGC,90.09889221191406,123.0999984741211,123.5,118.80000305175781,119.94999694824219,21326802
2021-09-06,ONGC,89.03759765625,121.6500015258789,124.3499984741211,121.1500015258789,123.80000305175781,12505630
2021-09-07,ONGC,87.7933349609375,119.94999694824219,122.75,119.55000305175781,122.5,8530847
2021-09-08,ONGC,88.42523193359375,118.94999694824219,119.5,117.5,119.0,7801721
2021-09-09,ONGC,90.80403900146484,122.1500015258789,123.80000305175781,118.19999694824219,119.0999984741211,27242637
2021-09-13,ONGC,91.47309112548828,123.05000305175781,123.4000015258789,121.0999984741211,122.19999694824219,9921031
2021-09-14,ONGC,92.14213562011719,123.94999694824219,125.4000015258789,122.80000305175781,123.30000305175781,16593684
2021-09-15,ONGC,95.48733520507812,128.4499969482422,130.6999969482422,124.25,124.25,42437332
2021-09-16,ONGC,95.6731948852539,128.6999969482422,131.25,127.4000015258789,129.64999389648438,22431820
2021-09-17,ONGC,94.96697998046875,127.75,129.6999969482422,124.75,128.6999969482422,25968166
2021-09-20,ONGC,95.52452087402344,128.5,129.39999389648438,125.05000305175781,125.05000305175781,29857432
2021-09-21,ONGC,100.50517272949219,135.1999969482422,136.0,129.10000610351562,129.60000610351562,51537119
2021-09-22,ONGC,99.35292053222656,133.64999389648438,135.25,132.4499969482422,134.5,16424387
2021-09-23,ONGC,102.40080261230469,137.75,138.35000610351562,134.39999389648438,134.8000030517578,18688982
2021-09-24,ONGC,101.17420959472656,136.10000610351562,139.89999389648438,134.5,138.89999389648438,33667173
2021-09-27,ONGC,104.07340240478516,140.0,140.75,137.5,138.0500030517578,34196564
2021-09-28,ONGC,105.70883178710938,142.1999969482422,143.60000610351562,141.0,141.8000030517578,46109879
2021-09-29,ONGC,107.60446166992188,144.75,148.8000030517578,139.35000610351562,140.85000610351562,68003697
2021-09-30,ONGC,107.41862487792969,144.5,146.0500030517578,141.35000610351562,144.75,26714630
2021-10-01,ONGC,108.71953582763672,146.25,149.64999389648438,144.10000610351562,145.1999969482422,42893182
2021-10-04,ONGC,109.72309112548828,147.60000610351562,148.5,147.0,147.8000030517578,16099471
2021-10-05,ONGC,121.65438079833984,163.64999389648438,164.60000610351562,149.0,150.0,131238378
2021-10-06,ONGC,124.96243286132812,168.10000610351562,172.75,165.8000030517578,166.0,101221817
2021-10-07,ONGC,119.23835754394531,160.39999389648438,170.14999389648438,159.5,170.14999389648438,59769140
2021-10-08,ONGC,119.64725494384766,160.9499969482422,166.60000610351562,160.5,163.89999389648438,30561341
2021-10-11,ONGC,122.65794372558594,165.0,166.1999969482422,162.6999969482422,163.75,18143592
2021-10-12,ONGC,121.58007049560547,163.5500030517578,165.85000610351562,162.75,165.10000610351562,11619888
2021-10-13,ONGC,118.9410171508789,160.0,163.8000030517578,159.6999969482422,163.64999389648438,16690451
2021-10-14,ONGC,118.23481750488281,159.0500030517578,161.75,158.64999389648438,161.0,14821875
2021-10-18,ONGC,120.50212097167969,162.10000610351562,165.5,161.1999969482422,163.75,22899876
2021-10-19,ONGC,117.90032196044922,158.60000610351562,163.5,158.0,163.5,10331930
2021-10-20,ONGC,115.14978790283203,154.89999389648438,159.35000610351562,153.64999389648438,159.25,17118996
2021-10-21,ONGC,115.22412109375,155.0,160.3000030517578,154.5500030517578,157.60000610351562,31555789
2021-10-22,ONGC,116.74805450439453,157.0500030517578,158.35000610351562,154.5,157.0,27317028
2021-10-25,ONGC,119.98174285888672,161.39999389648438,162.9499969482422,158.89999389648438,159.0,34568006
2021-10-26,ONGC,121.24549865722656,163.10000610351562,163.9499969482422,160.3000030517578,163.5500030517578,33022684
2021-10-27,ONGC,117.37991333007812,157.89999389648438,163.60000610351562,157.0,163.10000610351562,21652522
2021-10-28,ONGC,111.6558837890625,150.1999969482422,156.85000610351562,148.6999969482422,150.0,24815027
2021-10-29,ONGC,110.80101013183594,149.0500030517578,151.85000610351562,146.0,149.89999389648438,18736450
2021-11-01,ONGC,113.84886932373047,153.14999389648438,153.60000610351562,148.39999389648438,150.0,11444653
2021-11-02,ONGC,113.7001953125,152.9499969482422,154.8000030517578,151.35000610351562,153.9499969482422,20609479
2021-11-03,ONGC,112.9939956665039,152.0,154.1999969482422,149.8000030517578,151.1999969482422,11591857
2021-11-04,ONGC,113.0311508178711,152.0500030517578,152.85000610351562,151.25,152.0,1114216
2021-11-08,ONGC,115.14978790283203,154.89999389648438,155.5500030517578,151.6999969482422,152.9499969482422,16568525
2021-11-09,ONGC,116.45069885253906,156.64999389648438,158.14999389648438,155.0,156.5,13601954
2021-11-10,ONGC,117.23123931884766,157.6999969482422,158.6999969482422,156.4499969482422,156.6999969482422,13900618
2021-11-11,ONGC,114.10905456542969,153.5,156.85000610351562,153.0500030517578,156.60000610351562,14158749
2021-11-12,ONGC,114.96392822265625,154.64999389648438,155.60000610351562,153.3000030517578,154.0,10552485
2021-11-15,ONGC,117.30559539794922,157.8000030517578,162.25,156.0,156.4499969482422,45750584
2021-11-16,ONGC,116.82238006591797,157.14999389648438,159.6999969482422,156.8000030517578,159.39999389648438,12956283
2021-11-17,ONGC,117.00825500488281,157.39999389648438,159.25,156.60000610351562,157.0,11420415
2021-11-18,ONGC,114.70375061035156,154.3000030517578,157.0,153.6999969482422,157.0,18351511
2021-11-22,ONGC,112.96931457519531,146.5500030517578,153.6999969482422,146.0,151.25,21558590
2021-11-23,ONGC,113.08495330810547,146.6999969482422,147.6999969482422,143.39999389648438,145.8000030517578,21216047
2021-11-24,ONGC,118.28823852539062,153.4499969482422,155.85000610351562,149.0,149.0,36294271
2021-11-25,ONGC,119.5601806640625,155.10000610351562,156.0,152.5500030517578,154.0,11554142
2021-11-26,ONGC,113.39330291748047,147.10000610351562,152.25,146.25,152.25,23135841
2021-11-29,ONGC,111.08071899414062,144.10000610351562,146.0500030517578,141.89999389648438,145.0,18736522
2021-11-30,ONGC,109.53900146484375,142.10000610351562,147.75,141.10000610351562,143.35000610351562,22980651
2021-12-01,ONGC,109.65461730957031,142.25,143.64999389648438,139.64999389648438,142.39999389648438,14278744
2021-12-02,ONGC,111.0036392211914,144.0,144.64999389648438,140.39999389648438,140.5,8561767
2021-12-03,ONGC,112.46826934814453,145.89999389648438,146.85000610351562,143.14999389648438,144.0,10690334
2021-12-06,ONGC,110.50257873535156,143.35000610351562,145.85000610351562,142.75,145.8000030517578,7749262
2021-12-07,ONGC,112.46826934814453,145.89999389648438,146.25,144.5,145.0,10253663
2021-12-08,ONGC,114.3953857421875,148.39999389648438,150.35000610351562,146.8000030517578,147.0,12266948
2021-12-09,ONGC,113.58601379394531,147.35000610351562,149.89999389648438,146.35000610351562,149.5,7989291
2021-12-10,ONGC,113.74017333984375,147.5500030517578,148.0,145.5500030517578,146.25,10324085
2021-12-13,ONGC,112.5068130493164,145.9499969482422,150.5,145.35000610351562,148.9499969482422,13595587
2021-12-14,ONGC,113.2391357421875,146.89999389648438,147.4499969482422,143.9499969482422,144.25,12331999
2021-12-15,ONGC,110.96509552001953,143.9499969482422,147.6999969482422,143.60000610351562,146.3000030517578,10361033
2021-12-16,ONGC,112.0442886352539,145.35000610351562,146.25,144.5500030517578,145.3000030517578,12156709
2021-12-17,ONGC,107.45768737792969,139.39999389648438,145.10000610351562,138.5,144.1999969482422,17667617
2021-12-20,ONGC,103.29505157470703,134.0,137.64999389648438,131.64999389648438,137.5,17238729
2021-12-21,ONGC,104.87529754638672,136.0500030517578,136.85000610351562,133.8000030517578,135.0500030517578,8615570
2021-12-22,ONGC,105.45345306396484,136.8000030517578,137.9499969482422,135.3000030517578,137.39999389648438,4968143
2021-12-23,ONGC,108.30562591552734,140.5,141.0,137.14999389648438,138.5,6324169
2021-12-24,ONGC,106.7638931274414,138.5,141.60000610351562,137.1999969482422,141.5500030517578,5657495
2021-12-27,ONGC,105.87741088867188,137.35000610351562,138.0500030517578,136.0,136.5500030517578,4404298
2021-12-28,ONGC,107.5347900390625,139.5,140.5,138.5,139.14999389648438,8738089
2021-12-29,ONGC,107.07225799560547,138.89999389648438,140.85000610351562,137.4499969482422,140.1999969482422,6571286
2021-12-30,ONGC,108.30562591552734,140.5,141.1999969482422,138.5,138.75,11556524
2021-12-31,ONGC,109.770263671875,142.39999389648438,142.9499969482422,139.4499969482422,140.4499969482422,6393760
2022-01-03,ONGC,110.27130889892578,143.0500030517578,143.4499969482422,141.1999969482422,142.35000610351562,3765911
2022-01-04,ONGC,113.93289184570312,147.8000030517578,148.60000610351562,143.10000610351562,143.10000610351562,16351836
2022-01-05,ONGC,115.89859771728516,150.35000610351562,151.10000610351562,147.39999389648438,148.5,12977680
2022-01-06,ONGC,116.2454605102539,150.8000030517578,151.39999389648438,148.35000610351562,150.60000610351562,9012777
2022-01-07,ONGC,121.0633316040039,157.0500030517578,157.5,151.35000610351562,151.5,30889365
2022-01-10,ONGC,122.0654525756836,158.35000610351562,159.39999389648438,156.39999389648438,158.25,16418985
2022-01-11,ONGC,124.06968688964844,160.9499969482422,161.64999389648438,157.60000610351562,158.8000030517578,14457548
2022-01-12,ONGC,127.15312957763672,164.9499969482422,165.6999969482422,161.39999389648438,162.6999969482422,21220614
2022-01-13,ONGC,126.38224792480469,163.9499969482422,165.5,163.0500030517578,164.9499969482422,7445346
2022-01-14,ONGC,124.14679718017578,161.0500030517578,163.3000030517578,160.1999969482422,162.9499969482422,11646259
2022-01-17,ONGC,127.84690856933594,165.85000610351562,168.1999969482422,162.3000030517578,162.5,32577835
2022-01-18,ONGC,126.30516815185547,163.85000610351562,168.39999389648438,163.39999389648438,168.3000030517578,11175409
2022-01-19,ONGC,131.2386932373047,170.25,171.0,164.89999389648438,165.3000030517578,36648534
2022-01-20,ONGC,128.6177520751953,166.85000610351562,170.89999389648438,166.5,170.89999389648438,14474454
2022-01-21,ONGC,126.1510009765625,163.64999389648438,166.39999389648438,162.3000030517578,165.3000030517578,8625926
2022-01-24,ONGC,127.73126983642578,165.6999969482422,168.3000030517578,163.75,165.1999969482422,28783449
2022-01-25,ONGC,127.3072738647461,165.14999389648438,166.6999969482422,163.0,163.0,14249846
2022-01-27,ONGC,127.73126983642578,165.6999969482422,168.75,164.5,165.10000610351562,25936832
2022-01-28,ONGC,130.1209259033203,168.8000030517578,174.6999969482422,166.25,167.5500030517578,32790065
2022-01-31,ONGC,133.05020141601562,172.60000610351562,174.85000610351562,169.5500030517578,171.60000610351562,24031034
2022-02-01,ONGC,131.77828979492188,170.9499969482422,174.89999389648438,168.5,174.0,14220953
2022-02-02,ONGC,132.04808044433594,171.3000030517578,174.0500030517578,170.5,170.5500030517578,12478192
2022-02-03,ONGC,129.11878967285156,167.5,171.25,166.0,170.0,12529302
2022-02-04,ONGC,130.7376251220703,169.60000610351562,172.6999969482422,169.0500030517578,170.0,17434362
2022-02-07,ONGC,132.66477966308594,172.10000610351562,173.3000030517578,169.1999969482422,170.6999969482422,11723574
2022-02-08,ONGC,128.69483947753906,166.9499969482422,173.0,166.5,172.0,13231599
2022-02-09,ONGC,126.38224792480469,163.9499969482422,169.60000610351562,163.10000610351562,167.89999389648438,17938632
2022-02-10,ONGC,130.35215759277344,169.10000610351562,170.39999389648438,165.14999389648438,165.85000610351562,26763203
2022-02-11,ONGC,129.61985778808594,168.14999389648438,170.5,167.10000610351562,167.9499969482422,12884995
2022-02-14,ONGC,128.11671447753906,166.1999969482422,176.35000610351562,165.1999969482422,168.89999389648438,44604164
2022-02-15,ONGC,126.53643035888672,164.14999389648438,170.0,156.39999389648438,170.0,31146458
2022-02-16,ONGC,129.92820739746094,168.5500030517578,168.89999389648438,164.5,164.5,15960268
2022-02-17,ONGC,132.39495849609375,171.75,172.39999389648438,168.5,168.5500030517578,24640791
2022-02-18,ONGC,129.42713928222656,167.89999389648438,171.75,166.6999969482422,171.1999969482422,11829998
2022-02-21,ONGC,127.28498077392578,163.39999389648438,167.5500030517578,163.0500030517578,167.39999389648438,14222260
2022-02-22,ONGC,128.49237060546875,164.9499969482422,166.5,163.25,166.5,29399172
2022-02-23,ONGC,125.22068786621094,160.75,166.39999389648438,159.64999389648438,166.25,21301826
2022-02-24,ONGC,122.02685546875,156.64999389648438,162.39999389648438,156.0,160.75,28766189
2022-02-25,ONGC,124.2469482421875,159.5,160.39999389648438,156.8000030517578,159.39999389648438,20225258
2022-02-28,ONGC,125.14278411865234,160.64999389648438,161.85000610351562,155.8000030517578,160.5,20210070
2022-03-02,ONGC,126.93441772460938,162.9499969482422,168.35000610351562,161.89999389648438,165.64999389648438,41103406
2022-03-03,ONGC,132.659912109375,170.3000030517578,171.8000030517578,162.89999389648438,168.3000030517578,42345653
2022-03-04,ONGC,128.72605895996094,165.25,171.0,163.85000610351562,170.10000610351562,32658756
2022-03-07,ONGC,145.6298828125,186.9499969482422,189.8000030517578,167.10000610351562,167.10000610351562,132538155
2022-03-08,ONGC,139.51490783691406,179.10000610351562,194.9499969482422,177.8000030517578,190.0,73127816
2022-03-09,ONGC,136.63270568847656,175.39999389648438,183.8000030517578,173.85000610351562,183.0,51977091
2022-03-10,ONGC,135.8147735595703,174.35000610351562,176.89999389648438,165.0,168.25,62112814
2022-03-11,ONGC,136.8664093017578,175.6999969482422,176.39999389648438,171.6999969482422,172.5,26187452
2022-03-14,ONGC,133.82839965820312,171.8000030517578,175.5,170.60000610351562,174.0,20214021
2022-03-15,ONGC,127.55760955810547,163.75,169.5,161.64999389648438,168.3000030517578,42333127
2022-03-16,ONGC,130.32298278808594,167.3000030517578,167.85000610351562,161.85000610351562,166.0,25545119
2022-03-17,ONGC,132.659912109375,170.3000030517578,171.5,164.60000610351562,166.60000610351562,66314748
2022-03-21,ONGC,134.41259765625,172.5500030517578,175.0,170.3000030517578,171.6999969482422,20614652
2022-03-22,ONGC,136.67166137695312,175.4499969482422,181.25,173.8000030517578,176.1999969482422,39742745
2022-03-23,ONGC,136.78851318359375,175.60000610351562,177.6999969482422,174.85000610351562,176.5,10994784
2022-03-24,ONGC,138.22958374023438,177.4499969482422,180.39999389648438,176.5,178.89999389648438,20332589
2022-03-25,ONGC,136.94430541992188,175.8000030517578,179.25,175.10000610351562,178.5,13608989
2022-03-28,ONGC,137.3727264404297,176.35000610351562,177.89999389648438,174.64999389648438,175.5,15253027
2022-03-29,ONGC,133.20518493652344,171.0,175.1999969482422,170.5500030517578,174.9499969482422,14210783
2022-03-30,ONGC,126.19440460205078,162.0,164.85000610351562,161.14999389648438,163.0,95239532
2022-03-31,ONGC,127.6744613647461,163.89999389648438,165.25,161.14999389648438,161.85000610351562,33523683
2022-04-01,ONGC,130.82931518554688,167.9499969482422,168.25,163.5500030517578,163.89999389648438,28335224
2022-04-04,ONGC,130.90724182128906,168.0500030517578,169.0500030517578,165.35000610351562,166.9499969482422,17745513
2022-04-05,ONGC,133.8673553466797,171.85000610351562,172.75,169.3000030517578,170.25,20054934
2022-04-06,ONGC,134.6073760986328,172.8000030517578,173.5,170.3000030517578,170.60000610351562,12969222
2022-04-07,ONGC,131.5303955078125,168.85000610351562,173.8000030517578,168.1999969482422,170.60000610351562,24550313
2022-04-08,ONGC,133.12730407714844,170.89999389648438,171.3000030517578,168.6999969482422,169.0,9529874
2022-04-11,ONGC,133.3610076904297,171.1999969482422,172.75,169.5500030517578,171.0,9724979
2022-04-12,ONGC,131.56932067871094,168.89999389648438,172.1999969482422,168.1999969482422,171.0,13184429
2022-04-13,ONGC,135.73687744140625,174.25,174.85000610351562,170.6999969482422,171.39999389648438,23458303
2022-04-18,ONGC,136.94430541992188,175.8000030517578,179.0,175.10000610351562,176.0,23916912
2022-04-19,ONGC,137.9958953857422,177.14999389648438,179.8000030517578,176.0,177.3000030517578,17880666
2022-04-20,ONGC,136.7106170654297,175.5,177.35000610351562,174.8000030517578,176.89999389648438,10076403
2022-04-21,ONGC,135.65895080566406,174.14999389648438,176.6999969482422,173.89999389648438,175.6999969482422,12246720
2022-04-22,ONGC,135.54212951660156,174.0,176.3000030517578,173.6999969482422,174.14999389648438,10267952
2022-04-25,ONGC,132.153564453125,169.64999389648438,173.0,168.3000030517578,171.0,12583497
2022-04-26,ONGC,130.0503387451172,166.9499969482422,171.6999969482422,165.6999969482422,171.10000610351562,20086229
2022-04-27,ONGC,128.4144744873047,164.85000610351562,168.89999389648438,163.35000610351562,167.9499969482422,13981957
2022-04-28,ONGC,128.3755340576172,164.8000030517578,166.0,162.4499969482422,166.0,13030499
2022-04-29,ONGC,124.98696899414062,160.4499969482422,167.4499969482422,159.5,166.5,15964743
2022-05-02,ONGC,121.7931900024414,156.35000610351562,159.25,155.89999389648438,158.14999389648438,23405519
2022-05-04,ONGC,126.38915252685547,162.25,162.8000030517578,157.9499969482422,159.0,23661920
2022-05-05,ONGC,128.4144744873047,164.85000610351562,168.39999389648438,163.39999389648438,164.1999969482422,26878516
2022-05-06,ONGC,130.0503387451172,166.9499969482422,167.39999389648438,161.10000610351562,163.89999389648438,16768573
2022-05-09,ONGC,128.33657836914062,164.75,167.3000030517578,162.75,165.25,9952775
2022-05-10,ONGC,120.3131103515625,154.4499969482422,161.64999389648438,152.89999389648438,160.4499969482422,22602956
2022-05-11,ONGC,123.54589080810547,158.60000610351562,160.0,153.75,154.0,15084514
2022-05-12,ONGC,121.90999603271484,156.5,161.0,154.0,159.0,21459069
2022-05-13,ONGC,119.6120376586914,153.5500030517578,160.3000030517578,152.9499969482422,160.0,12934346
2022-05-16,ONGC,119.57308959960938,153.5,156.25,151.8000030517578,154.1999969482422,13205775
2022-05-17,ONGC,127.09021759033203,163.14999389648438,163.6999969482422,155.5500030517578,156.0,17843200
2022-05-18,ONGC,127.12916564941406,163.1999969482422,164.5,160.1999969482422,162.0,12616832
2022-05-19,ONGC,124.63645935058594,160.0,162.0500030517578,157.8000030517578,158.5500030517578,8932407
2022-05-20,ONGC,126.11650085449219,161.89999389648438,163.8000030517578,160.10000610351562,161.64999389648438,7235654
2022-05-23,ONGC,120.81946563720703,155.10000610351562,164.1999969482422,154.64999389648438,161.75,18029557
2022-05-24,ONGC,117.35298156738281,150.64999389648438,157.75,150.14999389648438,157.39999389648438,19141394
2022-05-25,ONGC,118.87199401855469,152.60000610351562,153.25,147.60000610351562,152.89999389648438,19366472
2022-05-26,ONGC,118.32672119140625,151.89999389648438,153.3000030517578,148.10000610351562,152.8000030517578,12824105
2022-05-27,ONGC,112.01700592041016,143.8000030517578,155.5,141.10000610351562,155.0,52469252
2022-05-30,ONGC,112.21175384521484,144.0500030517578,147.3000030517578,141.14999389648438,145.64999389648438,40261336
2022-05-31,ONGC,117.82038879394531,151.25,153.0,145.39999389648438,145.39999389648438,57675204
2022-06-01,ONGC,116.65191650390625,149.75,152.89999389648438,148.75,151.1999969482422,22780094
2022-06-02,ONGC,118.75515747070312,152.4499969482422,152.89999389648438,146.0,147.8000030517578,25429955
2022-06-03,ONGC,118.09304809570312,151.60000610351562,154.1999969482422,151.14999389648438,153.9499969482422,16747177
2022-06-06,ONGC,119.92362213134766,153.9499969482422,156.0,152.8000030517578,153.10000610351562,30327268
2022-06-07,ONGC,126.07757568359375,161.85000610351562,162.9499969482422,154.1999969482422,154.8000030517578,61411715
2022-06-08,ONGC,127.28498077392578,163.39999389648438,166.39999389648438,162.10000610351562,163.5,45994327
2022-06-09,ONGC,128.95977783203125,165.5500030517578,167.35000610351562,164.5,166.0,31122996
2022-06-10,ONGC,128.25868225097656,164.64999389648438,166.64999389648438,163.35000610351562,164.0,17812698
2022-06-13,ONGC,124.285888671875,159.5500030517578,163.9499969482422,158.4499969482422,162.0,12237777
2022-06-14,ONGC,121.48159790039062,155.9499969482422,160.5500030517578,155.3000030517578,159.5500030517578,12844437
2022-06-15,ONGC,117.9372329711914,151.39999389648438,157.25,150.8000030517578,156.9499969482422,16223385
2022-06-16,ONGC,111.82225036621094,143.5500030517578,151.5500030517578,142.60000610351562,149.14999389648438,25130676
2022-06-17,ONGC,110.1864013671875,141.4499969482422,145.14999389648438,140.64999389648438,142.4499969482422,22922034
2022-06-20,ONGC,104.69462585449219,134.39999389648438,138.89999389648438,130.0,138.60000610351562,28656582
2022-06-21,ONGC,108.3558120727539,139.10000610351562,140.1999969482422,135.0,136.10000610351562,20581784
2022-06-22,ONGC,105.045166015625,134.85000610351562,136.9499969482422,131.0,136.9499969482422,31824106
2022-06-23,ONGC,105.0062026977539,134.8000030517578,136.39999389648438,132.1999969482422,134.0,26829020
2022-06-24,ONGC,106.99260711669922,137.35000610351562,141.0,135.1999969482422,137.0,25461812
2022-06-27,ONGC,110.22534942626953,141.5,142.60000610351562,137.25,140.0,24188349
2022-06-28,ONGC,116.34033203125,149.35000610351562,151.75,142.14999389648438,142.8000030517578,54387675
2022-06-29,ONGC,120.07942962646484,154.14999389648438,157.39999389648438,146.1999969482422,149.35000610351562,165860322
2022-06-30,ONGC,118.0541000366211,151.5500030517578,154.4499969482422,149.25,153.0,38725546
2022-07-01,ONGC,102.08503723144531,131.0500030517578,151.14999389648438,130.0,148.9499969482422,125788305
2022-07-04,ONGC,98.15119171142578,126.0,129.9499969482422,124.0999984741211,129.9499969482422,85993413
2022-07-05,ONGC,99.24176788330078,127.4000015258789,128.60000610351562,126.0,127.0,44595740
2022-07-06,ONGC,94.21736907958984,120.94999694824219,123.5,119.8499984741211,123.0,59092334
2022-07-07,ONGC,96.20375061035156,123.5,124.1500015258789,121.25,121.25,36229792
2022-07-08,ONGC,94.64579010009766,121.5,126.3499984741211,121.0,126.3499984741211,42778692
2022-07-11,ONGC,97.76171112060547,125.5,125.9000015258789,121.05000305175781,121.5,31521678
2022-07-12,ONGC,96.671142578125,124.0999984741211,126.75,123.5,124.9000015258789,25216226
2022-07-13,ONGC,96.94377899169922,124.44999694824219,124.9000015258789,121.4000015258789,122.44999694824219,27166975
2022-07-14,ONGC,99.0470199584961,127.1500015258789,132.60000610351562,123.80000305175781,124.4000015258789,38464081
2022-07-15,ONGC,98.57963562011719,126.55000305175781,128.39999389648438,124.5999984741211,127.5999984741211,18088858
2022-07-18,ONGC,101.189208984375,129.89999389648438,130.6999969482422,126.94999694824219,127.05000305175781,21010247
2022-07-19,ONGC,99.63125610351562,127.9000015258789,133.1999969482422,124.44999694824219,130.5,33778758
2022-07-20,ONGC,103.25350952148438,132.5500030517578,136.60000610351562,132.1999969482422,135.0,60317150
2022-07-21,ONGC,103.68194580078125,133.10000610351562,133.5,131.8000030517578,133.0,20853780
2022-07-22,ONGC,103.17561340332031,132.4499969482422,133.8000030517578,131.5500030517578,133.8000030517578,11630255
2022-07-25,ONGC,101.11131286621094,129.8000030517578,132.4499969482422,128.39999389648438,132.0,21705935
2022-07-26,ONGC,99.86494445800781,128.1999969482422,131.60000610351562,127.75,130.85000610351562,22172845
2022-07-27,ONGC,100.17654418945312,128.60000610351562,130.1999969482422,127.80000305175781,129.10000610351562,20187969
2022-07-28,ONGC,101.46186065673828,130.25,130.5,128.25,130.39999389648438,25736737
2022-07-29,ONGC,104.4998550415039,134.14999389648438,134.5,129.89999389648438,130.4499969482422,19738642
2022-08-01,ONGC,107.81050109863281,138.39999389648438,139.0,133.1999969482422,134.10000610351562,20592826
2022-08-02,ONGC,106.48624420166016,136.6999969482422,137.0500030517578,134.60000610351562,136.6999969482422,15037928
2022-08-03,ONGC,105.66834259033203,135.64999389648438,138.4499969482422,133.8000030517578,136.0,15853543
2022-08-04,ONGC,106.1357192993164,136.25,137.14999389648438,134.0,134.35000610351562,14311959
2022-08-05,ONGC,106.33045196533203,136.5,138.5,133.60000610351562,135.10000610351562,66480753
2022-08-08,ONGC,106.33045196533203,136.5,137.5,135.0500030517578,136.3000030517578,12451233
2022-08-10,ONGC,104.22722625732422,133.8000030517578,136.75,133.4499969482422,136.39999389648438,15829467
2022-08-11,ONGC,103.44824981689453,132.8000030517578,136.0,132.0500030517578,134.5,19479706
2022-08-12,ONGC,108.43370819091797,139.1999969482422,139.6999969482422,133.5,133.89999389648438,40876891
2022-08-16,ONGC,109.01793670654297,139.9499969482422,141.89999389648438,136.10000610351562,139.5,31230003
2022-08-17,ONGC,108.78422546386719,139.64999389648438,140.8000030517578,138.6999969482422,139.9499969482422,15694770
2022-08-18,ONGC,108.10633850097656,135.5500030517578,138.3000030517578,134.6999969482422,138.25,42597708
2022-08-19,ONGC,107.34867095947266,134.60000610351562,138.5,134.0500030517578,137.5,35382493
2022-08-22,ONGC,105.19529724121094,131.89999389648438,134.5,129.8000030517578,134.5,31231393
2022-08-23,ONGC,106.67076110839844,133.75,134.1999969482422,130.10000610351562,131.89999389648438,24268146
2022-08-24,ONGC,108.46522521972656,136.0,137.39999389648438,134.5,134.6999969482422,22730039
2022-08-25,ONGC,108.90386199951172,136.5500030517578,138.14999389648438,136.14999389648438,137.0,14620592
2022-08-26,ONGC,108.98363494873047,136.64999389648438,138.25,136.10000610351562,136.5,12105053
2022-08-29,ONGC,108.38546752929688,135.89999389648438,136.60000610351562,133.75,134.1999969482422,9198908
2022-08-30,ONGC,110.53883361816406,138.60000610351562,139.85000610351562,137.5500030517578,137.89999389648438,21720398
2022-09-01,ONGC,107.42842864990234,134.6999969482422,136.25,134.14999389648438,135.0,20349294
2022-09-02,ONGC,105.87322235107422,132.75,135.75,132.3000030517578,134.6999969482422,17495310
2022-09-05,ONGC,106.39163208007812,133.39999389648438,133.89999389648438,132.64999389648438,132.89999389648438,14865879
2022-09-06,ONGC,105.3548355102539,132.10000610351562,134.14999389648438,131.6999969482422,134.10000610351562,10870488
2022-09-07,ONGC,105.6738510131836,132.5,132.9499969482422,130.0500030517578,131.0,12042788
2022-09-08,ONGC,105.15544128417969,131.85000610351562,134.14999389648438,131.5,131.64999389648438,14629497
2022-09-09,ONGC,106.87014770507812,134.0,134.1999969482422,131.9499969482422,132.5,12327341
2022-09-12,ONGC,106.87014770507812,134.0,135.39999389648438,133.60000610351562,135.0,13500202
2022-09-13,ONGC,106.79039764404297,133.89999389648438,135.14999389648438,133.5,134.1999969482422,10846178
2022-09-14,ONGC,106.23213195800781,133.1999969482422,134.10000610351562,132.0,132.4499969482422,8597956
2022-09-15,ONGC,105.75361633300781,132.60000610351562,134.39999389648438,132.0,133.60000610351562,10810473
2022-09-16,ONGC,104.67691802978516,131.25,132.0,130.0,131.10000610351562,20909579
2022-09-19,ONGC,104.11864471435547,130.5500030517578,134.35000610351562,129.6999969482422,132.10000610351562,19411428
2022-09-20,ONGC,106.23213195800781,133.1999969482422,133.60000610351562,131.3000030517578,131.39999389648438,13080582
2022-09-21,ONGC,104.39778137207031,130.89999389648438,133.1999969482422,130.0500030517578,132.1999969482422,11156865
2022-09-22,ONGC,102.60330963134766,128.64999389648438,130.85000610351562,128.10000610351562,130.39999389648438,11366882
2022-09-23,ONGC,102.56344604492188,128.60000610351562,129.10000610351562,127.5,128.25,10407849
2022-09-26,ONGC,98.45611572265625,123.44999694824219,128.8000030517578,122.6500015258789,127.30000305175781,12848954
2022-09-27,ONGC,99.25365447998047,124.44999694824219,127.9000015258789,123.8499984741211,124.3499984741211,14465123
2022-09-28,ONGC,97.73833465576172,122.55000305175781,123.94999694824219,121.5,123.94999694824219,15267018
2022-09-29,ONGC,101.00824737548828,126.6500015258789,128.1999969482422,123.5,123.5,20597761
2022-09-30,ONGC,101.12788391113281,126.80000305175781,132.39999389648438,125.5,125.5,33530494
2022-10-03,ONGC,105.5940933227539,132.39999389648438,135.0,130.60000610351562,131.6999969482422,50966493
2022-10-04,ONGC,106.79039764404297,133.89999389648438,135.0,131.8000030517578,134.89999389648438,14137567
2022-10-06,ONGC,105.79347229003906,132.64999389648438,136.5500030517578,132.39999389648438,136.5,14570735
2022-10-07,ONGC,106.91002655029297,134.0500030517578,134.25,131.1999969482422,132.0500030517578,13532236
2022-10-10,ONGC,106.27200317382812,133.25,134.0,132.1999969482422,133.0,10183057
2022-10-11,ONGC,104.55729675292969,131.10000610351562,133.5,130.25,133.25,13176461
2022-10-12,ONGC,104.75666809082031,131.35000610351562,132.0,129.10000610351562,131.10000610351562,9401804
2022-10-13,ONGC,103.56037139892578,129.85000610351562,131.85000610351562,127.6500015258789,131.1999969482422,13320136
2022-10-14,ONGC,101.76589965820312,127.5999984741211,132.8000030517578,127.05000305175781,132.0,13205955
2022-10-17,ONGC,101.92540740966797,127.80000305175781,128.1999969482422,126.0,127.0,9320940
2022-10-18,ONGC,102.64319610595703,128.6999969482422,129.10000610351562,127.5999984741211,128.4499969482422,6490293
2022-10-19,ONGC,101.92540740966797,127.80000305175781,128.6999969482422,127.4000015258789,128.6999969482422,7381712
2022-10-20,ONGC,103.3609848022461,129.60000610351562,131.0,125.80000305175781,127.0,18748363
2022-10-21,ONGC,104.91616821289062,131.5500030517578,133.39999389648438,128.75,129.35000610351562,11945173
2022-10-24,ONGC,105.9131088256836,132.8000030517578,134.0,132.39999389648438,133.0,2154912
2022-10-25,ONGC,104.27815246582031,130.75,132.89999389648438,129.85000610351562,132.4499969482422,10232002
2022-10-27,ONGC,105.11557006835938,131.8000030517578,132.1999969482422,130.3000030517578,130.75,13865026
2022-10-28,ONGC,106.6308822631836,133.6999969482422,135.60000610351562,131.8000030517578,132.10000610351562,22918037
2022-10-31,ONGC,106.91002655029297,134.0500030517578,135.1999969482422,132.8000030517578,134.39999389648438,8753855
2022-11-01,ONGC,107.78731536865234,135.14999389648438,135.6999969482422,134.10000610351562,134.10000610351562,11630848
2022-11-02,ONGC,108.82411193847656,136.4499969482422,139.1999969482422,135.35000610351562,135.85000610351562,21117499
2022-11-03,ONGC,108.78422546386719,136.39999389648438,136.6999969482422,135.25,136.39999389648438,7561534
2022-11-04,ONGC,109.94066619873047,137.85000610351562,138.39999389648438,136.0500030517578,136.39999389648438,7498344
2022-11-07,ONGC,110.49896240234375,138.5500030517578,139.0,136.75,138.5500030517578,9987481
2022-11-09,ONGC,110.57868957519531,138.64999389648438,139.0,137.0,138.9499969482422,12033732
2022-11-10,ONGC,111.53575134277344,139.85000610351562,140.85000610351562,137.39999389648438,137.5,15908521
2022-11-11,ONGC,112.01426696777344,140.4499969482422,141.3000030517578,139.1999969482422,140.60000610351562,18492513
2022-11-14,ONGC,111.05723571777344,139.25,141.0,138.60000610351562,140.60000610351562,12743505
2022-11-15,ONGC,113.52962493896484,142.35000610351562,143.35000610351562,140.0,140.0,24636519
2022-11-16,ONGC,113.96823120117188,142.89999389648438,143.3000030517578,141.1999969482422,142.8000030517578,11460200
2022-11-17,ONGC,114.20751190185547,143.1999969482422,143.8000030517578,141.6999969482422,141.9499969482422,13368536
2022-11-18,ONGC,113.05108642578125,141.75,143.25,140.1999969482422,143.14999389648438,19958908
2022-11-21,ONGC,113.42790985107422,135.4499969482422,136.35000610351562,134.39999389648438,136.0,16348881
2022-11-22,ONGC,113.21855163574219,135.1999969482422,135.89999389648438,132.89999389648438,134.9499969482422,11198874
2022-11-23,ONGC,114.30718231201172,136.5,136.64999389648438,134.5500030517578,135.5500030517578,9010911
2022-11-24,ONGC,116.77755737304688,139.4499969482422,140.0,135.5,136.5,11803087
2022-11-25,ONGC,117.69872283935547,140.5500030517578,141.3000030517578,137.75,139.0,9789098
2022-11-28,ONGC,116.9031753540039,139.60000610351562,141.1999969482422,139.0500030517578,139.5,8925344
2022-11-29,ONGC,117.4474868774414,140.25,141.10000610351562,139.5,140.0500030517578,13558920
2022-11-30,ONGC,118.15931701660156,141.10000610351562,141.8000030517578,139.60000610351562,139.60000610351562,17720938
2022-12-01,ONGC,117.28001403808594,140.0500030517578,142.0,139.8000030517578,141.4499969482422,27727625
2022-12-02,ONGC,117.99181365966797,140.89999389648438,144.8000030517578,140.5500030517578,141.85000610351562,24518337
2022-12-05,ONGC,120.37844848632812,143.75,143.9499969482422,140.60000610351562,141.5,18440387
2022-12-06,ONGC,119.2898178100586,142.4499969482422,143.14999389648438,141.14999389648438,142.85000610351562,10977472
2022-12-07,ONGC,117.78245544433594,140.64999389648438,141.75,140.10000610351562,140.8000030517578,9731670
2022-12-08,ONGC,119.4572982788086,142.64999389648438,143.0,140.35000610351562,141.25,10150945
2022-12-09,ONGC,117.8243408203125,140.6999969482422,142.9499969482422,140.3000030517578,142.5,9438307
2022-12-12,ONGC,119.20610809326172,142.35000610351562,142.5,139.1999969482422,140.0,8946335
2022-12-13,ONGC,120.88089752197266,144.35000610351562,144.64999389648438,142.5500030517578,143.0500030517578,12593054
2022-12-14,ONGC,123.60250091552734,147.60000610351562,148.60000610351562,144.10000610351562,144.35000610351562,17692988
2022-12-15,ONGC,123.47688293457031,147.4499969482422,148.85000610351562,146.64999389648438,147.64999389648438,11426194
2022-12-16,ONGC,123.26754760742188,147.1999969482422,150.5,147.0,148.35000610351562,20540447
2022-12-19,ONGC,122.09516906738281,145.8000030517578,147.5500030517578,145.0,147.0500030517578,10635055
2022-12-20,ONGC,122.13703918457031,145.85000610351562,146.1999969482422,143.10000610351562,145.5,6714207
2022-12-21,ONGC,120.16907501220703,143.5,146.8000030517578,142.6999969482422,146.5,10011408
2022-12-22,ONGC,119.12234497070312,142.25,145.14999389648438,141.5500030517578,145.0,9123323
2022-12-23,ONGC,117.07066345214844,139.8000030517578,143.5,139.3000030517578,140.60000610351562,8007752
2022-12-26,ONGC,118.32679748535156,141.3000030517578,142.85000610351562,139.5,140.5,7150680
2022-12-27,ONGC,121.25774383544922,144.8000030517578,145.39999389648438,142.10000610351562,142.10000610351562,8765357
2022-12-28,ONGC,120.50405883789062,143.89999389648438,144.64999389648438,142.6999969482422,143.4499969482422,9534858
2022-12-29,ONGC,121.13213348388672,144.64999389648438,146.0,142.5,142.75,36752195
2022-12-30,ONGC,122.89070892333984,146.75,148.75,144.5500030517578,145.4499969482422,9644998
2023-01-02,ONGC,125.98915100097656,150.4499969482422,150.8000030517578,147.25,147.3000030517578,9631496
2023-01-03,ONGC,125.23548126220703,149.5500030517578,150.60000610351562,148.0,149.6999969482422,14991139
2023-01-04,ONGC,122.47197723388672,146.25,148.85000610351562,145.0,148.8000030517578,13535874
2023-01-05,ONGC,122.68134307861328,146.5,147.0,144.14999389648438,145.85000610351562,16320559
2023-01-06,ONGC,123.3931655883789,147.35000610351562,148.10000610351562,146.3000030517578,146.6999969482422,16804116
2023-01-09,ONGC,124.06306457519531,148.14999389648438,150.1999969482422,147.8000030517578,149.3000030517578,18660445
2023-01-10,ONGC,125.06798553466797,149.35000610351562,150.3000030517578,148.60000610351562,148.60000610351562,18490715
2023-01-11,ONGC,122.93257904052734,146.8000030517578,150.0,146.25,149.5,12538238
2023-01-12,ONGC,122.38822937011719,146.14999389648438,148.25,145.75,147.6999969482422,13270422
2023-01-13,ONGC,123.05818176269531,146.9499969482422,147.5,145.89999389648438,146.39999389648438,8854484
2023-01-16,ONGC,123.60250091552734,147.60000610351562,147.8000030517578,146.0,147.6999969482422,9696320
2023-01-17,ONGC,123.81185150146484,147.85000610351562,149.0,146.64999389648438,148.3000030517578,18484595
2023-01-18,ONGC,124.9842529296875,149.25,149.75,148.1999969482422,148.25,12139643
2023-01-19,ONGC,127.07778930664062,151.75,152.10000610351562,148.0500030517578,148.0500030517578,18437610
2023-01-20,ONGC,126.95218658447266,151.60000610351562,152.5,150.5500030517578,152.0,17512691
2023-01-23,ONGC,127.58024597167969,152.35000610351562,153.10000610351562,151.35000610351562,152.5500030517578,16742252
2023-01-24,ONGC,127.41273498535156,152.14999389648438,153.1999969482422,151.60000610351562,152.35000610351562,8276792
2023-01-25,ONGC,127.6639633178711,152.4499969482422,153.39999389648438,151.14999389648438,151.25,9827342
2023-01-27,ONGC,123.64436340332031,147.64999389648438,154.14999389648438,146.60000610351562,152.4499969482422,13052535
2023-01-30,ONGC,121.34149169921875,144.89999389648438,148.85000610351562,143.25,147.5,12688399
2023-01-31,ONGC,121.34149169921875,144.89999389648438,147.89999389648438,144.25,145.14999389648438,19050398
2023-02-01,ONGC,120.79718780517578,144.25,146.0,142.35000610351562,145.8000030517578,11526089
2023-02-02,ONGC,120.12722778320312,143.4499969482422,145.0,140.64999389648438,143.0,11886667
2023-02-03,ONGC,120.83903503417969,144.3000030517578,145.35000610351562,140.10000610351562,143.5,9250428
2023-02-06,ONGC,120.16907501220703,143.5,144.1999969482422,141.60000610351562,141.6999969482422,6436143
2023-02-07,ONGC,121.13213348388672,144.64999389648438,144.9499969482422,142.1999969482422,143.89999389648438,8681511
2023-02-08,ONGC,120.50405883789062,143.89999389648438,145.89999389648438,143.14999389648438,145.39999389648438,10325869
2023-02-09,ONGC,122.43012237548828,146.1999969482422,146.39999389648438,143.1999969482422,144.64999389648438,8078404
2023-02-10,ONGC,122.84883880615234,146.6999969482422,147.0,144.8000030517578,146.14999389648438,6396208
2023-02-13,ONGC,124.06306457519531,148.14999389648438,148.8000030517578,146.60000610351562,147.4499969482422,6563018
2023-02-14,ONGC,124.31429290771484,148.4499969482422,149.1999969482422,147.0,148.64999389648438,6991500
2023-02-15,ONGC,123.51876831054688,147.5,149.39999389648438,145.5,149.0,12631259
2023-02-16,ONGC,130.55307006835938,155.89999389648438,156.4499969482422,148.39999389648438,150.0,30949761
2023-02-17,ONGC,131.1392364501953,156.60000610351562,158.8000030517578,154.39999389648438,155.5,19874561
2023-02-20,ONGC,129.67376708984375,154.85000610351562,157.8000030517578,154.39999389648438,157.1999969482422,8348393
2023-02-21,ONGC,129.04571533203125,154.10000610351562,155.89999389648438,153.4499969482422,154.89999389648438,7599927
2023-02-22,ONGC,128.62701416015625,153.60000610351562,154.5,151.6999969482422,154.25,9599697
2023-02-23,ONGC,129.5062713623047,154.64999389648438,156.1999969482422,153.25,153.6999969482422,18675946
2023-02-24,ONGC,133.24574279785156,155.0,155.35000610351562,149.75,151.75,14648507
2023-02-27,ONGC,133.46067810058594,155.25,156.0500030517578,153.0,154.0,11904749
2023-02-28,ONGC,130.70977783203125,152.0500030517578,155.4499969482422,151.1999969482422,154.14999389648438,17607584
2023-03-01,ONGC,133.07382202148438,154.8000030517578,155.10000610351562,151.85000610351562,152.0,7707977
2023-03-02,ONGC,132.4290771484375,154.0500030517578,155.0500030517578,152.64999389648438,154.5,8219892
2023-03-03,ONGC,132.60101318359375,154.25,155.6999969482422,153.4499969482422,154.0,8260104
2023-03-06,ONGC,135.9966583251953,158.1999969482422,159.6999969482422,153.5500030517578,154.6999969482422,14491522
2023-03-08,ONGC,136.0396270751953,158.25,158.85000610351562,156.39999389648438,156.5500030517578,7339476
2023-03-09,ONGC,134.36329650878906,156.3000030517578,159.14999389648438,156.0500030517578,159.0500030517578,5314022
2023-03-10,ONGC,133.93348693847656,155.8000030517578,156.6999969482422,154.1999969482422,155.60000610351562,4689681
2023-03-13,ONGC,133.93348693847656,155.8000030517578,158.0,155.1999969482422,156.1999969482422,8785721
2023-03-14,ONGC,131.78436279296875,153.3000030517578,156.85000610351562,153.0500030517578,155.8000030517578,7177342
2023-03-15,ONGC,131.1396484375,152.5500030517578,154.4499969482422,151.8000030517578,154.0,9832270
2023-03-16,ONGC,130.83872985839844,152.1999969482422,153.39999389648438,148.0,151.1999969482422,18551936
2023-03-17,ONGC,131.6553955078125,153.14999389648438,154.89999389648438,151.9499969482422,153.5,16593429
2023-03-20,ONGC,130.92471313476562,152.3000030517578,154.14999389648438,151.60000610351562,153.0,8749355
2023-03-21,ONGC,130.27996826171875,151.5500030517578,153.75,150.9499969482422,153.14999389648438,6148489
2023-03-22,ONGC,130.27996826171875,151.5500030517578,152.8000030517578,150.85000610351562,152.39999389648438,4329409
2023-03-23,ONGC,131.3545379638672,152.8000030517578,153.14999389648438,150.3000030517578,151.10000610351562,4484564
2023-03-24,ONGC,128.43170166015625,149.39999389648438,153.1999969482422,148.8000030517578,152.6999969482422,8301726
2023-03-27,ONGC,129.1624298095703,150.25,152.4499969482422,149.25,149.5500030517578,7437261
2023-03-28,ONGC,126.5405044555664,147.1999969482422,150.25,146.64999389648438,150.25,8964539
2023-03-29,ONGC,128.38873291015625,149.35000610351562,150.85000610351562,146.5,147.25,24012834
2023-03-31,ONGC,129.8501434326172,151.0500030517578,153.0,150.0500030517578,150.10000610351562,7998472
2023-04-03,ONGC,132.08523559570312,153.64999389648438,157.85000610351562,153.10000610351562,154.5,20016785
2023-04-05,ONGC,131.44049072265625,152.89999389648438,157.35000610351562,152.5500030517578,156.75,15880397
2023-04-06,ONGC,129.46328735351562,150.60000610351562,153.4499969482422,150.39999389648438,153.1999969482422,10670936
2023-04-10,ONGC,135.093994140625,157.14999389648438,157.5,150.0,150.6999969482422,17431401
2023-04-11,ONGC,136.72735595703125,159.0500030517578,159.3000030517578,156.39999389648438,157.10000610351562,13305621
2023-04-12,ONGC,135.52383422851562,157.64999389648438,159.0500030517578,156.60000610351562,159.0,7333339
2023-04-13,ONGC,136.46945190429688,158.75,160.5,158.0,158.14999389648438,11610851
2023-04-17,ONGC,137.67295837402344,160.14999389648438,160.4499969482422,158.0,159.10000610351562,9358885
2023-04-18,ONGC,137.6299591064453,160.10000610351562,160.5500030517578,159.39999389648438,160.14999389648438,8008560
2023-04-19,ONGC,137.6299591064453,160.10000610351562,160.4499969482422,158.0500030517578,158.3000030517578,11374283
2023-04-20,ONGC,136.81329345703125,159.14999389648438,160.10000610351562,158.5,159.60000610351562,5733670
2023-04-21,ONGC,137.2001495361328,159.60000610351562,159.85000610351562,158.6999969482422,158.89999389648438,3512214
2023-04-24,ONGC,137.75892639160156,160.25,160.75,159.3000030517578,159.60000610351562,7028440
2023-04-25,ONGC,138.102783203125,160.64999389648438,161.8000030517578,160.0,160.1999969482422,10169778
2023-04-26,ONGC,138.53260803222656,161.14999389648438,161.60000610351562,159.75,160.0,9177783
2023-04-27,ONGC,137.58700561523438,160.0500030517578,160.89999389648438,159.60000610351562,160.1999969482422,6456825
2023-04-28,ONGC,136.64137268066406,158.9499969482422,159.8000030517578,154.85000610351562,159.8000030517578,12656744
2023-05-02,ONGC,141.19752502441406,164.25,164.8000030517578,159.35000610351562,159.5,16612560
2023-05-03,ONGC,138.53260803222656,161.14999389648438,163.35000610351562,160.85000610351562,162.89999389648438,8029435
2023-05-04,ONGC,138.40367126464844,161.0,161.1999969482422,159.1999969482422,160.8000030517578,9929482
2023-05-05,ONGC,137.80189514160156,160.3000030517578,161.9499969482422,159.6999969482422,161.0500030517578,5488707
2023-05-08,ONGC,141.84226989746094,165.0,165.35000610351562,160.0,160.3000030517578,9699470
2023-05-09,ONGC,142.05718994140625,165.25,166.5,164.39999389648438,165.0,7600834
2023-05-10,ONGC,143.5186004638672,166.9499969482422,167.64999389648438,165.0,165.25,10901429
2023-05-11,ONGC,143.60455322265625,167.0500030517578,168.64999389648438,166.10000610351562,166.10000610351562,7877677
2023-05-12,ONGC,142.27207946777344,165.5,169.0,165.0,168.14999389648438,16373574
2023-05-15,ONGC,142.35806274414062,165.60000610351562,166.60000610351562,164.39999389648438,165.5,8559162
2023-05-16,ONGC,144.42123413085938,168.0,168.5,166.75,168.3000030517578,12249266
2023-05-17,ONGC,143.77647399902344,167.25,168.0,166.10000610351562,168.0,7360259
2023-05-18,ONGC,143.0028076171875,166.35000610351562,168.4499969482422,166.0,167.5,7433090
2023-05-19,ONGC,141.7563018798828,164.89999389648438,166.75,164.0,166.1999969482422,5969632
2023-05-22,ONGC,142.35806274414062,165.60000610351562,166.39999389648438,164.10000610351562,164.10000610351562,7331865
2023-05-23,ONGC,141.84226989746094,165.0,167.0500030517578,164.4499969482422,165.60000610351562,10119254
2023-05-24,ONGC,142.9168243408203,166.25,166.4499969482422,164.64999389648438,165.0,6107980
2023-05-25,ONGC,142.701904296875,166.0,167.39999389648438,165.25,166.25,8077606
2023-05-26,ONGC,140.7677001953125,163.75,167.39999389648438,162.3000030517578,166.0500030517578,14873707
2023-05-29,ONGC,136.68435668945312,159.0,160.25,156.5,160.0,43253971
2023-05-30,ONGC,136.555419921875,158.85000610351562,161.6999969482422,157.25,159.6999969482422,16117505
2023-05-31,ONGC,133.15977478027344,154.89999389648438,159.39999389648438,150.0500030517578,159.0,83741017
2023-06-01,ONGC,132.08523559570312,153.64999389648438,156.0,153.1999969482422,154.6999969482422,13982606
2023-06-02,ONGC,132.9878692626953,154.6999969482422,155.0,153.39999389648438,155.0,9851058
2023-06-05,ONGC,133.589599609375,155.39999389648438,156.0,154.4499969482422,155.5,11850547
2023-06-06,ONGC,132.08523559570312,153.64999389648438,155.89999389648438,153.1999969482422,155.5,8118800
2023-06-07,ONGC,132.25717163085938,153.85000610351562,154.5,152.5500030517578,153.60000610351562,12180164
2023-06-08,ONGC,134.1913604736328,156.10000610351562,156.64999389648438,154.1999969482422,154.5,13850599
2023-06-09,ONGC,132.60101318359375,154.25,156.89999389648438,153.8000030517578,156.6999969482422,11764248
2023-06-12,ONGC,133.2887420654297,155.0500030517578,155.25,152.60000610351562,154.85000610351562,11017643
2023-06-13,ONGC,133.8045196533203,155.64999389648438,156.1999969482422,154.25,155.1999969482422,10073644
2023-06-14,ONGC,135.69578552246094,157.85000610351562,158.39999389648438,155.85000610351562,156.10000610351562,9695952
2023-06-15,ONGC,135.52383422851562,157.64999389648438,157.89999389648438,156.1999969482422,157.5,7426254
2023-06-16,ONGC,134.9650421142578,157.0,158.64999389648438,156.35000610351562,158.25,11466647
2023-06-19,ONGC,135.65277099609375,157.8000030517578,158.4499969482422,156.5,157.89999389648438,4718221
2023-06-20,ONGC,135.1799774169922,157.25,157.8000030517578,156.5500030517578,157.5500030517578,6059738
2023-06-21,ONGC,137.7159423828125,160.1999969482422,160.5500030517578,156.60000610351562,157.0,8284206
2023-06-22,ONGC,136.64137268066406,158.9499969482422,160.9499969482422,157.5,160.1999969482422,10629027
2023-06-23,ONGC,134.8791046142578,156.89999389648438,159.0,155.39999389648438,159.0,8722650
2023-06-26,ONGC,134.8791046142578,156.89999389648438,158.25,155.85000610351562,157.0,4273205
2023-06-27,ONGC,135.69578552246094,157.85000610351562,158.85000610351562,157.35000610351562,158.85000610351562,9730174
2023-06-28,ONGC,136.2975311279297,158.5500030517578,160.14999389648438,156.5500030517578,157.85000610351562,40243993
2023-06-30,ONGC,137.80189514160156,160.3000030517578,161.0,158.9499969482422,161.0,7840112
2023-07-03,ONGC,140.03700256347656,162.89999389648438,163.25,160.0,160.3000030517578,9548822
2023-07-04,ONGC,138.57557678222656,161.1999969482422,162.89999389648438,160.0,162.5,5394282
2023-07-05,ONGC,139.95101928710938,162.8000030517578,164.39999389648438,161.35000610351562,162.0,8795342
2023-07-06,ONGC,142.1861114501953,165.39999389648438,165.8000030517578,162.5500030517578,162.8000030517578,9845699
2023-07-07,ONGC,140.5527801513672,163.5,166.0,162.8000030517578,165.5,7597171
2023-07-10,ONGC,139.9080352783203,162.75,165.39999389648438,162.5,163.89999389648438,5437687
2023-07-11,ONGC,141.49839782714844,164.60000610351562,165.10000610351562,162.89999389648438,163.25,6343183
2023-07-12,ONGC,144.12033081054688,167.64999389648438,169.0,165.25,165.9499969482422,15614026
2023-07-13,ONGC,144.24928283691406,167.8000030517578,169.3000030517578,167.1999969482422,168.64999389648438,11350009
2023-07-14,ONGC,145.49578857421875,169.25,169.75,168.1999969482422,169.0,9448062
2023-07-17,ONGC,143.0457763671875,166.39999389648438,168.39999389648438,166.14999389648438,167.8000030517578,4968847
2023-07-18,ONGC,143.47560119628906,166.89999389648438,168.14999389648438,166.0500030517578,166.39999389648438,4322257
2023-07-19,ONGC,143.34664916992188,166.75,167.9499969482422,166.10000610351562,167.1999969482422,5968174
2023-07-20,ONGC,143.73348999023438,167.1999969482422,168.10000610351562,166.0,167.0,5217131
2023-07-21,ONGC,146.6133270263672,170.5500030517578,171.0,166.5,167.35000610351562,7842863
2023-07-24,ONGC,147.00018310546875,171.0,172.25,170.25,171.64999389648438,8451631
2023-07-25,ONGC,148.71946716308594,173.0,173.35000610351562,171.3000030517578,172.0,10480578
2023-07-26,ONGC,148.67648315429688,172.9499969482422,174.3000030517578,172.0,173.85000610351562,9103949
2023-07-27,ONGC,147.00018310546875,171.0,173.64999389648438,170.6999969482422,173.4499969482422,7731146
2023-07-28,ONGC,147.68788146972656,171.8000030517578,174.9499969482422,168.89999389648438,170.6999969482422,9004252
2023-07-31,ONGC,152.20103454589844,177.0500030517578,177.5,171.39999389648438,172.8000030517578,9277749
2023-08-01,ONGC,151.90016174316406,176.6999969482422,177.0,174.3000030517578,175.3000030517578,5584773
2023-08-02,ONGC,151.2554473876953,175.9499969482422,178.64999389648438,174.0,177.0,8975495
2023-08-03,ONGC,147.94578552246094,172.10000610351562,175.8000030517578,171.5,175.25,6152393
2023-08-04,ONGC,149.0203399658203,173.35000610351562,174.4499969482422,172.10000610351562,173.35000610351562,4605271
2023-08-07,ONGC,148.67648315429688,172.9499969482422,174.5,172.10000610351562,174.3000030517578,2240015
2023-08-08,ONGC,149.0203399658203,173.35000610351562,173.8000030517578,172.60000610351562,172.89999389648438,3631238
2023-08-09,ONGC,152.07208251953125,176.89999389648438,177.25,173.3000030517578,173.35000610351562,4852294
2023-08-10,ONGC,153.5764923095703,178.64999389648438,179.75,176.89999389648438,178.10000610351562,10430692
2023-08-11,ONGC,152.3300018310547,177.1999969482422,179.6999969482422,176.6999969482422,178.89999389648438,4112277
2023-08-14,ONGC,153.01773071289062,178.0,180.4499969482422,177.35000610351562,180.0,12876956
2023-08-16,ONGC,153.92034912109375,179.0500030517578,179.4499969482422,175.8000030517578,176.3000030517578,8371665
2023-08-17,ONGC,152.80282592773438,177.75,179.10000610351562,177.10000610351562,178.6999969482422,5199363
2023-08-18,ONGC,151.1217498779297,175.3000030517578,177.64999389648438,174.14999389648438,177.64999389648438,6734650
2023-08-21,ONGC,151.768310546875,176.0500030517578,176.3000030517578,174.3000030517578,175.3000030517578,3599820
2023-08-22,ONGC,151.85452270507812,176.14999389648438,177.89999389648438,175.60000610351562,176.0500030517578,5348036
2023-08-23,ONGC,151.29415893554688,175.5,177.1999969482422,175.0,177.0,6379611
2023-08-24,ONGC,149.2251739501953,173.10000610351562,176.6999969482422,172.8000030517578,175.5,7976333
2023-08-25,ONGC,150.60452270507812,174.6999969482422,175.25,172.85000610351562,173.10000610351562,4757915
2023-08-28,ONGC,151.03555297851562,175.1999969482422,175.8000030517578,174.5500030517578,175.10000610351562,4354221
2023-08-29,ONGC,151.46656799316406,175.6999969482422,176.10000610351562,174.9499969482422,175.60000610351562,4596468
2023-08-30,ONGC,151.50965881347656,175.75,176.89999389648438,175.0,175.6999969482422,5937955
2023-08-31,ONGC,150.13037109375,174.14999389648438,176.0,173.0500030517578,175.8000030517578,15823452
2023-09-01,ONGC,156.68212890625,181.75,184.75,174.39999389648438,174.39999389648438,22460960
2023-09-04,ONGC,157.7165985107422,182.9499969482422,184.4499969482422,181.8000030517578,183.85000610351562,10998180
2023-09-05,ONGC,157.845947265625,183.10000610351562,186.0,182.39999389648438,183.5,13506519
2023-09-06,ONGC,157.8028564453125,183.0500030517578,186.75,182.35000610351562,184.89999389648438,11954407
2023-09-07,ONGC,156.68212890625,181.75,185.1999969482422,181.0,185.0,11137801
2023-09-08,ONGC,159.0097198486328,184.4499969482422,184.9499969482422,182.0,182.5,9737214
2023-09-11,ONGC,158.10455322265625,183.39999389648438,185.9499969482422,182.3000030517578,185.4499969482422,10845871
2023-09-12,ONGC,155.9493865966797,180.89999389648438,184.89999389648438,180.1999969482422,184.85000610351562,15524470
2023-09-13,ONGC,158.53558349609375,183.89999389648438,184.6999969482422,180.89999389648438,181.89999389648438,10578786
2023-09-14,ONGC,161.98388671875,187.89999389648438,188.89999389648438,184.1999969482422,184.75,17746404
2023-09-15,ONGC,160.90628051757812,186.64999389648438,191.6999969482422,185.60000610351562,191.6999969482422,19924829
2023-09-18,ONGC,160.99252319335938,186.75,187.5,185.10000610351562,185.8000030517578,5022956
2023-09-20,ONGC,162.24252319335938,188.1999969482422,189.5,186.1999969482422,186.4499969482422,12687099
2023-09-21,ONGC,160.9494171142578,186.6999969482422,188.4499969482422,186.0500030517578,188.39999389648438,7814108
2023-09-22,ONGC,159.57009887695312,185.10000610351562,187.6999969482422,185.0,186.60000610351562,7814821
2023-09-25,ONGC,159.9149169921875,185.5,186.6999969482422,185.25,186.0,5540062
2023-09-26,ONGC,161.8545684814453,187.75,188.14999389648438,185.25,186.0,12446655
2023-09-27,ONGC,161.42355346679688,187.25,189.3000030517578,186.3000030517578,189.3000030517578,5630907
2023-09-28,ONGC,161.59597778320312,187.4499969482422,189.5,186.5,188.89999389648438,14890642
2023-09-29,ONGC,165.38909912109375,191.85000610351562,192.25,188.14999389648438,188.5,10085766
2023-10-03,ONGC,159.1390380859375,184.60000610351562,189.3000030517578,183.64999389648438,189.3000030517578,22118500
2023-10-04,ONGC,157.54420471191406,182.75,184.60000610351562,182.10000610351562,184.4499969482422,9360058
2023-10-05,ONGC,157.070068359375,182.1999969482422,184.0,181.0,181.25,11128340
2023-10-06,ONGC,156.42349243164062,181.4499969482422,183.5,180.60000610351562,183.5,5759904
2023-10-09,ONGC,156.63902282714844,181.6999969482422,184.6999969482422,181.25,182.89999389648438,14622727
2023-10-10,ONGC,158.19076538085938,183.5,184.5,182.0500030517578,182.3000030517578,11819690
2023-10-11,ONGC,157.97523498535156,183.25,184.6999969482422,182.75,184.39999389648438,8499601
2023-10-12,ONGC,159.0097198486328,184.4499969482422,184.85000610351562,183.0,183.1999969482422,8677885
2023-10-13,ONGC,159.3976593017578,184.89999389648438,186.25,184.0500030517578,184.5,7435899
2023-10-16,ONGC,160.82009887695312,186.5500030517578,188.1999969482422,186.25,187.9499969482422,12376549
2023-10-17,ONGC,160.5614776611328,186.25,187.0500030517578,185.5500030517578,187.0,4381065
2023-10-18,ONGC,161.16494750976562,186.9499969482422,188.0500030517578,186.0500030517578,188.0,10181113
2023-10-19,ONGC,160.60458374023438,186.3000030517578,186.64999389648438,185.0500030517578,186.0,9148124
2023-10-20,ONGC,160.51837158203125,186.1999969482422,187.3000030517578,185.14999389648438,187.0,7912216
2023-10-23,ONGC,159.3545684814453,184.85000610351562,185.9499969482422,184.1999969482422,185.9499969482422,4723090
2023-10-25,ONGC,158.9235076904297,184.35000610351562,185.85000610351562,183.0,184.85000610351562,6812004
2023-10-26,ONGC,155.9493865966797,180.89999389648438,184.14999389648438,179.89999389648438,183.5,8474867
2023-10-27,ONGC,159.2683563232422,184.75,185.8000030517578,180.3000030517578,181.0,6422123
2023-10-30,ONGC,162.75975036621094,188.8000030517578,189.1999969482422,184.60000610351562,185.0,7352638
2023-10-31,ONGC,160.47525024414062,186.14999389648438,189.8000030517578,184.1999969482422,189.1999969482422,9404675
2023-11-01,ONGC,160.9494171142578,186.6999969482422,188.8000030517578,185.0500030517578,186.14999389648438,9167869
2023-11-02,ONGC,160.51837158203125,186.1999969482422,187.64999389648438,185.75,187.0,11471209
2023-11-03,ONGC,163.79425048828125,190.0,190.64999389648438,185.8000030517578,186.64999389648438,7464912
2023-11-06,ONGC,166.63909912109375,193.3000030517578,194.1999969482422,189.5500030517578,190.1999969482422,8962124
2023-11-07,ONGC,166.55288696289062,193.1999969482422,198.0,192.35000610351562,193.39999389648438,13921916
2023-11-08,ONGC,168.40635681152344,195.35000610351562,196.5500030517578,192.3000030517578,193.6999969482422,10186886
2023-11-09,ONGC,166.121826171875,192.6999969482422,196.6999969482422,192.1999969482422,196.5,5303833
2023-11-10,ONGC,168.8804931640625,195.89999389648438,196.5,192.6999969482422,192.6999969482422,6025889
2023-11-13,ONGC,168.79429626464844,195.8000030517578,197.3000030517578,194.10000610351562,195.89999389648438,11181086
2023-11-15,ONGC,171.98394775390625,199.5,203.0,197.64999389648438,198.5,19769385
2023-11-16,ONGC,173.9667510986328,201.8000030517578,203.39999389648438,201.0,202.5,18629240
2023-11-17,ONGC,169.26841735839844,196.35000610351562,201.25,195.5500030517578,200.85000610351562,13199928
2023-11-20,ONGC,170.56155395507812,197.85000610351562,198.5,197.0,198.0,6423265
2023-11-21,ONGC,169.76243591308594,191.1999969482422,193.9499969482422,191.0,193.0,10720353
2023-11-22,ONGC,169.58489990234375,191.0,191.85000610351562,189.75,191.1999969482422,7538825
2023-11-23,ONGC,169.27410888671875,190.64999389648438,191.75,189.60000610351562,191.0,6541617
2023-11-24,ONGC,167.67593383789062,188.85000610351562,191.85000610351562,188.14999389648438,190.85000610351562,5751331
2023-11-28,ONGC,172.20411682128906,193.9499969482422,194.4499969482422,188.39999389648438,188.85000610351562,9277764
2023-11-29,ONGC,170.47274780273438,192.0,195.5,191.6999969482422,195.5,8791333
2023-11-30,ONGC,173.09197998046875,194.9499969482422,195.64999389648438,192.0500030517578,192.64999389648438,14965403
2023-12-01,ONGC,172.73683166503906,194.5500030517578,198.25,194.25,195.25,9935740
2023-12-04,ONGC,179.3959503173828,202.0500030517578,205.89999389648438,196.0500030517578,196.5,28615290
2023-12-05,ONGC,179.3959503173828,202.0500030517578,203.9499969482422,199.14999389648438,202.1999969482422,14557746
2023-12-06,ONGC,179.30714416503906,201.9499969482422,203.75,199.10000610351562,203.75,12662213
2023-12-07,ONGC,176.59912109375,198.89999389648438,200.89999389648438,196.0500030517578,200.89999389648438,16425880
2023-12-08,ONGC,173.97987365722656,195.9499969482422,200.3000030517578,194.10000610351562,199.85000610351562,10414387
2023-12-11,ONGC,175.62245178222656,197.8000030517578,200.85000610351562,194.25,197.0500030517578,10108266
2023-12-12,ONGC,173.4915313720703,195.39999389648438,197.8000030517578,194.5500030517578,196.9499969482422,10719911
2023-12-13,ONGC,171.49380493164062,193.14999389648438,195.39999389648438,192.0500030517578,195.39999389648438,10892122
2023-12-14,ONGC,173.97987365722656,195.9499969482422,196.3000030517578,193.25,195.89999389648438,15257294
2023-12-15,ONGC,178.508056640625,201.0500030517578,201.9499969482422,196.85000610351562,197.25,22863981
2023-12-18,ONGC,176.6879119873047,199.0,201.64999389648438,197.35000610351562,201.0500030517578,8061011
2023-12-19,ONGC,177.84214782714844,200.3000030517578,203.5500030517578,199.3000030517578,202.0,16739742
2023-12-20,ONGC,180.4169921875,203.1999969482422,212.0,200.9499969482422,201.75,57762576
2023-12-21,ONGC,179.92864990234375,202.64999389648438,206.75,201.1999969482422,203.9499969482422,22823936
2023-12-22,ONGC,181.0828857421875,203.9499969482422,204.5,201.8000030517578,204.0,9910694
2023-12-26,ONGC,184.10166931152344,207.35000610351562,208.5,203.64999389648438,204.5,17052969
2023-12-27,ONGC,182.50350952148438,205.5500030517578,209.89999389648438,204.5,209.5,20361303
2023-12-28,ONGC,184.94517517089844,208.3000030517578,208.89999389648438,205.35000610351562,206.5,22010872
2023-12-29,ONGC,182.0595703125,205.0500030517578,208.0,204.25,208.0,12171663
2024-01-01,ONGC,182.32595825195312,205.35000610351562,207.10000610351562,204.75,206.0,4820168
2024-01-02,ONGC,183.83531188964844,207.0500030517578,210.75,203.64999389648438,205.35000610351562,21141219
2024-01-03,ONGC,184.90078735351562,208.25,210.4499969482422,204.5,205.5,11650902
2024-01-04,ONGC,190.5832061767578,214.64999389648438,215.39999389648438,209.3000030517578,210.5,31054419
2024-01-05,ONGC,192.18138122558594,216.4499969482422,217.5,213.0500030517578,215.4499969482422,20743811
2024-01-08,ONGC,193.51319885253906,217.9499969482422,220.8000030517578,217.10000610351562,218.0,19310595
2024-01-09,ONGC,192.35897827148438,216.64999389648438,221.4499969482422,215.9499969482422,221.0,11951525
2024-01-10,ONGC,188.31912231445312,212.10000610351562,215.0,209.6999969482422,215.0,16500666
2024-01-11,ONGC,188.09715270996094,211.85000610351562,214.0,210.85000610351562,214.0,12586419
2024-01-12,ONGC,198.35214233398438,223.39999389648438,224.75,212.35000610351562,213.8000030517578,39228118
2024-01-15,ONGC,207.31971740722656,233.5,235.4499969482422,224.64999389648438,228.5,57884916
2024-01-16,ONGC,208.74034118652344,235.10000610351562,238.9499969482422,231.10000610351562,234.9499969482422,34505065
2024-01-17,ONGC,206.0323028564453,232.0500030517578,237.25,230.6999969482422,232.1999969482422,26010955
2024-01-18,ONGC,207.36412048339844,233.5500030517578,234.5,224.64999389648438,230.0500030517578,19232183
2024-01-19,ONGC,214.91110229492188,242.0500030517578,242.5500030517578,235.0,236.0,26391844
2024-01-23,ONGC,204.12335205078125,229.89999389648438,245.64999389648438,228.0,245.0,20282617
2024-01-24,ONGC,208.0744171142578,234.35000610351562,235.0,228.10000610351562,231.0,14458601
2024-01-25,ONGC,207.8080596923828,234.0500030517578,237.5,232.8000030517578,235.0,18291957
2024-01-29,ONGC,224.18943786621094,252.5,254.9499969482422,239.10000610351562,241.0,54127939
2024-01-30,ONGC,221.2593994140625,249.1999969482422,263.29998779296875,248.64999389648438,256.5,51491099
2024-01-31,ONGC,223.9674530029297,252.25,254.35000610351562,246.3000030517578,250.4499969482422,33293192
2024-02-01,ONGC,219.88319396972656,247.64999389648438,254.64999389648438,245.4499969482422,254.64999389648438,29758133
2024-02-02,ONGC,228.4068603515625,257.25,260.0,249.0,250.0,30482663
2024-02-05,ONGC,233.46775817871094,262.95001220703125,268.04998779296875,255.10000610351562,260.04998779296875,34001868
2024-02-06,ONGC,241.76942443847656,272.29998779296875,273.3999938964844,260.20001220703125,265.3500061035156,36708949
2024-02-07,ONGC,241.4142608642578,271.8999938964844,275.6499938964844,267.54998779296875,275.0,23756939
2024-02-08,ONGC,242.5241241455078,273.1499938964844,275.6499938964844,269.1000061035156,273.04998779296875,25252940
2024-02-09,ONGC,237.55197143554688,267.54998779296875,275.6499938964844,259.1499938964844,275.0,26743792
2024-02-12,ONGC,228.98397827148438,257.8999938964844,266.6000061035156,256.79998779296875,261.95001220703125,30906374
2024-02-13,ONGC,230.40455627441406,259.5,262.3999938964844,254.6999969482422,258.0,20711842
2024-02-14,ONGC,238.7062530517578,268.8500061035156,269.6499938964844,256.0,258.0,36168962
2024-02-15,ONGC,246.20877075195312,277.29998779296875,279.8500061035156,269.0,271.6499938964844,32831246
2024-02-16,ONGC,247.47007751464844,274.70001220703125,278.0,270.3500061035156,275.1499938964844,27044984
2024-02-19,ONGC,247.42498779296875,274.6499938964844,279.04998779296875,272.3999938964844,274.70001220703125,15322964
2024-02-20,ONGC,249.1817169189453,276.6000061035156,281.1499938964844,274.04998779296875,274.79998779296875,18968785
2024-02-21,ONGC,245.8935089111328,272.95001220703125,281.1000061035156,271.6000061035156,276.0,16340579
2024-02-22,ONGC,247.47007751464844,274.70001220703125,276.0,268.5,273.8500061035156,16791453
2024-02-23,ONGC,245.21786499023438,272.20001220703125,276.0,271.1000061035156,274.8999938964844,9464646
2024-02-26,ONGC,243.100830078125,269.8500061035156,271.8999938964844,267.79998779296875,271.8999938964844,8661999
2024-02-27,ONGC,242.65037536621094,269.3500061035156,270.20001220703125,264.95001220703125,268.04998779296875,19582774
2024-02-28,ONGC,239.40721130371094,265.75,270.29998779296875,264.6000061035156,270.0,9118196
2024-02-29,ONGC,238.37120056152344,264.6000061035156,266.3500061035156,261.5,265.0,17179832
2024-03-01,ONGC,243.7313995361328,270.54998779296875,272.95001220703125,266.5,266.5,12930057
2024-03-04,ONGC,251.52398681640625,279.20001220703125,280.54998779296875,272.5,272.75,22280353
2024-03-05,ONGC,255.62294006347656,283.75,284.95001220703125,276.6499938964844,280.0,18544484
2024-03-06,ONGC,252.4698944091797,280.25,284.29998779296875,273.54998779296875,284.29998779296875,16807149
2024-03-07,ONGC,250.5330047607422,278.1000061035156,284.3500061035156,277.25,280.25,11386963
2024-03-11,ONGC,246.83941650390625,274.0,280.5,273.20001220703125,278.1000061035156,10684598
2024-03-12,ONGC,243.59625244140625,270.3999938964844,275.6000061035156,269.04998779296875,274.0,13780189
2024-03-13,ONGC,230.0381317138672,255.35000610351562,271.0,252.75,270.79998779296875,20079496
2024-03-14,ONGC,237.155029296875,263.25,264.3500061035156,251.1999969482422,252.5,21404057
2024-03-15,ONGC,233.10108947753906,258.75,266.3999938964844,248.89999389648438,263.95001220703125,34961065
2024-03-18,ONGC,235.66859436035156,261.6000061035156,263.04998779296875,257.54998779296875,258.95001220703125,9246173
2024-03-19,ONGC,233.5515594482422,259.25,263.95001220703125,256.6499938964844,262.0,8758348
2024-03-20,ONGC,237.69557189941406,263.8500061035156,264.6000061035156,257.20001220703125,259.45001220703125,10484778
2024-03-21,ONGC,236.88479614257812,262.95001220703125,266.95001220703125,262.3500061035156,264.70001220703125,12163200
2024-03-22,ONGC,237.155029296875,263.25,265.25,258.45001220703125,262.95001220703125,13025089
2024-03-26,ONGC,239.18197631835938,265.5,267.8999938964844,259.29998779296875,261.6499938964844,10830926
2024-03-27,ONGC,235.8037109375,261.75,268.20001220703125,259.6499938964844,265.0,28563001
2024-03-28,ONGC,241.4792022705078,268.04998779296875,271.0,261.95001220703125,262.45001220703125,18888942
2024-04-01,ONGC,243.14584350585938,269.8999938964844,271.5,267.79998779296875,268.04998779296875,6440401
2024-04-02,ONGC,245.48814392089844,272.5,274.04998779296875,269.45001220703125,270.1000061035156,14439120
2024-04-03,ONGC,248.05560302734375,275.3500061035156,279.0,273.8500061035156,275.04998779296875,22600929
2024-04-04,ONGC,242.33506774902344,269.0,278.6499938964844,265.3500061035156,278.6499938964844,24624383
2024-04-05,ONGC,241.38917541503906,267.95001220703125,271.8999938964844,266.5,267.8500061035156,13029904
2024-04-08,ONGC,243.59625244140625,270.3999938964844,272.0,266.6000061035156,267.54998779296875,13011300
2024-04-09,ONGC,242.29000854492188,268.95001220703125,272.6499938964844,268.0,270.0,13173933
2024-04-10,ONGC,245.03768920898438,272.0,273.20001220703125,269.1499938964844,269.95001220703125,11137195
2024-04-12,ONGC,239.3621826171875,265.70001220703125,272.5,265.0,271.8999938964844,21894584
2024-04-15,ONGC,252.1095428466797,279.8500061035156,282.95001220703125,267.1000061035156,269.1000061035156,75063828
2024-04-16,ONGC,255.08241271972656,283.1499938964844,292.54998779296875,275.25,277.0,79082544
2024-04-18,ONGC,246.9745635986328,274.1499938964844,287.70001220703125,273.3500061035156,286.0,34136482
2024-04-19,ONGC,247.9654998779297,275.25,280.79998779296875,274.1000061035156,276.75,32658724
2024-04-22,ONGC,249.3618927001953,276.79998779296875,278.0,273.75,277.29998779296875,14184019
2024-04-23,ONGC,249.3618927001953,276.79998779296875,278.75,275.54998779296875,276.8500061035156,8799147
2024-04-24,ONGC,251.6591033935547,279.3500061035156,280.3999938964844,276.29998779296875,277.6000061035156,9253985
2024-04-25,ONGC,254.0013885498047,281.95001220703125,282.6000061035156,278.0,279.3500061035156,17050557
2024-04-26,ONGC,254.85719299316406,282.8999938964844,286.1499938964844,282.20001220703125,283.0,11070290
2024-04-29,ONGC,255.12745666503906,283.20001220703125,285.25,282.1499938964844,283.95001220703125,8952420
2024-04-30,ONGC,254.81214904785156,282.8500061035156,286.3500061035156,281.45001220703125,284.5,10658906
2024-05-02,ONGC,254.7671356201172,282.79998779296875,284.6000061035156,279.04998779296875,281.0,15677336
2024-05-03,ONGC,257.7400207519531,286.1000061035156,292.95001220703125,284.0,284.0,28913016
2024-05-06,ONGC,254.18154907226562,282.1499938964844,288.75,275.25,288.70001220703125,15491865
2024-05-07,ONGC,246.47909545898438,273.6000061035156,285.0,272.0,283.8999938964844,13179001
2024-05-08,ONGC,249.4069061279297,276.8500061035156,280.25,272.3500061035156,273.5,12797721
2024-05-09,ONGC,238.95680236816406,265.25,278.54998779296875,263.20001220703125,277.25,14869187
2024-05-10,ONGC,243.4611358642578,270.25,271.20001220703125,264.45001220703125,267.0,9530738
2024-05-13,ONGC,240.44320678710938,266.8999938964844,271.8999938964844,262.04998779296875,271.8999938964844,7163239
2024-05-14,ONGC,245.8484344482422,272.8999938964844,274.6499938964844,266.45001220703125,267.95001220703125,9123849
2024-05-15,ONGC,246.34396362304688,273.45001220703125,276.0,272.5,274.5,6368662
2024-05-16,ONGC,250.12759399414062,277.6499938964844,279.3500061035156,273.79998779296875,276.0,23757779
2024-05-17,ONGC,249.94747924804688,277.45001220703125,283.3999938964844,276.6000061035156,278.79998779296875,11529157
2024-05-21,ONGC,252.33477783203125,280.1000061035156,284.0,278.3500061035156,281.1000061035156,17559555
2024-05-22,ONGC,250.44293212890625,278.0,284.0,276.8999938964844,284.0,17935064
2024-05-23,ONGC,255.35264587402344,283.45001220703125,284.54998779296875,279.1000061035156,279.95001220703125,17719819
2024-05-24,ONGC,255.17251586914062,283.25,285.95001220703125,281.8500061035156,284.0,11041667
2024-05-27,ONGC,250.12759399414062,277.6499938964844,284.20001220703125,275.70001220703125,284.0,13719808
2024-05-28,ONGC,247.1096954345703,274.29998779296875,279.29998779296875,273.04998779296875,279.29998779296875,6927361
2024-05-29,ONGC,244.9025421142578,271.8500061035156,273.79998779296875,270.25,273.79998779296875,8327205
2024-05-30,ONGC,240.2630615234375,266.70001220703125,275.1000061035156,265.0,273.0,15390964
2024-05-31,ONGC,238.14599609375,264.3500061035156,268.45001220703125,263.0,268.45001220703125,24167379
2024-06-03,ONGC,255.93824768066406,284.1000061035156,286.54998779296875,273.20001220703125,277.95001220703125,30195397
2024-06-04,ONGC,212.87649536132812,236.3000030517578,285.0,223.0,285.0,72779900
2024-06-05,ONGC,222.96627807617188,247.5,249.75,230.4499969482422,247.0,37078551
2024-06-06,ONGC,227.29046630859375,252.3000030517578,259.5,249.25,254.0,30881233
2024-06-07,ONGC,234.58755493164062,260.3999938964844,260.79998779296875,251.8000030517578,253.5,22010688
2024-06-10,ONGC,233.46145629882812,259.1499938964844,264.0,258.04998779296875,264.0,14138524
2024-06-11,ONGC,246.4340057373047,273.54998779296875,275.0,265.25,266.8500061035156,47270206
2024-06-12,ONGC,248.19078063964844,275.5,279.1000061035156,274.6000061035156,278.0,20560662
2024-06-13,ONGC,249.13665771484375,276.54998779296875,278.0,272.5,278.0,16013386
2024-06-14,ONGC,248.1006622314453,275.3999938964844,278.20001220703125,274.6000061035156,277.0,10642648
2024-06-18,ONGC,248.46099853515625,275.79998779296875,279.0,274.0,278.95001220703125,17044769
2024-06-19,ONGC,244.63226318359375,271.54998779296875,276.6000061035156,271.1000061035156,275.8999938964844,13361607
2024-06-20,ONGC,244.9025421142578,271.8500061035156,274.0,269.1000061035156,271.79998779296875,12826509
2024-06-21,ONGC,242.92062377929688,269.6499938964844,274.75,268.8999938964844,271.45001220703125,17406416
2024-06-24,ONGC,243.14584350585938,269.8999938964844,271.25,266.6000061035156,269.6499938964844,7282347
2024-06-25,ONGC,240.5333251953125,267.0,270.79998779296875,265.0,270.1000061035156,14425434
2024-06-26,ONGC,241.20895385742188,267.75,269.1499938964844,264.1000061035156,266.8999938964844,10650910
2024-06-27,ONGC,240.98374938964844,267.5,268.1000061035156,263.5,267.3999938964844,22830930
2024-06-28,ONGC,247.01962280273438,274.20001220703125,275.45001220703125,268.3500061035156,269.0,19532912
2024-07-01,ONGC,245.8935089111328,272.95001220703125,275.79998779296875,271.6000061035156,275.0,11750972
2024-07-02,ONGC,247.6051788330078,274.8500061035156,279.79998779296875,271.5,273.20001220703125,24470518
2024-07-03,ONGC,247.47007751464844,274.70001220703125,277.70001220703125,274.0,276.0,9125400
2024-07-04,ONGC,249.5870819091797,277.04998779296875,278.8999938964844,273.04998779296875,275.0,13444669
2024-07-05,ONGC,259.6318359375,288.20001220703125,289.29998779296875,276.5,277.25,39781962
2024-07-08,ONGC,269.4964294433594,299.1499938964844,303.0,287.3500061035156,290.0,53136198
2024-07-09,ONGC,267.96490478515625,297.45001220703125,301.8500061035156,293.3500061035156,300.79998779296875,18686252
2024-07-10,ONGC,268.59552001953125,298.1499938964844,299.79998779296875,288.8500061035156,299.70001220703125,19278800
2024-07-11,ONGC,274.5412902832031,304.75,307.20001220703125,295.1499938964844,300.0,36020507
2024-07-12,ONGC,276.6583557128906,307.1000061035156,311.75,304.20001220703125,306.79998779296875,31788101
2024-07-15,ONGC,290.5318298339844,322.5,323.6499938964844,308.6499938964844,311.79998779296875,51435537
2024-07-16,ONGC,290.6669006347656,322.6499938964844,327.6000061035156,319.75,323.6000061035156,37468292
2024-07-18,ONGC,298.81988525390625,331.70001220703125,333.29998779296875,321.6499938964844,325.1000061035156,48189915
2024-07-19,ONGC,287.9643249511719,319.6499938964844,333.20001220703125,318.04998779296875,333.0,26579496
2024-07-22,ONGC,289.00030517578125,320.79998779296875,323.3500061035156,314.5,320.0,22234557
2024-07-23,ONGC,283.009521484375,314.1499938964844,321.3999938964844,297.3999938964844,320.04998779296875,37871058
2024-07-24,ONGC,287.874267578125,319.54998779296875,325.75,312.1000061035156,313.04998779296875,28259305
2024-07-25,ONGC,302.513427734375,335.79998779296875,337.54998779296875,316.1000061035156,318.04998779296875,42054664
2024-07-26,ONGC,298.7297668457031,331.6000061035156,338.5,330.1000061035156,336.5,25703985
2024-07-29,ONGC,299.90087890625,332.8999938964844,339.54998779296875,330.75,333.79998779296875,26721790
2024-07-30,ONGC,299.0000305175781,331.8999938964844,338.25,331.0,332.0,19792253
2024-07-31,ONGC,301.0720520019531,334.20001220703125,337.45001220703125,329.75,332.04998779296875,21393361
2024-08-01,ONGC,307.8736572265625,341.75,344.70001220703125,337.1499938964844,337.79998779296875,36044960
2024-08-02,ONGC,297.37847900390625,330.1000061035156,338.0,328.6499938964844,338.0,22939377
2024-08-05,ONGC,279.49615478515625,310.25,323.29998779296875,306.0,320.3500061035156,37986023
2024-08-06,ONGC,275.7574768066406,306.1000061035156,322.45001220703125,305.1499938964844,314.79998779296875,28386636
2024-08-07,ONGC,296.4775695800781,329.1000061035156,330.95001220703125,312.0,312.3999938964844,66110716
2024-08-08,ONGC,290.7120056152344,322.70001220703125,329.0,321.70001220703125,329.0,23478224
2024-08-09,ONGC,299.5855712890625,332.54998779296875,335.8500061035156,328.20001220703125,333.95001220703125,29814474
2024-08-12,ONGC,307.4682312011719,341.29998779296875,344.70001220703125,329.8999938964844,332.75,34754596
2024-08-13,ONGC,302.6034851074219,335.8999938964844,345.0,332.95001220703125,344.1000061035156,28943385
2024-08-14,ONGC,295.62176513671875,328.1499938964844,336.5,326.79998779296875,335.8500061035156,17812763
2024-08-16,ONGC,296.92803955078125,329.6000061035156,335.75,328.6499938964844,332.54998779296875,16584396
2024-08-19,ONGC,302.06298828125,335.29998779296875,338.75,333.54998779296875,335.0,19636518
2024-08-20,ONGC,297.37847900390625,330.1000061035156,336.0,328.04998779296875,335.8500061035156,14972714
2024-08-21,ONGC,295.21636962890625,327.70001220703125,331.5,326.5,330.6499938964844,11835143
2024-08-22,ONGC,292.1983947753906,324.3500061035156,330.5,323.6000061035156,328.54998779296875,13387819
2024-08-23,ONGC,289.52020263671875,318.8999938964844,324.79998779296875,317.54998779296875,324.3999938964844,13229612
2024-08-26,ONGC,297.6456298828125,327.8500061035156,329.1000061035156,322.79998779296875,323.5,21346682
2024-08-27,ONGC,298.5534973144531,328.8500061035156,332.54998779296875,326.0,329.3999938964844,20165503
2024-08-28,ONGC,297.6002502441406,327.79998779296875,330.29998779296875,324.6499938964844,328.6499938964844,12446738
2024-08-29,ONGC,299.2344665527344,329.6000061035156,330.1499938964844,324.95001220703125,326.1000061035156,13799961
2024-08-30,ONGC,300.2784729003906,330.75,334.3999938964844,329.54998779296875,330.45001220703125,19666466
2024-09-02,ONGC,296.1476745605469,326.20001220703125,331.95001220703125,325.79998779296875,330.0,8975511
2024-09-03,ONGC,292.51617431640625,322.20001220703125,328.0,321.6499938964844,327.0,10321111
2024-09-04,ONGC,285.43475341796875,314.3999938964844,316.20001220703125,308.3999938964844,315.0,25397204
2024-09-05,ONGC,282.7111511230469,311.3999938964844,316.95001220703125,310.1499938964844,316.95001220703125,15571640
2024-09-06,ONGC,280.3507080078125,308.79998779296875,313.1499938964844,303.70001220703125,311.5,27946491
2024-09-09,ONGC,271.3627624511719,298.8999938964844,308.70001220703125,294.6499938964844,308.70001220703125,30369085
2024-09-10,ONGC,268.3668212890625,295.6000061035156,301.5,295.0,300.1000061035156,15618589
2024-09-11,ONGC,259.0157165527344,285.29998779296875,292.3999938964844,283.25,292.3999938964844,44826300
2024-09-12,ONGC,266.9595642089844,294.04998779296875,294.75,286.5,288.0,21964895
2024-09-13,ONGC,264.5991516113281,291.45001220703125,297.25,291.04998779296875,295.70001220703125,13672371
2024-09-16,ONGC,265.5523986816406,292.5,295.3999938964844,291.3500061035156,294.79998779296875,10971110
2024-09-17,ONGC,267.50433349609375,294.6499938964844,296.6000061035156,292.1499938964844,293.70001220703125,11873436
2024-09-18,ONGC,263.6458435058594,290.3999938964844,297.79998779296875,287.8999938964844,297.6000061035156,13421760
2024-09-19,ONGC,258.9703369140625,285.25,289.20001220703125,282.5,287.3999938964844,17067311
2024-09-20,ONGC,259.8782043457031,286.25,289.04998779296875,285.20001220703125,287.0,16585530
2024-09-23,ONGC,268.23065185546875,295.45001220703125,296.3999938964844,287.54998779296875,288.3999938964844,14621229
2024-09-24,ONGC,271.86212158203125,299.45001220703125,302.0,294.70001220703125,296.29998779296875,16986759
2024-09-25,ONGC,271.18121337890625,298.70001220703125,301.20001220703125,296.70001220703125,299.45001220703125,10609614
2024-09-26,ONGC,268.003662109375,295.20001220703125,298.70001220703125,291.5,297.04998779296875,27812412
2024-09-27,ONGC,269.81939697265625,297.20001220703125,298.45001220703125,289.70001220703125,292.70001220703125,35706130
2024-09-30,ONGC,270.1825866699219,297.6000061035156,301.79998779296875,293.75,297.0,16294341
2024-10-01,ONGC,265.0530700683594,291.95001220703125,299.1499938964844,290.70001220703125,297.0,10919818
2024-10-03,ONGC,265.1438293457031,292.04998779296875,298.0,290.54998779296875,295.0,28124665
2024-10-04,ONGC,268.0490417480469,295.25,299.70001220703125,293.20001220703125,297.0,23104209
2024-10-07,ONGC,262.783447265625,289.45001220703125,296.29998779296875,281.5,296.0,20917962
2024-10-08,ONGC,266.4148864746094,293.45001220703125,293.8999938964844,280.54998779296875,288.1499938964844,10572360
2024-10-09,ONGC,261.9208984375,288.5,291.8999938964844,286.8500061035156,291.25,13147475
2024-10-10,ONGC,262.1478576660156,288.75,292.1499938964844,287.54998779296875,288.70001220703125,7237212
2024-10-11,ONGC,265.5977478027344,292.54998779296875,293.6499938964844,289.5,291.29998779296875,7011704
2024-10-14,ONGC,260.1051940917969,286.5,292.8999938964844,285.1499938964844,292.70001220703125,12690951
2024-10-15,ONGC,257.5631408691406,283.70001220703125,286.3999938964844,280.8500061035156,286.3999938964844,15087155
2024-10-16,ONGC,259.10650634765625,285.3999938964844,287.25,280.6499938964844,283.0,18188885
2024-10-17,ONGC,255.6565704345703,281.6000061035156,287.6000061035156,280.95001220703125,285.0,13343303
2024-10-18,ONGC,257.199951171875,283.29998779296875,284.5,279.20001220703125,282.0,14028398
2024-10-21,ONGC,251.1172637939453,276.6000061035156,284.0,274.54998779296875,281.1499938964844,10299773
2024-10-22,ONGC,245.85157775878906,270.79998779296875,278.1499938964844,270.0,278.0,10028511
2024-10-23,ONGC,245.89695739746094,270.8500061035156,274.3999938964844,265.04998779296875,270.0,18823321
2024-10-24,ONGC,244.30821228027344,269.1000061035156,272.45001220703125,268.3500061035156,271.8999938964844,7488521
2024-10-25,ONGC,239.7234344482422,264.04998779296875,270.29998779296875,261.6000061035156,270.0,12961181
2024-10-28,ONGC,239.08792114257812,263.3500061035156,265.04998779296875,255.3000030517578,260.6499938964844,13835091
2024-10-29,ONGC,240.58595275878906,265.0,265.54998779296875,259.3999938964844,263.3500061035156,9122757
2024-10-30,ONGC,237.54452514648438,261.6499938964844,266.20001220703125,261.04998779296875,265.0,11166643
2024-10-31,ONGC,241.62998962402344,266.1499938964844,268.29998779296875,261.1499938964844,263.3999938964844,16173656
2024-11-01,ONGC,246.71408081054688,271.75,274.0,268.6499938964844,269.79998779296875,2955757
2024-11-04,ONGC,240.8582763671875,265.29998779296875,274.3500061035156,260.1499938964844,274.0,14355959
2024-11-05,ONGC,242.7648162841797,267.3999938964844,268.6000061035156,263.6000061035156,265.20001220703125,11676017
2024-11-06,ONGC,244.26283264160156,269.04998779296875,270.6000061035156,264.3999938964844,267.70001220703125,19244545
2024-11-07,ONGC,240.76748657226562,265.20001220703125,270.5,264.79998779296875,270.5,6766663
2024-11-08,ONGC,238.3616485595703,262.54998779296875,266.5,259.6499938964844,265.95001220703125,7836093
2024-11-11,ONGC,233.23216247558594,256.8999938964844,262.3500061035156,256.0,262.3500061035156,8450657
2024-11-12,ONGC,232.55126953125,256.1499938964844,263.20001220703125,255.39999389648438,260.8500061035156,22445400
2024-11-13,ONGC,229.28294372558594,252.5500030517578,256.95001220703125,249.0,256.1499938964844,17483332
2024-11-14,ONGC,227.6941680908203,250.8000030517578,254.3000030517578,249.0,252.5500030517578,12454540
2024-11-18,ONGC,227.5579833984375,250.64999389648438,252.10000610351562,247.10000610351562,251.10000610351562,14636541
2024-11-19,ONGC,230.67393493652344,248.0,255.39999389648438,247.10000610351562,250.0,17397559
2024-11-21,ONGC,225.2326202392578,242.14999389648438,248.0,240.8000030517578,248.0,16189440
2024-11-22,ONGC,228.44161987304688,245.60000610351562,246.9499969482422,243.5,244.8000030517578,9637581
2024-11-25,ONGC,239.8822784423828,257.8999938964844,260.5,247.9499969482422,248.5,31973671
2024-11-26,ONGC,236.48728942871094,254.25,258.25,252.5500030517578,256.95001220703125,9242451
2024-11-27,ONGC,236.5338134765625,254.3000030517578,255.5,250.5500030517578,255.0,11689970
2024-11-28,ONGC,234.58050537109375,252.1999969482422,257.3999938964844,251.1999969482422,255.0,14202863
2024-11-29,ONGC,238.76612854003906,256.70001220703125,258.6499938964844,252.25,253.8000030517578,11476347
2024-12-02,ONGC,239.55673217773438,257.54998779296875,258.29998779296875,252.6999969482422,255.5,13677959
2024-12-03,ONGC,244.02142333984375,262.3500061035156,264.70001220703125,258.8500061035156,260.3999938964844,15345326
2024-12-04,ONGC,242.48667907714844,260.70001220703125,264.29998779296875,260.0,263.8500061035156,10713838
2024-12-05,ONGC,243.04473876953125,261.29998779296875,263.25,256.8999938964844,260.70001220703125,12896743
2024-12-06,ONGC,241.882080078125,260.04998779296875,263.0,259.54998779296875,260.79998779296875,8783386
2024-12-09,ONGC,240.81243896484375,258.8999938964844,261.3500061035156,257.70001220703125,260.04998779296875,6800856
2024-12-10,ONGC,238.9521484375,256.8999938964844,258.75,254.5,257.6499938964844,11318782
2024-12-11,ONGC,238.67312622070312,256.6000061035156,258.70001220703125,255.64999389648438,257.5,5353032
2024-12-12,ONGC,236.30126953125,254.0500030517578,258.6000061035156,253.60000610351562,258.0,7123877
2024-12-13,ONGC,236.48728942871094,254.25,256.79998779296875,249.5,253.0,11143128
2024-12-16,ONGC,234.20846557617188,251.8000030517578,256.29998779296875,251.1999969482422,254.0,7283872
2024-12-17,ONGC,230.1158447265625,247.39999389648438,252.4499969482422,246.5,251.75,10066884
2024-12-18,ONGC,227.09291076660156,244.14999389648438,247.5,243.39999389648438,247.39999389648438,8430930
2024-12-19,ONGC,224.95359802246094,241.85000610351562,243.9499969482422,238.5500030517578,240.0,9518542
2024-12-20,ONGC,220.53546142578125,237.10000610351562,244.14999389648438,235.3000030517578,241.5,15556528
2024-12-23,ONGC,224.02346801757812,240.85000610351562,242.3000030517578,236.85000610351562,238.25,7722901
2024-12-24,ONGC,222.2561798095703,238.9499969482422,243.25,238.60000610351562,241.0,3577400
2024-12-26,ONGC,223.46536254882812,240.25,242.0,239.0,240.0,6330006
2024-12-27,ONGC,220.3494110107422,236.89999389648438,241.0,236.3000030517578,240.0,6487888
2024-12-30,ONGC,216.39633178710938,232.64999389648438,237.0,231.14999389648438,236.0500030517578,19401112
2024-12-31,ONGC,222.53524780273438,239.25,239.89999389648438,232.35000610351562,232.64999389648438,12004845
2025-01-01,ONGC,220.39593505859375,236.9499969482422,239.24000549316406,236.35000610351562,237.80999755859375,9418453
2025-01-02,ONGC,228.8787841796875,246.07000732421875,246.77999877929688,237.0,237.0500030517578,19745810
2025-01-03,ONGC,240.80313110351562,258.8900146484375,262.75,247.99000549316406,248.4499969482422,49760410
2025-01-06,ONGC,236.58961486816406,254.36000061035156,259.5,251.4499969482422,259.1099853515625,19265884
2025-01-07,ONGC,245.08172607421875,263.489990234375,267.3999938964844,258.04998779296875,259.1499938964844,52956766
2025-01-08,ONGC,252.37400817871094,271.3299865722656,273.5,265.75,266.45001220703125,42237794
2025-01-09,ONGC,244.7934112548828,263.17999267578125,272.5899963378906,261.7099914550781,272.0299987792969,14706472
2025-01-10,ONGC,244.6445770263672,263.0199890136719,266.5,258.4700012207031,264.0,13053552
2025-01-13,ONGC,237.8638916015625,255.72999572753906,268.6000061035156,254.61000061035156,266.0299987792969,20416370
2025-01-14,ONGC,242.17971801757812,260.3699951171875,262.0,256.82000732421875,257.5199890136719,8470150
2025-01-15,ONGC,240.14271545410156,258.17999267578125,264.4700012207031,257.69000244140625,260.8999938964844,9344731
2025-01-16,ONGC,244.7934112548828,263.17999267578125,265.6300048828125,260.0,260.0,14195450
2025-01-17,ONGC,247.9466094970703,266.57000732421875,267.0,261.29998779296875,262.0,12148143
2025-01-20,ONGC,250.54164123535156,269.3599853515625,270.4700012207031,265.010009765625,268.1000061035156,9676264
2025-01-21,ONGC,247.23036193847656,265.79998779296875,269.3500061035156,264.80999755859375,268.04998779296875,8989218
2025-01-22,ONGC,245.60260009765625,264.04998779296875,266.3900146484375,261.7099914550781,266.0,7919682
2025-01-23,ONGC,244.6724853515625,263.04998779296875,263.8299865722656,261.1700134277344,263.0,5026675
2025-01-24,ONGC,238.5894012451172,256.510009765625,265.6400146484375,255.75,262.989990234375,6306281
2025-01-27,ONGC,233.2597198486328,250.77999877929688,256.44000244140625,249.50999450683594,255.0,6944911
2025-01-28,ONGC,231.30641174316406,248.67999267578125,252.39999389648438,246.7100067138672,250.0,8029472
2025-01-29,ONGC,233.83639526367188,251.39999389648438,252.0,247.0,248.89999389648438,5651586
2025-01-30,ONGC,238.7847137451172,256.7200012207031,259.3999938964844,250.94000244140625,252.0,12588155
2025-01-31,ONGC,244.26321411132812,262.6099853515625,263.489990234375,255.2100067138672,257.010009765625,8850307
2025-02-01,ONGC,239.55673217773438,257.54998779296875,262.5,253.75,259.54998779296875,10921673
2025-02-03,ONGC,231.6040802001953,249.0,256.3500061035156,244.85000610351562,255.60000610351562,25719512
2025-02-04,ONGC,236.3477783203125,254.10000610351562,257.5,252.0,252.39999389648438,8402532
2025-02-05,ONGC,243.37026977539062,261.6499938964844,263.0,257.75,259.0,11590755
2025-02-06,ONGC,238.25454711914062,256.1499938964844,262.95001220703125,254.3000030517578,262.6499938964844,12327998
2025-02-07,ONGC,236.12008666992188,248.89999389648438,253.85000610351562,247.5,252.9499969482422,10098454
2025-02-10,ONGC,230.00125122070312,242.4499969482422,249.60000610351562,241.8000030517578,248.9499969482422,7582536
2025-02-11,ONGC,226.6809539794922,238.9499969482422,242.4499969482422,236.8000030517578,242.4499969482422,6711630
2025-02-12,ONGC,225.21054077148438,237.39999389648438,241.25,234.14999389648438,239.0,5985956
2025-02-13,ONGC,222.88633728027344,234.9499969482422,239.4499969482422,234.1999969482422,238.5,10079210
2025-02-14,ONGC,218.6648406982422,230.5,237.9499969482422,226.75,235.0,8065352
2025-02-17,ONGC,221.65309143066406,233.64999389648438,234.3000030517578,225.0500030517578,230.1999969482422,6692422
2025-02-18,ONGC,224.45162963867188,236.60000610351562,237.14999389648438,229.5500030517578,232.1999969482422,6170974
2025-02-19,ONGC,226.06434631347656,238.3000030517578,238.8000030517578,234.5,236.0,6168581
2025-02-20,ONGC,229.4794921875,241.89999389648438,242.64999389648438,236.5,236.8000030517578,8929816
2025-02-21,ONGC,227.58218383789062,239.89999389648438,243.0500030517578,238.10000610351562,241.89999389648438,5697387
2025-02-24,ONGC,222.31716918945312,234.35000610351562,237.9499969482422,234.0,236.3000030517578,6883143
2025-02-25,ONGC,221.03646850585938,233.0,236.6999969482422,232.5500030517578,235.0,5519036
2025-02-27,ONGC,219.13917541503906,231.0,233.85000610351562,228.5,233.5,9664032
2025-02-28,ONGC,213.6844024658203,225.25,230.5,223.14999389648438,230.0,17237276
2025-03-03,ONGC,213.57057189941406,225.1300048828125,226.0,218.36000061035156,224.75,11928529
2025-03-04,ONGC,215.1168670654297,226.75999450683594,227.75,215.47999572753906,220.10000610351562,12428265
2025-03-05,ONGC,217.18492126464844,228.94000244140625,231.25,226.75999450683594,227.1199951171875,7466729
2025-03-06,ONGC,220.65701293945312,232.60000610351562,233.57000732421875,226.7100067138672,231.49000549316406,10439208
2025-03-07,ONGC,220.93212890625,232.88999938964844,236.47000122070312,231.1699981689453,232.60000610351562,9079049
2025-03-10,ONGC,211.7301788330078,223.19000244140625,235.0,222.47999572753906,232.88999938964844,16489167
2025-03-11,ONGC,215.0789337158203,226.72000122070312,227.25999450683594,220.10000610351562,220.89999389648438,10941588
2025-03-12,ONGC,212.87803649902344,224.39999389648438,228.83999633789062,222.36000061035156,227.10000610351562,6994310
2025-03-13,ONGC,213.8551483154297,225.42999267578125,230.39999389648438,224.8699951171875,228.14999389648438,16105085
2025-03-17,ONGC,217.94386291503906,229.74000549316406,230.4499969482422,226.24000549316406,226.52000427246094,8788971
2025-03-18,ONGC,217.94386291503906,229.74000549316406,229.74000549316406,229.74000549316406,229.74000549316406,0
2025-03-19,ONGC,220.62855529785156,232.57000732421875,235.13999938964844,231.60000610351562,232.5,8626593
2025-03-20,ONGC,223.4934844970703,235.58999633789062,237.0399932861328,232.00999450683594,233.47999572753906,18955995
2025-03-21,ONGC,229.97279357910156,242.4199981689453,248.0,235.8000030517578,235.8000030517578,29285333
2025-03-24,ONGC,231.31040954589844,243.8300018310547,246.39999389648438,242.75,244.19000244140625,10566066
2025-03-25,ONGC,229.81153869628906,242.25,245.3699951171875,240.5500030517578,244.00999450683594,8915800
2025-03-26,ONGC,227.41143798828125,239.72000122070312,244.5,239.3699951171875,243.35000610351562,7543985
2025-03-27,ONGC,229.7356414794922,242.1699981689453,243.39999389648438,238.64999389648438,238.8699951171875,9935664
2025-03-28,ONGC,233.72947692871094,246.3800048828125,254.89999389648438,243.25999450683594,243.44000244140625,32905564
2025-04-01,ONGC,235.33270263671875,248.07000732421875,252.1999969482422,246.6999969482422,247.0,11258957
2025-04-02,ONGC,237.770751953125,250.63999938964844,251.5,248.0,250.0500030517578,15337906
2025-04-03,ONGC,230.8170928955078,243.30999755859375,249.6199951171875,242.50999450683594,248.0,11141370
2025-04-04,ONGC,214.40536499023438,226.00999450683594,241.2100067138672,224.1999969482422,240.55999755859375,38336194
2025-04-07,ONGC,208.55218505859375,219.83999633789062,220.8000030517578,205.0,208.0,27024128
2025-04-08,ONGC,215.0220184326172,226.66000366210938,227.24000549316406,219.17999267578125,223.0,11309092
2025-04-09,ONGC,210.5443572998047,221.94000244140625,224.05999755859375,220.25999450683594,222.0,16889575
2025-04-11,ONGC,218.54150390625,230.3699951171875,231.39999389648438,225.25,228.3000030517578,13886447
2025-04-15,ONGC,220.7423858642578,232.69000244140625,234.0,230.10000610351562,234.0,12102239
2025-04-16,ONGC,228.8344268798828,241.22000122070312,242.0,231.72000122070312,232.69000244140625,18748952
2025-04-17,ONGC,230.9878692626953,243.49000549316406,244.61000061035156,239.25999450683594,241.0,12891813
2025-04-21,ONGC,236.95489501953125,249.77999877929688,250.5500030517578,241.75,244.00999450683594,11698653
2025-04-22,ONGC,235.05758666992188,247.77999877929688,250.60000610351562,247.25999450683594,248.97000122070312,9896443
2025-04-23,ONGC,239.22216796875,252.1699981689453,252.75,244.9199981689453,248.74000549316406,16555874
2025-04-24,ONGC,236.56594848632812,249.3699951171875,251.3699951171875,248.0,250.0,6538518
2025-04-25,ONGC,233.6820526123047,246.3300018310547,250.67999267578125,244.39999389648438,249.0,15616265
2025-04-28,ONGC,237.7327880859375,250.60000610351562,251.9499969482422,244.3800048828125,246.0,7669983
2025-04-29,ONGC,233.06539916992188,245.67999267578125,252.10000610351562,245.10000610351562,251.24000549316406,8030552
2025-04-30,ONGC,231.8985595703125,244.4499969482422,247.44000244140625,242.22000122070312,245.5,9822483
2025-05-02,ONGC,230.2763671875,242.74000549316406,246.27000427246094,239.0,241.0,10203190
2025-05-05,ONGC,226.91812133789062,239.1999969482422,241.14999389648438,234.5,240.0,20086323
2025-05-06,ONGC,224.8311004638672,237.0,242.99000549316406,236.0,241.1300048828125,11350559
2025-05-07,ONGC,226.41534423828125,238.6699981689453,240.08999633789062,232.07000732421875,232.3000030517578,16689539
2025-05-08,ONGC,221.24517822265625,233.22000122070312,239.33999633789062,231.39999389648438,237.66000366210938,15026122
2025-05-09,ONGC,222.89584350585938,234.9600067138672,235.3000030517578,228.4499969482422,229.10000610351562,11184507
2025-05-12,ONGC,231.4906463623047,244.02000427246094,244.60000610351562,238.11000061035156,239.0,11374237
2025-05-13,ONGC,228.77748107910156,241.16000366210938,245.2899932861328,240.2899932861328,244.14999389648438,9336026
2025-05-14,ONGC,233.37844848632812,246.00999450683594,246.89999389648438,241.16000366210938,241.16000366210938,8234859
2025-05-15,ONGC,234.8963165283203,247.61000061035156,248.9199981689453,242.3000030517578,244.9499969482422,16812750
2025-05-16,ONGC,234.5737762451172,247.27000427246094,249.38999938964844,246.1999969482422,247.05999755859375,8030229
2025-05-19,ONGC,233.91920471191406,246.5800018310547,249.4499969482422,244.91000366210938,248.0,8043270
2025-05-20,ONGC,236.4615936279297,249.25999450683594,252.6999969482422,246.7899932861328,246.7899932861328,13183059
2025-05-21,ONGC,235.91136169433594,248.67999267578125,251.9499969482422,247.75999450683594,251.5,7158307
2025-05-22,ONGC,229.26129150390625,241.6699981689453,250.47999572753906,239.61000061035156,248.67999267578125,18502235
2025-05-23,ONGC,231.69935607910156,244.24000549316406,244.67999267578125,240.14999389648438,242.5,8725218
2025-05-26,ONGC,233.3120574951172,245.94000244140625,247.1300048828125,244.80999755859375,245.3000030517578,7159571
2025-05-27,ONGC,231.9839324951172,244.5399932861328,246.85000610351562,242.9199981689453,246.85000610351562,9712093
2025-05-28,ONGC,230.2099609375,242.6699981689453,245.33999633789062,241.3000030517578,244.63999938964844,7385958
2025-05-29,ONGC,230.5609588623047,243.0399932861328,244.60000610351562,241.35000610351562,243.60000610351562,12938112
2025-05-30,ONGC,227.10784912109375,239.39999389648438,245.19000244140625,238.88999938964844,243.0399932861328,10108840
2025-06-02,ONGC,226.07382202148438,238.30999755859375,240.08999633789062,237.66000366210938,239.0,6278145
2025-06-03,ONGC,225.0872344970703,237.27000427246094,241.0500030517578,236.60000610351562,240.5,9515918
2025-06-04,ONGC,225.82717895507812,238.0500030517578,238.5,235.5,238.0,6733580
2025-06-05,ONGC,225.5615692138672,237.77000427246094,239.6199951171875,236.22000122070312,238.0500030517578,8941808
2025-06-06,ONGC,227.7339630126953,240.05999755859375,240.47000122070312,237.50999450683594,237.7899932861328,5985346
2025-06-09,ONGC,230.33328247070312,242.8000030517578,244.1199951171875,240.5,241.77999877929688,7719525
2025-06-10,ONGC,232.11676025390625,244.67999267578125,245.0,242.58999633789062,244.25,7659657
2025-06-11,ONGC,234.6212158203125,247.32000732421875,250.39999389648438,243.5500030517578,244.5,20842417
2025-06-12,ONGC,235.15245056152344,247.8800048828125,255.1999969482422,246.75,251.5,35613271
2025-06-13,ONGC,238.5960693359375,251.50999450683594,255.9499969482422,249.1199951171875,255.5500030517578,39320377
2025-06-16,ONGC,243.60496520996094,256.7900085449219,257.5,252.19000244140625,253.99000549316406,41444122
2025-06-17,ONGC,239.35498046875,252.30999755859375,257.0899963378906,251.5500030517578,256.94000244140625,18781097
2025-06-18,ONGC,237.50511169433594,250.36000061035156,255.88999938964844,249.77000427246094,254.02999877929688,12691905
2025-06-19,ONGC,238.64349365234375,251.55999755859375,253.0,248.1999969482422,250.5,10790997
2025-06-20,ONGC,238.95654296875,251.88999938964844,253.25,249.35000610351562,252.25999450683594,15907673
2025-06-23,ONGC,238.4727325439453,251.3800048828125,255.49000549316406,250.3300018310547,253.00999450683594,16776881
2025-06-24,ONGC,231.39578247070312,243.9199981689453,248.0,243.49000549316406,247.5,22215004
2025-06-25,ONGC,229.48898315429688,241.91000366210938,245.3000030517578,241.5,244.0,13056178
2025-06-26,ONGC,232.16419982910156,244.72999572753906,245.3699951171875,241.5399932861328,242.0,15769123
2025-06-27,ONGC,230.3617401123047,242.8300018310547,246.22000122070312,242.0,245.00999450683594,21691960
2025-06-30,ONGC,231.6708984375,244.2100067138672,245.6999969482422,243.0,244.0,8783448
2025-07-01,ONGC,230.87400817871094,243.3699951171875,245.3000030517578,241.3000030517578,245.3000030517578,8470489
2025-07-02,ONGC,228.69212341308594,241.07000732421875,243.75,240.1999969482422,242.89999389648438,10419419
2025-07-03,ONGC,231.5191192626953,244.0500030517578,246.1999969482422,241.8000030517578,242.0,13891239
2025-07-04,ONGC,232.64801025390625,245.24000549316406,245.4499969482422,242.50999450683594,245.1999969482422,7717259
2025-07-07,ONGC,229.1190185546875,241.52000427246094,245.5,240.8300018310547,245.5,9222263
2025-07-08,ONGC,230.75070190429688,243.24000549316406,243.6999969482422,240.64999389648438,242.41000366210938,7537067
2025-07-09,ONGC,230.8550567626953,243.35000610351562,244.58999633789062,242.27000427246094,243.35000610351562,9590680
2025-07-10,ONGC,230.6083984375,243.08999633789062,244.69000244140625,242.3300018310547,243.50999450683594,8012201
2025-07-11,ONGC,229.34666442871094,241.75999450683594,243.08999633789062,240.8000030517578,243.0500030517578,5608382
2025-07-14,ONGC,231.68038940429688,244.22000122070312,244.88999938964844,241.13999938964844,242.89999389648438,7568906
2025-07-15,ONGC,231.15859985351562,243.6699981689453,245.3699951171875,242.6999969482422,244.47999572753906,7843083
2025-07-16,ONGC,230.38072204589844,242.85000610351562,244.14999389648438,242.3000030517578,244.0,5656962
2025-07-17,ONGC,231.3483428955078,243.8699951171875,244.55999755859375,242.82000732421875,243.0,7006298
2025-07-18,ONGC,233.66305541992188,246.30999755859375,247.35000610351562,243.4600067138672,244.74000549316406,10293817
2025-07-21,ONGC,232.45826721191406,245.0399932861328,246.3000030517578,244.42999267578125,246.0,5424455
2025-07-22,ONGC,233.7579345703125,246.41000366210938,246.8699951171875,244.07000732421875,245.0399932861328,5869862
2025-07-23,ONGC,232.9420928955078,245.5500030517578,247.1999969482422,244.25999450683594,246.0,7357753
2025-07-24,ONGC,232.25906372070312,244.8300018310547,246.1999969482422,243.75999450683594,245.55999755859375,4590999
2025-07-25,ONGC,227.95216369628906,240.2899932861328,244.8000030517578,239.25,244.0,7427827
2025-07-28,ONGC,227.69602966308594,240.02000427246094,241.55999755859375,237.8000030517578,240.2899932861328,6865890
2025-07-29,ONGC,229.04312133789062,241.44000244140625,242.50999450683594,239.82000732421875,240.02000427246094,6157824
2025-07-30,ONGC,229.39410400390625,241.80999755859375,243.7100067138672,240.10000610351562,242.5399932861328,8767763
2025-07-31,ONGC,228.62570190429688,241.0,242.80999755859375,239.66000366210938,240.1999969482422,10254214
2025-08-01,ONGC,224.63186645507812,236.7899932861328,240.7100067138672,234.0500030517578,240.10000610351562,12629251
2025-08-04,ONGC,222.7725067138672,234.8300018310547,238.38999938964844,234.0,236.5,16174972
2025-08-05,ONGC,222.4404754638672,234.47999572753906,236.0,233.0500030517578,235.5,9562689
2025-08-06,ONGC,221.76693725585938,233.77000427246094,235.3699951171875,232.91000366210938,234.5500030517578,7568954
2025-08-07,ONGC,221.91871643066406,233.92999267578125,234.1999969482422,231.30999755859375,233.14999389648438,5560413
2025-08-08,ONGC,221.45388793945312,233.44000244140625,235.1199951171875,232.67999267578125,233.89999389648438,5249568
2025-08-11,ONGC,221.78590393066406,233.7899932861328,235.0,231.5800018310547,233.44000244140625,4699743
2025-08-12,ONGC,223.42709350585938,235.52000427246094,236.36000061035156,233.61000061035156,233.8000030517578,7036778
2025-08-13,ONGC,226.41534423828125,238.6699981689453,239.9499969482422,236.3000030517578,237.74000549316406,8501906
2025-08-14,ONGC,224.77418518066406,236.94000244140625,238.6699981689453,234.42999267578125,238.50999450683594,7258450
2025-08-18,ONGC,225.93153381347656,238.16000366210938,238.58999633789062,235.5,237.25,8501972
2025-08-19,ONGC,225.7228240966797,237.94000244140625,238.5399932861328,236.67999267578125,237.5,5538059
2025-08-20,ONGC,225.7133331298828,237.92999267578125,239.08999633789062,237.0,237.0,7438061
2025-08-21,ONGC,226.0548553466797,238.2899932861328,240.99000549316406,237.22999572753906,238.0,8111371
2025-08-22,ONGC,224.1575469970703,236.2899932861328,238.6300048828125,235.88999938964844,238.0,5423818
2025-08-25,ONGC,224.60340881347656,236.75999450683594,237.49000549316406,235.64999389648438,236.3000030517578,8854258
2025-08-26,ONGC,222.1653594970703,234.19000244140625,237.3000030517578,233.8000030517578,236.66000366210938,14671897
2025-08-28,ONGC,221.4064483642578,233.38999938964844,235.27999877929688,232.3800048828125,234.3000030517578,13870643
2025-08-29,ONGC,221.71002197265625,233.7100067138672,235.3699951171875,231.3300018310547,233.38999938964844,9928988
2025-09-01,ONGC,226.46278381347656,238.72000122070312,239.19000244140625,233.07000732421875,234.0,4366396
2025-09-02,ONGC,227.19325256347656,239.49000549316406,242.5,237.39999389648438,238.75,5921193
2025-09-03,ONGC,226.7947998046875,239.07000732421875,241.94000244140625,238.4600067138672,239.5,4364007
2025-09-04,ONGC,224.7921600341797,235.72000122070312,239.35000610351562,235.42999267578125,239.07000732421875,8778730
2025-09-05,ONGC,223.27587890625,234.1300048828125,237.16000366210938,233.00999450683594,235.75,7210683
2025-09-08,ONGC,221.7500457763672,232.52999877929688,234.97999572753906,232.05999755859375,234.1300048828125,8418326
2025-09-09,ONGC,220.60568237304688,231.3300018310547,234.58999633789062,230.75999450683594,232.52999877929688,11665314
2025-09-10,ONGC,220.99667358398438,231.74000549316406,233.0399932861328,231.0,233.0,11775053
2025-09-11,ONGC,222.92300415039062,233.75999450683594,235.22000122070312,232.10000610351562,232.10000610351562,11047708
2025-09-12,ONGC,222.43666076660156,233.25,235.41000366210938,232.6999969482422,234.50999450683594,6073522
2025-09-15,ONGC,221.4925537109375,232.25999450683594,234.19000244140625,232.0,233.14999389648438,6153784
2025-09-16,ONGC,224.1913604736328,235.08999633789062,235.27000427246094,232.4199981689453,232.47999572753906,7319921
2025-09-17,ONGC,225.89837646484375,236.8800048828125,237.9600067138672,235.17999267578125,236.0,7628371
2025-09-18,ONGC,224.66818237304688,235.58999633789062,237.6999969482422,234.5,237.6999969482422,6497852
2025-09-19,ONGC,225.71719360351562,236.69000244140625,237.39999389648438,234.75,235.11000061035156,16484017
2025-09-22,ONGC,226.46102905273438,237.47000122070312,238.4499969482422,235.64999389648438,236.0,9962796
2025-09-23,ONGC,225.68858337402344,236.66000366210938,237.58999633789062,235.14999389648438,237.25,7014239
2025-09-24,ONGC,227.46234130859375,238.52000427246094,240.1300048828125,236.25999450683594,236.66000366210938,8299331
2025-09-25,ONGC,228.5590362548828,239.6699981689453,242.13999938964844,238.52000427246094,238.9199981689453,10150654
2025-09-26,ONGC,226.98553466796875,238.02000427246094,240.25999450683594,236.83999633789062,240.0,6349466
2025-09-29,ONGC,228.8546600341797,239.97999572753906,241.16000366210938,238.1699981689453,239.0,10631271
2025-09-30,ONGC,228.3969268798828,239.5,240.88999938964844,238.5,240.0,7167687
2025-10-01,ONGC,231.77279663085938,243.0399932861328,246.2899932861328,238.47000122070312,238.60000610351562,10375310
2025-10-03,ONGC,232.36407470703125,243.66000366210938,244.1999969482422,239.6999969482422,242.5,10702610
2025-10-06,ONGC,234.46206665039062,245.86000061035156,247.5,242.72999572753906,242.72999572753906,9465503
2025-10-07,ONGC,233.94711303710938,245.32000732421875,249.5,244.66000366210938,245.86000061035156,12498420
2025-10-08,ONGC,230.59982299804688,241.80999755859375,246.8000030517578,241.13999938964844,246.5500030517578,5073558
2025-10-09,ONGC,232.10658264160156,243.38999938964844,244.5,240.55999755859375,241.83999633789062,9292031
2025-10-10,ONGC,234.91981506347656,246.33999633789062,247.0800018310547,243.60000610351562,244.0500030517578,9050771
2025-10-13,ONGC,232.7741241455078,244.08999633789062,245.67999267578125,241.3800048828125,245.0,12607116
2025-10-14,ONGC,233.3463134765625,244.69000244140625,248.74000549316406,243.89999389648438,245.3000030517578,13865005
2025-10-15,ONGC,236.23585510253906,247.72000122070312,248.19000244140625,244.2899932861328,244.69000244140625,8520238
2025-10-16,ONGC,236.83663940429688,248.35000610351562,248.6999969482422,246.0,248.0,6083826
2025-10-17,ONGC,236.20724487304688,247.69000244140625,248.5500030517578,244.77000427246094,248.5500030517578,14250215
2025-10-20,ONGC,237.2085723876953,248.74000549316406,249.1999969482422,244.99000549316406,247.69000244140625,10920554
2025-10-21,ONGC,236.61729431152344,248.1199951171875,249.3000030517578,247.38999938964844,248.74000549316406,569979
2025-10-23,ONGC,240.61305236816406,252.30999755859375,253.24000549316406,249.0800018310547,250.0,13879042
2025-10-24,ONGC,243.1402130126953,254.9600067138672,257.3999938964844,252.85000610351562,254.0,17882209
2025-10-27,ONGC,241.52854919433594,253.27000427246094,256.0899963378906,251.91000366210938,255.4199981689453,7889080
2025-10-28,ONGC,238.92510986328125,250.5399932861328,253.7899932861328,249.86000061035156,253.10000610351562,8529692
2025-10-29,ONGC,243.78866577148438,255.63999938964844,257.3399963378906,250.5500030517578,250.9499969482422,8806213
2025-10-30,ONGC,242.73013305664062,254.52999877929688,256.5,253.41000366210938,256.5,5266883
2025-10-31,ONGC,243.53118896484375,255.3699951171875,257.8999938964844,253.32000732421875,254.6999969482422,7199008
2025-11-03,ONGC,245.61012268066406,257.54998779296875,258.5,254.3000030517578,255.0,5450040
2025-11-04,ONGC,240.6511993408203,252.35000610351562,257.5,252.0,256.1000061035156,6006851
2025-11-06,ONGC,239.84060668945312,251.5,255.5,250.4499969482422,253.5500030517578,6987258
2025-11-07,ONGC,240.50816345214844,252.1999969482422,253.60000610351562,250.0,250.0,4449104
2025-11-10,ONGC,239.7452392578125,251.39999389648438,255.5,249.5,252.0,7418162
2025-11-11,ONGC,237.88563537597656,249.4499969482422,254.1999969482422,246.0,254.1999969482422,16183880
2025-11-12,ONGC,242.0816650390625,253.85000610351562,255.60000610351562,249.89999389648438,252.60000610351562,11917811
2025-11-13,ONGC,239.2207489013672,250.85000610351562,253.6999969482422,247.3000030517578,253.6999969482422,13057927
2025-11-14,ONGC,241.9075164794922,247.60000610351562,249.64999389648438,245.10000610351562,245.5,9185042
2025-11-17,ONGC,242.34716796875,248.0500030517578,249.6999969482422,247.4499969482422,247.60000610351562,6281588
2025-11-18,ONGC,241.2724609375,246.9499969482422,249.4499969482422,246.3000030517578,247.0,7708871
2025-11-19,ONGC,243.27532958984375,249.0,250.3000030517578,245.39999389648438,246.9499969482422,7075882
2025-11-20,ONGC,242.34716796875,248.0500030517578,251.10000610351562,247.60000610351562,249.0,6918642
2025-11-21,ONGC,241.2724609375,246.9499969482422,248.3000030517578,246.1999969482422,247.0500030517578,7589240
2025-11-24,ONGC,240.1000518798828,245.75,247.4499969482422,244.3000030517578,246.9499969482422,15875282
2025-11-25,ONGC,239.70925903320312,245.35000610351562,247.5,244.60000610351562,245.75,8983620
2025-11-26,ONGC,242.00521850585938,247.6999969482422,248.0,245.0500030517578,245.35000610351562,7232643
2025-11-27,ONGC,238.39028930664062,244.0,248.8000030517578,242.8000030517578,248.0,5600832
2025-11-28,ONGC,237.65753173828125,243.25,245.35000610351562,242.5500030517578,245.0,3804191
2025-12-01,ONGC,239.20120239257812,244.8300018310547,245.85000610351562,243.00999450683594,244.0500030517578,6307936
2025-12-02,ONGC,237.94085693359375,243.5399932861328,246.25999450683594,242.5,243.5,5413988
2025-12-03,ONGC,234.5017852783203,240.02000427246094,244.36000061035156,239.55999755859375,244.0500030517578,11829802
2025-12-04,ONGC,236.6609649658203,242.22999572753906,242.6999969482422,239.69000244140625,240.5,10825420
2025-12-05,ONGC,235.6839599609375,241.22999572753906,243.1999969482422,240.91000366210938,242.6999969482422,7645591
2025-12-08,ONGC,233.03627014160156,238.52000427246094,242.0,237.6999969482422,241.22999572753906,5285903
2025-12-09,ONGC,234.325927734375,239.83999633789062,240.1999969482422,236.8300018310547,237.6999969482422,9026401
2025-12-10,ONGC,233.78855895996094,239.2899932861328,240.35000610351562,238.4199981689453,239.32000732421875,3492031
2025-12-11,ONGC,232.92880249023438,238.41000366210938,241.3000030517578,238.13999938964844,239.2899932861328,8868641
2025-12-12,ONGC,232.5477752685547,238.02000427246094,239.39999389648438,237.02000427246094,238.5,4252781
2025-12-15,ONGC,229.9391632080078,235.35000610351562,238.7899932861328,229.94000244140625,238.0,12334408
2025-12-16,ONGC,226.87135314941406,232.2100067138672,235.3000030517578,230.75,234.1699981689453,7238404
2025-12-17,ONGC,227.5552520751953,232.91000366210938,233.4199981689453,228.61000061035156,231.75,5848233
2025-12-18,ONGC,226.66616821289062,232.0,234.1300048828125,231.2100067138672,233.0,3964839
2025-12-19,ONGC,227.53570556640625,232.88999938964844,233.5,231.5,232.0,5070902
2025-12-22,ONGC,228.79605102539062,234.17999267578125,235.27999877929688,232.77000427246094,233.7899932861328,4614185
2025-12-23,ONGC,230.07594299316406,235.49000549316406,237.89999389648438,234.60000610351562,234.60000610351562,5810236
2025-12-24,ONGC,228.39547729492188,233.77000427246094,236.57000732421875,233.13999938964844,235.5399932861328,4114036
2025-12-26,ONGC,229.13800048828125,234.52999877929688,235.27999877929688,233.0500030517578,233.83999633789062,3710774
2025-12-29,ONGC,229.4213409423828,234.82000732421875,239.02000427246094,234.0,234.52999877929688,12621499
2025-12-30,ONGC,229.2845458984375,234.67999267578125,235.60000610351562,233.30999755859375,234.9499969482422,6236729
2025-12-31,ONGC,234.853515625,240.3800048828125,241.0,234.61000061035156,234.69000244140625,11514802
2026-01-01,ONGC,232.4696044921875,237.94000244140625,241.11000061035156,237.41000366210938,240.89999389648438,5840586
2026-01-02,ONGC,235.90869140625,241.4600067138672,242.5500030517578,237.94000244140625,237.94000244140625,5925943
2026-01-05,ONGC,232.61614990234375,238.08999633789062,246.8000030517578,235.6999969482422,246.8000030517578,21201434
2026-01-06,ONGC,236.32879638671875,241.88999938964844,242.36000061035156,238.08999633789062,238.08999633789062,10840459
2026-01-07,ONGC,233.56385803222656,239.05999755859375,241.67999267578125,238.16000366210938,240.2100067138672,8253161
2026-01-08,ONGC,226.09950256347656,231.4199981689453,238.88999938964844,231.0,238.1999969482422,9218488
2026-01-09,ONGC,228.70811462402344,234.08999633789062,238.25,232.0,232.2899932861328,12706408
2026-01-12,ONGC,230.29087829589844,235.7100067138672,236.16000366210938,231.66000366210938,234.08999633789062,9807980
2026-01-13,ONGC,238.1753387451172,243.77999877929688,244.14999389648438,235.8000030517578,238.0,22527192
2026-01-14,ONGC,242.5230255126953,248.22999572753906,251.0,243.5800018310547,243.99000549316406,33094088
2026-01-15,ONGC,242.5230255126953,248.22999572753906,248.22999572753906,248.22999572753906,248.22999572753906,0
2026-01-16,ONGC,241.48739624023438,247.1699981689453,247.77999877929688,242.39999389648438,246.89999389648438,12287680
2026-01-19,ONGC,237.520751953125,243.11000061035156,248.0,242.3000030517578,245.0,6459249
2026-01-20,ONGC,234.86328125,240.38999938964844,245.33999633789062,239.7100067138672,243.11000061035156,6496057
2026-01-21,ONGC,236.79776000976562,242.3699951171875,244.49000549316406,239.50999450683594,240.0,9610477
2026-01-22,ONGC,238.40005493164062,244.00999450683594,246.47000122070312,242.57000732421875,244.60000610351562,10746306
2026-01-23,ONGC,239.8264923095703,245.47000122070312,246.3000030517578,241.5500030517578,245.3000030517578,8080247
2026-01-27,ONGC,242.2494659423828,247.9499969482422,248.99000549316406,245.88999938964844,246.60000610351562,15915509
2026-01-28,ONGC,262.4051513671875,268.5799865722656,269.6499938964844,249.1999969482422,249.1999969482422,73427983
2026-01-29,ONGC,269.0586242675781,275.3900146484375,277.7699890136719,269.010009765625,270.0,48267023
2026-01-30,ONGC,262.77642822265625,268.9599914550781,276.5,268.010009765625,273.8900146484375,24420043
2026-02-02,ONGC,248.1115264892578,253.9499969482422,257.0,247.60000610351562,251.60000610351562,17015974
2026-02-03,ONGC,251.09140014648438,257.0,262.0,249.35000610351562,259.70001220703125,19213406
2026-02-04,ONGC,260.8126525878906,266.95001220703125,270.0,258.04998779296875,258.04998779296875,26628393
2026-02-05,ONGC,263.01092529296875,269.20001220703125,270.45001220703125,266.0,268.0,15268335
2026-02-06,ONGC,262.7666931152344,268.95001220703125,269.95001220703125,264.70001220703125,268.0,10013728
2026-02-09,ONGC,260.470703125,266.6000061035156,270.8999938964844,265.75,269.45001220703125,10824044
2026-02-10,ONGC,265.8930969238281,272.1499938964844,273.04998779296875,267.0,267.25,13459684
2026-02-11,ONGC,268.2867736816406,274.6000061035156,275.1000061035156,266.3500061035156,272.29998779296875,18388416
2026-02-12,ONGC,269.9965515136719,276.3500061035156,280.29998779296875,273.45001220703125,276.0,22753270
2026-02-13,ONGC,261.2522888183594,267.3999938964844,271.3500061035156,266.0,270.0,20748628
2026-02-16,ONGC,265.306884765625,271.54998779296875,272.20001220703125,265.6499938964844,267.6499938964844,13247757
2026-02-17,ONGC,265.6000061035156,271.8500061035156,273.0,268.1000061035156,273.0,21292868
2026-02-18,ONGC,264.6000061035156,264.6000061035156,266.1000061035156,262.54998779296875,265.0,11621040
2026-02-19,ONGC,274.6499938964844,274.6499938964844,276.45001220703125,267.8500061035156,270.29998779296875,37728943
2026-02-20,ONGC,278.6499938964844,278.6499938964844,280.79998779296875,274.3500061035156,277.3999938964844,31971956
2026-02-23,ONGC,275.6499938964844,275.6499938964844,279.8999938964844,272.20001220703125,279.8999938964844,13113050
2026-02-24,ONGC,276.5,276.5,278.1499938964844,273.29998779296875,275.6499938964844,16311581
2026-02-25,ONGC,277.45001220703125,277.45001220703125,278.95001220703125,274.0,276.5,7573116
2026-02-26,ONGC,280.1000061035156,280.1000061035156,281.04998779296875,275.6000061035156,277.3999938964844,13301761
2026-02-27,ONGC,279.70001220703125,279.70001220703125,282.5,277.0,278.5,18554482
2026-03-02,ONGC,282.20001220703125,282.20001220703125,293.0,277.6499938964844,288.0,65843426
2026-03-04,ONGC,276.95001220703125,276.95001220703125,288.3500061035156,275.1000061035156,287.0,53722773
2026-03-05,ONGC,276.3500061035156,276.3500061035156,287.6499938964844,275.3500061035156,278.0,40569479
2026-03-06,ONGC,278.95001220703125,278.95001220703125,280.95001220703125,271.1499938964844,279.95001220703125,30725344
2026-03-09,ONGC,270.79998779296875,270.79998779296875,289.0,267.6000061035156,289.0,56512457
2026-03-10,ONGC,269.20001220703125,269.20001220703125,270.8999938964844,265.3500061035156,270.8500061035156,18476370
2026-03-11,ONGC,270.75,270.75,272.3999938964844,268.0,268.0,16130216
2026-03-12,ONGC,270.54998779296875,270.54998779296875,273.0,267.75,271.6000061035156,20059801
2026-03-13,ONGC,264.1000061035156,264.1000061035156,271.29998779296875,263.45001220703125,270.54998779296875,18411729
2026-03-16,ONGC,260.45001220703125,260.45001220703125,266.0,258.3500061035156,264.04998779296875,21725887
2026-03-17,ONGC,264.75,264.75,265.3999938964844,259.1499938964844,260.6499938964844,15662659
2026-03-18,ONGC,265.0,265.0,266.6499938964844,263.0,265.1499938964844,8780857
2026-03-19,ONGC,269.1000061035156,269.1000061035156,271.5,262.5,265.0,28685305
2026-03-20,ONGC,265.3999938964844,265.3999938964844,273.04998779296875,264.0,269.0,19436124
2026-03-23,ONGC,265.45001220703125,265.45001220703125,269.70001220703125,263.8999938964844,267.29998779296875,23991581
2026-03-24,ONGC,268.04998779296875,268.04998779296875,273.29998779296875,266.8500061035156,268.54998779296875,18567283
2026-03-25,ONGC,270.20001220703125,270.20001220703125,271.5,266.3999938964844,267.3500061035156,13380625
2026-03-27,ONGC,281.95001220703125,281.95001220703125,285.0,269.70001220703125,270.5,60048871
2026-03-30,ONGC,284.6499938964844,284.6499938964844,288.3500061035156,281.95001220703125,282.75,44866906
2026-04-01,ONGC,288.04998779296875,288.04998779296875,293.0,282.79998779296875,290.0,31626297
2026-04-02,ONGC,287.20001220703125,287.20001220703125,288.79998779296875,283.5,288.5,20935809
2026-04-06,ONGC,281.8500061035156,281.8500061035156,288.5,280.45001220703125,287.29998779296875,24449779
2026-04-07,ONGC,286.6499938964844,286.6499938964844,287.54998779296875,280.0,281.8500061035156,22891122
2026-04-08,ONGC,285.5,285.5,287.8500061035156,274.75,280.0,42071040
2026-04-09,ONGC,288.6000061035156,288.6000061035156,289.79998779296875,284.8999938964844,284.8999938964844,13585661
2026-04-10,ONGC,286.5,286.5,291.8500061035156,284.54998779296875,288.6000061035156,12889209
2026-04-13,ONGC,287.54998779296875,287.54998779296875,290.29998779296875,281.0,287.20001220703125,23986567
2026-04-15,ONGC,287.6000061035156,287.6000061035156,289.79998779296875,283.3500061035156,284.04998779296875,16529148
2026-04-16,ONGC,282.75,282.75,288.1000061035156,282.0,288.0,13626398
2026-04-17,ONGC,284.04998779296875,284.04998779296875,285.5,282.20001220703125,283.3999938964844,17846605
2026-04-20,ONGC,283.3500061035156,283.3500061035156,285.20001220703125,282.5,284.0,11057036
2026-04-21,ONGC,283.1000061035156,283.1000061035156,284.8500061035156,282.3999938964844,283.1499938964844,13645673
2026-04-22,ONGC,283.6499938964844,283.6499938964844,285.04998779296875,282.6000061035156,283.1000061035156,7395183
2026-04-23,ONGC,286.25,286.25,289.79998779296875,284.04998779296875,284.8500061035156,13525025
2026-04-24,ONGC,284.79998779296875,284.79998779296875,288.79998779296875,283.8999938964844,288.79998779296875,11789941
2026-04-27,ONGC,285.8999938964844,285.8999938964844,286.70001220703125,284.20001220703125,286.0,6497916
2026-04-28,ONGC,301.29998779296875,301.29998779296875,302.3999938964844,286.0,286.25,51575179
2026-04-29,ONGC,301.3999938964844,301.3999938964844,307.5,299.75,303.8999938964844,27267649
2026-04-30,ONGC,299.54998779296875,299.54998779296875,307.45001220703125,296.8999938964844,304.8999938964844,17490096
2026-05-01,ONGC,299.54998779296875,299.54998779296875,299.54998779296875,299.54998779296875,299.54998779296875,0
2026-05-04,ONGC,292.8999938964844,292.8999938964844,299.8999938964844,292.3500061035156,298.3999938964844,15468437
2026-05-05,ONGC,289.95001220703125,289.95001220703125,295.8999938964844,287.0,294.3500061035156,10750753
2026-05-06,ONGC,280.79998779296875,280.79998779296875,290.25,280.0,289.95001220703125,22858013
2026-05-07,ONGC,283.8999938964844,283.8999938964844,285.20001220703125,279.70001220703125,282.0,15608370
2026-05-08,ONGC,279.20001220703125,279.20001220703125,284.0,278.6000061035156,283.6000061035156,9290168
2026-05-11,ONGC,281.0,281.0,281.79998779296875,277.6499938964844,280.70001220703125,6948202
2026-05-12,ONGC,294.5,294.5,299.8999938964844,286.8500061035156,286.8999938964844,52080828
2026-05-13,ONGC,297.1499938964844,297.1499938964844,300.20001220703125,294.1000061035156,297.0,24381295
2026-05-14,ONGC,300.8999938964844,300.8999938964844,303.70001220703125,298.70001220703125,300.0,22660293
2026-05-15,ONGC,299.3500061035156,299.3500061035156,304.95001220703125,298.54998779296875,303.0,13695307
2026-05-18,ONGC,297.20001220703125,297.20001220703125,300.70001220703125,295.1000061035156,299.3500061035156,10521642
2026-05-19,ONGC,296.5,296.5,298.5,293.6499938964844,295.1000061035156,9565497
2026-05-20,ONGC,298.29998779296875,298.29998779296875,301.75,293.8500061035156,294.79998779296875,12258794
2026-05-21,ONGC,295.8500061035156,295.8500061035156,299.6000061035156,294.1499938964844,296.6499938964844,14084672
2026-05-22,ONGC,290.0,290.0,296.79998779296875,289.3999938964844,295.79998779296875,11563330
2026-05-25,ONGC,284.95001220703125,284.95001220703125,289.95001220703125,284.29998779296875,289.95001220703125,12837047
2026-05-26,ONGC,287.5,287.5,289.6499938964844,284.0,285.1000061035156,10629491
2026-05-27,ONGC,274.04998779296875,274.04998779296875,284.20001220703125,272.45001220703125,284.20001220703125,29178516
2026-05-28,ONGC,274.04998779296875,274.04998779296875,274.04998779296875,274.04998779296875,274.04998779296875,0
2026-05-29,ONGC,265.3999938964844,265.3999938964844,276.04998779296875,261.54998779296875,275.95001220703125,74403401
2026-06-01,ONGC,264.29998779296875,264.29998779296875,268.29998779296875,263.25,266.54998779296875,9095622
2026-06-02,ONGC,265.04998779296875,265.04998779296875,266.20001220703125,261.04998779296875,263.1499938964844,16831714
2026-06-03,ONGC,267.75,267.75,268.70001220703125,264.29998779296875,265.1499938964844,14618721
2026-06-04,ONGC,267.54998779296875,267.54998779296875,271.1499938964844,265.8999938964844,266.70001220703125,15217360
2026-06-05,ONGC,264.75,264.75,268.45001220703125,263.70001220703125,267.79998779296875,7493239
2026-06-08,ONGC,264.6499938964844,264.6499938964844,266.25,262.70001220703125,264.1499938964844,6974540
2026-06-09,ONGC,259.0,259.0,265.5,258.29998779296875,264.1499938964844,10796349
2026-06-10,ONGC,251.89999389648438,251.89999389648438,261.8500061035156,251.35000610351562,259.0,10176332
2026-06-11,ONGC,252.60000610351562,252.60000610351562,256.5,250.0500030517578,252.9499969482422,13516341
2026-06-12,ONGC,246.1999969482422,246.1999969482422,250.85000610351562,243.35000610351562,250.3000030517578,31112657
2026-06-15,ONGC,243.64999389648438,243.64999389648438,248.3000030517578,242.8000030517578,248.0500030517578,25211118
2026-06-16,ONGC,248.1999969482422,248.1999969482422,248.8000030517578,243.5,244.14999389648438,17468010
2026-06-17,ONGC,245.0,245.0,247.75,244.0,246.0,12816262
2026-06-18,ONGC,245.3000030517578,245.3000030517578,246.85000610351562,243.0,245.9499969482422,13816485
2026-06-19,ONGC,246.25,246.25,246.6999969482422,243.3000030517578,245.3000030517578,7609532
2026-06-22,ONGC,245.4499969482422,245.4499969482422,247.75,243.8000030517578,244.9499969482422,7334095
2026-06-23,ONGC,244.35000610351562,244.35000610351562,246.1999969482422,243.5500030517578,245.39999389648438,7400255
2026-06-24,ONGC,240.0,240.0,245.8000030517578,239.5,244.35000610351562,10278033
2026-06-25,ONGC,233.10000610351562,233.10000610351562,240.8000030517578,232.10000610351562,240.8000030517578,36085563
2026-06-26,ONGC,233.10000610351562,233.10000610351562,233.10000610351562,233.10000610351562,233.10000610351562,0
2026-06-29,ONGC,234.0500030517578,234.0500030517578,237.14999389648438,229.6999969482422,234.0,38227413
2026-06-30,ONGC,234.89999389648438,234.89999389648438,236.0,227.64999389648438,233.9499969482422,24134402
2026-07-01,ONGC,234.99000549316406,234.99000549316406,236.10000610351562,233.52000427246094,235.6999969482422,11835312
2026-07-02,ONGC,235.9600067138672,235.9600067138672,236.3300018310547,230.8000030517578,234.0,14033169
2026-07-03,ONGC,237.83999633789062,237.83999633789062,239.6999969482422,236.3300018310547,237.1999969482422,11086950
2026-07-06,ONGC,243.89999389648438,243.89999389648438,244.38999938964844,236.83999633789062,239.60000610351562,22386040
2026-07-07,ONGC,244.17999267578125,244.17999267578125,245.27000427246094,242.67999267578125,244.0500030517578,15287101
2026-07-08,ONGC,247.0,247.0,248.35000610351562,241.47999572753906,246.82000732421875,24753835
2026-07-09,ONGC,243.64999389648438,243.64999389648438,249.58999633789062,242.91000366210938,249.58999633789062,14066120
2026-07-10,ONGC,244.9600067138672,244.9600067138672,245.38999938964844,243.41000366210938,243.64999389648438,8237303
2026-07-13,ONGC,248.4499969482422,248.4499969482422,249.25,245.5500030517578,246.3000030517578,12453319
2026-07-14,ONGC,248.89999389648438,248.89999389648438,252.0,247.3000030517578,252.0,16299949
2026-07-15,ONGC,247.17999267578125,247.17999267578125,249.4499969482422,246.3000030517578,249.4199981689453,13302251
2026-07-16,ONGC,246.75,246.75,247.9600067138672,245.61000061035156,247.9199981689453,6243845
2026-07-17,ONGC,247.2899932861328,247.2899932861328,247.7899932861328,245.60000610351562,246.1999969482422,6214332
2026-07-20,ONGC,249.5800018310547,249.5800018310547,252.39999389648438,248.10000610351562,248.42999267578125,10627783
2026-07-21,ONGC,249.88999938964844,249.88999938964844,251.69000244140625,248.4600067138672,250.00999450683594,12240171
2026-07-22,ONGC,251.89999389648438,251.89999389648438,252.77999877929688,250.1300048828125,251.0,10909821
2026-07-23,ONGC,252.3699951171875,252.3699951171875,254.1999969482422,252.00999450683594,253.94000244140625,9104521
2026-07-24,ONGC,248.75999450683594,248.75999450683594,253.55999755859375,248.27000427246094,252.5,7645869
2026-07-27,ONGC,238.55999755859375,238.55999755859375,248.1699981689453,238.13999938964844,248.0,19910285
2026-07-28,ONGC,238.91000366210938,238.91000366210938,239.97999572753906,236.08999633789062,238.0,13362577
2026-07-29,ONGC,238.30999755859375,238.30999755859375,240.02000427246094,237.92999267578125,240.0,9139712
2026-07-30,ONGC,241.58999633789062,241.58999633789062,244.38999938964844,239.05999755859375,239.5,11419363
2026-07-31,ONGC,242.52999877929688,242.52999877929688,242.9600067138672,238.1699981689453,241.5800018310547,10070729
2026-08-03,ONGC,242.0,242.0,242.6199951171875,240.05999755859375,241.4499969482422,8277525
2026-08-04,ONGC,242.0,242.0,243.1999969482422,240.60000610351562,242.0,10470809
2026-08-05,ONGC,240.1999969482422,240.1999969482422,245.0,239.11000061035156,245.0,19409088
2026-08-06,ONGC,237.8000030517578,237.8000030517578,241.39999389648438,236.5,241.39999389648438,13959109
2026-08-07,ONGC,238.85000610351562,238.85000610351562,241.69000244140625,237.0500030517578,238.5,10078070
2026-08-10,ONGC,239.83999633789062,239.83999633789062,241.3000030517578,238.19000244140625,240.0,10611162
2026-08-11,ONGC,239.4499969482422,239.4499969482422,243.64999389648438,239.4499969482422,241.0,16004168
2026-08-12,ONGC,239.0500030517578,239.0500030517578,241.3300018310547,238.64999389648438,240.0,10695237
2026-08-13,ONGC,239.89999389648438,239.89999389648438,240.5500030517578,238.11000061035156,239.0,7266320
2026-08-14,ONGC,236.39999389648438,236.39999389648438,239.60000610351562,235.25,239.49000549316406,12128656
2026-08-17,ONGC,238.49000549316406,238.49000549316406,239.5,236.14999389648438,237.99000549316406,25342938
2026-08-18,ONGC,239.5,239.5,241.3000030517578,238.02000427246094,239.5,14903605
2026-08-19,ONGC,238.0,238.0,242.19000244140625,237.52000427246094,241.10000610351562,17345994
2026-08-20,ONGC,238.5,238.5,239.24000549316406,233.63999938964844,239.24000549316406,11886277
2026-08-21,ONGC,236.39999389648438,236.39999389648438,239.22000122070312,236.39999389648438,238.6999969482422,13313403
2026-08-24,ONGC,236.5500030517578,236.5500030517578,237.94000244140625,235.6300048828125,237.0,7122883
2026-08-25,ONGC,234.0,234.0,236.5500030517578,233.35000610351562,236.0,12118242
