Date,Symbol,Adj Close,Close,High,Low,Open,Volume
2010-04-06,PERSISTENT,83.06366729736328,101.5875015258789,111.82499694824219,90.4000015258789,90.4000015258789,59781284
2010-04-07,PERSISTENT,82.286865234375,100.63749694824219,102.625,98.1875,102.0,15312200
2010-04-08,PERSISTENT,84.6887435913086,103.57499694824219,107.9749984741211,99.57499694824219,100.0,33472916
2010-04-09,PERSISTENT,83.93242645263672,102.6500015258789,104.9625015258789,102.07499694824219,103.75,6320432
2010-04-12,PERSISTENT,82.04159545898438,100.3375015258789,103.8125,98.9000015258789,102.94999694824219,3093856
2010-04-13,PERSISTENT,81.80651092529297,100.05000305175781,102.4749984741211,99.25,100.0,3346344
2010-04-15,PERSISTENT,81.34659576416016,99.48750305175781,102.19999694824219,98.9000015258789,101.0,2513216
2010-04-16,PERSISTENT,81.78607940673828,100.0250015258789,101.0,98.75,99.4749984741211,1583616
2010-04-19,PERSISTENT,79.90543365478516,97.7249984741211,99.9625015258789,96.25,99.25,1368576
2010-04-20,PERSISTENT,80.27339172363281,98.17500305175781,99.19999694824219,96.25,98.0,728232
2010-04-21,PERSISTENT,82.30730438232422,100.6624984741211,103.2125015258789,98.38749694824219,98.5,3643940
2010-04-22,PERSISTENT,81.99049377441406,100.2750015258789,102.3499984741211,99.5250015258789,100.0,1500992
2010-04-23,PERSISTENT,81.01950073242188,99.0875015258789,101.9749984741211,98.32499694824219,100.4000015258789,977504
2010-04-26,PERSISTENT,82.16424560546875,100.48750305175781,102.75,99.75,100.5250015258789,1729736
2010-04-27,PERSISTENT,80.6413345336914,98.625,100.94999694824219,98.19999694824219,100.75,731536
2010-04-28,PERSISTENT,78.68919372558594,96.23750305175781,102.5,95.63749694824219,101.375,485056
2010-04-29,PERSISTENT,81.14217376708984,99.23750305175781,100.375,96.75,96.75,894640
2010-04-30,PERSISTENT,81.48966217041016,99.6624984741211,101.4749984741211,99.0,99.5,951820
2010-05-03,PERSISTENT,81.98211669921875,99.88749694824219,100.6500015258789,98.69999694824219,98.69999694824219,883408
2010-05-04,PERSISTENT,80.6689224243164,98.2874984741211,101.11250305175781,98.0,99.75,695748
2010-05-05,PERSISTENT,81.3460464477539,99.11250305175781,99.6500015258789,90.05000305175781,97.25,548156
2010-05-06,PERSISTENT,79.29415893554688,96.61250305175781,99.75,96.0625,99.4749984741211,400652
2010-05-07,PERSISTENT,77.18074035644531,94.0374984741211,96.2249984741211,93.75,95.75,381824
2010-05-10,PERSISTENT,79.45832061767578,96.8125,97.25,94.98750305175781,96.25,271708
2010-05-11,PERSISTENT,78.4426498413086,95.57499694824219,97.2249984741211,95.25,97.2249984741211,218284
2010-05-12,PERSISTENT,77.93994903564453,94.9625015258789,96.25,94.3375015258789,95.5,337728
2010-05-13,PERSISTENT,78.29901123046875,95.4000015258789,96.75,94.5,95.0625,255068
2010-05-14,PERSISTENT,77.97071075439453,95.0,96.4625015258789,93.8499984741211,94.76249694824219,241580
2010-05-17,PERSISTENT,77.62190246582031,94.57499694824219,95.1875,93.7750015258789,94.25,194264
2010-05-18,PERSISTENT,79.314697265625,96.63749694824219,99.4124984741211,93.80000305175781,93.80000305175781,544424
2010-05-19,PERSISTENT,77.57061004638672,94.51249694824219,97.625,94.25,96.25,417184
2010-05-20,PERSISTENT,77.59112548828125,94.5374984741211,96.92500305175781,94.25,95.0,206124
2010-05-21,PERSISTENT,77.93994903564453,94.9625015258789,95.875,91.30000305175781,93.7750015258789,256044
2010-05-24,PERSISTENT,77.62190246582031,94.57499694824219,96.75,94.5,95.7125015258789,155084
2010-05-25,PERSISTENT,75.27252960205078,91.7125015258789,96.19999694824219,91.25,93.2750015258789,586148
2010-05-26,PERSISTENT,75.81627655029297,92.375,93.7249984741211,91.25,92.125,168992
2010-05-27,PERSISTENT,76.08301544189453,92.69999694824219,93.375,91.88749694824219,92.8125,205180
2010-05-28,PERSISTENT,77.80656433105469,94.80000305175781,95.0,93.0250015258789,93.23750305175781,194448
2010-05-31,PERSISTENT,79.36600494384766,96.69999694824219,97.23750305175781,94.0,94.625,151008
2010-06-01,PERSISTENT,79.35575103759766,96.6875,98.25,95.0250015258789,95.75,230840
2010-06-02,PERSISTENT,79.72506713867188,97.13749694824219,97.55000305175781,94.7249984741211,96.9749984741211,181156
2010-06-03,PERSISTENT,79.69429779052734,97.0999984741211,98.44999694824219,96.1500015258789,97.6624984741211,79132
2010-06-04,PERSISTENT,80.55607604980469,98.1500015258789,98.55000305175781,95.875,97.2874984741211,178884
2010-06-07,PERSISTENT,78.27848052978516,95.375,96.25,94.51249694824219,94.51249694824219,65216
2010-06-08,PERSISTENT,78.34004974365234,95.44999694824219,96.75,92.5,95.25,141144
2010-06-09,PERSISTENT,78.04253387451172,95.0875015258789,96.75,94.5,95.75,77308
2010-06-10,PERSISTENT,78.07331848144531,95.125,95.94999694824219,94.75,95.5625,45220
2010-06-11,PERSISTENT,78.37085723876953,95.48750305175781,96.01249694824219,94.5,95.25,79144
2010-06-14,PERSISTENT,78.17591094970703,95.25,96.05000305175781,94.625,95.86250305175781,68500
2010-06-15,PERSISTENT,81.99237823486328,99.9000015258789,102.0,93.25,93.25,629700
2010-06-16,PERSISTENT,83.67488861083984,101.94999694824219,103.0,98.05000305175781,100.375,792728
2010-06-17,PERSISTENT,84.02372741699219,102.375,104.4749984741211,101.75,102.0,848276
2010-06-18,PERSISTENT,81.17163848876953,98.9000015258789,103.125,98.75,102.1875,278660
2010-06-21,PERSISTENT,81.6435546875,99.4749984741211,101.0,99.125,99.4749984741211,168732
2010-06-22,PERSISTENT,81.51017761230469,99.3125,100.2125015258789,98.0,99.4625015258789,106884
2010-06-23,PERSISTENT,83.01829528808594,101.1500015258789,102.2125015258789,97.25,98.0,391600
2010-06-24,PERSISTENT,84.52640533447266,102.98750305175781,104.4000015258789,101.1875,101.5625,524480
2010-06-25,PERSISTENT,82.70027923583984,100.76249694824219,103.57499694824219,100.0250015258789,102.5,134788
2010-06-28,PERSISTENT,83.9313735961914,102.26249694824219,104.25,100.75,100.9000015258789,390188
2010-06-29,PERSISTENT,84.9367904663086,103.48750305175781,105.86250305175781,102.44999694824219,102.44999694824219,1036756
2010-06-30,PERSISTENT,84.53669738769531,103.0,104.32499694824219,101.75,103.76249694824219,198452
2010-07-01,PERSISTENT,88.19924926757812,107.4625015258789,108.5,102.5,103.61250305175781,2603964
2010-07-02,PERSISTENT,97.37108612060547,118.63749694824219,122.25,108.0,108.69999694824219,14152348
2010-07-05,PERSISTENT,97.40187072753906,118.67500305175781,121.75,114.6875,118.75,7916544
2010-07-06,PERSISTENT,96.68370819091797,117.80000305175781,120.7249984741211,116.5,119.4375,2262000
2010-07-07,PERSISTENT,94.71390533447266,115.4000015258789,120.25,113.7750015258789,118.5,1831752
2010-07-08,PERSISTENT,95.91423797607422,116.86250305175781,118.6875,115.9000015258789,116.2750015258789,842304
2010-07-09,PERSISTENT,101.04391479492188,123.11250305175781,126.82499694824219,116.38749694824219,117.5,8089480
2010-07-12,PERSISTENT,99.35111999511719,121.05000305175781,125.4749984741211,115.25,115.25,2682164
2010-07-13,PERSISTENT,102.12115478515625,124.42500305175781,126.17500305175781,120.3125,120.86250305175781,3475616
2010-07-14,PERSISTENT,98.3969955444336,119.88749694824219,125.9749984741211,118.88749694824219,125.25,892040
2010-07-15,PERSISTENT,99.0536117553711,120.6875,122.07499694824219,118.2249984741211,120.75,1183124
2010-07-16,PERSISTENT,99.4233169555664,121.01249694824219,123.375,120.5250015258789,121.0,861028
2010-07-19,PERSISTENT,98.66333770751953,120.0875015258789,122.19999694824219,119.5,121.05000305175781,316116
2010-07-20,PERSISTENT,99.57832336425781,121.07499694824219,122.9749984741211,120.55000305175781,120.75,653776
2010-07-21,PERSISTENT,99.1568374633789,120.5625,122.36250305175781,119.375,121.9749984741211,346352
2010-07-22,PERSISTENT,98.59137725830078,119.875,125.7750015258789,119.5,121.25,2114012
2010-07-23,PERSISTENT,96.02122497558594,116.75,121.75,115.8375015258789,121.2750015258789,487740
2010-07-26,PERSISTENT,91.53884887695312,111.30000305175781,117.75,110.3125,117.4749984741211,994524
2010-07-27,PERSISTENT,92.63887023925781,112.63749694824219,114.23750305175781,110.0,111.5,1064616
2010-07-28,PERSISTENT,95.20903778076172,115.76249694824219,117.7249984741211,112.9749984741211,112.9749984741211,856184
2010-07-29,PERSISTENT,94.44827270507812,114.8375015258789,116.69999694824219,114.0,115.5250015258789,304144
2010-07-30,PERSISTENT,93.45106506347656,113.625,116.19999694824219,112.9000015258789,115.0,228908
2010-08-02,PERSISTENT,96.03148651123047,116.76249694824219,119.42500305175781,113.11250305175781,114.23750305175781,945124
2010-08-03,PERSISTENT,95.82588195800781,116.51249694824219,118.25,115.25,117.44999694824219,402872
2010-08-04,PERSISTENT,97.89228057861328,119.0250015258789,121.0,116.1624984741211,116.9749984741211,772128
2010-08-05,PERSISTENT,99.38298797607422,120.8375015258789,122.875,117.75,120.0,1348176
2010-08-06,PERSISTENT,98.64278411865234,119.9375,124.4749984741211,119.125,120.25,999116
2010-08-09,PERSISTENT,99.7325210571289,121.26249694824219,122.48750305175781,119.3125,120.7125015258789,367136
2010-08-10,PERSISTENT,97.25489807128906,118.25,122.0875015258789,117.25,121.01249694824219,393476
2010-08-11,PERSISTENT,95.84644317626953,116.5374984741211,120.0,116.25,118.8499984741211,248076
2010-08-12,PERSISTENT,95.04454803466797,115.5625,118.0250015258789,113.75,114.8125,182660
2010-08-13,PERSISTENT,96.09319305419922,116.8375015258789,120.0,115.07499694824219,116.25,538276
2010-08-16,PERSISTENT,94.67447662353516,115.11250305175781,117.42500305175781,114.42500305175781,117.1875,136300
2010-08-17,PERSISTENT,96.24740600585938,117.0250015258789,119.0,114.8375015258789,115.7249984741211,518104
2010-08-18,PERSISTENT,95.95954895019531,116.67500305175781,118.94999694824219,115.75,117.125,391308
2010-08-19,PERSISTENT,97.5838851928711,118.6500015258789,119.75,115.4749984741211,116.8125,535016
2010-08-20,PERSISTENT,98.68391418457031,119.98750305175781,122.9749984741211,118.17500305175781,118.5,1394932
2010-08-23,PERSISTENT,97.87171936035156,119.0,121.0,118.4749984741211,120.2249984741211,303092
2010-08-24,PERSISTENT,97.3885498046875,118.4124984741211,119.75,118.0,119.0,192404
2010-08-25,PERSISTENT,97.48109436035156,118.5250015258789,122.44999694824219,117.75,118.4124984741211,498020
2010-08-26,PERSISTENT,96.38101959228516,117.1875,120.44999694824219,116.6500015258789,118.75,195792
2010-08-27,PERSISTENT,94.22209930419922,114.5625,119.1624984741211,113.8125,117.625,203844
2010-08-30,PERSISTENT,94.64360809326172,115.07499694824219,117.19999694824219,113.875,115.86250305175781,152804
2010-08-31,PERSISTENT,93.39967346191406,113.5625,116.25,112.80000305175781,114.75,206200
2010-09-01,PERSISTENT,93.48190307617188,113.6624984741211,116.19999694824219,113.3375015258789,114.23750305175781,317880
2010-09-02,PERSISTENT,92.19681549072266,112.0999984741211,114.875,111.7750015258789,114.36250305175781,185272
2010-09-03,PERSISTENT,91.09679412841797,110.76249694824219,113.9375,110.25,112.07499694824219,466112
2010-09-06,PERSISTENT,96.1754379272461,116.9375,118.0,111.5,111.8499984741211,707736
2010-09-07,PERSISTENT,94.1604232788086,114.48750305175781,117.75,113.9749984741211,117.48750305175781,201864
2010-09-08,PERSISTENT,94.43799591064453,114.82499694824219,118.69999694824219,113.5,114.7249984741211,765248
2010-09-09,PERSISTENT,94.3249282836914,114.6875,116.125,114.125,115.4000015258789,166980
2010-09-13,PERSISTENT,93.59500885009766,113.80000305175781,116.07499694824219,113.5,115.0250015258789,186508
2010-09-14,PERSISTENT,94.1604232788086,114.48750305175781,115.3499984741211,113.2874984741211,114.4625015258789,254996
2010-09-15,PERSISTENT,91.713623046875,111.51249694824219,114.9375,111.05000305175781,114.9375,295896
2010-09-16,PERSISTENT,88.40326690673828,107.48750305175781,112.125,106.7750015258789,112.125,845904
2010-09-17,PERSISTENT,88.67054748535156,107.8125,110.875,107.48750305175781,107.9375,333768
2010-09-20,PERSISTENT,86.3676986694336,105.01249694824219,109.19999694824219,104.26249694824219,108.0625,385540
2010-09-21,PERSISTENT,85.72000885009766,104.2249984741211,108.625,102.69999694824219,105.9000015258789,1007736
2010-09-22,PERSISTENT,84.6611328125,102.9375,106.0625,102.57499694824219,104.25,344688
2010-09-23,PERSISTENT,83.90032196044922,102.01249694824219,103.625,95.0,100.75,644784
2010-09-24,PERSISTENT,85.39102935791016,103.82499694824219,104.5,101.75,102.48750305175781,291084
2010-09-27,PERSISTENT,86.48077392578125,105.1500015258789,106.19999694824219,103.9000015258789,104.3125,219460
2010-09-28,PERSISTENT,90.49024963378906,110.0250015258789,111.05000305175781,105.2750015258789,105.61250305175781,1008300
2010-09-29,PERSISTENT,90.40801239013672,109.92500305175781,112.0,109.38749694824219,111.25,596652
2010-09-30,PERSISTENT,91.77532958984375,111.5875015258789,113.125,108.25,109.01249694824219,555560
2010-10-01,PERSISTENT,91.90897369384766,111.75,113.5,110.75,111.9375,332480
2010-10-04,PERSISTENT,90.52107238769531,110.0625,112.8125,110.0,112.8125,107204
2010-10-05,PERSISTENT,90.43883514404297,109.9625015258789,110.75,109.01249694824219,110.69999694824219,85204
2010-10-06,PERSISTENT,91.3435287475586,111.0625,113.25,109.5,110.98750305175781,230576
2010-10-07,PERSISTENT,89.73974609375,109.11250305175781,111.98750305175781,108.375,109.5250015258789,299720
2010-10-08,PERSISTENT,89.39020538330078,108.6875,110.5,108.0,109.1500015258789,89400
2010-10-11,PERSISTENT,90.77810668945312,110.375,111.0,108.25,109.375,110488
2010-10-12,PERSISTENT,87.5910873413086,106.5,110.69999694824219,105.75,109.25,140404
2010-10-13,PERSISTENT,89.80142211914062,109.1875,109.98750305175781,106.80000305175781,107.44999694824219,133944
2010-10-14,PERSISTENT,90.582763671875,110.13749694824219,111.75,107.7750015258789,107.7750015258789,173524
2010-10-15,PERSISTENT,87.44717407226562,106.32499694824219,110.75,105.76249694824219,110.375,80420
2010-10-18,PERSISTENT,86.35740661621094,105.0,107.86250305175781,104.25,107.25,241660
2010-10-19,PERSISTENT,89.3490982055664,108.63749694824219,109.0875015258789,105.5250015258789,106.23750305175781,102072
2010-10-20,PERSISTENT,89.07150268554688,108.30000305175781,111.19999694824219,107.25,108.75,171068
2010-10-21,PERSISTENT,87.33409118652344,106.1875,110.5,105.57499694824219,106.5,153088
2010-10-22,PERSISTENT,85.57610321044922,104.05000305175781,108.75,103.5999984741211,107.4000015258789,203848
2010-10-25,PERSISTENT,84.31156158447266,102.51249694824219,105.42500305175781,102.0,105.25,159412
2010-10-26,PERSISTENT,83.0367660522461,100.9625015258789,104.4375,99.7750015258789,103.375,418564
2010-10-27,PERSISTENT,84.013427734375,102.1500015258789,102.5,101.5,101.94999694824219,85168
2010-10-28,PERSISTENT,82.90310668945312,100.80000305175781,102.98750305175781,100.3125,101.0,67392
2010-10-29,PERSISTENT,82.91340637207031,100.8125,102.5,98.75,100.0250015258789,183828
2010-11-01,PERSISTENT,83.63304138183594,101.6875,103.5250015258789,100.375,100.8375015258789,128204
2010-11-02,PERSISTENT,84.08540344238281,102.23750305175781,102.94999694824219,101.26249694824219,102.0,50540
2010-11-03,PERSISTENT,83.54049682617188,101.57499694824219,102.8125,101.25,102.8125,108396
2010-11-04,PERSISTENT,83.27320098876953,101.25,102.0999984741211,100.25,101.3125,193812
2010-11-08,PERSISTENT,84.90785217285156,103.23750305175781,104.0,102.0,104.0,49976
2010-11-09,PERSISTENT,83.83866119384766,101.9375,103.5,101.5875015258789,103.4375,80164
2010-11-10,PERSISTENT,85.6686019897461,104.1624984741211,106.25,101.25,101.75,191676
2010-11-11,PERSISTENT,85.13398742675781,103.51249694824219,106.2249984741211,103.0250015258789,104.73750305175781,238636
2010-11-12,PERSISTENT,83.31434631347656,101.30000305175781,103.625,101.25,102.5,34924
2010-11-15,PERSISTENT,83.54049682617188,101.57499694824219,103.25,100.875,101.4000015258789,44460
2010-11-16,PERSISTENT,81.33016967773438,98.88749694824219,102.17500305175781,98.13749694824219,100.6875,62184
2010-11-18,PERSISTENT,82.14234161376953,99.875,100.5,98.5,99.25,176712
2010-11-19,PERSISTENT,80.826416015625,98.2750015258789,101.0,97.63749694824219,100.0,112892
2010-11-22,PERSISTENT,81.34046173095703,98.9000015258789,99.5,97.75,98.75,135808
2010-11-23,PERSISTENT,80.30211639404297,97.63749694824219,99.69999694824219,97.01249694824219,98.44999694824219,721252
2010-11-24,PERSISTENT,80.36378479003906,97.7125015258789,99.25,97.5,97.75,603208
2010-11-25,PERSISTENT,79.39740753173828,96.5374984741211,99.3499984741211,95.3125,98.2125015258789,39588
2010-11-26,PERSISTENT,77.80391693115234,94.5999984741211,97.4625015258789,92.88749694824219,96.5374984741211,186848
2010-11-29,PERSISTENT,78.46186828613281,95.4000015258789,96.23750305175781,94.0,95.19999694824219,44492
2010-11-30,PERSISTENT,78.63665771484375,95.61250305175781,97.25,94.75,95.0,40792
2010-12-01,PERSISTENT,81.70030212402344,99.3375015258789,99.875,95.0,95.98750305175781,64272
2010-12-02,PERSISTENT,83.43769836425781,101.44999694824219,103.5,100.0,100.0,240096
2010-12-03,PERSISTENT,82.04981994628906,99.76249694824219,101.5625,97.01249694824219,101.44999694824219,66444
2010-12-06,PERSISTENT,82.52273559570312,100.3375015258789,100.75,98.75,98.75,46960
2010-12-07,PERSISTENT,82.34796142578125,100.125,101.7249984741211,99.5,100.0,66552
2010-12-08,PERSISTENT,81.24793243408203,98.7874984741211,100.25,96.2750015258789,100.25,90760
2010-12-09,PERSISTENT,78.35906219482422,95.2750015258789,103.5,95.0,96.75,115456
2010-12-10,PERSISTENT,80.3432388305664,97.6875,99.5,93.75,95.625,74016
2010-12-13,PERSISTENT,83.54049682617188,101.57499694824219,102.57499694824219,98.26249694824219,98.75,368924
2010-12-14,PERSISTENT,82.66665649414062,100.51249694824219,103.75,100.0,102.51249694824219,68084
2010-12-15,PERSISTENT,83.50965881347656,101.5374984741211,102.9625015258789,100.0,100.0,142388
2010-12-16,PERSISTENT,83.82837677001953,101.92500305175781,102.73750305175781,101.25,101.25,47464
2010-12-20,PERSISTENT,84.31156158447266,102.51249694824219,102.8125,99.0,102.48750305175781,71612
2010-12-21,PERSISTENT,85.67887878417969,104.17500305175781,104.76249694824219,102.75,103.0,95904
2010-12-22,PERSISTENT,87.88924407958984,106.86250305175781,107.375,104.375,104.9375,136220
2010-12-23,PERSISTENT,86.9228515625,105.6875,107.25,104.875,106.9000015258789,38924
2010-12-24,PERSISTENT,86.86115264892578,105.61250305175781,106.75,104.5,105.86250305175781,108560
2010-12-27,PERSISTENT,88.78366088867188,107.94999694824219,109.67500305175781,106.0,106.125,209052
2010-12-28,PERSISTENT,89.17430877685547,108.42500305175781,109.125,107.375,108.2249984741211,114348
2010-12-29,PERSISTENT,87.92005920410156,106.9000015258789,108.7125015258789,106.5,107.5,42756
2010-12-30,PERSISTENT,89.96591186523438,109.38749694824219,109.6875,108.2249984741211,108.2249984741211,97816
2010-12-31,PERSISTENT,88.35184478759766,107.42500305175781,110.0,106.5,110.0,53560
2011-01-03,PERSISTENT,88.5677490234375,107.6875,109.5,107.375,108.0,98876
2011-01-04,PERSISTENT,91.84727478027344,111.67500305175781,116.92500305175781,105.5,105.5,766020
2011-01-05,PERSISTENT,91.3949203491211,111.125,112.5,109.5,111.5,102440
2011-01-06,PERSISTENT,91.1893081665039,110.875,114.25,110.25,112.5,100932
2011-01-07,PERSISTENT,90.47996520996094,110.01249694824219,111.9375,109.42500305175781,110.9749984741211,178388
2011-01-10,PERSISTENT,89.49299621582031,108.8125,111.9749984741211,108.51249694824219,111.25,534136
2011-01-11,PERSISTENT,90.51080322265625,110.05000305175781,110.6875,108.8499984741211,109.25,126604
2011-01-12,PERSISTENT,90.52107238769531,110.0625,110.75,109.0,110.5,74532
2011-01-13,PERSISTENT,91.07620239257812,110.73750305175781,111.25,108.75,110.5,100592
2011-01-14,PERSISTENT,89.97618865966797,109.4000015258789,111.0999984741211,109.0,109.375,380316
2011-01-17,PERSISTENT,89.8836669921875,109.2874984741211,109.9749984741211,107.75,107.75,26864
2011-01-18,PERSISTENT,89.19486236572266,108.44999694824219,110.5999984741211,107.01249694824219,110.5999984741211,50668
2011-01-19,PERSISTENT,90.43883514404297,109.9625015258789,113.4124984741211,108.48750305175781,108.5,228160
2011-01-20,PERSISTENT,90.44911193847656,109.9749984741211,111.9000015258789,107.75,109.5,155804
2011-01-21,PERSISTENT,84.46575927734375,102.69999694824219,107.82499694824219,99.6875,107.82499694824219,459144
2011-01-24,PERSISTENT,84.30127716064453,102.5,106.19999694824219,102.0,103.69999694824219,133976
2011-01-25,PERSISTENT,83.69471740722656,101.76249694824219,103.4000015258789,101.2750015258789,102.75,57508
2011-01-27,PERSISTENT,83.7769775390625,101.86250305175781,102.9124984741211,101.3125,102.25,556704
2011-01-28,PERSISTENT,80.50773620605469,97.88749694824219,101.25,97.5,101.05000305175781,53620
2011-01-31,PERSISTENT,80.08186340332031,96.375,99.19999694824219,95.51249694824219,98.86250305175781,35908
2011-02-01,PERSISTENT,79.98837280273438,96.26249694824219,98.4749984741211,94.5,97.1500015258789,48644
2011-02-02,PERSISTENT,80.79856872558594,97.23750305175781,98.25,96.6624984741211,98.25,19704
2011-02-03,PERSISTENT,81.04784393310547,97.5374984741211,99.25,96.5250015258789,99.0,41664
2011-02-04,PERSISTENT,81.525634765625,98.11250305175781,99.67500305175781,96.8125,99.01249694824219,320120
2011-02-07,PERSISTENT,82.23192596435547,98.9625015258789,100.5,97.7750015258789,99.0,43792
2011-02-08,PERSISTENT,81.94110870361328,98.61250305175781,99.2249984741211,98.0,98.75,309384
2011-02-09,PERSISTENT,78.37841796875,94.32499694824219,98.75,93.75,98.0,56088
2011-02-10,PERSISTENT,78.91857147216797,94.9749984741211,103.0,93.5,98.44999694824219,43968
2011-02-11,PERSISTENT,80.38308715820312,96.73750305175781,98.05000305175781,93.75,94.6875,86212
2011-02-14,PERSISTENT,83.30176544189453,100.25,102.25,96.75,98.6875,47088
2011-02-15,PERSISTENT,81.67102813720703,98.2874984741211,101.4749984741211,97.5,101.4749984741211,754308
2011-02-16,PERSISTENT,82.37733459472656,99.13749694824219,101.48750305175781,98.75,99.1500015258789,129388
2011-02-17,PERSISTENT,82.25273132324219,98.98750305175781,100.5999984741211,98.0374984741211,100.0,57160
2011-02-18,PERSISTENT,82.80320739746094,99.6500015258789,101.5,98.55000305175781,98.55000305175781,66492
2011-02-21,PERSISTENT,82.40850067138672,99.17500305175781,99.4749984741211,97.5,97.5,9352
2011-02-22,PERSISTENT,80.8193359375,97.26249694824219,99.25,95.5,97.67500305175781,11748
2011-02-23,PERSISTENT,79.7702407836914,96.0,98.25,95.2750015258789,98.125,10640
2011-02-24,PERSISTENT,79.74948120117188,95.9749984741211,97.0625,93.75,95.375,34528
2011-02-25,PERSISTENT,79.69756317138672,95.9124984741211,97.75,95.0,96.5,13628
2011-02-28,PERSISTENT,78.40959167480469,94.36250305175781,97.23750305175781,93.13749694824219,93.13749694824219,63840
2011-03-01,PERSISTENT,80.88164520263672,97.3375015258789,99.625,95.0374984741211,96.2249984741211,497460
2011-03-03,PERSISTENT,82.0969009399414,98.80000305175781,99.2750015258789,95.25,97.5,133844
2011-03-04,PERSISTENT,84.88054656982422,102.1500015258789,102.75,98.26249694824219,100.0,104216
2011-03-07,PERSISTENT,80.87125396728516,97.32499694824219,101.25,97.25,101.25,27184
2011-03-08,PERSISTENT,79.93644714355469,96.19999694824219,98.4625015258789,95.75,97.30000305175781,87148
2011-03-09,PERSISTENT,79.95722198486328,96.2249984741211,97.375,95.5,96.26249694824219,32472
2011-03-10,PERSISTENT,78.9289321899414,94.98750305175781,97.1875,94.75,97.1875,31396
2011-03-11,PERSISTENT,77.85910034179688,93.69999694824219,96.0374984741211,93.5,94.75,57612
2011-03-14,PERSISTENT,78.39922332763672,94.3499984741211,102.7249984741211,93.5,98.1500015258789,269608
2011-03-15,PERSISTENT,77.25666046142578,92.9749984741211,94.25,92.5,92.80000305175781,23212
2011-03-16,PERSISTENT,76.79967498779297,92.42500305175781,94.61250305175781,92.0,94.61250305175781,20500
2011-03-17,PERSISTENT,75.8648452758789,91.30000305175781,93.5,90.5250015258789,92.375,34352
2011-03-18,PERSISTENT,71.56472778320312,86.125,91.7125015258789,85.25,91.30000305175781,76764
2011-03-21,PERSISTENT,71.31544494628906,85.82499694824219,91.25,83.75,91.2249984741211,53668
2011-03-22,PERSISTENT,72.29181671142578,87.0,88.75,86.25,86.7874984741211,443516
2011-03-23,PERSISTENT,72.02175903320312,86.67500305175781,88.5,85.625,87.0,70100
2011-03-24,PERSISTENT,71.99059295654297,86.63749694824219,87.75,86.26249694824219,86.8125,132568
2011-03-25,PERSISTENT,74.81576538085938,90.0374984741211,91.4749984741211,86.5,87.5,214352
2011-03-28,PERSISTENT,78.07723999023438,93.9625015258789,94.875,89.5,91.25,278596
2011-03-29,PERSISTENT,78.52386474609375,94.5,96.125,92.67500305175781,94.0,51432
2011-03-30,PERSISTENT,76.84119415283203,92.4749984741211,95.7249984741211,92.0,94.75,45920
2011-03-31,PERSISTENT,76.29071044921875,91.8125,93.69999694824219,91.25,92.51249694824219,187968
2011-04-01,PERSISTENT,77.72406768798828,93.5374984741211,96.0,91.75,92.48750305175781,23040
2011-04-04,PERSISTENT,81.0582275390625,97.55000305175781,99.0,94.0625,94.75,93604
2011-04-05,PERSISTENT,82.70973205566406,99.5374984741211,103.75,96.5250015258789,97.55000305175781,195384
2011-04-06,PERSISTENT,84.47545623779297,101.6624984741211,105.0,99.75,105.0,340332
2011-04-07,PERSISTENT,85.79460144042969,103.25,107.25,102.5,102.57499694824219,406512
2011-04-08,PERSISTENT,83.26020812988281,100.19999694824219,104.63749694824219,99.2750015258789,104.1500015258789,119052
2011-04-11,PERSISTENT,84.37159729003906,101.5374984741211,103.2249984741211,98.75,100.0,119896
2011-04-13,PERSISTENT,85.62842559814453,103.05000305175781,108.44999694824219,100.0,101.25,347836
2011-04-15,PERSISTENT,84.8182144165039,102.07499694824219,105.5,100.6500015258789,105.07499694824219,219048
2011-04-18,PERSISTENT,81.47369384765625,98.05000305175781,105.82499694824219,97.05000305175781,103.75,342968
2011-04-19,PERSISTENT,82.04496002197266,98.73750305175781,99.42500305175781,93.75,93.75,348844
2011-04-20,PERSISTENT,82.58507537841797,99.38749694824219,100.5,98.80000305175781,100.5,89028
2011-04-21,PERSISTENT,82.11766815185547,98.82499694824219,100.75,97.94999694824219,100.75,241268
2011-04-25,PERSISTENT,80.95436096191406,97.42500305175781,99.25,97.25,98.375,67620
2011-04-26,PERSISTENT,80.14418029785156,96.44999694824219,99.75,95.625,96.875,401384
2011-04-27,PERSISTENT,81.11016082763672,97.61250305175781,97.9749984741211,96.61250305175781,97.5,257892
2011-04-28,PERSISTENT,81.50483703613281,98.0875015258789,99.0,97.125,98.07499694824219,58032
2011-04-29,PERSISTENT,79.92605590820312,96.1875,98.625,95.75,98.625,66652
2011-05-02,PERSISTENT,80.27922058105469,96.61250305175781,97.0,95.75,97.0,29968
2011-05-03,PERSISTENT,78.81468200683594,94.8499984741211,96.5,94.125,96.25,56204
2011-05-04,PERSISTENT,82.1280746459961,98.8375015258789,100.1875,92.9000015258789,95.4000015258789,82300
2011-05-05,PERSISTENT,80.8193359375,97.26249694824219,102.0,96.7750015258789,102.0,47452
2011-05-06,PERSISTENT,80.55965423583984,96.94999694824219,99.48750305175781,96.32499694824219,97.4625015258789,181800
2011-05-09,PERSISTENT,80.89204406738281,97.3499984741211,98.5,96.76249694824219,97.80000305175781,37640
2011-05-10,PERSISTENT,81.01666259765625,97.5,98.5,96.0,98.0,42112
2011-05-11,PERSISTENT,81.8787841796875,98.5374984741211,100.0,96.57499694824219,98.13749694824219,135324
2011-05-12,PERSISTENT,81.28672790527344,97.82499694824219,98.88749694824219,97.51249694824219,97.51249694824219,24076
2011-05-13,PERSISTENT,81.08938598632812,97.5875015258789,98.63749694824219,87.30000305175781,98.5,237628
2011-05-16,PERSISTENT,80.90242767333984,97.36250305175781,98.75,96.5,96.57499694824219,24664
2011-05-17,PERSISTENT,80.12339782714844,96.42500305175781,98.2249984741211,95.75,98.2249984741211,26832
2011-05-18,PERSISTENT,79.4378890991211,95.5999984741211,97.73750305175781,93.76249694824219,96.25,32152
2011-05-19,PERSISTENT,78.82508087158203,94.86250305175781,98.6500015258789,94.2750015258789,98.6500015258789,11484
2011-05-20,PERSISTENT,78.39922332763672,94.3499984741211,95.375,94.0,94.5250015258789,13308
2011-05-23,PERSISTENT,79.37557983398438,95.5250015258789,96.5,93.26249694824219,94.98750305175781,27312
2011-05-24,PERSISTENT,79.86376190185547,96.11250305175781,98.25,94.4625015258789,98.25,48800
2011-05-25,PERSISTENT,79.36519622802734,95.51249694824219,96.6624984741211,95.25,95.25,11600
2011-05-26,PERSISTENT,79.90530395507812,96.1624984741211,97.5250015258789,94.5875015258789,95.5,130004
2011-05-27,PERSISTENT,80.4661865234375,96.8375015258789,97.5250015258789,95.5,95.5,61948
2011-05-30,PERSISTENT,80.39347839355469,96.75,97.42500305175781,95.875,96.8375015258789,24064
2011-05-31,PERSISTENT,83.55104064941406,100.55000305175781,102.44999694824219,95.75,95.7750015258789,263020
2011-06-01,PERSISTENT,82.83435821533203,99.6875,101.7249984741211,97.80000305175781,100.7750015258789,66764
2011-06-02,PERSISTENT,80.32075500488281,96.6624984741211,98.75,95.75,98.75,40632
2011-06-03,PERSISTENT,79.83258819580078,96.07499694824219,97.9000015258789,96.0374984741211,97.2249984741211,99848
2011-06-06,PERSISTENT,79.6664047241211,95.875,97.36250305175781,95.25,97.36250305175781,12196
2011-06-07,PERSISTENT,81.47369384765625,98.05000305175781,98.88749694824219,95.69999694824219,96.0,47776
2011-06-08,PERSISTENT,80.85050201416016,97.30000305175781,99.36250305175781,96.57499694824219,97.01249694824219,44452
2011-06-09,PERSISTENT,80.25843811035156,96.5875015258789,98.75,96.25,97.9749984741211,709004
2011-06-10,PERSISTENT,79.69756317138672,95.9124984741211,97.51249694824219,95.375,97.25,15700
2011-06-13,PERSISTENT,78.1083984375,94.0,96.25,93.5374984741211,95.375,41748
2011-06-14,PERSISTENT,77.74485778808594,93.5625,95.25,93.32499694824219,95.25,25320
2011-06-15,PERSISTENT,77.80715942382812,93.63749694824219,94.94999694824219,93.25,94.8125,14664
2011-06-16,PERSISTENT,77.39168548583984,93.13749694824219,93.75,92.01249694824219,93.51249694824219,46772
2011-06-17,PERSISTENT,73.74595642089844,88.75,94.9749984741211,88.25,94.75,63404
2011-06-20,PERSISTENT,70.42218780517578,84.75,90.75,84.25,90.75,68612
2011-06-21,PERSISTENT,73.94330596923828,88.98750305175781,89.75,83.7750015258789,87.5,45412
2011-06-22,PERSISTENT,75.53247833251953,90.9000015258789,92.5,89.0,89.0,116908
2011-06-23,PERSISTENT,73.8394546508789,88.86250305175781,91.0,88.0,91.0,84036
2011-06-24,PERSISTENT,75.8856201171875,91.32499694824219,92.4124984741211,88.8375015258789,89.9375,52436
2011-06-27,PERSISTENT,77.0801010131836,92.76249694824219,93.8499984741211,91.375,91.375,27256
2011-06-28,PERSISTENT,76.81005096435547,92.4375,94.75,87.5,93.44999694824219,196172
2011-06-29,PERSISTENT,76.5400161743164,92.11250305175781,92.8499984741211,91.5250015258789,92.375,463392
2011-06-30,PERSISTENT,75.8856201171875,91.32499694824219,94.19999694824219,90.75,92.05000305175781,43684
2011-07-01,PERSISTENT,74.96119689941406,90.2125015258789,92.8499984741211,89.75,92.01249694824219,23008
2011-07-04,PERSISTENT,76.35301208496094,91.88749694824219,92.4749984741211,90.88749694824219,91.25,14372
2011-07-05,PERSISTENT,76.39456176757812,91.9375,92.61250305175781,90.25,92.0250015258789,20076
2011-07-06,PERSISTENT,78.4926986694336,94.4625015258789,99.0,92.75,92.75,488280
2011-07-07,PERSISTENT,76.92428588867188,92.57499694824219,95.5,91.5,95.4749984741211,206840
2011-07-08,PERSISTENT,77.26707458496094,92.98750305175781,94.375,92.5,92.7750015258789,52728
2011-07-11,PERSISTENT,76.60230255126953,92.1875,93.5374984741211,91.75,93.2125015258789,44056
2011-07-12,PERSISTENT,75.79214477539062,91.2125015258789,92.75,90.8499984741211,91.67500305175781,28012
2011-07-13,PERSISTENT,77.23590087890625,92.94999694824219,93.4749984741211,91.0,91.2125015258789,49252
2011-07-14,PERSISTENT,78.1431884765625,93.6624984741211,94.75,91.9375,92.92500305175781,55572
2011-07-15,PERSISTENT,79.2903823852539,95.0374984741211,95.61250305175781,93.5250015258789,94.7249984741211,65532
2011-07-18,PERSISTENT,78.02848815917969,93.5250015258789,96.6875,93.0,96.6875,46692
2011-07-19,PERSISTENT,75.69243621826172,90.7249984741211,93.67500305175781,89.4749984741211,93.67500305175781,83528
2011-07-20,PERSISTENT,75.72371673583984,90.76249694824219,91.75,90.5,91.75,44936
2011-07-21,PERSISTENT,74.87899017333984,89.75,91.75,89.32499694824219,91.25,138396
2011-07-22,PERSISTENT,76.34943389892578,91.51249694824219,91.98750305175781,89.5,90.75,30744
2011-07-25,PERSISTENT,75.13968658447266,90.0625,92.0250015258789,89.9749984741211,92.0250015258789,21872
2011-07-26,PERSISTENT,74.20112609863281,88.9375,90.94999694824219,88.51249694824219,90.0,45180
2011-07-27,PERSISTENT,74.07595825195312,88.7874984741211,91.5,87.5,91.2249984741211,40592
2011-07-28,PERSISTENT,74.10724639892578,88.82499694824219,90.0,87.63749694824219,90.0,706376
2011-07-29,PERSISTENT,74.11767578125,88.8375015258789,89.5,88.0,88.0,16260
2011-08-01,PERSISTENT,74.37841033935547,89.1500015258789,89.9000015258789,87.5,87.7750015258789,26500
2011-08-02,PERSISTENT,74.044677734375,88.75,88.86250305175781,87.51249694824219,88.0625,215128
2011-08-03,PERSISTENT,75.2752914428711,90.2249984741211,90.9749984741211,87.48750305175781,87.625,278232
2011-08-04,PERSISTENT,75.10844421386719,90.0250015258789,90.75,88.8125,89.9749984741211,69520
2011-08-05,PERSISTENT,73.43978881835938,88.0250015258789,88.7249984741211,87.17500305175781,87.51249694824219,99516
2011-08-08,PERSISTENT,71.15589904785156,85.2874984741211,87.5,82.5,87.25,194716
2011-08-09,PERSISTENT,65.93103790283203,79.0250015258789,85.0,78.5,84.75,212724
2011-08-10,PERSISTENT,66.097900390625,79.2249984741211,83.0,77.75,80.0,422604
2011-08-11,PERSISTENT,63.740989685058594,76.4000015258789,80.25,75.25,79.26249694824219,254124
2011-08-12,PERSISTENT,62.76066207885742,75.2249984741211,78.0,72.6624984741211,76.2249984741211,198128
2011-08-16,PERSISTENT,63.042274475097656,75.5625,78.4749984741211,75.0,76.5,44368
2011-08-17,PERSISTENT,64.70045471191406,77.55000305175781,78.80000305175781,75.0,75.63749694824219,98908
2011-08-18,PERSISTENT,62.990116119384766,75.5,79.5,74.75,77.25,70788
2011-08-19,PERSISTENT,62.49996566772461,74.9124984741211,78.32499694824219,70.25,72.51249694824219,74448
2011-08-22,PERSISTENT,62.5521125793457,74.9749984741211,76.25,74.0875015258789,74.25,18736
2011-08-23,PERSISTENT,62.718990325927734,75.17500305175781,76.0,74.0,74.75,11116
2011-08-24,PERSISTENT,62.593814849853516,75.0250015258789,76.25,73.76249694824219,75.75,18820
2011-08-25,PERSISTENT,61.331932067871094,73.51249694824219,76.26249694824219,73.25,76.25,48896
2011-08-26,PERSISTENT,59.63203048706055,71.4749984741211,74.0,71.0,73.3125,42248
2011-08-29,PERSISTENT,64.34587097167969,77.125,78.25,70.55000305175781,73.75,68864
2011-08-30,PERSISTENT,66.97392272949219,80.2750015258789,92.0,75.5625,78.73750305175781,397204
2011-09-02,PERSISTENT,65.61817932128906,78.6500015258789,80.07499694824219,78.2750015258789,80.0,15252
2011-09-05,PERSISTENT,65.39918518066406,78.38749694824219,79.0,75.32499694824219,77.7249984741211,36860
2011-09-06,PERSISTENT,64.5752944946289,77.4000015258789,78.25,75.9375,77.6624984741211,19244
2011-09-07,PERSISTENT,63.85569381713867,76.5374984741211,78.61250305175781,75.25,78.61250305175781,48736
2011-09-08,PERSISTENT,65.37832641601562,78.36250305175781,79.0,75.75,75.75,25096
2011-09-09,PERSISTENT,63.84527587890625,76.5250015258789,78.5,76.0,78.5,16864
2011-09-12,PERSISTENT,64.05386352539062,76.7750015258789,77.86250305175781,75.9000015258789,76.25,17184
2011-09-13,PERSISTENT,62.83367919921875,75.3125,78.6875,74.5250015258789,77.5250015258789,31124
2011-09-14,PERSISTENT,62.541683197021484,74.9625015258789,76.25,74.0875015258789,75.625,24836
2011-09-15,PERSISTENT,63.38642120361328,75.9749984741211,76.73750305175781,75.11250305175781,76.1875,16992
2011-09-16,PERSISTENT,62.885833740234375,75.375,76.92500305175781,74.5,76.6875,30132
2011-09-19,PERSISTENT,62.68766784667969,75.13749694824219,76.7249984741211,74.5,74.5,17480
2011-09-20,PERSISTENT,63.198692321777344,75.75,76.42500305175781,74.55000305175781,74.55000305175781,38896
2011-09-21,PERSISTENT,63.17782211303711,75.7249984741211,76.25,75.0,75.75,10332
2011-09-22,PERSISTENT,62.812835693359375,75.2874984741211,75.57499694824219,75.0,75.25,25200
2011-09-23,PERSISTENT,62.718990325927734,75.17500305175781,76.0,74.25,74.25,21380
2011-09-26,PERSISTENT,62.645957946777344,75.0875015258789,76.2249984741211,73.86250305175781,73.875,38804
2011-09-27,PERSISTENT,65.31574249267578,78.2874984741211,79.0,73.80000305175781,74.0374984741211,104756
2011-09-28,PERSISTENT,63.61582946777344,76.25,79.19999694824219,76.0,79.19999694824219,91724
2011-09-29,PERSISTENT,63.86614227294922,76.55000305175781,78.0,76.2750015258789,77.25,19400
2011-09-30,PERSISTENT,63.61582946777344,76.25,77.98750305175781,76.0,77.98750305175781,50380
2011-10-03,PERSISTENT,62.593814849853516,75.0250015258789,76.25,74.7750015258789,76.25,30800
2011-10-04,PERSISTENT,62.562538146972656,74.98750305175781,75.5,73.76249694824219,75.0,51880
2011-10-05,PERSISTENT,62.58339309692383,75.01249694824219,78.69999694824219,74.7750015258789,75.25,61256
2011-10-07,PERSISTENT,62.572959899902344,75.0,77.25,71.63749694824219,71.63749694824219,49104
2011-10-10,PERSISTENT,62.572959899902344,75.0,76.125,74.98750305175781,75.0,39600
2011-10-11,PERSISTENT,61.58222579956055,73.8125,75.92500305175781,73.26249694824219,75.2249984741211,37764
2011-10-12,PERSISTENT,63.396854400634766,75.98750305175781,76.4749984741211,74.0,74.94999694824219,28736
2011-10-13,PERSISTENT,63.77227783203125,76.4375,76.94999694824219,75.2750015258789,76.0,13952
2011-10-14,PERSISTENT,66.76535034179688,80.0250015258789,81.4749984741211,75.32499694824219,75.38749694824219,71300
2011-10-17,PERSISTENT,67.46408081054688,80.86250305175781,83.1624984741211,79.375,81.0999984741211,272584
2011-10-18,PERSISTENT,65.73289489746094,78.7874984741211,79.7874984741211,77.4000015258789,79.7874984741211,40852
2011-10-19,PERSISTENT,65.74333953857422,78.80000305175781,81.0,78.51249694824219,79.5,22512
2011-10-20,PERSISTENT,64.92989349365234,77.82499694824219,79.69999694824219,77.5,79.25,24112
2011-10-21,PERSISTENT,65.00289154052734,77.9124984741211,79.0,76.51249694824219,77.25,17388
2011-10-24,PERSISTENT,66.20218658447266,79.3499984741211,79.94999694824219,75.51249694824219,78.0,18100
2011-10-25,PERSISTENT,65.21145629882812,78.1624984741211,79.375,77.25,77.25,12952
2011-10-28,PERSISTENT,64.92989349365234,77.82499694824219,79.1624984741211,77.5,78.5,32800
2011-10-31,PERSISTENT,66.57764434814453,79.80000305175781,80.17500305175781,70.3125,78.0,42184
2011-11-01,PERSISTENT,65.18016815185547,78.125,79.7249984741211,75.8375015258789,79.7125015258789,40828
2011-11-02,PERSISTENT,64.76303100585938,77.625,78.98750305175781,77.05000305175781,78.98750305175781,8116
2011-11-03,PERSISTENT,65.71204376220703,78.76249694824219,79.5,76.5,77.25,7864
2011-11-04,PERSISTENT,65.33663177490234,78.3125,78.9375,77.8125,77.8125,13348
2011-11-08,PERSISTENT,64.71086883544922,77.5625,87.80000305175781,77.3499984741211,87.80000305175781,11480
2011-11-09,PERSISTENT,65.7537612915039,78.8125,79.9749984741211,77.5,79.9749984741211,21776
2011-11-11,PERSISTENT,65.73289489746094,78.7874984741211,79.0,77.5,77.76249694824219,28480
2011-11-14,PERSISTENT,65.73289489746094,78.7874984741211,79.0,78.0,78.75,13060
2011-11-15,PERSISTENT,65.59732055664062,78.625,79.2249984741211,76.5,78.75,24744
2011-11-16,PERSISTENT,65.79546356201172,78.86250305175781,79.25,77.5,77.625,30492
2011-11-17,PERSISTENT,65.39918518066406,78.38749694824219,78.75,77.5374984741211,78.0,105552
2011-11-18,PERSISTENT,66.2856216430664,79.44999694824219,80.25,77.0,77.75,45964
2011-11-21,PERSISTENT,67.1824951171875,80.5250015258789,81.0,77.76249694824219,78.30000305175781,119400
2011-11-22,PERSISTENT,67.80824279785156,81.2750015258789,82.5,78.1624984741211,79.0250015258789,291892
2011-11-23,PERSISTENT,67.39108276367188,80.7750015258789,81.17500305175781,78.4000015258789,80.26249694824219,22648
2011-11-24,PERSISTENT,66.30648040771484,79.4749984741211,79.75,77.6624984741211,79.07499694824219,10588
2011-11-25,PERSISTENT,67.33893585205078,80.7125015258789,81.2249984741211,77.69999694824219,80.9749984741211,16948
2011-11-28,PERSISTENT,68.11066436767578,81.63749694824219,82.4375,75.5,79.0,119808
2011-11-29,PERSISTENT,67.00521087646484,80.3125,81.4375,79.0374984741211,80.25,126960
2011-11-30,PERSISTENT,66.55677032470703,79.7750015258789,80.5,78.25,80.0,38856
2011-12-01,PERSISTENT,66.22306060791016,79.375,80.48750305175781,79.01249694824219,80.4625015258789,102160
2011-12-02,PERSISTENT,65.04459381103516,77.9625015258789,79.4749984741211,77.75,79.375,18280
2011-12-05,PERSISTENT,64.38758850097656,77.17500305175781,78.48750305175781,76.57499694824219,77.875,12564
2011-12-07,PERSISTENT,63.43854522705078,76.0374984741211,78.0374984741211,75.94999694824219,76.2750015258789,70472
2011-12-08,PERSISTENT,63.396854400634766,75.98750305175781,77.0,74.75,75.875,32052
2011-12-09,PERSISTENT,63.647132873535156,76.2874984741211,76.75,74.5,75.25,319304
2011-12-12,PERSISTENT,62.739830017089844,75.19999694824219,76.75,75.0250015258789,76.0,217012
2011-12-13,PERSISTENT,63.43854522705078,76.0374984741211,77.0,73.5,74.5,37608
2011-12-14,PERSISTENT,63.5845832824707,76.2125015258789,77.25,73.75,74.0,256604
2011-12-15,PERSISTENT,63.70969772338867,76.36250305175781,77.5,75.25,75.25,27036
2011-12-16,PERSISTENT,63.84527587890625,76.5250015258789,77.1500015258789,76.125,76.36250305175781,36232
2011-12-19,PERSISTENT,62.8962516784668,75.38749694824219,76.25,74.82499694824219,75.13749694824219,198188
2011-12-20,PERSISTENT,63.02138900756836,75.5374984741211,77.2249984741211,74.5250015258789,77.2249984741211,47332
2011-12-21,PERSISTENT,63.17782211303711,75.7249984741211,77.2125015258789,75.4000015258789,76.5374984741211,22252
2011-12-22,PERSISTENT,62.34352493286133,74.7249984741211,76.125,73.75,75.5,45224
2011-12-23,PERSISTENT,64.7213134765625,77.57499694824219,77.94999694824219,74.17500305175781,75.25,73236
2011-12-26,PERSISTENT,66.7444839477539,80.0,80.5,77.25,77.4124984741211,95020
2011-12-27,PERSISTENT,67.8291015625,81.30000305175781,81.61250305175781,79.75,80.0,32884
2011-12-28,PERSISTENT,66.78621673583984,80.05000305175781,81.3125,78.32499694824219,79.75,29028
2011-12-29,PERSISTENT,68.88240814208984,82.5625,83.0,77.625,80.25,41984
2011-12-30,PERSISTENT,68.50695037841797,82.11250305175781,82.375,80.5250015258789,82.375,19224
2012-01-02,PERSISTENT,67.01565551757812,80.32499694824219,83.125,79.63749694824219,82.375,14296
2012-01-03,PERSISTENT,66.22306060791016,79.375,81.88749694824219,79.25,81.0,8028
2012-01-04,PERSISTENT,65.9727554321289,79.07499694824219,80.5,78.375,80.5,5480
2012-01-05,PERSISTENT,65.93103790283203,79.0250015258789,80.5,78.75,80.25,3760
2012-01-06,PERSISTENT,66.04576873779297,79.1624984741211,82.5,78.26249694824219,82.5,7760
2012-01-09,PERSISTENT,66.46292877197266,79.6624984741211,80.75,77.51249694824219,79.25,20356
2012-01-10,PERSISTENT,67.05735778808594,80.375,80.75,79.7249984741211,80.25,33364
2012-01-11,PERSISTENT,67.8291015625,81.30000305175781,82.5,80.63749694824219,81.5,12428
2012-01-12,PERSISTENT,67.96469116210938,81.4625015258789,81.73750305175781,79.51249694824219,80.01249694824219,38872
2012-01-13,PERSISTENT,67.7039566040039,81.1500015258789,81.73750305175781,79.5999984741211,80.6500015258789,8372
2012-01-16,PERSISTENT,67.07820892333984,80.4000015258789,81.94999694824219,75.2874984741211,75.2874984741211,5336
2012-01-17,PERSISTENT,67.8812484741211,81.36250305175781,82.25,80.76249694824219,81.92500305175781,28300
2012-01-18,PERSISTENT,66.75492858886719,80.01249694824219,81.5,79.75,80.26249694824219,6868
2012-01-19,PERSISTENT,66.7444839477539,80.0,81.25,79.875,81.25,8508
2012-01-20,PERSISTENT,66.84880065917969,80.125,81.17500305175781,79.625,80.73750305175781,12068
2012-01-23,PERSISTENT,66.7027816772461,79.94999694824219,81.25,79.63749694824219,80.0,30896
2012-01-24,PERSISTENT,69.13272094726562,82.86250305175781,85.2750015258789,80.7249984741211,80.7249984741211,83272
2012-01-25,PERSISTENT,67.73087310791016,80.32499694824219,82.75,80.0,82.0,20724
2012-01-27,PERSISTENT,67.58329010009766,80.1500015258789,81.0,79.5,80.0625,11808
2012-01-30,PERSISTENT,67.36194610595703,79.88749694824219,81.51249694824219,79.5625,80.1500015258789,33908
2012-01-31,PERSISTENT,68.14192199707031,80.8125,81.75,79.76249694824219,80.0,22936
2012-02-01,PERSISTENT,68.78488159179688,81.57499694824219,82.2874984741211,80.25,82.2874984741211,14428
2012-02-02,PERSISTENT,68.63731384277344,81.4000015258789,83.05000305175781,80.25,83.05000305175781,21208
2012-02-03,PERSISTENT,68.13140106201172,80.80000305175781,82.5,80.0250015258789,82.0,29780
2012-02-06,PERSISTENT,67.80464172363281,80.4124984741211,82.42500305175781,80.0,81.5,26112
2012-02-07,PERSISTENT,67.27762603759766,79.7874984741211,80.75,79.0,80.75,20796
2012-02-08,PERSISTENT,67.57275390625,80.13749694824219,80.75,78.75,80.0,9916
2012-02-09,PERSISTENT,66.74009704589844,79.1500015258789,79.7750015258789,78.7750015258789,79.6500015258789,18756
2012-02-10,PERSISTENT,66.46604919433594,78.82499694824219,80.0,78.375,79.0,50908
2012-02-13,PERSISTENT,66.81389617919922,79.23750305175781,79.5,78.8125,79.0625,10360
2012-02-14,PERSISTENT,66.42386627197266,78.7750015258789,80.0,78.5,80.0,378120
2012-02-15,PERSISTENT,66.529296875,78.9000015258789,80.25,78.11250305175781,80.0,60476
2012-02-16,PERSISTENT,66.40280151367188,78.75,79.98750305175781,78.375,78.9749984741211,21764
2012-02-17,PERSISTENT,67.5938491821289,80.1624984741211,81.25,79.2750015258789,79.8125,71080
2012-02-21,PERSISTENT,67.22493743896484,79.7249984741211,80.75,79.1875,80.0,756056
2012-02-22,PERSISTENT,66.37116241455078,78.7125015258789,80.25,77.5,80.25,255408
2012-02-23,PERSISTENT,65.34880065917969,77.5,79.2249984741211,77.19999694824219,79.2249984741211,28148
2012-02-24,PERSISTENT,66.77173614501953,79.1875,79.5,76.75,77.5,25984
2012-02-27,PERSISTENT,65.16960906982422,77.2874984741211,79.01249694824219,76.7750015258789,79.01249694824219,18300
2012-02-28,PERSISTENT,65.64390563964844,77.8499984741211,78.5,76.5374984741211,77.5,5968
2012-02-29,PERSISTENT,65.12748718261719,77.23750305175781,79.61250305175781,76.86250305175781,78.25,14740
2012-03-01,PERSISTENT,64.23155975341797,76.17500305175781,78.23750305175781,76.0374984741211,78.23750305175781,2032260
2012-03-02,PERSISTENT,66.43441772460938,78.7874984741211,85.25,76.5999984741211,77.0250015258789,293696
2012-03-05,PERSISTENT,65.63338470458984,77.8375015258789,80.0,77.2874984741211,80.0,13512
2012-03-06,PERSISTENT,66.32901000976562,78.6624984741211,83.0,77.5,77.8375015258789,186456
2012-03-07,PERSISTENT,65.74930572509766,77.9749984741211,79.625,77.75,79.625,7648
2012-03-09,PERSISTENT,66.84548950195312,79.2750015258789,80.5,77.875,79.4749984741211,26092
2012-03-12,PERSISTENT,66.27632141113281,78.5999984741211,81.57499694824219,78.375,80.82499694824219,8932
2012-03-13,PERSISTENT,66.45551300048828,78.8125,79.9749984741211,78.01249694824219,79.9749984741211,18648
2012-03-14,PERSISTENT,66.25523376464844,78.57499694824219,79.75,77.80000305175781,78.375,35960
2012-03-15,PERSISTENT,66.61360168457031,79.0,79.4000015258789,77.76249694824219,78.75,47700
2012-03-16,PERSISTENT,65.25392150878906,77.38749694824219,80.0,75.8375015258789,79.0,128668
2012-03-19,PERSISTENT,65.57013702392578,77.76249694824219,78.625,76.5,78.625,15776
2012-03-20,PERSISTENT,65.35934448242188,77.51249694824219,78.19999694824219,77.0,77.625,12608
2012-03-21,PERSISTENT,67.38304138183594,79.9124984741211,80.5,76.5250015258789,77.75,56076
2012-03-22,PERSISTENT,68.50030517578125,81.23750305175781,82.0625,79.0,80.0,78716
2012-03-23,PERSISTENT,68.51083374023438,81.25,82.0250015258789,80.0,81.2249984741211,421388
2012-03-26,PERSISTENT,67.03522491455078,79.5,81.5,78.2750015258789,81.01249694824219,223036
2012-03-27,PERSISTENT,66.33956909179688,78.67500305175781,80.01249694824219,78.0250015258789,79.5,17000
2012-03-28,PERSISTENT,68.50030517578125,81.23750305175781,81.88749694824219,78.0250015258789,78.75,83820
2012-03-29,PERSISTENT,67.46736145019531,80.01249694824219,80.4749984741211,78.5374984741211,80.0,27916
2012-03-30,PERSISTENT,66.8349380493164,79.26249694824219,81.75,79.0,80.0,23220
2012-04-02,PERSISTENT,66.8033218383789,79.2249984741211,81.0625,79.125,80.75,11832
2012-04-03,PERSISTENT,67.92060852050781,80.55000305175781,80.98750305175781,79.25,79.8499984741211,22148
2012-04-04,PERSISTENT,68.46865844726562,81.19999694824219,81.51249694824219,79.75,80.94999694824219,27068
2012-04-09,PERSISTENT,70.13401794433594,83.17500305175781,83.75,80.0,81.5,129096
2012-04-10,PERSISTENT,69.63862609863281,82.5875015258789,84.92500305175781,81.51249694824219,83.25,30272
2012-04-11,PERSISTENT,70.47130584716797,83.57499694824219,84.0,80.75,82.5,38344
2012-04-12,PERSISTENT,69.42782592773438,82.3375015258789,83.9375,81.30000305175781,83.75,26596
2012-04-13,PERSISTENT,68.47919464111328,81.2125015258789,83.625,81.0,83.0,110720
2012-04-16,PERSISTENT,67.67816925048828,80.26249694824219,81.19999694824219,80.0,80.2750015258789,8236
2012-04-17,PERSISTENT,68.41596984863281,81.13749694824219,81.73750305175781,79.75,80.5,9984
2012-04-18,PERSISTENT,70.31320190429688,83.38749694824219,83.82499694824219,80.73750305175781,81.44999694824219,45260
2012-04-19,PERSISTENT,70.68207550048828,83.82499694824219,84.25,83.25,83.75,31376
2012-04-20,PERSISTENT,70.63992309570312,83.7750015258789,85.25,83.5,84.0,24868
2012-04-23,PERSISTENT,69.25918579101562,82.13749694824219,86.5,80.5625,85.0374984741211,73356
2012-04-24,PERSISTENT,74.23412322998047,88.0374984741211,90.7750015258789,82.25,82.26249694824219,459476
2012-04-25,PERSISTENT,74.56088256835938,88.42500305175781,88.75,85.6875,88.7125015258789,219680
2012-04-26,PERSISTENT,74.55033111572266,88.4124984741211,88.7249984741211,86.26249694824219,88.375,63828
2012-04-27,PERSISTENT,73.45415496826172,87.11250305175781,88.625,86.5,88.625,516164
2012-04-30,PERSISTENT,75.84677124023438,89.94999694824219,91.17500305175781,84.55000305175781,85.67500305175781,71384
2012-05-02,PERSISTENT,79.69392395019531,94.51249694824219,95.0,87.75,87.75,269348
2012-05-03,PERSISTENT,76.89022827148438,91.1875,93.5,90.25,93.5,54684
2012-05-04,PERSISTENT,79.48311614990234,94.26249694824219,97.0,91.2750015258789,92.25,159184
2012-05-07,PERSISTENT,78.72422790527344,93.36250305175781,95.0250015258789,91.5250015258789,94.25,74628
2012-05-08,PERSISTENT,77.96532440185547,92.4625015258789,95.75,91.5,93.5,68776
2012-05-09,PERSISTENT,76.89022827148438,91.1875,92.5,90.25,92.5,22940
2012-05-10,PERSISTENT,76.39485168457031,90.5999984741211,92.5,90.25,92.5,59828
2012-05-11,PERSISTENT,76.41593170166016,90.625,91.75,90.0625,90.75,53088
2012-05-14,PERSISTENT,74.85598754882812,88.7750015258789,92.5,87.63749694824219,90.5,242792
2012-05-15,PERSISTENT,74.65572357177734,88.5374984741211,89.25,87.88749694824219,88.05000305175781,82148
2012-05-16,PERSISTENT,73.53848266601562,87.2125015258789,89.25,86.5374984741211,88.75,152580
2012-05-17,PERSISTENT,74.09711456298828,87.875,88.5,84.5,88.0625,83824
2012-05-18,PERSISTENT,73.74927520751953,87.4625015258789,88.7249984741211,85.3125,87.8499984741211,122420
2012-05-21,PERSISTENT,73.5595474243164,87.23750305175781,88.0,86.5,87.2249984741211,87540
2012-05-22,PERSISTENT,73.61224365234375,87.30000305175781,87.75,86.80000305175781,87.5,29556
2012-05-23,PERSISTENT,72.51607513427734,86.0,87.48750305175781,85.7750015258789,86.30000305175781,101908
2012-05-24,PERSISTENT,72.48445892333984,85.9625015258789,86.48750305175781,85.2750015258789,85.2874984741211,17364
2012-05-25,PERSISTENT,72.11555480957031,85.5250015258789,90.0,85.0374984741211,86.25,18412
2012-05-28,PERSISTENT,72.70579528808594,86.2249984741211,87.5,84.9124984741211,86.51249694824219,141192
2012-05-29,PERSISTENT,72.13665771484375,85.55000305175781,87.8499984741211,85.375,87.8499984741211,26820
2012-05-30,PERSISTENT,72.31580352783203,85.76249694824219,87.0,85.5,87.0,9688
2012-05-31,PERSISTENT,72.38958740234375,85.8499984741211,86.875,85.0250015258789,86.25,17388
2012-06-01,PERSISTENT,72.87446594238281,86.42500305175781,88.6624984741211,85.375,86.5,27856
2012-06-04,PERSISTENT,71.92583465576172,85.30000305175781,86.0,84.375,86.0,14244
2012-06-05,PERSISTENT,72.14715576171875,85.5625,86.23750305175781,85.0,85.25,10068
2012-06-06,PERSISTENT,73.39092254638672,87.0374984741211,87.98750305175781,85.0,85.0,552456
2012-06-07,PERSISTENT,73.82305145263672,87.55000305175781,88.17500305175781,86.75,86.75,315468
2012-06-08,PERSISTENT,74.00222778320312,87.76249694824219,87.98750305175781,86.55000305175781,87.48750305175781,31808
2012-06-11,PERSISTENT,73.94953155517578,87.69999694824219,89.75,87.13749694824219,88.5,22480
2012-06-12,PERSISTENT,73.54901123046875,87.2249984741211,87.5,86.76249694824219,87.4749984741211,27024
2012-06-13,PERSISTENT,74.19195556640625,87.98750305175781,89.2249984741211,86.76249694824219,87.5,43484
2012-06-14,PERSISTENT,73.6544189453125,87.3499984741211,88.75,86.5625,88.25,39180
2012-06-15,PERSISTENT,73.85469055175781,87.5875015258789,88.5,86.5250015258789,88.2125015258789,4220
2012-06-18,PERSISTENT,74.41329956054688,88.25,89.0,86.6624984741211,87.5999984741211,18872
2012-06-19,PERSISTENT,78.69259643554688,93.32499694824219,95.0,87.05000305175781,88.875,773460
2012-06-20,PERSISTENT,79.3777084350586,94.13749694824219,95.5,90.57499694824219,93.55000305175781,134812
2012-06-21,PERSISTENT,81.87571716308594,97.0999984741211,97.875,93.75,94.86250305175781,207668
2012-06-22,PERSISTENT,81.24330139160156,96.3499984741211,98.0,93.1624984741211,98.0,57852
2012-06-25,PERSISTENT,83.04566955566406,98.48750305175781,99.13749694824219,94.82499694824219,95.0,126484
2012-06-26,PERSISTENT,83.42511749267578,98.9375,100.0,96.75,98.48750305175781,113092
2012-06-27,PERSISTENT,83.26702117919922,98.75,99.73750305175781,97.75,98.75,56580
2012-06-28,PERSISTENT,84.03643035888672,99.6624984741211,101.17500305175781,97.5625,97.5625,118008
2012-06-29,PERSISTENT,83.57266998291016,99.11250305175781,100.5,98.6624984741211,100.48750305175781,43016
2012-07-02,PERSISTENT,83.49888610839844,99.0250015258789,99.5,97.7750015258789,99.25,34088
2012-07-03,PERSISTENT,83.81511688232422,99.4000015258789,99.75,98.75,99.2249984741211,18996
2012-07-04,PERSISTENT,83.19322967529297,98.6624984741211,99.9000015258789,96.4375,99.5,70792
2012-07-05,PERSISTENT,83.31973266601562,98.8125,99.75,97.5625,99.5,32916
2012-07-06,PERSISTENT,80.86387634277344,95.9000015258789,101.125,95.5,100.0,36956
2012-07-09,PERSISTENT,80.01011657714844,94.88749694824219,96.75,94.25,96.75,11900
2012-07-10,PERSISTENT,79.99956512451172,94.875,96.0,94.375,95.0,31644
2012-07-11,PERSISTENT,83.27754211425781,98.76249694824219,99.625,95.0,95.73750305175781,61440
2012-07-12,PERSISTENT,82.23406982421875,97.5250015258789,100.25,96.5625,100.25,66528
2012-07-13,PERSISTENT,82.2129898071289,97.5,99.92500305175781,96.32499694824219,99.9124984741211,24312
2012-07-16,PERSISTENT,82.22354888916016,97.51249694824219,98.5,96.0250015258789,98.5,28272
2012-07-17,PERSISTENT,82.73275756835938,97.48750305175781,98.75,94.05000305175781,97.98750305175781,116688
2012-07-18,PERSISTENT,80.71717834472656,95.11250305175781,98.0,94.125,97.5,35492
2012-07-19,PERSISTENT,83.42225646972656,98.30000305175781,99.0,95.375,97.17500305175781,97264
2012-07-20,PERSISTENT,84.7376480102539,99.8499984741211,102.36250305175781,98.88749694824219,99.94999694824219,220496
2012-07-23,PERSISTENT,81.19457244873047,95.67500305175781,99.8375015258789,94.19999694824219,99.0,46544
2012-07-24,PERSISTENT,80.4944076538086,94.8499984741211,96.75,93.7750015258789,95.0,27464
2012-07-25,PERSISTENT,80.0700912475586,94.3499984741211,96.11250305175781,93.625,95.5875015258789,22820
2012-07-26,PERSISTENT,80.57928466796875,94.94999694824219,96.8499984741211,94.26249694824219,95.48750305175781,35804
2012-07-27,PERSISTENT,77.82117462158203,91.69999694824219,98.5,91.3125,98.3375015258789,20812
2012-07-30,PERSISTENT,78.88199615478516,92.94999694824219,93.98750305175781,92.1624984741211,93.17500305175781,39180
2012-07-31,PERSISTENT,81.65068817138672,96.2125015258789,96.25,92.9625015258789,92.9625015258789,35660
2012-08-01,PERSISTENT,80.45198059082031,94.80000305175781,96.13749694824219,94.5,95.0250015258789,19368
2012-08-02,PERSISTENT,79.16841125488281,93.2874984741211,96.2249984741211,92.17500305175781,94.94999694824219,19696
2012-08-03,PERSISTENT,81.4067153930664,95.92500305175781,97.5999984741211,92.7750015258789,94.6875,85628
2012-08-06,PERSISTENT,79.60334014892578,93.80000305175781,96.51249694824219,93.32499694824219,96.51249694824219,20608
2012-08-07,PERSISTENT,79.47602844238281,93.6500015258789,94.92500305175781,93.0374984741211,94.0250015258789,8352
2012-08-08,PERSISTENT,79.7942886352539,94.0250015258789,95.0,93.5625,94.86250305175781,65108
2012-08-09,PERSISTENT,80.65351867675781,95.0374984741211,96.25,93.25,94.0250015258789,82320
2012-08-10,PERSISTENT,80.5050277709961,94.86250305175781,96.25,94.2750015258789,94.2750015258789,45776
2012-08-13,PERSISTENT,81.08845520019531,95.55000305175781,95.92500305175781,93.75,94.125,18200
2012-08-14,PERSISTENT,81.43853759765625,95.9625015258789,96.25,95.25,95.25,12644
2012-08-16,PERSISTENT,84.29212188720703,99.32499694824219,100.0,95.98750305175781,96.3125,289464
2012-08-17,PERSISTENT,84.84375,99.9749984741211,100.75,98.98750305175781,98.98750305175781,148536
2012-08-21,PERSISTENT,82.27657318115234,96.94999694824219,100.5,96.25,99.9625015258789,16288
2012-08-22,PERSISTENT,79.221435546875,93.3499984741211,97.0,92.05000305175781,96.9625015258789,141580
2012-08-23,PERSISTENT,80.36711120605469,94.69999694824219,97.5,94.0625,97.5,27632
2012-08-24,PERSISTENT,79.4229965209961,93.5875015258789,96.0,92.25,92.25,12660
2012-08-27,PERSISTENT,80.74900817871094,95.1500015258789,96.25,93.30000305175781,94.5,33500
2012-08-28,PERSISTENT,80.53683471679688,94.9000015258789,95.5,94.0,94.25,27624
2012-08-29,PERSISTENT,81.99015808105469,96.61250305175781,99.5,93.82499694824219,93.82499694824219,235748
2012-08-30,PERSISTENT,82.79635620117188,97.5625,98.75,95.8125,98.5,42000
2012-08-31,PERSISTENT,80.34591674804688,94.67500305175781,97.375,93.8125,96.0,25472
2012-09-03,PERSISTENT,81.54461669921875,96.0875015258789,97.0,94.51249694824219,95.0,22272
2012-09-04,PERSISTENT,81.7992172241211,96.38749694824219,97.5,95.5250015258789,97.4124984741211,50252
2012-09-05,PERSISTENT,80.82328033447266,95.23750305175781,96.875,94.9749984741211,96.26249694824219,123044
2012-09-06,PERSISTENT,83.4753189086914,98.36250305175781,98.5999984741211,94.5,95.5,62216
2012-09-07,PERSISTENT,83.80413818359375,98.75,99.5,97.7750015258789,98.75,34700
2012-09-10,PERSISTENT,82.27657318115234,96.94999694824219,99.0374984741211,96.5999984741211,98.625,15512
2012-09-11,PERSISTENT,85.07714080810547,100.25,101.25,97.0,97.48750305175781,78504
2012-09-12,PERSISTENT,88.27014923095703,104.01249694824219,104.8375015258789,100.0,100.0,318600
2012-09-13,PERSISTENT,89.6067886352539,105.5875015258789,106.0250015258789,103.2249984741211,104.5,189896
2012-09-14,PERSISTENT,88.89603424072266,104.75,106.25,103.3125,106.25,120740
2012-09-17,PERSISTENT,89.10820770263672,105.0,105.875,103.5,103.5374984741211,60632
2012-09-18,PERSISTENT,87.69733428955078,103.3375015258789,105.375,102.42500305175781,105.0,28560
2012-09-20,PERSISTENT,86.78504180908203,102.26249694824219,104.875,95.57499694824219,101.75,78328
2012-09-21,PERSISTENT,87.52759552001953,103.13749694824219,106.4124984741211,102.25,102.5,82028
2012-09-24,PERSISTENT,89.6704330444336,105.6624984741211,106.25,101.2750015258789,103.125,92820
2012-09-25,PERSISTENT,88.97029876708984,104.8375015258789,106.25,102.875,105.625,47468
2012-09-26,PERSISTENT,87.46395111083984,103.0625,105.0875015258789,102.69999694824219,104.01249694824219,9228
2012-09-27,PERSISTENT,87.93071746826172,103.61250305175781,104.38749694824219,103.0250015258789,103.0250015258789,10964
2012-09-28,PERSISTENT,90.64639282226562,106.8125,107.125,104.5,105.6875,150520
2012-10-01,PERSISTENT,92.12091827392578,108.55000305175781,109.75,106.38749694824219,107.4625015258789,98468
2012-10-03,PERSISTENT,93.53179931640625,110.2125015258789,110.5999984741211,108.5374984741211,108.5374984741211,126412
2012-10-04,PERSISTENT,92.1527328491211,108.5875015258789,110.5,107.5374984741211,109.98750305175781,77420
2012-10-05,PERSISTENT,90.54031372070312,106.6875,109.48750305175781,105.5,109.3499984741211,39836
2012-10-08,PERSISTENT,90.8797607421875,107.0875015258789,108.48750305175781,106.3125,106.75,27416
2012-10-09,PERSISTENT,91.30409240722656,107.5875015258789,108.69999694824219,106.51249694824219,107.5,29776
2012-10-10,PERSISTENT,89.90381622314453,105.9375,107.5,104.51249694824219,107.5,43368
2012-10-11,PERSISTENT,90.19026184082031,106.2750015258789,106.73750305175781,104.625,106.5,35432
2012-10-12,PERSISTENT,90.31754302978516,106.42500305175781,108.73750305175781,105.5,108.73750305175781,46092
2012-10-15,PERSISTENT,91.94058227539062,108.3375015258789,108.625,106.23750305175781,106.25,47668
2012-10-16,PERSISTENT,92.5028076171875,109.0,109.5,107.51249694824219,108.5,28180
2012-10-17,PERSISTENT,90.12657928466797,106.19999694824219,109.5374984741211,104.25,107.98750305175781,172092
2012-10-18,PERSISTENT,90.84793853759766,107.05000305175781,107.69999694824219,105.57499694824219,107.48750305175781,70308
2012-10-19,PERSISTENT,99.64208221435547,117.4124984741211,124.5,112.48750305175781,112.48750305175781,1649948
2012-10-22,PERSISTENT,99.83301544189453,117.63749694824219,118.75,113.75,117.0,319224
2012-10-23,PERSISTENT,99.30259704589844,117.01249694824219,121.125,116.3125,118.25,457368
2012-10-25,PERSISTENT,100.63924407958984,118.5875015258789,119.82499694824219,116.2750015258789,117.4000015258789,160960
2012-10-29,PERSISTENT,97.9023208618164,115.36250305175781,117.75,114.80000305175781,116.9000015258789,37468
2012-10-30,PERSISTENT,100.88321685791016,118.875,119.75,116.19999694824219,116.25,120192
2012-10-31,PERSISTENT,101.74247741699219,119.88749694824219,120.5,118.75,119.26249694824219,175492
2012-11-01,PERSISTENT,100.8089599609375,118.7874984741211,119.75,117.63749694824219,119.75,68732
2012-11-02,PERSISTENT,100.87261962890625,118.86250305175781,120.5,118.75,120.0,78900
2012-11-05,PERSISTENT,102.56990814208984,120.86250305175781,121.25,118.75,119.7874984741211,60352
2012-11-06,PERSISTENT,101.94402313232422,120.125,122.875,119.0250015258789,119.25,370988
2012-11-07,PERSISTENT,102.47444152832031,120.75,122.0999984741211,119.98750305175781,120.2750015258789,95460
2012-11-08,PERSISTENT,103.12152862548828,121.51249694824219,121.9375,119.75,120.4375,96660
2012-11-09,PERSISTENT,101.54093170166016,119.6500015258789,121.5625,118.8125,121.48750305175781,58476
2012-11-12,PERSISTENT,102.58052062988281,120.875,121.11250305175781,118.5,118.5,44968
2012-11-15,PERSISTENT,101.94402313232422,120.125,121.13749694824219,116.5,116.5,34544
2012-11-16,PERSISTENT,102.68660736083984,121.0,121.0,118.5,120.125,76492
2012-11-19,PERSISTENT,100.99989318847656,119.01249694824219,120.98750305175781,118.9000015258789,119.75,84080
2012-11-20,PERSISTENT,101.1166000366211,119.1500015258789,120.98750305175781,118.75,120.0,74236
2012-11-21,PERSISTENT,100.48011779785156,118.4000015258789,119.25,118.25,119.0,86340
2012-11-22,PERSISTENT,100.90444946289062,118.9000015258789,119.69999694824219,117.5,119.69999694824219,30056
2012-11-23,PERSISTENT,101.1166000366211,119.1500015258789,120.0,118.0250015258789,120.0,23152
2012-11-26,PERSISTENT,102.27286529541016,120.51249694824219,121.0,118.75,119.0,185792
2012-11-27,PERSISTENT,101.6363754272461,119.76249694824219,121.2249984741211,119.32499694824219,121.2125015258789,29344
2012-11-29,PERSISTENT,101.53032684326172,119.63749694824219,121.0,119.5,120.4749984741211,24688
2012-11-30,PERSISTENT,102.05011749267578,120.25,121.0,119.01249694824219,120.23750305175781,33304
2012-12-03,PERSISTENT,107.078369140625,126.17500305175781,128.7375030517578,120.75,120.75,218984
2012-12-04,PERSISTENT,107.09957885742188,126.19999694824219,127.25,125.0,126.5,59656
2012-12-05,PERSISTENT,103.8110580444336,122.32499694824219,125.98750305175781,121.5,123.73750305175781,37464
2012-12-06,PERSISTENT,104.3626937866211,122.9749984741211,123.7125015258789,121.25,122.25,23180
2012-12-07,PERSISTENT,104.68091583251953,123.3499984741211,125.0,121.9749984741211,125.0,33040
2012-12-10,PERSISTENT,104.44752502441406,123.07499694824219,123.75,121.30000305175781,123.0,38336
2012-12-11,PERSISTENT,101.88037872314453,120.05000305175781,123.13749694824219,119.26249694824219,123.0625,53588
2012-12-12,PERSISTENT,102.89875793457031,121.25,122.48750305175781,120.05000305175781,121.75,571028
2012-12-13,PERSISTENT,104.3838882446289,123.0,126.5,120.0,120.25,96512
2012-12-14,PERSISTENT,104.3626937866211,122.9749984741211,124.80000305175781,122.5250015258789,123.26249694824219,41388
2012-12-17,PERSISTENT,103.94896697998047,122.48750305175781,127.2874984741211,120.05000305175781,123.25,2143084
2012-12-18,PERSISTENT,104.65971374511719,123.32499694824219,124.61250305175781,120.51249694824219,121.19999694824219,493924
2012-12-19,PERSISTENT,104.54301452636719,123.1875,125.0,122.0999984741211,124.01249694824219,8625476
2012-12-20,PERSISTENT,106.55854797363281,125.5625,127.25,122.5,123.75,158108
2012-12-21,PERSISTENT,110.58965301513672,130.3125,131.25,125.25,125.25,662880
2012-12-24,PERSISTENT,108.92416381835938,128.35000610351562,132.4875030517578,127.75,131.25,225764
2012-12-26,PERSISTENT,108.77567291259766,128.1750030517578,130.5,126.375,128.75,91012
2012-12-27,PERSISTENT,109.07268524169922,128.52499389648438,128.75,127.5,128.75,157656
2012-12-28,PERSISTENT,109.06209564208984,128.5124969482422,128.75,127.4124984741211,128.75,69944
2012-12-31,PERSISTENT,108.66958618164062,128.0500030517578,128.75,127.7125015258789,128.75,44936
2013-01-01,PERSISTENT,109.27423858642578,128.7624969482422,130.0,128.02499389648438,128.02499389648438,86160
2013-01-02,PERSISTENT,111.35343933105469,131.21249389648438,132.5,128.89999389648438,129.75,187236
2013-01-03,PERSISTENT,112.83859252929688,132.96249389648438,136.0,130.25,131.2375030517578,451168
2013-01-04,PERSISTENT,113.54930877685547,133.8000030517578,135.0,131.6374969482422,132.4875030517578,102404
2013-01-07,PERSISTENT,112.679443359375,132.77499389648438,135.0124969482422,131.3625030517578,135.0124969482422,53260
2013-01-08,PERSISTENT,112.03233337402344,132.0124969482422,136.2624969482422,131.66250610351562,136.2624969482422,29640
2013-01-09,PERSISTENT,113.82511138916016,134.125,134.97500610351562,131.28750610351562,133.58749389648438,179148
2013-01-10,PERSISTENT,112.50971221923828,132.5749969482422,135.0,131.52499389648438,134.2375030517578,439700
2013-01-11,PERSISTENT,114.73741912841797,135.1999969482422,137.25,132.75,133.75,260856
2013-01-14,PERSISTENT,115.45880126953125,136.0500030517578,137.35000610351562,133.8000030517578,135.875,94784
2013-01-15,PERSISTENT,117.26216125488281,138.1750030517578,139.5,135.77499389648438,136.25,150448
2013-01-16,PERSISTENT,119.60652923583984,140.9375,142.4875030517578,137.5,138.1875,321540
2013-01-17,PERSISTENT,121.96157836914062,143.71249389648438,144.71249389648438,141.58749389648438,142.46249389648438,613864
2013-01-18,PERSISTENT,121.87670135498047,143.6125030517578,145.25,142.5500030517578,143.75,87684
2013-01-21,PERSISTENT,120.561279296875,142.0625,144.9499969482422,140.75,144.0,44860
2013-01-22,PERSISTENT,122.25861358642578,144.0625,145.75,140.0,141.25,221696
2013-01-23,PERSISTENT,122.2904052734375,144.10000610351562,147.75,142.52499389648438,145.5,157276
2013-01-24,PERSISTENT,119.21406555175781,140.47500610351562,146.875,138.2375030517578,144.10000610351562,94184
2013-01-25,PERSISTENT,119.23526763916016,140.5,142.47500610351562,138.75,138.75,182244
2013-01-28,PERSISTENT,110.62149047851562,130.35000610351562,140.0,129.75,140.0,401672
2013-01-29,PERSISTENT,114.50406646728516,134.9250030517578,136.25,130.64999389648438,130.64999389648438,180864
2013-01-30,PERSISTENT,118.68363189697266,139.85000610351562,140.97500610351562,134.0,136.25,161852
2013-01-31,PERSISTENT,118.73727416992188,138.41250610351562,146.1750030517578,137.7624969482422,146.1750030517578,143072
2013-02-01,PERSISTENT,115.22005462646484,134.3125,138.875,133.75,138.8625030517578,70872
2013-02-04,PERSISTENT,115.44529724121094,134.5749969482422,137.75,132.97500610351562,134.2375030517578,113796
2013-02-05,PERSISTENT,113.6330337524414,132.46249389648438,135.0124969482422,131.75,134.52499389648438,61164
2013-02-06,PERSISTENT,114.25499725341797,133.1875,134.9375,131.6374969482422,132.5124969482422,62432
2013-02-07,PERSISTENT,112.38916015625,131.0124969482422,132.75,130.0,131.75,77036
2013-02-08,PERSISTENT,113.94400787353516,132.8249969482422,133.46249389648438,128.25,131.5625,58652
2013-02-11,PERSISTENT,114.73751068115234,133.75,135.25,131.6125030517578,132.6374969482422,41776
2013-02-12,PERSISTENT,116.45323181152344,135.75,136.47500610351562,132.0,133.3874969482422,38652
2013-02-13,PERSISTENT,115.27369689941406,134.375,138.5,132.5,137.25,86924
2013-02-14,PERSISTENT,114.6517333984375,133.64999389648438,136.66250610351562,130.625,134.875,57864
2013-02-15,PERSISTENT,113.03256225585938,131.7624969482422,134.4375,130.66250610351562,132.5124969482422,45532
2013-02-18,PERSISTENT,113.09687042236328,131.83749389648438,134.25,130.0500030517578,133.75,32640
2013-02-19,PERSISTENT,113.78315734863281,132.6374969482422,133.47500610351562,131.53750610351562,132.39999389648438,17268
2013-02-20,PERSISTENT,117.99738311767578,137.5500030517578,143.4250030517578,133.25,133.5,228044
2013-02-21,PERSISTENT,116.09937286376953,135.33749389648438,137.0,134.9875030517578,135.5124969482422,31944
2013-02-22,PERSISTENT,119.31629180908203,139.08749389648438,140.6750030517578,134.25,136.7375030517578,161248
2013-02-25,PERSISTENT,121.42877960205078,141.5500030517578,144.25,140.02499389648438,140.02499389648438,140968
2013-02-26,PERSISTENT,120.80683135986328,140.8249969482422,142.5,138.7624969482422,142.0,65444
2013-02-27,PERSISTENT,118.29759979248047,137.89999389648438,141.25,136.5625,141.1750030517578,305100
2013-02-28,PERSISTENT,118.55499267578125,138.1999969482422,139.97500610351562,136.75,137.875,49360
2013-03-01,PERSISTENT,116.03504180908203,135.2624969482422,141.125,134.25,139.125,58472
2013-03-04,PERSISTENT,116.21733093261719,135.47500610351562,136.9875030517578,128.625,135.5124969482422,57288
2013-03-05,PERSISTENT,119.31629180908203,139.08749389648438,139.5,135.47500610351562,135.47500610351562,86496
2013-03-06,PERSISTENT,121.31082916259766,141.41250610351562,143.3125,136.75,136.75,50892
2013-03-07,PERSISTENT,122.64047241210938,142.96249389648438,143.1999969482422,141.4499969482422,142.5,49008
2013-03-08,PERSISTENT,123.78784942626953,144.3000030517578,146.625,141.25,141.25,93832
2013-03-11,PERSISTENT,123.90580749511719,144.4375,146.4375,143.2624969482422,144.3000030517578,72412
2013-03-12,PERSISTENT,122.4153060913086,142.6999969482422,146.21249389648438,141.75,144.4499969482422,59260
2013-03-13,PERSISTENT,122.81202697753906,143.16250610351562,144.0,140.875,142.125,162596
2013-03-14,PERSISTENT,123.19808959960938,143.6125030517578,144.02499389648438,139.1374969482422,142.0,51436
2013-03-15,PERSISTENT,122.06139373779297,142.28750610351562,144.71249389648438,141.25,144.71249389648438,47180
2013-03-18,PERSISTENT,121.51455688476562,141.64999389648438,142.4875030517578,138.75,140.27499389648438,21496
2013-03-19,PERSISTENT,120.27068328857422,140.1999969482422,142.47500610351562,139.35000610351562,142.47500610351562,20232
2013-03-20,PERSISTENT,115.50959014892578,134.64999389648438,139.5,133.75,139.5,32016
2013-03-21,PERSISTENT,111.3597640991211,129.8125,136.25,128.5,134.64999389648438,159740
2013-03-22,PERSISTENT,111.77794647216797,130.3000030517578,131.1750030517578,128.7375030517578,128.7624969482422,68240
2013-03-25,PERSISTENT,115.23078155517578,134.3249969482422,136.25,130.25,132.4375,59432
2013-03-26,PERSISTENT,117.82579040527344,137.35000610351562,138.21249389648438,132.75,132.78750610351562,42184
2013-03-28,PERSISTENT,116.66768646240234,136.0,137.28750610351562,135.0,135.6750030517578,26056
2013-04-01,PERSISTENT,116.7213363647461,136.0625,136.5,135.1374969482422,135.9875030517578,21744
2013-04-02,PERSISTENT,117.10735321044922,136.5124969482422,139.0,134.02499389648438,136.0124969482422,271164
2013-04-03,PERSISTENT,117.38614654541016,136.83749389648438,138.75,135.5,135.5,46196
2013-04-04,PERSISTENT,115.91707611083984,135.125,138.60000610351562,134.75,137.5,60504
2013-04-05,PERSISTENT,116.84999084472656,136.21249389648438,136.75,133.25,136.0124969482422,15612
2013-04-08,PERSISTENT,114.75896453857422,133.77499389648438,136.6374969482422,133.4499969482422,135.7375030517578,10576
2013-04-09,PERSISTENT,115.84202575683594,135.03750610351562,136.72500610351562,134.33749389648438,135.72500610351562,57368
2013-04-10,PERSISTENT,113.82605743408203,132.6875,137.97500610351562,129.77499389648438,137.4875030517578,124488
2013-04-11,PERSISTENT,115.60610961914062,134.7624969482422,137.75,134.0500030517578,137.75,34980
2013-04-12,PERSISTENT,114.00835418701172,132.89999389648438,135.1875,130.125,135.0,21836
2013-04-15,PERSISTENT,114.72682189941406,133.7375030517578,137.2375030517578,131.625,137.2375030517578,37760
2013-04-16,PERSISTENT,117.06444549560547,136.46249389648438,137.5,131.3125,136.02499389648438,43296
2013-04-17,PERSISTENT,116.89289093017578,136.2624969482422,137.47500610351562,134.3125,135.8625030517578,62848
2013-04-18,PERSISTENT,117.8150863647461,137.33749389648438,137.75,135.58749389648438,137.2375030517578,25252
2013-04-22,PERSISTENT,117.35399627685547,136.8000030517578,137.5,135.75,137.33749389648438,41976
2013-04-23,PERSISTENT,118.43702697753906,138.0625,143.5,131.25,133.75,164508
2013-04-25,PERSISTENT,114.6517333984375,133.64999389648438,140.9375,132.03750610351562,140.9375,229408
2013-04-26,PERSISTENT,109.26873779296875,127.375,134.9875030517578,125.5625,131.625,175076
2013-04-29,PERSISTENT,111.6492919921875,130.14999389648438,132.5,127.625,129.7375030517578,247528
2013-04-30,PERSISTENT,111.50985717773438,129.9875030517578,132.5,128.1999969482422,130.2624969482422,100568
2013-05-02,PERSISTENT,111.48841094970703,129.96249389648438,131.8249969482422,128.875,131.7375030517578,64316
2013-05-03,PERSISTENT,109.98719024658203,128.21249389648438,131.9875030517578,127.51249694824219,130.5124969482422,23564
2013-05-06,PERSISTENT,109.72982788085938,127.9124984741211,131.1125030517578,127.5,127.75,50552
2013-05-07,PERSISTENT,110.6734619140625,129.0124969482422,130.02499389648438,127.5,128.5625,111664
2013-05-08,PERSISTENT,111.26323699951172,129.6999969482422,130.0500030517578,128.5,130.0500030517578,93536
2013-05-09,PERSISTENT,111.5849380493164,130.0749969482422,131.1999969482422,129.22500610351562,130.0,57456
2013-05-10,PERSISTENT,113.15049743652344,131.89999389648438,132.375,130.02499389648438,130.75,54560
2013-05-13,PERSISTENT,114.5123519897461,133.4875030517578,136.0,132.52499389648438,132.75,150056
2013-05-14,PERSISTENT,113.2255630493164,131.9875030517578,134.0,130.39999389648438,134.0,154072
2013-05-15,PERSISTENT,113.24700927734375,132.0124969482422,133.75,129.0625,130.89999389648438,153244
2013-05-16,PERSISTENT,113.1612548828125,131.91250610351562,133.72500610351562,131.28750610351562,131.75,43044
2013-05-17,PERSISTENT,111.7672348022461,130.28750610351562,132.5,129.10000610351562,132.0,177748
2013-05-20,PERSISTENT,109.85850524902344,128.0625,132.5,127.0625,127.0625,43392
2013-05-21,PERSISTENT,109.19366455078125,127.2874984741211,130.10000610351562,126.7750015258789,129.0,131044
2013-05-22,PERSISTENT,110.25526428222656,128.52499389648438,129.78750610351562,127.38749694824219,128.6999969482422,33756
2013-05-23,PERSISTENT,108.49666595458984,126.4749984741211,129.66250610351562,126.0,129.66250610351562,42876
2013-05-24,PERSISTENT,109.36524200439453,127.48750305175781,128.5,127.0,127.75,53476
2013-05-27,PERSISTENT,110.10514831542969,128.35000610351562,128.75,125.0374984741211,125.0374984741211,22004
2013-05-28,PERSISTENT,109.6333236694336,127.80000305175781,129.6750030517578,127.5,128.64999389648438,16088
2013-05-29,PERSISTENT,111.0594711303711,129.46249389648438,131.22500610351562,126.25,126.25,861052
2013-05-30,PERSISTENT,110.56624603271484,128.8874969482422,129.4375,128.0,128.0,24040
2013-05-31,PERSISTENT,110.00863647460938,128.2375030517578,129.71249389648438,126.375,128.75,33388
2013-06-03,PERSISTENT,110.90938568115234,129.28750610351562,130.75,127.5,127.5,27860
2013-06-04,PERSISTENT,111.20963287353516,129.6374969482422,132.25,128.33749389648438,130.0,16548
2013-06-05,PERSISTENT,111.11311340332031,129.52499389648438,131.10000610351562,128.8125,131.10000610351562,11468
2013-06-06,PERSISTENT,113.03256225585938,131.7624969482422,132.5,127.5,128.83749389648438,38328
2013-06-07,PERSISTENT,112.7537612915039,131.4375,132.25,129.25,130.8000030517578,89832
2013-06-10,PERSISTENT,112.62508392333984,131.28750610351562,132.9875030517578,130.53750610351562,132.5,124184
2013-06-11,PERSISTENT,111.50985717773438,129.9875030517578,131.3125,129.6875,130.27499389648438,159944
2013-06-12,PERSISTENT,111.6814193725586,130.1875,130.875,129.5,129.5,104688
2013-06-13,PERSISTENT,107.51013946533203,125.32499694824219,130.0,123.0999984741211,128.7624969482422,62444
2013-06-14,PERSISTENT,108.68966674804688,126.69999694824219,129.0749969482422,125.5,129.0749969482422,368724
2013-06-17,PERSISTENT,108.58245849609375,126.57499694824219,127.4749984741211,125.375,127.0,107364
2013-06-18,PERSISTENT,109.45103454589844,127.5875015258789,128.8249969482422,126.32499694824219,127.23750305175781,516772
2013-06-19,PERSISTENT,111.5849380493164,130.0749969482422,130.75,128.75,128.75,72468
2013-06-20,PERSISTENT,109.44032287597656,127.57499694824219,130.1125030517578,126.5,129.75,29076
2013-06-21,PERSISTENT,109.0757064819336,127.1500015258789,129.0,119.98750305175781,128.75,747452
2013-06-24,PERSISTENT,107.56375885009766,125.38749694824219,127.5,121.80000305175781,125.0,47604
2013-06-25,PERSISTENT,107.11339569091797,124.86250305175781,128.4250030517578,124.0250015258789,124.6500015258789,57700
2013-06-26,PERSISTENT,106.68444061279297,124.36250305175781,127.01249694824219,123.75,125.0,25440
2013-06-27,PERSISTENT,107.24205780029297,125.01249694824219,126.26249694824219,123.26249694824219,125.0,1183440
2013-06-28,PERSISTENT,107.61734771728516,125.44999694824219,127.25,124.2874984741211,125.75,10680
2013-07-01,PERSISTENT,108.03556823730469,125.9375,129.5,125.0,125.25,39336
2013-07-02,PERSISTENT,107.89617919921875,125.7750015258789,129.5749969482422,123.5,123.57499694824219,113228
2013-07-03,PERSISTENT,103.49968719482422,120.6500015258789,125.9625015258789,118.82499694824219,123.75,63860
2013-07-04,PERSISTENT,105.56925201416016,123.0625,123.57499694824219,120.75,120.75,49128
2013-07-05,PERSISTENT,105.02238464355469,122.42500305175781,125.01249694824219,121.75,124.9625015258789,38788
2013-07-08,PERSISTENT,106.69517517089844,124.375,124.5,122.5,124.5,43100
2013-07-09,PERSISTENT,109.52609252929688,127.67500305175781,128.375,124.26249694824219,124.625,43032
2013-07-10,PERSISTENT,109.6333236694336,127.80000305175781,129.5,127.75,128.5,22688
2013-07-11,PERSISTENT,108.678955078125,126.6875,128.75,126.0,128.0,10808
2013-07-12,PERSISTENT,110.31959533691406,128.60000610351562,129.0,126.5250015258789,128.16250610351562,28616
2013-07-15,PERSISTENT,112.33552551269531,130.9499969482422,131.25,127.5,129.25,20344
2013-07-16,PERSISTENT,111.20963287353516,129.6374969482422,131.25,127.5,127.5,27512
2013-07-17,PERSISTENT,112.36773681640625,130.9875030517578,133.25,129.5,130.4875030517578,173924
2013-07-18,PERSISTENT,114.29788970947266,133.2375030517578,133.5,130.52499389648438,131.25,44248
2013-07-19,PERSISTENT,112.27122497558594,130.875,134.25,130.2624969482422,133.5,70848
2013-07-22,PERSISTENT,112.39989471435547,131.02499389648438,133.7375030517578,130.14999389648438,133.7375030517578,10832
2013-07-23,PERSISTENT,116.47467803955078,135.77499389648438,136.25,131.3874969482422,132.0,67076
2013-07-24,PERSISTENT,116.47466278076172,135.02499389648438,138.375,132.14999389648438,135.5,93388
2013-07-25,PERSISTENT,115.94635009765625,134.41250610351562,136.96249389648438,132.75,132.7624969482422,11728
2013-07-26,PERSISTENT,112.21553802490234,130.08749389648438,135.0,128.91250610351562,133.5,247844
2013-07-29,PERSISTENT,113.38004302978516,131.4375,132.47500610351562,127.25,127.25,27352
2013-07-30,PERSISTENT,112.61447143554688,130.5500030517578,133.6999969482422,128.4250030517578,133.6999969482422,137956
2013-07-31,PERSISTENT,112.0753402709961,129.9250030517578,131.25,127.8499984741211,128.75,106444
2013-08-01,PERSISTENT,113.83291625976562,131.96249389648438,133.6750030517578,128.5,130.0,775356
2013-08-02,PERSISTENT,115.79537200927734,134.2375030517578,134.9375,128.89999389648438,128.89999389648438,64348
2013-08-05,PERSISTENT,116.44234466552734,134.9875030517578,138.6875,134.3125,136.0,124828
2013-08-06,PERSISTENT,110.6412353515625,128.2624969482422,135.0,127.1500015258789,135.0,102872
2013-08-07,PERSISTENT,112.15080261230469,130.0124969482422,131.75,126.7125015258789,131.5,19660
2013-08-08,PERSISTENT,111.23429107666016,128.9499969482422,131.1374969482422,128.3125,130.25,6812
2013-08-12,PERSISTENT,112.06458282470703,129.91250610351562,134.2375030517578,128.77499389648438,128.77499389648438,8396
2013-08-13,PERSISTENT,114.30735778808594,132.5124969482422,134.8874969482422,129.16250610351562,130.0,55544
2013-08-14,PERSISTENT,117.9195556640625,136.6999969482422,137.47500610351562,134.4875030517578,134.6875,54804
2013-08-16,PERSISTENT,116.67957305908203,135.2624969482422,137.47500610351562,132.5625,136.75,54892
2013-08-19,PERSISTENT,120.07609558105469,139.1999969482422,140.4875030517578,131.89999389648438,136.2375030517578,114496
2013-08-20,PERSISTENT,119.97904968261719,139.08749389648438,139.8000030517578,134.97500610351562,135.0,56912
2013-08-21,PERSISTENT,120.33488464355469,139.5,141.0,138.75,139.0,97916
2013-08-22,PERSISTENT,118.57733917236328,137.46249389648438,138.5,135.0,135.0,12736
2013-08-23,PERSISTENT,120.35645294189453,139.52499389648438,141.64999389648438,138.0124969482422,138.0124969482422,21616
2013-08-26,PERSISTENT,123.30010223388672,142.9375,143.5,133.75,133.75,48128
2013-08-27,PERSISTENT,124.16272735595703,143.9375,144.9499969482422,142.5,143.4375,77496
2013-08-28,PERSISTENT,126.35163116455078,146.47500610351562,147.5,141.27499389648438,143.25,123416
2013-08-29,PERSISTENT,126.48101043701172,146.625,148.2624969482422,143.77499389648438,146.5,39356
2013-08-30,PERSISTENT,126.65353393554688,146.8249969482422,147.9875030517578,145.0,147.5,55296
2013-09-02,PERSISTENT,124.85284423828125,144.7375030517578,149.75,144.0,145.0124969482422,29576
2013-09-03,PERSISTENT,125.86640167236328,145.91250610351562,146.75,143.25,145.5,137252
2013-09-04,PERSISTENT,126.63199615478516,146.8000030517578,147.25,144.0500030517578,144.5,18212
2013-09-05,PERSISTENT,125.79093170166016,145.8249969482422,146.2624969482422,143.2624969482422,143.2624969482422,47212
2013-09-06,PERSISTENT,122.55613708496094,142.0749969482422,146.83749389648438,141.0,146.83749389648438,20132
2013-09-10,PERSISTENT,125.61842346191406,145.625,146.0,140.0625,142.0,80904
2013-09-11,PERSISTENT,123.4403305053711,143.10000610351562,147.5,142.0,147.5,15640
2013-09-12,PERSISTENT,130.25498962402344,151.0,155.0,143.10000610351562,143.10000610351562,110008
2013-09-13,PERSISTENT,126.85840606689453,147.0625,151.25,145.39999389648438,150.0,39952
2013-09-16,PERSISTENT,123.80689239501953,143.52499389648438,148.0,142.5,142.5625,89480
2013-09-17,PERSISTENT,123.4510726928711,143.1125030517578,146.25,142.7624969482422,146.25,12436
2013-09-18,PERSISTENT,126.26537322998047,146.375,147.5,141.4375,143.7375030517578,69104
2013-09-19,PERSISTENT,125.54296875,145.53750610351562,146.60000610351562,143.5,146.25,50604
2013-09-20,PERSISTENT,127.25738525390625,147.52499389648438,148.75,143.8249969482422,143.8249969482422,43832
2013-09-23,PERSISTENT,128.3140411376953,148.75,149.7375030517578,147.0749969482422,148.72500610351562,43456
2013-09-24,PERSISTENT,130.97738647460938,151.83749389648438,153.1750030517578,149.52499389648438,150.0,100488
2013-09-25,PERSISTENT,134.51414489746094,155.9375,156.25,152.2624969482422,152.47500610351562,223528
2013-09-26,PERSISTENT,131.53811645507812,152.4875030517578,158.25,150.7624969482422,155.78750610351562,101884
2013-09-27,PERSISTENT,133.9857940673828,155.3249969482422,157.0,150.625,150.625,66168
2013-09-30,PERSISTENT,136.59519958496094,158.35000610351562,160.5749969482422,155.35000610351562,156.25,222844
2013-10-01,PERSISTENT,136.00216674804688,157.66250610351562,161.72500610351562,156.25,159.72500610351562,45688
2013-10-03,PERSISTENT,138.50372314453125,160.5625,161.0,158.25,160.97500610351562,85500
2013-10-04,PERSISTENT,142.6658172607422,165.3874969482422,169.25,161.25,161.25,203800
2013-10-07,PERSISTENT,148.56396484375,172.22500610351562,177.47500610351562,165.52499389648438,166.5,357204
2013-10-08,PERSISTENT,147.02206420898438,170.4375,177.5,170.0,174.0,189632
2013-10-09,PERSISTENT,147.67982482910156,171.1999969482422,174.5,170.25,170.60000610351562,85652
2013-10-10,PERSISTENT,148.04638671875,171.625,173.5,168.35000610351562,172.5,85592
2013-10-11,PERSISTENT,147.464111328125,170.9499969482422,175.9875030517578,169.0625,173.75,142144
2013-10-14,PERSISTENT,148.8658905029297,172.5749969482422,173.97500610351562,165.6125030517578,170.9499969482422,118036
2013-10-15,PERSISTENT,151.4537353515625,175.5749969482422,177.47500610351562,170.875,170.875,183332
2013-10-17,PERSISTENT,151.2812042236328,175.375,179.25,173.75,177.47500610351562,648536
2013-10-18,PERSISTENT,155.7344970703125,180.53750610351562,181.25,176.25,176.25,291360
2013-10-21,PERSISTENT,159.93975830078125,185.41250610351562,188.72500610351562,180.75,182.47500610351562,418476
2013-10-22,PERSISTENT,160.71607971191406,186.3125,187.25,183.0,185.41250610351562,110960
2013-10-23,PERSISTENT,163.29315185546875,189.3000030517578,190.0,182.5,186.25,174984
2013-10-24,PERSISTENT,166.84063720703125,193.41250610351562,197.0,191.0,191.25,910868
2013-10-25,PERSISTENT,171.72518920898438,199.0749969482422,203.75,191.3125,192.25,931916
2013-10-28,PERSISTENT,172.60939025878906,200.10000610351562,205.0,196.25,196.625,227256
2013-10-29,PERSISTENT,178.6046142578125,207.0500030517578,214.3625030517578,199.25,200.02499389648438,471512
2013-10-30,PERSISTENT,173.87098693847656,201.5625,212.25,200.0,209.6750030517578,203700
2013-10-31,PERSISTENT,175.3481903076172,203.27499389648438,207.47500610351562,197.5625,201.6750030517578,138372
2013-11-01,PERSISTENT,171.01351928710938,198.25,204.875,197.7624969482422,201.5,142620
2013-11-05,PERSISTENT,173.87098693847656,201.5625,205.75,200.375,204.75,367136
2013-11-06,PERSISTENT,174.7228240966797,202.5500030517578,208.7375030517578,201.125,203.75,224688
2013-11-07,PERSISTENT,173.46124267578125,201.08749389648438,206.75,200.25,201.75,148648
2013-11-08,PERSISTENT,175.00314331054688,202.875,216.25,200.0,202.375,111464
2013-11-11,PERSISTENT,175.79031372070312,203.78750610351562,205.5,202.75,203.5,67656
2013-11-12,PERSISTENT,178.03309631347656,206.3874969482422,208.47500610351562,203.0,205.2375030517578,152588
2013-11-13,PERSISTENT,174.66885375976562,202.4875030517578,207.25,201.25,207.25,121264
2013-11-14,PERSISTENT,176.30789184570312,204.3874969482422,208.27499389648438,202.75,202.75,115100
2013-11-18,PERSISTENT,174.88453674316406,202.7375030517578,205.25,201.75,202.8125,108944
2013-11-19,PERSISTENT,174.9600067138672,202.8249969482422,206.0,201.5749969482422,202.0,71236
2013-11-20,PERSISTENT,177.0410919189453,205.2375030517578,207.2375030517578,202.0124969482422,202.0124969482422,93832
2013-11-21,PERSISTENT,182.16290283203125,211.1750030517578,214.75,205.25,205.25,871440
2013-11-22,PERSISTENT,187.86697387695312,217.78750610351562,219.47500610351562,212.75,213.1125030517578,654116
2013-11-25,PERSISTENT,191.71633911132812,222.25,223.75,218.75,218.75,207196
2013-11-26,PERSISTENT,190.1959686279297,220.4875030517578,226.7624969482422,219.5,222.4875030517578,202396
2013-11-27,PERSISTENT,188.57858276367188,218.6125030517578,222.2375030517578,215.0,220.0,68244
2013-11-28,PERSISTENT,187.60812377929688,217.4875030517578,222.5,215.5625,221.0,74828
2013-11-29,PERSISTENT,186.97195434570312,216.75,220.5,216.5124969482422,218.7375030517578,68896
2013-12-02,PERSISTENT,186.87489318847656,216.6374969482422,219.1875,215.0,217.9875030517578,86328
2013-12-03,PERSISTENT,184.6105499267578,214.0124969482422,217.97500610351562,213.0,217.97500610351562,69256
2013-12-04,PERSISTENT,187.73751831054688,217.6374969482422,219.75,214.78750610351562,214.9875030517578,97388
2013-12-05,PERSISTENT,184.73997497558594,214.16250610351562,220.0,212.52499389648438,217.875,159004
2013-12-06,PERSISTENT,183.726318359375,212.9875030517578,216.4250030517578,212.5124969482422,216.4250030517578,33424
2013-12-09,PERSISTENT,182.9284210205078,212.0625,216.75,208.0,216.7375030517578,52620
2013-12-10,PERSISTENT,190.21754455566406,220.5124969482422,221.2375030517578,206.25,214.9875030517578,169996
2013-12-11,PERSISTENT,190.3793182373047,220.6999969482422,222.0,217.4875030517578,221.25,113468
2013-12-12,PERSISTENT,189.49510192871094,219.6750030517578,220.25,217.1875,218.52499389648438,46152
2013-12-13,PERSISTENT,188.8697052001953,218.9499969482422,220.25,217.5124969482422,217.5124969482422,21036
2013-12-16,PERSISTENT,197.59292602539062,229.0625,231.47500610351562,217.0,218.96249389648438,294856
2013-12-17,PERSISTENT,194.2502899169922,225.1875,236.25,222.89999389648438,231.25,283828
2013-12-18,PERSISTENT,194.77867126464844,225.8000030517578,229.33749389648438,223.75,227.25,121356
2013-12-19,PERSISTENT,202.3157501220703,234.53750610351562,236.0,225.0,228.08749389648438,210448
2013-12-20,PERSISTENT,217.314453125,251.9250030517578,255.7624969482422,235.5,237.02499389648438,808908
2013-12-23,PERSISTENT,212.73182678222656,246.6125030517578,264.2250061035156,244.71249389648438,253.5,603500
2013-12-24,PERSISTENT,215.35202026367188,249.64999389648438,254.5,247.0749969482422,248.875,207300
2013-12-26,PERSISTENT,211.9985809326172,245.7624969482422,252.1999969482422,243.10000610351562,250.375,130024
2013-12-27,PERSISTENT,213.16311645507812,247.1125030517578,253.0,245.7624969482422,248.75,279244
2013-12-30,PERSISTENT,212.54847717285156,246.39999389648438,252.0500030517578,243.8125,249.25,141560
2013-12-31,PERSISTENT,210.88795471191406,244.47500610351562,250.25,243.375,249.5,88312
2014-01-01,PERSISTENT,211.265380859375,244.91250610351562,248.6750030517578,244.5,247.25,92876
2014-01-02,PERSISTENT,208.7637481689453,242.0124969482422,247.10000610351562,240.875,245.0,208952
2014-01-03,PERSISTENT,210.33804321289062,243.83749389648438,248.0,241.875,242.72500610351562,150092
2014-01-06,PERSISTENT,213.2493438720703,247.21249389648438,251.0,243.0500030517578,243.0500030517578,249448
2014-01-07,PERSISTENT,213.7561492919922,247.8000030517578,251.875,246.0,248.66250610351562,272400
2014-01-08,PERSISTENT,220.16107177734375,255.22500610351562,258.5,246.8874969482422,246.8874969482422,565512
2014-01-09,PERSISTENT,219.7190399169922,254.71249389648438,258.42498779296875,253.27499389648438,257.36248779296875,113308
2014-01-10,PERSISTENT,216.602783203125,251.10000610351562,257.5,249.25,256.86248779296875,162940
2014-01-13,PERSISTENT,223.74099731445312,259.375,263.0,251.75,251.75,175356
2014-01-14,PERSISTENT,218.99655151367188,253.875,260.0,252.5,258.5,344428
2014-01-15,PERSISTENT,220.68943786621094,255.83749389648438,257.25,254.0,255.0,620648
2014-01-16,PERSISTENT,219.8268280029297,254.83749389648438,257.0,253.25,255.75,480196
2014-01-17,PERSISTENT,213.54051208496094,247.5500030517578,256.70001220703125,245.02499389648438,256.70001220703125,546228
2014-01-20,PERSISTENT,216.99098205566406,251.5500030517578,253.0,247.5,248.6750030517578,330328
2014-01-21,PERSISTENT,213.70228576660156,247.7375030517578,254.0,247.0,252.0,52564
2014-01-22,PERSISTENT,215.52447509765625,249.85000610351562,252.03750610351562,248.75,249.4499969482422,85948
2014-01-23,PERSISTENT,215.6323699951172,249.97500610351562,251.78750610351562,248.875,250.0,197132
2014-01-24,PERSISTENT,217.42230224609375,252.0500030517578,254.6875,249.2624969482422,251.5,508296
2014-01-27,PERSISTENT,213.50819396972656,247.5124969482422,254.02499389648438,246.27499389648438,252.47500610351562,726120
2014-01-28,PERSISTENT,215.54611206054688,249.875,251.25,245.53750610351562,249.9499969482422,97776
2014-01-29,PERSISTENT,214.02574157714844,248.1125030517578,253.5,247.5,253.5,241392
2014-01-30,PERSISTENT,213.23219299316406,245.1999969482422,248.75,243.0,248.0,192352
2014-01-31,PERSISTENT,209.8406524658203,241.3000030517578,247.16250610351562,240.125,247.16250610351562,73144
2014-02-03,PERSISTENT,210.52552795410156,242.08749389648438,243.75,240.03750610351562,240.8000030517578,175612
2014-02-04,PERSISTENT,204.38375854492188,235.02499389648438,242.08749389648438,231.1750030517578,242.08749389648438,169340
2014-02-05,PERSISTENT,205.38381958007812,236.1750030517578,237.0625,232.75,232.75,204988
2014-02-06,PERSISTENT,201.94883728027344,232.22500610351562,238.0,231.25,236.72500610351562,149212
2014-02-07,PERSISTENT,207.97100830078125,239.14999389648438,243.0,231.5,233.75,355768
2014-02-10,PERSISTENT,214.5258026123047,246.6875,248.14999389648438,237.5,239.28750610351562,149180
2014-02-11,PERSISTENT,222.9393768310547,256.36248779296875,258.6000061035156,244.5124969482422,247.0,358772
2014-02-12,PERSISTENT,221.78713989257812,255.03750610351562,258.5625,250.0500030517578,258.2250061035156,533188
2014-02-13,PERSISTENT,218.19993591308594,250.91250610351562,256.5,249.3249969482422,253.75,102652
2014-02-14,PERSISTENT,215.41712951660156,247.71249389648438,253.75,245.5625,248.0625,456964
2014-02-17,PERSISTENT,215.9823455810547,248.3625030517578,252.0,245.5,246.25,41988
2014-02-18,PERSISTENT,217.94993591308594,250.625,257.5,248.8249969482422,257.5,105828
2014-02-19,PERSISTENT,219.8413848876953,252.8000030517578,257.5,250.5,250.5,136692
2014-02-20,PERSISTENT,227.5375518798828,261.6499938964844,270.38751220703125,250.0,252.875,414468
2014-02-21,PERSISTENT,232.5161590576172,267.375,269.75,262.0,263.5625,299416
2014-02-24,PERSISTENT,244.4952392578125,281.1499938964844,284.75,270.0,270.0,562000
2014-02-25,PERSISTENT,250.29998779296875,287.82501220703125,290.0,282.625,283.5,434420
2014-02-26,PERSISTENT,243.6473388671875,280.17498779296875,289.32501220703125,275.25,287.82501220703125,185076
2014-02-28,PERSISTENT,246.5497589111328,283.51251220703125,284.7250061035156,280.0,284.7250061035156,211492
2014-03-03,PERSISTENT,245.32144165039062,282.1000061035156,286.2124938964844,280.5,284.625,168184
2014-03-04,PERSISTENT,246.32144165039062,283.25,286.0,277.6499938964844,282.5,222408
2014-03-05,PERSISTENT,243.42994689941406,279.92498779296875,288.125,278.75,281.25,482140
2014-03-06,PERSISTENT,256.3439025878906,294.7749938964844,306.8125,281.4125061035156,283.36248779296875,585284
2014-03-07,PERSISTENT,245.0278778076172,281.76251220703125,298.67498779296875,279.75,298.67498779296875,557296
2014-03-10,PERSISTENT,237.52734375,273.13751220703125,285.48748779296875,267.75,281.25,177596
2014-03-11,PERSISTENT,238.04908752441406,273.73748779296875,283.75,271.0249938964844,272.5,279616
2014-03-12,PERSISTENT,241.6037139892578,277.82501220703125,280.0,273.73748779296875,273.73748779296875,127760
2014-03-13,PERSISTENT,235.9511260986328,271.32501220703125,278.75,271.25,278.75,216760
2014-03-14,PERSISTENT,233.09231567382812,268.0375061035156,274.9125061035156,266.73748779296875,270.0,285764
2014-03-18,PERSISTENT,230.32037353515625,264.8500061035156,272.13751220703125,262.625,268.75,84796
2014-03-19,PERSISTENT,223.09158325195312,256.5375061035156,266.3374938964844,251.0,263.51251220703125,399100
2014-03-20,PERSISTENT,229.09197998046875,263.4375,266.125,254.0,256.625,985352
2014-03-21,PERSISTENT,233.84228515625,268.8999938964844,271.25,262.5,262.5,821264
2014-03-24,PERSISTENT,236.2229461669922,271.63751220703125,274.8125,268.26251220703125,271.5,1218532
2014-03-25,PERSISTENT,233.28794860839844,268.26251220703125,273.42498779296875,265.5,271.75,852704
2014-03-26,PERSISTENT,233.92929077148438,269.0,271.5,262.5,270.0,932220
2014-03-27,PERSISTENT,229.9072723388672,264.375,271.51251220703125,262.8999938964844,266.75,189664
2014-03-28,PERSISTENT,226.4722137451172,260.42498779296875,269.0,259.0,265.0,271352
2014-03-31,PERSISTENT,228.15716552734375,262.36248779296875,262.5,259.0,262.5,574996
2014-04-01,PERSISTENT,225.59176635742188,259.4125061035156,262.5,258.0,261.26251220703125,209880
2014-04-02,PERSISTENT,233.80970764160156,268.86248779296875,270.8500061035156,259.42498779296875,259.98748779296875,193708
2014-04-03,PERSISTENT,233.78794860839844,268.8374938964844,273.75,266.25,268.75,324412
2014-04-04,PERSISTENT,236.13597106933594,271.5375061035156,272.5,268.01251220703125,270.0,606464
2014-04-07,PERSISTENT,234.55979919433594,269.7250061035156,287.0,265.0,272.42498779296875,147020
2014-04-09,PERSISTENT,236.842529296875,272.3500061035156,275.0,270.25,270.25,537300
2014-04-10,PERSISTENT,229.5050811767578,263.9125061035156,274.48748779296875,262.0,270.5,200696
2014-04-11,PERSISTENT,228.6680908203125,262.95001220703125,266.25,253.75,263.9125061035156,306072
2014-04-15,PERSISTENT,231.9617156982422,266.73748779296875,268.75,261.0375061035156,262.5,609900
2014-04-16,PERSISTENT,227.7766876220703,261.92498779296875,268.7124938964844,260.25,266.73748779296875,297384
2014-04-17,PERSISTENT,231.70086669921875,266.4375,269.5874938964844,262.0874938964844,262.0874938964844,349908
2014-04-21,PERSISTENT,228.7985076904297,263.1000061035156,272.5,261.25,272.5,325388
2014-04-22,PERSISTENT,232.23353576660156,267.04998779296875,269.92498779296875,264.70001220703125,269.92498779296875,173164
2014-04-23,PERSISTENT,230.5812225341797,265.1499938964844,268.75,263.125,267.0375061035156,140860
2014-04-24,PERSISTENT,230.5812225341797,265.1499938964844,265.1499938964844,265.1499938964844,265.1499938964844,0
2014-04-25,PERSISTENT,226.6570281982422,260.63751220703125,265.25,260.0,265.25,114044
2014-04-28,PERSISTENT,226.54835510253906,260.51251220703125,262.25,256.2749938964844,259.0,692100
2014-04-29,PERSISTENT,225.22219848632812,258.98748779296875,263.7749938964844,257.8999938964844,260.45001220703125,243252
2014-04-30,PERSISTENT,219.0043487548828,251.83749389648438,263.7749938964844,245.3000030517578,256.5,159156
2014-05-02,PERSISTENT,222.72195434570312,256.11248779296875,258.75,252.5,252.5,502236
2014-05-05,PERSISTENT,216.17807006835938,248.58749389648438,257.36248779296875,248.0,254.02499389648438,89436
2014-05-06,PERSISTENT,214.72146606445312,246.91250610351562,254.2375030517578,245.75,246.25,817452
2014-05-07,PERSISTENT,213.87351989746094,245.9375,249.5,245.25,245.25,107536
2014-05-08,PERSISTENT,216.1562957763672,248.5625,252.21249389648438,246.89999389648438,249.5,695540
2014-05-09,PERSISTENT,215.31932067871094,247.60000610351562,249.97500610351562,247.0,249.22500610351562,86220
2014-05-12,PERSISTENT,210.6559600830078,242.2375030517578,248.75,240.0,247.0,241476
2014-05-13,PERSISTENT,211.62338256835938,243.35000610351562,246.75,240.5,243.72500610351562,342452
2014-05-14,PERSISTENT,215.28665161132812,247.5625,250.6750030517578,243.4875030517578,244.25,342388
2014-05-15,PERSISTENT,208.68841552734375,239.97500610351562,250.0,237.0,250.0,370052
2014-05-16,PERSISTENT,212.8300323486328,244.7375030517578,250.0,231.2624969482422,250.0,1244588
2014-05-19,PERSISTENT,196.372314453125,225.8125,247.0,220.0,247.0,360852
2014-05-20,PERSISTENT,200.27476501464844,230.3000030517578,236.60000610351562,224.75,226.0,584916
2014-05-21,PERSISTENT,206.26429748535156,237.1875,241.97500610351562,230.875,230.8874969482422,354116
2014-05-22,PERSISTENT,217.37380981445312,249.96249389648438,250.5,237.5,237.5,346676
2014-05-23,PERSISTENT,214.55838012695312,246.72500610351562,250.5,244.72500610351562,250.0,194508
2014-05-26,PERSISTENT,217.06942749023438,249.6125030517578,250.25,246.72500610351562,246.72500610351562,341364
2014-05-27,PERSISTENT,217.24334716796875,249.8125,251.25,248.25,251.25,125868
2014-05-28,PERSISTENT,227.35276794433594,261.4375,265.98748779296875,251.27499389648438,252.0,241560
2014-05-29,PERSISTENT,232.78787231445312,267.6875,269.70001220703125,262.0,262.51251220703125,605148
2014-05-30,PERSISTENT,232.12474060058594,266.92498779296875,271.75,265.0,271.75,89260
2014-06-02,PERSISTENT,233.733642578125,268.7749938964844,270.0,252.52499389648438,270.0,137368
2014-06-03,PERSISTENT,229.27682495117188,263.6499938964844,269.5,259.38751220703125,269.5,151032
2014-06-04,PERSISTENT,230.40736389160156,264.95001220703125,269.20001220703125,259.75,259.75,307344
2014-06-05,PERSISTENT,229.79855346679688,264.25,267.5,260.25,264.7250061035156,145952
2014-06-06,PERSISTENT,233.58143615722656,268.6000061035156,269.125,250.3249969482422,260.4750061035156,969116
2014-06-09,PERSISTENT,230.60296630859375,265.17498779296875,269.98748779296875,258.75,263.75,320768
2014-06-10,PERSISTENT,233.30972290039062,268.2875061035156,269.375,263.75,265.0,312756
2014-06-11,PERSISTENT,233.3314208984375,268.3125,270.0,265.0,269.75,439200
2014-06-12,PERSISTENT,232.49440002441406,267.3500061035156,269.98748779296875,263.5375061035156,269.98748779296875,285716
2014-06-13,PERSISTENT,230.61380004882812,265.1875,269.51251220703125,263.0,265.01251220703125,103372
2014-06-16,PERSISTENT,233.733642578125,268.7749938964844,269.75,262.5249938964844,262.5249938964844,207452
2014-06-17,PERSISTENT,233.11402893066406,268.0625,274.375,263.75,269.98748779296875,493156
2014-06-18,PERSISTENT,224.53736877441406,258.20001220703125,268.9125061035156,256.0,265.0,99268
2014-06-19,PERSISTENT,233.22268676757812,268.1875,269.25,257.5,257.51251220703125,104924
2014-06-20,PERSISTENT,239.0709686279297,274.9125061035156,278.75,265.01251220703125,265.5,572360
2014-06-23,PERSISTENT,244.8865966796875,281.6000061035156,286.9750061035156,276.3374938964844,276.3374938964844,270036
2014-06-24,PERSISTENT,249.3325653076172,286.7124938964844,288.0,281.25,282.7749938964844,1271664
2014-06-25,PERSISTENT,240.60365295410156,276.67498779296875,292.07501220703125,273.5,287.0,576864
2014-06-26,PERSISTENT,233.51622009277344,268.5249938964844,276.75,266.25,273.75,193660
2014-06-27,PERSISTENT,238.91871643066406,274.73748779296875,275.125,267.75,267.75,106840
2014-06-30,PERSISTENT,235.05984497070312,270.29998779296875,278.36248779296875,269.0375061035156,277.5,53620
2014-07-01,PERSISTENT,237.36428833007812,272.95001220703125,274.0,267.5,271.0,72160
2014-07-02,PERSISTENT,230.66818237304688,265.25,273.01251220703125,263.875,273.01251220703125,83076
2014-07-03,PERSISTENT,236.27731323242188,271.70001220703125,273.0,262.5,262.5,189048
2014-07-04,PERSISTENT,239.2992401123047,275.17498779296875,284.8500061035156,271.25,271.25,225872
2014-07-07,PERSISTENT,241.3428955078125,277.5249938964844,284.75,273.8125,275.5,179756
2014-07-08,PERSISTENT,246.1584014892578,283.0625,286.25,279.5,279.88751220703125,254296
2014-07-09,PERSISTENT,257.7135009765625,296.3500061035156,300.0,282.75,285.5,302768
2014-07-10,PERSISTENT,261.43121337890625,300.625,306.25,296.67498779296875,296.67498779296875,235392
2014-07-11,PERSISTENT,261.2898864746094,300.4624938964844,309.54998779296875,295.5249938964844,300.0,173476
2014-07-14,PERSISTENT,264.7032470703125,304.38751220703125,307.5,280.07501220703125,297.5,106824
2014-07-15,PERSISTENT,266.4315185546875,306.375,308.75,300.0625,304.7250061035156,124052
2014-07-16,PERSISTENT,271.7471008300781,312.48748779296875,314.86248779296875,300.75,306.5,259096
2014-07-17,PERSISTENT,287.7014465332031,329.7749938964844,336.25,314.5625,316.75,477768
2014-07-18,PERSISTENT,291.1475524902344,333.7250061035156,349.5,330.25,330.25,1279324
2014-07-21,PERSISTENT,278.33392333984375,319.0375061035156,337.75,315.25,335.0,256156
2014-07-22,PERSISTENT,273.1429443359375,313.0874938964844,324.5625,308.75,319.04998779296875,172220
2014-07-23,PERSISTENT,273.7646484375,313.79998779296875,321.2250061035156,310.75,315.0,243468
2014-07-24,PERSISTENT,273.884521484375,313.9375,319.75,310.7749938964844,316.25,145148
2014-07-25,PERSISTENT,280.2859191894531,321.2749938964844,324.75,312.0,317.4375,154796
2014-07-28,PERSISTENT,285.20416259765625,326.9125061035156,339.6499938964844,300.0,309.25,501040
2014-07-30,PERSISTENT,273.6773681640625,313.70001220703125,326.75,311.25,320.5,348636
2014-07-31,PERSISTENT,272.81591796875,312.7124938964844,315.92498779296875,310.5,310.57501220703125,154784
2014-08-01,PERSISTENT,274.51715087890625,314.6625061035156,322.25,306.26251220703125,310.01251220703125,129904
2014-08-04,PERSISTENT,276.4691467285156,316.8999938964844,321.0,315.0,318.75,73320
2014-08-05,PERSISTENT,272.10699462890625,311.8999938964844,319.54998779296875,310.0,316.8999938964844,50760
2014-08-06,PERSISTENT,271.1473693847656,310.79998779296875,317.25,307.79998779296875,313.25,42844
2014-08-07,PERSISTENT,272.0306701660156,311.8125,314.9750061035156,308.7749938964844,314.9750061035156,22800
2014-08-08,PERSISTENT,270.2967224121094,309.82501220703125,316.75,306.2875061035156,316.75,33664
2014-08-11,PERSISTENT,266.69805908203125,305.70001220703125,317.1625061035156,290.51251220703125,307.5,162336
2014-08-12,PERSISTENT,266.9161071777344,305.95001220703125,312.48748779296875,303.6499938964844,312.48748779296875,105980
2014-08-13,PERSISTENT,265.5203552246094,304.3500061035156,309.9750061035156,302.5249938964844,307.5,32460
2014-08-14,PERSISTENT,266.36004638671875,305.3125,306.7250061035156,296.2250061035156,300.0,55600
2014-08-18,PERSISTENT,265.9455871582031,304.8374938964844,305.0,302.5,302.5,37240
2014-08-19,PERSISTENT,272.37957763671875,312.2124938964844,314.75,302.17498779296875,304.8374938964844,63476
2014-08-20,PERSISTENT,270.9837341308594,310.61248779296875,312.5,307.54998779296875,312.2124938964844,25448
2014-08-21,PERSISTENT,266.5452880859375,305.5249938964844,313.0,304.25,308.75,24896
2014-08-22,PERSISTENT,277.1125183105469,317.63751220703125,321.25,301.75,305.5249938964844,70176
2014-08-25,PERSISTENT,286.3055725097656,328.17498779296875,332.75,314.79998779296875,317.76251220703125,148328
2014-08-26,PERSISTENT,283.71014404296875,325.20001220703125,334.9750061035156,320.375,330.5,122872
2014-08-27,PERSISTENT,283.7755432128906,325.2749938964844,334.75,322.0,322.0,132208
2014-08-28,PERSISTENT,273.9391174316406,314.0,333.9750061035156,310.5375061035156,333.9750061035156,144944
2014-09-01,PERSISTENT,284.7460632324219,326.38751220703125,327.75,314.2875061035156,323.48748779296875,60240
2014-09-02,PERSISTENT,280.4494934082031,321.4624938964844,331.25,316.5,328.73748779296875,80920
2014-09-03,PERSISTENT,284.00457763671875,325.5375061035156,328.5,318.25,321.75,54472
2014-09-04,PERSISTENT,282.9794006347656,324.36248779296875,329.23748779296875,321.54998779296875,327.48748779296875,27112
2014-09-05,PERSISTENT,284.28814697265625,325.86248779296875,329.5,318.8500061035156,329.5,73164
2014-09-08,PERSISTENT,282.1834411621094,323.45001220703125,331.98748779296875,321.75,325.86248779296875,119204
2014-09-09,PERSISTENT,281.0492858886719,322.1499938964844,327.0,320.0,324.25,37124
2014-09-10,PERSISTENT,281.5291442871094,322.70001220703125,324.7749938964844,320.95001220703125,323.75,21260
2014-09-11,PERSISTENT,289.41357421875,331.73748779296875,335.0,322.51251220703125,324.5,150916
2014-09-12,PERSISTENT,286.0983581542969,327.9375,336.0249938964844,325.98748779296875,333.75,92368
2014-09-15,PERSISTENT,292.42340087890625,335.1875,338.75,321.25,327.0249938964844,107452
2014-09-16,PERSISTENT,294.81170654296875,337.92498779296875,349.5,333.0625,339.0625,188204
2014-09-17,PERSISTENT,296.7419738769531,340.13751220703125,346.0,335.0,346.0,70996
2014-09-18,PERSISTENT,307.2654113769531,352.20001220703125,357.25,338.75,338.75,129468
2014-09-19,PERSISTENT,310.58056640625,356.0,361.25,353.0,353.0,117232
2014-09-22,PERSISTENT,308.8357238769531,354.0,358.375,347.23748779296875,356.0,66592
2014-09-23,PERSISTENT,305.4660949707031,350.13751220703125,357.5,348.04998779296875,354.0,69348
2014-09-24,PERSISTENT,304.2664489746094,348.76251220703125,355.5625,341.26251220703125,350.13751220703125,42112
2014-09-25,PERSISTENT,302.2381591796875,346.4375,352.25,345.0,348.75,18300
2014-09-26,PERSISTENT,297.5706481933594,341.0874938964844,350.75,334.57501220703125,346.45001220703125,58476
2014-09-29,PERSISTENT,304.11383056640625,348.5874938964844,350.75,343.0,343.0,22888
2014-09-30,PERSISTENT,306.3493347167969,351.1499938964844,367.0,346.5,349.2875061035156,222024
2014-10-01,PERSISTENT,323.852294921875,371.2124938964844,377.375,352.01251220703125,352.01251220703125,313472
2014-10-07,PERSISTENT,318.96673583984375,365.61248779296875,388.75,363.75,375.0,225692
2014-10-08,PERSISTENT,312.8052978515625,358.54998779296875,371.17498779296875,357.5,366.25,66792
2014-10-09,PERSISTENT,316.68756103515625,363.0,369.5,357.5,357.5,40180
2014-10-10,PERSISTENT,315.7169494628906,361.88751220703125,367.4750061035156,358.01251220703125,364.98748779296875,36040
2014-10-13,PERSISTENT,315.5752258300781,361.7250061035156,367.4750061035156,360.0,367.4750061035156,32828
2014-10-14,PERSISTENT,312.0310363769531,357.6625061035156,362.01251220703125,354.0,362.0,51404
2014-10-15,PERSISTENT,312.0310363769531,357.6625061035156,357.6625061035156,357.6625061035156,357.6625061035156,0
2014-10-16,PERSISTENT,293.8411560058594,336.8125,375.0,333.26251220703125,368.75,500192
2014-10-17,PERSISTENT,290.38421630859375,332.8500061035156,338.3500061035156,323.75,336.8125,113204
2014-10-20,PERSISTENT,276.5780944824219,317.0249938964844,336.0,313.7875061035156,336.0,517204
2014-10-21,PERSISTENT,287.66864013671875,329.73748779296875,335.0,320.0,324.23748779296875,235540
2014-10-22,PERSISTENT,282.89227294921875,324.26251220703125,337.7250061035156,321.25,331.25,152328
2014-10-27,PERSISTENT,281.3982849121094,322.54998779296875,337.25,321.42498779296875,337.25,79504
2014-10-28,PERSISTENT,276.8616943359375,317.3500061035156,325.5249938964844,315.57501220703125,320.0,140228
2014-10-29,PERSISTENT,271.23455810546875,310.8999938964844,321.36248779296875,309.5,316.5,245580
2014-10-30,PERSISTENT,272.281494140625,312.1000061035156,315.23748779296875,310.0,311.0,510104
2014-10-31,PERSISTENT,283.4593505859375,324.9125061035156,327.5,315.0,316.25,189292
2014-11-03,PERSISTENT,287.5815734863281,329.63751220703125,332.45001220703125,326.5,327.1499938964844,121596
2014-11-05,PERSISTENT,281.8563232421875,323.07501220703125,332.17498779296875,321.25,332.0,508404
2014-11-07,PERSISTENT,288.0068359375,330.125,337.4375,321.51251220703125,323.25,162068
2014-11-10,PERSISTENT,283.5901794433594,325.0625,334.76251220703125,324.13751220703125,330.125,70860
2014-11-11,PERSISTENT,283.939208984375,325.4624938964844,328.25,319.0,325.0,163692
2014-11-12,PERSISTENT,284.9097595214844,326.57501220703125,331.5,322.8125,322.8125,276344
2014-11-13,PERSISTENT,284.05914306640625,325.6000061035156,329.98748779296875,323.07501220703125,328.75,245720
2014-11-14,PERSISTENT,281.2891540527344,322.42498779296875,326.5,320.51251220703125,325.3374938964844,134612
2014-11-17,PERSISTENT,281.83447265625,323.04998779296875,328.25,321.5,322.42498779296875,191712
2014-11-18,PERSISTENT,282.25970458984375,323.5375061035156,325.75,318.75,322.5,84744
2014-11-19,PERSISTENT,283.13214111328125,324.5375061035156,327.5,320.6499938964844,320.6499938964844,546848
2014-11-20,PERSISTENT,282.8268127441406,324.1875,327.25,320.8500061035156,325.0,182492
2014-11-21,PERSISTENT,281.1147155761719,322.2250061035156,327.5,321.25,325.54998779296875,253612
2014-11-24,PERSISTENT,302.2926940917969,346.5,349.2124938964844,322.2250061035156,322.2250061035156,754388
2014-11-25,PERSISTENT,297.2434997558594,340.7124938964844,355.0,332.5249938964844,348.6000061035156,343620
2014-11-26,PERSISTENT,310.4934387207031,355.8999938964844,357.25,342.25,343.75,355592
2014-11-27,PERSISTENT,310.83148193359375,356.2875061035156,361.9624938964844,355.0249938964844,360.0,98160
2014-11-28,PERSISTENT,331.9548034667969,380.5,383.75,356.82501220703125,360.0,436684
2014-12-01,PERSISTENT,357.0476989746094,409.26251220703125,413.75,375.0,376.0,1036476
2014-12-02,PERSISTENT,348.7161865234375,399.7124938964844,413.75,394.0,406.9750061035156,392844
2014-12-03,PERSISTENT,341.33331298828125,391.25,479.2250061035156,387.75,401.0,321288
2014-12-04,PERSISTENT,338.35626220703125,387.8374938964844,404.48748779296875,385.0,391.5,216076
2014-12-05,PERSISTENT,350.37371826171875,401.61248779296875,404.7250061035156,391.25,395.5,172048
2014-12-08,PERSISTENT,339.0213623046875,388.6000061035156,407.48748779296875,386.2749938964844,403.75,298756
2014-12-09,PERSISTENT,339.0213623046875,388.6000061035156,397.0625,384.0,392.0874938964844,71900
2014-12-10,PERSISTENT,336.426025390625,385.625,392.4624938964844,382.8999938964844,386.0,125552
2014-12-11,PERSISTENT,326.4694519042969,374.2124938964844,387.75,368.88751220703125,386.29998779296875,291292
2014-12-12,PERSISTENT,328.8468933105469,376.9375,387.0,372.8374938964844,375.01251220703125,182832
2014-12-15,PERSISTENT,328.5523376464844,376.6000061035156,379.98748779296875,373.75,378.75,105604
2014-12-16,PERSISTENT,327.39642333984375,375.2749938964844,380.45001220703125,371.5,374.9750061035156,95360
2014-12-17,PERSISTENT,326.69854736328125,374.4750061035156,377.48748779296875,365.5625,375.25,159208
2014-12-18,PERSISTENT,348.8143310546875,399.82501220703125,410.25,375.01251220703125,375.01251220703125,300248
2014-12-19,PERSISTENT,354.0052185058594,405.7749938964844,420.0,397.8999938964844,404.5,476540
2014-12-22,PERSISTENT,349.9049377441406,401.07501220703125,404.61248779296875,395.5249938964844,402.25,150292
2014-12-23,PERSISTENT,351.4969787597656,402.8999938964844,412.2250061035156,398.75,400.01251220703125,104012
2014-12-24,PERSISTENT,351.92230224609375,403.38751220703125,408.75,400.5,406.04998779296875,65084
2014-12-26,PERSISTENT,350.21014404296875,401.42498779296875,406.0,397.5,401.07501220703125,54244
2014-12-29,PERSISTENT,358.7925720214844,411.26251220703125,414.7124938964844,402.75,404.0,192896
2014-12-30,PERSISTENT,356.42608642578125,408.54998779296875,413.75,406.25,411.25,63688
2014-12-31,PERSISTENT,362.8601989746094,415.92498779296875,418.51251220703125,409.0625,409.0625,290412
2015-01-01,PERSISTENT,378.01849365234375,433.29998779296875,436.25,413.0,414.5,178624
2015-01-02,PERSISTENT,408.80389404296875,468.5874938964844,480.07501220703125,427.5,433.5,668408
2015-01-05,PERSISTENT,385.0087585449219,441.3125,468.75,438.0,468.75,486024
2015-01-06,PERSISTENT,375.9901123046875,430.9750061035156,443.67498779296875,425.54998779296875,438.5249938964844,257876
2015-01-07,PERSISTENT,378.1275329589844,433.42498779296875,437.5,425.0,435.0,240196
2015-01-08,PERSISTENT,380.3194580078125,435.9375,458.75,408.76251220703125,433.4624938964844,2122316
2015-01-09,PERSISTENT,397.4952392578125,455.625,459.4375,437.3999938964844,446.25,554984
2015-01-12,PERSISTENT,392.59881591796875,450.01251220703125,468.75,448.75,458.75,457636
2015-01-13,PERSISTENT,396.47015380859375,454.45001220703125,456.73748779296875,445.0,447.7749938964844,336052
2015-01-14,PERSISTENT,389.7416076660156,446.73748779296875,458.75,445.0,456.25,291116
2015-01-15,PERSISTENT,389.3380432128906,446.2749938964844,453.4125061035156,443.9375,447.75,106124
2015-01-16,PERSISTENT,383.39471435546875,439.4624938964844,451.98748779296875,437.5,444.25,212192
2015-01-19,PERSISTENT,396.23016357421875,454.17498779296875,462.5,441.2875061035156,443.5,382132
2015-01-20,PERSISTENT,409.17474365234375,469.01251220703125,476.0,454.0,455.75,516924
2015-01-21,PERSISTENT,405.58685302734375,464.8999938964844,478.75,460.5,473.75,392904
2015-01-22,PERSISTENT,402.2825622558594,461.11248779296875,469.5,459.5,469.5,131676
2015-01-23,PERSISTENT,399.5672302246094,458.0,473.6000061035156,453.0,465.01251220703125,198964
2015-01-27,PERSISTENT,390.5595703125,447.67498779296875,470.0,445.51251220703125,460.5375061035156,607256
2015-01-28,PERSISTENT,369.6541748046875,423.7124938964844,450.0,420.0,449.25,906936
2015-01-29,PERSISTENT,364.1143493652344,414.8999938964844,432.2250061035156,414.75,423.9750061035156,565124
2015-01-30,PERSISTENT,370.2246398925781,421.86248779296875,424.23748779296875,415.25,418.75,232908
2015-02-02,PERSISTENT,360.02264404296875,410.23748779296875,423.25,402.45001220703125,423.25,318912
2015-02-03,PERSISTENT,361.97528076171875,412.4624938964844,418.75,411.5,411.5,120284
2015-02-04,PERSISTENT,368.2389831542969,419.6000061035156,428.75,413.75,413.75,386256
2015-02-05,PERSISTENT,366.3631896972656,417.4624938964844,426.25,416.25,421.0,96216
2015-02-06,PERSISTENT,366.4508972167969,417.5625,423.75,405.0,418.48748779296875,199040
2015-02-09,PERSISTENT,363.2586975097656,413.92498779296875,423.5,408.0625,416.25,191944
2015-02-10,PERSISTENT,359.95672607421875,410.1625061035156,419.75,408.0,419.75,97416
2015-02-11,PERSISTENT,364.5750732421875,415.42498779296875,417.73748779296875,411.11248779296875,411.25,112240
2015-02-12,PERSISTENT,360.83428955078125,411.1625061035156,419.48748779296875,409.76251220703125,416.75,188924
2015-02-13,PERSISTENT,364.9700012207031,415.875,417.5,410.88751220703125,412.5375061035156,121624
2015-02-16,PERSISTENT,367.5040588378906,418.76251220703125,422.5,415.01251220703125,416.98748779296875,113132
2015-02-18,PERSISTENT,379.84527587890625,432.82501220703125,443.75,418.29998779296875,420.0,494456
2015-02-19,PERSISTENT,385.6483154296875,439.4375,446.0,434.25,434.25,271556
2015-02-20,PERSISTENT,383.9590148925781,437.51251220703125,441.0,435.0,438.0249938964844,249556
2015-02-23,PERSISTENT,385.1766357421875,438.8999938964844,440.0,437.48748779296875,439.0,174768
2015-02-24,PERSISTENT,385.7251892089844,439.5249938964844,440.5,437.51251220703125,440.23748779296875,79280
2015-02-25,PERSISTENT,385.7580871582031,439.5625,441.0,437.5249938964844,440.0,203912
2015-02-26,PERSISTENT,382.6754455566406,436.04998779296875,440.2250061035156,433.88751220703125,440.0,162240
2015-02-27,PERSISTENT,389.7949523925781,444.1625061035156,447.5,433.86248779296875,437.5,309592
2015-03-02,PERSISTENT,410.7366638183594,468.0249938964844,469.6625061035156,457.75,457.75,424356
2015-03-03,PERSISTENT,412.4150390625,469.9375,471.25,466.51251220703125,467.5,306768
2015-03-04,PERSISTENT,400.28228759765625,456.11248779296875,470.0,448.75,470.0,362388
2015-03-05,PERSISTENT,409.72735595703125,466.875,468.75,457.63751220703125,457.63751220703125,546032
2015-03-09,PERSISTENT,409.25567626953125,466.3374938964844,471.25,462.5375061035156,468.5,938364
2015-03-10,PERSISTENT,372.5611572265625,424.5249938964844,457.5,420.0,452.54998779296875,395216
2015-03-11,PERSISTENT,369.4018249511719,420.92498779296875,429.0,415.5,425.0,286228
2015-03-12,PERSISTENT,361.70098876953125,412.1499938964844,423.5,408.5,422.5,259074
2015-03-13,PERSISTENT,355.0751037597656,404.6000061035156,418.4750061035156,400.0,413.5,202286
2015-03-16,PERSISTENT,338.77374267578125,386.0249938964844,398.8500061035156,375.5,394.0,630548
2015-03-17,PERSISTENT,350.5115966796875,399.3999938964844,408.29998779296875,388.0,388.0,495548
2015-03-18,PERSISTENT,338.6640319824219,385.8999938964844,406.25,383.1499938964844,399.95001220703125,301862
2015-03-19,PERSISTENT,337.3695983886719,384.42498779296875,392.5,381.9750061035156,390.9750061035156,720360
2015-03-20,PERSISTENT,323.4378356933594,368.54998779296875,383.82501220703125,364.0,383.0,1083386
2015-03-23,PERSISTENT,315.0128173828125,358.95001220703125,367.5,357.6499938964844,365.0,383264
2015-03-24,PERSISTENT,311.76568603515625,355.25,361.0,350.0249938964844,350.0249938964844,725408
2015-03-25,PERSISTENT,309.5279541015625,352.70001220703125,358.0,348.0,358.0,901154
2015-03-26,PERSISTENT,307.39971923828125,350.2749938964844,356.625,346.0,352.70001220703125,165530
2015-03-27,PERSISTENT,315.82470703125,359.875,363.67498779296875,346.04998779296875,354.7749938964844,428842
2015-03-30,PERSISTENT,314.4862976074219,358.3500061035156,363.375,349.04998779296875,360.0,655150
2015-03-31,PERSISTENT,313.4331970214844,357.1499938964844,363.95001220703125,355.0249938964844,355.5,572750
2015-04-01,PERSISTENT,329.0982971191406,375.0,379.3500061035156,356.57501220703125,357.0,926342
2015-04-06,PERSISTENT,338.466552734375,385.67498779296875,391.92498779296875,373.5,375.9750061035156,387068
2015-04-07,PERSISTENT,342.0428161621094,389.75,395.0,384.5,384.5,282870
2015-04-08,PERSISTENT,338.5542907714844,385.7749938964844,393.5,384.0249938964844,389.95001220703125,120568
2015-04-09,PERSISTENT,341.6917724609375,389.3500061035156,399.54998779296875,387.5,391.0,198662
2015-04-10,PERSISTENT,344.763427734375,392.8500061035156,399.3999938964844,390.0,390.0,226418
2015-04-13,PERSISTENT,341.6917724609375,389.3500061035156,399.25,387.75,393.0,218736
2015-04-15,PERSISTENT,324.4250793457031,369.67498779296875,392.3999938964844,368.29998779296875,390.0,498456
2015-04-16,PERSISTENT,329.7784423828125,375.7749938964844,378.0249938964844,368.07501220703125,375.0,149584
2015-04-17,PERSISTENT,322.9112548828125,367.95001220703125,375.3500061035156,362.625,375.3500061035156,281978
2015-04-20,PERSISTENT,317.645751953125,361.95001220703125,369.0,353.0,368.0,504410
2015-04-21,PERSISTENT,312.86279296875,356.5,364.4750061035156,347.5,360.25,792974
2015-04-22,PERSISTENT,314.74957275390625,358.6499938964844,371.5249938964844,352.75,360.0,494758
2015-04-23,PERSISTENT,309.04522705078125,352.1499938964844,359.5,350.5,358.9750061035156,198038
2015-04-24,PERSISTENT,304.8986511230469,347.42498779296875,356.5,345.6000061035156,356.5,170896
2015-04-27,PERSISTENT,307.5533447265625,350.45001220703125,357.0,347.5,357.0,268178
2015-04-28,PERSISTENT,309.96673583984375,353.20001220703125,358.95001220703125,347.5,351.0249938964844,312678
2015-04-29,PERSISTENT,317.0971984863281,361.32501220703125,363.5,353.0249938964844,357.5,218058
2015-04-30,PERSISTENT,309.681396484375,352.875,368.8999938964844,350.7749938964844,364.75,423844
2015-05-04,PERSISTENT,311.23919677734375,354.6499938964844,362.82501220703125,353.54998779296875,357.95001220703125,104072
2015-05-05,PERSISTENT,306.6757507324219,349.45001220703125,357.0,347.5,357.0,781776
2015-05-06,PERSISTENT,300.7738952636719,342.7250061035156,352.7749938964844,341.79998779296875,350.95001220703125,241280
2015-05-07,PERSISTENT,293.072998046875,333.95001220703125,342.2250061035156,331.1000061035156,342.2250061035156,347882
2015-05-08,PERSISTENT,307.5093688964844,350.3999938964844,351.875,337.5,341.45001220703125,226066
2015-05-11,PERSISTENT,306.2588806152344,348.9750061035156,354.45001220703125,341.125,354.45001220703125,141412
2015-05-12,PERSISTENT,301.84893798828125,343.95001220703125,353.0,342.54998779296875,346.0,150462
2015-05-13,PERSISTENT,314.04754638671875,357.8500061035156,362.5,346.8500061035156,349.0,261072
2015-05-14,PERSISTENT,318.3697204589844,362.7749938964844,365.0,353.625,359.0,116260
2015-05-15,PERSISTENT,340.156005859375,387.6000061035156,391.45001220703125,365.20001220703125,367.0,284400
2015-05-18,PERSISTENT,338.5542907714844,385.7749938964844,392.9750061035156,380.0,387.5,124304
2015-05-19,PERSISTENT,340.24383544921875,387.70001220703125,395.45001220703125,382.1499938964844,387.4750061035156,252960
2015-05-20,PERSISTENT,343.88580322265625,391.8500061035156,410.3999938964844,390.0,401.5,1303528
2015-05-21,PERSISTENT,342.7669372558594,390.57501220703125,394.79998779296875,387.04998779296875,391.9750061035156,115310
2015-05-22,PERSISTENT,348.690673828125,397.32501220703125,399.25,390.5,391.8999938964844,192860
2015-05-25,PERSISTENT,348.6687316894531,397.29998779296875,399.75,394.125,397.32501220703125,92168
2015-05-26,PERSISTENT,344.96087646484375,393.07501220703125,399.875,391.0,399.875,135238
2015-05-27,PERSISTENT,333.44244384765625,379.95001220703125,391.4750061035156,375.29998779296875,391.4750061035156,197704
2015-05-28,PERSISTENT,328.2645263671875,374.04998779296875,386.0,372.54998779296875,386.0,180112
2015-05-29,PERSISTENT,345.18023681640625,393.32501220703125,399.70001220703125,374.5,375.6000061035156,1150244
2015-06-01,PERSISTENT,335.8996887207031,382.75,387.5,381.125,387.5,75918
2015-06-02,PERSISTENT,331.2703552246094,377.4750061035156,386.5,373.0,384.0,206174
2015-06-03,PERSISTENT,333.8592529296875,380.42498779296875,385.5,367.5,377.4750061035156,99344
2015-06-04,PERSISTENT,332.1479187011719,378.4750061035156,387.5,377.5,380.54998779296875,81368
2015-06-05,PERSISTENT,330.4585266113281,376.54998779296875,382.32501220703125,375.04998779296875,378.5,46470
2015-06-08,PERSISTENT,328.06707763671875,373.82501220703125,381.54998779296875,365.04998779296875,375.57501220703125,82054
2015-06-09,PERSISTENT,328.045166015625,373.79998779296875,384.95001220703125,370.0,372.5,100408
2015-06-10,PERSISTENT,327.5406188964844,373.2250061035156,378.32501220703125,371.375,374.8999938964844,63958
2015-06-11,PERSISTENT,324.4690246582031,369.7250061035156,380.5,367.2749938964844,380.5,74694
2015-06-12,PERSISTENT,318.80853271484375,363.2749938964844,370.9750061035156,355.7749938964844,369.7250061035156,81732
2015-06-15,PERSISTENT,317.3385314941406,361.6000061035156,367.5,358.5,363.5249938964844,147248
2015-06-16,PERSISTENT,319.3349914550781,363.875,369.5,359.0249938964844,364.32501220703125,282068
2015-06-17,PERSISTENT,318.63299560546875,363.07501220703125,370.92498779296875,362.5,364.0,94010
2015-06-18,PERSISTENT,316.1318359375,360.2250061035156,367.4750061035156,359.0,365.45001220703125,294500
2015-06-19,PERSISTENT,313.1041564941406,356.7749938964844,364.95001220703125,355.0,361.8999938964844,111632
2015-06-22,PERSISTENT,314.5741271972656,358.45001220703125,362.3500061035156,356.6000061035156,359.95001220703125,76580
2015-06-23,PERSISTENT,315.9344177246094,360.0,366.5,353.0,357.67498779296875,136982
2015-06-24,PERSISTENT,275.6087951660156,314.04998779296875,342.5,309.5,342.5,3683370
2015-06-25,PERSISTENT,267.8201599121094,305.17498779296875,322.45001220703125,303.0,315.29998779296875,2520072
2015-06-26,PERSISTENT,267.6885986328125,305.0249938964844,314.3999938964844,304.5,311.95001220703125,1744836
2015-06-29,PERSISTENT,255.0950469970703,290.67498779296875,299.5,288.0,299.5,1512752
2015-06-30,PERSISTENT,263.41015625,300.1499938964844,309.95001220703125,290.04998779296875,290.45001220703125,1097388
2015-07-01,PERSISTENT,266.920654296875,304.1499938964844,306.92498779296875,302.0249938964844,302.79998779296875,647226
2015-07-02,PERSISTENT,274.4021301269531,312.67498779296875,314.3999938964844,304.625,306.8500061035156,489348
2015-07-03,PERSISTENT,270.0141906738281,307.67498779296875,313.95001220703125,307.4750061035156,313.95001220703125,350234
2015-07-06,PERSISTENT,273.3710021972656,311.5,313.5,301.0,307.5,207896
2015-07-07,PERSISTENT,281.0500183105469,320.25,326.5,312.0,314.0,606878
2015-07-08,PERSISTENT,274.775146484375,313.1000061035156,319.75,311.04998779296875,314.95001220703125,251876
2015-07-09,PERSISTENT,271.9449157714844,309.875,319.5,306.17498779296875,319.0,615778
2015-07-10,PERSISTENT,267.6665344238281,305.0,315.5249938964844,300.6499938964844,315.5249938964844,503394
2015-07-13,PERSISTENT,275.4333190917969,313.8500061035156,315.0,307.5,307.5,181716
2015-07-14,PERSISTENT,279.1631164550781,318.1000061035156,320.0,311.1499938964844,317.5,195656
2015-07-15,PERSISTENT,281.7300720214844,321.0249938964844,323.3999938964844,318.5,319.5,194860
2015-07-16,PERSISTENT,288.4743347167969,326.1499938964844,329.5,319.92498779296875,320.0,218668
2015-07-17,PERSISTENT,292.211181640625,330.375,336.25,327.25,328.5,456942
2015-07-20,PERSISTENT,293.09576416015625,331.375,339.0,287.45001220703125,339.0,176700
2015-07-21,PERSISTENT,285.8651123046875,323.20001220703125,334.875,320.0,331.3999938964844,275298
2015-07-22,PERSISTENT,281.88494873046875,318.70001220703125,323.20001220703125,313.0,322.5,112364
2015-07-23,PERSISTENT,280.13800048828125,316.7250061035156,323.5,311.0,320.0,307266
2015-07-24,PERSISTENT,282.1280822753906,318.9750061035156,322.5,318.0,320.5,152638
2015-07-27,PERSISTENT,292.2996826171875,330.4750061035156,333.0,321.04998779296875,321.04998779296875,431732
2015-07-28,PERSISTENT,296.9211120605469,335.70001220703125,339.0,330.0,335.0,326468
2015-07-29,PERSISTENT,289.8009948730469,327.6499938964844,337.5,325.5,337.5,124558
2015-07-30,PERSISTENT,288.7396240234375,326.45001220703125,334.82501220703125,325.6000061035156,326.125,186256
2015-07-31,PERSISTENT,294.1349792480469,332.54998779296875,335.0,327.0249938964844,329.17498779296875,111246
2015-08-03,PERSISTENT,296.1250915527344,334.79998779296875,337.4750061035156,330.82501220703125,332.6499938964844,89830
2015-08-04,PERSISTENT,295.8154602050781,334.45001220703125,337.0249938964844,327.07501220703125,335.0,175266
2015-08-05,PERSISTENT,300.01678466796875,339.20001220703125,342.0,333.54998779296875,337.0,188402
2015-08-06,PERSISTENT,306.9378967285156,347.0249938964844,348.95001220703125,339.0,339.95001220703125,202358
2015-08-07,PERSISTENT,307.29168701171875,347.42498779296875,351.0,342.67498779296875,342.67498779296875,157512
2015-08-10,PERSISTENT,314.5002746582031,355.57501220703125,360.95001220703125,347.6000061035156,352.45001220703125,289068
2015-08-11,PERSISTENT,315.7163391113281,356.95001220703125,362.5,352.6000061035156,358.4750061035156,129352
2015-08-12,PERSISTENT,314.69921875,355.79998779296875,365.5,352.95001220703125,352.9750061035156,363274
2015-08-13,PERSISTENT,316.49029541015625,357.82501220703125,365.0,355.6000061035156,357.57501220703125,195198
2015-08-14,PERSISTENT,317.3305969238281,358.7749938964844,363.4750061035156,356.57501220703125,356.57501220703125,111498
2015-08-17,PERSISTENT,323.41143798828125,365.6499938964844,367.0249938964844,360.0,361.9750061035156,244786
2015-08-18,PERSISTENT,332.38885498046875,375.79998779296875,378.0,367.375,367.375,173052
2015-08-19,PERSISTENT,332.9416809082031,376.42498779296875,380.0,372.5,377.2250061035156,77410
2015-08-20,PERSISTENT,321.332763671875,363.29998779296875,379.75,360.7749938964844,379.75,238674
2015-08-21,PERSISTENT,310.0778503417969,350.57501220703125,361.54998779296875,347.9750061035156,360.0,147722
2015-08-24,PERSISTENT,298.44683837890625,337.42498779296875,348.95001220703125,325.0,327.5,199784
2015-08-25,PERSISTENT,293.449462890625,331.7749938964844,346.2250061035156,319.5,339.92498779296875,186626
2015-08-26,PERSISTENT,298.6679992675781,337.67498779296875,343.42498779296875,325.3500061035156,330.04998779296875,132962
2015-08-27,PERSISTENT,302.13958740234375,341.6000061035156,346.17498779296875,339.5,341.0,49112
2015-08-28,PERSISTENT,309.8345642089844,350.29998779296875,353.5,342.5,342.5,90956
2015-08-31,PERSISTENT,310.0114440917969,350.5,357.25,347.625,355.0,53086
2015-09-01,PERSISTENT,309.67974853515625,350.125,353.5249938964844,337.5,353.0,71580
2015-09-02,PERSISTENT,311.5592956542969,352.25,354.95001220703125,341.3500061035156,350.125,70258
2015-09-03,PERSISTENT,311.6920166015625,352.3999938964844,358.3999938964844,348.3999938964844,352.5,68792
2015-09-04,PERSISTENT,306.3186950683594,346.32501220703125,359.42498779296875,344.5,357.375,94146
2015-09-07,PERSISTENT,303.2451171875,342.8500061035156,348.07501220703125,338.54998779296875,343.04998779296875,84274
2015-09-08,PERSISTENT,313.5272521972656,354.4750061035156,357.0249938964844,338.625,340.5,123720
2015-09-09,PERSISTENT,310.6748046875,351.25,360.0,348.0,355.5249938964844,84260
2015-09-10,PERSISTENT,307.42425537109375,347.57501220703125,352.5,342.5,348.0,79656
2015-09-11,PERSISTENT,302.62603759765625,342.1499938964844,354.6000061035156,340.0,349.0249938964844,91096
2015-09-14,PERSISTENT,300.4811706542969,339.7250061035156,349.5,339.0,349.5,85390
2015-09-15,PERSISTENT,299.3976745605469,338.5,345.0,335.0,345.0,76290
2015-09-16,PERSISTENT,304.2401428222656,343.9750061035156,346.0,335.0,343.0,76594
2015-09-18,PERSISTENT,301.1665954589844,340.5,346.5249938964844,337.54998779296875,345.5,183922
2015-09-21,PERSISTENT,303.3999938964844,343.0249938964844,345.04998779296875,337.5249938964844,340.0,62660
2015-09-22,PERSISTENT,302.4049072265625,341.8999938964844,347.45001220703125,340.0,342.6000061035156,298230
2015-09-23,PERSISTENT,296.4788513183594,335.20001220703125,340.0,331.125,339.0,103318
2015-09-24,PERSISTENT,293.9580383300781,332.3500061035156,338.5,331.07501220703125,338.5,112360
2015-09-28,PERSISTENT,300.6358642578125,339.8999938964844,341.1499938964844,332.5,332.5,123966
2015-09-29,PERSISTENT,290.7739562988281,328.75,349.6499938964844,325.04998779296875,336.5,227214
2015-09-30,PERSISTENT,294.3782043457031,332.82501220703125,336.92498779296875,328.3999938964844,328.75,178208
2015-10-01,PERSISTENT,285.5775146484375,322.875,333.9750061035156,320.8500061035156,332.5,121546
2015-10-05,PERSISTENT,285.8429260253906,323.17498779296875,327.3999938964844,322.70001220703125,326.3999938964844,116336
2015-10-06,PERSISTENT,286.1524658203125,323.5249938964844,331.5,323.0249938964844,325.0,180878
2015-10-07,PERSISTENT,287.30230712890625,324.82501220703125,329.3999938964844,324.0,327.45001220703125,132762
2015-10-08,PERSISTENT,285.68817138671875,323.0,328.5,321.0,327.95001220703125,118554
2015-10-09,PERSISTENT,294.57720947265625,333.04998779296875,335.04998779296875,325.0249938964844,326.45001220703125,229638
2015-10-12,PERSISTENT,297.2306823730469,336.04998779296875,344.75,334.0,340.0,145570
2015-10-13,PERSISTENT,302.0511169433594,341.5,342.5,335.5,336.0,122878
2015-10-14,PERSISTENT,305.32373046875,345.20001220703125,346.92498779296875,340.0,342.0,96004
2015-10-15,PERSISTENT,309.1048583984375,349.4750061035156,351.5,342.45001220703125,344.0249938964844,102188
2015-10-16,PERSISTENT,304.5939636230469,344.375,352.04998779296875,342.5,349.625,48718
2015-10-19,PERSISTENT,304.99200439453125,344.82501220703125,347.42498779296875,340.1000061035156,345.5,64684
2015-10-20,PERSISTENT,302.4049072265625,341.8999938964844,345.125,341.0,342.125,53350
2015-10-21,PERSISTENT,299.9946594238281,339.17498779296875,344.0,337.57501220703125,342.6499938964844,330316
2015-10-23,PERSISTENT,293.6485290527344,332.0,343.0,330.0249938964844,343.0,105478
2015-10-26,PERSISTENT,296.014404296875,334.67498779296875,338.0,332.82501220703125,337.9750061035156,161714
2015-10-27,PERSISTENT,292.8745422363281,331.125,339.5,330.0,337.3500061035156,96200
2015-10-28,PERSISTENT,287.01483154296875,324.5,332.125,321.04998779296875,332.125,118346
2015-10-29,PERSISTENT,288.031982421875,325.6499938964844,329.04998779296875,323.95001220703125,324.5249938964844,53744
2015-10-30,PERSISTENT,285.37860107421875,322.6499938964844,326.625,320.0,324.5249938964844,67792
2015-11-02,PERSISTENT,289.00494384765625,326.75,328.5,318.70001220703125,328.5,72672
2015-11-03,PERSISTENT,299.5303039550781,338.6499938964844,340.0,324.5,328.0,205002
2015-11-04,PERSISTENT,293.49371337890625,331.82501220703125,341.0,330.25,340.8999938964844,64452
2015-11-05,PERSISTENT,286.395751953125,323.79998779296875,334.9750061035156,321.17498779296875,334.9750061035156,74944
2015-11-06,PERSISTENT,291.23834228515625,329.2749938964844,330.92498779296875,322.3500061035156,328.0,75968
2015-11-09,PERSISTENT,290.0663757324219,327.95001220703125,332.5,312.0,326.9750061035156,80704
2015-11-10,PERSISTENT,289.8230895996094,327.67498779296875,333.54998779296875,325.17498779296875,330.0,75678
2015-11-13,PERSISTENT,288.7617492675781,326.4750061035156,333.0,323.0,333.0,94946
2015-11-16,PERSISTENT,288.0762634277344,325.70001220703125,334.75,323.0,323.0,120460
2015-11-17,PERSISTENT,291.79107666015625,329.8999938964844,333.0,326.54998779296875,327.0,61820
2015-11-18,PERSISTENT,291.5257568359375,329.6000061035156,334.5,326.5,330.8999938964844,131396
2015-11-19,PERSISTENT,296.2135925292969,334.8999938964844,337.4750061035156,326.8999938964844,331.4750061035156,77006
2015-11-20,PERSISTENT,292.76397705078125,331.0,337.4750061035156,327.6000061035156,332.5,120046
2015-11-23,PERSISTENT,295.99237060546875,334.6499938964844,336.9750061035156,327.75,332.45001220703125,35290
2015-11-24,PERSISTENT,297.58441162109375,336.45001220703125,337.5,332.1499938964844,336.95001220703125,53048
2015-11-26,PERSISTENT,296.1029968261719,334.7749938964844,336.5,333.1000061035156,336.5,29426
2015-11-27,PERSISTENT,300.5032653808594,339.75,342.20001220703125,333.0,333.5249938964844,153444
2015-11-30,PERSISTENT,294.5108642578125,332.9750061035156,340.0,331.125,340.0,141804
2015-12-01,PERSISTENT,295.3290710449219,333.8999938964844,337.5,332.5,332.5,174042
2015-12-02,PERSISTENT,295.79339599609375,334.42498779296875,336.92498779296875,332.1000061035156,334.0,30420
2015-12-03,PERSISTENT,292.365966796875,330.54998779296875,337.4750061035156,330.0,334.4750061035156,34086
2015-12-04,PERSISTENT,293.27264404296875,331.57501220703125,336.95001220703125,327.5,330.95001220703125,63268
2015-12-07,PERSISTENT,300.56964111328125,339.82501220703125,348.8500061035156,333.57501220703125,337.45001220703125,497474
2015-12-08,PERSISTENT,301.3435363769531,340.70001220703125,346.32501220703125,335.875,341.25,215188
2015-12-09,PERSISTENT,297.5402526855469,336.3999938964844,342.5,333.04998779296875,341.5,113270
2015-12-10,PERSISTENT,298.0709533691406,337.0,342.0,335.04998779296875,339.0,234290
2015-12-11,PERSISTENT,296.5229797363281,335.25,339.9750061035156,333.07501220703125,339.4750061035156,443188
2015-12-14,PERSISTENT,293.13995361328125,331.42498779296875,335.5,329.0249938964844,335.5,53582
2015-12-15,PERSISTENT,292.25543212890625,330.42498779296875,333.375,328.1499938964844,333.0,107686
2015-12-16,PERSISTENT,291.6583557128906,329.75,334.3500061035156,329.0,331.70001220703125,92350
2015-12-17,PERSISTENT,292.94091796875,331.20001220703125,335.0,330.0,334.4750061035156,220606
2015-12-18,PERSISTENT,293.78118896484375,332.1499938964844,334.8999938964844,329.0,330.0,207198
2015-12-21,PERSISTENT,294.22344970703125,332.6499938964844,334.3999938964844,330.5,334.3999938964844,150636
2015-12-22,PERSISTENT,291.0835266113281,329.1000061035156,335.4750061035156,328.1000061035156,335.4750061035156,76754
2015-12-23,PERSISTENT,290.26531982421875,328.17498779296875,332.5,326.25,332.5,210970
2015-12-24,PERSISTENT,287.6561279296875,325.2250061035156,329.4750061035156,323.25,327.5,203248
2015-12-28,PERSISTENT,286.0198669433594,323.375,328.0,322.42498779296875,328.0,80314
2015-12-29,PERSISTENT,284.7373352050781,321.92498779296875,325.0,320.75,323.5,70606
2015-12-30,PERSISTENT,286.55059814453125,323.9750061035156,325.17498779296875,322.5,323.4750061035156,63204
2015-12-31,PERSISTENT,283.74224853515625,320.79998779296875,324.95001220703125,319.07501220703125,324.95001220703125,109882
2016-01-01,PERSISTENT,287.05914306640625,324.54998779296875,325.0,320.0,321.5249938964844,40898
2016-01-04,PERSISTENT,286.2188415527344,323.6000061035156,324.54998779296875,320.0,324.54998779296875,36808
2016-01-05,PERSISTENT,283.74224853515625,320.79998779296875,325.0,320.0249938964844,325.0,61096
2016-01-06,PERSISTENT,284.2950744628906,321.42498779296875,323.8500061035156,320.0,320.5,119736
2016-01-07,PERSISTENT,277.2192077636719,313.42498779296875,320.25,311.1499938964844,320.0,104628
2016-01-08,PERSISTENT,278.501708984375,314.875,319.25,312.5,313.5,69694
2016-01-11,PERSISTENT,273.2169494628906,308.8999938964844,316.0249938964844,306.7749938964844,312.5,184132
2016-01-12,PERSISTENT,278.6565246582031,315.04998779296875,317.5,310.0249938964844,313.0,124922
2016-01-13,PERSISTENT,276.5779724121094,312.70001220703125,321.5,310.0,317.5,200834
2016-01-14,PERSISTENT,275.6713562011719,311.67498779296875,313.25,304.4750061035156,310.0,49580
2016-01-15,PERSISTENT,273.150634765625,308.82501220703125,312.5249938964844,306.70001220703125,310.0249938964844,41938
2016-01-18,PERSISTENT,264.83648681640625,299.42498779296875,309.0,297.5,309.0,92066
2016-01-19,PERSISTENT,272.0892639160156,307.625,308.5,293.5,308.5,57956
2016-01-20,PERSISTENT,264.6374816894531,299.20001220703125,307.6499938964844,296.625,305.0,65166
2016-01-21,PERSISTENT,268.6175842285156,303.70001220703125,308.0249938964844,298.0,308.0,118946
2016-01-22,PERSISTENT,260.34765625,294.3500061035156,308.5249938964844,292.79998779296875,305.0,166166
2016-01-25,PERSISTENT,269.1704406738281,304.32501220703125,320.3500061035156,302.04998779296875,317.82501220703125,496384
2016-01-27,PERSISTENT,280.5360412597656,317.17498779296875,320.1499938964844,305.0,307.5,513288
2016-01-28,PERSISTENT,282.4818115234375,319.375,324.9750061035156,314.5,318.1000061035156,209568
2016-01-29,PERSISTENT,293.1620178222656,331.45001220703125,333.875,318.9750061035156,320.0,375674
2016-02-01,PERSISTENT,293.1620178222656,331.45001220703125,344.5,330.0,332.4750061035156,246764
2016-02-02,PERSISTENT,297.08331298828125,333.3500061035156,336.25,331.0,333.0,394314
2016-02-03,PERSISTENT,292.939208984375,328.70001220703125,331.0,325.75,330.0,147676
2016-02-04,PERSISTENT,286.7899475097656,321.79998779296875,333.4750061035156,317.7749938964844,330.79998779296875,127362
2016-02-05,PERSISTENT,285.7650451660156,320.6499938964844,323.75,314.6499938964844,322.3500061035156,175946
2016-02-08,PERSISTENT,283.8711853027344,318.5249938964844,329.3500061035156,315.5,323.70001220703125,85324
2016-02-09,PERSISTENT,277.69964599609375,311.6000061035156,318.5249938964844,310.04998779296875,318.5,80016
2016-02-10,PERSISTENT,272.6197509765625,305.8999938964844,314.75,305.04998779296875,311.6000061035156,286584
2016-02-11,PERSISTENT,267.2502746582031,299.875,311.0,293.0,311.0,130954
2016-02-12,PERSISTENT,261.0562744140625,292.92498779296875,304.07501220703125,287.5,302.5,92646
2016-02-15,PERSISTENT,273.8897705078125,307.32501220703125,309.0,298.7250061035156,303.75,39038
2016-02-16,PERSISTENT,272.775634765625,306.07501220703125,310.5,300.04998779296875,308.79998779296875,219590
2016-02-17,PERSISTENT,284.62860107421875,319.375,321.7749938964844,303.1000061035156,306.82501220703125,90716
2016-02-18,PERSISTENT,287.8370361328125,322.9750061035156,326.5,317.17498779296875,319.375,71276
2016-02-19,PERSISTENT,290.1987609863281,325.625,327.25,320.0249938964844,320.0249938964844,49448
2016-02-22,PERSISTENT,292.6495361328125,328.375,330.8999938964844,321.70001220703125,325.5,85914
2016-02-23,PERSISTENT,286.9458923339844,321.9750061035156,327.25,315.92498779296875,323.625,83192
2016-02-24,PERSISTENT,280.57373046875,314.82501220703125,321.9750061035156,311.7250061035156,321.92498779296875,70356
2016-02-25,PERSISTENT,279.39288330078125,313.5,315.0,310.625,314.82501220703125,26816
2016-02-26,PERSISTENT,276.340576171875,310.07501220703125,316.2250061035156,307.0249938964844,313.5249938964844,63494
2016-02-29,PERSISTENT,270.7928161621094,303.8500061035156,314.82501220703125,290.0,314.82501220703125,69250
2016-03-01,PERSISTENT,274.40216064453125,307.8999938964844,311.8999938964844,303.25,309.45001220703125,150394
2016-03-02,PERSISTENT,272.12957763671875,305.3500061035156,314.2749938964844,303.625,312.5,99894
2016-03-03,PERSISTENT,268.29742431640625,301.04998779296875,312.45001220703125,292.82501220703125,309.5,386290
2016-03-04,PERSISTENT,269.923828125,302.875,309.8500061035156,300.5,303.4750061035156,96934
2016-03-08,PERSISTENT,271.3719787597656,304.5,309.0,300.5,307.20001220703125,143140
2016-03-09,PERSISTENT,269.3222961425781,302.20001220703125,307.17498779296875,299.5,307.17498779296875,121888
2016-03-10,PERSISTENT,267.07196044921875,299.67498779296875,307.25,298.0,303.45001220703125,799988
2016-03-11,PERSISTENT,267.09429931640625,299.70001220703125,303.20001220703125,297.95001220703125,300.07501220703125,477132
2016-03-14,PERSISTENT,267.22796630859375,299.8500061035156,304.0,297.6000061035156,301.5,91906
2016-03-15,PERSISTENT,272.7980041503906,306.1000061035156,309.75,299.5,305.9750061035156,367834
2016-03-16,PERSISTENT,295.167236328125,331.20001220703125,342.0,306.1000061035156,307.0,889830
2016-03-17,PERSISTENT,292.8395690917969,327.1000061035156,335.0,323.0249938964844,333.4750061035156,949748
2016-03-18,PERSISTENT,300.87451171875,336.07501220703125,339.95001220703125,325.0249938964844,328.5,611012
2016-03-21,PERSISTENT,331.5147705078125,370.29998779296875,399.0,344.5,344.5,3955724
2016-03-22,PERSISTENT,320.57025146484375,358.07501220703125,369.0249938964844,346.04998779296875,360.0,1611828
2016-03-23,PERSISTENT,325.449462890625,363.5249938964844,366.7749938964844,355.1000061035156,359.3999938964844,400738
2016-03-28,PERSISTENT,331.58197021484375,370.375,380.0,363.5249938964844,364.57501220703125,515388
2016-03-29,PERSISTENT,336.729736328125,376.125,379.5,367.8999938964844,368.0,228300
2016-03-30,PERSISTENT,338.2292785644531,377.79998779296875,381.0,373.04998779296875,378.92498779296875,134368
2016-03-31,PERSISTENT,341.1612243652344,381.07501220703125,383.4750061035156,370.5,377.79998779296875,170712
2016-04-01,PERSISTENT,331.7386169433594,370.54998779296875,380.0,367.5,380.0,299296
2016-04-04,PERSISTENT,336.2821044921875,375.625,377.5,372.5,375.0,202174
2016-04-05,PERSISTENT,334.5586242675781,373.70001220703125,377.5,370.20001220703125,376.5,119284
2016-04-06,PERSISTENT,330.8209228515625,369.5249938964844,374.9750061035156,366.29998779296875,373.70001220703125,104232
2016-04-07,PERSISTENT,325.1808166503906,363.2250061035156,371.0,360.67498779296875,371.0,82984
2016-04-08,PERSISTENT,326.0984802246094,364.25,370.875,360.0,369.92498779296875,41594
2016-04-11,PERSISTENT,321.19696044921875,358.7749938964844,365.07501220703125,355.6000061035156,362.25,90988
2016-04-12,PERSISTENT,322.0250549316406,359.70001220703125,363.0,356.4750061035156,356.75,171724
2016-04-13,PERSISTENT,324.24078369140625,362.17498779296875,365.5,360.45001220703125,362.5249938964844,72606
2016-04-18,PERSISTENT,345.2347106933594,385.625,388.25,362.17498779296875,362.17498779296875,742684
2016-04-20,PERSISTENT,342.72796630859375,382.82501220703125,392.45001220703125,380.04998779296875,387.20001220703125,248904
2016-04-21,PERSISTENT,334.0886535644531,373.17498779296875,384.70001220703125,368.5,380.125,161260
2016-04-22,PERSISTENT,333.6410827636719,372.67498779296875,377.375,370.04998779296875,373.3999938964844,68524
2016-04-25,PERSISTENT,321.68927001953125,359.32501220703125,373.5,357.29998779296875,372.0,220684
2016-04-26,PERSISTENT,327.1280822753906,365.3999938964844,370.25,353.125,359.875,564282
2016-04-27,PERSISTENT,335.56585693359375,374.82501220703125,378.8999938964844,368.3999938964844,368.45001220703125,406834
2016-04-28,PERSISTENT,329.99298095703125,368.6000061035156,378.0,365.42498779296875,376.9750061035156,103932
2016-04-29,PERSISTENT,332.38775634765625,371.2749938964844,374.3999938964844,368.54998779296875,372.4750061035156,391728
2016-05-02,PERSISTENT,331.02239990234375,369.75,371.5249938964844,366.0,371.20001220703125,50346
2016-05-03,PERSISTENT,327.1504211425781,365.42498779296875,372.375,360.75,365.9750061035156,157186
2016-05-04,PERSISTENT,329.52288818359375,368.07501220703125,371.95001220703125,360.5,366.5,84196
2016-05-05,PERSISTENT,326.5013427734375,364.70001220703125,371.1499938964844,362.70001220703125,368.67498779296875,106184
2016-05-06,PERSISTENT,324.6660461425781,362.6499938964844,368.4750061035156,361.625,364.0,64642
2016-05-09,PERSISTENT,323.256103515625,361.07501220703125,367.4750061035156,358.5249938964844,362.54998779296875,115680
2016-05-10,PERSISTENT,321.0626525878906,358.625,362.5,353.95001220703125,361.1499938964844,147906
2016-05-11,PERSISTENT,324.24078369140625,362.17498779296875,366.9750061035156,358.0,359.9750061035156,77570
2016-05-12,PERSISTENT,329.7466735839844,368.32501220703125,370.0,359.70001220703125,363.9750061035156,92540
2016-05-13,PERSISTENT,329.72430419921875,368.29998779296875,371.20001220703125,363.75,368.32501220703125,76444
2016-05-16,PERSISTENT,320.9954833984375,358.54998779296875,368.1499938964844,357.5,367.5,74640
2016-05-17,PERSISTENT,323.0769958496094,360.875,363.57501220703125,358.82501220703125,363.57501220703125,140208
2016-05-18,PERSISTENT,328.73956298828125,367.20001220703125,368.9750061035156,360.875,360.875,87082
2016-05-19,PERSISTENT,323.21124267578125,361.0249938964844,369.8999938964844,357.7250061035156,369.8999938964844,76220
2016-05-20,PERSISTENT,324.46466064453125,362.42498779296875,364.7749938964844,357.57501220703125,357.57501220703125,54164
2016-05-23,PERSISTENT,326.0088806152344,364.1499938964844,366.875,361.29998779296875,363.5,46022
2016-05-24,PERSISTENT,325.6061096191406,363.70001220703125,365.0,361.92498779296875,361.92498779296875,34192
2016-05-25,PERSISTENT,323.9945983886719,361.8999938964844,366.5,360.1000061035156,364.0,45212
2016-05-26,PERSISTENT,327.4190368652344,365.7250061035156,367.0,361.8999938964844,362.2749938964844,177516
2016-05-27,PERSISTENT,328.336669921875,366.75,369.8999938964844,362.79998779296875,367.9750061035156,149872
2016-05-30,PERSISTENT,329.52288818359375,368.07501220703125,369.0,366.42498779296875,368.9750061035156,226846
2016-05-31,PERSISTENT,329.4333190917969,367.9750061035156,369.9750061035156,365.0,369.9750061035156,129604
2016-06-01,PERSISTENT,329.81390380859375,368.3999938964844,369.0,364.32501220703125,365.0,132940
2016-06-02,PERSISTENT,325.4046936035156,363.4750061035156,368.5,362.0,368.0,329838
2016-06-03,PERSISTENT,326.45660400390625,364.6499938964844,368.0,360.0,363.5,84332
2016-06-06,PERSISTENT,324.4869384765625,362.45001220703125,368.7250061035156,360.5,368.45001220703125,93902
2016-06-07,PERSISTENT,325.7179870605469,363.82501220703125,366.0,362.0,365.79998779296875,79292
2016-06-08,PERSISTENT,322.7189025878906,360.4750061035156,364.95001220703125,359.6499938964844,364.7749938964844,75268
2016-06-09,PERSISTENT,322.1145935058594,359.79998779296875,363.3500061035156,357.5249938964844,359.5,54330
2016-06-10,PERSISTENT,317.9068603515625,355.1000061035156,360.75,354.0,359.9750061035156,109446
2016-06-13,PERSISTENT,319.9435729980469,357.375,359.4750061035156,351.04998779296875,352.5,56270
2016-06-14,PERSISTENT,315.3106689453125,352.20001220703125,357.5,351.125,356.625,71050
2016-06-15,PERSISTENT,315.3329772949219,352.2250061035156,357.5,351.75,354.4750061035156,120520
2016-06-16,PERSISTENT,315.5120544433594,352.42498779296875,354.5249938964844,350.92498779296875,353.4750061035156,70358
2016-06-17,PERSISTENT,306.7832336425781,342.67498779296875,355.9750061035156,339.2250061035156,355.9750061035156,263858
2016-06-20,PERSISTENT,309.5585632324219,345.7749938964844,346.8999938964844,342.67498779296875,342.67498779296875,63286
2016-06-21,PERSISTENT,311.6177062988281,348.07501220703125,352.45001220703125,345.1000061035156,346.0,69274
2016-06-22,PERSISTENT,313.8110656738281,350.5249938964844,354.9750061035156,346.1499938964844,346.1499938964844,81794
2016-06-23,PERSISTENT,315.9373474121094,352.8999938964844,357.0,347.6499938964844,347.6499938964844,107472
2016-06-24,PERSISTENT,318.6230773925781,355.8999938964844,359.875,335.0,347.9750061035156,125380
2016-06-27,PERSISTENT,316.6311340332031,353.67498779296875,357.5,351.0,352.5,43940
2016-06-28,PERSISTENT,314.3258056640625,351.1000061035156,358.70001220703125,347.5,358.70001220703125,205460
2016-06-29,PERSISTENT,311.81903076171875,348.29998779296875,354.0,346.0,354.0,97618
2016-06-30,PERSISTENT,312.26666259765625,348.79998779296875,351.625,345.54998779296875,351.625,133724
2016-07-01,PERSISTENT,308.7081298828125,344.82501220703125,349.9750061035156,343.75,349.0,98124
2016-07-04,PERSISTENT,306.11181640625,341.92498779296875,348.25,340.6499938964844,344.125,115338
2016-07-05,PERSISTENT,308.86474609375,345.0,347.25,343.0,344.29998779296875,76356
2016-07-07,PERSISTENT,300.31500244140625,335.45001220703125,345.0,330.75,345.0,162172
2016-07-08,PERSISTENT,303.8960876464844,339.45001220703125,340.7250061035156,332.0,335.42498779296875,204540
2016-07-11,PERSISTENT,303.7393493652344,339.2749938964844,344.8999938964844,337.6000061035156,343.95001220703125,544490
2016-07-12,PERSISTENT,298.18878173828125,333.07501220703125,341.79998779296875,332.125,340.0,157412
2016-07-13,PERSISTENT,298.8154602050781,333.7749938964844,337.42498779296875,333.0,333.07501220703125,134134
2016-07-14,PERSISTENT,303.78411865234375,339.32501220703125,340.0,333.92498779296875,334.0,74504
2016-07-15,PERSISTENT,293.44384765625,327.7749938964844,344.45001220703125,325.5,343.45001220703125,187796
2016-07-18,PERSISTENT,288.0723571777344,321.7749938964844,332.54998779296875,320.54998779296875,332.54998779296875,156528
2016-07-19,PERSISTENT,286.908447265625,320.4750061035156,324.75,317.5,324.75,67688
2016-07-20,PERSISTENT,286.4608459472656,319.9750061035156,324.0,316.6000061035156,320.0,198212
2016-07-21,PERSISTENT,283.01409912109375,316.125,321.0,311.375,320.0,77352
2016-07-22,PERSISTENT,295.234375,329.7749938964844,333.3999938964844,312.82501220703125,312.82501220703125,298860
2016-07-25,PERSISTENT,297.87542724609375,332.7250061035156,334.75,325.0,329.5,220486
2016-07-26,PERSISTENT,309.4242248535156,345.625,349.0,332.70001220703125,332.7250061035156,323324
2016-07-27,PERSISTENT,311.7072448730469,348.17498779296875,348.95001220703125,341.45001220703125,343.0249938964844,158114
2016-07-28,PERSISTENT,311.1700439453125,347.57501220703125,352.5,343.0249938964844,348.1000061035156,181502
2016-07-29,PERSISTENT,307.25335693359375,343.20001220703125,349.5,340.75,347.5249938964844,170970
2016-08-01,PERSISTENT,304.0751037597656,339.6499938964844,346.95001220703125,334.04998779296875,346.95001220703125,134782
2016-08-02,PERSISTENT,302.0831298828125,337.42498779296875,346.82501220703125,335.0249938964844,339.5,128762
2016-08-03,PERSISTENT,303.1127014160156,338.57501220703125,344.25,335.75,339.92498779296875,121668
2016-08-04,PERSISTENT,299.3973388671875,334.42498779296875,339.9750061035156,332.5,339.9750061035156,40896
2016-08-05,PERSISTENT,302.3293151855469,337.70001220703125,339.8500061035156,333.0,339.8500061035156,51086
2016-08-08,PERSISTENT,300.1135559082031,335.2250061035156,342.3999938964844,333.0,335.5,84284
2016-08-09,PERSISTENT,301.7250061035156,337.0249938964844,340.67498779296875,335.5,335.5,69668
2016-08-10,PERSISTENT,298.9944152832031,333.9750061035156,338.42498779296875,333.1499938964844,337.0249938964844,131034
2016-08-11,PERSISTENT,302.0384521484375,337.375,341.5,333.9750061035156,333.9750061035156,198526
2016-08-12,PERSISTENT,305.01507568359375,340.70001220703125,346.0,335.125,335.125,133752
2016-08-16,PERSISTENT,303.8960876464844,339.45001220703125,346.25,336.45001220703125,342.5,118126
2016-08-17,PERSISTENT,302.463623046875,337.8500061035156,341.20001220703125,336.54998779296875,338.54998779296875,103116
2016-08-18,PERSISTENT,297.2711486816406,332.04998779296875,340.45001220703125,331.0,337.5,59246
2016-08-19,PERSISTENT,289.57183837890625,323.45001220703125,334.92498779296875,322.54998779296875,332.57501220703125,173834
2016-08-22,PERSISTENT,288.4751892089844,322.2250061035156,327.5,318.6000061035156,322.5,90646
2016-08-23,PERSISTENT,290.0195617675781,323.95001220703125,327.4750061035156,320.5,324.0,78144
2016-08-24,PERSISTENT,287.3561096191406,320.9750061035156,325.5,319.54998779296875,325.5,79806
2016-08-25,PERSISTENT,286.6398620605469,320.17498779296875,322.5,316.7749938964844,321.0,103946
2016-08-26,PERSISTENT,282.4322509765625,315.4750061035156,322.0,312.75,322.0,176158
2016-08-29,PERSISTENT,272.1814270019531,304.0249938964844,317.75,300.45001220703125,317.75,227312
2016-08-30,PERSISTENT,277.1949157714844,309.625,312.57501220703125,303.5,308.54998779296875,151812
2016-08-31,PERSISTENT,278.62725830078125,311.2250061035156,313.4750061035156,307.7749938964844,311.70001220703125,120820
2016-09-01,PERSISTENT,279.8807067871094,312.625,318.0,309.0,313.75,84166
2016-09-02,PERSISTENT,276.8592224121094,309.25,314.42498779296875,306.6499938964844,310.0,222476
2016-09-06,PERSISTENT,278.1124572753906,310.6499938964844,313.92498779296875,306.0,311.67498779296875,234216
2016-09-07,PERSISTENT,274.5762023925781,306.70001220703125,313.4750061035156,305.0,313.4750061035156,185602
2016-09-08,PERSISTENT,271.1295166015625,302.8500061035156,308.70001220703125,301.0,305.20001220703125,224416
2016-09-09,PERSISTENT,275.8744201660156,308.1499938964844,319.0,305.25,309.8500061035156,296336
2016-09-12,PERSISTENT,276.2324523925781,308.54998779296875,311.3999938964844,305.0,309.3999938964844,189478
2016-09-14,PERSISTENT,277.50823974609375,309.9750061035156,311.4750061035156,308.5,310.0,237826
2016-09-15,PERSISTENT,277.0829772949219,309.5,310.7250061035156,307.5249938964844,310.7250061035156,99558
2016-09-16,PERSISTENT,274.2181701660156,306.29998779296875,311.6000061035156,303.8999938964844,311.5,551318
2016-09-19,PERSISTENT,274.5986633300781,306.7250061035156,310.0,303.6499938964844,309.95001220703125,98984
2016-09-20,PERSISTENT,271.21905517578125,302.95001220703125,310.0,301.7749938964844,307.0,196588
2016-09-21,PERSISTENT,269.0928649902344,300.57501220703125,306.67498779296875,299.04998779296875,306.67498779296875,148712
2016-09-22,PERSISTENT,269.22705078125,300.7250061035156,301.9750061035156,300.0,301.0,779948
2016-09-23,PERSISTENT,266.5413513183594,297.7250061035156,302.4750061035156,295.8999938964844,301.0,261526
2016-09-26,PERSISTENT,269.56280517578125,301.1000061035156,303.0,298.45001220703125,298.45001220703125,102022
2016-09-27,PERSISTENT,270.5923767089844,302.25,304.54998779296875,301.0,301.0249938964844,260210
2016-09-28,PERSISTENT,279.4554138183594,312.1499938964844,312.8500061035156,301.9750061035156,302.25,178854
2016-09-29,PERSISTENT,277.0606689453125,309.4750061035156,316.5,303.5,314.0,355914
2016-09-30,PERSISTENT,286.5279846191406,320.04998779296875,323.3500061035156,303.04998779296875,306.0,191602
2016-10-03,PERSISTENT,286.5504150390625,320.07501220703125,322.5,317.67498779296875,321.0,127394
2016-10-04,PERSISTENT,296.06256103515625,330.70001220703125,334.5,318.3500061035156,322.625,242386
2016-10-05,PERSISTENT,311.4162292480469,347.8500061035156,353.5,333.0,333.0,982688
2016-10-06,PERSISTENT,307.5218505859375,343.5,348.70001220703125,337.5,346.3999938964844,257734
2016-10-07,PERSISTENT,302.10546875,337.45001220703125,346.625,332.6000061035156,346.625,108716
2016-10-10,PERSISTENT,302.64263916015625,338.04998779296875,348.5,334.5,338.5,375300
2016-10-13,PERSISTENT,303.35888671875,338.8500061035156,347.0,332.5249938964844,337.45001220703125,243652
2016-10-14,PERSISTENT,307.36517333984375,343.32501220703125,347.0,338.0,345.0,240946
2016-10-17,PERSISTENT,306.7608642578125,342.6499938964844,349.0249938964844,340.0,342.5,127054
2016-10-18,PERSISTENT,309.15570068359375,345.32501220703125,347.5,342.5,345.0,174350
2016-10-19,PERSISTENT,311.0357360839844,347.42498779296875,350.0,342.54998779296875,342.54998779296875,175440
2016-10-20,PERSISTENT,306.5146789550781,342.375,351.0,339.25,347.5,172316
2016-10-21,PERSISTENT,302.82177734375,338.25,345.0,336.125,345.0,95232
2016-10-24,PERSISTENT,295.39105224609375,329.95001220703125,337.5,326.125,337.0,221930
2016-10-25,PERSISTENT,294.7419738769531,329.2250061035156,332.5,326.5,332.5,74036
2016-10-26,PERSISTENT,294.80914306640625,329.29998779296875,332.4750061035156,327.5,332.4750061035156,59648
2016-10-27,PERSISTENT,295.9505920410156,330.57501220703125,333.5,324.17498779296875,330.0,63098
2016-10-28,PERSISTENT,288.6318664550781,322.3999938964844,332.42498779296875,320.5,331.0,123630
2016-11-01,PERSISTENT,297.1816101074219,331.95001220703125,332.70001220703125,323.125,325.17498779296875,91022
2016-11-02,PERSISTENT,297.3606262207031,332.1499938964844,333.5,326.875,329.92498779296875,92790
2016-11-03,PERSISTENT,292.5934143066406,326.82501220703125,331.5,322.54998779296875,330.5,112676
2016-11-04,PERSISTENT,290.4895324707031,324.4750061035156,329.3500061035156,321.5,327.0249938964844,70964
2016-11-07,PERSISTENT,293.7348327636719,328.1000061035156,331.6499938964844,324.5,327.5,60980
2016-11-08,PERSISTENT,296.7339782714844,331.45001220703125,332.45001220703125,326.4750061035156,331.6000061035156,63638
2016-11-09,PERSISTENT,293.8243408203125,328.20001220703125,329.8999938964844,312.5,321.20001220703125,162554
2016-11-10,PERSISTENT,283.7303161621094,316.92498779296875,328.95001220703125,315.0,328.20001220703125,156824
2016-11-11,PERSISTENT,286.505615234375,320.0249938964844,324.125,315.5,319.45001220703125,88436
2016-11-15,PERSISTENT,274.5986633300781,306.7250061035156,320.0,303.0,320.0,372812
2016-11-16,PERSISTENT,271.0400085449219,302.75,311.70001220703125,301.5,309.0249938964844,185882
2016-11-17,PERSISTENT,271.55474853515625,303.32501220703125,307.0,301.1499938964844,307.0,219536
2016-11-18,PERSISTENT,268.01849365234375,299.375,309.0,298.0,304.0,308114
2016-11-21,PERSISTENT,264.3479919433594,295.2749938964844,302.75,292.375,301.5,196778
2016-11-22,PERSISTENT,264.3702697753906,295.29998779296875,300.2749938964844,292.5,297.5,99990
2016-11-23,PERSISTENT,264.0345764160156,294.92498779296875,298.5,291.57501220703125,298.5,88744
2016-11-24,PERSISTENT,267.2799072265625,298.54998779296875,301.04998779296875,294.04998779296875,298.75,226132
2016-11-25,PERSISTENT,270.05517578125,301.6499938964844,302.5,296.1499938964844,300.5,2726364
2016-11-28,PERSISTENT,269.78662109375,301.3500061035156,307.0,300.0,307.0,187968
2016-11-29,PERSISTENT,269.5180358886719,301.04998779296875,303.0,299.29998779296875,301.5,237776
2016-11-30,PERSISTENT,272.7633972167969,304.67498779296875,305.0,302.0,303.5,446724
2016-12-01,PERSISTENT,271.21905517578125,302.95001220703125,304.0,300.75,303.67498779296875,120116
2016-12-02,PERSISTENT,267.0784606933594,298.32501220703125,302.95001220703125,295.3500061035156,302.95001220703125,63192
2016-12-05,PERSISTENT,265.735595703125,296.82501220703125,301.95001220703125,292.0249938964844,298.3500061035156,116858
2016-12-06,PERSISTENT,268.46612548828125,299.875,301.5,294.0,297.32501220703125,39434
2016-12-07,PERSISTENT,268.6004333496094,300.0249938964844,302.2250061035156,295.7749938964844,302.2250061035156,67386
2016-12-08,PERSISTENT,269.4285583496094,300.95001220703125,302.17498779296875,295.5,300.0249938964844,136136
2016-12-09,PERSISTENT,268.86895751953125,300.32501220703125,302.20001220703125,299.1000061035156,302.20001220703125,87268
2016-12-12,PERSISTENT,268.66754150390625,300.1000061035156,301.0,298.0,300.32501220703125,31738
2016-12-13,PERSISTENT,268.46612548828125,299.875,300.95001220703125,298.92498779296875,300.95001220703125,172996
2016-12-14,PERSISTENT,269.0704040527344,300.54998779296875,301.5249938964844,298.25,300.92498779296875,152050
2016-12-15,PERSISTENT,271.4205017089844,303.17498779296875,308.125,295.0,301.9750061035156,243626
2016-12-16,PERSISTENT,275.02386474609375,307.20001220703125,310.95001220703125,304.5,308.54998779296875,149608
2016-12-19,PERSISTENT,272.0919189453125,303.92498779296875,310.0,303.0,309.5,54846
2016-12-20,PERSISTENT,270.771484375,302.45001220703125,306.29998779296875,299.5249938964844,306.29998779296875,170984
2016-12-21,PERSISTENT,273.0095520019531,304.95001220703125,306.8999938964844,300.67498779296875,302.9750061035156,55664
2016-12-22,PERSISTENT,270.0775451660156,301.67498779296875,307.0,300.0,305.0249938964844,149472
2016-12-23,PERSISTENT,269.115234375,300.6000061035156,303.75,300.0,303.5,56724
2016-12-26,PERSISTENT,268.9585266113281,300.42498779296875,302.4750061035156,295.79998779296875,301.0,64050
2016-12-27,PERSISTENT,267.86187744140625,299.20001220703125,302.45001220703125,295.0,302.45001220703125,105708
2016-12-28,PERSISTENT,274.8895568847656,307.04998779296875,310.6499938964844,299.9750061035156,300.9750061035156,103714
2016-12-29,PERSISTENT,279.5672912597656,312.2749938964844,314.0,306.4750061035156,307.5,124508
2016-12-30,PERSISTENT,275.96392822265625,308.25,317.45001220703125,306.07501220703125,314.5,163276
2017-01-02,PERSISTENT,278.80633544921875,311.42498779296875,315.42498779296875,307.0,308.54998779296875,68016
2017-01-03,PERSISTENT,281.0221252441406,313.8999938964844,315.0,310.0,311.42498779296875,34660
2017-01-04,PERSISTENT,289.5494384765625,323.42498779296875,330.75,311.5,312.5,256416
2017-01-05,PERSISTENT,288.85565185546875,322.6499938964844,327.42498779296875,317.5,326.5,81928
2017-01-06,PERSISTENT,286.4384460449219,319.95001220703125,323.8999938964844,315.7749938964844,322.5,100110
2017-01-09,PERSISTENT,284.71514892578125,318.0249938964844,321.92498779296875,316.625,319.9750061035156,56626
2017-01-10,PERSISTENT,284.0212707519531,317.25,318.0,315.7250061035156,317.5,41966
2017-01-11,PERSISTENT,283.4841003417969,316.6499938964844,319.0,312.25,317.5,55378
2017-01-12,PERSISTENT,284.22271728515625,317.4750061035156,322.32501220703125,316.0,317.5,73562
2017-01-13,PERSISTENT,283.9765319824219,317.20001220703125,322.5,310.70001220703125,322.5,155016
2017-01-16,PERSISTENT,277.7991943359375,310.29998779296875,319.25,308.75,316.32501220703125,163902
2017-01-17,PERSISTENT,281.1788330078125,314.07501220703125,316.45001220703125,308.5,312.0249938964844,76382
2017-01-18,PERSISTENT,283.349853515625,316.5,318.5,310.0,314.3999938964844,118722
2017-01-19,PERSISTENT,283.7078857421875,316.8999938964844,318.8999938964844,315.07501220703125,317.5249938964844,161244
2017-01-20,PERSISTENT,282.499267578125,315.54998779296875,318.17498779296875,310.6000061035156,316.0249938964844,96122
2017-01-23,PERSISTENT,274.10626220703125,306.17498779296875,313.5,300.5,308.0249938964844,375378
2017-01-24,PERSISTENT,277.12774658203125,309.54998779296875,310.8999938964844,305.0,310.8999938964844,380444
2017-01-25,PERSISTENT,275.8968200683594,308.17498779296875,313.42498779296875,305.1499938964844,313.42498779296875,212616
2017-01-27,PERSISTENT,271.21905517578125,302.95001220703125,309.875,300.57501220703125,308.5249938964844,323742
2017-01-30,PERSISTENT,268.9808654785156,300.45001220703125,305.67498779296875,299.5,302.95001220703125,257564
2017-01-31,PERSISTENT,268.8226013183594,297.2749938964844,301.04998779296875,295.0,301.04998779296875,352336
2017-02-01,PERSISTENT,264.9568176269531,293.0,299.8999938964844,290.0,299.8999938964844,220466
2017-02-02,PERSISTENT,269.9755859375,298.54998779296875,299.0,293.0,295.0,105818
2017-02-03,PERSISTENT,270.49554443359375,299.125,300.0,295.2749938964844,299.5,89554
2017-02-06,PERSISTENT,271.24163818359375,299.95001220703125,302.0,298.0,299.75,85370
2017-02-07,PERSISTENT,271.8520812988281,300.625,301.8999938964844,297.5,300.0,111482
2017-02-08,PERSISTENT,273.34405517578125,302.2749938964844,302.8500061035156,298.7749938964844,302.5,124260
2017-02-09,PERSISTENT,278.4533386230469,307.92498779296875,309.0,293.20001220703125,304.3500061035156,299596
2017-02-10,PERSISTENT,276.9385986328125,306.25,310.42498779296875,303.5,309.5,102976
2017-02-13,PERSISTENT,281.9122619628906,311.75,313.8999938964844,303.75,303.75,112656
2017-02-14,PERSISTENT,283.9242858886719,313.9750061035156,315.0,310.5,313.5,95200
2017-02-15,PERSISTENT,281.2340393066406,311.0,313.4750061035156,305.0,313.4750061035156,68926
2017-02-16,PERSISTENT,284.76080322265625,314.8999938964844,316.5,307.75,307.75,85262
2017-02-17,PERSISTENT,284.6024475097656,314.7250061035156,315.5,313.0,315.5,84330
2017-02-20,PERSISTENT,284.9416198730469,315.1000061035156,315.25,313.20001220703125,315.0,73744
2017-02-21,PERSISTENT,285.84588623046875,316.1000061035156,317.42498779296875,314.5249938964844,315.67498779296875,157128
2017-02-22,PERSISTENT,285.14501953125,315.32501220703125,317.45001220703125,307.5249938964844,317.45001220703125,237316
2017-02-23,PERSISTENT,282.0478515625,311.8999938964844,317.1000061035156,310.5,315.0,31812
2017-02-27,PERSISTENT,284.62506103515625,314.75,316.25,307.75,312.5249938964844,67678
2017-02-28,PERSISTENT,287.7222900390625,318.17498779296875,324.5,311.5249938964844,313.8500061035156,311220
2017-03-01,PERSISTENT,289.5534362792969,320.20001220703125,322.5,313.125,322.3500061035156,280396
2017-03-02,PERSISTENT,288.6039733886719,319.1499938964844,322.5,313.17498779296875,322.5,86976
2017-03-03,PERSISTENT,289.7342529296875,320.3999938964844,322.0,313.9750061035156,317.4750061035156,76168
2017-03-06,PERSISTENT,282.160888671875,312.0249938964844,321.0,310.75,320.75,68646
2017-03-07,PERSISTENT,281.4148864746094,311.20001220703125,316.45001220703125,305.32501220703125,312.0249938964844,138856
2017-03-08,PERSISTENT,278.6794738769531,308.17498779296875,313.1000061035156,307.0,308.17498779296875,67710
2017-03-09,PERSISTENT,280.4427795410156,310.125,312.375,307.4750061035156,310.92498779296875,63174
2017-03-10,PERSISTENT,277.5942687988281,306.9750061035156,311.95001220703125,305.5,310.0,54610
2017-03-14,PERSISTENT,282.5,312.3999938964844,315.625,307.8500061035156,311.9750061035156,101922
2017-03-15,PERSISTENT,286.5919494628906,316.92498779296875,318.0,309.5,312.5,214020
2017-03-16,PERSISTENT,286.230224609375,316.5249938964844,318.0,312.9750061035156,316.95001220703125,143466
2017-03-17,PERSISTENT,288.423095703125,318.95001220703125,320.0,312.5,315.6000061035156,161374
2017-03-20,PERSISTENT,284.7833251953125,314.92498779296875,317.5,312.57501220703125,315.25,114010
2017-03-21,PERSISTENT,282.8844299316406,312.82501220703125,317.0,310.67498779296875,317.0,161556
2017-03-22,PERSISTENT,277.9333801269531,307.3500061035156,314.375,305.75,311.5,311342
2017-03-23,PERSISTENT,273.36669921875,302.29998779296875,310.0,301.2749938964844,310.0,1099698
2017-03-24,PERSISTENT,272.41717529296875,301.25,304.25,300.2749938964844,301.04998779296875,653110
2017-03-27,PERSISTENT,269.34259033203125,297.8500061035156,303.0,295.07501220703125,303.0,192726
2017-03-28,PERSISTENT,269.184326171875,297.67498779296875,300.9750061035156,295.5,300.9750061035156,728414
2017-03-29,PERSISTENT,271.6937561035156,300.45001220703125,306.3999938964844,299.5,303.5,441954
2017-03-30,PERSISTENT,271.1964111328125,299.8999938964844,300.75,297.7749938964844,297.7749938964844,480264
2017-03-31,PERSISTENT,269.34259033203125,297.8500061035156,301.45001220703125,295.07501220703125,300.0,542728
2017-04-03,PERSISTENT,266.0419006347656,294.20001220703125,301.04998779296875,292.9750061035156,301.04998779296875,257580
2017-04-05,PERSISTENT,263.4874572753906,291.375,295.6000061035156,290.04998779296875,293.9750061035156,455902
2017-04-06,PERSISTENT,260.9553527832031,288.57501220703125,293.0,287.54998779296875,293.0,369752
2017-04-07,PERSISTENT,257.4964294433594,284.75,290.0,284.2749938964844,290.0,317102
2017-04-10,PERSISTENT,255.25833129882812,282.2749938964844,284.75,279.5,284.75,572952
2017-04-11,PERSISTENT,255.0097198486328,282.0,282.9750061035156,279.5,281.625,876958
2017-04-12,PERSISTENT,256.11737060546875,283.2250061035156,286.8999938964844,282.0,284.3500061035156,184708
2017-04-13,PERSISTENT,255.57473754882812,282.625,284.79998779296875,281.0,283.25,162074
2017-04-17,PERSISTENT,256.50164794921875,283.6499938964844,289.7250061035156,282.07501220703125,285.0,209024
2017-04-18,PERSISTENT,256.7956237792969,283.9750061035156,286.0,282.54998779296875,284.5,152274
2017-04-19,PERSISTENT,254.8286895751953,281.79998779296875,286.9750061035156,280.5,286.9750061035156,410146
2017-04-20,PERSISTENT,256.7956237792969,283.9750061035156,285.4750061035156,280.5249938964844,280.5249938964844,138876
2017-04-21,PERSISTENT,255.41659545898438,282.45001220703125,287.375,281.5,287.375,169556
2017-04-24,PERSISTENT,255.0775146484375,282.07501220703125,285.0,281.0,281.5,240650
2017-04-25,PERSISTENT,256.8633728027344,284.04998779296875,285.95001220703125,281.5249938964844,281.54998779296875,273188
2017-04-26,PERSISTENT,262.6282043457031,290.42498779296875,292.5,283.29998779296875,285.0,1369594
2017-04-27,PERSISTENT,262.7412414550781,290.54998779296875,296.875,290.0,294.5,414758
2017-04-28,PERSISTENT,264.8211669921875,292.8500061035156,297.0,292.0249938964844,297.0,556302
2017-05-02,PERSISTENT,265.2054748535156,293.2749938964844,296.8999938964844,291.54998779296875,294.8999938964844,593038
2017-05-03,PERSISTENT,259.7572021484375,287.25,294.4750061035156,286.5,293.9750061035156,466616
2017-05-04,PERSISTENT,263.3291015625,291.20001220703125,293.45001220703125,285.0,288.0,568160
2017-05-05,PERSISTENT,264.1429138183594,292.1000061035156,294.0,287.75,287.75,323556
2017-05-08,PERSISTENT,263.600341796875,291.5,294.3999938964844,290.0,292.1000061035156,101486
2017-05-09,PERSISTENT,261.9048156738281,289.625,293.95001220703125,287.95001220703125,293.95001220703125,167644
2017-05-10,PERSISTENT,264.09765625,292.04998779296875,292.9750061035156,289.625,289.625,313620
2017-05-11,PERSISTENT,264.21075439453125,292.17498779296875,293.5,290.125,293.5,223232
2017-05-12,PERSISTENT,264.8211669921875,292.8500061035156,294.9750061035156,290.17498779296875,291.5,1028504
2017-05-15,PERSISTENT,264.1429138183594,292.1000061035156,294.8999938964844,290.1499938964844,294.8999938964844,240424
2017-05-16,PERSISTENT,264.43682861328125,292.42498779296875,292.92498779296875,290.0,292.07501220703125,412392
2017-05-17,PERSISTENT,264.50469970703125,292.5,293.0,290.5,293.0,102746
2017-05-18,PERSISTENT,264.052490234375,292.0,293.5,286.79998779296875,291.0249938964844,328610
2017-05-19,PERSISTENT,261.0909118652344,288.7250061035156,292.0,286.5,292.0,108174
2017-05-22,PERSISTENT,262.1083068847656,289.8500061035156,290.5,288.5,288.7250061035156,85384
2017-05-23,PERSISTENT,260.6388244628906,288.2250061035156,290.0,282.57501220703125,289.0,316382
2017-05-24,PERSISTENT,262.5830383300781,290.375,291.375,286.54998779296875,289.0,157270
2017-05-25,PERSISTENT,263.9620666503906,291.8999938964844,292.45001220703125,287.5249938964844,290.9750061035156,67258
2017-05-26,PERSISTENT,264.6628723144531,292.67498779296875,293.7250061035156,290.0249938964844,292.5,81328
2017-05-29,PERSISTENT,262.04046630859375,289.7749938964844,292.5249938964844,287.5,292.5,56504
2017-05-30,PERSISTENT,271.55810546875,300.29998779296875,303.0,284.67498779296875,288.5,292620
2017-05-31,PERSISTENT,274.2032165527344,303.2250061035156,313.5,301.9750061035156,301.9750061035156,3627280
2017-06-01,PERSISTENT,274.92657470703125,304.0249938964844,307.3999938964844,303.0,303.5,144790
2017-06-02,PERSISTENT,275.1978759765625,304.32501220703125,306.8500061035156,296.95001220703125,304.875,196326
2017-06-05,PERSISTENT,271.98760986328125,300.7749938964844,305.45001220703125,292.1499938964844,304.5,199828
2017-06-06,PERSISTENT,281.0079650878906,310.75,317.0,301.0,301.0,986640
2017-06-07,PERSISTENT,285.46160888671875,315.67498779296875,320.45001220703125,311.32501220703125,313.3500061035156,1064718
2017-06-08,PERSISTENT,288.3553161621094,318.875,320.67498779296875,316.0249938964844,319.5,328722
2017-06-09,PERSISTENT,285.8006896972656,316.04998779296875,319.95001220703125,310.5249938964844,319.95001220703125,142948
2017-06-12,PERSISTENT,296.6747741699219,328.07501220703125,330.0,315.1499938964844,316.04998779296875,480872
2017-06-13,PERSISTENT,299.0937805175781,330.75,332.45001220703125,326.54998779296875,329.0,252650
2017-06-14,PERSISTENT,296.1773681640625,327.5249938964844,332.32501220703125,324.0249938964844,327.5,193304
2017-06-15,PERSISTENT,298.66424560546875,330.2749938964844,331.75,322.5,325.04998779296875,518230
2017-06-16,PERSISTENT,302.91436767578125,334.9750061035156,338.4750061035156,331.32501220703125,331.3500061035156,556678
2017-06-19,PERSISTENT,306.8480224609375,339.32501220703125,342.6000061035156,335.7250061035156,335.7250061035156,334020
2017-06-20,PERSISTENT,308.3174743652344,340.95001220703125,344.42498779296875,336.5,340.5,204310
2017-06-21,PERSISTENT,308.3174743652344,340.95001220703125,343.4750061035156,337.6000061035156,342.5,116858
2017-06-22,PERSISTENT,296.9234313964844,328.3500061035156,342.0,323.5,341.8999938964844,3007876
2017-06-23,PERSISTENT,298.7320251464844,330.3500061035156,332.5,326.29998779296875,330.5,315520
2017-06-27,PERSISTENT,291.45245361328125,322.29998779296875,332.8999938964844,320.0,332.8999938964844,161580
2017-06-28,PERSISTENT,294.2557678222656,325.3999938964844,329.95001220703125,320.5,322.82501220703125,84908
2017-06-29,PERSISTENT,299.99798583984375,331.75,335.9750061035156,325.5,325.5,160934
2017-06-30,PERSISTENT,308.4305419921875,341.07501220703125,346.0,330.4750061035156,330.4750061035156,421882
2017-07-03,PERSISTENT,302.6656799316406,334.70001220703125,344.625,332.5,344.0,223964
2017-07-04,PERSISTENT,306.71234130859375,339.17498779296875,342.5,333.5,335.5249938964844,145956
2017-07-05,PERSISTENT,309.6060791015625,342.375,347.5,336.67498779296875,347.5,453096
2017-07-06,PERSISTENT,304.5647277832031,336.79998779296875,344.95001220703125,335.17498779296875,344.95001220703125,107934
2017-07-07,PERSISTENT,301.8518371582031,333.79998779296875,339.70001220703125,332.5,336.79998779296875,65496
2017-07-10,PERSISTENT,300.0884094238281,331.8500061035156,338.5,329.0,333.0,26788
2017-07-11,PERSISTENT,299.8397521972656,331.57501220703125,338.0,329.5,333.75,116072
2017-07-12,PERSISTENT,299.6808166503906,329.8999938964844,333.75,328.3999938964844,331.3999938964844,61980
2017-07-13,PERSISTENT,297.1145935058594,327.07501220703125,332.20001220703125,325.8999938964844,330.0249938964844,92118
2017-07-14,PERSISTENT,296.1833801269531,326.04998779296875,330.0,323.5,325.6499938964844,89194
2017-07-17,PERSISTENT,296.5014343261719,326.3999938964844,327.7250061035156,322.75,326.5,60568
2017-07-18,PERSISTENT,299.6808166503906,329.8999938964844,330.5,320.6499938964844,325.04998779296875,98330
2017-07-19,PERSISTENT,301.2251281738281,331.6000061035156,332.4750061035156,326.2749938964844,332.4750061035156,84068
2017-07-20,PERSISTENT,297.591552734375,327.6000061035156,337.5,325.54998779296875,331.6000061035156,114878
2017-07-21,PERSISTENT,299.0903015136719,329.25,334.5,326.5,334.5,155770
2017-07-24,PERSISTENT,288.1895751953125,317.25,332.0,316.0,332.0,1786662
2017-07-25,PERSISTENT,292.7088317871094,322.2250061035156,323.0,317.5,320.75,160186
2017-07-26,PERSISTENT,290.07452392578125,319.32501220703125,327.5,317.0,323.8500061035156,119358
2017-07-27,PERSISTENT,293.9578857421875,323.6000061035156,326.3999938964844,316.0,318.0,150140
2017-07-28,PERSISTENT,292.93597412109375,322.4750061035156,324.25,321.70001220703125,322.0,185068
2017-07-31,PERSISTENT,293.6853942871094,323.29998779296875,325.9750061035156,320.0249938964844,325.0,222394
2017-08-01,PERSISTENT,292.5044250488281,322.0,325.875,320.8500061035156,325.45001220703125,519894
2017-08-02,PERSISTENT,293.5718078613281,323.17498779296875,324.45001220703125,318.0249938964844,322.0,55860
2017-08-03,PERSISTENT,288.3712463378906,317.45001220703125,323.75,316.0,321.07501220703125,185698
2017-08-04,PERSISTENT,289.7337951660156,318.95001220703125,321.5,316.07501220703125,316.07501220703125,101726
2017-08-07,PERSISTENT,282.3304138183594,310.79998779296875,319.0,310.0249938964844,319.0,79420
2017-08-08,PERSISTENT,279.58245849609375,307.7749938964844,312.0249938964844,305.2749938964844,310.0,136180
2017-08-09,PERSISTENT,275.22222900390625,302.9750061035156,310.0,302.0,302.7749938964844,112150
2017-08-10,PERSISTENT,279.3554382324219,307.5249938964844,309.7250061035156,299.8999938964844,306.25,174246
2017-08-11,PERSISTENT,277.2887268066406,305.25,306.875,300.6000061035156,305.42498779296875,64612
2017-08-14,PERSISTENT,277.2206726074219,305.17498779296875,309.92498779296875,301.29998779296875,309.92498779296875,84448
2017-08-16,PERSISTENT,283.96551513671875,312.6000061035156,319.7250061035156,305.0,306.0,461202
2017-08-17,PERSISTENT,280.1729736328125,308.42498779296875,315.82501220703125,305.5249938964844,312.6000061035156,60412
2017-08-18,PERSISTENT,283.1025390625,311.6499938964844,312.95001220703125,305.0,305.0,59540
2017-08-21,PERSISTENT,285.3053894042969,314.07501220703125,315.7749938964844,312.5,315.0,98342
2017-08-22,PERSISTENT,281.6263427734375,310.0249938964844,314.5,308.20001220703125,314.5,98302
2017-08-23,PERSISTENT,281.1948547363281,309.54998779296875,312.5,305.6000061035156,310.54998779296875,408470
2017-08-24,PERSISTENT,280.0821228027344,308.32501220703125,312.5,302.8999938964844,312.5,795962
2017-08-28,PERSISTENT,285.6006164550781,314.3999938964844,317.54998779296875,304.0,311.5,70126
2017-08-29,PERSISTENT,281.830810546875,310.25,314.5,309.25,312.5,291020
2017-08-30,PERSISTENT,280.05938720703125,308.29998779296875,313.3500061035156,307.57501220703125,309.125,66436
2017-08-31,PERSISTENT,282.6937561035156,311.20001220703125,312.5,306.25,308.0,137522
2017-09-01,PERSISTENT,282.44390869140625,310.92498779296875,312.25,306.0,311.20001220703125,64746
2017-09-04,PERSISTENT,278.0382080078125,306.07501220703125,312.25,305.1000061035156,312.25,46912
2017-09-05,PERSISTENT,277.652099609375,305.6499938964844,307.95001220703125,302.8500061035156,305.0249938964844,82736
2017-09-06,PERSISTENT,272.3834228515625,299.8500061035156,306.20001220703125,299.0,305.0,94698
2017-09-07,PERSISTENT,280.24102783203125,308.5,311.45001220703125,299.8500061035156,299.8500061035156,226184
2017-09-08,PERSISTENT,278.8330078125,306.95001220703125,309.8500061035156,305.1000061035156,308.5,41316
2017-09-11,PERSISTENT,276.6301574707031,304.5249938964844,309.8500061035156,303.125,309.8500061035156,70094
2017-09-12,PERSISTENT,282.6937561035156,311.20001220703125,312.5,305.375,309.0,78370
2017-09-13,PERSISTENT,280.3092041015625,308.57501220703125,313.0,306.07501220703125,313.0,95246
2017-09-14,PERSISTENT,281.6490478515625,310.04998779296875,312.0,305.20001220703125,310.0,160104
2017-09-15,PERSISTENT,286.2591857910156,315.125,319.4750061035156,309.0,310.0,186200
2017-09-18,PERSISTENT,288.0306091308594,317.07501220703125,324.0,315.25,315.25,161528
2017-09-19,PERSISTENT,285.8050231933594,314.625,318.375,313.07501220703125,317.5,36106
2017-09-20,PERSISTENT,287.62188720703125,316.625,319.8999938964844,313.0,313.0,124456
2017-09-21,PERSISTENT,290.7557678222656,320.07501220703125,321.0,316.79998779296875,317.5,89318
2017-09-22,PERSISTENT,291.6868896484375,321.1000061035156,322.0,317.25,319.7250061035156,114056
2017-09-25,PERSISTENT,289.5066833496094,318.70001220703125,322.0,310.7749938964844,321.0,65072
2017-09-26,PERSISTENT,295.82012939453125,325.6499938964844,330.0,315.7749938964844,315.7749938964844,139450
2017-09-27,PERSISTENT,294.9343566894531,324.67498779296875,330.8500061035156,323.25,326.6000061035156,106318
2017-09-28,PERSISTENT,292.3682556152344,321.8500061035156,326.42498779296875,320.0,325.0,29898
2017-09-29,PERSISTENT,304.2228088378906,334.8999938964844,335.7749938964844,323.4750061035156,325.0,225076
2017-10-03,PERSISTENT,301.1568908691406,331.5249938964844,342.5,326.125,334.1000061035156,99124
2017-10-04,PERSISTENT,287.62188720703125,316.625,334.9750061035156,314.5,331.54998779296875,177434
2017-10-05,PERSISTENT,290.61956787109375,319.92498779296875,322.0,317.04998779296875,318.5,132134
2017-10-06,PERSISTENT,294.66192626953125,324.375,327.45001220703125,317.5249938964844,317.5249938964844,57404
2017-10-09,PERSISTENT,294.7980651855469,324.5249938964844,329.6000061035156,320.57501220703125,320.57501220703125,76894
2017-10-10,PERSISTENT,300.4302062988281,330.7250061035156,332.5,323.07501220703125,323.07501220703125,148564
2017-10-11,PERSISTENT,298.9313659667969,329.07501220703125,333.375,325.7749938964844,330.7250061035156,317434
2017-10-12,PERSISTENT,297.52337646484375,327.5249938964844,332.5,326.2749938964844,331.25,417878
2017-10-13,PERSISTENT,298.9541015625,329.1000061035156,333.0,327.5,330.0,90624
2017-10-16,PERSISTENT,302.01995849609375,332.4750061035156,334.25,325.0,329.5249938964844,115802
2017-10-17,PERSISTENT,299.7716369628906,330.0,340.0,328.79998779296875,335.20001220703125,346984
2017-10-18,PERSISTENT,296.4105224609375,326.29998779296875,331.25,325.54998779296875,328.54998779296875,396096
2017-10-19,PERSISTENT,302.9283447265625,333.4750061035156,335.0,330.0,330.0,54686
2017-10-23,PERSISTENT,303.26898193359375,333.8500061035156,335.0,325.82501220703125,332.0249938964844,369558
2017-10-24,PERSISTENT,297.7732238769531,327.79998779296875,334.0,325.5,333.8500061035156,90022
2017-10-25,PERSISTENT,298.2954406738281,328.375,332.5,326.0,330.0,110934
2017-10-26,PERSISTENT,298.4090576171875,328.5,331.5,325.20001220703125,330.0,112168
2017-10-27,PERSISTENT,296.887451171875,326.82501220703125,332.3500061035156,326.04998779296875,331.25,145044
2017-10-30,PERSISTENT,293.1403503417969,322.70001220703125,332.45001220703125,320.57501220703125,327.0249938964844,209648
2017-10-31,PERSISTENT,296.0472106933594,325.8999938964844,327.3999938964844,322.2250061035156,325.5,119394
2017-11-01,PERSISTENT,298.81787109375,328.95001220703125,330.17498779296875,327.5,329.4750061035156,111830
2017-11-02,PERSISTENT,297.3870544433594,327.375,332.42498779296875,326.25,330.0,118876
2017-11-03,PERSISTENT,297.4324645996094,327.42498779296875,330.9750061035156,323.5,330.9750061035156,83796
2017-11-06,PERSISTENT,294.8663024902344,324.6000061035156,330.20001220703125,323.0,324.125,89776
2017-11-07,PERSISTENT,295.683837890625,325.5,331.0,322.625,324.125,155786
2017-11-08,PERSISTENT,294.7754821777344,324.5,330.5,320.5,325.0,137686
2017-11-09,PERSISTENT,301.1568908691406,331.5249938964844,332.5,323.5,323.5,111634
2017-11-10,PERSISTENT,294.9571838378906,324.70001220703125,332.5,321.04998779296875,331.54998779296875,127200
2017-11-13,PERSISTENT,292.54986572265625,322.04998779296875,329.125,320.04998779296875,325.0,136350
2017-11-14,PERSISTENT,292.6634216308594,322.17498779296875,326.42498779296875,320.92498779296875,320.92498779296875,373770
2017-11-15,PERSISTENT,292.93597412109375,322.4750061035156,325.0,320.0,320.0,46682
2017-11-16,PERSISTENT,292.0048828125,321.45001220703125,326.67498779296875,319.2749938964844,322.54998779296875,51604
2017-11-17,PERSISTENT,293.41290283203125,323.0,327.3500061035156,321.8999938964844,324.3999938964844,130890
2017-11-20,PERSISTENT,295.0025329589844,324.75,327.5,323.0,324.0,68376
2017-11-21,PERSISTENT,296.61492919921875,326.5249938964844,332.45001220703125,323.0,326.75,248626
2017-11-22,PERSISTENT,297.2508239746094,327.2250061035156,329.67498779296875,325.04998779296875,326.0,67740
2017-11-23,PERSISTENT,297.3416748046875,327.32501220703125,329.45001220703125,326.5,326.5249938964844,50990
2017-11-24,PERSISTENT,295.70654296875,325.5249938964844,329.32501220703125,323.5,328.0,76296
2017-11-27,PERSISTENT,297.00103759765625,326.95001220703125,331.0,323.1000061035156,325.5,166638
2017-11-28,PERSISTENT,293.41290283203125,323.0,328.45001220703125,322.29998779296875,325.0249938964844,71288
2017-11-29,PERSISTENT,295.22967529296875,325.0,328.75,321.2250061035156,323.8500061035156,119554
2017-11-30,PERSISTENT,297.15997314453125,327.125,328.25,323.0,325.0,224574
2017-12-01,PERSISTENT,297.2281494140625,327.20001220703125,331.9750061035156,325.0,326.0,389582
2017-12-04,PERSISTENT,296.1607360839844,326.0249938964844,330.8999938964844,323.125,329.95001220703125,69216
2017-12-05,PERSISTENT,294.4120788574219,324.1000061035156,328.75,323.0,328.75,60868
2017-12-06,PERSISTENT,294.7754821777344,324.5,325.0,321.75,323.0,71468
2017-12-07,PERSISTENT,293.9578857421875,323.6000061035156,327.9750061035156,319.0,326.0,185426
2017-12-08,PERSISTENT,293.5491027832031,323.1499938964844,325.0,321.0,323.6000061035156,108084
2017-12-11,PERSISTENT,294.7980651855469,324.5249938964844,325.5,322.5,324.0,68306
2017-12-12,PERSISTENT,293.3446350097656,322.92498779296875,325.25,322.8500061035156,323.5249938964844,243892
2017-12-13,PERSISTENT,291.459716796875,320.8500061035156,326.67498779296875,320.0,323.0249938964844,111768
2017-12-14,PERSISTENT,295.02520751953125,324.7749938964844,325.3999938964844,320.0,320.1499938964844,60982
2017-12-15,PERSISTENT,294.61651611328125,324.32501220703125,325.17498779296875,320.7749938964844,320.7749938964844,92750
2017-12-18,PERSISTENT,294.3893737792969,324.07501220703125,325.0,319.0,320.0,28952
2017-12-19,PERSISTENT,297.2281494140625,327.20001220703125,328.20001220703125,323.5,323.5,121932
2017-12-20,PERSISTENT,293.9352111816406,323.57501220703125,328.5,323.0,328.0,75700
2017-12-21,PERSISTENT,295.0025329589844,324.75,326.70001220703125,323.5249938964844,323.5249938964844,151970
2017-12-22,PERSISTENT,295.18426513671875,324.95001220703125,325.75,324.0,325.0,125536
2017-12-26,PERSISTENT,314.4877014160156,346.20001220703125,349.875,324.5,326.0,791840
2017-12-27,PERSISTENT,309.264404296875,340.45001220703125,352.5,338.125,344.125,614738
2017-12-28,PERSISTENT,316.75872802734375,348.70001220703125,358.5,339.6000061035156,339.6000061035156,640112
2017-12-29,PERSISTENT,326.1153259277344,359.0,361.5249938964844,349.8999938964844,353.0,421840
2018-01-01,PERSISTENT,323.2991638183594,355.8999938964844,363.0,352.5249938964844,360.0,203048
2018-01-02,PERSISTENT,322.09552001953125,354.57501220703125,359.67498779296875,351.17498779296875,358.5,436816
2018-01-03,PERSISTENT,316.122802734375,348.0,354.9750061035156,346.82501220703125,352.54998779296875,107402
2018-01-04,PERSISTENT,321.8003234863281,354.25,357.25,347.04998779296875,348.5249938964844,493790
2018-01-05,PERSISTENT,326.8418884277344,359.79998779296875,362.70001220703125,354.9750061035156,355.0,764774
2018-01-08,PERSISTENT,326.3876953125,359.29998779296875,365.0,355.1000061035156,361.0,505802
2018-01-09,PERSISTENT,337.28851318359375,371.29998779296875,374.1000061035156,359.04998779296875,360.8999938964844,972048
2018-01-10,PERSISTENT,337.856201171875,371.92498779296875,375.0,368.0,373.45001220703125,839036
2018-01-11,PERSISTENT,341.3309326171875,375.75,377.5,373.04998779296875,376.45001220703125,704802
2018-01-12,PERSISTENT,354.0939025878906,389.79998779296875,392.04998779296875,375.45001220703125,377.4750061035156,882260
2018-01-15,PERSISTENT,339.0372314453125,373.2250061035156,396.0,371.625,388.5,308860
2018-01-16,PERSISTENT,342.5345458984375,377.07501220703125,385.0,372.95001220703125,375.0,600440
2018-01-17,PERSISTENT,349.84716796875,385.125,392.45001220703125,377.5,379.07501220703125,488746
2018-01-18,PERSISTENT,341.6941833496094,376.1499938964844,388.0249938964844,372.42498779296875,383.625,180666
2018-01-19,PERSISTENT,349.32470703125,384.54998779296875,387.45001220703125,373.5,373.5,286504
2018-01-22,PERSISTENT,358.3179626464844,394.45001220703125,409.0,376.92498779296875,386.3500061035156,1433634
2018-01-23,PERSISTENT,360.52081298828125,396.875,408.79998779296875,395.0,398.42498779296875,477036
2018-01-24,PERSISTENT,358.794921875,394.9750061035156,400.5,388.0,398.3999938964844,554578
2018-01-25,PERSISTENT,359.11279296875,395.32501220703125,397.75,388.54998779296875,391.5,673722
2018-01-29,PERSISTENT,355.2294006347656,391.04998779296875,407.5,385.0,400.0,1619112
2018-01-30,PERSISTENT,354.52532958984375,390.2749938964844,397.9750061035156,387.0,394.5,410574
2018-01-31,PERSISTENT,357.841064453125,393.92498779296875,399.8999938964844,389.2749938964844,390.5249938964844,1293854
2018-02-01,PERSISTENT,356.1604919433594,392.07501220703125,396.25,385.0,393.92498779296875,548494
2018-02-02,PERSISTENT,359.4372863769531,392.1499938964844,401.375,325.0,393.0,522826
2018-02-05,PERSISTENT,353.0670471191406,385.20001220703125,392.2250061035156,373.1499938964844,373.1499938964844,132028
2018-02-06,PERSISTENT,359.57476806640625,392.29998779296875,395.4750061035156,365.0,379.3500061035156,516078
2018-02-07,PERSISTENT,347.7737731933594,379.42498779296875,395.0,375.1000061035156,392.29998779296875,107042
2018-02-08,PERSISTENT,363.928466796875,397.04998779296875,399.8999938964844,379.0,379.0,819108
2018-02-09,PERSISTENT,364.9367980957031,398.1499938964844,400.45001220703125,385.0,389.5,260468
2018-02-12,PERSISTENT,358.97900390625,391.6499938964844,400.0,390.0,399.45001220703125,157910
2018-02-14,PERSISTENT,363.7681579589844,396.875,400.0,392.7749938964844,393.2250061035156,134408
2018-02-15,PERSISTENT,355.3585510253906,387.70001220703125,399.95001220703125,385.04998779296875,399.5,116046
2018-02-16,PERSISTENT,350.29437255859375,382.17498779296875,391.95001220703125,380.0,391.0,97718
2018-02-19,PERSISTENT,343.46575927734375,374.7250061035156,384.29998779296875,370.5,381.5249938964844,121936
2018-02-20,PERSISTENT,343.51165771484375,374.7749938964844,377.79998779296875,371.0,377.4750061035156,132068
2018-02-21,PERSISTENT,347.86541748046875,379.5249938964844,389.3999938964844,373.5249938964844,375.625,152518
2018-02-22,PERSISTENT,358.5436096191406,391.17498779296875,399.7250061035156,382.0,383.8500061035156,696068
2018-02-23,PERSISTENT,376.6231384277344,410.8999938964844,413.8999938964844,391.54998779296875,391.54998779296875,1636440
2018-02-26,PERSISTENT,397.6358642578125,433.82501220703125,437.5,411.9750061035156,416.0,1687116
2018-02-27,PERSISTENT,388.3095703125,423.6499938964844,439.0,417.7749938964844,433.0,1215924
2018-02-28,PERSISTENT,391.95306396484375,427.625,430.0,410.04998779296875,418.32501220703125,552380
2018-03-01,PERSISTENT,382.5809326171875,417.3999938964844,432.0,414.92498779296875,427.45001220703125,195862
2018-03-05,PERSISTENT,376.2795104980469,410.5249938964844,417.0,407.4750061035156,415.5,267886
2018-03-06,PERSISTENT,382.3060302734375,417.1000061035156,424.29998779296875,411.3999938964844,417.0,330314
2018-03-07,PERSISTENT,383.1996765136719,418.07501220703125,425.5,411.3500061035156,414.5,311706
2018-03-08,PERSISTENT,382.1226806640625,416.8999938964844,424.29998779296875,410.1000061035156,420.82501220703125,140614
2018-03-09,PERSISTENT,375.9587097167969,410.17498779296875,420.7749938964844,408.5,418.0249938964844,161164
2018-03-12,PERSISTENT,378.777099609375,413.25,418.3500061035156,411.3999938964844,416.57501220703125,754922
2018-03-13,PERSISTENT,389.52410888671875,424.9750061035156,433.5,410.25,412.5,1016440
2018-03-14,PERSISTENT,385.0099182128906,420.04998779296875,426.0,416.0249938964844,424.6000061035156,203478
2018-03-15,PERSISTENT,386.9576416015625,422.17498779296875,428.8500061035156,420.0,424.3500061035156,123356
2018-03-16,PERSISTENT,373.9651184082031,408.0,424.8999938964844,402.5,422.5,161258
2018-03-19,PERSISTENT,367.6865539550781,401.1499938964844,409.3999938964844,394.5,405.125,164024
2018-03-20,PERSISTENT,371.7652893066406,405.6000061035156,406.5,396.17498779296875,396.17498779296875,153176
2018-03-21,PERSISTENT,366.540771484375,399.8999938964844,412.5,396.0,407.5,166728
2018-03-22,PERSISTENT,361.0871276855469,393.95001220703125,403.25,387.4750061035156,400.54998779296875,335572
2018-03-23,PERSISTENT,358.8186340332031,391.4750061035156,408.0,381.7749938964844,384.5,266904
2018-03-26,PERSISTENT,357.03125,389.5249938964844,402.5,385.0,396.0249938964844,189594
2018-03-27,PERSISTENT,359.3456115722656,392.04998779296875,401.875,389.5,389.95001220703125,231812
2018-03-28,PERSISTENT,318.0765380859375,347.0249938964844,367.125,344.0,360.0,2858476
2018-04-02,PERSISTENT,314.9602355957031,343.625,357.25,341.5,352.5,771878
2018-04-03,PERSISTENT,308.97955322265625,337.1000061035156,350.5,335.04998779296875,344.5249938964844,501396
2018-04-04,PERSISTENT,310.14813232421875,338.375,342.5249938964844,328.25,339.5,617090
2018-04-05,PERSISTENT,309.4835510253906,337.6499938964844,344.5,335.0,344.5,335104
2018-04-06,PERSISTENT,312.0958251953125,340.5,344.0,335.0,337.7250061035156,240658
2018-04-09,PERSISTENT,309.00238037109375,337.125,343.45001220703125,334.75,342.95001220703125,649430
2018-04-10,PERSISTENT,307.6962585449219,335.70001220703125,343.3500061035156,335.0249938964844,337.0,469184
2018-04-11,PERSISTENT,303.663330078125,331.29998779296875,338.0,328.5,335.7250061035156,336028
2018-04-12,PERSISTENT,308.5898742675781,336.67498779296875,339.54998779296875,330.29998779296875,332.3999938964844,240218
2018-04-13,PERSISTENT,315.5788879394531,344.29998779296875,348.4750061035156,336.7749938964844,337.67498779296875,399672
2018-04-16,PERSISTENT,313.7456970214844,342.29998779296875,343.8500061035156,338.6499938964844,340.07501220703125,369646
2018-04-17,PERSISTENT,313.9748840332031,342.54998779296875,343.875,341.0,342.45001220703125,108264
2018-04-18,PERSISTENT,310.102294921875,338.32501220703125,346.25,335.5,342.57501220703125,638804
2018-04-19,PERSISTENT,320.7117004394531,349.8999938964844,355.7250061035156,335.5,338.32501220703125,487120
2018-04-20,PERSISTENT,336.3623962402344,366.9750061035156,370.4750061035156,347.5,347.5,984416
2018-04-23,PERSISTENT,342.22845458984375,373.375,390.29998779296875,366.3999938964844,366.3999938964844,1060378
2018-04-24,PERSISTENT,332.8564453125,363.1499938964844,380.95001220703125,356.375,374.0,588034
2018-04-25,PERSISTENT,352.17340087890625,384.2250061035156,387.5,363.32501220703125,363.32501220703125,2534696
2018-04-26,PERSISTENT,355.1980895996094,387.5249938964844,389.7749938964844,382.54998779296875,388.45001220703125,837560
2018-04-27,PERSISTENT,355.3356018066406,387.67498779296875,390.5,374.0,390.45001220703125,372366
2018-04-30,PERSISTENT,370.138427734375,403.82501220703125,412.5,383.5,390.4750061035156,1336266
2018-05-02,PERSISTENT,355.1293640136719,387.45001220703125,406.8999938964844,380.54998779296875,405.0,313838
2018-05-03,PERSISTENT,357.3520812988281,389.875,402.0,380.9750061035156,390.7749938964844,351418
2018-05-04,PERSISTENT,355.5647277832031,387.92498779296875,397.5,381.0,391.9750061035156,255166
2018-05-07,PERSISTENT,357.7874450683594,390.3500061035156,394.45001220703125,386.67498779296875,392.5,230656
2018-05-08,PERSISTENT,352.8379211425781,384.95001220703125,393.0249938964844,382.5,390.54998779296875,192286
2018-05-09,PERSISTENT,356.8937683105469,389.375,390.9750061035156,385.0,385.0,184894
2018-05-10,PERSISTENT,355.6334533691406,388.0,393.8999938964844,378.04998779296875,390.0,229780
2018-05-11,PERSISTENT,368.4655456542969,402.0,404.875,386.29998779296875,388.0,913504
2018-05-14,PERSISTENT,365.62420654296875,398.8999938964844,407.5,396.5,400.0,303170
2018-05-15,PERSISTENT,359.04779052734375,391.7250061035156,403.8999938964844,390.0,403.8999938964844,113186
2018-05-16,PERSISTENT,367.3656921386719,400.79998779296875,406.0,392.0,392.17498779296875,773108
2018-05-17,PERSISTENT,369.5884094238281,403.2250061035156,419.5,399.17498779296875,399.17498779296875,1081618
2018-05-18,PERSISTENT,364.0660400390625,397.20001220703125,407.3999938964844,391.5249938964844,404.95001220703125,242470
2018-05-21,PERSISTENT,367.8240051269531,401.29998779296875,402.5,387.5,398.4750061035156,249502
2018-05-22,PERSISTENT,377.4251708984375,411.7749938964844,415.0,395.0,401.29998779296875,307954
2018-05-23,PERSISTENT,379.1666259765625,413.67498779296875,425.54998779296875,410.125,412.375,886940
2018-05-24,PERSISTENT,386.522216796875,421.70001220703125,434.0,415.5,416.9750061035156,728330
2018-05-25,PERSISTENT,383.1767272949219,418.04998779296875,430.0,414.0,423.5,351900
2018-05-28,PERSISTENT,370.39044189453125,404.1000061035156,421.17498779296875,396.29998779296875,420.9750061035156,235734
2018-05-29,PERSISTENT,382.1914367675781,416.9750061035156,419.0,404.0,404.0,203774
2018-05-30,PERSISTENT,379.8999938964844,414.4750061035156,418.92498779296875,408.125,415.0,134454
2018-05-31,PERSISTENT,361.15582275390625,394.0249938964844,418.0,386.3500061035156,418.0,223262
2018-06-01,PERSISTENT,361.0184326171875,393.875,412.5,387.4750061035156,402.375,374338
2018-06-04,PERSISTENT,355.1980895996094,387.5249938964844,400.29998779296875,385.0,398.0,122502
2018-06-05,PERSISTENT,348.0028991699219,379.67498779296875,389.6499938964844,366.625,388.5,317746
2018-06-06,PERSISTENT,347.6134033203125,379.25,389.5,370.5249938964844,380.0249938964844,133356
2018-06-07,PERSISTENT,352.21923828125,384.2749938964844,389.67498779296875,380.0,380.04998779296875,202370
2018-06-08,PERSISTENT,351.44012451171875,383.42498779296875,388.5,378.25,383.32501220703125,297726
2018-06-11,PERSISTENT,363.4015197753906,396.4750061035156,401.0,381.0249938964844,381.0249938964844,228618
2018-06-12,PERSISTENT,379.0979309082031,413.6000061035156,414.5,396.67498779296875,397.3999938964844,392684
2018-06-13,PERSISTENT,371.19244384765625,404.9750061035156,416.9750061035156,403.0,410.54998779296875,139568
2018-06-14,PERSISTENT,377.218994140625,411.54998779296875,412.5,402.95001220703125,406.5,210102
2018-06-15,PERSISTENT,371.8111267089844,405.6499938964844,416.2749938964844,402.875,411.5,147558
2018-06-18,PERSISTENT,372.2694396972656,406.1499938964844,412.5,403.125,406.1000061035156,264512
2018-06-19,PERSISTENT,378.86883544921875,413.3500061035156,421.70001220703125,404.875,405.70001220703125,524058
2018-06-20,PERSISTENT,373.3235168457031,407.29998779296875,417.5249938964844,401.1000061035156,413.5,159626
2018-06-21,PERSISTENT,377.3564758300781,411.70001220703125,416.70001220703125,406.45001220703125,407.29998779296875,247738
2018-06-22,PERSISTENT,381.2060546875,415.8999938964844,422.4750061035156,411.17498779296875,411.7749938964844,429962
2018-06-25,PERSISTENT,378.86883544921875,413.3500061035156,421.29998779296875,407.04998779296875,415.0,320686
2018-06-26,PERSISTENT,377.196044921875,411.5249938964844,415.0,407.0,413.375,103706
2018-06-27,PERSISTENT,366.5178527832031,399.875,415.0,390.67498779296875,412.95001220703125,204644
2018-06-28,PERSISTENT,358.7498779296875,391.3999938964844,402.375,390.0,401.67498779296875,85520
2018-06-29,PERSISTENT,371.8799133300781,405.7250061035156,407.5,393.2749938964844,393.32501220703125,126922
2018-07-02,PERSISTENT,366.97607421875,400.375,411.0,395.0,408.95001220703125,135508
2018-07-03,PERSISTENT,370.2987365722656,404.0,409.5,397.5,397.5,578214
2018-07-04,PERSISTENT,380.060302734375,414.6499938964844,418.5,403.375,406.2250061035156,482950
2018-07-05,PERSISTENT,376.00445556640625,410.2250061035156,415.0249938964844,407.5249938964844,414.6000061035156,138388
2018-07-06,PERSISTENT,383.38299560546875,418.2749938964844,420.0,410.0,410.0,222912
2018-07-09,PERSISTENT,390.3031921386719,425.82501220703125,437.0,413.54998779296875,420.17498779296875,624840
2018-07-10,PERSISTENT,392.73211669921875,428.4750061035156,436.17498779296875,425.0249938964844,429.0,509972
2018-07-11,PERSISTENT,386.8201599121094,422.0249938964844,432.5,416.42498779296875,429.79998779296875,252770
2018-07-12,PERSISTENT,386.865966796875,422.07501220703125,429.0,413.79998779296875,423.1499938964844,1438764
2018-07-13,PERSISTENT,375.5233154296875,409.70001220703125,424.625,405.5249938964844,422.5,261576
2018-07-16,PERSISTENT,371.7882080078125,405.625,422.5,400.5,412.42498779296875,806532
2018-07-17,PERSISTENT,377.4710388183594,411.82501220703125,419.0,405.6499938964844,405.95001220703125,314470
2018-07-18,PERSISTENT,382.35186767578125,417.1499938964844,419.5,411.95001220703125,414.8999938964844,496146
2018-07-19,PERSISTENT,379.9830627441406,413.07501220703125,418.4750061035156,407.5,418.4750061035156,235770
2018-07-20,PERSISTENT,379.0171813964844,412.0249938964844,418.5,404.25,412.9750061035156,274138
2018-07-23,PERSISTENT,386.8132629394531,420.5,423.95001220703125,412.70001220703125,413.5249938964844,196154
2018-07-24,PERSISTENT,390.2398681640625,424.2250061035156,430.0,421.25,423.45001220703125,226846
2018-07-25,PERSISTENT,385.6404113769531,419.2250061035156,435.0,416.79998779296875,427.125,358174
2018-07-26,PERSISTENT,389.9409484863281,423.8999938964844,434.5,419.0,420.8999938964844,243902
2018-07-27,PERSISTENT,383.8466491699219,417.2749938964844,425.9750061035156,408.5249938964844,423.8999938964844,530002
2018-07-30,PERSISTENT,380.7650146484375,413.92498779296875,435.79998779296875,408.5,432.5,702682
2018-07-31,PERSISTENT,384.2606201171875,417.7250061035156,421.57501220703125,408.3999938964844,409.9750061035156,250748
2018-08-01,PERSISTENT,382.305908203125,415.6000061035156,421.3999938964844,414.07501220703125,417.75,175932
2018-08-02,PERSISTENT,382.351806640625,415.6499938964844,420.0,405.3500061035156,416.0,194178
2018-08-03,PERSISTENT,383.6396789550781,417.04998779296875,420.0,414.0249938964844,414.0249938964844,215788
2018-08-06,PERSISTENT,393.2984924316406,427.54998779296875,433.8500061035156,420.0,420.0,1337512
2018-08-07,PERSISTENT,396.403076171875,430.92498779296875,434.20001220703125,422.0,430.5,276748
2018-08-08,PERSISTENT,387.3881530761719,421.125,437.5,419.0249938964844,433.375,776282
2018-08-09,PERSISTENT,386.5142822265625,420.17498779296875,428.75,416.75,423.6499938964844,231544
2018-08-10,PERSISTENT,390.6538391113281,424.67498779296875,427.0,420.0249938964844,420.0249938964844,150302
2018-08-13,PERSISTENT,391.7806091308594,425.8999938964844,428.20001220703125,421.0,424.5,298910
2018-08-14,PERSISTENT,399.2547302246094,434.0249938964844,444.95001220703125,426.125,426.875,795250
2018-08-16,PERSISTENT,399.1397705078125,433.8999938964844,441.2250061035156,432.5,434.42498779296875,485376
2018-08-17,PERSISTENT,400.95654296875,435.875,440.8500061035156,431.625,439.5,448250
2018-08-20,PERSISTENT,400.6806335449219,435.57501220703125,438.07501220703125,433.6000061035156,436.57501220703125,221380
2018-08-21,PERSISTENT,390.3088684082031,424.29998779296875,437.625,423.0,436.5,364860
2018-08-23,PERSISTENT,401.3475036621094,436.29998779296875,437.4750061035156,424.29998779296875,424.29998779296875,427548
2018-08-24,PERSISTENT,397.3229675292969,431.92498779296875,437.9750061035156,430.125,437.9750061035156,395068
2018-08-27,PERSISTENT,390.2398681640625,424.2250061035156,434.0,422.0,434.0,207188
2018-08-28,PERSISTENT,389.6419677734375,423.57501220703125,432.9750061035156,420.04998779296875,426.0,206432
2018-08-29,PERSISTENT,386.2153015136719,419.8500061035156,429.7749938964844,418.0,424.5,392742
2018-08-30,PERSISTENT,387.2731628417969,421.0,426.875,418.04998779296875,421.0,208462
2018-08-31,PERSISTENT,380.6500244140625,413.79998779296875,422.1000061035156,408.375,422.1000061035156,458032
2018-09-03,PERSISTENT,385.04248046875,418.57501220703125,425.0,413.5,417.0,203010
2018-09-04,PERSISTENT,386.1463623046875,419.7749938964844,429.0,418.0,424.4750061035156,491308
2018-09-05,PERSISTENT,369.7953186035156,402.0,422.8999938964844,399.5,421.45001220703125,591762
2018-09-06,PERSISTENT,389.32000732421875,423.2250061035156,426.875,405.0249938964844,405.25,887054
2018-09-07,PERSISTENT,399.9676513671875,434.79998779296875,437.0,426.0,426.5,695332
2018-09-10,PERSISTENT,407.05084228515625,442.5,457.5,431.57501220703125,433.6000061035156,1221410
2018-09-11,PERSISTENT,403.50927734375,438.6499938964844,451.9750061035156,432.6000061035156,447.5,525712
2018-09-12,PERSISTENT,386.97418212890625,420.67498779296875,443.5,418.67498779296875,441.1499938964844,544782
2018-09-14,PERSISTENT,389.9178771972656,423.875,433.57501220703125,420.79998779296875,424.04998779296875,410384
2018-09-17,PERSISTENT,389.9638977050781,423.92498779296875,429.25,422.54998779296875,425.0,173790
2018-09-18,PERSISTENT,382.67376708984375,416.0,427.5,414.0,423.0,298780
2018-09-19,PERSISTENT,379.3391418457031,412.375,419.29998779296875,408.82501220703125,419.29998779296875,253946
2018-09-21,PERSISTENT,373.2678527832031,405.7749938964844,420.0,397.67498779296875,415.3500061035156,387686
2018-09-24,PERSISTENT,374.83172607421875,407.4750061035156,420.0,401.0,407.6000061035156,247026
2018-09-25,PERSISTENT,372.32501220703125,404.75,414.79998779296875,397.625,407.625,199448
2018-09-26,PERSISTENT,364.64398193359375,396.3999938964844,414.32501220703125,391.29998779296875,405.67498779296875,366932
2018-09-27,PERSISTENT,358.4347229003906,389.6499938964844,405.0,387.5,398.2250061035156,312600
2018-09-28,PERSISTENT,362.62017822265625,394.20001220703125,399.32501220703125,385.625,391.5,509804
2018-10-01,PERSISTENT,348.7298278808594,379.1000061035156,393.9750061035156,376.0,391.75,425994
2018-10-03,PERSISTENT,340.33587646484375,369.9750061035156,381.5,358.75,381.5,676134
2018-10-04,PERSISTENT,329.7342224121094,358.45001220703125,367.5,355.2250061035156,366.45001220703125,534580
2018-10-05,PERSISTENT,328.07830810546875,356.6499938964844,362.5,354.0249938964844,358.45001220703125,441886
2018-10-08,PERSISTENT,329.7342224121094,358.45001220703125,369.17498779296875,353.875,356.5,556894
2018-10-09,PERSISTENT,328.2853698730469,356.875,364.95001220703125,355.7749938964844,358.5,272818
2018-10-10,PERSISTENT,319.54632568359375,347.375,359.54998779296875,342.75,359.54998779296875,843294
2018-10-11,PERSISTENT,315.5909423828125,343.07501220703125,348.0,335.0249938964844,340.0,293702
2018-10-12,PERSISTENT,316.69476318359375,344.2749938964844,360.5,342.625,345.0,160294
2018-10-15,PERSISTENT,310.6004333496094,337.6499938964844,359.375,336.29998779296875,346.29998779296875,739354
2018-10-16,PERSISTENT,318.3045349121094,346.0249938964844,349.0249938964844,339.75,339.75,410956
2018-10-17,PERSISTENT,315.5909423828125,343.07501220703125,353.875,342.0,349.92498779296875,196458
2018-10-19,PERSISTENT,303.9542541503906,330.42498779296875,348.0,329.0,342.0,242594
2018-10-22,PERSISTENT,257.3619689941406,279.7749938964844,314.5,268.0,301.1000061035156,4972866
2018-10-23,PERSISTENT,254.64828491210938,276.82501220703125,288.5,269.1000061035156,287.8999938964844,1804598
2018-10-24,PERSISTENT,263.3411865234375,286.2749938964844,289.7250061035156,277.57501220703125,279.95001220703125,762240
2018-10-25,PERSISTENT,257.1779479980469,279.57501220703125,283.5,274.125,283.5,465218
2018-10-26,PERSISTENT,256.05108642578125,278.3500061035156,281.17498779296875,274.5,279.5,402710
2018-10-29,PERSISTENT,253.75135803222656,275.8500061035156,283.25,274.5,283.25,347980
2018-10-30,PERSISTENT,255.3611297607422,277.6000061035156,281.5,275.17498779296875,277.82501220703125,347808
2018-10-31,PERSISTENT,260.5125427246094,283.20001220703125,291.5,276.95001220703125,279.0,831198
2018-11-01,PERSISTENT,257.200927734375,279.6000061035156,284.5,279.0,284.5,550672
2018-11-02,PERSISTENT,257.6838684082031,280.125,283.2250061035156,278.6000061035156,281.4750061035156,301300
2018-11-05,PERSISTENT,259.0177001953125,281.57501220703125,283.25,277.5,280.125,247588
2018-11-06,PERSISTENT,257.2699279785156,279.67498779296875,283.07501220703125,278.8999938964844,283.07501220703125,220460
2018-11-07,PERSISTENT,261.1564636230469,283.8999938964844,285.0,281.0249938964844,282.0249938964844,43734
2018-11-09,PERSISTENT,257.200927734375,279.6000061035156,285.2250061035156,278.67498779296875,283.8999938964844,293498
2018-11-12,PERSISTENT,253.15338134765625,275.20001220703125,283.95001220703125,274.5,281.95001220703125,258492
2018-11-13,PERSISTENT,248.0709991455078,269.67498779296875,274.95001220703125,266.1499938964844,274.8999938964844,635228
2018-11-14,PERSISTENT,250.3477783203125,272.1499938964844,274.8500061035156,267.6499938964844,272.375,280182
2018-11-15,PERSISTENT,247.3351287841797,268.875,273.3999938964844,267.54998779296875,273.3999938964844,294560
2018-11-16,PERSISTENT,254.00424194335938,276.125,279.875,266.54998779296875,269.0,326010
2018-11-19,PERSISTENT,256.9940185546875,279.375,281.7749938964844,270.0,281.7749938964844,241736
2018-11-20,PERSISTENT,253.59036254882812,275.67498779296875,279.0,271.625,278.5,304838
2018-11-21,PERSISTENT,248.69198608398438,270.3500061035156,275.7250061035156,268.20001220703125,275.25,339228
2018-11-22,PERSISTENT,254.83221435546875,277.0249938964844,280.3999938964844,270.5,272.0,396750
2018-11-26,PERSISTENT,259.546630859375,282.1499938964844,285.0,271.625,277.4750061035156,269854
2018-11-27,PERSISTENT,259.86859130859375,282.5,283.7250061035156,279.0,281.8500061035156,778868
2018-11-28,PERSISTENT,276.9324951171875,301.04998779296875,305.0,282.5,282.5,1589268
2018-11-29,PERSISTENT,274.3108825683594,298.20001220703125,304.4750061035156,290.0,301.82501220703125,563692
2018-11-30,PERSISTENT,278.5194396972656,302.7749938964844,305.0,291.0249938964844,298.95001220703125,398696
2018-12-03,PERSISTENT,277.9904479980469,302.20001220703125,306.95001220703125,300.9750061035156,304.04998779296875,407630
2018-12-04,PERSISTENT,279.7381896972656,304.1000061035156,307.0,301.07501220703125,301.07501220703125,194932
2018-12-05,PERSISTENT,278.5423889160156,302.79998779296875,305.1000061035156,300.57501220703125,303.8500061035156,407602
2018-12-06,PERSISTENT,278.05938720703125,302.2749938964844,303.57501220703125,300.0,302.4750061035156,173246
2018-12-07,PERSISTENT,281.5550537109375,306.07501220703125,307.32501220703125,300.54998779296875,300.54998779296875,148150
2018-12-10,PERSISTENT,273.78192138671875,297.625,304.9750061035156,295.70001220703125,301.0,179512
2018-12-11,PERSISTENT,280.589111328125,305.0249938964844,315.0,295.0,297.0,330888
2018-12-12,PERSISTENT,282.9348449707031,307.57501220703125,313.5,302.5,307.4750061035156,697922
2018-12-13,PERSISTENT,283.8087158203125,308.5249938964844,314.67498779296875,305.5,309.5,220348
2018-12-14,PERSISTENT,281.9919738769531,306.54998779296875,309.95001220703125,303.5249938964844,309.95001220703125,208644
2018-12-17,PERSISTENT,280.106201171875,304.5,306.2250061035156,301.5,304.0,129650
2018-12-18,PERSISTENT,283.417724609375,308.1000061035156,309.0,303.75,304.5,96462
2018-12-19,PERSISTENT,283.6937255859375,308.3999938964844,310.45001220703125,304.8500061035156,310.0,271464
2018-12-20,PERSISTENT,281.37103271484375,305.875,308.625,304.0,306.0,401112
2018-12-21,PERSISTENT,281.1640930175781,305.6499938964844,307.9750061035156,304.5,305.5,161984
2018-12-24,PERSISTENT,287.2582702636719,312.2749938964844,316.0,305.54998779296875,310.5,581238
2018-12-26,PERSISTENT,289.69598388671875,314.92498779296875,317.25,307.5,312.5,680490
2018-12-27,PERSISTENT,289.7879943847656,315.0249938964844,317.0,313.0249938964844,315.5,342192
2018-12-28,PERSISTENT,289.97198486328125,315.2250061035156,321.0,311.17498779296875,315.0249938964844,671218
2018-12-31,PERSISTENT,286.3844299316406,311.32501220703125,317.75,310.0,317.3999938964844,446936
2019-01-01,PERSISTENT,287.9711608886719,313.04998779296875,314.75,312.0,314.0,102592
2019-01-02,PERSISTENT,287.55731201171875,312.6000061035156,322.17498779296875,310.0,310.5249938964844,411360
2019-01-03,PERSISTENT,282.19891357421875,306.7749938964844,312.5,303.29998779296875,306.67498779296875,776372
2019-01-04,PERSISTENT,265.52593994140625,288.6499938964844,309.82501220703125,285.8500061035156,308.0249938964844,1442152
2019-01-07,PERSISTENT,262.26031494140625,285.1000061035156,293.25,284.17498779296875,293.25,461116
2019-01-08,PERSISTENT,262.23736572265625,285.07501220703125,290.0,282.70001220703125,286.0,232684
2019-01-09,PERSISTENT,259.8916320800781,282.5249938964844,286.25,281.0,285.1499938964844,267660
2019-01-10,PERSISTENT,258.62677001953125,281.1499938964844,284.67498779296875,279.5,282.5249938964844,210736
2019-01-11,PERSISTENT,251.86557006835938,273.79998779296875,281.67498779296875,271.1000061035156,281.25,390516
2019-01-14,PERSISTENT,253.63636779785156,275.7250061035156,279.0,274.2250061035156,276.5,860618
2019-01-15,PERSISTENT,252.64752197265625,274.6499938964844,278.0,273.0249938964844,275.79998779296875,1356204
2019-01-16,PERSISTENT,253.77435302734375,275.875,279.5,274.5249938964844,275.75,270656
2019-01-17,PERSISTENT,252.9234619140625,274.95001220703125,282.70001220703125,273.75,276.45001220703125,313526
2019-01-18,PERSISTENT,253.31442260742188,275.375,277.5,273.625,275.5,106732
2019-01-21,PERSISTENT,250.646728515625,272.4750061035156,278.0,270.0249938964844,277.0,1083672
2019-01-22,PERSISTENT,250.6007537841797,272.42498779296875,275.45001220703125,269.2749938964844,272.0,359778
2019-01-23,PERSISTENT,250.53172302246094,272.3500061035156,282.75,270.5,273.4750061035156,730778
2019-01-24,PERSISTENT,253.84335327148438,275.95001220703125,280.0,273.125,275.9750061035156,669878
2019-01-25,PERSISTENT,258.46575927734375,280.9750061035156,282.04998779296875,275.95001220703125,277.5,1161228
2019-01-28,PERSISTENT,259.8456115722656,282.4750061035156,287.5,280.5,281.4750061035156,762468
2019-01-29,PERSISTENT,268.3315734863281,291.70001220703125,297.5,286.0,293.0,3583632
2019-01-30,PERSISTENT,276.8175048828125,300.92498779296875,304.3999938964844,292.625,293.5,1114976
2019-01-31,PERSISTENT,276.9324951171875,301.04998779296875,304.8500061035156,299.9750061035156,302.5,1107442
2019-02-01,PERSISTENT,284.61358642578125,309.3999938964844,310.95001220703125,301.5,301.5,499750
2019-02-04,PERSISTENT,298.1499938964844,319.92498779296875,323.8999938964844,303.67498779296875,306.9750061035156,753088
2019-02-05,PERSISTENT,300.38665771484375,322.32501220703125,325.29998779296875,319.3999938964844,320.125,434426
2019-02-06,PERSISTENT,306.723876953125,329.125,337.54998779296875,316.7749938964844,321.5,849192
2019-02-07,PERSISTENT,301.99420166015625,324.04998779296875,331.7749938964844,322.5,329.125,197384
2019-02-08,PERSISTENT,296.4259338378906,318.07501220703125,323.8999938964844,315.6499938964844,323.8999938964844,185368
2019-02-11,PERSISTENT,297.31121826171875,319.0249938964844,322.125,315.92498779296875,317.95001220703125,247020
2019-02-12,PERSISTENT,300.2701416015625,322.20001220703125,329.8999938964844,317.5,318.8999938964844,389338
2019-02-14,PERSISTENT,305.162841796875,327.45001220703125,334.95001220703125,320.1499938964844,321.3999938964844,247726
2019-02-15,PERSISTENT,299.6877746582031,321.57501220703125,332.5,319.04998779296875,323.0249938964844,188882
2019-02-18,PERSISTENT,298.2431945800781,320.0249938964844,323.8500061035156,317.9750061035156,322.45001220703125,122228
2019-02-19,PERSISTENT,298.4994812011719,320.29998779296875,324.82501220703125,319.5,320.0249938964844,120458
2019-02-20,PERSISTENT,290.15863037109375,311.3500061035156,322.42498779296875,309.0,320.0,399164
2019-02-21,PERSISTENT,292.3253173828125,313.67498779296875,319.17498779296875,309.04998779296875,314.95001220703125,491558
2019-02-22,PERSISTENT,280.32672119140625,300.79998779296875,318.3999938964844,300.0,312.04998779296875,863818
2019-02-25,PERSISTENT,280.210205078125,300.67498779296875,307.3999938964844,296.17498779296875,303.45001220703125,504096
2019-02-26,PERSISTENT,293.7232666015625,315.17498779296875,316.95001220703125,295.54998779296875,295.54998779296875,607672
2019-02-27,PERSISTENT,300.246826171875,322.17498779296875,331.0,312.5,314.0,604576
2019-02-28,PERSISTENT,305.30267333984375,327.6000061035156,328.9750061035156,324.04998779296875,324.04998779296875,311010
2019-03-01,PERSISTENT,311.75628662109375,334.5249938964844,337.0,328.5,329.3999938964844,395662
2019-03-05,PERSISTENT,318.0468444824219,341.2749938964844,342.0,333.54998779296875,334.5,476206
2019-03-06,PERSISTENT,311.9892883300781,334.7749938964844,344.95001220703125,331.75,341.7250061035156,134442
2019-03-07,PERSISTENT,299.12847900390625,320.9750061035156,340.54998779296875,318.5249938964844,335.25,238018
2019-03-08,PERSISTENT,302.2971496582031,324.375,326.75,319.8999938964844,321.9750061035156,125490
2019-03-11,PERSISTENT,315.2743835449219,338.29998779296875,341.5,325.04998779296875,325.04998779296875,429124
2019-03-12,PERSISTENT,320.865966796875,344.29998779296875,345.5,338.7250061035156,342.0,486240
2019-03-13,PERSISTENT,305.44244384765625,327.75,347.92498779296875,325.0249938964844,345.04998779296875,352854
2019-03-14,PERSISTENT,313.5736083984375,336.4750061035156,341.4750061035156,330.0,330.0,220150
2019-03-15,PERSISTENT,311.220458984375,333.95001220703125,347.0,327.54998779296875,339.5,829508
2019-03-18,PERSISTENT,306.5374450683594,328.92498779296875,336.3999938964844,327.5,332.95001220703125,264230
2019-03-19,PERSISTENT,301.6447448730469,323.67498779296875,332.92498779296875,322.5,331.42498779296875,349496
2019-03-20,PERSISTENT,297.7073974609375,319.45001220703125,332.57501220703125,318.5249938964844,325.95001220703125,235268
2019-03-22,PERSISTENT,293.9096374511719,315.375,324.7250061035156,314.5,320.0,233466
2019-03-25,PERSISTENT,295.72698974609375,317.32501220703125,324.875,315.0,315.0,253596
2019-03-26,PERSISTENT,296.5191345214844,318.17498779296875,325.0,317.5,320.4750061035156,224970
2019-03-27,PERSISTENT,290.7643737792969,312.0,324.5,310.0,320.7250061035156,394558
2019-03-28,PERSISTENT,296.72882080078125,318.3999938964844,322.0,314.2749938964844,314.5,205396
2019-04-01,PERSISTENT,293.0243835449219,314.42498779296875,324.5,313.57501220703125,318.5,257418
2019-04-02,PERSISTENT,293.5602111816406,315.0,321.0,313.5,317.375,322312
2019-04-03,PERSISTENT,292.3253173828125,313.67498779296875,319.95001220703125,313.0,316.92498779296875,243628
2019-04-04,PERSISTENT,287.7589416503906,308.7749938964844,316.54998779296875,307.5,315.5,360138
2019-04-05,PERSISTENT,291.9991760253906,313.32501220703125,314.2749938964844,310.75,311.0249938964844,213480
2019-04-08,PERSISTENT,292.4186096191406,313.7749938964844,316.45001220703125,312.5249938964844,314.95001220703125,299370
2019-04-09,PERSISTENT,291.0672912597656,312.32501220703125,320.0,310.0249938964844,316.5,576672
2019-04-10,PERSISTENT,291.3236083984375,312.6000061035156,317.3500061035156,311.5,314.0,282984
2019-04-11,PERSISTENT,290.15863037109375,311.3500061035156,316.70001220703125,309.625,314.42498779296875,285094
2019-04-12,PERSISTENT,284.6369323730469,305.42498779296875,315.0,304.17498779296875,311.25,451238
2019-04-15,PERSISTENT,282.49346923828125,303.125,309.8999938964844,302.0,308.25,527992
2019-04-16,PERSISTENT,286.9901123046875,307.95001220703125,309.5,305.0249938964844,305.3999938964844,429958
2019-04-18,PERSISTENT,293.09423828125,314.5,315.0,309.3500061035156,309.8500061035156,527078
2019-04-22,PERSISTENT,295.7969055175781,317.3999938964844,321.0,312.1499938964844,314.0249938964844,508376
2019-04-23,PERSISTENT,297.5442810058594,319.2749938964844,321.0,316.57501220703125,318.0,392214
2019-04-24,PERSISTENT,297.5442810058594,319.2749938964844,321.0,314.5,320.8500061035156,315324
2019-04-25,PERSISTENT,298.5227966308594,320.32501220703125,321.3500061035156,316.5,320.875,277948
2019-04-26,PERSISTENT,298.2199401855469,320.0,320.8999938964844,315.54998779296875,319.9750061035156,277376
2019-04-30,PERSISTENT,296.4725646972656,318.125,321.0,311.04998779296875,315.0,505892
2019-05-02,PERSISTENT,292.7913513183594,314.17498779296875,316.5,308.0,316.25,326180
2019-05-03,PERSISTENT,289.1335144042969,310.25,314.9750061035156,308.07501220703125,312.75,337480
2019-05-06,PERSISTENT,292.4186096191406,313.7749938964844,315.0,304.9750061035156,308.0,234898
2019-05-07,PERSISTENT,289.7625427246094,310.92498779296875,316.0,309.42498779296875,316.0,371404
2019-05-08,PERSISTENT,283.7981262207031,304.5249938964844,311.0,303.125,310.0,189780
2019-05-09,PERSISTENT,284.4505615234375,305.2250061035156,309.5,302.625,302.625,192900
2019-05-10,PERSISTENT,283.5651550292969,304.2749938964844,307.6499938964844,303.25,306.70001220703125,132822
2019-05-13,PERSISTENT,283.5885009765625,304.29998779296875,307.9750061035156,303.5249938964844,304.5,126884
2019-05-14,PERSISTENT,288.2015686035156,309.25,314.8999938964844,304.0,305.7749938964844,303738
2019-05-15,PERSISTENT,283.54193115234375,304.25,312.4750061035156,302.6499938964844,312.4750061035156,188612
2019-05-16,PERSISTENT,282.586669921875,303.2250061035156,305.6000061035156,302.5,304.5,174118
2019-05-17,PERSISTENT,282.26043701171875,302.875,305.3500061035156,300.70001220703125,303.3999938964844,112278
2019-05-20,PERSISTENT,282.26043701171875,302.875,308.0,301.82501220703125,308.0,124192
2019-05-21,PERSISTENT,284.26416015625,305.0249938964844,306.0,302.5,304.45001220703125,131450
2019-05-22,PERSISTENT,282.14398193359375,302.75,305.0,300.125,305.0,208902
2019-05-23,PERSISTENT,281.4916076660156,302.04998779296875,305.0,301.0,302.75,205454
2019-05-24,PERSISTENT,279.394775390625,299.79998779296875,303.07501220703125,297.04998779296875,302.04998779296875,139396
2019-05-27,PERSISTENT,279.4879150390625,299.8999938964844,303.0,299.375,300.5,117016
2019-05-28,PERSISTENT,269.2599182128906,288.92498779296875,300.5,286.5,300.0,360658
2019-05-29,PERSISTENT,268.2814025878906,287.875,291.8999938964844,287.0,290.9750061035156,140554
2019-05-30,PERSISTENT,269.28326416015625,288.95001220703125,290.0,287.54998779296875,288.5,119072
2019-05-31,PERSISTENT,271.1704406738281,290.9750061035156,291.95001220703125,288.67498779296875,291.1499938964844,234212
2019-06-03,PERSISTENT,272.358642578125,292.25,298.5,289.0,290.25,243998
2019-06-04,PERSISTENT,276.7154235839844,296.92498779296875,298.5,292.5249938964844,293.95001220703125,187668
2019-06-06,PERSISTENT,279.3481140136719,299.75,301.8500061035156,294.0,298.9750061035156,296710
2019-06-07,PERSISTENT,284.84661865234375,305.6499938964844,307.9750061035156,297.54998779296875,300.0,370526
2019-06-10,PERSISTENT,283.84478759765625,304.57501220703125,309.0,302.79998779296875,307.5,203488
2019-06-11,PERSISTENT,295.19110107421875,316.75,323.07501220703125,305.1499938964844,305.1499938964844,581208
2019-06-12,PERSISTENT,294.9581298828125,316.5,318.25,315.25,316.45001220703125,189850
2019-06-13,PERSISTENT,290.9042053222656,312.1499938964844,317.0,310.5,314.04998779296875,312810
2019-06-14,PERSISTENT,293.5602111816406,315.0,316.875,310.7749938964844,310.7749938964844,208634
2019-06-17,PERSISTENT,287.99188232421875,309.0249938964844,319.70001220703125,307.7749938964844,315.5,89976
2019-06-18,PERSISTENT,296.1230773925781,317.75,319.0,309.0,309.0,212498
2019-06-19,PERSISTENT,294.25921630859375,315.75,320.0,313.17498779296875,319.82501220703125,149994
2019-06-20,PERSISTENT,292.93115234375,314.32501220703125,318.0,312.5,316.9750061035156,107998
2019-06-21,PERSISTENT,293.5369567871094,314.9750061035156,317.4750061035156,312.67498779296875,316.7250061035156,85096
2019-06-24,PERSISTENT,292.76806640625,314.1499938964844,317.75,312.5,317.4750061035156,166782
2019-06-25,PERSISTENT,286.2911071777344,307.20001220703125,315.4750061035156,305.8999938964844,312.25,411686
2019-06-26,PERSISTENT,285.87176513671875,306.75,313.3999938964844,305.0,309.4750061035156,92292
2019-06-27,PERSISTENT,286.6638488769531,307.6000061035156,310.25,305.6000061035156,309.45001220703125,260230
2019-06-28,PERSISTENT,287.68902587890625,308.70001220703125,310.3999938964844,306.0,310.0,36820
2019-07-01,PERSISTENT,287.1065673828125,308.07501220703125,310.9750061035156,305.7749938964844,310.0,40906
2019-07-02,PERSISTENT,285.03302001953125,305.8500061035156,310.5,304.5,305.125,60306
2019-07-03,PERSISTENT,286.9435119628906,307.8999938964844,309.5,303.6499938964844,305.8500061035156,80016
2019-07-04,PERSISTENT,289.18011474609375,310.29998779296875,312.1499938964844,305.32501220703125,307.6000061035156,99088
2019-07-05,PERSISTENT,292.25555419921875,313.6000061035156,317.375,309.625,310.8999938964844,714312
2019-07-08,PERSISTENT,286.05816650390625,306.95001220703125,314.75,306.0249938964844,312.0,252100
2019-07-09,PERSISTENT,286.757080078125,307.70001220703125,313.5,305.125,309.32501220703125,62062
2019-07-10,PERSISTENT,287.1297912597656,308.1000061035156,309.95001220703125,305.67498779296875,309.625,51014
2019-07-11,PERSISTENT,285.58465576171875,304.95001220703125,309.7250061035156,303.8999938964844,308.1000061035156,30632
2019-07-12,PERSISTENT,291.53143310546875,311.29998779296875,312.5,304.5249938964844,306.1499938964844,58562
2019-07-15,PERSISTENT,290.946044921875,310.67498779296875,312.3500061035156,307.875,312.0,26954
2019-07-16,PERSISTENT,288.5580139160156,308.125,310.0,307.1499938964844,310.0,80678
2019-07-17,PERSISTENT,286.16998291015625,305.57501220703125,312.1499938964844,303.20001220703125,303.20001220703125,53796
2019-07-18,PERSISTENT,284.7183532714844,304.0249938964844,308.54998779296875,303.17498779296875,306.0,57744
2019-07-19,PERSISTENT,270.2729797363281,288.6000061035156,305.8999938964844,287.5,304.0249938964844,358106
2019-07-22,PERSISTENT,269.102294921875,287.3500061035156,292.45001220703125,281.2749938964844,289.0,587262
2019-07-23,PERSISTENT,270.6709289550781,289.0249938964844,290.5,286.0,286.5,58010
2019-07-24,PERSISTENT,262.96826171875,280.79998779296875,290.0,276.875,288.0249938964844,184570
2019-07-25,PERSISTENT,263.1555480957031,281.0,292.04998779296875,280.0,282.0249938964844,84346
2019-07-26,PERSISTENT,264.23248291015625,282.1499938964844,284.5,267.75,277.29998779296875,171386
2019-07-29,PERSISTENT,250.4894561767578,267.4750061035156,282.25,266.5,279.0,186278
2019-07-30,PERSISTENT,235.8566436767578,251.85000610351562,268.45001220703125,234.375,267.54998779296875,1961670
2019-07-31,PERSISTENT,243.74659729003906,260.2749938964844,262.5,246.625,251.0,689760
2019-08-01,PERSISTENT,242.5291748046875,258.9750061035156,262.54998779296875,252.375,262.5,258388
2019-08-02,PERSISTENT,247.89065551757812,264.70001220703125,266.9750061035156,252.5,258.9750061035156,84132
2019-08-05,PERSISTENT,240.93716430664062,257.2749938964844,265.875,256.0,261.5,89284
2019-08-06,PERSISTENT,248.75692749023438,265.625,269.0,254.72500610351562,257.5,106908
2019-08-07,PERSISTENT,247.25852966308594,264.0249938964844,269.70001220703125,261.04998779296875,266.25,52802
2019-08-08,PERSISTENT,251.12156677246094,268.1499938964844,269.75,264.0249938964844,264.5,35076
2019-08-09,PERSISTENT,251.94097900390625,269.0249938964844,279.5,266.1499938964844,271.75,79954
2019-08-13,PERSISTENT,248.9676055908203,265.8500061035156,270.0,265.0,270.0,39966
2019-08-14,PERSISTENT,242.88040161132812,259.3500061035156,266.9750061035156,255.52499389648438,265.0,94412
2019-08-16,PERSISTENT,239.25148010253906,255.47500610351562,259.0,251.5,256.7749938964844,135092
2019-08-19,PERSISTENT,248.9676055908203,265.8500061035156,268.2749938964844,255.0,255.52499389648438,64414
2019-08-20,PERSISTENT,259.7373352050781,277.3500061035156,282.0,263.17498779296875,263.17498779296875,141318
2019-08-21,PERSISTENT,254.44613647460938,271.70001220703125,278.0,269.0,277.4750061035156,540306
2019-08-22,PERSISTENT,267.5103454589844,285.6499938964844,292.5,265.875,269.0,267908
2019-08-23,PERSISTENT,253.36917114257812,270.54998779296875,288.125,263.5249938964844,285.5,266880
2019-08-26,PERSISTENT,248.31207275390625,265.1499938964844,274.0,258.7749938964844,271.0249938964844,130160
2019-08-27,PERSISTENT,249.4359130859375,266.3500061035156,269.8999938964844,265.1000061035156,265.5,51790
2019-08-28,PERSISTENT,252.7369842529297,269.875,272.5,268.0,272.5,46318
2019-08-29,PERSISTENT,250.18507385253906,267.1499938964844,274.4750061035156,265.54998779296875,274.4750061035156,23376
2019-08-30,PERSISTENT,253.81396484375,271.0249938964844,273.1000061035156,264.82501220703125,269.8500061035156,104250
2019-09-03,PERSISTENT,259.3861389160156,276.9750061035156,279.2749938964844,265.5,271.0249938964844,258870
2019-09-04,PERSISTENT,262.4532165527344,280.25,280.9750061035156,277.5,278.9750061035156,77028
2019-09-05,PERSISTENT,263.38970947265625,281.25,281.67498779296875,277.95001220703125,278.75,513046
2019-09-06,PERSISTENT,266.7845153808594,284.875,287.25,278.0249938964844,287.25,57458
2019-09-09,PERSISTENT,262.73406982421875,280.54998779296875,286.0,278.5,284.875,105476
2019-09-11,PERSISTENT,264.16229248046875,282.07501220703125,283.5,279.3999938964844,279.3999938964844,86390
2019-09-12,PERSISTENT,266.4800720214844,284.54998779296875,285.9750061035156,280.95001220703125,283.9750061035156,118546
2019-09-13,PERSISTENT,268.2828674316406,286.4750061035156,287.0,283.29998779296875,285.0,87150
2019-09-16,PERSISTENT,272.5439147949219,291.0249938964844,294.25,286.0,286.9750061035156,204680
2019-09-17,PERSISTENT,269.1959533691406,287.45001220703125,294.3999938964844,287.125,293.92498779296875,231842
2019-09-18,PERSISTENT,275.49383544921875,294.17498779296875,299.6000061035156,287.5,289.9750061035156,183828
2019-09-19,PERSISTENT,278.44384765625,297.32501220703125,299.25,292.25,295.0,62482
2019-09-20,PERSISTENT,280.504150390625,299.5249938964844,306.0,292.17498779296875,299.9750061035156,1035268
2019-09-23,PERSISTENT,290.0329284667969,309.70001220703125,312.5,295.0249938964844,299.5249938964844,250652
2019-09-24,PERSISTENT,281.34698486328125,300.42498779296875,309.5,295.25,309.5,147282
2019-09-25,PERSISTENT,266.9483947753906,285.04998779296875,304.95001220703125,283.2250061035156,300.42498779296875,329878
2019-09-26,PERSISTENT,266.10552978515625,284.1499938964844,290.5,281.5249938964844,287.875,82800
2019-09-27,PERSISTENT,268.165771484375,286.3500061035156,289.20001220703125,282.8500061035156,287.1499938964844,39044
2019-09-30,PERSISTENT,266.8780822753906,284.9750061035156,288.5,283.5,286.3500061035156,69560
2019-10-01,PERSISTENT,262.68731689453125,280.5,289.25,278.0,287.9750061035156,56534
2019-10-03,PERSISTENT,261.07183837890625,278.7749938964844,283.0,278.0,280.5249938964844,55588
2019-10-04,PERSISTENT,260.9782409667969,278.67498779296875,290.0,275.5,280.0,39998
2019-10-07,PERSISTENT,269.6407775878906,287.92498779296875,292.5,273.32501220703125,278.42498779296875,132852
2019-10-09,PERSISTENT,268.98529052734375,287.2250061035156,291.0,277.2250061035156,290.25,94040
2019-10-10,PERSISTENT,265.6606140136719,283.67498779296875,289.1499938964844,283.0,289.1499938964844,29376
2019-10-11,PERSISTENT,269.61737060546875,287.8999938964844,289.0,280.0,283.42498779296875,40832
2019-10-14,PERSISTENT,273.6208801269531,292.17498779296875,295.0,275.75,282.0,139622
2019-10-15,PERSISTENT,275.47052001953125,294.1499938964844,296.82501220703125,288.625,296.3999938964844,83224
2019-10-16,PERSISTENT,281.04266357421875,300.1000061035156,301.70001220703125,292.54998779296875,297.5,332582
2019-10-17,PERSISTENT,284.1096496582031,303.375,309.5,296.67498779296875,296.67498779296875,234364
2019-10-18,PERSISTENT,291.5079345703125,311.2749938964844,314.5,298.57501220703125,305.0,166294
2019-10-22,PERSISTENT,289.7286376953125,309.375,317.5,304.25,310.0,150286
2019-10-23,PERSISTENT,282.1664123535156,301.29998779296875,316.5,300.5,310.0,219668
2019-10-24,PERSISTENT,284.99932861328125,304.32501220703125,312.0,300.32501220703125,302.0,98418
2019-10-25,PERSISTENT,282.1429748535156,301.2749938964844,307.3500061035156,291.9750061035156,306.0,219378
2019-10-27,PERSISTENT,280.66802978515625,299.70001220703125,304.9750061035156,297.6000061035156,304.9750061035156,7192
2019-10-29,PERSISTENT,282.8688049316406,302.04998779296875,305.0,295.25,300.0,39108
2019-10-30,PERSISTENT,281.90887451171875,301.0249938964844,305.0,300.0,303.5,72794
2019-10-31,PERSISTENT,290.1266784667969,309.79998779296875,317.25,300.5,304.5,673950
2019-11-01,PERSISTENT,287.5981140136719,307.1000061035156,312.29998779296875,306.2749938964844,312.0,472010
2019-11-04,PERSISTENT,280.05926513671875,299.04998779296875,311.5,291.3500061035156,310.7749938964844,169560
2019-11-05,PERSISTENT,280.4339599609375,299.45001220703125,305.0,295.07501220703125,305.0,1007302
2019-11-06,PERSISTENT,281.8854675292969,301.0,301.25,293.75,298.95001220703125,92718
2019-11-07,PERSISTENT,286.61480712890625,306.04998779296875,308.0,300.07501220703125,300.07501220703125,192924
2019-11-08,PERSISTENT,287.99609375,307.5249938964844,311.0,301.125,305.0,237054
2019-11-11,PERSISTENT,288.83892822265625,308.42498779296875,310.5,303.5249938964844,305.07501220703125,178570
2019-11-13,PERSISTENT,292.4913330078125,312.32501220703125,313.8500061035156,309.0,313.8500061035156,253042
2019-11-14,PERSISTENT,311.54901123046875,332.67498779296875,337.0,310.0,311.0,881154
2019-11-15,PERSISTENT,305.602294921875,326.32501220703125,336.0,316.92498779296875,333.0249938964844,350762
2019-11-18,PERSISTENT,303.307861328125,323.875,339.0,317.5249938964844,326.8500061035156,456868
2019-11-19,PERSISTENT,309.0907287597656,330.04998779296875,335.0,325.9750061035156,325.9750061035156,181986
2019-11-20,PERSISTENT,311.52557373046875,332.6499938964844,334.0,330.04998779296875,332.5,109062
2019-11-21,PERSISTENT,321.8739013671875,343.70001220703125,345.0,332.5,332.5,514886
2019-11-22,PERSISTENT,314.8735656738281,336.2250061035156,350.0,332.5,344.0249938964844,380972
2019-11-25,PERSISTENT,314.9438171386719,336.29998779296875,338.5,333.57501220703125,335.9750061035156,179166
2019-11-26,PERSISTENT,316.1612854003906,337.6000061035156,344.6499938964844,328.1000061035156,337.3500061035156,732718
2019-11-27,PERSISTENT,316.6295166015625,338.1000061035156,342.0,331.625,341.0,390736
2019-11-28,PERSISTENT,318.1279602050781,339.70001220703125,341.5,335.375,338.0,90078
2019-11-29,PERSISTENT,320.4457092285156,342.17498779296875,343.5,339.82501220703125,342.4750061035156,164394
2019-12-02,PERSISTENT,318.97076416015625,340.6000061035156,344.45001220703125,336.17498779296875,342.4750061035156,55450
2019-12-03,PERSISTENT,316.44219970703125,337.8999938964844,343.17498779296875,334.625,340.5249938964844,67438
2019-12-04,PERSISTENT,321.1246337890625,342.8999938964844,345.0,332.75,335.0,102702
2019-12-05,PERSISTENT,322.36553955078125,344.2250061035156,344.92498779296875,337.5,343.0,105348
2019-12-06,PERSISTENT,323.27862548828125,345.20001220703125,345.5,338.5,338.5,171932
2019-12-09,PERSISTENT,319.1814880371094,340.82501220703125,348.5,339.6000061035156,348.5,79620
2019-12-10,PERSISTENT,315.997314453125,337.42498779296875,342.32501220703125,334.625,338.20001220703125,98156
2019-12-11,PERSISTENT,316.7699890136719,338.25,339.9750061035156,335.5,336.7749938964844,142142
2019-12-12,PERSISTENT,314.4287414550781,335.75,339.95001220703125,334.75,337.6499938964844,186300
2019-12-13,PERSISTENT,315.0140380859375,336.375,337.5,332.5,335.9750061035156,297102
2019-12-16,PERSISTENT,315.1778869628906,336.54998779296875,338.5,332.5,332.5,269922
2019-12-17,PERSISTENT,315.20135498046875,336.57501220703125,338.17498779296875,333.3500061035156,333.3500061035156,197004
2019-12-18,PERSISTENT,316.02081298828125,337.45001220703125,349.3500061035156,335.54998779296875,340.4750061035156,324080
2019-12-19,PERSISTENT,321.61639404296875,343.42498779296875,346.0,336.25,337.45001220703125,106010
2019-12-20,PERSISTENT,320.35211181640625,342.07501220703125,345.0,338.0,341.04998779296875,304166
2019-12-23,PERSISTENT,314.1009826660156,335.3999938964844,340.5,331.54998779296875,338.7250061035156,251386
2019-12-24,PERSISTENT,313.5624694824219,334.82501220703125,339.8500061035156,333.3999938964844,334.0,121266
2019-12-26,PERSISTENT,313.515625,334.7749938964844,337.5,333.0,337.32501220703125,246222
2019-12-27,PERSISTENT,317.5425720214844,339.07501220703125,340.5,332.42498779296875,336.9750061035156,100292
2019-12-30,PERSISTENT,314.6394348144531,335.9750061035156,343.17498779296875,333.0,340.95001220703125,55878
2019-12-31,PERSISTENT,315.6696472167969,337.07501220703125,338.8500061035156,335.0,337.5,37034
2020-01-01,PERSISTENT,330.7706298828125,353.20001220703125,354.9750061035156,337.6499938964844,338.92498779296875,471888
2020-01-02,PERSISTENT,334.0483703613281,356.70001220703125,364.3999938964844,353.70001220703125,354.0,434864
2020-01-03,PERSISTENT,325.2452392578125,347.29998779296875,358.0,346.0,358.0,104970
2020-01-06,PERSISTENT,319.8838195800781,341.57501220703125,345.0,338.5,345.0,103268
2020-01-07,PERSISTENT,319.9071960449219,341.6000061035156,347.4750061035156,340.5,347.4750061035156,87850
2020-01-08,PERSISTENT,320.1413879394531,341.8500061035156,343.04998779296875,334.67498779296875,340.9750061035156,73262
2020-01-09,PERSISTENT,321.0310363769531,342.79998779296875,347.0,341.5,347.0,55048
2020-01-10,PERSISTENT,322.31866455078125,344.17498779296875,349.29998779296875,341.5,346.0,96128
2020-01-13,PERSISTENT,319.7667236328125,341.45001220703125,348.67498779296875,337.1499938964844,346.9750061035156,90330
2020-01-14,PERSISTENT,320.30523681640625,342.0249938964844,345.5249938964844,340.20001220703125,341.5,41236
2020-01-15,PERSISTENT,331.70709228515625,354.20001220703125,356.0,342.5,342.5249938964844,325548
2020-01-16,PERSISTENT,327.7972106933594,350.0249938964844,357.5,345.92498779296875,356.0,140660
2020-01-17,PERSISTENT,329.3424987792969,351.67498779296875,356.25,350.25,356.25,92258
2020-01-20,PERSISTENT,328.8273620605469,351.125,356.0,345.5,353.95001220703125,183716
2020-01-21,PERSISTENT,334.3760986328125,357.04998779296875,363.5,347.5249938964844,347.57501220703125,398718
2020-01-22,PERSISTENT,340.0185241699219,363.07501220703125,368.0,358.0,358.0,512922
2020-01-23,PERSISTENT,345.91845703125,369.375,370.0,359.2250061035156,366.79998779296875,177270
2020-01-24,PERSISTENT,341.7042236328125,364.875,369.375,361.5249938964844,369.375,155064
2020-01-27,PERSISTENT,337.911376953125,360.82501220703125,364.875,351.6000061035156,361.25,256330
2020-01-28,PERSISTENT,338.3094177246094,361.25,366.3500061035156,355.0,362.5,93452
2020-01-29,PERSISTENT,328.1952209472656,350.45001220703125,368.5,347.07501220703125,364.29998779296875,126174
2020-01-30,PERSISTENT,322.6933288574219,344.57501220703125,353.7250061035156,340.29998779296875,347.625,84100
2020-01-31,PERSISTENT,328.2185974121094,350.4750061035156,358.0,344.5,347.4750061035156,478658
2020-02-03,PERSISTENT,331.80072021484375,354.29998779296875,357.75,345.32501220703125,351.5,69506
2020-02-04,PERSISTENT,335.71063232421875,358.4750061035156,362.7250061035156,354.17498779296875,354.5,173770
2020-02-05,PERSISTENT,334.4229431152344,357.1000061035156,362.45001220703125,350.04998779296875,362.45001220703125,319720
2020-02-06,PERSISTENT,334.565185546875,352.75,354.5,350.0,352.0,148912
2020-02-07,PERSISTENT,336.5569152832031,354.8500061035156,356.875,348.0249938964844,356.875,32380
2020-02-10,PERSISTENT,332.4786071777344,350.54998779296875,357.2250061035156,349.2749938964844,355.0,365856
2020-02-11,PERSISTENT,331.9095764160156,349.95001220703125,354.0,342.54998779296875,353.9750061035156,113908
2020-02-12,PERSISTENT,332.00439453125,350.04998779296875,354.3500061035156,344.1000061035156,354.3500061035156,231486
2020-02-13,PERSISTENT,332.50238037109375,350.57501220703125,353.9750061035156,345.04998779296875,345.04998779296875,150112
2020-02-14,PERSISTENT,332.5497741699219,350.625,351.32501220703125,348.29998779296875,350.4750061035156,137632
2020-02-17,PERSISTENT,332.4786071777344,350.54998779296875,352.42498779296875,347.07501220703125,347.07501220703125,387856
2020-02-18,PERSISTENT,335.08685302734375,353.29998779296875,356.79998779296875,347.92498779296875,350.0,137222
2020-02-19,PERSISTENT,340.7774963378906,359.29998779296875,361.0,348.2749938964844,352.57501220703125,76958
2020-02-20,PERSISTENT,340.0899963378906,358.57501220703125,360.7749938964844,355.0,357.4750061035156,82850
2020-02-24,PERSISTENT,342.1291198730469,360.7250061035156,367.0,355.54998779296875,359.5,164192
2020-02-25,PERSISTENT,338.3589782714844,356.75,362.45001220703125,352.17498779296875,359.5,110356
2020-02-26,PERSISTENT,340.3033142089844,358.79998779296875,361.79998779296875,351.0,351.0,90930
2020-02-27,PERSISTENT,338.1692810058594,356.54998779296875,362.7749938964844,348.07501220703125,354.07501220703125,153308
2020-02-28,PERSISTENT,330.249755859375,348.20001220703125,353.04998779296875,335.5,353.04998779296875,179552
2020-03-02,PERSISTENT,331.3641357421875,349.375,360.0,343.0,350.0,169482
2020-03-03,PERSISTENT,335.7507019042969,354.0,356.8999938964844,346.20001220703125,349.5,95536
2020-03-04,PERSISTENT,334.1858215332031,352.3500061035156,356.875,344.0,353.9750061035156,92980
2020-03-05,PERSISTENT,334.9682922363281,353.17498779296875,355.625,346.9750061035156,352.54998779296875,88748
2020-03-06,PERSISTENT,331.2930603027344,349.29998779296875,353.8999938964844,343.125,347.0,78872
2020-03-09,PERSISTENT,325.86322021484375,343.57501220703125,354.45001220703125,342.5,348.45001220703125,175428
2020-03-11,PERSISTENT,325.4837951660156,343.17498779296875,349.9750061035156,340.0,342.9750061035156,107614
2020-03-12,PERSISTENT,307.10760498046875,323.79998779296875,338.0,315.0249938964844,335.5,220058
2020-03-13,PERSISTENT,309.8818359375,326.7250061035156,331.42498779296875,259.04998779296875,290.57501220703125,187594
2020-03-16,PERSISTENT,285.8149719238281,301.3500061035156,317.625,293.75,317.625,962284
2020-03-17,PERSISTENT,282.1634521484375,297.5,300.9750061035156,290.5,295.5,254406
2020-03-18,PERSISTENT,272.51171875,285.875,299.95001220703125,282.75,299.95001220703125,71964
2020-03-19,PERSISTENT,251.34942626953125,263.67498779296875,278.5,253.8249969482422,278.5,264848
2020-03-20,PERSISTENT,243.485107421875,255.4250030517578,277.5,243.9499969482422,263.67498779296875,92468
2020-03-23,PERSISTENT,223.68124389648438,234.64999389648438,252.27499389648438,210.02499389648438,240.0,135844
2020-03-24,PERSISTENT,239.38613891601562,251.125,281.5,231.5,251.97500610351562,178180
2020-03-25,PERSISTENT,245.67762756347656,257.7250061035156,262.4750061035156,238.02499389648438,251.125,36144
2020-03-26,PERSISTENT,260.9535217285156,273.75,284.45001220703125,260.0,260.0,140910
2020-03-27,PERSISTENT,257.521728515625,270.1499938964844,287.5,260.0,274.04998779296875,45996
2020-03-30,PERSISTENT,261.83526611328125,274.67498779296875,277.5,252.5,270.0,88116
2020-03-31,PERSISTENT,262.59783935546875,275.4750061035156,282.5,270.5,274.75,52508
2020-04-01,PERSISTENT,258.6180419921875,271.29998779296875,279.375,266.1000061035156,275.4750061035156,76680
2020-04-03,PERSISTENT,245.0341339111328,257.04998779296875,277.4750061035156,249.0,277.4750061035156,235558
2020-04-07,PERSISTENT,242.5795440673828,254.47500610351562,269.92498779296875,249.5749969482422,260.0249938964844,144230
2020-04-08,PERSISTENT,243.60427856445312,255.5500030517578,259.6000061035156,252.5,255.97500610351562,67842
2020-04-09,PERSISTENT,244.9149932861328,256.92498779296875,264.7250061035156,251.97500610351562,256.5249938964844,215980
2020-04-13,PERSISTENT,243.1276397705078,255.0500030517578,257.0,245.0,257.0,98272
2020-04-15,PERSISTENT,240.72064208984375,252.52499389648438,262.5,250.14999389648438,260.8999938964844,118974
2020-04-16,PERSISTENT,236.1688690185547,247.75,253.64999389648438,246.3249969482422,253.5,108430
2020-04-17,PERSISTENT,234.47683715820312,245.97500610351562,261.0,245.0,255.0,123626
2020-04-20,PERSISTENT,232.57034301757812,243.97500610351562,254.47500610351562,242.5,252.0,155504
2020-04-21,PERSISTENT,225.8737030029297,236.9499969482422,244.39999389648438,235.5,242.5,164284
2020-04-22,PERSISTENT,231.06895446777344,242.39999389648438,243.47500610351562,235.5,242.25,76746
2020-04-23,PERSISTENT,229.09097290039062,240.3249969482422,246.4250030517578,237.5500030517578,244.39999389648438,166432
2020-04-24,PERSISTENT,223.20462036132812,234.14999389648438,242.5,233.8249969482422,241.5,109666
2020-04-27,PERSISTENT,223.51443481445312,234.47500610351562,237.5749969482422,232.60000610351562,236.0,103070
2020-04-28,PERSISTENT,225.7069091796875,236.77499389648438,239.0,232.10000610351562,237.0,835506
2020-04-29,PERSISTENT,225.68307495117188,236.75,239.0,234.0500030517578,238.97500610351562,146588
2020-04-30,PERSISTENT,226.15969848632812,237.25,247.0,235.0,239.6750030517578,645204
2020-05-04,PERSISTENT,221.03594970703125,231.875,237.97500610351562,230.0,235.0,133814
2020-05-05,PERSISTENT,222.8471221923828,233.77499389648438,239.6750030517578,231.0,235.0,212134
2020-05-06,PERSISTENT,240.50619506835938,252.3000030517578,257.5,236.1750030517578,240.85000610351562,1548102
2020-05-07,PERSISTENT,252.4457244873047,264.82501220703125,266.5,253.5,254.0,556438
2020-05-08,PERSISTENT,251.01583862304688,263.32501220703125,275.5,259.0,267.5,292394
2020-05-11,PERSISTENT,251.92141723632812,264.2749938964844,271.7749938964844,257.5,265.6000061035156,382558
2020-05-12,PERSISTENT,248.75184631347656,260.95001220703125,265.0,258.5,261.04998779296875,255966
2020-05-13,PERSISTENT,256.3540344238281,268.92498779296875,272.3999938964844,264.0,271.0,168114
2020-05-14,PERSISTENT,250.11026000976562,262.375,270.8500061035156,257.5,266.9750061035156,140958
2020-05-15,PERSISTENT,248.37051391601562,260.54998779296875,264.0,255.0,262.3500061035156,175452
2020-05-18,PERSISTENT,245.72525024414062,257.7749938964844,265.95001220703125,256.6000061035156,262.29998779296875,268096
2020-05-19,PERSISTENT,247.2028045654297,259.32501220703125,260.7250061035156,257.57501220703125,259.5,154644
2020-05-20,PERSISTENT,247.87008666992188,260.0249938964844,263.125,258.0,260.0,500998
2020-05-21,PERSISTENT,248.72802734375,260.92498779296875,265.0,258.0,262.6000061035156,846080
2020-05-22,PERSISTENT,250.11026000976562,262.375,264.8999938964844,258.17498779296875,259.8500061035156,111376
2020-05-26,PERSISTENT,250.01486206054688,262.2749938964844,265.0,260.45001220703125,264.45001220703125,74330
2020-05-27,PERSISTENT,250.75363159179688,263.04998779296875,264.95001220703125,260.6000061035156,263.17498779296875,1164482
2020-05-28,PERSISTENT,255.25784301757812,267.7749938964844,275.3500061035156,262.5249938964844,262.625,527172
2020-05-29,PERSISTENT,250.49151611328125,262.7749938964844,270.17498779296875,262.07501220703125,267.5,202230
2020-06-01,PERSISTENT,262.8123474121094,275.70001220703125,279.5,264.2749938964844,265.0,197616
2020-06-02,PERSISTENT,266.9351806640625,280.0249938964844,287.3999938964844,272.5,275.5,211286
2020-06-03,PERSISTENT,267.030517578125,280.125,284.2250061035156,280.0,280.6499938964844,119928
2020-06-04,PERSISTENT,271.70147705078125,285.0249938964844,287.0,280.0,280.29998779296875,400878
2020-06-05,PERSISTENT,272.6546630859375,286.0249938964844,286.75,280.25,285.95001220703125,183506
2020-06-08,PERSISTENT,277.13494873046875,290.7250061035156,292.5,286.8500061035156,287.5,149306
2020-06-09,PERSISTENT,277.3494873046875,290.95001220703125,292.3500061035156,286.5,287.7749938964844,74438
2020-06-10,PERSISTENT,280.39990234375,294.1499938964844,294.875,290.5,291.0,94898
2020-06-11,PERSISTENT,281.2577819824219,295.04998779296875,296.82501220703125,292.7250061035156,296.82501220703125,379412
2020-06-12,PERSISTENT,278.9223327636719,292.6000061035156,293.6000061035156,286.17498779296875,286.5,57102
2020-06-15,PERSISTENT,282.1396179199219,295.9750061035156,299.07501220703125,291.0249938964844,291.5,121488
2020-06-16,PERSISTENT,276.20556640625,289.75,299.8500061035156,288.04998779296875,299.5,115272
2020-06-17,PERSISTENT,282.85455322265625,296.7250061035156,298.0,286.0249938964844,286.0249938964844,49230
2020-06-18,PERSISTENT,278.6840515136719,292.3500061035156,297.5,290.0,296.7250061035156,53290
2020-06-19,PERSISTENT,286.7390441894531,300.79998779296875,307.42498779296875,286.125,292.54998779296875,368394
2020-06-22,PERSISTENT,293.6501159667969,308.04998779296875,309.5,300.04998779296875,302.0,193882
2020-06-23,PERSISTENT,293.6977844238281,308.1000061035156,309.5,302.5,304.0249938964844,92752
2020-06-24,PERSISTENT,291.74365234375,306.04998779296875,307.9750061035156,300.92498779296875,304.5,142526
2020-06-25,PERSISTENT,290.5520324707031,304.79998779296875,311.0249938964844,302.5,307.4750061035156,94070
2020-06-26,PERSISTENT,298.9645080566406,313.625,317.75,303.0,305.0,343676
2020-06-29,PERSISTENT,301.1808776855469,315.95001220703125,318.1000061035156,311.25,317.45001220703125,102976
2020-06-30,PERSISTENT,302.7060241699219,317.54998779296875,320.57501220703125,315.5,319.4750061035156,129564
2020-07-01,PERSISTENT,304.2074279785156,319.125,323.0,315.25,319.0,90578
2020-07-02,PERSISTENT,306.18536376953125,321.20001220703125,324.5,316.0,318.0,215258
2020-07-03,PERSISTENT,305.6849365234375,320.67498779296875,322.54998779296875,314.0,322.5,103038
2020-07-06,PERSISTENT,310.4512939453125,325.67498779296875,327.1499938964844,319.57501220703125,320.04998779296875,180498
2020-07-07,PERSISTENT,323.89215087890625,339.7749938964844,341.0,325.04998779296875,326.25,314558
2020-07-08,PERSISTENT,343.7198181152344,360.57501220703125,366.6499938964844,335.07501220703125,335.79998779296875,405620
2020-07-09,PERSISTENT,353.89581298828125,371.25,375.5,357.92498779296875,361.2749938964844,345982
2020-07-10,PERSISTENT,348.7720947265625,365.875,375.0,350.5,372.5,263062
2020-07-13,PERSISTENT,345.45953369140625,362.3999938964844,367.0,350.0,365.0,191594
2020-07-14,PERSISTENT,351.0599670410156,368.2749938964844,371.5,356.0,361.0,188564
2020-07-15,PERSISTENT,364.453125,382.32501220703125,389.0,370.3999938964844,373.5,615852
2020-07-16,PERSISTENT,360.21112060546875,377.875,399.9750061035156,372.79998779296875,385.0,482722
2020-07-17,PERSISTENT,359.13873291015625,376.75,381.92498779296875,367.17498779296875,375.4750061035156,401528
2020-07-20,PERSISTENT,360.64013671875,378.32501220703125,383.0,375.5,378.92498779296875,117098
2020-07-21,PERSISTENT,356.5172424316406,374.0,380.9750061035156,371.5,376.92498779296875,104360
2020-07-22,PERSISTENT,340.7409362792969,357.45001220703125,379.875,354.0,375.54998779296875,209932
2020-07-23,PERSISTENT,348.4146728515625,365.5,368.6000061035156,355.8999938964844,362.0,132690
2020-07-24,PERSISTENT,367.598876953125,385.625,387.5,362.5249938964844,365.5,581764
2020-07-27,PERSISTENT,407.85009765625,427.8500061035156,459.70001220703125,422.0,422.0,3873654
2020-07-28,PERSISTENT,422.6493835449219,443.375,449.4750061035156,419.9750061035156,429.125,1798338
2020-07-29,PERSISTENT,423.1497802734375,443.8999938964844,446.5,430.5249938964844,442.5,701316
2020-07-30,PERSISTENT,436.257080078125,457.6499938964844,461.5,442.5,445.5,1127916
2020-07-31,PERSISTENT,437.5915832519531,459.04998779296875,465.0,446.875,462.0,588986
2020-08-03,PERSISTENT,465.093017578125,487.8999938964844,491.70001220703125,454.0,458.0,806888
2020-08-04,PERSISTENT,454.1544189453125,476.42498779296875,499.5,467.5,490.0,323610
2020-08-05,PERSISTENT,450.4605407714844,472.54998779296875,486.7250061035156,469.04998779296875,479.95001220703125,207292
2020-08-06,PERSISTENT,459.3258972167969,481.8500061035156,487.5,464.9750061035156,475.0,341022
2020-08-07,PERSISTENT,476.7465515136719,500.125,503.3999938964844,480.0249938964844,482.5,453600
2020-08-10,PERSISTENT,469.906982421875,492.95001220703125,512.5,465.0249938964844,475.125,619278
2020-08-11,PERSISTENT,465.2598876953125,488.07501220703125,498.9750061035156,478.875,498.9750061035156,376614
2020-08-12,PERSISTENT,462.376220703125,485.04998779296875,488.75,481.42498779296875,488.07501220703125,231090
2020-08-13,PERSISTENT,475.817138671875,499.1499938964844,502.7250061035156,480.5,480.5,308774
2020-08-14,PERSISTENT,470.5504150390625,493.625,503.6000061035156,488.70001220703125,503.6000061035156,232102
2020-08-17,PERSISTENT,470.40740966796875,493.4750061035156,499.4750061035156,490.07501220703125,499.0,101336
2020-08-18,PERSISTENT,476.72271728515625,500.1000061035156,502.4750061035156,492.17498779296875,499.0,197740
2020-08-19,PERSISTENT,477.89044189453125,501.32501220703125,505.5,500.5,501.5249938964844,250844
2020-08-20,PERSISTENT,479.12969970703125,502.625,511.0,498.5,500.0,150252
2020-08-21,PERSISTENT,495.6448669433594,519.9500122070312,525.0,503.04998779296875,504.7749938964844,332792
2020-08-24,PERSISTENT,519.5953369140625,545.0750122070312,564.0,522.7000122070312,525.0,907984
2020-08-25,PERSISTENT,494.95361328125,519.2249755859375,556.4749755859375,511.9750061035156,552.0,569360
2020-08-26,PERSISTENT,501.6264343261719,526.2249755859375,537.0,515.0999755859375,524.0,259046
2020-08-27,PERSISTENT,500.2681579589844,524.7999877929688,535.4749755859375,522.5,530.0,145868
2020-08-28,PERSISTENT,485.3020324707031,509.1000061035156,530.0,505.0,530.0,472594
2020-08-31,PERSISTENT,456.7282409667969,479.125,520.0,475.0,519.0,566412
2020-09-01,PERSISTENT,458.4440612792969,480.92498779296875,496.0,478.25,478.25,229282
2020-09-02,PERSISTENT,482.56146240234375,506.2250061035156,514.0,484.0,484.0,178408
2020-09-03,PERSISTENT,486.73187255859375,510.6000061035156,526.5999755859375,498.2749938964844,511.75,282792
2020-09-04,PERSISTENT,470.09759521484375,493.1499938964844,505.0,487.32501220703125,498.6000061035156,335770
2020-09-07,PERSISTENT,467.5953063964844,490.5249938964844,499.95001220703125,482.20001220703125,495.0,111720
2020-09-08,PERSISTENT,473.5054931640625,496.7250061035156,512.5,492.5,493.0,190632
2020-09-09,PERSISTENT,468.38177490234375,491.3500061035156,496.5,480.0,496.5,131234
2020-09-10,PERSISTENT,470.97943115234375,494.07501220703125,501.875,491.5,491.5,70666
2020-09-11,PERSISTENT,481.8941650390625,505.5249938964844,511.95001220703125,495.75,496.8500061035156,229334
2020-09-14,PERSISTENT,550.0757446289062,577.0499877929688,593.9749755859375,512.9500122070312,512.9500122070312,1529106
2020-09-15,PERSISTENT,556.98681640625,584.2999877929688,620.0,570.2000122070312,584.0,786544
2020-09-16,PERSISTENT,556.1526489257812,583.4249877929688,595.0,565.5499877929688,591.0,408368
2020-09-17,PERSISTENT,558.4880981445312,585.875,591.5,571.1749877929688,580.0,382758
2020-09-18,PERSISTENT,567.7347412109375,595.5750122070312,600.0,578.625,590.0,377300
2020-09-21,PERSISTENT,553.221435546875,580.3499755859375,601.5,571.2750244140625,593.5,442102
2020-09-22,PERSISTENT,561.4910278320312,589.0250244140625,597.5,546.125,583.0499877929688,359068
2020-09-23,PERSISTENT,584.0829467773438,612.7249755859375,622.0,572.5,589.0,715130
2020-09-24,PERSISTENT,562.8017578125,590.4000244140625,609.5,581.0999755859375,607.5,288070
2020-09-25,PERSISTENT,581.3187255859375,609.8250122070312,615.0,590.5,592.0,271018
2020-09-28,PERSISTENT,607.4854736328125,637.2750244140625,661.9749755859375,612.5,612.5,1474208
2020-09-29,PERSISTENT,635.4396362304688,666.5999755859375,690.0,633.0,642.375,1652220
2020-09-30,PERSISTENT,639.2763671875,670.625,692.9249877929688,665.0,679.2249755859375,355892
2020-10-01,PERSISTENT,621.4029541015625,651.875,677.4749755859375,644.0,671.0250244140625,411964
2020-10-05,PERSISTENT,632.7943725585938,663.8250122070312,670.4249877929688,651.875,659.0,609254
2020-10-06,PERSISTENT,618.1381225585938,648.4500122070312,669.7999877929688,645.5,665.5999755859375,304708
2020-10-07,PERSISTENT,600.6697998046875,630.125,652.2249755859375,623.5,650.0499877929688,344432
2020-10-08,PERSISTENT,627.2655639648438,658.0250244140625,669.9500122070312,640.5,642.9249877929688,1109752
2020-10-09,PERSISTENT,621.3553466796875,651.8250122070312,662.5,650.0,658.0,232226
2020-10-12,PERSISTENT,620.7356567382812,651.1749877929688,662.2249755859375,645.7999877929688,662.2249755859375,306172
2020-10-13,PERSISTENT,640.7301635742188,672.1500244140625,682.0,648.9749755859375,655.2000122070312,833156
2020-10-14,PERSISTENT,652.5505981445312,684.5499877929688,695.0,675.5,679.9500122070312,706582
2020-10-15,PERSISTENT,614.968505859375,645.125,695.2999877929688,630.1749877929688,688.9000244140625,984854
2020-10-16,PERSISTENT,618.0904541015625,648.4000244140625,666.5,600.0,662.5,540018
2020-10-19,PERSISTENT,599.3589477539062,628.75,665.0,531.7000122070312,657.4749755859375,239628
2020-10-20,PERSISTENT,575.4799194335938,603.7000122070312,631.125,600.75,628.5,402346
2020-10-21,PERSISTENT,575.5752563476562,603.7999877929688,622.5,589.0,606.9749755859375,241622
2020-10-22,PERSISTENT,562.1820068359375,589.75,614.9749755859375,585.0,603.5999755859375,320274
2020-10-23,PERSISTENT,558.7741088867188,586.1749877929688,605.0,578.0,594.9000244140625,309788
2020-10-26,PERSISTENT,566.900634765625,594.7000122070312,610.0,589.0,594.5,615062
2020-10-27,PERSISTENT,563.9216918945312,591.5750122070312,600.125,585.25,600.0,356020
2020-10-28,PERSISTENT,553.221435546875,580.3499755859375,595.0,576.0,591.5750122070312,206628
2020-10-29,PERSISTENT,558.29736328125,585.6749877929688,596.5,569.4500122070312,572.5999755859375,232066
2020-10-30,PERSISTENT,552.2442626953125,579.3250122070312,595.375,572.7999877929688,580.0,178390
2020-11-02,PERSISTENT,538.0646362304688,564.4500122070312,574.25,551.5750122070312,562.0,235770
2020-11-03,PERSISTENT,531.2965698242188,557.3499755859375,571.9749755859375,553.75,567.5999755859375,133004
2020-11-04,PERSISTENT,539.0656127929688,565.5,575.4249877929688,557.0250244140625,557.3499755859375,121074
2020-11-05,PERSISTENT,546.906005859375,573.7249755859375,578.4249877929688,568.1500244140625,575.0,99248
2020-11-06,PERSISTENT,546.0005493164062,572.7750244140625,586.0999755859375,564.0499877929688,577.4500122070312,98438
2020-11-09,PERSISTENT,553.1021728515625,580.2249755859375,585.0,573.375,584.0,80082
2020-11-10,PERSISTENT,534.4423828125,560.6500244140625,584.9000244140625,555.6749877929688,584.9000244140625,185212
2020-11-11,PERSISTENT,532.1306762695312,558.2249755859375,563.375,552.5499877929688,560.6500244140625,178266
2020-11-12,PERSISTENT,551.4817504882812,578.5250244140625,582.4500122070312,555.0250244140625,557.5250244140625,416732
2020-11-13,PERSISTENT,544.4276123046875,571.125,590.0,564.0750122070312,580.9000244140625,299306
2020-11-14,PERSISTENT,555.556884765625,582.7999877929688,585.0,572.5,585.0,43320
2020-11-17,PERSISTENT,556.8438720703125,584.1500244140625,599.0,577.625,587.4000244140625,569648
2020-11-18,PERSISTENT,542.997802734375,569.625,589.4000244140625,565.0,589.4000244140625,245514
2020-11-19,PERSISTENT,540.4002075195312,566.9000244140625,574.9249877929688,564.0,570.9249877929688,179664
2020-11-20,PERSISTENT,546.0242919921875,572.7999877929688,580.0,568.9249877929688,572.4500122070312,272976
2020-11-23,PERSISTENT,551.052734375,578.0750122070312,580.0,561.0,573.9000244140625,129266
2020-11-24,PERSISTENT,578.2205200195312,606.5750122070312,616.9749755859375,581.5,582.4000244140625,381666
2020-11-25,PERSISTENT,574.907958984375,603.0999755859375,624.0999755859375,590.8250122070312,618.7249755859375,313134
2020-11-26,PERSISTENT,571.7860717773438,599.8250122070312,612.5,590.0499877929688,601.2000122070312,353830
2020-11-27,PERSISTENT,568.7833251953125,596.6749877929688,607.5499877929688,595.0,607.0,543580
2020-12-01,PERSISTENT,575.59912109375,603.8250122070312,610.0,582.375,599.0,574616
2020-12-02,PERSISTENT,577.2434692382812,605.5499877929688,617.0,600.0,617.0,212688
2020-12-03,PERSISTENT,587.6339111328125,616.4500122070312,620.0,603.0999755859375,612.0,341380
2020-12-04,PERSISTENT,581.0564575195312,609.5499877929688,621.3250122070312,605.9249877929688,619.4749755859375,497360
2020-12-07,PERSISTENT,581.3900756835938,609.9000244140625,613.7999877929688,604.375,610.0,174894
2020-12-08,PERSISTENT,572.3341674804688,600.4000244140625,612.5,594.0,612.5,194664
2020-12-09,PERSISTENT,574.4075927734375,602.5750122070312,605.0,592.5,592.5,294876
2020-12-10,PERSISTENT,589.2544555664062,618.1500244140625,620.0,601.0,606.0,187014
2020-12-11,PERSISTENT,626.3359985351562,657.0499877929688,662.4249877929688,618.0,618.1500244140625,612424
2020-12-14,PERSISTENT,611.9656982421875,641.9749755859375,671.9749755859375,636.0999755859375,660.0,237766
2020-12-15,PERSISTENT,622.1895141601562,652.7000122070312,661.0,629.625,642.0,279808
2020-12-16,PERSISTENT,622.2847900390625,652.7999877929688,662.5,644.7750244140625,652.7000122070312,144640
2020-12-17,PERSISTENT,621.8557739257812,652.3499755859375,658.5999755859375,643.0,658.0999755859375,103370
2020-12-18,PERSISTENT,622.6898193359375,653.2249755859375,671.5,646.0250244140625,661.5,385912
2020-12-21,PERSISTENT,624.2865600585938,654.9000244140625,670.0,644.25,653.2249755859375,516672
2020-12-22,PERSISTENT,656.363525390625,688.5499877929688,699.5,625.0,650.0,355988
2020-12-23,PERSISTENT,693.2306518554688,727.2249755859375,734.4249877929688,696.5250244140625,697.5,1089322
2020-12-24,PERSISTENT,690.847412109375,724.7249755859375,736.0,707.7000122070312,727.5,290488
2020-12-28,PERSISTENT,702.0006103515625,736.4249877929688,750.0,725.0250244140625,736.5,264724
2020-12-29,PERSISTENT,710.1986083984375,745.0250244140625,760.9249877929688,727.5,740.0,388666
2020-12-30,PERSISTENT,730.3838500976562,766.2000122070312,769.5,732.5250244140625,732.5250244140625,573430
2020-12-31,PERSISTENT,723.115234375,758.5750122070312,774.5,750.0,765.5,189944
2021-01-01,PERSISTENT,713.7734375,748.7750244140625,767.0,738.9000244140625,755.0,365382
2021-01-04,PERSISTENT,724.3782958984375,759.9000244140625,762.5,744.0499877929688,752.5,373966
2021-01-05,PERSISTENT,738.9869384765625,775.2249755859375,787.5,756.0,767.0,668318
2021-01-06,PERSISTENT,734.4114379882812,770.4249877929688,799.5,756.3250122070312,789.6500244140625,298186
2021-01-07,PERSISTENT,724.5689086914062,760.0999755859375,779.9749755859375,755.5,779.9749755859375,522426
2021-01-08,PERSISTENT,748.73388671875,785.4500122070312,790.0,762.5999755859375,766.5,381912
2021-01-11,PERSISTENT,768.656982421875,806.3499755859375,824.5,786.6749877929688,797.5,649804
2021-01-12,PERSISTENT,775.4489135742188,813.4749755859375,816.3499755859375,796.375,815.0,264224
2021-01-13,PERSISTENT,784.5763549804688,823.0499877929688,832.7999877929688,803.0999755859375,815.0,810750
2021-01-14,PERSISTENT,797.2784423828125,836.375,840.5,805.5999755859375,830.0,406306
2021-01-15,PERSISTENT,776.4738159179688,814.5499877929688,850.0,804.5750122070312,850.0,453690
2021-01-18,PERSISTENT,759.0052490234375,796.2249755859375,817.1500244140625,775.2750244140625,814.5499877929688,254654
2021-01-19,PERSISTENT,752.2372436523438,789.125,810.0,777.7249755859375,799.7000122070312,174526
2021-01-20,PERSISTENT,778.5708618164062,816.75,829.0,790.9749755859375,796.75,305752
2021-01-21,PERSISTENT,761.6029663085938,798.9500122070312,824.8499755859375,786.0,820.4500122070312,239956
2021-01-22,PERSISTENT,735.9127197265625,772.0,798.4749755859375,751.875,793.25,294128
2021-01-25,PERSISTENT,733.5296630859375,769.5,792.5,745.5,782.5,160164
2021-01-27,PERSISTENT,721.5423583984375,756.9249877929688,768.0499877929688,753.0250244140625,765.0,226288
2021-01-28,PERSISTENT,714.5836181640625,749.625,757.5,743.7249755859375,755.0,174180
2021-01-29,PERSISTENT,726.499267578125,762.125,779.0,741.125,779.0,635876
2021-02-01,PERSISTENT,737.1757202148438,773.3250122070312,782.5,752.9749755859375,766.0250244140625,169816
2021-02-02,PERSISTENT,749.2821655273438,786.0250244140625,800.7999877929688,781.625,782.2000122070312,205172
2021-02-03,PERSISTENT,789.9860229492188,828.7249755859375,854.625,768.9000244140625,789.9749755859375,513580
2021-02-04,PERSISTENT,807.4545288085938,847.0499877929688,869.5,815.0250244140625,837.4500122070312,999738
2021-02-05,PERSISTENT,810.5048217773438,850.25,862.5,830.0,847.5,379726
2021-02-08,PERSISTENT,845.8944091796875,887.375,890.0,850.5999755859375,857.0,386180
2021-02-09,PERSISTENT,820.4563598632812,853.9000244140625,899.5,845.5,889.8499755859375,226314
2021-02-10,PERSISTENT,851.5634155273438,886.2750244140625,889.0,855.0,861.2999877929688,194298
2021-02-11,PERSISTENT,846.2789306640625,880.7750244140625,925.0,867.75,886.2750244140625,561834
2021-02-12,PERSISTENT,862.1806640625,897.3250122070312,900.75,883.0250244140625,886.5,144466
2021-02-15,PERSISTENT,858.7697143554688,893.7750244140625,910.2999877929688,890.0,902.0,122186
2021-02-16,PERSISTENT,835.3973388671875,869.4500122070312,898.9249877929688,865.5250244140625,895.0,99108
2021-02-17,PERSISTENT,821.2010498046875,854.6749877929688,878.4500122070312,847.5,872.2000122070312,187142
2021-02-18,PERSISTENT,811.544677734375,844.625,868.6749877929688,835.7249755859375,856.5,213414
2021-02-19,PERSISTENT,803.3534545898438,836.0999755859375,849.7249755859375,830.5,841.0,226762
2021-02-22,PERSISTENT,794.20166015625,826.5750122070312,839.75,815.5,831.0,135046
2021-02-23,PERSISTENT,793.5289306640625,825.875,856.4749755859375,811.4249877929688,829.5,278676
2021-02-24,PERSISTENT,798.6934814453125,831.25,843.9749755859375,815.5,837.5,156922
2021-02-25,PERSISTENT,789.8536987304688,822.0499877929688,837.2249755859375,806.625,835.6500244140625,515242
2021-02-26,PERSISTENT,795.8350219726562,828.2750244140625,844.4500122070312,797.5,803.0,214522
2021-03-01,PERSISTENT,810.5357666015625,843.5750122070312,852.1749877929688,820.5250244140625,840.0,306616
2021-03-02,PERSISTENT,820.7446899414062,854.2000122070312,866.25,828.1749877929688,849.9249877929688,391140
2021-03-03,PERSISTENT,812.649658203125,845.7750244140625,864.4749755859375,841.5,864.4749755859375,376286
2021-03-04,PERSISTENT,811.9769287109375,845.0750122070312,848.0999755859375,830.5750122070312,838.9500122070312,400364
2021-03-05,PERSISTENT,808.9503173828125,841.9249877929688,844.4249877929688,834.7750244140625,844.4249877929688,156524
2021-03-08,PERSISTENT,817.1654663085938,850.4749755859375,858.7249755859375,840.0250244140625,841.5,210252
2021-03-09,PERSISTENT,820.5044555664062,853.9500122070312,862.0,847.7999877929688,851.25,125194
2021-03-10,PERSISTENT,861.48388671875,896.5999755859375,909.75,848.75,863.0,779992
2021-03-12,PERSISTENT,856.4155883789062,891.3250122070312,922.0,881.5,906.9500122070312,321060
2021-03-15,PERSISTENT,850.3142700195312,884.9749755859375,896.2999877929688,867.0250244140625,890.0,139550
2021-03-16,PERSISTENT,908.9013061523438,945.9500122070312,960.0,876.0,885.0,664300
2021-03-17,PERSISTENT,877.5060424804688,913.2750244140625,954.9749755859375,905.0,949.4249877929688,239350
2021-03-18,PERSISTENT,888.1231689453125,924.3250122070312,948.0,906.625,925.0,229258
2021-03-19,PERSISTENT,933.066162109375,971.0999755859375,984.5,896.25,907.625,640582
2021-03-22,PERSISTENT,943.3950805664062,981.8499755859375,998.5,950.8250122070312,998.5,270310
2021-03-23,PERSISTENT,929.847412109375,967.75,990.0999755859375,945.4000244140625,982.625,368678
2021-03-24,PERSISTENT,910.0541381835938,947.1500244140625,967.5,925.6749877929688,967.0,280622
2021-03-25,PERSISTENT,866.960693359375,902.2999877929688,962.5,880.5250244140625,954.9749755859375,241726
2021-03-26,PERSISTENT,875.1519165039062,910.8250122070312,916.4749755859375,885.125,907.4749755859375,248752
2021-03-30,PERSISTENT,923.6500854492188,961.2999877929688,970.0,911.3250122070312,913.7999877929688,281422
2021-03-31,PERSISTENT,923.3858642578125,961.0250244140625,968.0,943.625,957.5,337782
2021-04-01,PERSISTENT,938.3748168945312,976.625,989.0,960.9500122070312,964.5,276310
2021-04-05,PERSISTENT,941.041259765625,979.4000244140625,993.2000122070312,955.3499755859375,976.5,311204
2021-04-06,PERSISTENT,930.9523315429688,968.9000244140625,995.7249755859375,957.0250244140625,979.4000244140625,267416
2021-04-07,PERSISTENT,942.6505126953125,981.0750122070312,982.9249877929688,953.0250244140625,967.4749755859375,542528
2021-04-08,PERSISTENT,966.9837036132812,1006.4000244140625,1011.8250122070312,987.625,991.4249877929688,568666
2021-04-09,PERSISTENT,997.826416015625,1038.5,1049.5,1001.0250244140625,1005.0,611680
2021-04-12,PERSISTENT,971.811767578125,1011.4249877929688,1022.0,982.0,1022.0,384100
2021-04-13,PERSISTENT,934.0750732421875,972.1500244140625,1027.5,959.2000122070312,1012.5,273508
2021-04-15,PERSISTENT,939.4556274414062,977.75,984.0,942.9749755859375,965.0499877929688,502850
2021-04-16,PERSISTENT,942.434326171875,980.8499755859375,994.4749755859375,970.6500244140625,977.75,245626
2021-04-19,PERSISTENT,927.6854858398438,965.5,977.9749755859375,938.5,965.0,124922
2021-04-20,PERSISTENT,916.0111694335938,953.3499755859375,985.2999877929688,945.4749755859375,985.2999877929688,133030
2021-04-22,PERSISTENT,900.0856323242188,936.7750244140625,960.3250122070312,928.7999877929688,950.0,245450
2021-04-23,PERSISTENT,900.7821044921875,937.5,961.9749755859375,930.0,936.7750244140625,85064
2021-04-26,PERSISTENT,929.8955078125,967.7999877929688,970.7249755859375,931.2750244140625,938.5,121764
2021-04-27,PERSISTENT,937.5820922851562,975.7999877929688,1001.7999877929688,958.75,976.5,317218
2021-04-28,PERSISTENT,942.02587890625,980.4249877929688,992.5,962.5250244140625,990.0,96222
2021-04-29,PERSISTENT,962.035400390625,1001.25,1007.4749755859375,963.0,995.0,515630
2021-04-30,PERSISTENT,979.2343139648438,1019.1500244140625,1092.449951171875,1011.2999877929688,1025.0,2095778
2021-05-03,PERSISTENT,1032.992919921875,1075.0999755859375,1120.0,993.2249755859375,1000.0,1512680
2021-05-04,PERSISTENT,1058.2628173828125,1101.4000244140625,1120.0,1081.375,1100.0,445716
2021-05-05,PERSISTENT,1082.355712890625,1126.4749755859375,1147.4749755859375,1090.675048828125,1101.5999755859375,579514
2021-05-06,PERSISTENT,1057.5421142578125,1100.6500244140625,1131.75,1091.0999755859375,1125.0,449704
2021-05-07,PERSISTENT,1085.1182861328125,1129.3499755859375,1134.0,1091.7750244140625,1104.5,602316
2021-05-10,PERSISTENT,1108.0101318359375,1153.175048828125,1161.8499755859375,1125.199951171875,1140.0,574324
2021-05-11,PERSISTENT,1109.1630859375,1154.375,1170.4749755859375,1052.800048828125,1140.0,264870
2021-05-12,PERSISTENT,1062.9468994140625,1106.2750244140625,1169.0,1086.675048828125,1159.0,300886
2021-05-14,PERSISTENT,1094.6063232421875,1139.2249755859375,1153.5,1091.949951171875,1114.0,343398
2021-05-17,PERSISTENT,1155.114990234375,1202.199951171875,1212.0,1130.0,1155.0,591850
2021-05-18,PERSISTENT,1120.0443115234375,1165.699951171875,1211.5,1155.7750244140625,1208.5,302770
2021-05-19,PERSISTENT,1157.060791015625,1204.2249755859375,1221.125,1165.4000244140625,1166.5,352790
2021-05-20,PERSISTENT,1120.6929931640625,1166.375,1211.9000244140625,1154.75,1203.5,212554
2021-05-21,PERSISTENT,1147.8126220703125,1194.5999755859375,1203.9000244140625,1166.0,1177.5,300198
2021-05-24,PERSISTENT,1167.0052490234375,1214.574951171875,1230.0,1177.300048828125,1195.050048828125,344528
2021-05-25,PERSISTENT,1200.730712890625,1249.675048828125,1255.0,1217.5,1225.074951171875,386170
2021-05-26,PERSISTENT,1208.2490234375,1257.5,1273.3499755859375,1232.125,1255.0,314232
2021-05-27,PERSISTENT,1214.5185546875,1264.0250244140625,1284.0,1237.5250244140625,1265.0,438362
2021-05-28,PERSISTENT,1192.53955078125,1241.1500244140625,1277.4749755859375,1230.0,1272.0,175588
2021-05-31,PERSISTENT,1221.6767578125,1271.4749755859375,1277.5,1229.300048828125,1256.5,434682
2021-06-01,PERSISTENT,1198.2086181640625,1247.050048828125,1280.0,1240.5250244140625,1271.5,199968
2021-06-02,PERSISTENT,1190.305419921875,1238.824951171875,1256.5,1230.699951171875,1254.7249755859375,261182
2021-06-03,PERSISTENT,1159.030517578125,1206.2750244140625,1256.0,1197.5,1249.0,269148
2021-06-04,PERSISTENT,1182.9312744140625,1231.1500244140625,1235.0,1202.050048828125,1206.0,230686
2021-06-07,PERSISTENT,1182.402587890625,1230.5999755859375,1245.0,1220.0,1233.0,191766
2021-06-08,PERSISTENT,1207.288330078125,1256.5,1269.625,1225.9749755859375,1231.449951171875,257480
2021-06-09,PERSISTENT,1195.325927734375,1244.050048828125,1277.5,1230.4000244140625,1275.0,196872
2021-06-10,PERSISTENT,1210.0269775390625,1259.3499755859375,1266.6500244140625,1246.300048828125,1258.0,223344
2021-06-11,PERSISTENT,1210.7713623046875,1260.125,1274.425048828125,1240.0,1266.5,440100
2021-06-14,PERSISTENT,1212.7890625,1262.2249755859375,1277.0,1240.0,1255.0,256578
2021-06-15,PERSISTENT,1221.3167724609375,1271.0999755859375,1278.0,1260.0,1263.3499755859375,232052
2021-06-16,PERSISTENT,1214.4227294921875,1263.925048828125,1293.5,1255.675048828125,1270.0,275836
2021-06-17,PERSISTENT,1227.874267578125,1277.925048828125,1287.300048828125,1256.4000244140625,1262.449951171875,266752
2021-06-18,PERSISTENT,1220.2596435546875,1270.0,1293.449951171875,1252.5,1287.5,436562
2021-06-21,PERSISTENT,1232.4381103515625,1282.675048828125,1289.0,1247.5250244140625,1249.9749755859375,120962
2021-06-22,PERSISTENT,1240.5572509765625,1291.125,1317.0,1277.2249755859375,1285.0,194684
2021-06-23,PERSISTENT,1230.13232421875,1280.2750244140625,1309.5999755859375,1270.0,1299.9749755859375,174800
2021-06-24,PERSISTENT,1237.1461181640625,1287.574951171875,1302.0,1272.875,1279.0,180794
2021-06-25,PERSISTENT,1259.1973876953125,1310.5250244140625,1328.8499755859375,1292.5,1299.5,209290
2021-06-28,PERSISTENT,1298.207275390625,1351.125,1369.6500244140625,1314.125,1326.5,454450
2021-06-29,PERSISTENT,1351.173095703125,1406.25,1424.9749755859375,1353.949951171875,1353.949951171875,612878
2021-06-30,PERSISTENT,1411.8739013671875,1469.425048828125,1494.0,1413.9000244140625,1422.449951171875,1428960
2021-07-01,PERSISTENT,1422.226806640625,1480.199951171875,1508.050048828125,1463.5,1485.300048828125,607786
2021-07-02,PERSISTENT,1407.382080078125,1464.75,1498.4749755859375,1452.5,1481.0,286220
2021-07-05,PERSISTENT,1394.987060546875,1451.8499755859375,1479.5,1446.4749755859375,1479.5,172412
2021-07-06,PERSISTENT,1399.743408203125,1456.800048828125,1487.5,1450.0,1450.0,151700
2021-07-07,PERSISTENT,1351.365478515625,1406.449951171875,1469.5,1388.5,1457.550048828125,495012
2021-07-08,PERSISTENT,1344.7119140625,1399.5250244140625,1440.0,1392.6500244140625,1415.949951171875,270334
2021-07-09,PERSISTENT,1333.20556640625,1387.550048828125,1418.324951171875,1373.050048828125,1400.0,390316
2021-07-12,PERSISTENT,1332.749267578125,1387.074951171875,1414.0,1370.2750244140625,1400.0,198260
2021-07-13,PERSISTENT,1326.490234375,1377.574951171875,1397.2249755859375,1362.5250244140625,1390.0,333574
2021-07-14,PERSISTENT,1341.65625,1393.324951171875,1407.449951171875,1377.5999755859375,1377.5999755859375,578864
2021-07-15,PERSISTENT,1370.1103515625,1422.875,1439.0,1404.2750244140625,1407.449951171875,649056
2021-07-16,PERSISTENT,1368.160400390625,1420.8499755859375,1447.5,1405.5,1445.0,290896
2021-07-19,PERSISTENT,1358.21826171875,1410.5250244140625,1422.875,1396.5,1419.6500244140625,210786
2021-07-20,PERSISTENT,1350.8037109375,1402.824951171875,1427.125,1392.5,1410.5250244140625,241522
2021-07-22,PERSISTENT,1361.853271484375,1414.300048828125,1436.1500244140625,1406.574951171875,1410.0,483150
2021-07-23,PERSISTENT,1463.224365234375,1519.574951171875,1565.0,1462.5,1530.0,3675686
2021-07-26,PERSISTENT,1564.8603515625,1625.125,1649.0,1486.824951171875,1518.4749755859375,2066392
2021-07-27,PERSISTENT,1522.9012451171875,1581.550048828125,1623.5,1568.5,1623.5,707344
2021-07-28,PERSISTENT,1491.5582275390625,1549.0,1591.0250244140625,1540.425048828125,1580.0,422818
2021-07-29,PERSISTENT,1503.5946044921875,1561.5,1589.425048828125,1545.0,1562.5,313408
2021-07-30,PERSISTENT,1513.320068359375,1571.5999755859375,1599.0,1544.449951171875,1573.5,304536
2021-08-02,PERSISTENT,1510.4073486328125,1568.574951171875,1596.050048828125,1556.625,1587.425048828125,155992
2021-08-03,PERSISTENT,1475.9591064453125,1532.800048828125,1583.9749755859375,1517.6500244140625,1582.0,245000
2021-08-04,PERSISTENT,1472.6129150390625,1529.324951171875,1558.7750244140625,1490.949951171875,1543.5,810660
2021-08-05,PERSISTENT,1485.29931640625,1542.5,1589.9749755859375,1527.675048828125,1541.5,915082
2021-08-06,PERSISTENT,1501.3800048828125,1559.199951171875,1572.5,1551.1500244140625,1551.7249755859375,455188
2021-08-09,PERSISTENT,1507.229736328125,1565.2750244140625,1579.550048828125,1557.699951171875,1569.25,356204
2021-08-10,PERSISTENT,1521.673583984375,1580.2750244140625,1597.5,1563.625,1570.5,602514
2021-08-11,PERSISTENT,1490.378662109375,1547.7750244140625,1592.925048828125,1542.5,1583.5,575418
2021-08-12,PERSISTENT,1524.9954833984375,1583.7249755859375,1589.0,1549.324951171875,1555.5250244140625,259504
2021-08-13,PERSISTENT,1504.2928466796875,1562.2249755859375,1594.0,1550.5,1591.6500244140625,287386
2021-08-16,PERSISTENT,1499.2374267578125,1556.9749755859375,1580.0,1530.7249755859375,1570.0,353788
2021-08-17,PERSISTENT,1546.396240234375,1605.949951171875,1634.0,1557.5250244140625,1557.5250244140625,1026918
2021-08-18,PERSISTENT,1547.6240234375,1607.2249755859375,1627.5,1600.0,1619.0250244140625,414474
2021-08-20,PERSISTENT,1531.8563232421875,1590.8499755859375,1624.0,1576.0999755859375,1624.0,433050
2021-08-23,PERSISTENT,1547.599853515625,1607.199951171875,1612.5,1581.0,1591.0,447412
2021-08-24,PERSISTENT,1547.9852294921875,1607.5999755859375,1643.4749755859375,1595.0,1604.0,550334
2021-08-25,PERSISTENT,1553.353515625,1613.175048828125,1637.5,1602.7750244140625,1617.0,406620
2021-08-26,PERSISTENT,1547.576171875,1607.175048828125,1622.199951171875,1590.0,1618.5,267792
2021-08-27,PERSISTENT,1566.425048828125,1626.75,1632.5,1596.2249755859375,1607.175048828125,405546
2021-08-30,PERSISTENT,1600.0550537109375,1661.675048828125,1668.7750244140625,1635.0,1635.0,726446
2021-08-31,PERSISTENT,1599.4290771484375,1661.0250244140625,1679.425048828125,1645.0,1668.7750244140625,405876
2021-09-01,PERSISTENT,1604.72509765625,1666.5250244140625,1732.5,1655.0,1685.0,597098
2021-09-02,PERSISTENT,1628.7498779296875,1691.4749755859375,1707.5,1660.5,1675.5,293988
2021-09-03,PERSISTENT,1656.8671875,1720.675048828125,1732.5,1685.5,1700.0,822686
2021-09-06,PERSISTENT,1700.3668212890625,1765.8499755859375,1775.0,1717.824951171875,1734.0,609896
2021-09-07,PERSISTENT,1691.8690185546875,1757.0250244140625,1789.0,1746.0,1775.0,404206
2021-09-08,PERSISTENT,1667.1943359375,1731.4000244140625,1767.5,1726.0,1761.0,338078
2021-09-09,PERSISTENT,1682.9378662109375,1747.75,1762.5,1732.550048828125,1732.9749755859375,258832
2021-09-13,PERSISTENT,1727.328369140625,1793.8499755859375,1825.0,1752.875,1752.875,538688
2021-09-14,PERSISTENT,1727.2803955078125,1793.800048828125,1815.2750244140625,1785.0,1805.4749755859375,344584
2021-09-15,PERSISTENT,1759.104736328125,1826.8499755859375,1841.9000244140625,1796.0,1803.5,594994
2021-09-16,PERSISTENT,1779.1815185546875,1847.699951171875,1853.5,1827.175048828125,1837.199951171875,281598
2021-09-17,PERSISTENT,1703.39990234375,1769.0,1879.4000244140625,1762.6500244140625,1859.0,570960
2021-09-20,PERSISTENT,1700.43896484375,1765.925048828125,1809.5,1755.0,1771.949951171875,515502
2021-09-21,PERSISTENT,1723.7899169921875,1790.175048828125,1810.0,1760.0,1766.0,414466
2021-09-22,PERSISTENT,1789.6051025390625,1858.5250244140625,1905.0,1800.0250244140625,1802.5,735746
2021-09-23,PERSISTENT,1816.061279296875,1886.0,1919.375,1865.5,1874.925048828125,349178
2021-09-24,PERSISTENT,1807.587646484375,1877.199951171875,1916.5,1862.7249755859375,1912.5,493842
2021-09-27,PERSISTENT,1737.0057373046875,1803.9000244140625,1899.4749755859375,1792.5,1885.6500244140625,358474
2021-09-28,PERSISTENT,1690.6173095703125,1755.7249755859375,1819.6500244140625,1720.2249755859375,1819.6500244140625,715810
2021-09-29,PERSISTENT,1705.68701171875,1771.375,1787.5,1714.699951171875,1749.5,558432
2021-09-30,PERSISTENT,1789.244140625,1858.1500244140625,1881.5250244140625,1815.5,1815.5,757602
2021-10-01,PERSISTENT,1754.073486328125,1821.625,1879.949951171875,1802.5,1855.1500244140625,641992
2021-10-04,PERSISTENT,1788.281005859375,1857.1500244140625,1862.6500244140625,1824.9749755859375,1835.0,658814
2021-10-05,PERSISTENT,1805.974609375,1875.5250244140625,1895.0,1800.0,1856.5,713308
2021-10-06,PERSISTENT,1791.699462890625,1860.699951171875,1896.4749755859375,1850.300048828125,1889.5,211844
2021-10-07,PERSISTENT,1835.2476806640625,1905.925048828125,1911.0,1867.0,1887.449951171875,550172
2021-10-08,PERSISTENT,1931.85205078125,2006.25,2034.4749755859375,1910.5,1910.5,1577146
2021-10-11,PERSISTENT,1900.581298828125,1973.7750244140625,2025.0,1950.5250244140625,2019.9749755859375,460282
2021-10-12,PERSISTENT,1873.3790283203125,1945.5250244140625,1997.425048828125,1937.5250244140625,1975.0,387714
2021-10-13,PERSISTENT,1926.9652099609375,2001.175048828125,2013.699951171875,1938.0,1960.0,484052
2021-10-14,PERSISTENT,2027.9029541015625,2106.0,2145.0,2046.7249755859375,2047.5,1311418
2021-10-18,PERSISTENT,1987.701416015625,2064.25,2143.625,2050.5,2125.0,497360
2021-10-19,PERSISTENT,2018.249755859375,2095.97509765625,2195.0,2050.574951171875,2074.199951171875,1417784
2021-10-20,PERSISTENT,2034.306396484375,2112.64990234375,2142.0,1980.5999755859375,2099.5,726160
2021-10-21,PERSISTENT,1943.5274658203125,2018.375,2121.97509765625,1995.0,2112.64990234375,862254
2021-10-22,PERSISTENT,1864.1590576171875,1935.949951171875,2045.0,1836.3499755859375,2022.449951171875,1495080
2021-10-25,PERSISTENT,1906.430908203125,1979.8499755859375,2037.324951171875,1836.6500244140625,1953.0,1020768
2021-10-26,PERSISTENT,1891.9149169921875,1964.7750244140625,2040.0,1920.5,1979.8499755859375,738320
2021-10-27,PERSISTENT,1944.1531982421875,2019.0250244140625,2082.5,1977.824951171875,2050.0,1723522
2021-10-28,PERSISTENT,1920.296875,1994.25,2050.0,1978.5,2027.5,752792
2021-10-29,PERSISTENT,1889.098388671875,1961.8499755859375,2018.9749755859375,1950.5,1999.0,417422
2021-11-01,PERSISTENT,1950.3399658203125,2025.449951171875,2049.300048828125,1930.0999755859375,1977.1500244140625,445980
2021-11-02,PERSISTENT,1960.6431884765625,2036.1500244140625,2063.22509765625,2019.0250244140625,2025.449951171875,342076
2021-11-03,PERSISTENT,1927.278076171875,2001.5,2041.5,1992.5999755859375,2041.5,133602
2021-11-04,PERSISTENT,1949.59375,2024.675048828125,2035.4749755859375,2004.9749755859375,2024.75,53084
2021-11-08,PERSISTENT,1975.95361328125,2052.050048828125,2060.0,1996.6500244140625,2030.5,609484
2021-11-09,PERSISTENT,1991.96240234375,2068.675048828125,2087.5,2045.2249755859375,2061.0,377424
2021-11-10,PERSISTENT,2000.07470703125,2077.10009765625,2099.5,2050.0,2065.75,255868
2021-11-11,PERSISTENT,1988.68798828125,2065.27490234375,2084.324951171875,2050.0,2077.10009765625,179188
2021-11-12,PERSISTENT,1996.583984375,2073.47509765625,2090.0,2057.5,2072.125,406404
2021-11-15,PERSISTENT,2049.014892578125,2127.925048828125,2137.35009765625,2071.0,2077.5,524832
2021-11-16,PERSISTENT,2070.848876953125,2150.60009765625,2159.5,2122.5,2130.02490234375,593044
2021-11-17,PERSISTENT,2078.191162109375,2158.22509765625,2170.35009765625,2135.0,2150.0,360424
2021-11-18,PERSISTENT,2003.5653076171875,2080.72509765625,2219.925048828125,2052.699951171875,2174.0,944192
2021-11-22,PERSISTENT,1975.1109619140625,2051.175048828125,2080.72509765625,1977.5250244140625,2080.72509765625,431778
2021-11-23,PERSISTENT,2011.4130859375,2088.875,2102.47509765625,2000.0,2039.324951171875,298572
2021-11-24,PERSISTENT,1977.4461669921875,2053.60009765625,2099.97509765625,2035.25,2088.449951171875,318870
2021-11-25,PERSISTENT,1956.7916259765625,2032.1500244140625,2067.0,2020.0250244140625,2067.0,458902
2021-11-26,PERSISTENT,1882.069091796875,1954.550048828125,2050.0,1943.7249755859375,2030.0,298778
2021-11-29,PERSISTENT,1931.7315673828125,2006.125,2018.75,1875.0,1900.0,472990
2021-11-30,PERSISTENT,1992.6602783203125,2069.39990234375,2129.5,2015.0,2026.175048828125,983242
2021-12-01,PERSISTENT,2025.47119140625,2103.47509765625,2112.5,2055.0,2070.0,348362
2021-12-02,PERSISTENT,2114.8544921875,2196.300048828125,2215.050048828125,2100.300048828125,2105.02490234375,980888
2021-12-03,PERSISTENT,2087.724365234375,2168.125,2217.39990234375,2157.85009765625,2208.375,549884
2021-12-06,PERSISTENT,2041.721435546875,2120.35009765625,2173.22509765625,2112.52490234375,2168.125,280808
2021-12-07,PERSISTENT,2010.7386474609375,2088.175048828125,2149.14990234375,2065.14990234375,2133.5,410144
2021-12-08,PERSISTENT,2063.93994140625,2143.425048828125,2189.39990234375,2104.050048828125,2107.0,720126
2021-12-09,PERSISTENT,2088.63916015625,2169.074951171875,2177.22509765625,2140.5,2163.125,440200
2021-12-10,PERSISTENT,2088.373779296875,2168.800048828125,2179.449951171875,2145.0,2167.574951171875,237402
2021-12-13,PERSISTENT,2124.676025390625,2206.5,2275.0,2179.5,2180.0,1099526
2021-12-14,PERSISTENT,2122.220458984375,2203.949951171875,2229.75,2162.64990234375,2224.0,665102
2021-12-15,PERSISTENT,2110.448974609375,2191.72509765625,2225.0,2167.5,2210.0,393188
2021-12-16,PERSISTENT,2168.344482421875,2251.85009765625,2280.0,2200.0,2200.0,766050
2021-12-17,PERSISTENT,2234.039306640625,2320.074951171875,2376.050048828125,2275.52490234375,2280.0,2636644
2021-12-20,PERSISTENT,2126.866455078125,2208.77490234375,2335.0,2176.14990234375,2335.0,896152
2021-12-21,PERSISTENT,2133.005126953125,2215.14990234375,2278.47509765625,2192.52490234375,2249.89990234375,1293550
2021-12-22,PERSISTENT,2185.628662109375,2269.800048828125,2289.75,2216.25,2223.5,626316
2021-12-23,PERSISTENT,2229.00830078125,2314.85009765625,2339.0,2260.02490234375,2285.0,541704
2021-12-24,PERSISTENT,2223.39892578125,2309.02490234375,2394.39990234375,2301.25,2345.5,730208
2021-12-27,PERSISTENT,2225.5654296875,2311.27490234375,2319.925048828125,2267.425048828125,2311.5,375820
2021-12-28,PERSISTENT,2237.3857421875,2323.550048828125,2340.0,2308.02490234375,2325.0,291444
2021-12-29,PERSISTENT,2237.939453125,2324.125,2341.97509765625,2308.22509765625,2322.5,316224
2021-12-30,PERSISTENT,2316.10400390625,2405.300048828125,2430.0,2316.550048828125,2330.949951171875,977934
2021-12-31,PERSISTENT,2361.24072265625,2452.175048828125,2462.5,2400.5,2429.35009765625,698628
2022-01-03,PERSISTENT,2345.71337890625,2436.050048828125,2493.75,2400.25,2470.0,606706
2022-01-04,PERSISTENT,2328.42919921875,2418.10009765625,2452.47509765625,2407.52490234375,2440.0,364328
2022-01-05,PERSISTENT,2252.720458984375,2339.47509765625,2418.949951171875,2335.824951171875,2418.52490234375,739942
2022-01-06,PERSISTENT,2183.0048828125,2267.074951171875,2300.5,2251.050048828125,2300.5,893358
2022-01-07,PERSISTENT,2188.277099609375,2272.550048828125,2289.949951171875,2255.14990234375,2279.5,446256
2022-01-10,PERSISTENT,2163.601806640625,2246.925048828125,2298.300048828125,2227.5,2284.5,688840
2022-01-11,PERSISTENT,2162.687255859375,2245.97509765625,2269.72509765625,2238.050048828125,2250.0,359116
2022-01-12,PERSISTENT,2159.58203125,2242.75,2269.0,2237.5,2269.0,557828
2022-01-13,PERSISTENT,2175.39794921875,2259.175048828125,2271.35009765625,2213.02490234375,2257.0,475882
2022-01-14,PERSISTENT,2140.34765625,2222.77490234375,2264.97509765625,2212.625,2264.97509765625,374448
2022-01-17,PERSISTENT,2107.7529296875,2188.925048828125,2215.925048828125,2164.39990234375,2207.47509765625,658630
2022-01-18,PERSISTENT,2093.86279296875,2174.5,2230.0,2154.625,2176.050048828125,546856
2022-01-19,PERSISTENT,2054.50341796875,2133.625,2163.25,2095.699951171875,2150.074951171875,640300
2022-01-20,PERSISTENT,2044.609619140625,2123.35009765625,2185.800048828125,2091.449951171875,2135.0,775322
2022-01-21,PERSISTENT,2071.0419921875,2150.800048828125,2249.72509765625,2123.0,2128.5,1894132
2022-01-24,PERSISTENT,1957.6822509765625,2033.074951171875,2179.125,2010.0,2141.0,1060836
2022-01-25,PERSISTENT,1995.187744140625,2072.02490234375,2100.425048828125,1900.0250244140625,2030.0,934114
2022-01-27,PERSISTENT,1967.49072265625,2033.4000244140625,2080.02490234375,1996.800048828125,2067.47509765625,1173746
2022-01-28,PERSISTENT,2074.02197265625,2143.5,2180.125,2038.9000244140625,2050.0,918400
2022-01-31,PERSISTENT,2128.7392578125,2200.050048828125,2219.39990234375,2145.0,2190.52490234375,595884
2022-02-01,PERSISTENT,2175.4736328125,2248.35009765625,2271.02490234375,2196.625,2230.5,685796
2022-02-02,PERSISTENT,2146.179931640625,2218.074951171875,2267.0,2196.550048828125,2261.0,469574
2022-02-03,PERSISTENT,2100.94482421875,2171.324951171875,2215.0,2160.0,2215.0,257468
2022-02-04,PERSISTENT,2078.4970703125,2148.125,2171.47509765625,2118.02490234375,2163.125,229210
2022-02-07,PERSISTENT,2047.752197265625,2116.35009765625,2158.25,2101.5,2153.5,227136
2022-02-08,PERSISTENT,2014.224853515625,2081.699951171875,2137.0,2070.0,2118.5,252002
2022-02-09,PERSISTENT,2112.4833984375,2183.25,2196.199951171875,2085.5,2099.199951171875,483280
2022-02-10,PERSISTENT,2134.979736328125,2206.5,2228.050048828125,2161.949951171875,2200.0,517078
2022-02-11,PERSISTENT,2030.1175537109375,2098.125,2169.550048828125,2082.449951171875,2152.5,481266
2022-02-14,PERSISTENT,1908.0325927734375,1971.949951171875,2080.199951171875,1951.0,1985.0,811122
2022-02-15,PERSISTENT,2011.5400390625,2078.925048828125,2087.5,1976.050048828125,1990.0,756284
2022-02-16,PERSISTENT,1945.16357421875,2010.324951171875,2109.824951171875,2000.0,2084.5,465292
2022-02-17,PERSISTENT,1893.1318359375,1956.550048828125,2030.0,1946.2750244140625,2030.0,440096
2022-02-18,PERSISTENT,1866.668212890625,1929.199951171875,1972.050048828125,1919.7750244140625,1935.0,392320
2022-02-21,PERSISTENT,1856.50830078125,1918.699951171875,1985.9749755859375,1859.324951171875,1912.5,808276
2022-02-22,PERSISTENT,1899.8563232421875,1963.5,1974.949951171875,1825.5250244140625,1849.5,650504
2022-02-23,PERSISTENT,1915.652099609375,1979.824951171875,2006.949951171875,1952.7249755859375,1988.7750244140625,553572
2022-02-24,PERSISTENT,1826.8519287109375,1888.050048828125,1959.300048828125,1865.574951171875,1902.5,899934
2022-02-25,PERSISTENT,1874.0457763671875,1936.824951171875,2000.0,1900.0,1925.0,582678
2022-02-28,PERSISTENT,1905.0814208984375,1968.9000244140625,1979.425048828125,1876.0250244140625,1925.0,765496
2022-03-02,PERSISTENT,1879.9241943359375,1942.9000244140625,1989.4749755859375,1937.5,1957.0,430388
2022-03-03,PERSISTENT,1980.093505859375,2046.425048828125,2056.574951171875,1967.5250244140625,1983.5,1009176
2022-03-04,PERSISTENT,1970.103271484375,2036.0999755859375,2079.925048828125,1996.625,2040.0,815010
2022-03-07,PERSISTENT,2005.0814208984375,2072.25,2090.300048828125,1975.0250244140625,1975.0250244140625,579128
2022-03-08,PERSISTENT,2030.0694580078125,2098.074951171875,2110.0,2056.0,2075.0,657538
2022-03-09,PERSISTENT,2050.800048828125,2119.5,2147.5,2078.25,2110.0,534890
2022-03-10,PERSISTENT,2070.41796875,2139.77490234375,2157.77490234375,2090.0,2138.60009765625,356068
2022-03-11,PERSISTENT,2108.685791015625,2179.324951171875,2185.550048828125,2113.5,2130.0,343750
2022-03-14,PERSISTENT,2165.023193359375,2237.550048828125,2248.85009765625,2169.75,2175.52490234375,427208
2022-03-15,PERSISTENT,2093.324951171875,2163.449951171875,2277.5,2145.52490234375,2275.0,1011728
2022-03-16,PERSISTENT,2142.45458984375,2214.22509765625,2232.699951171875,2179.074951171875,2200.0,428738
2022-03-17,PERSISTENT,2169.788818359375,2242.47509765625,2250.02490234375,2212.449951171875,2244.0,1904464
2022-03-21,PERSISTENT,2143.542724609375,2215.35009765625,2321.0,2201.449951171875,2228.64990234375,1091848
2022-03-22,PERSISTENT,2197.29248046875,2270.89990234375,2287.0,2182.125,2216.0,690616
2022-03-23,PERSISTENT,2172.618408203125,2245.39990234375,2284.64990234375,2220.52490234375,2279.0,508864
2022-03-24,PERSISTENT,2244.679931640625,2319.875,2325.0,2225.675048828125,2242.0,674724
2022-03-25,PERSISTENT,2262.193115234375,2337.97509765625,2361.5,2305.0,2332.5,566604
2022-03-28,PERSISTENT,2240.66455078125,2315.72509765625,2347.425048828125,2278.52490234375,2344.949951171875,521584
2022-03-29,PERSISTENT,2301.888427734375,2379.0,2399.5,2317.5,2322.0,823534
2022-03-30,PERSISTENT,2316.015869140625,2393.60009765625,2419.949951171875,2370.074951171875,2387.27490234375,631508
2022-03-31,PERSISTENT,2305.420166015625,2382.64990234375,2437.5,2367.5,2395.0,455058
2022-04-01,PERSISTENT,2284.834716796875,2361.375,2394.949951171875,2337.5,2394.949951171875,738580
2022-04-04,PERSISTENT,2318.095458984375,2395.75,2406.14990234375,2367.5,2367.5,452170
2022-04-05,PERSISTENT,2378.182373046875,2457.85009765625,2477.0,2400.0,2400.0,933252
2022-04-06,PERSISTENT,2358.34765625,2437.35009765625,2474.22509765625,2426.050048828125,2449.5,346008
2022-04-07,PERSISTENT,2276.6826171875,2352.949951171875,2443.39990234375,2344.824951171875,2437.35009765625,514130
2022-04-08,PERSISTENT,2279.10205078125,2355.449951171875,2390.5,2332.550048828125,2385.0,630024
2022-04-11,PERSISTENT,2184.52001953125,2257.699951171875,2350.5,2244.02490234375,2350.0,729670
2022-04-12,PERSISTENT,2120.344970703125,2191.375,2272.449951171875,2165.60009765625,2257.949951171875,579970
2022-04-13,PERSISTENT,2094.80078125,2164.97509765625,2231.89990234375,2151.72509765625,2215.0,410852
2022-04-18,PERSISTENT,2039.3582763671875,2107.675048828125,2164.47509765625,2101.5,2140.0,626892
2022-04-19,PERSISTENT,2019.37744140625,2087.02490234375,2176.25,2062.425048828125,2134.75,542548
2022-04-20,PERSISTENT,1928.2794189453125,1992.875,2128.85009765625,1971.550048828125,2092.5,855724
2022-04-21,PERSISTENT,1940.90625,2005.925048828125,2029.5,1988.0,2017.5,539916
2022-04-22,PERSISTENT,1948.42919921875,2013.699951171875,2070.0,1978.5,1995.0,497956
2022-04-25,PERSISTENT,1938.729248046875,2003.675048828125,2016.0,1975.0,2000.0,575436
2022-04-26,PERSISTENT,1962.7010498046875,2028.449951171875,2049.949951171875,2007.125,2015.5,506064
2022-04-27,PERSISTENT,1972.4012451171875,2038.4749755859375,2062.60009765625,1948.7750244140625,2005.175048828125,411838
2022-04-28,PERSISTENT,2084.495849609375,2154.324951171875,2205.0,2017.5,2145.0,2572826
2022-04-29,PERSISTENT,2090.3017578125,2160.324951171875,2197.199951171875,2140.77490234375,2175.875,746902
2022-05-02,PERSISTENT,2006.4359130859375,2073.64990234375,2155.0,2065.39990234375,2142.5,385044
2022-05-04,PERSISTENT,1989.4063720703125,2056.050048828125,2120.574951171875,2042.625,2074.97509765625,323164
2022-05-05,PERSISTENT,2009.677490234375,2077.0,2091.72509765625,2060.0,2075.0,370518
2022-05-06,PERSISTENT,1964.6846923828125,2030.5,2044.9749755859375,1943.425048828125,2021.5,750036
2022-05-09,PERSISTENT,1931.3756103515625,1996.074951171875,2060.02490234375,1952.0250244140625,2000.0,433040
2022-05-10,PERSISTENT,1911.5640869140625,1975.5999755859375,2040.050048828125,1962.949951171875,1995.0,386650
2022-05-11,PERSISTENT,1856.36328125,1918.550048828125,1996.9000244140625,1868.5250244140625,1992.449951171875,543774
2022-05-12,PERSISTENT,1790.51904296875,1850.5,1923.9749755859375,1837.5250244140625,1899.949951171875,437888
2022-05-13,PERSISTENT,1738.8741455078125,1797.125,1922.5,1783.625,1862.5,643568
2022-05-16,PERSISTENT,1742.9620361328125,1801.3499755859375,1847.4000244140625,1770.0250244140625,1812.449951171875,357324
2022-05-17,PERSISTENT,1802.58984375,1862.9749755859375,1875.0,1811.0,1817.5999755859375,575696
2022-05-18,PERSISTENT,1866.30517578125,1928.824951171875,1962.449951171875,1871.5250244140625,1879.5,1004054
2022-05-19,PERSISTENT,1749.5660400390625,1808.175048828125,1902.0,1796.0250244140625,1870.5,778290
2022-05-20,PERSISTENT,1789.478759765625,1849.425048828125,1859.5,1811.0,1842.0,410966
2022-05-23,PERSISTENT,1831.2789306640625,1892.625,1928.9000244140625,1845.0250244140625,1858.5,400812
2022-05-24,PERSISTENT,1750.2918701171875,1808.925048828125,1908.375,1800.0,1899.9749755859375,282016
2022-05-25,PERSISTENT,1651.2591552734375,1706.574951171875,1822.4749755859375,1640.5,1807.5250244140625,1248284
2022-05-26,PERSISTENT,1666.8131103515625,1722.6500244140625,1750.0,1661.5250244140625,1720.0,682544
2022-05-27,PERSISTENT,1715.627685546875,1773.0999755859375,1811.2249755859375,1725.5,1735.0,650688
2022-05-30,PERSISTENT,1817.9259033203125,1878.824951171875,1897.9749755859375,1802.5,1802.5,1035510
2022-05-31,PERSISTENT,1819.0145263671875,1879.949951171875,1898.949951171875,1853.875,1878.5,420908
2022-06-01,PERSISTENT,1808.9757080078125,1869.574951171875,1913.125,1859.2750244140625,1890.449951171875,593814
2022-06-02,PERSISTENT,1832.391357421875,1893.7750244140625,1902.1500244140625,1846.0250244140625,1857.5,238306
2022-06-03,PERSISTENT,1838.8741455078125,1900.4749755859375,2000.0,1894.300048828125,1913.5,664400
2022-06-06,PERSISTENT,1809.7982177734375,1870.425048828125,1894.5,1854.0250244140625,1880.0,381498
2022-06-07,PERSISTENT,1790.930419921875,1850.925048828125,1872.5,1827.5250244140625,1862.5,295228
2022-06-08,PERSISTENT,1748.5257568359375,1807.0999755859375,1856.9749755859375,1791.0,1830.0,467528
2022-06-09,PERSISTENT,1742.2364501953125,1800.5999755859375,1816.9749755859375,1784.199951171875,1791.0,383052
2022-06-10,PERSISTENT,1690.760986328125,1747.4000244140625,1789.375,1739.375,1789.375,297024
2022-06-13,PERSISTENT,1608.564453125,1662.449951171875,1704.75,1654.5,1691.0,276310
2022-06-14,PERSISTENT,1627.8436279296875,1682.375,1704.4000244140625,1638.5250244140625,1650.0,408054
2022-06-15,PERSISTENT,1646.3243408203125,1701.4749755859375,1712.425048828125,1677.5,1699.949951171875,227884
2022-06-16,PERSISTENT,1571.8203125,1624.4749755859375,1745.0,1615.449951171875,1745.0,529504
2022-06-17,PERSISTENT,1541.9945068359375,1593.6500244140625,1619.449951171875,1553.0,1612.5,697180
2022-06-20,PERSISTENT,1521.4573974609375,1572.425048828125,1608.824951171875,1551.0,1608.824951171875,334672
2022-06-21,PERSISTENT,1602.3719482421875,1656.050048828125,1673.0,1575.0,1599.175048828125,378986
2022-06-22,PERSISTENT,1556.6290283203125,1608.7750244140625,1637.0,1580.25,1635.0250244140625,319370
2022-06-23,PERSISTENT,1629.22265625,1683.800048828125,1702.5,1615.0,1615.0,561620
2022-06-24,PERSISTENT,1577.6741943359375,1630.5250244140625,1722.824951171875,1625.125,1707.949951171875,520784
2022-06-27,PERSISTENT,1672.497802734375,1728.5250244140625,1742.5,1662.5,1679.5,1380306
2022-06-28,PERSISTENT,1704.549072265625,1761.6500244140625,1767.2750244140625,1681.675048828125,1700.0,530098
2022-06-29,PERSISTENT,1694.05078125,1750.800048828125,1762.5,1717.550048828125,1737.5,440632
2022-06-30,PERSISTENT,1645.76806640625,1700.9000244140625,1775.0,1693.0,1761.824951171875,387598
2022-07-01,PERSISTENT,1603.291259765625,1657.0,1711.125,1635.0250244140625,1692.5,468006
2022-07-04,PERSISTENT,1576.73095703125,1629.550048828125,1671.5,1592.5,1662.449951171875,608628
2022-07-05,PERSISTENT,1574.2392578125,1626.9749755859375,1677.5999755859375,1625.0,1634.5,480458
2022-07-06,PERSISTENT,1623.7796630859375,1678.175048828125,1687.1500244140625,1625.5250244140625,1636.1500244140625,415560
2022-07-07,PERSISTENT,1636.1646728515625,1690.9749755859375,1745.550048828125,1680.0,1693.5,593108
2022-07-08,PERSISTENT,1643.8328857421875,1698.9000244140625,1729.675048828125,1686.5,1711.5999755859375,397520
2022-07-11,PERSISTENT,1594.0101318359375,1642.074951171875,1684.0,1615.050048828125,1665.0,494428
2022-07-12,PERSISTENT,1616.3856201171875,1665.125,1684.0,1620.2249755859375,1623.5,447250
2022-07-13,PERSISTENT,1610.731201171875,1659.300048828125,1698.5,1654.125,1670.050048828125,293240
2022-07-14,PERSISTENT,1539.673583984375,1586.0999755859375,1690.0,1559.0250244140625,1690.0,787096
2022-07-15,PERSISTENT,1524.94287109375,1570.925048828125,1615.25,1555.6500244140625,1598.800048828125,555148
2022-07-18,PERSISTENT,1577.774658203125,1625.3499755859375,1629.0,1582.0999755859375,1587.375,928464
2022-07-19,PERSISTENT,1615.317626953125,1664.0250244140625,1671.0,1598.125,1622.4749755859375,800594
2022-07-20,PERSISTENT,1705.83837890625,1757.2750244140625,1770.0,1675.5,1700.0,1145378
2022-07-21,PERSISTENT,1729.3543701171875,1781.5,1805.0,1727.5,1757.5,1073492
2022-07-22,PERSISTENT,1763.2083740234375,1816.375,1873.5,1796.7750244140625,1852.5,2866724
2022-07-25,PERSISTENT,1750.49169921875,1803.2750244140625,1839.449951171875,1790.0,1812.5,1116260
2022-07-26,PERSISTENT,1618.181396484375,1666.9749755859375,1804.9000244140625,1661.0,1804.9000244140625,1396274
2022-07-27,PERSISTENT,1642.15869140625,1691.675048828125,1701.4749755859375,1645.625,1670.0,1082964
2022-07-28,PERSISTENT,1708.629150390625,1760.1500244140625,1766.5,1700.0,1720.0,1028366
2022-07-29,PERSISTENT,1763.2568359375,1816.425048828125,1832.800048828125,1775.0,1780.0,1073404
2022-08-01,PERSISTENT,1774.1048583984375,1827.5999755859375,1836.574951171875,1803.0250244140625,1832.9749755859375,732490
2022-08-02,PERSISTENT,1758.7427978515625,1811.7750244140625,1840.0,1805.0,1825.0,621558
2022-08-03,PERSISTENT,1806.4544677734375,1860.925048828125,1868.4749755859375,1785.574951171875,1800.0,1156380
2022-08-04,PERSISTENT,1829.412109375,1884.574951171875,1922.5999755859375,1845.5250244140625,1887.0,1549230
2022-08-05,PERSISTENT,1840.720947265625,1896.2249755859375,1919.449951171875,1881.0,1902.324951171875,721922
2022-08-08,PERSISTENT,1826.6939697265625,1881.7750244140625,1914.699951171875,1877.3499755859375,1899.0,304722
2022-08-10,PERSISTENT,1768.3775634765625,1821.699951171875,1892.0,1807.5250244140625,1873.050048828125,634870
2022-08-11,PERSISTENT,1811.041015625,1865.6500244140625,1914.25,1854.5999755859375,1862.7750244140625,639364
2022-08-12,PERSISTENT,1807.2064208984375,1861.699951171875,1873.5,1835.0250244140625,1873.5,411016
2022-08-16,PERSISTENT,1809.4149169921875,1863.9749755859375,1888.5,1853.449951171875,1888.5,256668
2022-08-17,PERSISTENT,1842.856689453125,1898.425048828125,1932.5,1863.9749755859375,1879.9000244140625,673458
2022-08-18,PERSISTENT,1860.69384765625,1916.800048828125,1946.7750244140625,1877.4749755859375,1894.5,630438
2022-08-19,PERSISTENT,1826.7667236328125,1881.8499755859375,1961.5,1870.8499755859375,1921.5,789088
2022-08-22,PERSISTENT,1792.40283203125,1846.449951171875,1869.5,1835.574951171875,1869.5,333168
2022-08-23,PERSISTENT,1758.888671875,1811.925048828125,1847.9749755859375,1783.875,1800.0,627624
2022-08-24,PERSISTENT,1751.48681640625,1804.300048828125,1846.199951171875,1791.0250244140625,1824.625,512958
2022-08-25,PERSISTENT,1719.2586669921875,1771.0999755859375,1836.75,1760.0250244140625,1819.550048828125,449038
2022-08-26,PERSISTENT,1711.1773681640625,1762.7750244140625,1809.0,1752.5250244140625,1792.0,386244
2022-08-29,PERSISTENT,1663.2718505859375,1713.425048828125,1735.949951171875,1677.574951171875,1690.0250244140625,717854
2022-08-30,PERSISTENT,1707.4886474609375,1758.9749755859375,1768.9749755859375,1715.199951171875,1729.574951171875,429608
2022-09-01,PERSISTENT,1650.2154541015625,1699.9749755859375,1754.4000244140625,1695.0,1754.4000244140625,885148
2022-09-02,PERSISTENT,1657.253173828125,1707.2249755859375,1721.2249755859375,1696.1500244140625,1717.0,865858
2022-09-05,PERSISTENT,1651.356201171875,1701.1500244140625,1722.0,1693.0250244140625,1714.449951171875,388334
2022-09-06,PERSISTENT,1626.772216796875,1675.824951171875,1714.4000244140625,1669.25,1709.0,694820
2022-09-07,PERSISTENT,1602.3099365234375,1650.625,1675.0,1639.5250244140625,1672.5,1222434
2022-09-08,PERSISTENT,1591.559326171875,1639.550048828125,1697.300048828125,1635.0,1678.324951171875,626792
2022-09-09,PERSISTENT,1646.9635009765625,1696.625,1703.449951171875,1642.0250244140625,1660.0,660206
2022-09-12,PERSISTENT,1660.869140625,1710.949951171875,1739.25,1703.0,1716.75,668514
2022-09-13,PERSISTENT,1649.8272705078125,1699.574951171875,1734.9749755859375,1692.5,1729.0,360970
2022-09-14,PERSISTENT,1601.8487548828125,1650.1500244140625,1667.0250244140625,1624.9749755859375,1627.5,721168
2022-09-15,PERSISTENT,1575.857666015625,1623.375,1669.0999755859375,1617.75,1660.0,479236
2022-09-16,PERSISTENT,1534.2861328125,1580.550048828125,1632.0,1575.0,1620.0,685194
2022-09-19,PERSISTENT,1535.2086181640625,1581.5,1602.175048828125,1562.75,1590.5,284028
2022-09-20,PERSISTENT,1543.5565185546875,1590.0999755859375,1625.0,1586.0999755859375,1600.0,614688
2022-09-21,PERSISTENT,1542.9742431640625,1589.5,1615.7750244140625,1565.550048828125,1589.0,496806
2022-09-22,PERSISTENT,1553.433837890625,1600.2750244140625,1608.675048828125,1562.75,1576.25,597272
2022-09-23,PERSISTENT,1527.9281005859375,1574.0,1630.0,1567.5,1609.5,396770
2022-09-26,PERSISTENT,1541.8822021484375,1588.375,1617.5999755859375,1546.0250244140625,1569.0,745440
2022-09-27,PERSISTENT,1541.372314453125,1587.8499755859375,1612.5,1567.550048828125,1594.9749755859375,483214
2022-09-28,PERSISTENT,1554.1861572265625,1601.050048828125,1616.074951171875,1565.5,1580.0,397368
2022-09-29,PERSISTENT,1564.6214599609375,1611.800048828125,1650.0,1581.199951171875,1620.0,1265180
2022-09-30,PERSISTENT,1573.1636962890625,1620.5999755859375,1647.0,1586.199951171875,1610.0,772468
2022-10-03,PERSISTENT,1552.8515625,1599.675048828125,1620.5999755859375,1587.9000244140625,1615.0,331678
2022-10-04,PERSISTENT,1601.16943359375,1649.449951171875,1662.5,1616.7249755859375,1622.5,842674
2022-10-06,PERSISTENT,1724.379150390625,1776.375,1785.2249755859375,1671.449951171875,1686.0,2552516
2022-10-07,PERSISTENT,1693.55859375,1744.625,1776.3499755859375,1739.0,1767.5,1145932
2022-10-10,PERSISTENT,1729.451171875,1781.5999755859375,1792.0,1713.0,1724.0,753296
2022-10-11,PERSISTENT,1719.1129150390625,1770.949951171875,1819.75,1758.699951171875,1795.0,891044
2022-10-12,PERSISTENT,1746.0263671875,1798.675048828125,1812.25,1770.0,1775.0,515200
2022-10-13,PERSISTENT,1706.857421875,1758.324951171875,1811.375,1751.25,1800.0,393694
2022-10-14,PERSISTENT,1770.31884765625,1823.699951171875,1842.0,1782.5,1790.0,1070830
2022-10-17,PERSISTENT,1761.2183837890625,1814.324951171875,1834.9749755859375,1797.5,1812.5,426170
2022-10-18,PERSISTENT,1790.9468994140625,1844.949951171875,1861.5,1820.0,1834.0,631754
2022-10-19,PERSISTENT,1777.6722412109375,1831.2750244140625,1864.4749755859375,1827.449951171875,1850.5,451524
2022-10-20,PERSISTENT,1799.052490234375,1853.300048828125,1858.5,1792.5,1819.5,679766
2022-10-21,PERSISTENT,1779.201171875,1832.8499755859375,1865.0,1820.5250244140625,1855.0,476266
2022-10-24,PERSISTENT,1799.73193359375,1854.0,1880.0,1840.699951171875,1857.5,147124
2022-10-25,PERSISTENT,1858.6068115234375,1914.6500244140625,1926.9749755859375,1852.7750244140625,1862.5,927534
2022-10-27,PERSISTENT,1829.3148193359375,1884.4749755859375,1932.5,1866.5,1918.0,479344
2022-10-28,PERSISTENT,1757.7479248046875,1810.75,1880.0,1806.25,1880.0,412866
2022-10-31,PERSISTENT,1792.4759521484375,1846.5250244140625,1861.8499755859375,1825.75,1828.5,302968
2022-11-01,PERSISTENT,1827.1793212890625,1882.2750244140625,1889.0999755859375,1851.0250244140625,1858.0,319800
2022-11-02,PERSISTENT,1820.9666748046875,1875.875,1890.9749755859375,1860.0,1885.0,438192
2022-11-03,PERSISTENT,1822.7139892578125,1877.675048828125,1895.0,1836.0,1850.0,363140
2022-11-04,PERSISTENT,1794.8541259765625,1848.9749755859375,1886.300048828125,1833.0,1880.0,400052
2022-11-07,PERSISTENT,1811.842041015625,1866.4749755859375,1879.199951171875,1850.074951171875,1860.5,301044
2022-11-09,PERSISTENT,1801.1881103515625,1855.5,1886.9000244140625,1850.0,1875.0,321698
2022-11-10,PERSISTENT,1778.642822265625,1832.2750244140625,1853.375,1821.074951171875,1849.2249755859375,249200
2022-11-11,PERSISTENT,1819.09814453125,1873.949951171875,1929.699951171875,1841.2750244140625,1875.0,1303250
2022-11-14,PERSISTENT,1861.2762451171875,1917.4000244140625,1923.5,1873.949951171875,1875.0,429222
2022-11-15,PERSISTENT,1853.53466796875,1909.425048828125,1927.5,1877.5,1917.4000244140625,314310
2022-11-16,PERSISTENT,1850.4283447265625,1906.2249755859375,1954.2750244140625,1887.0,1909.425048828125,822628
2022-11-17,PERSISTENT,1832.7852783203125,1888.050048828125,1902.4000244140625,1864.675048828125,1895.0,368452
2022-11-18,PERSISTENT,1812.618408203125,1867.2750244140625,1919.7750244140625,1833.5,1885.0,530532
2022-11-21,PERSISTENT,1776.1431884765625,1829.699951171875,1865.0,1808.9000244140625,1865.0,525540
2022-11-22,PERSISTENT,1801.72216796875,1856.050048828125,1860.9749755859375,1812.949951171875,1825.5,370536
2022-11-23,PERSISTENT,1812.6669921875,1867.324951171875,1880.7249755859375,1847.0,1872.5,366504
2022-11-24,PERSISTENT,1887.2430419921875,1944.1500244140625,1950.0,1868.550048828125,1875.0,791764
2022-11-25,PERSISTENT,1927.285888671875,1985.4000244140625,1989.5,1939.125,1944.1500244140625,962526
2022-11-28,PERSISTENT,1955.0245361328125,2013.9749755859375,2040.925048828125,1975.0250244140625,1985.4000244140625,924392
2022-11-29,PERSISTENT,1958.3248291015625,2017.375,2026.6500244140625,1989.0250244140625,2014.0,512568
2022-11-30,PERSISTENT,2016.5445556640625,2077.35009765625,2086.0,2016.2750244140625,2018.925048828125,827680
2022-12-01,PERSISTENT,2098.66796875,2161.949951171875,2212.449951171875,2090.0,2090.5,2769282
2022-12-02,PERSISTENT,2109.030517578125,2172.625,2199.0,2156.425048828125,2165.0,982160
2022-12-05,PERSISTENT,2069.449462890625,2131.85009765625,2163.949951171875,2108.625,2155.14990234375,609856
2022-12-06,PERSISTENT,2007.0556640625,2067.574951171875,2120.625,2062.5,2115.5,473026
2022-12-07,PERSISTENT,1969.87646484375,2029.2750244140625,2064.47509765625,2013.0,2062.5,523064
2022-12-08,PERSISTENT,1991.038330078125,2051.074951171875,2059.47509765625,2008.0,2029.5,411472
2022-12-09,PERSISTENT,1919.908447265625,1977.800048828125,2072.47509765625,1969.0250244140625,2059.0,653876
2022-12-12,PERSISTENT,1967.037353515625,2026.3499755859375,2034.0,1945.5,1968.5,621958
2022-12-13,PERSISTENT,1980.093505859375,2039.800048828125,2047.5,1995.5,2030.050048828125,658028
2022-12-14,PERSISTENT,2037.17236328125,2098.60009765625,2107.5,2050.64990234375,2055.550048828125,1009334
2022-12-15,PERSISTENT,1991.693603515625,2051.75,2112.5,2046.125,2102.5,383550
2022-12-16,PERSISTENT,1926.0966796875,1984.175048828125,2036.0,1976.324951171875,2036.0,809202
2022-12-19,PERSISTENT,1922.6990966796875,1980.675048828125,1993.425048828125,1935.5250244140625,1990.5,529792
2022-12-20,PERSISTENT,1898.843505859375,1956.0999755859375,1973.0,1927.875,1958.0,519398
2022-12-21,PERSISTENT,1897.2418212890625,1954.449951171875,1990.6500244140625,1935.5250244140625,1973.0,537116
2022-12-22,PERSISTENT,1891.6602783203125,1948.699951171875,1982.9749755859375,1940.949951171875,1974.5,425634
2022-12-23,PERSISTENT,1861.057861328125,1917.175048828125,1935.0,1892.0250244140625,1925.0,451580
2022-12-26,PERSISTENT,1849.5791015625,1905.3499755859375,1924.25,1894.9749755859375,1910.0,331096
2022-12-27,PERSISTENT,1900.66357421875,1957.9749755859375,1963.9749755859375,1911.0,1929.5,332446
2022-12-28,PERSISTENT,1873.5560302734375,1930.050048828125,1955.5,1915.5,1955.5,315666
2022-12-29,PERSISTENT,1857.7816162109375,1913.800048828125,1936.8499755859375,1902.5,1918.6500244140625,552474
2022-12-30,PERSISTENT,1878.7978515625,1935.449951171875,1973.925048828125,1930.0,1947.5,529376
2023-01-02,PERSISTENT,1955.0245361328125,2013.9749755859375,2022.5,1925.0,1944.4749755859375,891868
2023-01-03,PERSISTENT,1965.1929931640625,2024.449951171875,2045.675048828125,2010.0250244140625,2015.0,789378
2023-01-04,PERSISTENT,1906.973388671875,1964.4749755859375,2034.449951171875,1945.199951171875,2020.0,798508
2023-01-05,PERSISTENT,1907.2158203125,1964.7249755859375,1982.824951171875,1941.0,1971.0,450812
2023-01-06,PERSISTENT,1869.575927734375,1925.949951171875,1969.9749755859375,1920.0,1962.5,603274
2023-01-09,PERSISTENT,1938.9588623046875,1997.425048828125,2002.0,1937.5,1949.4749755859375,592108
2023-01-10,PERSISTENT,1923.548583984375,1981.550048828125,2000.0,1953.2249755859375,2000.0,346374
2023-01-11,PERSISTENT,1905.760009765625,1963.2249755859375,2017.4000244140625,1953.5999755859375,1975.0,502230
2023-01-12,PERSISTENT,1930.87744140625,1989.0999755859375,2004.2249755859375,1967.0,1973.050048828125,433806
2023-01-13,PERSISTENT,1944.3221435546875,2002.949951171875,2042.25,1952.5,2017.4749755859375,1192844
2023-01-16,PERSISTENT,1928.911865234375,1987.074951171875,2036.949951171875,1981.199951171875,2012.75,482024
2023-01-17,PERSISTENT,1930.1492919921875,1988.3499755859375,2008.3499755859375,1981.5,1997.0250244140625,404432
2023-01-18,PERSISTENT,1921.849853515625,1979.800048828125,2008.949951171875,1953.7249755859375,1994.0250244140625,556714
2023-01-19,PERSISTENT,2066.755615234375,2129.074951171875,2139.0,1960.0,1975.0,4324412
2023-01-20,PERSISTENT,2098.474365234375,2161.75,2179.97509765625,2118.0,2119.02490234375,1476420
2023-01-23,PERSISTENT,2229.3525390625,2296.574951171875,2340.0,2136.02490234375,2165.0,2527028
2023-01-24,PERSISTENT,2226.99853515625,2294.14990234375,2339.39990234375,2269.72509765625,2292.949951171875,2152818
2023-01-25,PERSISTENT,2243.455810546875,2297.0,2307.5,2258.175048828125,2264.85009765625,961322
2023-01-27,PERSISTENT,2235.129638671875,2288.47509765625,2352.5,2275.5,2296.0,1505742
2023-01-30,PERSISTENT,2253.662353515625,2307.449951171875,2331.949951171875,2271.52490234375,2295.0,602798
2023-01-31,PERSISTENT,2289.140380859375,2343.77490234375,2374.5,2256.27490234375,2313.5,1060130
2023-02-01,PERSISTENT,2287.57763671875,2342.175048828125,2372.0,2301.675048828125,2350.5,852924
2023-02-02,PERSISTENT,2355.97021484375,2412.199951171875,2444.0,2357.5,2357.5,1287422
2023-02-03,PERSISTENT,2368.960205078125,2425.5,2440.0,2393.125,2420.0,661336
2023-02-06,PERSISTENT,2363.1005859375,2419.5,2475.0,2387.5,2422.52490234375,864934
2023-02-07,PERSISTENT,2354.114990234375,2410.300048828125,2437.300048828125,2401.25,2419.0,308864
2023-02-08,PERSISTENT,2360.560791015625,2416.89990234375,2462.425048828125,2412.175048828125,2425.0,492842
2023-02-09,PERSISTENT,2356.190185546875,2412.425048828125,2446.97509765625,2390.0,2414.02490234375,371042
2023-02-10,PERSISTENT,2388.34814453125,2445.35009765625,2450.0,2390.0,2410.0,450108
2023-02-13,PERSISTENT,2305.8662109375,2360.89990234375,2446.5,2347.89990234375,2446.5,720900
2023-02-14,PERSISTENT,2320.39453125,2375.77490234375,2416.375,2364.5,2367.5,651696
2023-02-15,PERSISTENT,2359.169189453125,2415.47509765625,2424.449951171875,2356.02490234375,2379.425048828125,471376
2023-02-16,PERSISTENT,2412.30078125,2469.875,2492.125,2427.699951171875,2437.5,953328
2023-02-17,PERSISTENT,2397.94384765625,2455.175048828125,2470.0,2425.0,2453.02490234375,449196
2023-02-20,PERSISTENT,2472.025634765625,2531.02490234375,2547.5,2447.89990234375,2459.97509765625,1397586
2023-02-21,PERSISTENT,2426.096923828125,2484.0,2567.5,2479.425048828125,2542.5,813338
2023-02-22,PERSISTENT,2461.01318359375,2519.75,2537.0,2446.0,2453.0,772092
2023-02-23,PERSISTENT,2427.561767578125,2485.5,2536.925048828125,2475.5,2529.5,644010
2023-02-24,PERSISTENT,2390.447509765625,2447.5,2499.0,2441.77490234375,2490.199951171875,614950
2023-02-27,PERSISTENT,2354.55419921875,2410.75,2437.324951171875,2369.27490234375,2437.324951171875,719874
2023-02-28,PERSISTENT,2340.685546875,2396.550048828125,2437.5,2372.39990234375,2433.074951171875,472828
2023-03-01,PERSISTENT,2396.844970703125,2454.050048828125,2467.5,2380.77490234375,2400.0,548740
2023-03-02,PERSISTENT,2373.5263671875,2430.175048828125,2458.800048828125,2421.0,2444.97509765625,344678
2023-03-03,PERSISTENT,2376.358642578125,2433.074951171875,2474.449951171875,2420.75,2450.0,378146
2023-03-06,PERSISTENT,2382.145751953125,2439.0,2475.0,2429.300048828125,2449.97509765625,413696
2023-03-08,PERSISTENT,2388.81201171875,2445.824951171875,2452.97509765625,2392.52490234375,2425.0,506098
2023-03-09,PERSISTENT,2352.649658203125,2408.800048828125,2459.199951171875,2404.0,2457.39990234375,243882
2023-03-10,PERSISTENT,2319.344482421875,2374.699951171875,2388.89990234375,2343.02490234375,2380.0,792904
2023-03-13,PERSISTENT,2257.15380859375,2311.02490234375,2399.10009765625,2301.0,2384.25,573556
2023-03-14,PERSISTENT,2213.715576171875,2266.550048828125,2312.5,2225.449951171875,2312.5,1561904
2023-03-15,PERSISTENT,2209.662353515625,2262.39990234375,2297.199951171875,2247.75,2287.47509765625,598414
2023-03-16,PERSISTENT,2188.126220703125,2240.35009765625,2292.0,2231.0,2260.0,534932
2023-03-17,PERSISTENT,2271.755126953125,2325.97509765625,2330.0,2265.449951171875,2271.60009765625,1089322
2023-03-20,PERSISTENT,2225.851318359375,2278.97509765625,2328.125,2250.14990234375,2310.0,469668
2023-03-21,PERSISTENT,2186.099365234375,2238.27490234375,2290.875,2225.27490234375,2285.02490234375,554638
2023-03-22,PERSISTENT,2193.913330078125,2246.27490234375,2284.175048828125,2242.02490234375,2267.5,516572
2023-03-23,PERSISTENT,2161.755859375,2213.35009765625,2233.800048828125,2183.52490234375,2232.52490234375,932774
2023-03-24,PERSISTENT,2111.993408203125,2162.39990234375,2275.0,2158.0,2225.0,919892
2023-03-27,PERSISTENT,2132.650390625,2183.550048828125,2221.22509765625,2150.050048828125,2173.22509765625,650670
2023-03-28,PERSISTENT,2160.94970703125,2212.52490234375,2224.175048828125,2178.22509765625,2189.5,378044
2023-03-29,PERSISTENT,2217.96435546875,2270.89990234375,2277.75,2193.550048828125,2208.5,788878
2023-03-31,PERSISTENT,2251.025146484375,2304.75,2325.0,2266.5,2290.925048828125,1182254
2023-04-03,PERSISTENT,2213.935546875,2266.77490234375,2317.10009765625,2231.0,2315.0,654980
2023-04-05,PERSISTENT,2222.2373046875,2275.27490234375,2287.47509765625,2235.050048828125,2267.0,493884
2023-04-06,PERSISTENT,2220.64990234375,2273.64990234375,2291.5,2254.39990234375,2263.0,465962
2023-04-10,PERSISTENT,2231.61328125,2284.875,2291.75,2245.5,2274.0,265046
2023-04-11,PERSISTENT,2203.65576171875,2256.25,2284.5,2245.64990234375,2284.5,367938
2023-04-12,PERSISTENT,2218.84326171875,2271.800048828125,2282.0,2250.0,2257.324951171875,370780
2023-04-13,PERSISTENT,2144.68798828125,2195.875,2270.0,2175.5,2258.25,1244308
2023-04-17,PERSISTENT,2053.27001953125,2102.27490234375,2112.5,1981.0250244140625,2100.0,2647796
2023-04-18,PERSISTENT,2127.034423828125,2177.800048828125,2191.0,2090.0,2122.47509765625,1312442
2023-04-19,PERSISTENT,2108.379638671875,2158.699951171875,2195.0,2141.5,2184.97509765625,735200
2023-04-20,PERSISTENT,2095.0234375,2145.02490234375,2187.02490234375,2135.0,2169.949951171875,401662
2023-04-21,PERSISTENT,2100.5419921875,2150.675048828125,2174.25,2112.5,2150.0,486708
2023-04-24,PERSISTENT,2169.3740234375,2221.14990234375,2234.47509765625,2167.52490234375,2170.0,1438434
2023-04-25,PERSISTENT,2183.9755859375,2236.10009765625,2249.0,2182.175048828125,2197.5,1529942
2023-04-26,PERSISTENT,2183.9755859375,2236.10009765625,2272.75,2175.64990234375,2204.02490234375,1167572
2023-04-27,PERSISTENT,2238.181884765625,2291.60009765625,2315.949951171875,2222.5,2234.89990234375,907450
2023-04-28,PERSISTENT,2313.4111328125,2368.625,2384.89990234375,2295.02490234375,2299.0,1169504
2023-05-02,PERSISTENT,2320.076904296875,2375.449951171875,2411.22509765625,2365.22509765625,2378.5,546108
2023-05-03,PERSISTENT,2284.452392578125,2338.97509765625,2374.699951171875,2335.5,2360.0,559118
2023-05-04,PERSISTENT,2280.203857421875,2334.625,2359.0,2310.0,2342.824951171875,497210
2023-05-05,PERSISTENT,2265.797607421875,2319.875,2358.300048828125,2313.875,2334.5,421276
2023-05-08,PERSISTENT,2282.645263671875,2337.125,2347.97509765625,2318.0,2336.5,380326
2023-05-09,PERSISTENT,2292.82763671875,2347.550048828125,2383.0,2340.64990234375,2350.0,548846
2023-05-10,PERSISTENT,2281.44921875,2335.89990234375,2363.0,2328.75,2363.0,282798
2023-05-11,PERSISTENT,2279.202880859375,2333.60009765625,2362.85009765625,2324.449951171875,2358.5,460416
2023-05-12,PERSISTENT,2271.73095703125,2325.949951171875,2359.14990234375,2313.375,2339.5,419216
2023-05-15,PERSISTENT,2290.99609375,2345.675048828125,2350.72509765625,2308.5,2330.0,311284
2023-05-16,PERSISTENT,2304.010498046875,2359.0,2407.0,2337.5,2357.5,660646
2023-05-17,PERSISTENT,2346.179443359375,2402.175048828125,2406.72509765625,2342.0,2362.875,713662
2023-05-18,PERSISTENT,2318.782958984375,2374.125,2427.10009765625,2367.64990234375,2423.47509765625,360724
2023-05-19,PERSISTENT,2387.126953125,2444.10009765625,2448.0,2382.699951171875,2392.5,1017838
2023-05-22,PERSISTENT,2461.79443359375,2520.550048828125,2528.125,2445.0,2450.0,867542
2023-05-23,PERSISTENT,2417.330810546875,2475.02490234375,2548.0,2470.0,2520.0,678044
2023-05-24,PERSISTENT,2425.461669921875,2483.35009765625,2529.97509765625,2447.675048828125,2467.5,805160
2023-05-25,PERSISTENT,2454.664794921875,2513.25,2521.5,2483.074951171875,2495.0,440560
2023-05-26,PERSISTENT,2485.162109375,2544.47509765625,2580.0,2515.699951171875,2533.0,1172258
2023-05-29,PERSISTENT,2460.891357421875,2519.625,2566.824951171875,2515.625,2566.824951171875,493606
2023-05-30,PERSISTENT,2477.055908203125,2536.175048828125,2550.75,2513.074951171875,2521.925048828125,431988
2023-05-31,PERSISTENT,2509.310791015625,2569.199951171875,2579.5,2525.0,2534.22509765625,660568
2023-06-01,PERSISTENT,2526.45166015625,2586.75,2600.5,2547.125,2579.0,566908
2023-06-02,PERSISTENT,2552.333984375,2613.25,2639.47509765625,2587.5,2600.0,766460
2023-06-05,PERSISTENT,2544.0078125,2604.72509765625,2638.0,2595.75,2634.0,212734
2023-06-06,PERSISTENT,2432.469482421875,2490.52490234375,2549.0,2452.5,2549.0,1519336
2023-06-07,PERSISTENT,2450.782470703125,2509.27490234375,2519.5,2485.0,2500.0,458248
2023-06-08,PERSISTENT,2405.65966796875,2463.074951171875,2520.0,2457.5,2520.0,432000
2023-06-09,PERSISTENT,2386.41845703125,2443.375,2473.0,2410.0,2469.97509765625,748724
2023-06-12,PERSISTENT,2433.76416015625,2491.85009765625,2501.0,2419.5,2460.02490234375,552992
2023-06-13,PERSISTENT,2461.355224609375,2520.10009765625,2542.5,2492.5,2505.97509765625,720190
2023-06-14,PERSISTENT,2424.265380859375,2482.125,2493.675048828125,2431.0,2464.0,1034786
2023-06-15,PERSISTENT,2434.032470703125,2492.125,2505.0,2453.0,2475.0,744116
2023-06-16,PERSISTENT,2421.579345703125,2479.375,2502.5,2465.5,2502.5,500384
2023-06-19,PERSISTENT,2413.93701171875,2471.550048828125,2490.0,2455.47509765625,2470.02490234375,425506
2023-06-20,PERSISTENT,2426.609375,2484.52490234375,2487.5,2452.875,2475.0,392924
2023-06-21,PERSISTENT,2411.153076171875,2468.699951171875,2500.0,2464.0,2499.949951171875,391978
2023-06-22,PERSISTENT,2378.18994140625,2434.949951171875,2468.47509765625,2428.02490234375,2458.5,426290
2023-06-23,PERSISTENT,2346.42333984375,2402.425048828125,2429.47509765625,2390.675048828125,2429.47509765625,329208
2023-06-26,PERSISTENT,2395.892333984375,2453.074951171875,2463.875,2385.5,2397.375,445436
2023-06-27,PERSISTENT,2388.93359375,2445.949951171875,2465.949951171875,2427.625,2427.625,361428
2023-06-28,PERSISTENT,2381.1201171875,2437.949951171875,2464.175048828125,2430.0,2454.72509765625,454488
2023-06-30,PERSISTENT,2447.119873046875,2505.52490234375,2519.324951171875,2439.02490234375,2444.0,960168
2023-07-03,PERSISTENT,2374.210205078125,2430.875,2527.5,2425.0,2527.5,978832
2023-07-04,PERSISTENT,2376.96923828125,2433.699951171875,2444.0,2411.0,2437.449951171875,449940
2023-07-05,PERSISTENT,2371.54833984375,2428.14990234375,2434.574951171875,2409.02490234375,2417.550048828125,824362
2023-07-06,PERSISTENT,2387.663818359375,2444.64990234375,2449.0,2401.5,2429.89990234375,463940
2023-07-07,PERSISTENT,2358.485595703125,2414.77490234375,2459.97509765625,2403.625,2445.0,424250
2023-07-10,PERSISTENT,2318.7587890625,2374.10009765625,2430.0,2362.52490234375,2414.77490234375,455418
2023-07-11,PERSISTENT,2314.686279296875,2358.949951171875,2381.60009765625,2340.0,2360.0,487798
2023-07-12,PERSISTENT,2303.3779296875,2347.425048828125,2370.0,2323.22509765625,2360.0,800280
2023-07-13,PERSISTENT,2335.390625,2380.050048828125,2438.5,2345.02490234375,2349.47509765625,1227046
2023-07-14,PERSISTENT,2415.802734375,2462.0,2469.5,2387.0,2409.39990234375,1424638
2023-07-17,PERSISTENT,2434.568603515625,2481.125,2544.5,2455.5,2473.97509765625,1122438
2023-07-18,PERSISTENT,2444.945556640625,2491.699951171875,2516.050048828125,2460.5,2499.77490234375,577714
2023-07-19,PERSISTENT,2521.138427734375,2569.35009765625,2574.5,2462.574951171875,2503.47509765625,2084866
2023-07-20,PERSISTENT,2474.55419921875,2521.875,2578.824951171875,2504.699951171875,2574.89990234375,642390
2023-07-21,PERSISTENT,2330.23876953125,2374.800048828125,2475.0,2358.0,2445.0,2555932
2023-07-24,PERSISTENT,2342.160888671875,2386.949951171875,2409.35009765625,2350.550048828125,2384.97509765625,583440
2023-07-25,PERSISTENT,2297.53955078125,2341.47509765625,2404.25,2329.550048828125,2404.25,1002122
2023-07-26,PERSISTENT,2288.315673828125,2332.074951171875,2358.72509765625,2321.375,2341.47509765625,870564
2023-07-27,PERSISTENT,2315.88818359375,2360.175048828125,2372.0,2323.675048828125,2336.52490234375,930732
2023-07-28,PERSISTENT,2304.33447265625,2348.39990234375,2381.47509765625,2341.25,2371.449951171875,509642
2023-07-31,PERSISTENT,2327.51611328125,2372.02490234375,2379.0,2345.550048828125,2367.5,512634
2023-08-01,PERSISTENT,2359.651123046875,2404.77490234375,2417.75,2356.89990234375,2372.02490234375,798762
2023-08-02,PERSISTENT,2314.244873046875,2358.5,2400.175048828125,2335.22509765625,2400.0,733756
2023-08-03,PERSISTENT,2301.5869140625,2345.60009765625,2358.27490234375,2317.175048828125,2354.0,458764
2023-08-04,PERSISTENT,2347.974365234375,2392.875,2405.0,2355.14990234375,2362.5,651810
2023-08-07,PERSISTENT,2395.24609375,2441.050048828125,2452.375,2386.0,2400.0,724704
2023-08-08,PERSISTENT,2382.906982421875,2428.47509765625,2474.97509765625,2421.5,2435.0,605606
2023-08-09,PERSISTENT,2379.3251953125,2424.824951171875,2444.074951171875,2398.125,2438.5,484584
2023-08-10,PERSISTENT,2376.798828125,2422.25,2437.5,2410.5,2420.5,366530
2023-08-11,PERSISTENT,2400.373046875,2446.27490234375,2473.5,2426.64990234375,2429.0,795606
2023-08-14,PERSISTENT,2422.720458984375,2469.050048828125,2475.0,2420.5,2446.27490234375,525202
2023-08-16,PERSISTENT,2439.49951171875,2486.14990234375,2500.0,2438.300048828125,2473.949951171875,779268
2023-08-17,PERSISTENT,2410.9951171875,2457.10009765625,2498.5,2449.0,2486.5,371492
2023-08-18,PERSISTENT,2380.3310546875,2425.85009765625,2462.47509765625,2379.0,2454.5,486846
2023-08-21,PERSISTENT,2458.339111328125,2505.35009765625,2516.425048828125,2426.97509765625,2442.0,847190
2023-08-22,PERSISTENT,2467.66064453125,2514.85009765625,2532.574951171875,2502.675048828125,2519.85009765625,681382
2023-08-23,PERSISTENT,2455.592041015625,2502.550048828125,2538.0,2493.89990234375,2518.5,377966
2023-08-24,PERSISTENT,2511.939208984375,2559.97509765625,2574.425048828125,2505.574951171875,2512.5,872132
2023-08-25,PERSISTENT,2520.745849609375,2568.949951171875,2587.5,2512.02490234375,2550.0,840552
2023-08-28,PERSISTENT,2476.418212890625,2523.77490234375,2595.0,2517.300048828125,2574.97509765625,597960
2023-08-29,PERSISTENT,2505.2666015625,2553.175048828125,2559.39990234375,2520.64990234375,2537.5,465966
2023-08-30,PERSISTENT,2544.29541015625,2592.949951171875,2600.0,2560.10009765625,2570.0,547502
2023-08-31,PERSISTENT,2634.961669921875,2685.35009765625,2695.5,2591.074951171875,2599.27490234375,1386890
2023-09-01,PERSISTENT,2719.642333984375,2771.64990234375,2786.449951171875,2650.0,2650.0,1296136
2023-09-04,PERSISTENT,2837.022705078125,2891.27490234375,2900.0,2775.625,2784.0,1429702
2023-09-05,PERSISTENT,2907.2548828125,2962.85009765625,2969.72509765625,2859.125,2900.0,1346990
2023-09-06,PERSISTENT,2922.83203125,2978.72509765625,2985.425048828125,2930.60009765625,2962.5,1024724
2023-09-07,PERSISTENT,2914.172119140625,2969.89990234375,2994.550048828125,2957.14990234375,2969.89990234375,576030
2023-09-08,PERSISTENT,2929.504150390625,2985.52490234375,2998.97509765625,2925.5,2937.89990234375,685480
2023-09-11,PERSISTENT,2912.381591796875,2968.074951171875,3017.5,2957.5,2987.0,846946
2023-09-12,PERSISTENT,2865.15966796875,2919.949951171875,2994.14990234375,2913.22509765625,2994.14990234375,604718
2023-09-13,PERSISTENT,2835.5263671875,2889.75,2913.25,2857.02490234375,2893.39990234375,710548
2023-09-14,PERSISTENT,2913.853515625,2969.574951171875,2976.300048828125,2887.0,2907.5,725040
2023-09-15,PERSISTENT,2926.85498046875,2982.824951171875,2993.0,2947.02490234375,2993.0,390224
2023-09-18,PERSISTENT,2864.6689453125,2919.449951171875,2992.5,2910.300048828125,2989.5,592042
2023-09-20,PERSISTENT,2839.0341796875,2893.324951171875,2919.375,2872.25,2919.0,893452
2023-09-21,PERSISTENT,2823.53076171875,2877.52490234375,2924.425048828125,2855.89990234375,2887.449951171875,629260
2023-09-22,PERSISTENT,2869.7958984375,2924.675048828125,2929.875,2853.02490234375,2887.5,517542
2023-09-25,PERSISTENT,2903.15771484375,2958.675048828125,2978.800048828125,2884.0,2945.0,1046814
2023-09-26,PERSISTENT,2874.55517578125,2929.52490234375,2972.35009765625,2919.375,2956.85009765625,370188
2023-09-27,PERSISTENT,2864.619873046875,2919.39990234375,2958.97509765625,2914.02490234375,2950.0,361614
2023-09-28,PERSISTENT,2814.650390625,2868.47509765625,2934.75,2835.85009765625,2924.375,653728
2023-09-29,PERSISTENT,2843.965087890625,2898.35009765625,2924.125,2803.824951171875,2865.0,1101802
2023-10-03,PERSISTENT,2810.283935546875,2864.02490234375,2904.5,2857.675048828125,2887.425048828125,520756
2023-10-04,PERSISTENT,2792.916015625,2846.324951171875,2858.949951171875,2815.0,2849.550048828125,837118
2023-10-05,PERSISTENT,2815.827880859375,2869.675048828125,2890.0,2847.52490234375,2864.5,470156
2023-10-06,PERSISTENT,2820.09619140625,2874.02490234375,2899.5,2845.0,2890.0,370812
2023-10-09,PERSISTENT,2745.42431640625,2797.925048828125,2895.5,2788.39990234375,2867.47509765625,897488
2023-10-10,PERSISTENT,2824.560791015625,2878.574951171875,2899.47509765625,2800.0,2809.0,895372
2023-10-11,PERSISTENT,2826.42578125,2880.47509765625,2942.5,2872.699951171875,2902.47509765625,874030
2023-10-12,PERSISTENT,2831.576904296875,2885.72509765625,2922.5,2856.27490234375,2892.0,630930
2023-10-13,PERSISTENT,2828.63330078125,2882.72509765625,2902.5,2842.52490234375,2860.0,845324
2023-10-16,PERSISTENT,2826.40087890625,2880.449951171875,2903.52490234375,2857.60009765625,2892.425048828125,855982
2023-10-17,PERSISTENT,2802.23779296875,2855.824951171875,2907.449951171875,2850.64990234375,2902.5,689948
2023-10-18,PERSISTENT,2804.249755859375,2857.875,2895.0,2812.875,2857.35009765625,984640
2023-10-19,PERSISTENT,2869.599853515625,2924.47509765625,2974.47509765625,2852.5,2875.0,1564564
2023-10-20,PERSISTENT,2898.22705078125,2953.64990234375,2972.5,2903.375,2924.47509765625,819666
2023-10-23,PERSISTENT,2848.64990234375,2903.125,2969.89990234375,2887.89990234375,2953.02490234375,941706
2023-10-25,PERSISTENT,2893.934326171875,2949.27490234375,2967.5,2910.949951171875,2917.125,1063818
2023-10-26,PERSISTENT,2878.234619140625,2933.27490234375,2947.5,2840.0,2920.0,918290
2023-10-27,PERSISTENT,2984.797119140625,3041.875,3072.75,2935.0,2950.0,1896610
2023-10-30,PERSISTENT,2977.0205078125,3033.949951171875,3069.0,3020.625,3068.675048828125,818996
2023-10-31,PERSISTENT,3022.304931640625,3080.10009765625,3100.0,3034.10009765625,3050.0,905422
2023-11-01,PERSISTENT,3047.22802734375,3105.5,3129.0,3065.300048828125,3087.5,788926
2023-11-02,PERSISTENT,3054.31787109375,3112.72509765625,3140.0,3087.050048828125,3130.0,529524
2023-11-03,PERSISTENT,3084.097900390625,3143.074951171875,3159.0,3115.47509765625,3125.0,985378
2023-11-06,PERSISTENT,3064.399658203125,3123.0,3173.25,3110.0,3152.5,708854
2023-11-07,PERSISTENT,3054.66064453125,3113.074951171875,3129.97509765625,3063.800048828125,3123.0,550174
2023-11-08,PERSISTENT,3085.201416015625,3144.199951171875,3149.89990234375,3110.25,3143.97509765625,356746
2023-11-09,PERSISTENT,3100.558349609375,3159.85009765625,3164.5,3128.550048828125,3157.47509765625,368020
2023-11-10,PERSISTENT,3064.47314453125,3123.074951171875,3155.0,3115.72509765625,3149.5,341756
2023-11-13,PERSISTENT,3059.54248046875,3118.050048828125,3143.72509765625,3071.449951171875,3123.0,756078
2023-11-15,PERSISTENT,3073.13232421875,3131.89990234375,3198.425048828125,3119.574951171875,3169.300048828125,1563804
2023-11-16,PERSISTENT,3138.11474609375,3198.125,3205.5,3131.14990234375,3144.97509765625,847346
2023-11-17,PERSISTENT,3133.503173828125,3193.425048828125,3240.175048828125,3181.5,3219.0,670996
2023-11-20,PERSISTENT,3179.449462890625,3240.25,3249.97509765625,3194.27490234375,3204.5,958802
2023-11-21,PERSISTENT,3172.139404296875,3232.800048828125,3288.0,3216.52490234375,3250.0,943398
2023-11-22,PERSISTENT,3235.134521484375,3297.0,3307.5,3212.52490234375,3226.97509765625,807906
2023-11-23,PERSISTENT,3129.578369140625,3189.425048828125,3312.324951171875,3183.0,3307.39990234375,1118954
2023-11-24,PERSISTENT,3135.22021484375,3195.175048828125,3236.949951171875,3163.35009765625,3205.0,1029614
2023-11-28,PERSISTENT,3100.263916015625,3159.550048828125,3220.0,3138.0,3212.5,1140176
2023-11-29,PERSISTENT,3160.904052734375,3221.35009765625,3237.5,3183.0,3187.47509765625,875338
2023-11-30,PERSISTENT,3139.930419921875,3199.97509765625,3255.0,3165.14990234375,3243.5,14528104
2023-12-01,PERSISTENT,3156.292236328125,3216.64990234375,3241.675048828125,3195.0,3222.5,415694
2023-12-04,PERSISTENT,3160.290771484375,3220.72509765625,3262.5,3198.35009765625,3250.5,792814
2023-12-05,PERSISTENT,3130.117919921875,3189.97509765625,3249.5,3135.39990234375,3235.0,705628
2023-12-06,PERSISTENT,3108.456787109375,3167.89990234375,3242.5,3161.02490234375,3207.449951171875,447780
2023-12-07,PERSISTENT,3095.234619140625,3154.425048828125,3186.800048828125,3144.64990234375,3185.0,420510
2023-12-08,PERSISTENT,3171.599609375,3232.25,3268.0,3157.175048828125,3175.0,1022492
2023-12-11,PERSISTENT,3202.287841796875,3263.52490234375,3270.0,3231.0,3250.0,636456
2023-12-12,PERSISTENT,3202.484130859375,3263.72509765625,3332.47509765625,3250.0,3275.0,884092
2023-12-13,PERSISTENT,3199.6630859375,3260.85009765625,3284.77490234375,3213.125,3277.0,333944
2023-12-14,PERSISTENT,3365.29541015625,3429.64990234375,3448.574951171875,3290.85009765625,3298.0,1515086
2023-12-15,PERSISTENT,3544.641357421875,3612.425048828125,3700.125,3432.89990234375,3449.5,2922862
2023-12-18,PERSISTENT,3506.225341796875,3573.27490234375,3623.22509765625,3537.85009765625,3612.425048828125,797768
2023-12-19,PERSISTENT,3465.872314453125,3532.14990234375,3595.0,3482.625,3595.0,793000
2023-12-20,PERSISTENT,3432.65771484375,3498.300048828125,3637.10009765625,3478.5,3562.5,771526
2023-12-21,PERSISTENT,3514.100341796875,3581.300048828125,3587.5,3459.47509765625,3470.0,567800
2023-12-22,PERSISTENT,3645.953857421875,3715.675048828125,3745.47509765625,3577.5,3600.02490234375,1261042
2023-12-26,PERSISTENT,3610.236572265625,3679.27490234375,3727.5,3662.5,3725.0,612722
2023-12-27,PERSISTENT,3628.511962890625,3697.89990234375,3742.5,3676.02490234375,3687.5,613622
2023-12-28,PERSISTENT,3688.980712890625,3759.52490234375,3780.0,3685.5,3710.0,671220
2023-12-29,PERSISTENT,3625.372314453125,3694.699951171875,3759.52490234375,3681.824951171875,3759.52490234375,529612
2024-01-01,PERSISTENT,3590.29296875,3658.949951171875,3712.5,3650.574951171875,3712.5,280792
2024-01-02,PERSISTENT,3595.76318359375,3664.52490234375,3681.97509765625,3622.35009765625,3677.5,390288
2024-01-03,PERSISTENT,3575.402587890625,3643.77490234375,3662.5,3580.175048828125,3650.0,508764
2024-01-04,PERSISTENT,3564.4375,3632.60009765625,3707.47509765625,3609.074951171875,3656.0,600388
2024-01-05,PERSISTENT,3606.409423828125,3675.375,3699.0,3630.0,3635.0,523110
2024-01-08,PERSISTENT,3574.814208984375,3643.175048828125,3692.699951171875,3605.050048828125,3682.5,365716
2024-01-09,PERSISTENT,3577.5859375,3646.0,3707.10009765625,3637.5,3702.47509765625,312508
2024-01-10,PERSISTENT,3621.39794921875,3690.64990234375,3701.675048828125,3618.699951171875,3655.0,362856
2024-01-11,PERSISTENT,3626.1328125,3695.47509765625,3750.0,3685.5,3705.0,504980
2024-01-12,PERSISTENT,3755.70458984375,3827.52490234375,3872.449951171875,3740.0,3755.47509765625,1002852
2024-01-15,PERSISTENT,3761.46923828125,3833.39990234375,3940.0,3819.89990234375,3880.0,663050
2024-01-16,PERSISTENT,3738.21435546875,3809.699951171875,3849.949951171875,3767.5,3849.949951171875,288604
2024-01-17,PERSISTENT,3783.841796875,3856.199951171875,3872.5,3762.5,3767.5,635166
2024-01-18,PERSISTENT,3808.740478515625,3881.574951171875,3948.800048828125,3777.625,3894.5,897510
2024-01-19,PERSISTENT,3859.078125,3932.875,3955.0,3871.64990234375,3945.0,720220
2024-01-23,PERSISTENT,4049.756591796875,4127.2001953125,4356.85009765625,4060.02490234375,4119.5,2826878
2024-01-24,PERSISTENT,4158.37939453125,4237.89990234375,4254.97509765625,4123.10009765625,4199.0,871628
2024-01-25,PERSISTENT,4110.76513671875,4189.375,4270.5,4138.6748046875,4250.0,524406
2024-01-29,PERSISTENT,4237.76123046875,4318.7998046875,4327.5,4180.47509765625,4225.0,1032952
2024-01-30,PERSISTENT,4123.6376953125,4186.9248046875,4415.0,4168.25,4346.5,766314
2024-01-31,PERSISTENT,4113.4443359375,4176.5751953125,4224.0,4129.0751953125,4166.1748046875,729942
2024-02-01,PERSISTENT,4085.178466796875,4147.875,4212.5,4101.5498046875,4212.5,258130
2024-02-02,PERSISTENT,4187.03955078125,4251.2998046875,4257.85009765625,4177.5498046875,4189.35009765625,421372
2024-02-05,PERSISTENT,4212.15380859375,4276.7998046875,4295.52490234375,4215.4501953125,4262.5,596750
2024-02-06,PERSISTENT,4255.6865234375,4321.0,4359.75,4268.0,4299.9501953125,445232
2024-02-07,PERSISTENT,4260.0693359375,4325.4501953125,4346.0498046875,4302.52490234375,4326.89990234375,201752
2024-02-08,PERSISTENT,4249.703125,4314.9248046875,4350.0,4277.5,4350.0,225740
2024-02-09,PERSISTENT,4254.0859375,4319.375,4349.75,4285.0751953125,4339.5,318690
2024-02-12,PERSISTENT,4286.58740234375,4352.375,4382.10009765625,4305.02490234375,4346.0,1151842
2024-02-13,PERSISTENT,4283.01708984375,4348.75,4354.35009765625,4257.9501953125,4337.5,311506
2024-02-14,PERSISTENT,4243.39990234375,4308.52490234375,4332.10009765625,4260.0,4309.02490234375,370702
2024-02-15,PERSISTENT,4296.68212890625,4362.625,4387.4248046875,4329.9248046875,4329.9248046875,368308
2024-02-16,PERSISTENT,4367.74169921875,4434.77490234375,4450.0,4343.5751953125,4390.0,394096
2024-02-19,PERSISTENT,4302.12353515625,4368.14990234375,4450.0,4356.375,4450.0,599118
2024-02-20,PERSISTENT,4284.6904296875,4350.4501953125,4399.5,4325.0,4368.14990234375,286222
2024-02-21,PERSISTENT,4195.55859375,4259.9501953125,4368.4501953125,4245.0,4362.5,292902
2024-02-22,PERSISTENT,4215.3798828125,4280.0751953125,4312.75,4252.5,4287.47509765625,384166
2024-02-23,PERSISTENT,4260.7587890625,4326.14990234375,4372.0,4310.0,4327.5,307192
2024-02-26,PERSISTENT,4149.02294921875,4212.7001953125,4325.0,4150.02490234375,4325.0,1476842
2024-02-27,PERSISTENT,4195.01708984375,4259.39990234375,4265.0,4204.5,4242.5,355210
2024-02-28,PERSISTENT,4140.62646484375,4204.1748046875,4270.0,4179.7998046875,4269.97509765625,221342
2024-02-29,PERSISTENT,4249.94970703125,4315.1748046875,4340.0,4153.9501953125,4202.5,602434
2024-03-01,PERSISTENT,4234.5107421875,4299.5,4363.5498046875,4285.4248046875,4315.2001953125,369366
2024-03-04,PERSISTENT,4171.55224609375,4235.5751953125,4299.0,4217.5,4287.5,639426
2024-03-05,PERSISTENT,4061.83642578125,4124.1748046875,4233.0,4117.5498046875,4230.0,411892
2024-03-06,PERSISTENT,4119.3544921875,4182.5751953125,4193.0751953125,4012.550048828125,4123.0,650350
2024-03-07,PERSISTENT,4122.77587890625,4186.0498046875,4209.97509765625,4152.5,4185.0,323434
2024-03-11,PERSISTENT,4055.040283203125,4117.27490234375,4219.97509765625,4097.3251953125,4219.97509765625,656282
2024-03-12,PERSISTENT,4043.344970703125,4105.39990234375,4170.0,4042.5,4118.89990234375,457462
2024-03-13,PERSISTENT,4002.2509765625,4063.675048828125,4157.5,4025.550048828125,4124.5,504070
2024-03-14,PERSISTENT,4091.505615234375,4154.2998046875,4175.875,3963.074951171875,4000.0,449832
2024-03-15,PERSISTENT,4152.49560546875,4216.22509765625,4227.4248046875,4090.0,4141.10009765625,770846
2024-03-18,PERSISTENT,4027.85791015625,4089.675048828125,4211.2001953125,4052.5,4203.0,980584
2024-03-19,PERSISTENT,3929.418701171875,3989.72509765625,4070.0,3972.5,4070.0,562856
2024-03-20,PERSISTENT,3940.744873046875,4001.22509765625,4026.0,3955.5,3991.47509765625,352936
2024-03-21,PERSISTENT,4040.4150390625,4102.4248046875,4124.35009765625,4027.47509765625,4027.47509765625,546380
2024-03-22,PERSISTENT,3925.45458984375,3985.699951171875,4042.5,3931.0,3989.97509765625,1033580
2024-03-26,PERSISTENT,3976.372802734375,4037.39990234375,4064.425048828125,3977.64990234375,3997.5,601872
2024-03-27,PERSISTENT,3988.610107421875,4049.824951171875,4064.0,4010.0,4050.0,445316
2024-03-28,PERSISTENT,3924.322021484375,3984.550048828125,4096.64990234375,3947.449951171875,4069.0,747068
2024-04-01,PERSISTENT,3936.23876953125,3996.64990234375,4076.39990234375,3932.0,4069.89990234375,841783
2024-04-02,PERSISTENT,3910.238037109375,3970.25,3989.0,3951.10009765625,3989.0,296000
2024-04-03,PERSISTENT,3912.84765625,3972.89990234375,3994.85009765625,3931.25,3970.199951171875,610324
2024-04-04,PERSISTENT,3968.59228515625,4029.5,4085.050048828125,3977.39990234375,4028.0,856395
2024-04-05,PERSISTENT,3936.337646484375,3996.75,4046.0,3970.0,4045.0,324838
2024-04-08,PERSISTENT,3844.79248046875,3903.800048828125,4010.800048828125,3731.64990234375,4005.949951171875,764262
2024-04-09,PERSISTENT,3897.041015625,3956.85009765625,3988.0,3891.10009765625,3930.0,282366
2024-04-10,PERSISTENT,3898.911865234375,3958.75,3979.35009765625,3940.0,3959.949951171875,138002
2024-04-12,PERSISTENT,3917.821533203125,3977.949951171875,4040.0,3960.0,3967.14990234375,328754
2024-04-15,PERSISTENT,3893.00244140625,3952.75,3993.10009765625,3905.0,3970.0,294122
2024-04-16,PERSISTENT,3799.930908203125,3858.25,3977.050048828125,3850.0,3940.0,324666
2024-04-18,PERSISTENT,3785.7978515625,3843.89990234375,3959.75,3821.550048828125,3929.0,417993
2024-04-19,PERSISTENT,3825.981201171875,3884.699951171875,3909.949951171875,3790.0,3833.050048828125,364067
2024-04-22,PERSISTENT,3455.4677734375,3508.5,3882.0,3316.0,3882.0,3702690
2024-04-23,PERSISTENT,3475.70703125,3529.050048828125,3559.10009765625,3470.75,3550.0,1623128
2024-04-24,PERSISTENT,3414.004150390625,3466.39990234375,3556.449951171875,3460.0,3550.0,1165495
2024-04-25,PERSISTENT,3378.4990234375,3430.35009765625,3478.699951171875,3415.5,3463.10009765625,615599
2024-04-26,PERSISTENT,3346.09619140625,3397.449951171875,3519.0,3391.0,3430.35009765625,761753
2024-04-29,PERSISTENT,3322.8037109375,3373.800048828125,3437.0,3357.0,3402.10009765625,769877
2024-04-30,PERSISTENT,3317.682373046875,3368.60009765625,3411.949951171875,3341.0,3341.0,595315
2024-05-02,PERSISTENT,3356.191162109375,3407.699951171875,3428.89990234375,3365.0,3400.0,432230
2024-05-03,PERSISTENT,3315.958984375,3366.85009765625,3445.35009765625,3361.0,3426.60009765625,345291
2024-05-06,PERSISTENT,3344.37255859375,3395.699951171875,3434.39990234375,3371.0,3371.0,340457
2024-05-07,PERSISTENT,3311.08349609375,3361.89990234375,3415.0,3321.0,3415.0,283529
2024-05-08,PERSISTENT,3336.592041015625,3387.800048828125,3395.35009765625,3318.0,3365.10009765625,275816
2024-05-09,PERSISTENT,3306.79931640625,3357.550048828125,3423.10009765625,3345.0,3370.10009765625,260033
2024-05-10,PERSISTENT,3316.598876953125,3367.5,3402.89990234375,3254.0,3330.0,574026
2024-05-13,PERSISTENT,3345.5546875,3396.89990234375,3409.0,3271.39990234375,3352.0,490848
2024-05-14,PERSISTENT,3372.2451171875,3424.0,3429.89990234375,3361.0,3400.0,328633
2024-05-15,PERSISTENT,3428.826416015625,3481.449951171875,3490.0,3413.0,3421.0,694250
2024-05-16,PERSISTENT,3475.115966796875,3528.449951171875,3551.300048828125,3482.050048828125,3520.0,521947
2024-05-17,PERSISTENT,3486.638916015625,3540.14990234375,3559.75,3512.800048828125,3540.050048828125,330396
2024-05-21,PERSISTENT,3460.78564453125,3513.89990234375,3527.300048828125,3465.5,3527.0,522945
2024-05-22,PERSISTENT,3446.40673828125,3499.300048828125,3534.0,3489.5,3510.0,351341
2024-05-23,PERSISTENT,3514.462158203125,3568.39990234375,3587.0,3500.0,3510.10009765625,358239
2024-05-24,PERSISTENT,3501.461669921875,3555.199951171875,3588.64990234375,3527.050048828125,3575.0,184591
2024-05-27,PERSISTENT,3680.21826171875,3736.699951171875,3784.39990234375,3560.0,3585.0,1556306
2024-05-28,PERSISTENT,3634.8642578125,3690.64990234375,3796.949951171875,3672.75,3750.0,425532
2024-05-29,PERSISTENT,3594.68115234375,3649.85009765625,3700.0,3622.75,3685.0,254189
2024-05-30,PERSISTENT,3463.888427734375,3517.050048828125,3640.0,3501.10009765625,3640.0,394086
2024-05-31,PERSISTENT,3358.948974609375,3410.5,3544.949951171875,3400.0,3531.0,898926
2024-06-03,PERSISTENT,3374.067138671875,3425.85009765625,3510.5,3375.0,3510.5,855315
2024-06-04,PERSISTENT,3301.185791015625,3351.85009765625,3455.0,3232.050048828125,3430.0,1165302
2024-06-05,PERSISTENT,3513.0341796875,3566.949951171875,3610.0,3360.0,3360.949951171875,678737
2024-06-06,PERSISTENT,3638.50830078125,3694.35009765625,3714.800048828125,3612.0,3625.0,314456
2024-06-07,PERSISTENT,3792.0517578125,3850.25,3873.449951171875,3732.0,3740.0,1005726
2024-06-10,PERSISTENT,3688.885009765625,3745.5,3888.0,3678.0,3855.0,1482160
2024-06-11,PERSISTENT,3677.411376953125,3733.85009765625,3791.199951171875,3725.5,3788.0,586636
2024-06-12,PERSISTENT,3713.507568359375,3770.5,3810.0,3740.949951171875,3740.949951171875,509955
2024-06-13,PERSISTENT,3733.402099609375,3790.699951171875,3834.300048828125,3779.699951171875,3809.0,493209
2024-06-14,PERSISTENT,3715.7724609375,3772.800048828125,3805.800048828125,3735.050048828125,3805.800048828125,555850
2024-06-18,PERSISTENT,3789.392822265625,3847.550048828125,3891.75,3773.0,3773.0,479189
2024-06-19,PERSISTENT,3784.468505859375,3842.550048828125,3896.39990234375,3765.0,3870.0,381743
2024-06-20,PERSISTENT,3839.4248046875,3898.35009765625,3912.949951171875,3827.550048828125,3842.550048828125,313508
2024-06-21,PERSISTENT,3884.827880859375,3944.449951171875,4102.2998046875,3926.64990234375,3950.0,1287631
2024-06-24,PERSISTENT,3908.12060546875,3968.10009765625,4031.199951171875,3892.949951171875,3939.949951171875,650360
2024-06-25,PERSISTENT,3914.12841796875,3974.199951171875,4008.89990234375,3951.699951171875,3999.89990234375,152461
2024-06-26,PERSISTENT,3891.180419921875,3950.89990234375,3999.89990234375,3940.0,3985.0,268164
2024-06-27,PERSISTENT,3970.66064453125,4031.60009765625,4057.0,3902.85009765625,3950.89990234375,644155
2024-06-28,PERSISTENT,4177.33837890625,4241.4501953125,4285.0,4025.0,4040.050048828125,1252644
2024-07-01,PERSISTENT,4428.18896484375,4496.14990234375,4548.9501953125,4227.2001953125,4245.0,1748520
2024-07-02,PERSISTENT,4433.70458984375,4501.75,4554.0,4423.0,4496.0,704120
2024-07-03,PERSISTENT,4523.96826171875,4593.39990234375,4622.10009765625,4482.10009765625,4544.9501953125,627211
2024-07-04,PERSISTENT,4679.087890625,4750.89990234375,4760.0,4600.0,4625.0,911163
2024-07-05,PERSISTENT,4699.13134765625,4771.25,4845.7001953125,4718.0,4769.85009765625,649373
2024-07-08,PERSISTENT,4516.97607421875,4586.2998046875,4784.9501953125,4566.25,4779.7998046875,971949
2024-07-09,PERSISTENT,4577.6298828125,4637.75,4679.0,4587.7998046875,4587.7998046875,362291
2024-07-10,PERSISTENT,4499.45654296875,4558.5498046875,4677.89990234375,4533.10009765625,4677.89990234375,535137
2024-07-11,PERSISTENT,4558.23486328125,4618.10009765625,4636.9501953125,4520.5,4594.89990234375,378000
2024-07-12,PERSISTENT,4746.166015625,4808.5,4928.9501953125,4629.2001953125,4700.0,1368072
2024-07-15,PERSISTENT,4732.34716796875,4794.5,4875.0,4768.25,4875.0,531936
2024-07-16,PERSISTENT,4757.9609375,4820.4501953125,4873.14990234375,4762.64990234375,4800.0,365068
2024-07-18,PERSISTENT,4832.6796875,4896.14990234375,4916.9501953125,4739.5498046875,4828.0,555572
2024-07-19,PERSISTENT,4524.03369140625,4583.4501953125,4799.85009765625,4535.0,4799.85009765625,1923719
2024-07-22,PERSISTENT,4697.3076171875,4759.0,4804.10009765625,4492.0,4583.4501953125,1177493
2024-07-23,PERSISTENT,4747.79443359375,4810.14990234375,4847.0,4555.7998046875,4752.0,875195
2024-07-24,PERSISTENT,4756.03662109375,4818.5,4837.4501953125,4760.0,4791.0,275627
2024-07-25,PERSISTENT,4655.9013671875,4717.0498046875,4815.0,4695.0,4740.0,413931
2024-07-26,PERSISTENT,4711.0771484375,4772.9501953125,4833.0,4720.0,4720.0,189950
2024-07-29,PERSISTENT,4716.65380859375,4778.60009765625,4845.0,4755.0,4823.64990234375,438646
2024-07-30,PERSISTENT,4714.6796875,4776.60009765625,4798.9501953125,4727.89990234375,4787.0,165048
2024-07-31,PERSISTENT,4769.6572265625,4832.2998046875,4964.7998046875,4790.0,4822.2001953125,731474
2024-08-01,PERSISTENT,4734.2724609375,4796.4501953125,4883.4501953125,4755.14990234375,4879.9501953125,253525
2024-08-02,PERSISTENT,4576.248046875,4636.35009765625,4785.89990234375,4626.9501953125,4745.0,354246
2024-08-05,PERSISTENT,4477.791015625,4536.60009765625,4588.0,4409.10009765625,4444.0,486624
2024-08-06,PERSISTENT,4441.12255859375,4499.4501953125,4636.35009765625,4479.7001953125,4510.0,276547
2024-08-07,PERSISTENT,4615.53173828125,4676.14990234375,4693.9501953125,4534.0,4560.0,380357
2024-08-08,PERSISTENT,4551.62158203125,4611.39990234375,4699.0,4600.0,4659.14990234375,293069
2024-08-09,PERSISTENT,4638.134765625,4699.0498046875,4741.89990234375,4635.0,4650.0,332736
2024-08-12,PERSISTENT,4615.28515625,4675.89990234375,4746.7001953125,4600.0,4660.0,569506
2024-08-13,PERSISTENT,4651.4599609375,4712.5498046875,4780.0,4670.5,4690.0,303146
2024-08-14,PERSISTENT,4702.34228515625,4764.10009765625,4788.0,4681.35009765625,4745.0,286749
2024-08-16,PERSISTENT,4794.18505859375,4857.14990234375,4938.7998046875,4825.0498046875,4850.0,490714
2024-08-19,PERSISTENT,4811.31103515625,4874.5,4922.0,4818.89990234375,4905.0,477064
2024-08-20,PERSISTENT,4871.17431640625,4935.14990234375,4996.89990234375,4905.0498046875,4920.0,390175
2024-08-21,PERSISTENT,4848.9169921875,4912.60009765625,4949.2998046875,4890.0,4935.0,167202
2024-08-22,PERSISTENT,4895.45556640625,4959.75,4997.7001953125,4922.5498046875,4945.0,264975
2024-08-23,PERSISTENT,4819.20654296875,4882.5,4968.0,4855.0,4960.0,253145
2024-08-26,PERSISTENT,4928.6689453125,4993.39990234375,5044.7001953125,4930.0,4960.0,878677
2024-08-27,PERSISTENT,4845.90576171875,4909.5498046875,5068.4501953125,4900.0,5005.0,394026
2024-08-28,PERSISTENT,4933.16015625,4997.9501953125,5050.0,4840.10009765625,4925.0,648876
2024-08-29,PERSISTENT,5012.12353515625,5077.9501953125,5095.2998046875,4958.9501953125,4982.0,374732
2024-08-30,PERSISTENT,5103.81884765625,5170.85009765625,5264.9501953125,5065.7998046875,5090.0,1385111
2024-09-02,PERSISTENT,5139.302734375,5206.7998046875,5270.0,5176.0498046875,5214.5,592833
2024-09-03,PERSISTENT,5222.0654296875,5290.64990234375,5322.64990234375,5187.10009765625,5206.7998046875,454305
2024-09-04,PERSISTENT,5181.6962890625,5249.75,5268.85009765625,5146.64990234375,5249.64990234375,425122
2024-09-05,PERSISTENT,5196.40283203125,5264.64990234375,5289.0,5230.2001953125,5289.0,219198
2024-09-06,PERSISTENT,5122.671875,5189.9501953125,5333.14990234375,5174.64990234375,5295.0,282134
2024-09-09,PERSISTENT,5101.74609375,5168.75,5255.9501953125,5131.5498046875,5199.0,414969
2024-09-10,PERSISTENT,5205.82958984375,5274.2001953125,5314.75,5211.0,5247.9501953125,343692
2024-09-11,PERSISTENT,5221.4736328125,5290.0498046875,5370.9501953125,5264.5498046875,5306.9501953125,308030
2024-09-12,PERSISTENT,5237.90771484375,5306.7001953125,5368.9501953125,5267.0,5350.0,306026
2024-09-13,PERSISTENT,5290.41845703125,5359.89990234375,5387.85009765625,5295.0,5358.0,285311
2024-09-16,PERSISTENT,5232.28173828125,5301.0,5384.10009765625,5285.64990234375,5370.0,288431
2024-09-17,PERSISTENT,5286.51904296875,5355.9501953125,5405.25,5275.0498046875,5301.0,267752
2024-09-18,PERSISTENT,5112.5546875,5179.7001953125,5356.75,5115.0,5320.0,485667
2024-09-19,PERSISTENT,5215.0576171875,5283.5498046875,5362.4501953125,5153.2001953125,5250.0,653730
2024-09-20,PERSISTENT,5285.630859375,5355.0498046875,5439.89990234375,5312.0,5325.14990234375,682525
2024-09-23,PERSISTENT,5260.412109375,5329.5,5406.89990234375,5317.0,5322.0,352574
2024-09-24,PERSISTENT,5319.140625,5389.0,5419.4501953125,5280.2001953125,5325.0,377128
2024-09-25,PERSISTENT,5254.09521484375,5323.10009765625,5392.4501953125,5310.0,5389.0,230951
2024-09-26,PERSISTENT,5356.10498046875,5426.4501953125,5447.7001953125,5302.7001953125,5360.0,461259
2024-09-27,PERSISTENT,5366.5185546875,5437.0,5585.9501953125,5425.64990234375,5510.0,510714
2024-09-30,PERSISTENT,5379.74462890625,5450.39990234375,5494.0,5388.0498046875,5420.0,404261
2024-10-01,PERSISTENT,5416.61083984375,5487.75,5499.0,5440.9501953125,5478.7998046875,148956
2024-10-03,PERSISTENT,5182.189453125,5250.25,5455.9501953125,5189.0,5401.10009765625,440650
2024-10-04,PERSISTENT,5074.65185546875,5141.2998046875,5369.0,5078.5,5260.25,1121466
2024-10-07,PERSISTENT,5162.35009765625,5230.14990234375,5276.0,5106.2001953125,5141.2998046875,491981
2024-10-08,PERSISTENT,5239.83251953125,5308.64990234375,5325.89990234375,5163.25,5264.0,362753
2024-10-09,PERSISTENT,5264.95263671875,5334.10009765625,5382.0,5290.0,5328.7001953125,224194
2024-10-10,PERSISTENT,5173.158203125,5241.10009765625,5397.60009765625,5212.0,5368.89990234375,242697
2024-10-11,PERSISTENT,5398.64697265625,5469.5498046875,5490.2001953125,5202.35009765625,5210.0,715281
2024-10-14,PERSISTENT,5543.8896484375,5616.7001953125,5638.9501953125,5457.0498046875,5477.0,446076
2024-10-15,PERSISTENT,5557.90478515625,5630.89990234375,5689.9501953125,5591.0,5689.9501953125,412806
2024-10-16,PERSISTENT,5471.9833984375,5543.85009765625,5668.35009765625,5525.0,5630.0,262790
2024-10-17,PERSISTENT,5464.23486328125,5536.0,5595.0,5475.0,5564.89990234375,250036
2024-10-18,PERSISTENT,5434.7724609375,5506.14990234375,5541.0,5403.10009765625,5530.0,177195
2024-10-21,PERSISTENT,5179.623046875,5247.64990234375,5560.0,5205.0,5508.0,498478
2024-10-22,PERSISTENT,5091.3330078125,5158.2001953125,5318.0,5136.0,5252.0,328921
2024-10-23,PERSISTENT,5644.6162109375,5718.75,5798.7001953125,5194.60009765625,5209.2998046875,2690817
2024-10-24,PERSISTENT,5617.423828125,5691.2001953125,5736.75,5541.89990234375,5693.4501953125,568209
2024-10-25,PERSISTENT,5597.38671875,5670.89990234375,5760.0,5609.0,5748.2001953125,518325
2024-10-28,PERSISTENT,5593.04345703125,5666.5,5737.9501953125,5625.0498046875,5655.0,332890
2024-10-29,PERSISTENT,5596.99169921875,5670.5,5700.0,5590.0498046875,5698.0,217939
2024-10-30,PERSISTENT,5545.0244140625,5617.85009765625,5731.2001953125,5600.89990234375,5671.0,260384
2024-10-31,PERSISTENT,5302.8544921875,5372.5,5625.0,5300.0498046875,5625.0,867619
2024-11-01,PERSISTENT,5319.140625,5389.0,5589.9501953125,5361.35009765625,5405.0,44938
2024-11-04,PERSISTENT,5289.0361328125,5358.5,5464.89990234375,5298.0,5387.0,509193
2024-11-05,PERSISTENT,5349.9365234375,5420.2001953125,5442.0,5302.0,5302.0,262919
2024-11-06,PERSISTENT,5643.5302734375,5717.64990234375,5745.7998046875,5443.14990234375,5470.0,690288
2024-11-07,PERSISTENT,5663.0244140625,5737.39990234375,5799.25,5655.4501953125,5755.0,517587
2024-11-08,PERSISTENT,5595.21533203125,5668.7001953125,5830.0,5653.7001953125,5757.35009765625,376081
2024-11-11,PERSISTENT,5647.478515625,5721.64990234375,5750.0,5610.7998046875,5690.0,277838
2024-11-12,PERSISTENT,5606.51611328125,5680.14990234375,5765.0,5656.25,5750.0,250857
2024-11-13,PERSISTENT,5567.4794921875,5640.60009765625,5700.0,5589.0,5690.0,283558
2024-11-14,PERSISTENT,5639.73046875,5713.7998046875,5783.89990234375,5660.0,5670.0,379197
2024-11-18,PERSISTENT,5572.90771484375,5646.10009765625,5755.0,5582.0,5728.7998046875,411485
2024-11-19,PERSISTENT,5636.27587890625,5710.2998046875,5798.14990234375,5632.0498046875,5655.0,361445
2024-11-21,PERSISTENT,5651.27880859375,5725.5,5792.0,5654.14990234375,5668.9501953125,443952
2024-11-22,PERSISTENT,5721.111328125,5796.25,5868.75,5752.2001953125,5780.0,688598
2024-11-25,PERSISTENT,5840.9873046875,5917.7001953125,5947.0,5805.4501953125,5875.0,960293
2024-11-26,PERSISTENT,5891.5732421875,5968.9501953125,6011.75,5921.2998046875,5940.0,334966
2024-11-27,PERSISTENT,5834.275390625,5910.89990234375,6042.0,5900.89990234375,5968.9501953125,313105
2024-11-28,PERSISTENT,5745.1953125,5820.64990234375,5938.7998046875,5802.0498046875,5932.0,299071
2024-11-29,PERSISTENT,5829.09375,5905.64990234375,5933.9501953125,5810.85009765625,5842.7998046875,333871
2024-12-02,PERSISTENT,5855.49658203125,5932.39990234375,5975.0,5853.64990234375,5905.64990234375,278981
2024-12-03,PERSISTENT,5962.98486328125,6041.2998046875,6048.14990234375,5856.0,5940.0,443857
2024-12-04,PERSISTENT,5933.423828125,6011.35009765625,6079.9501953125,5963.5,6079.9501953125,336960
2024-12-05,PERSISTENT,6022.6513671875,6101.75,6148.0,6075.4501953125,6130.60009765625,618889
2024-12-06,PERSISTENT,6094.21142578125,6174.25,6188.9501953125,6065.0,6090.0,328550
2024-12-09,PERSISTENT,6153.43408203125,6234.25,6276.89990234375,6178.7998046875,6178.7998046875,530525
2024-12-10,PERSISTENT,6263.09375,6345.35009765625,6383.4501953125,6200.7001953125,6200.7001953125,601991
2024-12-11,PERSISTENT,6277.306640625,6359.75,6372.5,6262.0,6358.0,221150
2024-12-12,PERSISTENT,6352.51953125,6435.9501953125,6509.0,6390.0,6407.64990234375,642487
2024-12-13,PERSISTENT,6393.67822265625,6477.64990234375,6492.7001953125,6345.0,6420.0498046875,233247
2024-12-16,PERSISTENT,6424.2275390625,6508.60009765625,6520.4501953125,6438.2001953125,6492.9501953125,218943
2024-12-17,PERSISTENT,6464.44970703125,6549.35009765625,6575.0,6484.10009765625,6515.0,317724
2024-12-18,PERSISTENT,6463.36328125,6548.25,6597.0,6514.0498046875,6540.0,194969
2024-12-19,PERSISTENT,6587.68115234375,6674.2001953125,6699.7998046875,6331.0,6352.0,785692
2024-12-20,PERSISTENT,6286.14111328125,6368.7001953125,6788.89990234375,6353.0,6748.0,553867
2024-12-23,PERSISTENT,6320.14404296875,6403.14990234375,6491.5,6368.7001953125,6413.14990234375,256100
2024-12-24,PERSISTENT,6268.57177734375,6350.89990234375,6439.9501953125,6275.85009765625,6437.89990234375,224656
2024-12-26,PERSISTENT,6312.8896484375,6395.7998046875,6412.7998046875,6299.2998046875,6364.9501953125,153355
2024-12-27,PERSISTENT,6310.71826171875,6393.60009765625,6422.7998046875,6356.10009765625,6400.0,143250
2024-12-30,PERSISTENT,6551.65380859375,6637.7001953125,6768.7998046875,6288.9501953125,6410.0498046875,2234552
2024-12-31,PERSISTENT,6373.9873046875,6457.7001953125,6523.14990234375,6273.7998046875,6490.0,573708
2025-01-01,PERSISTENT,6353.357421875,6436.7998046875,6502.0498046875,6344.0,6457.64990234375,189395
2025-01-02,PERSISTENT,6397.1328125,6481.14990234375,6513.0,6400.0,6435.0,249756
2025-01-03,PERSISTENT,6322.908203125,6405.9501953125,6527.85009765625,6311.7001953125,6499.0,246196
2025-01-06,PERSISTENT,6229.3369140625,6311.14990234375,6488.85009765625,6267.5,6405.9501953125,314015
2025-01-07,PERSISTENT,6252.1865234375,6334.2998046875,6404.39990234375,6300.0,6319.9501953125,367951
2025-01-08,PERSISTENT,6149.4365234375,6230.2001953125,6333.25,6092.10009765625,6330.0,454176
2025-01-09,PERSISTENT,6099.24560546875,6179.35009765625,6296.0,6142.7001953125,6223.35009765625,377541
2025-01-10,PERSISTENT,6237.7265625,6319.64990234375,6410.0,6175.10009765625,6175.10009765625,705635
2025-01-13,PERSISTENT,5925.576171875,6003.39990234375,6306.64990234375,5985.10009765625,6289.25,540037
2025-01-14,PERSISTENT,5803.875,5880.10009765625,6069.0,5850.0,6047.5,839681
2025-01-15,PERSISTENT,6032.02783203125,6111.25,6219.39990234375,5914.7998046875,5940.0,1295234
2025-01-16,PERSISTENT,5992.892578125,6071.60009765625,6215.0,6051.10009765625,6155.2001953125,284470
2025-01-17,PERSISTENT,5883.923828125,5961.2001953125,6095.0,5930.35009765625,6095.0,281302
2025-01-20,PERSISTENT,6011.94140625,6090.89990234375,6152.39990234375,5840.0,5994.0,500440
2025-01-21,PERSISTENT,5820.259765625,5896.7001953125,6143.75,5881.7001953125,6095.39990234375,281341
2025-01-22,PERSISTENT,5609.4775390625,5683.14990234375,5872.5,5445.0,5750.0,1209268
2025-01-23,PERSISTENT,6206.19091796875,6287.7001953125,6359.10009765625,5783.14990234375,5790.0,2738505
2025-01-24,PERSISTENT,6278.19482421875,6360.64990234375,6501.0,6230.0498046875,6287.7001953125,1433020
2025-01-27,PERSISTENT,5982.67626953125,6061.25,6312.39990234375,6017.85009765625,6298.7998046875,571171
2025-01-28,PERSISTENT,5833.6826171875,5910.2998046875,6059.0,5871.25,6000.0,681360
2025-01-29,PERSISTENT,6194.59326171875,6275.9501953125,6310.0,5970.0,5970.0,724783
2025-01-30,PERSISTENT,5978.185546875,6056.7001953125,6338.60009765625,6025.5,6310.0,454129
2025-01-31,PERSISTENT,5974.125,6032.60009765625,6137.2001953125,5964.0,6080.39990234375,354309
2025-02-01,PERSISTENT,5876.03515625,5933.5498046875,6138.89990234375,5833.10009765625,6047.75,317096
2025-02-03,PERSISTENT,6017.84716796875,6076.75,6107.9501953125,5477.5498046875,5830.0,557306
2025-02-04,PERSISTENT,6052.65673828125,6111.89990234375,6253.9501953125,6008.0498046875,6128.85009765625,440631
2025-02-05,PERSISTENT,6129.455078125,6189.4501953125,6246.7001953125,6120.0,6157.64990234375,342294
2025-02-06,PERSISTENT,6168.2255859375,6228.60009765625,6295.0,6210.5,6240.0,270778
2025-02-07,PERSISTENT,6193.478515625,6254.10009765625,6303.9501953125,6190.0,6230.0,246917
2025-02-10,PERSISTENT,5935.80078125,5993.89990234375,6284.89990234375,5956.10009765625,6280.0,265630
2025-02-11,PERSISTENT,5771.85498046875,5828.35009765625,6038.39990234375,5783.85009765625,6026.35009765625,255594
2025-02-12,PERSISTENT,5649.8994140625,5705.2001953125,5860.0,5683.0498046875,5839.9501953125,283805
2025-02-13,PERSISTENT,5608.4052734375,5663.2998046875,5788.25,5618.0,5721.9501953125,233733
2025-02-14,PERSISTENT,5508.7802734375,5562.7001953125,5728.85009765625,5490.10009765625,5700.0,370089
2025-02-17,PERSISTENT,5477.6845703125,5531.2998046875,5562.7001953125,5388.5,5562.7001953125,331116
2025-02-18,PERSISTENT,5741.056640625,5797.25,5814.0,5562.10009765625,5594.25,836676
2025-02-19,PERSISTENT,5842.6123046875,5899.7998046875,5969.64990234375,5739.10009765625,5787.89990234375,509368
2025-02-20,PERSISTENT,5860.537109375,5917.89990234375,5949.9501953125,5838.2001953125,5848.7998046875,215467
2025-02-21,PERSISTENT,5654.94970703125,5710.2998046875,5937.39990234375,5680.0,5925.0,335451
2025-02-24,PERSISTENT,5585.1328125,5639.7998046875,5690.0,5465.7001953125,5628.0,649930
2025-02-25,PERSISTENT,5454.70947265625,5508.10009765625,5670.0,5470.0,5520.0,338075
2025-02-27,PERSISTENT,5420.19677734375,5473.25,5550.2998046875,5400.0,5525.0,354670
2025-02-28,PERSISTENT,5252.48828125,5303.89990234375,5472.60009765625,5149.2001953125,5370.0,1607716
2025-03-03,PERSISTENT,5241.24853515625,5292.5498046875,5354.85009765625,5105.0,5303.89990234375,505746
2025-03-04,PERSISTENT,5103.05126953125,5153.0,5225.2001953125,5085.0498046875,5186.7001953125,527077
2025-03-05,PERSISTENT,5338.84326171875,5391.10009765625,5466.0,5085.0498046875,5085.0498046875,890952
2025-03-06,PERSISTENT,5251.8447265625,5303.25,5492.7001953125,5267.89990234375,5431.2001953125,701133
2025-03-07,PERSISTENT,5227.63134765625,5278.7998046875,5323.14990234375,5168.0,5270.0,370208
2025-03-10,PERSISTENT,5116.916015625,5167.0,5309.0,5120.0,5279.4501953125,233490
2025-03-11,PERSISTENT,5189.1591796875,5239.9501953125,5267.0,4989.9501953125,5105.0,405424
2025-03-12,PERSISTENT,5134.939453125,5185.2001953125,5273.39990234375,5033.0,5232.0,542214
2025-03-13,PERSISTENT,5076.0654296875,5125.75,5241.35009765625,5075.0,5170.2001953125,401647
2025-03-17,PERSISTENT,5117.21240234375,5167.2998046875,5218.35009765625,5034.7998046875,5125.75,840748
2025-03-18,PERSISTENT,5117.21240234375,5167.2998046875,5167.2998046875,5167.2998046875,5167.2998046875,0
2025-03-19,PERSISTENT,5229.4150390625,5280.60009765625,5328.0498046875,5152.0498046875,5302.0,672425
2025-03-20,PERSISTENT,5143.703125,5194.0498046875,5385.0,5184.60009765625,5340.0,621056
2025-03-21,PERSISTENT,5224.4130859375,5275.5498046875,5323.0,5028.2001953125,5104.64990234375,789021
2025-03-24,PERSISTENT,5368.75,5421.2998046875,5508.39990234375,5232.25,5306.0,569197
2025-03-25,PERSISTENT,5504.42236328125,5558.2998046875,5633.0,5435.14990234375,5499.0,827076
2025-03-26,PERSISTENT,5463.52294921875,5517.0,5623.60009765625,5477.7998046875,5574.0,416614
2025-03-27,PERSISTENT,5586.76708984375,5641.4501953125,5669.0,5440.60009765625,5440.60009765625,593246
2025-03-28,PERSISTENT,5460.30419921875,5513.75,5700.4501953125,5466.5,5665.0,317428
2025-04-01,PERSISTENT,5161.033203125,5211.5498046875,5509.64990234375,5189.7998046875,5494.0,453706
2025-04-02,PERSISTENT,5265.95703125,5317.5,5411.9501953125,5218.75,5253.64990234375,525175
2025-04-03,PERSISTENT,4746.8876953125,4793.35009765625,5145.0,4771.5498046875,5120.39990234375,2581937
2025-04-04,PERSISTENT,4565.26513671875,4609.9501953125,4772.35009765625,4498.60009765625,4750.0,2694235
2025-04-07,PERSISTENT,4529.2177734375,4573.5498046875,4630.0,4148.9501953125,4148.9501953125,1802134
2025-04-08,PERSISTENT,4550.75732421875,4595.2998046875,4920.0,4576.35009765625,4718.5498046875,1299383
2025-04-09,PERSISTENT,4360.0732421875,4402.75,4535.14990234375,4341.4501953125,4518.5498046875,1279395
2025-04-11,PERSISTENT,4500.548828125,4544.60009765625,4584.89990234375,4413.0,4525.0,1076005
2025-04-15,PERSISTENT,4670.28759765625,4716.0,4728.0,4562.0,4641.5,583389
2025-04-16,PERSISTENT,4659.88916015625,4705.5,4737.0,4647.5,4716.0,389526
2025-04-17,PERSISTENT,4789.1240234375,4836.0,4855.0,4555.0,4650.0,632950
2025-04-21,PERSISTENT,4852.99853515625,4900.5,5006.0,4715.0,4818.5,743849
2025-04-22,PERSISTENT,4912.91259765625,4961.0,5025.0,4863.0,4863.0,461798
2025-04-23,PERSISTENT,5113.44921875,5163.5,5249.0,5033.0,5050.0,1465607
2025-04-24,PERSISTENT,5106.51708984375,5156.5,5387.5,5131.0,5272.0,2537811
2025-04-25,PERSISTENT,5222.38330078125,5273.5,5329.0,5138.0,5233.0,1391012
2025-04-28,PERSISTENT,5235.751953125,5287.0,5315.0,5172.5,5293.5,605942
2025-04-29,PERSISTENT,5351.6181640625,5404.0,5444.0,5252.0,5258.5,733031
2025-04-30,PERSISTENT,5269.91796875,5321.5,5433.5,5277.0,5400.0,568446
2025-05-02,PERSISTENT,5354.09423828125,5406.5,5487.0,5332.0,5332.0,509581
2025-05-05,PERSISTENT,5479.3681640625,5533.0,5568.0,5459.5,5490.0,402811
2025-05-06,PERSISTENT,5372.41455078125,5425.0,5630.5,5405.0,5560.0,368401
2025-05-07,PERSISTENT,5450.6494140625,5504.0,5518.0,5310.5,5325.0,411265
2025-05-08,PERSISTENT,5416.4833984375,5469.5,5585.0,5450.0,5555.0,330638
2025-05-09,PERSISTENT,5390.240234375,5443.0,5488.0,5315.5,5315.5,299463
2025-05-12,PERSISTENT,5819.53857421875,5876.5,5929.0,5556.5,5640.0,936725
2025-05-13,PERSISTENT,5705.158203125,5761.0,5955.0,5748.0,5955.0,620746
2025-05-14,PERSISTENT,5702.68212890625,5758.5,5817.5,5640.0,5799.0,495296
2025-05-15,PERSISTENT,5598.69970703125,5653.5,5798.5,5552.0,5770.0,1002976
2025-05-16,PERSISTENT,5643.7587890625,5699.0,5708.0,5625.0,5667.0,410772
2025-05-19,PERSISTENT,5614.544921875,5669.5,5732.0,5605.5,5650.0,287926
2025-05-20,PERSISTENT,5592.26318359375,5647.0,5815.0,5619.0,5718.0,554900
2025-05-21,PERSISTENT,5615.04052734375,5670.0,5715.0,5575.0,5690.0,256723
2025-05-22,PERSISTENT,5528.38818359375,5582.5,5685.5,5487.0,5625.0,530747
2025-05-23,PERSISTENT,5607.11767578125,5662.0,5733.0,5595.5,5610.0,279220
2025-05-26,PERSISTENT,5635.8369140625,5691.0,5705.5,5632.5,5690.0,176868
2025-05-27,PERSISTENT,5590.77734375,5645.5,5725.0,5614.0,5700.0,346050
2025-05-28,PERSISTENT,5529.87353515625,5584.0,5716.0,5571.0,5699.0,237413
2025-05-29,PERSISTENT,5615.04052734375,5670.0,5725.0,5628.0,5645.0,319452
2025-05-30,PERSISTENT,5583.35009765625,5638.0,5694.5,5590.0,5676.0,568563
2025-06-02,PERSISTENT,5465.50341796875,5519.0,5635.0,5449.0,5632.0,465790
2025-06-03,PERSISTENT,5431.83349609375,5485.0,5630.0,5475.5,5562.0,327547
2025-06-04,PERSISTENT,5450.6494140625,5504.0,5528.0,5469.0,5500.0,245070
2025-06-05,PERSISTENT,5568.49609375,5623.0,5646.5,5486.0,5515.0,386683
2025-06-06,PERSISTENT,5621.47705078125,5676.5,5693.0,5556.0,5622.0,252969
2025-06-09,PERSISTENT,5734.3720703125,5790.5,5815.0,5694.0,5725.0,335979
2025-06-10,PERSISTENT,5888.3642578125,5946.0,6050.0,5801.5,5815.0,908647
2025-06-11,PERSISTENT,5907.67529296875,5965.5,5993.5,5904.5,5960.5,346228
2025-06-12,PERSISTENT,5864.59716796875,5922.0,5995.0,5837.5,5970.0,428130
2025-06-13,PERSISTENT,5825.48046875,5882.5,5965.5,5736.0,5760.0,301316
2025-06-16,PERSISTENT,5960.6572265625,6019.0,6041.5,5841.0,5911.0,540382
2025-06-17,PERSISTENT,6009.18212890625,6068.0,6145.0,6004.0,6045.0,672714
2025-06-18,PERSISTENT,5967.09375,6025.5,6128.0,6010.0,6065.0,265478
2025-06-19,PERSISTENT,5841.3251953125,5898.5,6041.5,5867.5,6039.0,419777
2025-06-20,PERSISTENT,6047.30908203125,6106.5,6130.0,5895.5,5900.0,662959
2025-06-23,PERSISTENT,6021.0654296875,6080.0,6155.0,6044.5,6066.0,442534
2025-06-24,PERSISTENT,6023.54150390625,6082.5,6180.0,6060.0,6180.0,358910
2025-06-25,PERSISTENT,6049.2900390625,6108.5,6176.5,6090.0,6138.0,292512
2025-06-26,PERSISTENT,5996.8037109375,6055.5,6140.0,6006.0,6140.0,555658
2025-06-27,PERSISTENT,5952.2392578125,6010.5,6133.0,5984.5,6065.0,1074099
2025-06-30,PERSISTENT,5982.93896484375,6041.5,6084.0,5985.0,6025.0,362533
2025-07-01,PERSISTENT,5979.96826171875,6038.5,6097.5,5987.0,6059.5,412381
2025-07-02,PERSISTENT,5956.201171875,6014.5,6113.0,5975.5,6039.5,320897
2025-07-03,PERSISTENT,5892.8212890625,5950.5,6088.0,5921.0,6039.5,222105
2025-07-04,PERSISTENT,5838.849609375,5896.0,5975.0,5838.5,5965.0,153281
2025-07-07,PERSISTENT,5783.88720703125,5840.5,5895.0,5805.0,5885.0,289291
2025-07-08,PERSISTENT,5727.93505859375,5784.0,5950.0,5735.0,5845.5,360059
2025-07-09,PERSISTENT,5668.5166015625,5724.0,5803.5,5711.0,5791.0,276308
2025-07-10,PERSISTENT,5625.4384765625,5680.5,5748.0,5637.0,5748.0,287650
2025-07-11,PERSISTENT,5524.4267578125,5578.5,5665.0,5560.0,5600.0,261377
2025-07-14,PERSISTENT,5565.63525390625,5605.0,5625.0,5500.0,5550.0,263267
2025-07-15,PERSISTENT,5542.30029296875,5581.5,5665.0,5565.5,5629.0,526331
2025-07-16,PERSISTENT,5553.22314453125,5592.5,5625.0,5561.5,5600.0,461144
2025-07-17,PERSISTENT,5455.9111328125,5494.5,5614.5,5475.0,5614.5,408609
2025-07-18,PERSISTENT,5508.5390625,5547.5,5629.5,5415.0,5503.0,780185
2025-07-21,PERSISTENT,5738.41357421875,5779.0,5806.0,5560.0,5560.0,688971
2025-07-22,PERSISTENT,5673.37353515625,5713.5,5849.0,5703.5,5825.0,376423
2025-07-23,PERSISTENT,5566.1318359375,5605.5,5774.5,5567.5,5732.0,456892
2025-07-24,PERSISTENT,5137.662109375,5174.0,5525.0,5086.0,5525.0,3549027
2025-07-25,PERSISTENT,5114.3271484375,5150.5,5247.5,5116.5,5174.0,836047
2025-07-28,PERSISTENT,5113.33447265625,5149.5,5209.5,5087.0,5149.5,506242
2025-07-29,PERSISTENT,5140.14501953125,5176.5,5206.5,5091.5,5142.0,406100
2025-07-30,PERSISTENT,5126.2431640625,5162.5,5195.5,5099.5,5185.0,365158
2025-07-31,PERSISTENT,5124.25732421875,5160.5,5195.0,5082.0,5100.0,549977
2025-08-01,PERSISTENT,5025.95263671875,5061.5,5160.5,5040.0,5135.0,329351
2025-08-04,PERSISTENT,5141.1376953125,5177.5,5187.5,5017.5,5055.0,468127
2025-08-05,PERSISTENT,5155.03955078125,5191.5,5202.0,5113.5,5177.5,404213
2025-08-06,PERSISTENT,5011.55419921875,5047.0,5196.0,5036.0,5192.0,414065
2025-08-07,PERSISTENT,5146.1025390625,5182.5,5195.0,5008.5,5025.0,469097
2025-08-08,PERSISTENT,5069.6435546875,5105.5,5193.5,5085.5,5187.0,250504
2025-08-11,PERSISTENT,5134.68310546875,5171.0,5201.0,5066.0,5090.5,322296
2025-08-12,PERSISTENT,5195.75146484375,5232.5,5290.0,5180.0,5214.5,553305
2025-08-13,PERSISTENT,5210.64599609375,5247.5,5277.5,5202.0,5275.0,242009
2025-08-14,PERSISTENT,5251.85498046875,5289.0,5330.0,5247.5,5265.0,506273
2025-08-18,PERSISTENT,5195.75146484375,5232.5,5329.5,5219.0,5324.0,376172
2025-08-19,PERSISTENT,5199.7236328125,5236.5,5265.5,5180.0,5245.5,450569
2025-08-20,PERSISTENT,5307.46142578125,5345.0,5370.0,5200.0,5200.0,628849
2025-08-21,PERSISTENT,5309.94384765625,5347.5,5373.0,5275.0,5360.0,307013
2025-08-22,PERSISTENT,5331.29296875,5369.0,5420.0,5330.5,5370.0,477641
2025-08-25,PERSISTENT,5411.72412109375,5450.0,5509.5,5381.0,5401.0,639042
2025-08-26,PERSISTENT,5338.740234375,5376.5,5475.0,5355.0,5410.0,460418
2025-08-28,PERSISTENT,5276.1826171875,5313.5,5400.0,5287.5,5400.0,316243
2025-08-29,PERSISTENT,5268.23876953125,5305.5,5329.5,5228.0,5308.5,487634
2025-09-01,PERSISTENT,5381.93505859375,5420.0,5434.0,5315.5,5335.5,155910
2025-09-02,PERSISTENT,5364.5576171875,5402.5,5449.0,5375.5,5425.5,260470
2025-09-03,PERSISTENT,5329.30712890625,5367.0,5406.5,5301.5,5391.0,263011
2025-09-04,PERSISTENT,5256.3232421875,5293.5,5412.5,5269.0,5374.0,208090
2025-09-05,PERSISTENT,5095.95751953125,5132.0,5332.5,5090.0,5300.0,720110
2025-09-08,PERSISTENT,4975.80712890625,5011.0,5169.0,5002.5,5132.0,482061
2025-09-09,PERSISTENT,5094.96435546875,5131.0,5136.0,5024.5,5024.5,479409
2025-09-10,PERSISTENT,5380.94189453125,5419.0,5430.0,5150.5,5150.5,825208
2025-09-11,PERSISTENT,5369.5224609375,5407.5,5450.5,5309.5,5419.0,604933
2025-09-12,PERSISTENT,5372.99755859375,5411.0,5449.0,5362.0,5440.0,197972
2025-09-15,PERSISTENT,5325.83154296875,5363.5,5466.5,5331.5,5461.0,299865
2025-09-16,PERSISTENT,5451.939453125,5490.5,5555.0,5352.5,5369.5,579399
2025-09-17,PERSISTENT,5496.62353515625,5535.5,5690.0,5515.5,5534.5,818900
2025-09-18,PERSISTENT,5528.39892578125,5567.5,5644.0,5526.0,5578.5,517640
2025-09-19,PERSISTENT,5467.33056640625,5506.0,5593.5,5476.0,5550.5,659556
2025-09-22,PERSISTENT,5233.98095703125,5271.0,5360.5,5187.0,5350.0,1437841
2025-09-23,PERSISTENT,5203.6953125,5240.5,5296.5,5194.5,5275.5,450288
2025-09-24,PERSISTENT,5155.03955078125,5191.5,5229.5,5132.0,5211.0,608045
2025-09-25,PERSISTENT,5066.66455078125,5102.5,5237.5,5079.0,5180.0,353200
2025-09-26,PERSISTENT,4916.228515625,4951.0,5099.5,4936.5,5090.0,364067
2025-09-29,PERSISTENT,4836.2939453125,4870.5,4980.0,4854.0,4980.0,597302
2025-09-30,PERSISTENT,4788.630859375,4822.5,4917.0,4785.0,4877.5,831690
2025-10-01,PERSISTENT,4920.59765625,4955.39990234375,4974.89990234375,4803.5,4859.60009765625,285409
2025-10-03,PERSISTENT,5033.20068359375,5068.7998046875,5077.10009765625,4953.7001953125,4975.0,362977
2025-10-06,PERSISTENT,5152.8544921875,5189.2998046875,5235.0,5090.0,5094.0,499790
2025-10-07,PERSISTENT,5234.18017578125,5271.2001953125,5290.0,5176.0,5200.0,260970
2025-10-08,PERSISTENT,5226.6328125,5263.60009765625,5335.0,5209.10009765625,5262.0,327033
2025-10-09,PERSISTENT,5307.7587890625,5345.2998046875,5355.0,5254.10009765625,5270.0,233688
2025-10-10,PERSISTENT,5320.07275390625,5357.7001953125,5403.5,5280.0,5380.0,277817
2025-10-13,PERSISTENT,5292.26904296875,5329.7001953125,5338.60009765625,5202.0,5327.89990234375,291416
2025-10-14,PERSISTENT,5300.41162109375,5337.89990234375,5438.0,5287.39990234375,5360.0,406572
2025-10-15,PERSISTENT,5684.3955078125,5724.60009765625,5738.39990234375,5465.5,5522.0,3470286
2025-10-16,PERSISTENT,5800.474609375,5841.5,5850.0,5703.2001953125,5722.10009765625,940813
2025-10-17,PERSISTENT,5715.27734375,5755.7001953125,5825.0,5725.0,5800.0,469353
2025-10-20,PERSISTENT,5803.65234375,5844.7001953125,5859.89990234375,5768.7001953125,5783.39990234375,373324
2025-10-21,PERSISTENT,5759.365234375,5800.10009765625,5860.0,5785.0,5825.0,33872
2025-10-23,PERSISTENT,5794.91357421875,5835.89990234375,5977.0,5816.7998046875,5910.0,906223
2025-10-24,PERSISTENT,5785.08349609375,5826.0,5929.2998046875,5800.0,5843.89990234375,383009
2025-10-27,PERSISTENT,5836.8173828125,5878.10009765625,5900.0,5845.10009765625,5880.0,232662
2025-10-28,PERSISTENT,5785.97705078125,5826.89990234375,5874.7998046875,5782.0,5782.0,425499
2025-10-29,PERSISTENT,5849.72607421875,5891.10009765625,5915.5,5815.39990234375,5830.0,307900
2025-10-30,PERSISTENT,5919.83056640625,5961.7001953125,5967.0,5881.0,5891.10009765625,241544
2025-10-31,PERSISTENT,5875.046875,5916.60009765625,5965.0,5875.10009765625,5961.7001953125,336904
2025-11-03,PERSISTENT,5889.345703125,5931.0,5940.0,5853.0,5920.0,135144
2025-11-04,PERSISTENT,5817.35498046875,5858.5,5955.0,5814.5,5920.0,338741
2025-11-06,PERSISTENT,5800.970703125,5842.0,5926.5,5796.5,5926.5,341274
2025-11-07,PERSISTENT,5740.3994140625,5781.0,5842.0,5699.0,5842.0,279260
2025-11-10,PERSISTENT,5823.31298828125,5864.5,5889.0,5766.5,5789.0,304472
2025-11-11,PERSISTENT,5988.6435546875,6031.0,6040.0,5880.5,5899.5,766563
2025-11-12,PERSISTENT,6091.41650390625,6134.5,6168.0,6045.5,6045.5,505785
2025-11-13,PERSISTENT,6093.89892578125,6137.0,6185.5,6077.5,6135.0,301945
2025-11-14,PERSISTENT,6058.15234375,6101.0,6136.5,6034.0,6100.0,198063
2025-11-17,PERSISTENT,6073.54296875,6116.5,6135.0,6069.0,6129.0,239271
2025-11-18,PERSISTENT,6036.802734375,6079.5,6125.0,6062.0,6110.0,255511
2025-11-19,PERSISTENT,6271.64208984375,6316.0,6342.0,6076.0,6080.0,874803
2025-11-20,PERSISTENT,6305.8994140625,6350.5,6419.0,6315.0,6316.0,481898
2025-11-21,PERSISTENT,6252.27880859375,6296.5,6370.0,6262.5,6324.5,342405
2025-11-24,PERSISTENT,6329.73095703125,6374.5,6426.5,6297.0,6300.0,1378541
2025-11-25,PERSISTENT,6325.75927734375,6370.5,6421.5,6324.0,6421.5,225848
2025-11-26,PERSISTENT,6369.94677734375,6415.0,6421.5,6360.0,6404.5,167018
2025-11-27,PERSISTENT,6386.82763671875,6432.0,6478.0,6383.5,6425.0,445809
2025-11-28,PERSISTENT,6308.38232421875,6353.0,6455.0,6318.5,6440.0,208808
2025-12-01,PERSISTENT,6361.009765625,6406.0,6425.0,6331.0,6375.5,199542
2025-12-02,PERSISTENT,6348.59765625,6393.5,6447.0,6337.5,6390.0,253320
2025-12-03,PERSISTENT,6286.53662109375,6331.0,6408.0,6295.0,6393.5,342367
2025-12-04,PERSISTENT,6406.6865234375,6452.0,6528.5,6334.0,6380.0,668828
2025-12-05,PERSISTENT,6474.7060546875,6520.5,6531.5,6428.0,6453.0,204572
2025-12-08,PERSISTENT,6302.42431640625,6347.0,6553.0,6311.0,6551.0,354529
2025-12-09,PERSISTENT,6257.740234375,6302.0,6358.0,6217.0,6336.5,482730
2025-12-10,PERSISTENT,5991.1259765625,6033.5,6373.0,6013.5,6321.5,518858
2025-12-11,PERSISTENT,6160.4287109375,6204.0,6229.5,6019.0,6041.5,578216
2025-12-12,PERSISTENT,6291.998046875,6336.5,6357.0,6204.0,6240.0,311443
2025-12-15,PERSISTENT,6253.27197265625,6297.5,6336.5,6259.0,6321.0,185159
2025-12-16,PERSISTENT,6219.01416015625,6263.0,6310.0,6190.0,6260.0,235762
2025-12-17,PERSISTENT,6238.37744140625,6282.5,6348.5,6232.5,6240.0,194752
2025-12-18,PERSISTENT,6274.1240234375,6318.5,6339.5,6230.0,6260.0,167343
2025-12-19,PERSISTENT,6313.3466796875,6358.0,6417.0,6290.5,6382.5,261141
2025-12-22,PERSISTENT,6517.40380859375,6563.5,6595.5,6365.5,6370.0,359560
2025-12-23,PERSISTENT,6443.4267578125,6489.0,6599.0,6448.0,6580.0,215867
2025-12-24,PERSISTENT,6307.88525390625,6352.5,6487.0,6338.5,6487.0,200947
2025-12-26,PERSISTENT,6256.2509765625,6300.5,6399.5,6275.0,6353.0,287268
2025-12-29,PERSISTENT,6184.75634765625,6228.5,6324.5,6207.5,6300.0,250243
2025-12-30,PERSISTENT,6139.57568359375,6183.0,6279.0,6126.5,6205.5,1231316
2025-12-31,PERSISTENT,6227.951171875,6272.0,6286.5,6177.5,6205.0,229337
2026-01-01,PERSISTENT,6238.37744140625,6282.5,6299.0,6213.5,6285.0,113350
2026-01-02,PERSISTENT,6245.328125,6289.5,6329.0,6229.0,6285.0,147711
2026-01-05,PERSISTENT,6160.4287109375,6204.0,6300.0,6110.5,6289.5,307929
2026-01-06,PERSISTENT,6205.1123046875,6249.0,6294.0,6177.5,6204.0,173690
2026-01-07,PERSISTENT,6467.7548828125,6513.5,6542.5,6206.0,6206.0,633821
2026-01-08,PERSISTENT,6399.2392578125,6444.5,6598.0,6412.0,6520.0,354203
2026-01-09,PERSISTENT,6371.9326171875,6417.0,6468.0,6350.0,6436.0,337174
2026-01-12,PERSISTENT,6281.0751953125,6325.5,6418.0,6287.0,6417.0,268990
2026-01-13,PERSISTENT,6312.8505859375,6357.5,6424.5,6278.0,6340.0,228016
2026-01-14,PERSISTENT,6229.93701171875,6274.0,6350.0,6230.0,6325.0,327713
2026-01-15,PERSISTENT,6229.93701171875,6274.0,6274.0,6274.0,6274.0,0
2026-01-16,PERSISTENT,6358.03125,6403.0,6477.0,6309.5,6309.5,531116
2026-01-19,PERSISTENT,6392.78515625,6438.0,6467.5,6250.0,6395.0,383374
2026-01-20,PERSISTENT,6297.9560546875,6342.5,6491.0,6300.0,6419.5,573688
2026-01-21,PERSISTENT,6198.16162109375,6242.0,6392.0,6027.5,6330.0,2130647
2026-01-22,PERSISTENT,6276.1103515625,6320.5,6394.0,6176.0,6336.0,455070
2026-01-23,PERSISTENT,6111.7724609375,6155.0,6360.0,6105.5,6360.0,499112
2026-01-27,PERSISTENT,6194.4853515625,6216.0,6238.5,6060.0,6125.0,491985
2026-01-28,PERSISTENT,6191.49560546875,6213.0,6299.5,6079.5,6199.0,372879
2026-01-29,PERSISTENT,6048.99072265625,6070.0,6213.0,5993.5,6202.5,637802
2026-01-30,PERSISTENT,6014.11181640625,6035.0,6085.0,5979.5,6026.5,486262
2026-02-02,PERSISTENT,6061.447265625,6082.5,6120.0,5992.0,6119.5,180834
2026-02-03,PERSISTENT,6256.76904296875,6278.5,6552.5,6241.5,6400.0,353120
2026-02-04,PERSISTENT,5965.28125,5986.0,6060.0,5798.0,6060.0,1427211
2026-02-05,PERSISTENT,5959.80029296875,5980.5,6009.5,5910.0,5961.0,1381637
2026-02-06,PERSISTENT,5831.7451171875,5852.0,5960.5,5741.0,5937.0,601645
2026-02-09,PERSISTENT,5854.66552734375,5875.0,5929.5,5830.0,5881.5,328310
2026-02-10,PERSISTENT,5852.17431640625,5872.5,5948.0,5776.0,5875.0,347608
2026-02-11,PERSISTENT,5704.18798828125,5724.0,5900.0,5700.0,5900.0,741167
2026-02-12,PERSISTENT,5433.12939453125,5452.0,5659.0,5431.0,5650.0,1360770
2026-02-13,PERSISTENT,5460.0361328125,5479.0,5540.0,5210.0,5210.0,1806431
2026-02-16,PERSISTENT,5562.6796875,5582.0,5597.0,5440.5,5485.0,501990
2026-02-17,PERSISTENT,5608.5205078125,5628.0,5735.0,5523.5,5586.5,834096
2026-02-18,PERSISTENT,5501.890625,5521.0,5628.5,5447.0,5628.5,592720
2026-02-19,PERSISTENT,5247.7734375,5266.0,5597.0,5244.0,5550.0,1036955
2026-02-20,PERSISTENT,5074.37548828125,5092.0,5274.0,5070.0,5235.0,1666625
2026-02-23,PERSISTENT,4960.27197265625,4977.5,5120.0,4916.0,5090.0,835461
2026-02-24,PERSISTENT,4645.86376953125,4662.0,4918.0,4585.0,4875.0,2771545
2026-02-25,PERSISTENT,4714.625,4731.0,4941.0,4690.0,4792.0,1573003
2026-02-26,PERSISTENT,4764.9501953125,4781.5,4933.0,4746.5,4765.0,1104877
2026-02-27,PERSISTENT,4716.6181640625,4733.0,4925.0,4712.0,4823.0,1144899
2026-03-02,PERSISTENT,4657.224609375,4673.39990234375,4787.5,4449.10009765625,4600.0,637428
2026-03-04,PERSISTENT,4692.80126953125,4709.10009765625,4750.0,4566.2001953125,4590.0,707053
2026-03-05,PERSISTENT,4625.63427734375,4641.7001953125,4775.0,4587.0,4775.0,614996
2026-03-06,PERSISTENT,4760.96435546875,4777.5,4830.0,4643.39990234375,4648.39990234375,1246702
2026-03-09,PERSISTENT,4766.544921875,4783.10009765625,4872.10009765625,4650.10009765625,4680.0,724632
2026-03-10,PERSISTENT,4811.189453125,4827.89990234375,4857.5,4745.0,4857.5,498481
2026-03-11,PERSISTENT,4731.267578125,4747.7001953125,4895.0,4731.0,4850.0,799637
2026-03-12,PERSISTENT,4698.08251953125,4714.39990234375,4750.0,4628.0,4725.0,584369
2026-03-13,PERSISTENT,4622.744140625,4638.7998046875,4730.0,4567.10009765625,4698.0,499196
2026-03-16,PERSISTENT,4622.744140625,4638.7998046875,4848.89990234375,4552.0,4640.0,325857
2026-03-17,PERSISTENT,4513.72265625,4529.39990234375,4689.0,4496.2998046875,4689.0,685749
2026-03-18,PERSISTENT,4682.33740234375,4698.60009765625,4775.0,4525.60009765625,4525.60009765625,757503
2026-03-19,PERSISTENT,4586.86865234375,4602.7998046875,4659.39990234375,4575.0,4601.0,446961
2026-03-20,PERSISTENT,4700.375,4716.7001953125,4745.7998046875,4675.0,4680.10009765625,654131
2026-03-23,PERSISTENT,4708.1474609375,4724.5,4800.39990234375,4639.2998046875,4688.7998046875,1065192
2026-03-24,PERSISTENT,4896.69287109375,4913.7001953125,4927.7001953125,4708.0,4804.0,1086416
2026-03-25,PERSISTENT,4911.740234375,4928.7998046875,4958.7998046875,4845.0,4930.0,783039
2026-03-27,PERSISTENT,4882.8408203125,4899.7998046875,4987.39990234375,4851.10009765625,4880.0,872749
2026-03-30,PERSISTENT,4860.3193359375,4877.2001953125,4929.5,4825.0,4855.0,1293604
2026-04-01,PERSISTENT,5031.6240234375,5049.10009765625,5125.0,4922.89990234375,5000.0,686833
2026-04-02,PERSISTENT,5209.60595703125,5227.7001953125,5267.0,4963.89990234375,4970.10009765625,964640
2026-04-06,PERSISTENT,5291.02294921875,5309.39990234375,5343.7001953125,5209.60009765625,5234.0,606786
2026-04-07,PERSISTENT,5367.5576171875,5386.2001953125,5438.5,5213.5,5303.5,544032
2026-04-08,PERSISTENT,5355.2998046875,5373.89990234375,5485.0,5323.2998046875,5485.0,923213
2026-04-09,PERSISTENT,5452.16357421875,5471.10009765625,5489.0,5271.10009765625,5369.10009765625,600754
2026-04-10,PERSISTENT,5408.31591796875,5427.10009765625,5470.7001953125,5302.5,5470.7001953125,904088
2026-04-13,PERSISTENT,5358.78759765625,5377.39990234375,5408.7998046875,5317.0,5319.5,460222
2026-04-15,PERSISTENT,5469.50341796875,5488.5,5599.7998046875,5448.10009765625,5450.0,512159
2026-04-16,PERSISTENT,5481.4619140625,5500.5,5605.39990234375,5466.0,5540.39990234375,615320
2026-04-17,PERSISTENT,5427.6484375,5446.5,5505.0,5380.2998046875,5470.0,841855
2026-04-20,PERSISTENT,5306.7685546875,5325.2001953125,5512.2998046875,5287.10009765625,5451.0,1021416
2026-04-21,PERSISTENT,5311.4521484375,5329.89990234375,5370.0,5263.7001953125,5344.0,1010633
2026-04-22,PERSISTENT,5055.740234375,5073.2998046875,5262.0,5033.89990234375,5217.7998046875,2183080
2026-04-23,PERSISTENT,5047.66845703125,5065.2001953125,5119.39990234375,5011.0,5081.0,600435
2026-04-24,PERSISTENT,4730.86865234375,4747.2998046875,5090.0,4734.0,5062.10009765625,1280422
2026-04-27,PERSISTENT,4800.82568359375,4817.5,4846.60009765625,4751.2001953125,4764.89990234375,845578
2026-04-28,PERSISTENT,4786.8740234375,4803.5,4852.0,4745.2001953125,4827.60009765625,759673
2026-04-29,PERSISTENT,4789.166015625,4805.7998046875,4909.39990234375,4790.0,4825.0,628484
2026-04-30,PERSISTENT,4783.38623046875,4800.0,4829.89990234375,4761.5,4805.7998046875,542790
2026-05-01,PERSISTENT,4783.38623046875,4800.0,4800.0,4800.0,4800.0,0
2026-05-04,PERSISTENT,4771.52783203125,4788.10009765625,4844.7998046875,4745.7001953125,4815.2001953125,486694
2026-05-05,PERSISTENT,4799.6298828125,4816.2998046875,4858.7001953125,4743.10009765625,4770.0,499615
2026-05-06,PERSISTENT,4996.6455078125,5014.0,5037.60009765625,4850.0,4880.0,799823
2026-05-07,PERSISTENT,4966.74951171875,4984.0,5074.39990234375,4911.5,5030.0,512165
2026-05-08,PERSISTENT,5095.90087890625,5113.60009765625,5137.0,4960.0,4990.0,633097
2026-05-11,PERSISTENT,5080.45458984375,5098.10009765625,5173.2998046875,5080.0,5124.89990234375,339705
2026-05-12,PERSISTENT,4860.2197265625,4877.10009765625,5073.7998046875,4841.0,5073.7998046875,697635
2026-05-13,PERSISTENT,4828.23046875,4845.0,4914.0,4815.7998046875,4855.0,310545
2026-05-14,PERSISTENT,4612.77880859375,4628.7998046875,4831.0,4577.0,4831.0,758017
2026-05-15,PERSISTENT,4685.8251953125,4702.10009765625,4797.0,4630.0,4633.0,766506
2026-05-18,PERSISTENT,4926.98779296875,4944.10009765625,4977.89990234375,4665.0,4678.60009765625,572955
2026-05-19,PERSISTENT,5048.7646484375,5066.2998046875,5187.7001953125,4961.5,4961.5,912186
2026-05-20,PERSISTENT,5066.5029296875,5084.10009765625,5149.0,4986.2998046875,5040.10009765625,552055
2026-05-21,PERSISTENT,5001.62841796875,5019.0,5110.0,4995.0,5084.10009765625,282141
2026-05-22,PERSISTENT,4953.0966796875,4970.2998046875,5050.10009765625,4925.0,5038.0,459525
2026-05-25,PERSISTENT,5020.5625,5038.0,5077.0,4971.5,5030.0,328328
2026-05-26,PERSISTENT,5088.1279296875,5105.7998046875,5137.2998046875,5021.0,5038.0,456026
2026-05-27,PERSISTENT,5080.75341796875,5098.39990234375,5134.39990234375,5064.2998046875,5100.0,206977
2026-05-28,PERSISTENT,5080.75341796875,5098.39990234375,5098.39990234375,5098.39990234375,5098.39990234375,0
2026-05-29,PERSISTENT,5176.3212890625,5194.2998046875,5278.0,5150.0,5150.0,1393236
2026-06-01,PERSISTENT,5383.302734375,5402.0,5498.0,5226.5,5238.0,1017776
2026-06-02,PERSISTENT,5451.5654296875,5470.5,5612.0,5415.0,5440.5,1368824
2026-06-03,PERSISTENT,5079.8564453125,5097.5,5380.0,5076.0,5380.0,768497
2026-06-04,PERSISTENT,5103.7734375,5121.5,5186.5,4978.0,5050.0,380369
2026-06-05,PERSISTENT,5021.06103515625,5038.5,5233.5,5011.0,5199.0,423726
2026-06-08,PERSISTENT,5047.46923828125,5065.0,5090.0,4911.0,4958.0,396122
2026-06-09,PERSISTENT,5000.6318359375,5018.0,5145.0,4961.0,5145.0,438124
2026-06-10,PERSISTENT,4910.943359375,4928.0,5070.0,4917.0,5023.0,254180
2026-06-11,PERSISTENT,4857.13037109375,4874.0,4932.0,4732.5,4805.5,746944
2026-06-12,PERSISTENT,4794.34814453125,4811.0,4945.5,4794.0,4920.0,410246
2026-06-15,PERSISTENT,4873.5732421875,4890.5,4914.0,4845.5,4885.0,519726
2026-06-16,PERSISTENT,4999.13720703125,5016.5,5048.5,4906.0,4930.0,676099
2026-06-17,PERSISTENT,5027.53857421875,5045.0,5105.0,5017.0,5050.0,365334
2026-06-18,PERSISTENT,4923.39990234375,4940.5,5028.5,4896.0,5019.0,675007
2026-06-19,PERSISTENT,4812.2861328125,4829.0,4844.5,4602.0,4700.0,1504523
2026-06-22,PERSISTENT,4843.6767578125,4860.5,4919.0,4838.0,4838.0,318876
2026-06-23,PERSISTENT,4819.759765625,4836.5,4895.0,4763.0,4763.0,335308
2026-06-24,PERSISTENT,4911.44140625,4928.5,4976.5,4822.0,4847.5,591029
2026-06-25,PERSISTENT,4824.74267578125,4841.5,4970.0,4827.0,4935.0,383578
2026-06-26,PERSISTENT,4824.74267578125,4841.5,4841.5,4841.5,4841.5,0
2026-06-29,PERSISTENT,4283.6220703125,4298.5,4512.0,4265.0,4500.0,6170867
2026-06-30,PERSISTENT,4311.525390625,4326.5,4347.0,4244.5,4331.0,1513736
2026-07-01,PERSISTENT,4315.21240234375,4330.2001953125,4403.0,4311.7001953125,4343.7998046875,964797
2026-07-02,PERSISTENT,4564.74560546875,4580.60009765625,4592.89990234375,4381.5,4384.0,1859078
2026-07-03,PERSISTENT,4666.49267578125,4682.7001953125,4766.0,4640.39990234375,4670.0,1551490
2026-07-06,PERSISTENT,4699.4775390625,4715.7998046875,4735.0,4650.7998046875,4704.7998046875,642181
2026-07-07,PERSISTENT,4867.892578125,4884.7998046875,4901.89990234375,4730.0,4730.0,1301127
2026-07-08,PERSISTENT,4752.99169921875,4769.5,4910.0,4737.0,4884.7998046875,662309
2026-07-09,PERSISTENT,4813.1826171875,4829.89990234375,4858.89990234375,4705.0,4765.0,465088
2026-07-10,PERSISTENT,5036.4072265625,5053.89990234375,5065.39990234375,4903.0,4926.39990234375,1205108
2026-07-13,PERSISTENT,5174.42822265625,5192.39990234375,5218.7998046875,4975.0,5000.39990234375,1033379
2026-07-14,PERSISTENT,5111.34716796875,5129.10009765625,5257.0,5111.10009765625,5189.89990234375,567112
2026-07-15,PERSISTENT,5058.2314453125,5075.7998046875,5172.89990234375,5012.89990234375,5080.0,516067
2026-07-16,PERSISTENT,5041.78857421875,5059.2998046875,5210.0,5050.0,5075.7998046875,426991
2026-07-17,PERSISTENT,5165.95751953125,5183.89990234375,5195.7001953125,5090.0,5120.89990234375,532124
2026-07-20,PERSISTENT,5170.7412109375,5188.7001953125,5238.0,5166.0,5183.89990234375,367933
2026-07-21,PERSISTENT,5200.93603515625,5219.0,5299.89990234375,5165.0,5168.0,408127
2026-07-22,PERSISTENT,5081.15185546875,5098.7998046875,5195.0,5067.2001953125,5195.0,385227
2026-07-23,PERSISTENT,4984.58740234375,5001.89990234375,5119.5,4990.0,5095.0,502970
2026-07-24,PERSISTENT,5182.5,5200.5,5217.7998046875,4965.10009765625,4974.10009765625,732328
2026-07-27,PERSISTENT,5268.2001953125,5268.2001953125,5339.5,5237.0,5249.0,557415
2026-07-28,PERSISTENT,5428.39990234375,5428.39990234375,5515.0,5335.7998046875,5335.7998046875,1045445
2026-07-29,PERSISTENT,5483.2998046875,5483.2998046875,5589.0,5460.0,5510.39990234375,563293
2026-07-30,PERSISTENT,5514.7001953125,5514.7001953125,5698.0,5468.39990234375,5483.2998046875,1194100
2026-07-31,PERSISTENT,5549.0,5549.0,5580.0,5263.39990234375,5458.7001953125,1471276
2026-08-03,PERSISTENT,5575.0,5575.0,5575.0,5319.5,5533.5,1344826
2026-08-04,PERSISTENT,5499.0,5499.0,5599.0,5462.5,5590.0,464955
2026-08-05,PERSISTENT,5520.0,5520.0,5579.0,5493.0,5539.0,367409
2026-08-06,PERSISTENT,5459.5,5459.5,5572.0,5459.5,5520.0,239382
2026-08-07,PERSISTENT,5475.0,5475.0,5594.0,5448.5,5470.0,507690
2026-08-10,PERSISTENT,5474.0,5474.0,5543.5,5425.0,5475.0,422612
2026-08-11,PERSISTENT,5536.0,5536.0,5544.0,5430.5,5474.0,339035
2026-08-12,PERSISTENT,5474.0,5474.0,5530.0,5390.0,5530.0,347580
2026-08-13,PERSISTENT,5523.0,5523.0,5529.0,5406.0,5470.5,237282
2026-08-14,PERSISTENT,5580.0,5580.0,5618.5,5447.0,5549.0,633514
2026-08-17,PERSISTENT,5570.0,5570.0,5613.0,5520.0,5580.5,398938
2026-08-18,PERSISTENT,5442.5,5442.5,5571.5,5442.5,5571.5,353161
2026-08-19,PERSISTENT,5510.0,5510.0,5577.0,5475.5,5520.0,474744
2026-08-20,PERSISTENT,5674.0,5674.0,5706.0,5534.0,5572.0,701333
2026-08-21,PERSISTENT,5667.5,5667.5,5722.0,5602.0,5685.0,355144
2026-08-24,PERSISTENT,5694.0,5694.0,5725.0,5646.0,5693.5,368840
2026-08-25,PERSISTENT,5655.0,5655.0,5687.0,5570.5,5687.0,358275
2026-08-26,PERSISTENT,5590.5,5590.5,5705.0,5590.5,5655.0,186654
2026-08-27,PERSISTENT,5654.0,5654.0,5679.5,5597.0,5640.0,191424
2026-08-28,PERSISTENT,5875.0,5875.0,5910.0,5677.0,5677.0,957631
