Date,Symbol,Adj Close,Close,High,Low,Open,Volume
2020-03-30,POWERINDIA,711.37646484375,714.0,714.0,680.0,680.0,29010
2020-03-31,POWERINDIA,746.9453125,749.7000122070312,749.7000122070312,749.7000122070312,749.7000122070312,15930
2020-04-01,POWERINDIA,784.2577514648438,787.1500244140625,787.1500244140625,787.1500244140625,787.1500244140625,25057
2020-04-03,POWERINDIA,787.0972290039062,790.0,817.0,781.0999755859375,798.7999877929688,141804
2020-04-07,POWERINDIA,787.7448120117188,790.6500244140625,818.0,781.0999755859375,795.0999755859375,39744
2020-04-08,POWERINDIA,787.0972290039062,790.0,808.0,788.0,802.0,9633
2020-04-09,POWERINDIA,797.0604858398438,800.0,807.0,790.0499877929688,807.0,14654
2020-04-13,POWERINDIA,796.6619262695312,799.5999755859375,805.0,790.0499877929688,800.0,25051
2020-04-15,POWERINDIA,790.185791015625,793.0999755859375,804.9000244140625,791.0999755859375,800.0,29165
2020-04-16,POWERINDIA,785.1046142578125,788.0,798.9000244140625,786.0,791.5,76614
2020-04-17,POWERINDIA,789.0899047851562,792.0,800.0,787.25,788.0,214812
2020-04-20,POWERINDIA,790.185791015625,793.0999755859375,807.9000244140625,790.0,793.0,30483
2020-04-21,POWERINDIA,785.1544189453125,788.0499877929688,803.9500122070312,786.0499877929688,803.9500122070312,74484
2020-04-22,POWERINDIA,790.4348754882812,793.3499755859375,800.0,784.0999755859375,784.0999755859375,21366
2020-04-23,POWERINDIA,797.1103515625,800.0499877929688,803.9000244140625,792.0499877929688,792.0499877929688,18607
2020-04-24,POWERINDIA,799.8999633789062,802.8499755859375,803.9000244140625,796.0999755859375,796.8499755859375,6562
2020-04-27,POWERINDIA,799.1029052734375,802.0499877929688,808.9000244140625,799.0499877929688,803.9000244140625,5578
2020-04-28,POWERINDIA,802.6897583007812,805.6500244140625,807.0,801.0999755859375,806.7999877929688,10418
2020-04-29,POWERINDIA,806.1270141601562,809.0999755859375,811.9000244140625,800.0999755859375,803.0,6160
2020-04-30,POWERINDIA,798.505126953125,801.4500122070312,815.0999755859375,800.0,813.9500122070312,36263
2020-05-04,POWERINDIA,788.0438232421875,790.9500122070312,808.0,790.0,805.9000244140625,255704
2020-05-05,POWERINDIA,791.7799682617188,794.7000122070312,798.0,790.9500122070312,790.9500122070312,33019
2020-05-06,POWERINDIA,792.5770263671875,795.5,798.9000244140625,789.0499877929688,789.0499877929688,21000
2020-05-07,POWERINDIA,792.2283325195312,795.1500244140625,799.0,790.25,792.3499755859375,202236
2020-05-08,POWERINDIA,795.21728515625,798.1500244140625,806.0,793.5999755859375,794.9500122070312,16353
2020-05-11,POWERINDIA,800.7966918945312,803.75,806.8499755859375,800.0,800.0499877929688,6922
2020-05-12,POWERINDIA,803.0881958007812,806.0499877929688,809.0,801.5499877929688,806.0,22239
2020-05-13,POWERINDIA,808.1694946289062,811.1500244140625,812.9500122070312,804.2999877929688,810.0,24663
2020-05-14,POWERINDIA,814.0975952148438,817.0999755859375,833.3499755859375,805.6500244140625,808.0,8982
2020-05-15,POWERINDIA,815.3928833007812,818.4000244140625,828.8499755859375,811.5,818.25,35587
2020-05-18,POWERINDIA,816.9371948242188,819.9500122070312,832.9500122070312,815.5,832.9500122070312,9141
2020-05-19,POWERINDIA,815.7913818359375,818.7999877929688,829.9500122070312,805.5,829.9500122070312,7918
2020-05-20,POWERINDIA,814.0975952148438,817.0999755859375,820.0499877929688,814.25,818.9500122070312,4878
2020-05-21,POWERINDIA,809.6640014648438,812.6500244140625,820.0,811.75,818.0499877929688,3045
2020-05-22,POWERINDIA,810.8594970703125,813.8499755859375,816.0,810.0499877929688,812.0,15265
2020-05-26,POWERINDIA,813.200927734375,816.2000122070312,822.0,811.0999755859375,816.7999877929688,2436
2020-05-27,POWERINDIA,821.9685668945312,825.0,826.0,813.5499877929688,816.25,14221
2020-05-28,POWERINDIA,821.9188232421875,824.9500122070312,829.0,809.25,815.0999755859375,35006
2020-05-29,POWERINDIA,814.2470703125,817.25,824.6500244140625,815.0999755859375,815.0999755859375,91717
2020-06-01,POWERINDIA,820.9722290039062,824.0,857.6500244140625,817.2000122070312,817.2000122070312,29646
2020-06-02,POWERINDIA,827.9465942382812,831.0,839.0499877929688,828.0,834.9000244140625,72463
2020-06-03,POWERINDIA,834.1238403320312,837.2000122070312,839.9000244140625,831.5,831.5,18590
2020-06-04,POWERINDIA,833.3267822265625,836.4000244140625,842.3499755859375,835.1500244140625,840.0,38232
2020-06-05,POWERINDIA,833.22705078125,836.2999877929688,839.9000244140625,835.0999755859375,837.2000122070312,38884
2020-06-08,POWERINDIA,834.9208374023438,838.0,840.0,835.2999877929688,840.0,22385
2020-06-09,POWERINDIA,836.1663208007812,839.25,839.9500122070312,837.5,837.5999755859375,19984
2020-06-10,POWERINDIA,835.0703125,838.1500244140625,841.0,836.1500244140625,841.0,22769
2020-06-11,POWERINDIA,836.4651489257812,839.5499877929688,844.7999877929688,837.5499877929688,838.25,14655
2020-06-12,POWERINDIA,835.4688720703125,838.5499877929688,841.8499755859375,836.0999755859375,836.2000122070312,16963
2020-06-15,POWERINDIA,836.4153442382812,839.5,842.5999755859375,835.0499877929688,835.0499877929688,17284
2020-06-16,POWERINDIA,836.265869140625,839.3499755859375,848.9000244140625,837.5499877929688,837.5499877929688,3520
2020-06-17,POWERINDIA,834.8212280273438,837.9000244140625,844.0,836.5,840.5,8706
2020-06-18,POWERINDIA,834.6220092773438,837.7000122070312,843.0,836.3499755859375,842.8499755859375,16358
2020-06-19,POWERINDIA,833.4263916015625,836.5,844.0,835.0499877929688,836.2000122070312,32676
2020-06-22,POWERINDIA,835.5684204101562,838.6500244140625,843.0,836.5,841.0,26834
2020-06-23,POWERINDIA,839.5538330078125,842.6500244140625,845.9500122070312,838.0,841.5,17543
2020-06-24,POWERINDIA,838.8065795898438,841.9000244140625,847.2999877929688,840.25,844.8499755859375,7196
2020-06-25,POWERINDIA,838.5574951171875,841.6500244140625,846.75,841.0,841.0,11849
2020-06-26,POWERINDIA,836.9135131835938,840.0,846.9500122070312,838.0,846.9500122070312,43945
2020-06-29,POWERINDIA,837.909912109375,841.0,844.8499755859375,837.2999877929688,837.2999877929688,11869
2020-06-30,POWERINDIA,837.16259765625,840.25,843.8499755859375,840.0499877929688,842.7999877929688,8675
2020-07-01,POWERINDIA,837.01318359375,840.0999755859375,844.5999755859375,838.0499877929688,841.7999877929688,8923
2020-07-02,POWERINDIA,837.11279296875,840.2000122070312,844.9500122070312,839.2000122070312,844.9000244140625,21181
2020-07-03,POWERINDIA,839.8526611328125,842.9500122070312,845.4500122070312,842.0,843.25,12355
2020-07-06,POWERINDIA,846.6276245117188,849.75,869.9000244140625,843.0999755859375,845.0,40513
2020-07-07,POWERINDIA,848.3712158203125,851.5,855.0,849.5,853.0,11206
2020-07-08,POWERINDIA,837.9596557617188,841.0499877929688,859.9500122070312,837.0499877929688,847.0499877929688,259562
2020-07-09,POWERINDIA,841.0482177734375,844.1500244140625,848.5,840.0499877929688,844.2000122070312,116807
2020-07-10,POWERINDIA,843.4891967773438,846.5999755859375,849.0,844.4500122070312,846.4500122070312,9472
2020-07-13,POWERINDIA,846.926513671875,850.0499877929688,855.0,847.25,854.0,49531
2020-07-14,POWERINDIA,847.1756591796875,850.2999877929688,854.75,846.1500244140625,854.75,18296
2020-07-15,POWERINDIA,851.908203125,855.0499877929688,858.0,847.0499877929688,850.0,58827
2020-07-16,POWERINDIA,852.2569580078125,855.4000244140625,857.9500122070312,854.0,857.9500122070312,39786
2020-07-17,POWERINDIA,856.2421875,859.4000244140625,862.75,845.2000122070312,856.0,103534
2020-07-20,POWERINDIA,858.982177734375,862.1500244140625,864.4500122070312,856.3499755859375,862.4500122070312,24981
2020-07-21,POWERINDIA,865.1094970703125,868.2999877929688,869.0,861.2999877929688,861.9500122070312,140691
2020-07-22,POWERINDIA,868.5966186523438,871.7999877929688,919.0,862.0499877929688,879.0,623643
2020-07-23,POWERINDIA,878.061767578125,881.2999877929688,887.0499877929688,870.0,876.5,239358
2020-07-24,POWERINDIA,886.0324096679688,889.2999877929688,894.9500122070312,871.25,875.4500122070312,121704
2020-07-27,POWERINDIA,868.845703125,872.0499877929688,925.0,860.2000122070312,901.9000244140625,584073
2020-07-28,POWERINDIA,880.3532104492188,883.5999755859375,889.25,871.0,876.9500122070312,99262
2020-07-29,POWERINDIA,884.1891479492188,887.4500122070312,904.0,878.2000122070312,904.0,46592
2020-07-30,POWERINDIA,884.0895385742188,887.3499755859375,899.0,882.75,886.0,58261
2020-07-31,POWERINDIA,893.5545654296875,896.8499755859375,902.4500122070312,883.0,883.0,108555
2020-08-03,POWERINDIA,885.4844360351562,888.75,909.9000244140625,875.75,909.9000244140625,219970
2020-08-04,POWERINDIA,882.594970703125,885.8499755859375,902.4000244140625,878.0999755859375,891.0499877929688,29309
2020-08-05,POWERINDIA,866.8530883789062,870.0499877929688,893.2999877929688,866.2000122070312,891.0,333196
2020-08-06,POWERINDIA,869.0947875976562,872.2999877929688,888.0,870.3499755859375,888.0,33317
2020-08-07,POWERINDIA,878.061767578125,881.2999877929688,886.8499755859375,867.75,874.9500122070312,92145
2020-08-10,POWERINDIA,922.6970825195312,926.0999755859375,948.0,885.0499877929688,887.5,198550
2020-08-11,POWERINDIA,941.178955078125,944.6500244140625,958.7999877929688,915.1500244140625,939.0,79620
2020-08-12,POWERINDIA,904.1156616210938,907.4500122070312,968.7999877929688,888.0,968.7999877929688,136913
2020-08-13,POWERINDIA,901.126708984375,904.4500122070312,909.0499877929688,897.5,906.9500122070312,205198
2020-08-14,POWERINDIA,905.8591918945312,909.2000122070312,924.4000244140625,902.0499877929688,910.0,57134
2020-08-17,POWERINDIA,920.6049194335938,924.0,930.0,910.5,915.0,41660
2020-08-18,POWERINDIA,930.518310546875,933.9500122070312,940.2999877929688,921.8499755859375,934.0,24238
2020-08-19,POWERINDIA,995.827392578125,999.5,1000.0,931.0499877929688,937.0,228707
2020-08-20,POWERINDIA,1055.7564697265625,1059.6500244140625,1100.0,1005.0,1008.9000244140625,263118
2020-08-21,POWERINDIA,1042.80419921875,1046.6500244140625,1100.0,1030.0,1078.8499755859375,100088
2020-08-24,POWERINDIA,1043.3023681640625,1047.1500244140625,1066.5,1031.5,1058.800048828125,49851
2020-08-25,POWERINDIA,1016.451416015625,1020.2000122070312,1060.0,999.5,1050.0,64911
2020-08-26,POWERINDIA,1027.6600341796875,1031.449951171875,1048.0,1012.0499877929688,1048.0,33443
2020-08-27,POWERINDIA,1009.9752807617188,1013.7000122070312,1039.0,1009.0999755859375,1016.0499877929688,22197
2020-08-28,POWERINDIA,950.8433227539062,954.3499755859375,981.9000244140625,894.9500122070312,957.0,643601
2020-08-31,POWERINDIA,913.8796997070312,917.25,978.0,909.0,960.0,91310
2020-09-01,POWERINDIA,903.8167724609375,907.1500244140625,945.0499877929688,900.5499877929688,917.9000244140625,212758
2020-09-02,POWERINDIA,902.5714111328125,905.9000244140625,934.4000244140625,898.0,909.0999755859375,89118
2020-09-03,POWERINDIA,915.8722534179688,919.25,929.0,901.0,905.0,43196
2020-09-04,POWERINDIA,902.0233154296875,905.3499755859375,921.25,902.2000122070312,902.2000122070312,49957
2020-09-07,POWERINDIA,907.901611328125,911.25,915.9500122070312,898.0,906.0,87930
2020-09-08,POWERINDIA,904.4146118164062,907.75,915.8499755859375,906.0,912.0,136633
2020-09-09,POWERINDIA,910.2929077148438,913.6500244140625,921.9500122070312,892.0499877929688,914.7000122070312,93600
2020-09-10,POWERINDIA,914.8759765625,918.25,930.0,910.0999755859375,930.0,33732
2020-09-11,POWERINDIA,920.3557739257812,923.75,926.2000122070312,908.0999755859375,922.0,37572
2020-09-14,POWERINDIA,935.8485717773438,939.2999877929688,974.9500122070312,925.0,929.7999877929688,61090
2020-09-15,POWERINDIA,955.6754760742188,959.2000122070312,961.7000122070312,937.0999755859375,937.0999755859375,25801
2020-09-16,POWERINDIA,953.583251953125,957.0999755859375,970.0,945.0,959.4000244140625,16139
2020-09-17,POWERINDIA,945.164306640625,948.6500244140625,960.0999755859375,937.6500244140625,960.0999755859375,54801
2020-09-18,POWERINDIA,945.761962890625,949.25,955.7999877929688,930.0,930.0,97973
2020-09-21,POWERINDIA,923.0956420898438,926.5,955.0,923.4500122070312,950.9000244140625,154912
2020-09-22,POWERINDIA,935.2508544921875,938.7000122070312,965.0,895.1500244140625,923.0,66233
2020-09-23,POWERINDIA,948.5018920898438,952.0,963.7999877929688,930.0499877929688,930.0499877929688,55741
2020-09-24,POWERINDIA,924.7894287109375,928.2000122070312,947.4500122070312,919.9500122070312,925.2999877929688,17301
2020-09-25,POWERINDIA,935.3006591796875,938.75,961.9500122070312,930.0,961.9500122070312,15867
2020-09-28,POWERINDIA,919.8574829101562,923.25,948.9500122070312,911.0,942.2999877929688,11802
2020-09-29,POWERINDIA,915.2246704101562,918.5999755859375,949.0,912.0,949.0,20563
2020-09-30,POWERINDIA,920.9534912109375,924.3499755859375,929.0999755859375,913.9000244140625,916.0499877929688,23627
2020-10-01,POWERINDIA,968.2291259765625,971.7999877929688,995.0,920.0499877929688,947.5,157888
2020-10-05,POWERINDIA,963.8453369140625,967.4000244140625,1020.0,960.0,1000.0,48464
2020-10-06,POWERINDIA,974.2569580078125,977.8499755859375,996.6500244140625,965.25,979.0499877929688,18866
2020-10-07,POWERINDIA,970.769775390625,974.3499755859375,980.0,965.0,965.0,16480
2020-10-08,POWERINDIA,934.4537963867188,937.9000244140625,980.0,927.0999755859375,979.0,78264
2020-10-09,POWERINDIA,933.60693359375,937.0499877929688,953.9000244140625,931.8499755859375,953.9000244140625,31464
2020-10-12,POWERINDIA,926.582763671875,930.0,939.9500122070312,922.0,925.0,16181
2020-10-13,POWERINDIA,924.141845703125,927.5499877929688,932.2999877929688,921.7000122070312,930.0,17117
2020-10-14,POWERINDIA,925.4868774414062,928.9000244140625,934.6500244140625,917.25,922.5,7172
2020-10-15,POWERINDIA,896.0454711914062,899.3499755859375,952.0,895.8499755859375,952.0,33948
2020-10-16,POWERINDIA,936.1475219726562,939.5999755859375,942.2999877929688,899.3499755859375,899.3499755859375,60777
2020-10-19,POWERINDIA,933.1087646484375,936.5499877929688,944.4500122070312,927.5,934.0999755859375,12837
2020-10-20,POWERINDIA,936.1974487304688,939.6500244140625,950.0,920.25,946.5499877929688,55318
2020-10-21,POWERINDIA,925.4868774414062,928.9000244140625,962.4500122070312,928.0,942.0,38651
2020-10-22,POWERINDIA,961.5039672851562,965.0499877929688,975.5,925.0499877929688,929.25,92955
2020-10-23,POWERINDIA,977.744140625,981.3499755859375,998.0,964.0499877929688,964.0499877929688,42651
2020-10-26,POWERINDIA,959.3619995117188,962.9000244140625,985.0,956.25,985.0,16435
2020-10-27,POWERINDIA,958.4154663085938,961.9500122070312,967.0,936.0499877929688,963.0,43191
2020-10-28,POWERINDIA,982.6759643554688,986.2999877929688,990.0,951.0,952.5499877929688,59988
2020-10-29,POWERINDIA,976.7976684570312,980.4000244140625,986.0,959.8499755859375,986.0,14531
2020-10-30,POWERINDIA,960.7567138671875,964.2999877929688,987.4500122070312,953.9500122070312,980.4000244140625,7836
2020-11-02,POWERINDIA,932.7600708007812,936.2000122070312,975.9000244140625,920.25,955.7000122070312,28632
2020-11-03,POWERINDIA,926.6824340820312,930.0999755859375,948.0,925.0,948.0,24565
2020-11-04,POWERINDIA,926.0846557617188,929.5,949.5,920.2000122070312,949.5,18438
2020-11-05,POWERINDIA,937.94091796875,941.4000244140625,950.0,926.9500122070312,940.0,7742
2020-11-06,POWERINDIA,933.5072021484375,936.9500122070312,950.0,927.2000122070312,950.0,11318
2020-11-09,POWERINDIA,939.7343139648438,943.2000122070312,951.0999755859375,932.0,951.0999755859375,23649
2020-11-10,POWERINDIA,927.1307983398438,930.5499877929688,946.4000244140625,924.9000244140625,940.0499877929688,26372
2020-11-11,POWERINDIA,940.2324829101562,943.7000122070312,974.4500122070312,904.9500122070312,905.0,88012
2020-11-12,POWERINDIA,935.6991577148438,939.1500244140625,950.0,937.25,950.0,19182
2020-11-13,POWERINDIA,968.7273559570312,972.2999877929688,990.0,932.4500122070312,936.9000244140625,122314
2020-11-14,POWERINDIA,965.33984375,968.9000244140625,994.9000244140625,958.0,994.9000244140625,6889
2020-11-17,POWERINDIA,1005.24267578125,1008.9500122070312,1011.0499877929688,972.4000244140625,987.0,95373
2020-11-18,POWERINDIA,998.1688232421875,1001.8499755859375,1048.949951171875,940.25,1020.0,132701
2020-11-19,POWERINDIA,972.1647338867188,975.75,1015.9500122070312,957.1500244140625,1005.9000244140625,48327
2020-11-20,POWERINDIA,958.1166381835938,961.6500244140625,976.8499755859375,955.0,962.75,19017
2020-11-23,POWERINDIA,978.1923828125,981.7999877929688,998.5999755859375,935.0,952.0,36505
2020-11-24,POWERINDIA,973.8584594726562,977.4500122070312,997.0,975.0,997.0,9398
2020-11-25,POWERINDIA,977.3456420898438,980.9500122070312,991.3499755859375,972.0,977.4000244140625,55471
2020-11-26,POWERINDIA,1051.17333984375,1055.050048828125,1074.0,962.5,995.0,252277
2020-11-27,POWERINDIA,1135.5621337890625,1139.75,1179.8499755859375,1067.0,1085.0,120137
2020-12-01,POWERINDIA,1249.292724609375,1253.9000244140625,1295.0,1145.5,1150.0,178964
2020-12-02,POWERINDIA,1229.465576171875,1234.0,1295.0,1192.699951171875,1280.0,66384
2020-12-03,POWERINDIA,1270.2652587890625,1274.949951171875,1370.0,1211.4000244140625,1211.4000244140625,124906
2020-12-04,POWERINDIA,1256.16748046875,1260.800048828125,1340.0,1232.9000244140625,1308.0,29138
2020-12-07,POWERINDIA,1250.0897216796875,1254.699951171875,1299.0,1231.0999755859375,1265.0,27202
2020-12-08,POWERINDIA,1212.77734375,1217.25,1275.0,1205.0,1275.0,32225
2020-12-09,POWERINDIA,1189.1146240234375,1193.5,1230.199951171875,1165.5,1230.0,37746
2020-12-10,POWERINDIA,1231.059814453125,1235.5999755859375,1257.949951171875,1180.0,1193.5,29659
2020-12-11,POWERINDIA,1305.53515625,1310.3499755859375,1325.0,1233.4000244140625,1256.0,53738
2020-12-14,POWERINDIA,1355.7001953125,1360.699951171875,1371.0,1313.25,1324.9000244140625,68199
2020-12-15,POWERINDIA,1353.9566650390625,1358.949951171875,1400.4000244140625,1336.75,1388.0,57441
2020-12-16,POWERINDIA,1344.1927490234375,1349.1500244140625,1379.3499755859375,1313.25,1361.0,27881
2020-12-17,POWERINDIA,1322.721923828125,1327.5999755859375,1370.0,1311.25,1349.1500244140625,8584
2020-12-18,POWERINDIA,1309.271484375,1314.0999755859375,1335.0,1284.0,1312.0,14338
2020-12-21,POWERINDIA,1218.157470703125,1222.6500244140625,1352.0,1188.5999755859375,1320.8499755859375,31699
2020-12-22,POWERINDIA,1245.307373046875,1249.9000244140625,1299.699951171875,1215.5,1245.0,37332
2020-12-23,POWERINDIA,1358.2408447265625,1363.25,1397.0,1258.0,1258.0,60777
2020-12-24,POWERINDIA,1323.76806640625,1328.6500244140625,1386.8499755859375,1321.1500244140625,1370.550048828125,15844
2020-12-28,POWERINDIA,1315.9967041015625,1320.8499755859375,1369.0999755859375,1305.0,1369.0999755859375,11146
2020-12-29,POWERINDIA,1298.7603759765625,1303.550048828125,1358.0,1296.5,1358.0,18725
2020-12-30,POWERINDIA,1300.354248046875,1305.1500244140625,1340.0,1295.9000244140625,1313.5999755859375,10761
2020-12-31,POWERINDIA,1287.9002685546875,1292.6500244140625,1318.0,1275.0,1300.0,12575
2021-01-01,POWERINDIA,1300.7030029296875,1305.5,1325.5,1299.0,1303.550048828125,14402
2021-01-04,POWERINDIA,1316.8934326171875,1321.75,1364.800048828125,1316.1500244140625,1316.5999755859375,16769
2021-01-05,POWERINDIA,1294.4261474609375,1299.199951171875,1340.0,1270.0,1340.0,18636
2021-01-06,POWERINDIA,1261.2486572265625,1265.9000244140625,1311.5999755859375,1253.0,1299.199951171875,49557
2021-01-07,POWERINDIA,1281.77294921875,1286.5,1340.050048828125,1272.25,1280.5999755859375,24797
2021-01-08,POWERINDIA,1292.633056640625,1297.4000244140625,1331.8499755859375,1291.0,1299.5,11366
2021-01-11,POWERINDIA,1276.592041015625,1281.300048828125,1331.8499755859375,1276.0,1312.5999755859375,46682
2021-01-12,POWERINDIA,1317.4412841796875,1322.300048828125,1335.0,1266.949951171875,1266.949951171875,17425
2021-01-13,POWERINDIA,1298.2122802734375,1303.0,1330.0,1290.0,1330.0,16056
2021-01-14,POWERINDIA,1278.03662109375,1282.75,1313.550048828125,1271.449951171875,1303.1500244140625,12837
2021-01-15,POWERINDIA,1273.8521728515625,1278.550048828125,1300.0,1265.800048828125,1286.5999755859375,10074
2021-01-18,POWERINDIA,1257.3131103515625,1261.949951171875,1270.0,1241.300048828125,1270.0,15656
2021-01-19,POWERINDIA,1265.0843505859375,1269.75,1299.0,1249.949951171875,1250.0,16344
2021-01-20,POWERINDIA,1279.9296875,1284.6500244140625,1299.0,1260.5999755859375,1276.0,6255
2021-01-21,POWERINDIA,1261.09912109375,1265.75,1310.0,1260.8499755859375,1280.0,12423
2021-01-22,POWERINDIA,1240.1263427734375,1244.699951171875,1275.25,1234.9000244140625,1272.0,14597
2021-01-25,POWERINDIA,1203.411865234375,1207.8499755859375,1269.0,1200.0,1250.800048828125,42007
2021-01-27,POWERINDIA,1208.2938232421875,1212.75,1226.3499755859375,1200.0,1200.0,17812
2021-01-28,POWERINDIA,1217.0615234375,1221.550048828125,1235.0,1201.050048828125,1218.699951171875,19209
2021-01-29,POWERINDIA,1208.2440185546875,1212.699951171875,1240.0,1202.199951171875,1227.5999755859375,37756
2021-02-01,POWERINDIA,1220.4990234375,1225.0,1250.0,1200.0,1200.0,32917
2021-02-02,POWERINDIA,1258.9073486328125,1263.550048828125,1275.300048828125,1229.0,1229.0,27992
2021-02-03,POWERINDIA,1282.2711181640625,1287.0,1311.25,1251.1500244140625,1277.949951171875,66722
2021-02-04,POWERINDIA,1277.5882568359375,1282.300048828125,1307.0,1273.050048828125,1307.0,35477
2021-02-05,POWERINDIA,1276.293212890625,1281.0,1307.0,1269.6500244140625,1300.0,29962
2021-02-08,POWERINDIA,1310.168212890625,1315.0,1320.0,1272.0,1300.0,91962
2021-02-09,POWERINDIA,1315.0999755859375,1319.949951171875,1326.0,1295.1500244140625,1319.0,121138
2021-02-10,POWERINDIA,1322.3731689453125,1327.25,1334.550048828125,1302.4000244140625,1323.300048828125,37069
2021-02-11,POWERINDIA,1286.8043212890625,1291.550048828125,1330.0,1285.0,1330.0,24827
2021-02-12,POWERINDIA,1291.7860107421875,1296.550048828125,1308.0999755859375,1286.0,1286.0,22314
2021-02-15,POWERINDIA,1352.7113037109375,1357.699951171875,1400.0,1303.949951171875,1320.0,99494
2021-02-16,POWERINDIA,1338.2147216796875,1343.1500244140625,1379.0999755859375,1331.0,1366.949951171875,18664
2021-02-17,POWERINDIA,1364.9661865234375,1370.0,1398.0,1330.0,1330.0,172348
2021-02-18,POWERINDIA,1429.47802734375,1434.75,1531.0,1385.0,1385.0,316236
2021-02-19,POWERINDIA,1433.01513671875,1438.300048828125,1490.0,1421.6500244140625,1430.0,70790
2021-02-22,POWERINDIA,1429.02978515625,1434.300048828125,1485.0,1425.0,1435.0,33943
2021-02-23,POWERINDIA,1500.5162353515625,1506.050048828125,1539.0,1440.0,1450.0,78975
2021-02-24,POWERINDIA,1531.7010498046875,1537.3499755859375,1544.9000244140625,1505.199951171875,1537.0,25154
2021-02-25,POWERINDIA,1613.20068359375,1619.1500244140625,1629.0,1527.8499755859375,1559.0,71232
2021-02-26,POWERINDIA,1433.8121337890625,1439.0999755859375,1659.0,1410.0,1615.0,188915
2021-03-01,POWERINDIA,1419.714111328125,1424.949951171875,1479.800048828125,1386.0,1455.0,92804
2021-03-02,POWERINDIA,1419.3653564453125,1424.5999755859375,1448.3499755859375,1389.75,1448.3499755859375,38802
2021-03-03,POWERINDIA,1405.018310546875,1410.199951171875,1433.0,1389.0,1429.0,83582
2021-03-04,POWERINDIA,1419.3653564453125,1424.5999755859375,1449.800048828125,1403.550048828125,1410.5999755859375,34309
2021-03-05,POWERINDIA,1404.370849609375,1409.550048828125,1450.0,1391.0,1450.0,28695
2021-03-08,POWERINDIA,1391.6676025390625,1396.800048828125,1426.75,1370.0,1415.550048828125,38572
2021-03-09,POWERINDIA,1365.6136474609375,1370.6500244140625,1417.1500244140625,1365.6500244140625,1409.5999755859375,15457
2021-03-10,POWERINDIA,1365.66357421875,1370.699951171875,1389.3499755859375,1345.050048828125,1381.050048828125,82205
2021-03-12,POWERINDIA,1357.54345703125,1362.550048828125,1393.5999755859375,1353.5999755859375,1380.0,15791
2021-03-15,POWERINDIA,1306.481689453125,1311.300048828125,1372.550048828125,1295.0,1372.550048828125,29376
2021-03-16,POWERINDIA,1301.9483642578125,1306.75,1330.199951171875,1300.050048828125,1321.0,16003
2021-03-17,POWERINDIA,1287.501708984375,1292.25,1334.8499755859375,1276.25,1306.75,77263
2021-03-18,POWERINDIA,1289.145751953125,1293.9000244140625,1328.0,1285.300048828125,1328.0,49665
2021-03-19,POWERINDIA,1306.631103515625,1311.449951171875,1318.300048828125,1265.300048828125,1296.5999755859375,28105
2021-03-22,POWERINDIA,1384.8426513671875,1389.949951171875,1408.0,1295.1500244140625,1320.0,99345
2021-03-23,POWERINDIA,1394.9554443359375,1400.0999755859375,1440.0,1400.0,1426.949951171875,163026
2021-03-24,POWERINDIA,1391.51806640625,1396.6500244140625,1425.0,1369.0,1411.3499755859375,20473
2021-03-25,POWERINDIA,1351.1170654296875,1356.0999755859375,1400.0,1330.050048828125,1400.0,15928
2021-03-26,POWERINDIA,1334.6279296875,1339.550048828125,1380.0,1335.550048828125,1380.0,15574
2021-03-30,POWERINDIA,1360.4825439453125,1365.5,1380.050048828125,1341.0999755859375,1352.949951171875,17391
2021-03-31,POWERINDIA,1361.9271240234375,1366.949951171875,1382.9000244140625,1333.0,1372.0,13225
2021-04-01,POWERINDIA,1377.6192626953125,1382.699951171875,1390.0,1353.0999755859375,1374.0999755859375,9973
2021-04-05,POWERINDIA,1372.2393798828125,1377.300048828125,1424.5,1358.449951171875,1389.5999755859375,14932
2021-04-06,POWERINDIA,1421.607177734375,1426.8499755859375,1438.0,1376.0,1376.0,25563
2021-04-07,POWERINDIA,1483.8277587890625,1489.300048828125,1504.8499755859375,1427.75,1430.0,45234
2021-04-08,POWERINDIA,1486.1689453125,1491.6500244140625,1525.0,1479.449951171875,1508.0,24230
2021-04-09,POWERINDIA,1511.426025390625,1517.0,1530.0,1445.0,1488.949951171875,112250
2021-04-12,POWERINDIA,1449.354736328125,1454.699951171875,1543.449951171875,1450.0,1505.0,41957
2021-04-13,POWERINDIA,1436.3526611328125,1441.6500244140625,1499.800048828125,1420.0,1460.0,16691
2021-04-15,POWERINDIA,1506.0955810546875,1511.6500244140625,1544.0,1413.25,1438.0,127881
2021-04-16,POWERINDIA,1510.6287841796875,1516.199951171875,1562.75,1508.8499755859375,1519.5999755859375,94718
2021-04-19,POWERINDIA,1466.5413818359375,1471.949951171875,1500.3499755859375,1452.9000244140625,1500.0,21345
2021-04-20,POWERINDIA,1496.2818603515625,1501.800048828125,1534.3499755859375,1492.5,1530.0,14614
2021-04-22,POWERINDIA,1501.562255859375,1507.0999755859375,1525.0,1469.300048828125,1479.949951171875,126170
2021-04-23,POWERINDIA,1506.2451171875,1511.800048828125,1545.0,1494.0,1494.0,56609
2021-04-26,POWERINDIA,1515.0625,1520.6500244140625,1539.0,1509.25,1511.800048828125,18731
2021-04-27,POWERINDIA,1546.9449462890625,1552.6500244140625,1564.800048828125,1527.1500244140625,1545.800048828125,39510
2021-04-28,POWERINDIA,1689.41943359375,1695.6500244140625,1769.0,1554.0,1554.0,411122
2021-04-29,POWERINDIA,1800.5098876953125,1807.1500244140625,1830.0,1664.050048828125,1699.949951171875,194165
2021-04-30,POWERINDIA,1798.7662353515625,1805.4000244140625,1860.0,1771.0999755859375,1780.0,145100
2021-05-03,POWERINDIA,1817.4969482421875,1824.199951171875,1860.0,1790.0,1790.0,54207
2021-05-04,POWERINDIA,1787.9561767578125,1794.550048828125,1850.0,1781.0,1850.0,51780
2021-05-05,POWERINDIA,1749.99609375,1756.449951171875,1845.0,1699.449951171875,1819.949951171875,53537
2021-05-06,POWERINDIA,1715.1744384765625,1721.5,1800.0,1675.5999755859375,1701.0999755859375,65681
2021-05-07,POWERINDIA,1715.622802734375,1721.949951171875,1775.0,1708.800048828125,1719.0,39314
2021-05-10,POWERINDIA,1722.94580078125,1729.300048828125,1762.3499755859375,1717.4000244140625,1721.949951171875,21289
2021-05-11,POWERINDIA,1712.7833251953125,1719.0999755859375,1759.449951171875,1713.0999755859375,1754.4000244140625,23252
2021-05-12,POWERINDIA,1710.29248046875,1716.5999755859375,1748.0,1713.699951171875,1745.0,24104
2021-05-14,POWERINDIA,1702.3717041015625,1708.6500244140625,1743.949951171875,1680.0,1743.949951171875,20394
2021-05-17,POWERINDIA,1681.897216796875,1688.0999755859375,1744.0,1680.0,1720.0,29366
2021-05-18,POWERINDIA,1721.8001708984375,1728.1500244140625,1740.0,1682.0,1682.0,58738
2021-05-19,POWERINDIA,1695.31689453125,1699.5999755859375,1738.8499755859375,1691.4000244140625,1738.8499755859375,27028
2021-05-20,POWERINDIA,1702.0499267578125,1706.3499755859375,1730.4000244140625,1686.0,1686.0,22734
2021-05-21,POWERINDIA,1768.33251953125,1772.800048828125,1811.0,1708.4000244140625,1722.0,68647
2021-05-24,POWERINDIA,1836.0115966796875,1840.6500244140625,1849.0,1790.0,1797.0,44368
2021-05-25,POWERINDIA,1801.6982421875,1806.25,1889.9000244140625,1787.949951171875,1889.9000244140625,33712
2021-05-26,POWERINDIA,1884.5389404296875,1889.300048828125,1940.0,1786.3499755859375,1828.0,91002
2021-05-27,POWERINDIA,1918.10400390625,1922.949951171875,1950.0,1875.0,1913.9000244140625,145068
2021-05-28,POWERINDIA,1906.78271484375,1911.5999755859375,1960.0,1900.0,1960.0,55959
2021-05-31,POWERINDIA,1936.4078369140625,1941.300048828125,1954.5999755859375,1900.0,1900.0,26620
2021-06-01,POWERINDIA,1923.04150390625,1927.9000244140625,1955.0,1903.199951171875,1955.0,17037
2021-06-02,POWERINDIA,1909.725341796875,1914.550048828125,1949.0,1902.050048828125,1949.0,9502
2021-06-03,POWERINDIA,1892.568603515625,1897.3499755859375,1947.949951171875,1887.949951171875,1942.0,15180
2021-06-04,POWERINDIA,1890.97265625,1895.75,1935.0,1866.1500244140625,1890.0,28210
2021-06-07,POWERINDIA,1884.3892822265625,1889.1500244140625,1926.949951171875,1876.8499755859375,1915.0,23140
2021-06-08,POWERINDIA,1868.529296875,1873.25,1919.0,1850.0999755859375,1918.800048828125,35053
2021-06-09,POWERINDIA,1840.9989013671875,1845.6500244140625,1917.949951171875,1830.0,1897.949951171875,28874
2021-06-10,POWERINDIA,1844.639892578125,1849.300048828125,1877.0,1840.0,1869.0,15709
2021-06-11,POWERINDIA,1859.7017822265625,1864.4000244140625,1895.9000244140625,1851.0999755859375,1872.0,12575
2021-06-14,POWERINDIA,1834.4156494140625,1839.050048828125,1879.949951171875,1815.050048828125,1860.0,12722
2021-06-15,POWERINDIA,1813.96728515625,1818.550048828125,1866.050048828125,1814.1500244140625,1848.0,15777
2021-06-16,POWERINDIA,1798.6558837890625,1803.199951171875,1835.9000244140625,1777.050048828125,1818.550048828125,38980
2021-06-17,POWERINDIA,1793.119873046875,1797.6500244140625,1835.0,1778.699951171875,1780.0,13776
2021-06-18,POWERINDIA,1814.2166748046875,1818.800048828125,1828.9000244140625,1755.550048828125,1812.5,16696
2021-06-21,POWERINDIA,1839.751953125,1844.4000244140625,1893.4000244140625,1823.9000244140625,1830.0,40778
2021-06-22,POWERINDIA,1842.4951171875,1847.1500244140625,1877.5999755859375,1842.0,1844.5,11221
2021-06-23,POWERINDIA,1813.7677001953125,1818.3499755859375,1875.949951171875,1815.0,1855.0,64768
2021-06-24,POWERINDIA,1818.60546875,1823.199951171875,1868.449951171875,1805.25,1825.0,33586
2021-06-25,POWERINDIA,1813.5682373046875,1818.1500244140625,1838.449951171875,1800.75,1820.0,13339
2021-06-28,POWERINDIA,1818.406005859375,1823.0,1834.0,1800.0,1818.0,13059
2021-06-29,POWERINDIA,1801.3492431640625,1805.9000244140625,1839.0,1802.0,1839.0,7422
2021-06-30,POWERINDIA,1885.586181640625,1890.3499755859375,1954.9000244140625,1810.0,1828.949951171875,187976
2021-07-01,POWERINDIA,1892.46875,1897.25,1949.0,1890.0,1919.0,39031
2021-07-02,POWERINDIA,1869.826171875,1874.550048828125,1917.0,1862.0,1915.0,20354
2021-07-05,POWERINDIA,1909.9248046875,1914.75,1943.0,1870.0,1870.0,35464
2021-07-06,POWERINDIA,1892.6683349609375,1897.449951171875,1940.0,1893.050048828125,1915.0,14643
2021-07-07,POWERINDIA,1887.6312255859375,1892.4000244140625,1919.8499755859375,1875.0,1900.0,27225
2021-07-08,POWERINDIA,1916.8572998046875,1921.699951171875,1938.9000244140625,1882.050048828125,1919.0,59750
2021-07-09,POWERINDIA,1917.954345703125,1922.800048828125,1950.0,1913.25,1940.0,43400
2021-07-12,POWERINDIA,1919.40087890625,1924.25,2000.0,1921.050048828125,1950.0,90881
2021-07-13,POWERINDIA,1907.4810791015625,1912.300048828125,1960.0,1900.0,1957.699951171875,17043
2021-07-14,POWERINDIA,1909.57568359375,1914.4000244140625,1953.800048828125,1901.0,1925.0,23306
2021-07-15,POWERINDIA,1918.552978515625,1923.4000244140625,1956.0,1901.0,1940.0,28600
2021-07-16,POWERINDIA,1911.171630859375,1916.0,1938.9000244140625,1908.0999755859375,1926.9000244140625,39116
2021-07-19,POWERINDIA,1920.098876953125,1924.949951171875,1981.9000244140625,1916.9000244140625,1920.0,34804
2021-07-20,POWERINDIA,1920.2987060546875,1925.1500244140625,1950.0,1900.0,1946.1500244140625,21044
2021-07-22,POWERINDIA,1921.495361328125,1926.3499755859375,1948.800048828125,1915.0,1948.800048828125,15926
2021-07-23,POWERINDIA,1866.6839599609375,1871.4000244140625,1955.0,1862.0,1947.0,27905
2021-07-26,POWERINDIA,1921.44580078125,1926.300048828125,1998.0,1833.4000244140625,1870.0,136463
2021-07-27,POWERINDIA,1920.2987060546875,1925.1500244140625,1943.6500244140625,1900.0,1922.699951171875,41068
2021-07-28,POWERINDIA,1921.89453125,1926.75,1938.449951171875,1885.0,1925.1500244140625,16881
2021-07-29,POWERINDIA,1907.7802734375,1912.5999755859375,1945.0,1898.0,1940.0,38879
2021-07-30,POWERINDIA,1920.747314453125,1925.5999755859375,1943.25,1904.1500244140625,1917.0,37292
2021-08-02,POWERINDIA,1931.570068359375,1936.449951171875,1995.0,1917.0,1930.0,37335
2021-08-03,POWERINDIA,2011.767578125,2016.8499755859375,2085.0,1929.1500244140625,1930.0,219026
2021-08-04,POWERINDIA,1967.62890625,1972.5999755859375,2074.949951171875,1946.0,2031.050048828125,47255
2021-08-05,POWERINDIA,1948.5272216796875,1953.449951171875,1998.4000244140625,1936.0,1998.4000244140625,17230
2021-08-06,POWERINDIA,1958.15283203125,1963.0999755859375,1983.4000244140625,1935.4000244140625,1970.0,12810
2021-08-09,POWERINDIA,1909.2763671875,1914.0999755859375,1989.0,1901.0,1980.0,26952
2021-08-10,POWERINDIA,1839.95166015625,1844.5999755859375,1944.0,1789.0999755859375,1938.0,34864
2021-08-11,POWERINDIA,1792.1224365234375,1796.6500244140625,1870.0,1741.0,1840.0,53497
2021-08-12,POWERINDIA,1794.41650390625,1798.949951171875,1816.550048828125,1781.0,1801.0,29096
2021-08-13,POWERINDIA,1793.7183837890625,1798.25,1847.9000244140625,1780.3499755859375,1847.9000244140625,26315
2021-08-16,POWERINDIA,1774.01806640625,1778.5,1835.0,1747.6500244140625,1835.0,33297
2021-08-17,POWERINDIA,1871.3721923828125,1876.0999755859375,1937.449951171875,1775.1500244140625,1780.0,87364
2021-08-18,POWERINDIA,1814.914794921875,1819.5,1880.0,1801.9000244140625,1878.0,87409
2021-08-20,POWERINDIA,1812.820068359375,1817.4000244140625,1868.3499755859375,1792.0999755859375,1812.0,52665
2021-08-23,POWERINDIA,1803.49365234375,1808.050048828125,1835.949951171875,1755.550048828125,1791.0999755859375,58689
2021-08-24,POWERINDIA,1845.2880859375,1849.949951171875,1862.0,1810.0,1810.0,37859
2021-08-25,POWERINDIA,1954.7613525390625,1959.699951171875,1980.0,1828.050048828125,1851.0,89774
2021-08-26,POWERINDIA,2153.9580078125,2159.39990234375,2220.0,1934.699951171875,1960.0,552638
2021-08-27,POWERINDIA,2219.193359375,2224.800048828125,2277.0,2067.14990234375,2199.949951171875,193659
2021-08-30,POWERINDIA,2181.33935546875,2186.85009765625,2264.0,2151.64990234375,2245.0,98090
2021-08-31,POWERINDIA,2131.265625,2136.64990234375,2197.89990234375,2121.0,2165.0,41082
2021-09-01,POWERINDIA,2404.42529296875,2410.5,2520.0,2086.25,2175.0,317518
2021-09-02,POWERINDIA,2374.3515625,2380.35009765625,2505.0,2360.0,2380.0,174956
2021-09-03,POWERINDIA,2424.524658203125,2430.64990234375,2472.25,2381.75,2394.75,56506
2021-09-06,POWERINDIA,2408.864013671875,2414.949951171875,2494.949951171875,2400.0,2437.949951171875,50031
2021-09-07,POWERINDIA,2346.172607421875,2352.10009765625,2439.0,2318.75,2424.949951171875,39507
2021-09-08,POWERINDIA,2319.7890625,2325.64990234375,2376.449951171875,2307.050048828125,2360.949951171875,21200
2021-09-09,POWERINDIA,2319.839111328125,2325.699951171875,2348.949951171875,2318.050048828125,2325.64990234375,13031
2021-09-13,POWERINDIA,2320.437744140625,2326.300048828125,2370.0,2281.0,2325.699951171875,20139
2021-09-14,POWERINDIA,2383.87744140625,2389.89990234375,2473.0,2335.10009765625,2359.0,91715
2021-09-15,POWERINDIA,2429.861328125,2436.0,2525.0,2382.14990234375,2409.89990234375,52175
2021-09-16,POWERINDIA,2376.89501953125,2382.89990234375,2459.0,2375.0,2459.0,27766
2021-09-17,POWERINDIA,2402.729736328125,2408.800048828125,2444.0,2300.0,2382.89990234375,37659
2021-09-20,POWERINDIA,2301.435546875,2307.25,2409.0,2290.0,2408.800048828125,32522
2021-09-21,POWERINDIA,2344.825927734375,2350.75,2363.300048828125,2265.449951171875,2307.5,33542
2021-09-22,POWERINDIA,2323.43017578125,2329.300048828125,2385.0,2316.0,2350.0,14702
2021-09-23,POWERINDIA,2375.64794921875,2381.64990234375,2458.949951171875,2350.0,2350.0,38001
2021-09-24,POWERINDIA,2305.026611328125,2310.85009765625,2419.64990234375,2295.25,2388.0,20697
2021-09-27,POWERINDIA,2294.60302734375,2300.39990234375,2357.35009765625,2293.64990234375,2330.0,11469
2021-09-28,POWERINDIA,2294.951904296875,2300.75,2363.050048828125,2289.75,2344.0,18872
2021-09-29,POWERINDIA,2404.27587890625,2410.35009765625,2575.0,2275.14990234375,2295.0,425566
2021-09-30,POWERINDIA,2432.654296875,2438.800048828125,2474.64990234375,2380.0,2433.0,70378
2021-10-01,POWERINDIA,2446.9677734375,2453.14990234375,2489.800048828125,2415.050048828125,2433.0,44597
2021-10-04,POWERINDIA,2474.14892578125,2480.39990234375,2516.0,2465.10009765625,2478.39990234375,49748
2021-10-05,POWERINDIA,2425.771484375,2431.89990234375,2492.89990234375,2424.199951171875,2478.0,38936
2021-10-06,POWERINDIA,2367.917724609375,2373.89990234375,2479.949951171875,2350.0,2455.0,20417
2021-10-07,POWERINDIA,2394.650146484375,2400.699951171875,2450.0,2363.050048828125,2391.25,16107
2021-10-08,POWERINDIA,2359.339599609375,2365.300048828125,2436.89990234375,2350.0,2410.0,25648
2021-10-11,POWERINDIA,2409.313232421875,2415.39990234375,2550.0,2375.300048828125,2389.25,50645
2021-10-12,POWERINDIA,2453.60107421875,2459.800048828125,2506.25,2376.050048828125,2433.25,37345
2021-10-13,POWERINDIA,2455.546142578125,2461.75,2547.89990234375,2450.0,2482.0,45871
2021-10-14,POWERINDIA,2611.8017578125,2618.39990234375,2749.0,2432.60009765625,2485.25,259377
2021-10-18,POWERINDIA,2657.885498046875,2664.60009765625,2798.0,2601.89990234375,2649.0,105957
2021-10-19,POWERINDIA,2545.070068359375,2551.5,2702.85009765625,2500.0,2682.800048828125,47197
2021-10-20,POWERINDIA,2488.313720703125,2494.60009765625,2589.60009765625,2425.0,2562.0,41164
2021-10-21,POWERINDIA,2474.14892578125,2480.39990234375,2559.949951171875,2438.14990234375,2530.0,28221
2021-10-22,POWERINDIA,2432.75390625,2438.89990234375,2565.5,2347.699951171875,2495.25,32108
2021-10-25,POWERINDIA,2274.702880859375,2280.449951171875,2400.0,2240.0,2400.0,66132
2021-10-26,POWERINDIA,2336.94580078125,2342.85009765625,2370.0,2294.0,2300.0,45123
2021-10-27,POWERINDIA,2284.97705078125,2290.75,2380.64990234375,2279.5,2362.0,25498
2021-10-28,POWERINDIA,2243.531982421875,2249.199951171875,2314.75,2222.0,2307.25,27648
2021-10-29,POWERINDIA,2207.024169921875,2212.60009765625,2279.0,2190.0,2243.0,37661
2021-11-01,POWERINDIA,2165.0302734375,2170.5,2257.699951171875,2160.0,2205.10009765625,40225
2021-11-02,POWERINDIA,2204.081298828125,2209.64990234375,2259.89990234375,2185.199951171875,2194.0,35569
2021-11-03,POWERINDIA,2278.79296875,2284.550048828125,2379.0,2217.699951171875,2228.0,93948
2021-11-04,POWERINDIA,2309.7646484375,2315.60009765625,2344.0,2285.0,2300.0,9593
2021-11-08,POWERINDIA,2313.505126953125,2319.35009765625,2375.0,2299.10009765625,2335.0,26896
2021-11-09,POWERINDIA,2305.076171875,2310.89990234375,2350.0,2300.0,2319.35009765625,16218
2021-11-10,POWERINDIA,2319.88916015625,2325.75,2370.0,2305.199951171875,2322.449951171875,20694
2021-11-11,POWERINDIA,2310.11376953125,2315.949951171875,2400.0,2305.14990234375,2325.75,37244
2021-11-12,POWERINDIA,2358.042724609375,2364.0,2390.0,2325.050048828125,2338.25,33410
2021-11-15,POWERINDIA,2530.75634765625,2537.14990234375,2565.0,2351.25,2364.0,75890
2021-11-16,POWERINDIA,2569.0595703125,2575.550048828125,2600.0,2525.0,2566.25,49804
2021-11-17,POWERINDIA,2622.82373046875,2629.449951171875,2637.0,2566.25,2586.0,54973
2021-11-18,POWERINDIA,2534.696533203125,2541.10009765625,2648.0,2475.0,2647.0,37136
2021-11-22,POWERINDIA,2516.04345703125,2522.39990234375,2598.300048828125,2475.0,2554.0,57063
2021-11-23,POWERINDIA,2600.579833984375,2607.14990234375,2639.0,2456.64990234375,2480.0,36478
2021-11-24,POWERINDIA,2556.790283203125,2563.25,2691.699951171875,2550.10009765625,2630.0,39167
2021-11-25,POWERINDIA,2648.30908203125,2655.0,2678.89990234375,2553.85009765625,2560.0,42789
2021-11-26,POWERINDIA,2508.661865234375,2515.0,2639.949951171875,2490.0,2639.949951171875,26533
2021-11-29,POWERINDIA,2411.806640625,2417.89990234375,2500.0,2388.25,2470.0,26511
2021-11-30,POWERINDIA,2639.581298828125,2646.25,2756.39990234375,2399.0,2399.0,465299
2021-12-01,POWERINDIA,2704.766845703125,2711.60009765625,2740.199951171875,2505.550048828125,2600.0,99543
2021-12-02,POWERINDIA,2743.518798828125,2750.449951171875,2855.0,2674.0,2674.0,140583
2021-12-03,POWERINDIA,2655.441162109375,2662.14990234375,2792.699951171875,2632.35009765625,2763.0,44998
2021-12-06,POWERINDIA,2550.2568359375,2556.699951171875,2674.449951171875,2530.0,2668.89990234375,28579
2021-12-07,POWERINDIA,2565.618408203125,2572.10009765625,2624.89990234375,2551.050048828125,2600.0,28034
2021-12-08,POWERINDIA,2610.0556640625,2616.64990234375,2648.0,2524.949951171875,2598.25,28977
2021-12-09,POWERINDIA,2610.355224609375,2616.949951171875,2669.0,2590.0,2643.0,24916
2021-12-10,POWERINDIA,2595.19384765625,2601.75,2668.0,2590.0,2633.25,21783
2021-12-13,POWERINDIA,2603.522705078125,2610.10009765625,2648.0,2578.0,2648.0,62080
2021-12-14,POWERINDIA,2576.44091796875,2582.949951171875,2628.699951171875,2574.64990234375,2586.39990234375,34899
2021-12-15,POWERINDIA,2563.3740234375,2569.85009765625,2635.0,2552.39990234375,2596.5,18247
2021-12-16,POWERINDIA,2537.68896484375,2544.10009765625,2600.0,2530.10009765625,2582.89990234375,13891
2021-12-17,POWERINDIA,2524.07275390625,2530.449951171875,2566.89990234375,2504.39990234375,2540.10009765625,14928
2021-12-20,POWERINDIA,2436.294921875,2442.449951171875,2520.0,2381.60009765625,2520.0,24189
2021-12-21,POWERINDIA,2408.36572265625,2414.449951171875,2492.85009765625,2402.449951171875,2455.300048828125,11460
2021-12-22,POWERINDIA,2521.329833984375,2527.699951171875,2555.0,2380.0,2420.0,24720
2021-12-23,POWERINDIA,2549.06005859375,2555.5,2577.0,2490.0,2540.0,16913
2021-12-24,POWERINDIA,2535.145263671875,2541.550048828125,2585.0,2522.199951171875,2569.0,6017
2021-12-27,POWERINDIA,2496.49267578125,2502.800048828125,2554.89990234375,2482.0,2550.0,9540
2021-12-28,POWERINDIA,2489.90966796875,2496.199951171875,2545.800048828125,2484.0,2535.0,8331
2021-12-29,POWERINDIA,2557.2890625,2563.75,2677.0,2501.0,2501.0,150694
2021-12-30,POWERINDIA,2550.0576171875,2556.5,2589.85009765625,2530.0,2574.0,22098
2021-12-31,POWERINDIA,2520.38232421875,2526.75,2590.0,2509.699951171875,2556.0,31333
2022-01-03,POWERINDIA,2501.0810546875,2507.39990234375,2590.0,2491.0,2568.39990234375,27499
2022-01-04,POWERINDIA,2498.039306640625,2504.35009765625,2565.89990234375,2485.050048828125,2545.0,38228
2022-01-05,POWERINDIA,2483.4755859375,2489.75,2532.0,2452.64990234375,2504.35009765625,39850
2022-01-06,POWERINDIA,2445.621337890625,2451.800048828125,2520.0,2440.199951171875,2460.14990234375,39289
2022-01-07,POWERINDIA,2439.93603515625,2446.10009765625,2509.949951171875,2434.25,2462.0,26123
2022-01-10,POWERINDIA,2444.075439453125,2450.25,2497.199951171875,2430.050048828125,2451.0,26652
2022-01-11,POWERINDIA,2464.423828125,2470.64990234375,2514.39990234375,2443.35009765625,2462.0,22165
2022-01-12,POWERINDIA,2553.798095703125,2560.25,2605.0,2483.64990234375,2483.699951171875,43145
2022-01-13,POWERINDIA,2636.489013671875,2643.14990234375,2675.0,2559.949951171875,2603.0,69870
2022-01-14,POWERINDIA,2656.53857421875,2663.25,2699.39990234375,2615.699951171875,2643.14990234375,27202
2022-01-17,POWERINDIA,2708.7568359375,2715.60009765625,2730.0,2670.050048828125,2697.800048828125,37904
2022-01-18,POWERINDIA,2649.65625,2656.35009765625,2742.64990234375,2640.0,2735.0,24677
2022-01-19,POWERINDIA,2783.617431640625,2790.64990234375,2800.0,2592.39990234375,2674.0,74145
2022-01-20,POWERINDIA,2814.489501953125,2821.60009765625,2914.800048828125,2752.0,2800.0,122494
2022-01-21,POWERINDIA,3023.1123046875,3030.75,3210.14990234375,2817.199951171875,2830.0,860273
2022-01-24,POWERINDIA,2903.6142578125,2910.949951171875,3129.949951171875,2870.10009765625,3031.0,164982
2022-01-25,POWERINDIA,3176.774169921875,3184.800048828125,3240.0,2812.25,2870.0,208978
2022-01-27,POWERINDIA,3101.514404296875,3109.35009765625,3330.0,3046.0,3218.0,226369
2022-01-28,POWERINDIA,3213.78076171875,3221.89990234375,3269.0,3128.550048828125,3150.0,103032
2022-01-31,POWERINDIA,3113.932861328125,3121.800048828125,3340.0,3105.0,3286.39990234375,76105
2022-02-01,POWERINDIA,3223.057373046875,3231.199951171875,3260.0,3125.300048828125,3180.0,79244
2022-02-02,POWERINDIA,3347.293212890625,3355.75,3390.0,3208.35009765625,3265.0,69165
2022-02-03,POWERINDIA,3293.529296875,3301.85009765625,3430.0,3275.0,3390.0,69277
2022-02-04,POWERINDIA,3248.39306640625,3256.60009765625,3350.0,3206.949951171875,3332.0,39437
2022-02-07,POWERINDIA,3087.150634765625,3094.949951171875,3290.050048828125,3038.89990234375,3272.39990234375,59967
2022-02-08,POWERINDIA,3103.808349609375,3111.64990234375,3172.75,3020.0,3147.949951171875,41200
2022-02-09,POWERINDIA,3076.57763671875,3084.35009765625,3139.0,3051.10009765625,3128.0,26568
2022-02-10,POWERINDIA,2960.7197265625,2968.199951171875,3123.949951171875,2922.300048828125,3120.0,91523
2022-02-11,POWERINDIA,2817.282470703125,2824.39990234375,2979.85009765625,2812.0,2968.199951171875,61990
2022-02-14,POWERINDIA,2823.366943359375,2830.5,2940.0,2725.64990234375,2770.0,67367
2022-02-15,POWERINDIA,2810.499755859375,2817.60009765625,2898.0,2698.550048828125,2847.39990234375,70991
2022-02-16,POWERINDIA,2825.31201171875,2832.449951171875,2892.0,2771.10009765625,2887.0,49815
2022-02-17,POWERINDIA,2905.6591796875,2913.0,2987.199951171875,2827.550048828125,2870.0,63329
2022-02-18,POWERINDIA,3097.524658203125,3105.35009765625,3125.0,2932.89990234375,2949.0,170932
2022-02-21,POWERINDIA,3114.08251953125,3121.949951171875,3150.0,3045.0,3148.0,83411
2022-02-22,POWERINDIA,3164.2060546875,3172.199951171875,3196.0,2974.0,2974.0,87033
2022-02-23,POWERINDIA,3193.731201171875,3201.800048828125,3342.0,3172.25,3196.0,96448
2022-02-24,POWERINDIA,3020.319091796875,3027.949951171875,3235.0,2998.699951171875,3098.0,100375
2022-02-25,POWERINDIA,3172.634521484375,3180.64990234375,3220.0,3131.0,3131.0,52912
2022-02-28,POWERINDIA,3295.125,3303.449951171875,3333.0,3137.25,3195.0,113626
2022-03-02,POWERINDIA,3408.63818359375,3417.25,3450.0,3250.050048828125,3310.0,96860
2022-03-03,POWERINDIA,3842.99072265625,3852.699951171875,4042.60009765625,3424.85009765625,3494.0,466662
2022-03-04,POWERINDIA,3574.41943359375,3583.449951171875,3978.25,3541.89990234375,3829.0,287797
2022-03-07,POWERINDIA,3273.380126953125,3281.64990234375,3538.39990234375,3260.0,3485.0,140641
2022-03-08,POWERINDIA,3399.711181640625,3408.300048828125,3475.0,3252.550048828125,3252.550048828125,131848
2022-03-09,POWERINDIA,3450.681884765625,3459.39990234375,3518.0,3400.0,3460.050048828125,61323
2022-03-10,POWERINDIA,3376.968505859375,3385.5,3599.0,3368.300048828125,3499.0,50518
2022-03-11,POWERINDIA,3325.149169921875,3333.550048828125,3445.0,3312.699951171875,3378.0,35992
2022-03-14,POWERINDIA,3299.21484375,3307.550048828125,3384.60009765625,3281.050048828125,3350.0,29478
2022-03-15,POWERINDIA,3451.43017578125,3460.14990234375,3549.0,3271.050048828125,3285.5,114563
2022-03-16,POWERINDIA,3400.4091796875,3409.0,3509.0,3360.0,3509.0,50572
2022-03-17,POWERINDIA,3395.22216796875,3403.800048828125,3490.0,3380.0,3460.0,36176
2022-03-21,POWERINDIA,3339.313232421875,3347.75,3484.949951171875,3312.699951171875,3421.699951171875,29351
2022-03-22,POWERINDIA,3315.62353515625,3324.0,3394.25,3303.0,3365.0,24261
2022-03-23,POWERINDIA,3363.003662109375,3371.5,3418.60009765625,3295.35009765625,3355.0,56546
2022-03-24,POWERINDIA,3414.024658203125,3422.64990234375,3440.0,3325.699951171875,3357.0,38122
2022-03-25,POWERINDIA,3370.434814453125,3378.949951171875,3470.0,3350.0,3440.699951171875,30202
2022-03-28,POWERINDIA,3573.072998046875,3582.10009765625,3650.0,3340.550048828125,3390.0,172927
2022-03-29,POWERINDIA,3534.96923828125,3543.89990234375,3643.949951171875,3490.64990234375,3619.949951171875,63673
2022-03-30,POWERINDIA,3467.589599609375,3476.35009765625,3644.5,3459.0,3570.050048828125,61196
2022-03-31,POWERINDIA,3512.376220703125,3521.25,3565.0,3445.0,3487.949951171875,48197
2022-04-01,POWERINDIA,3487.88818359375,3496.699951171875,3545.0,3467.800048828125,3542.89990234375,34992
2022-04-04,POWERINDIA,3467.340087890625,3476.10009765625,3512.0,3456.60009765625,3472.0,30621
2022-04-05,POWERINDIA,3451.779296875,3460.5,3555.5,3414.949951171875,3498.85009765625,49825
2022-04-06,POWERINDIA,3445.994140625,3454.699951171875,3514.300048828125,3429.25,3441.0,49838
2022-04-07,POWERINDIA,3371.631591796875,3380.14990234375,3484.0,3356.0,3430.0,33164
2022-04-08,POWERINDIA,3453.625,3462.35009765625,3500.0,3390.0,3404.699951171875,38432
2022-04-11,POWERINDIA,3434.922119140625,3443.60009765625,3488.25,3401.35009765625,3469.800048828125,41568
2022-04-12,POWERINDIA,3475.6689453125,3484.449951171875,3525.550048828125,3386.0,3460.89990234375,49172
2022-04-13,POWERINDIA,3484.646484375,3493.449951171875,3530.5,3430.0,3518.949951171875,48962
2022-04-18,POWERINDIA,3403.850341796875,3412.449951171875,3518.050048828125,3390.0,3460.0,38164
2022-04-19,POWERINDIA,3317.468505859375,3325.85009765625,3479.949951171875,3251.0,3426.10009765625,40550
2022-04-20,POWERINDIA,3295.97314453125,3304.300048828125,3368.800048828125,3251.39990234375,3330.949951171875,38167
2022-04-21,POWERINDIA,3280.162841796875,3288.449951171875,3345.0,3275.0,3304.300048828125,50126
2022-04-22,POWERINDIA,3227.9453125,3236.10009765625,3339.949951171875,3225.0,3275.10009765625,29272
2022-04-25,POWERINDIA,3143.70751953125,3151.64990234375,3218.0,3136.35009765625,3203.5,34596
2022-04-26,POWERINDIA,3131.8876953125,3139.800048828125,3200.0,3112.0,3180.0,21308
2022-04-27,POWERINDIA,3161.063720703125,3169.050048828125,3308.0,3120.050048828125,3135.0,104609
2022-04-28,POWERINDIA,3169.044189453125,3177.050048828125,3206.300048828125,3136.89990234375,3189.25,22571
2022-04-29,POWERINDIA,3141.064453125,3149.0,3265.550048828125,3120.0,3192.89990234375,34911
2022-05-02,POWERINDIA,3081.46484375,3089.25,3147.949951171875,3083.0,3110.0,20059
2022-05-04,POWERINDIA,2872.4931640625,2879.75,3112.89990234375,2850.0,3100.0,73547
2022-05-05,POWERINDIA,2952.09228515625,2959.550048828125,2975.0,2894.89990234375,2911.25,39894
2022-05-06,POWERINDIA,2982.71435546875,2990.25,3118.800048828125,2860.64990234375,2860.64990234375,74375
2022-05-09,POWERINDIA,2924.0625,2931.449951171875,3005.949951171875,2902.199951171875,2990.25,26927
2022-05-10,POWERINDIA,2824.41455078125,2831.550048828125,2998.0,2800.0,2938.25,35521
2022-05-11,POWERINDIA,2907.25537109375,2914.60009765625,2944.0,2750.10009765625,2833.25,52341
2022-05-12,POWERINDIA,2855.087158203125,2862.300048828125,2914.60009765625,2807.300048828125,2910.0,27547
2022-05-13,POWERINDIA,3022.962646484375,3030.60009765625,3077.85009765625,2890.0,2894.0,77970
2022-05-16,POWERINDIA,3064.3583984375,3072.10009765625,3140.0,3002.550048828125,3045.89990234375,34631
2022-05-17,POWERINDIA,3167.796875,3175.800048828125,3195.0,3076.199951171875,3115.0,33435
2022-05-18,POWERINDIA,3104.30712890625,3112.14990234375,3248.0,3086.39990234375,3190.0,32994
2022-05-19,POWERINDIA,3040.617919921875,3048.300048828125,3105.050048828125,3030.0,3051.10009765625,20416
2022-05-20,POWERINDIA,3073.93408203125,3081.699951171875,3157.0,3075.0,3093.25,12814
2022-05-23,POWERINDIA,3127.49853515625,3135.39990234375,3165.0,3098.0,3098.0,26594
2022-05-24,POWERINDIA,3128.246826171875,3136.14990234375,3190.0,3117.300048828125,3165.10009765625,18243
2022-05-25,POWERINDIA,3152.83447265625,3160.800048828125,3199.89990234375,3050.699951171875,3175.0,35139
2022-05-26,POWERINDIA,3127.099853515625,3135.0,3170.0,3062.35009765625,3170.0,36968
2022-05-27,POWERINDIA,3244.902099609375,3253.10009765625,3295.0,3160.0,3160.0,49257
2022-05-30,POWERINDIA,3332.48095703125,3340.89990234375,3361.699951171875,3256.85009765625,3345.550048828125,34855
2022-05-31,POWERINDIA,3521.054443359375,3529.949951171875,3595.949951171875,3358.5,3358.5,152462
2022-06-01,POWERINDIA,3501.35400390625,3510.199951171875,3655.0,3432.550048828125,3590.0,61553
2022-06-02,POWERINDIA,3483.100341796875,3491.89990234375,3539.949951171875,3452.550048828125,3500.0,25241
2022-06-03,POWERINDIA,3373.377685546875,3381.89990234375,3560.550048828125,3325.0,3510.300048828125,30016
2022-06-06,POWERINDIA,3340.01171875,3348.449951171875,3376.0,3307.199951171875,3372.5,20167
2022-06-07,POWERINDIA,3307.094970703125,3315.449951171875,3399.89990234375,3285.050048828125,3339.75,42481
2022-06-08,POWERINDIA,3314.02734375,3322.39990234375,3349.949951171875,3270.0,3332.89990234375,14910
2022-06-09,POWERINDIA,3286.646484375,3294.949951171875,3322.0,3261.0,3292.25,9212
2022-06-10,POWERINDIA,3368.8388671875,3377.35009765625,3425.0,3265.050048828125,3277.5,31755
2022-06-13,POWERINDIA,3278.816162109375,3287.10009765625,3385.60009765625,3240.300048828125,3358.949951171875,20136
2022-06-14,POWERINDIA,3247.196044921875,3255.39990234375,3290.0,3207.0,3247.0,21840
2022-06-15,POWERINDIA,3281.35986328125,3289.64990234375,3348.64990234375,3251.0,3251.0,27433
2022-06-16,POWERINDIA,3110.142578125,3118.0,3328.75,3100.0,3307.0,45460
2022-06-17,POWERINDIA,3140.466064453125,3148.39990234375,3216.800048828125,3054.300048828125,3120.10009765625,26059
2022-06-20,POWERINDIA,2869.201171875,2876.449951171875,3154.39990234375,2851.0,3121.0,48523
2022-06-21,POWERINDIA,3107.00048828125,3114.85009765625,3190.0,2866.25,2870.0,53528
2022-06-22,POWERINDIA,3183.457763671875,3191.5,3210.0,3071.10009765625,3115.300048828125,35482
2022-06-23,POWERINDIA,3113.7333984375,3121.60009765625,3198.75,3106.39990234375,3192.0,25724
2022-06-24,POWERINDIA,3136.875,3144.800048828125,3213.949951171875,3103.800048828125,3144.25,39022
2022-06-27,POWERINDIA,3149.343505859375,3157.300048828125,3194.949951171875,3113.89990234375,3169.75,28971
2022-06-28,POWERINDIA,3142.06201171875,3150.0,3174.800048828125,3125.0,3156.64990234375,27030
2022-06-29,POWERINDIA,3136.875,3144.800048828125,3160.0,3108.0,3139.0,16596
2022-06-30,POWERINDIA,3143.75732421875,3151.699951171875,3165.0,3125.0,3130.0,16430
2022-07-01,POWERINDIA,3142.01220703125,3149.949951171875,3175.0,3092.0,3168.300048828125,17764
2022-07-04,POWERINDIA,3151.039306640625,3159.0,3176.0,3104.050048828125,3136.0,24517
2022-07-05,POWERINDIA,3221.61083984375,3229.75,3259.0,3141.14990234375,3159.0,35518
2022-07-06,POWERINDIA,3295.573974609375,3303.89990234375,3333.89990234375,3202.25,3250.0,27242
2022-07-07,POWERINDIA,3329.937255859375,3338.35009765625,3392.199951171875,3322.0,3358.0,22891
2022-07-08,POWERINDIA,3266.1982421875,3274.449951171875,3358.300048828125,3260.0,3338.35009765625,12778
2022-07-11,POWERINDIA,3461.255615234375,3470.0,3513.0,3275.0,3280.199951171875,92809
2022-07-12,POWERINDIA,3415.919921875,3424.550048828125,3508.0,3392.35009765625,3500.0,28180
2022-07-13,POWERINDIA,3462.801513671875,3471.550048828125,3521.0,3426.10009765625,3426.10009765625,29456
2022-07-14,POWERINDIA,3475.380615234375,3481.14990234375,3498.0,3440.0,3440.0,9700
2022-07-15,POWERINDIA,3523.900146484375,3529.75,3564.949951171875,3456.0,3475.0,17140
2022-07-18,POWERINDIA,3584.54931640625,3590.5,3674.0,3560.050048828125,3569.0,54744
2022-07-19,POWERINDIA,3537.37744140625,3543.25,3640.0,3525.64990234375,3591.550048828125,30321
2022-07-20,POWERINDIA,3413.68310546875,3419.35009765625,3588.75,3395.0,3546.0,32360
2022-07-21,POWERINDIA,3372.102294921875,3377.699951171875,3494.10009765625,3277.14990234375,3439.0,109328
2022-07-22,POWERINDIA,3164.9462890625,3170.199951171875,3357.64990234375,3134.449951171875,3315.5,126054
2022-07-25,POWERINDIA,3082.93212890625,3088.050048828125,3171.10009765625,3002.199951171875,3170.199951171875,93906
2022-07-26,POWERINDIA,3154.114013671875,3159.35009765625,3170.0,3062.199951171875,3118.949951171875,52264
2022-07-27,POWERINDIA,3237.9248046875,3243.300048828125,3248.0,3141.60009765625,3176.85009765625,47847
2022-07-28,POWERINDIA,3221.601806640625,3226.949951171875,3275.800048828125,3172.64990234375,3275.800048828125,29171
2022-07-29,POWERINDIA,3219.904541015625,3225.25,3249.85009765625,3168.85009765625,3249.85009765625,32940
2022-08-01,POWERINDIA,3304.963623046875,3310.449951171875,3320.0,3194.199951171875,3238.949951171875,36431
2022-08-02,POWERINDIA,3436.894775390625,3442.60009765625,3451.60009765625,3312.39990234375,3324.89990234375,57400
2022-08-03,POWERINDIA,3317.54248046875,3323.050048828125,3448.25,3302.39990234375,3443.60009765625,38640
2022-08-04,POWERINDIA,3438.69140625,3444.39990234375,3498.39990234375,3317.39990234375,3357.89990234375,32055
2022-08-05,POWERINDIA,3520.056396484375,3525.89990234375,3549.5,3408.64990234375,3450.0,40959
2022-08-08,POWERINDIA,3420.970703125,3426.64990234375,3550.0,3412.5,3550.0,196377
2022-08-10,POWERINDIA,3399.057373046875,3404.699951171875,3454.800048828125,3393.550048828125,3430.0,18756
2022-08-11,POWERINDIA,3296.377685546875,3301.85009765625,3450.0,3264.050048828125,3450.0,36362
2022-08-12,POWERINDIA,3228.59033203125,3233.949951171875,3321.39990234375,3222.0,3321.39990234375,31697
2022-08-16,POWERINDIA,3325.82861328125,3331.35009765625,3345.949951171875,3220.0,3241.050048828125,36771
2022-08-17,POWERINDIA,3390.970703125,3396.60009765625,3420.0,3318.949951171875,3355.0,36091
2022-08-18,POWERINDIA,3383.832763671875,3389.449951171875,3460.0,3370.0,3410.0,29810
2022-08-19,POWERINDIA,3430.25537109375,3435.949951171875,3479.0,3397.050048828125,3409.0,28645
2022-08-22,POWERINDIA,3530.988525390625,3536.85009765625,3680.0,3421.050048828125,3447.25,210475
2022-08-23,POWERINDIA,3532.785400390625,3538.64990234375,3627.699951171875,3475.85009765625,3530.0,84170
2022-08-24,POWERINDIA,3511.62060546875,3517.449951171875,3611.89990234375,3500.0,3557.300048828125,31881
2022-08-25,POWERINDIA,3620.09033203125,3626.10009765625,3769.949951171875,3514.85009765625,3536.0,148730
2022-08-26,POWERINDIA,3677.544921875,3683.64990234375,3848.89990234375,3640.0,3645.0,208658
2022-08-29,POWERINDIA,3628.0771484375,3634.10009765625,3698.0,3500.0,3500.0,49058
2022-08-30,POWERINDIA,3738.1943359375,3744.39990234375,3798.89990234375,3670.0,3677.949951171875,85977
2022-09-01,POWERINDIA,3758.710205078125,3764.949951171875,3915.0,3710.39990234375,3710.39990234375,105976
2022-09-02,POWERINDIA,3764.600341796875,3770.85009765625,3856.0,3748.050048828125,3847.0,58093
2022-09-05,POWERINDIA,3802.787109375,3809.10009765625,3889.0,3771.0,3790.0,50695
2022-09-06,POWERINDIA,3700.806396484375,3706.949951171875,3860.0,3700.0,3840.0,48484
2022-09-07,POWERINDIA,3760.85693359375,3767.10009765625,3790.550048828125,3667.60009765625,3671.0,52377
2022-09-08,POWERINDIA,3758.211181640625,3764.449951171875,3814.0,3734.75,3790.0,40005
2022-09-09,POWERINDIA,3701.505126953125,3707.64990234375,3811.10009765625,3685.550048828125,3798.0,37855
2022-09-12,POWERINDIA,3621.338134765625,3627.35009765625,3775.550048828125,3610.0,3735.5,50330
2022-09-13,POWERINDIA,3621.288330078125,3627.300048828125,3709.0,3586.0,3627.35009765625,78795
2022-09-14,POWERINDIA,3547.0615234375,3552.949951171875,3625.25,3535.0,3580.0,56506
2022-09-15,POWERINDIA,3501.587158203125,3507.39990234375,3579.0,3480.5,3567.14990234375,41531
2022-09-16,POWERINDIA,3462.951416015625,3468.699951171875,3580.0,3387.35009765625,3525.89990234375,268112
2022-09-19,POWERINDIA,3460.954345703125,3466.699951171875,3521.050048828125,3443.25,3503.199951171875,18465
2022-09-20,POWERINDIA,3453.3173828125,3459.050048828125,3533.449951171875,3433.25,3507.25,17202
2022-09-21,POWERINDIA,3409.290283203125,3414.949951171875,3503.5,3402.699951171875,3478.85009765625,20061
2022-09-22,POWERINDIA,3608.90869140625,3614.89990234375,3640.0,3391.050048828125,3400.0,54750
2022-09-23,POWERINDIA,3511.32080078125,3517.14990234375,3640.64990234375,3500.0,3628.39990234375,20684
2022-09-26,POWERINDIA,3502.236083984375,3508.050048828125,3569.0,3413.35009765625,3543.800048828125,33360
2022-09-27,POWERINDIA,3478.17578125,3483.949951171875,3549.0,3456.0,3490.0,26455
2022-09-28,POWERINDIA,3461.753173828125,3467.5,3529.89990234375,3428.60009765625,3484.0,147809
2022-09-29,POWERINDIA,3412.634521484375,3418.300048828125,3525.0,3355.0,3478.75,57229
2022-09-30,POWERINDIA,3483.6669921875,3489.449951171875,3522.35009765625,3370.199951171875,3390.0,43655
2022-10-03,POWERINDIA,3468.941162109375,3474.699951171875,3510.0,3411.0,3473.25,23340
2022-10-04,POWERINDIA,3490.60546875,3496.39990234375,3526.449951171875,3456.0,3519.0,17211
2022-10-06,POWERINDIA,3449.623291015625,3455.35009765625,3548.75,3437.14990234375,3513.85009765625,18649
2022-10-07,POWERINDIA,3442.73486328125,3448.449951171875,3499.949951171875,3431.10009765625,3455.0,13751
2022-10-10,POWERINDIA,3413.9326171875,3419.60009765625,3466.60009765625,3415.199951171875,3417.10009765625,12151
2022-10-11,POWERINDIA,3400.355224609375,3406.0,3459.300048828125,3393.0,3423.25,15886
2022-10-12,POWERINDIA,3400.405029296875,3406.050048828125,3469.0,3386.14990234375,3423.050048828125,14900
2022-10-13,POWERINDIA,3390.921142578125,3396.550048828125,3435.0,3365.050048828125,3402.300048828125,8756
2022-10-14,POWERINDIA,3379.739501953125,3385.35009765625,3435.35009765625,3372.0,3413.550048828125,20307
2022-10-17,POWERINDIA,3363.516357421875,3369.10009765625,3403.199951171875,3354.60009765625,3398.89990234375,8498
2022-10-18,POWERINDIA,3332.367919921875,3337.89990234375,3430.0,3307.0,3375.0,20270
2022-10-19,POWERINDIA,3297.625732421875,3303.10009765625,3366.550048828125,3284.10009765625,3346.550048828125,37869
2022-10-20,POWERINDIA,3232.833251953125,3238.199951171875,3317.75,3226.0,3300.0,14476
2022-10-21,POWERINDIA,3221.052978515625,3226.39990234375,3290.0,3208.800048828125,3238.0,26519
2022-10-24,POWERINDIA,3239.372314453125,3244.75,3261.89990234375,3201.14990234375,3250.0,2856
2022-10-25,POWERINDIA,3182.66650390625,3187.949951171875,3260.949951171875,3171.449951171875,3260.949951171875,28379
2022-10-27,POWERINDIA,3230.68701171875,3236.050048828125,3265.89990234375,3171.75,3219.85009765625,30715
2022-10-28,POWERINDIA,3193.149169921875,3198.449951171875,3245.0,3185.050048828125,3245.0,5924
2022-10-31,POWERINDIA,3158.955810546875,3164.199951171875,3227.25,3145.0,3214.449951171875,16424
2022-11-01,POWERINDIA,3192.350341796875,3197.64990234375,3210.0,3152.10009765625,3152.10009765625,28114
2022-11-02,POWERINDIA,3181.31884765625,3186.60009765625,3240.0,3170.0,3197.64990234375,16111
2022-11-03,POWERINDIA,3162.999267578125,3168.25,3202.39990234375,3146.449951171875,3186.60009765625,12686
2022-11-04,POWERINDIA,3137.94091796875,3143.14990234375,3204.0,3135.10009765625,3180.89990234375,18284
2022-11-07,POWERINDIA,3179.97119140625,3185.25,3200.0,3124.0,3158.89990234375,48095
2022-11-09,POWERINDIA,3131.701171875,3136.89990234375,3202.0,3102.5,3202.0,24866
2022-11-10,POWERINDIA,3075.294677734375,3080.39990234375,3131.0,3031.199951171875,3131.0,24866
2022-11-11,POWERINDIA,3077.291259765625,3082.39990234375,3149.89990234375,3066.449951171875,3095.0,23582
2022-11-14,POWERINDIA,3037.457275390625,3042.5,3097.85009765625,2997.25,3087.25,18429
2022-11-15,POWERINDIA,2983.946533203125,2988.89990234375,3038.0,2975.0,3038.0,20175
2022-11-16,POWERINDIA,2961.88330078125,2966.800048828125,3019.949951171875,2915.0,2988.89990234375,72567
2022-11-17,POWERINDIA,2937.82275390625,2942.699951171875,2999.89990234375,2929.0,2970.0,17203
2022-11-18,POWERINDIA,2875.177001953125,2879.949951171875,2954.10009765625,2858.0,2942.699951171875,40060
2022-11-21,POWERINDIA,2880.718017578125,2885.5,2980.0,2861.25,2892.0,36052
2022-11-22,POWERINDIA,2883.013916015625,2887.800048828125,2908.0,2880.0,2885.550048828125,11290
2022-11-23,POWERINDIA,2920.501953125,2925.35009765625,2953.949951171875,2840.10009765625,2895.0,23585
2022-11-24,POWERINDIA,2922.098876953125,2926.949951171875,2950.0,2908.85009765625,2939.949951171875,15851
2022-11-25,POWERINDIA,2899.286865234375,2904.10009765625,2949.0,2892.699951171875,2926.949951171875,8012
2022-11-28,POWERINDIA,2911.267333984375,2916.10009765625,2925.0,2875.199951171875,2925.0,27084
2022-11-29,POWERINDIA,2954.4951171875,2959.39990234375,3001.0,2896.199951171875,2920.0,30714
2022-11-30,POWERINDIA,2948.35546875,2953.25,3009.64990234375,2940.14990234375,2975.0,22922
2022-12-01,POWERINDIA,2926.541748046875,2931.39990234375,3034.14990234375,2927.0,2960.39990234375,30549
2022-12-02,POWERINDIA,2931.3837890625,2936.25,2979.10009765625,2912.050048828125,2950.0,19898
2022-12-05,POWERINDIA,3003.563720703125,3008.550048828125,3017.199951171875,2935.0,2962.25,26549
2022-12-06,POWERINDIA,2985.643798828125,2990.60009765625,3054.60009765625,2974.0,3024.39990234375,27969
2022-12-07,POWERINDIA,3004.01318359375,3009.0,3025.10009765625,2953.64990234375,2979.60009765625,14051
2022-12-08,POWERINDIA,3050.536376953125,3055.60009765625,3108.39990234375,3007.0,3011.949951171875,67709
2022-12-09,POWERINDIA,3072.14990234375,3077.25,3099.89990234375,3000.0,3071.699951171875,24499
2022-12-12,POWERINDIA,3292.634033203125,3298.10009765625,3347.39990234375,3061.10009765625,3089.949951171875,120207
2022-12-13,POWERINDIA,3303.26611328125,3308.75,3347.949951171875,3280.0,3300.0,41273
2022-12-14,POWERINDIA,3321.9853515625,3327.5,3363.949951171875,3250.0,3325.0,90440
2022-12-15,POWERINDIA,3415.080810546875,3420.75,3441.699951171875,3331.75,3331.75,85173
2022-12-16,POWERINDIA,3342.4013671875,3347.949951171875,3439.10009765625,3312.699951171875,3386.550048828125,36972
2022-12-19,POWERINDIA,3378.99072265625,3384.60009765625,3422.0,3332.050048828125,3333.0,24890
2022-12-20,POWERINDIA,3414.032470703125,3419.699951171875,3433.10009765625,3341.10009765625,3390.0,23343
2022-12-21,POWERINDIA,3367.80908203125,3373.39990234375,3437.10009765625,3321.5,3425.0,36079
2022-12-22,POWERINDIA,3322.03515625,3327.550048828125,3544.0,3295.0,3378.85009765625,55695
2022-12-23,POWERINDIA,3301.119873046875,3306.60009765625,3350.300048828125,3180.10009765625,3297.300048828125,40617
2022-12-26,POWERINDIA,3281.05322265625,3286.5,3298.949951171875,3215.60009765625,3253.25,26032
2022-12-27,POWERINDIA,3299.4228515625,3304.89990234375,3325.0,3267.0,3289.89990234375,15451
2022-12-28,POWERINDIA,3307.209716796875,3312.699951171875,3391.949951171875,3302.0,3319.5,20929
2022-12-29,POWERINDIA,3299.4228515625,3304.89990234375,3322.949951171875,3267.14990234375,3313.0,11642
2022-12-30,POWERINDIA,3341.802490234375,3347.35009765625,3393.89990234375,3271.89990234375,3278.300048828125,30972
2023-01-02,POWERINDIA,3347.492919921875,3353.050048828125,3397.449951171875,3322.10009765625,3347.35009765625,10610
2023-01-03,POWERINDIA,3366.2119140625,3371.800048828125,3393.449951171875,3316.0,3355.10009765625,27286
2023-01-04,POWERINDIA,3319.289794921875,3324.800048828125,3381.89990234375,3305.050048828125,3371.800048828125,27915
2023-01-05,POWERINDIA,3227.991455078125,3233.35009765625,3343.0,3205.800048828125,3321.35009765625,14048
2023-01-06,POWERINDIA,3282.85009765625,3288.300048828125,3336.800048828125,3219.64990234375,3230.0,18674
2023-01-09,POWERINDIA,3314.747314453125,3320.25,3332.35009765625,3278.199951171875,3300.0,5522
2023-01-10,POWERINDIA,3331.27001953125,3336.800048828125,3370.0,3301.64990234375,3325.0,50036
2023-01-11,POWERINDIA,3330.271484375,3335.800048828125,3371.89990234375,3332.800048828125,3355.0,22871
2023-01-12,POWERINDIA,3299.1728515625,3304.64990234375,3368.5,3271.550048828125,3344.10009765625,26650
2023-01-13,POWERINDIA,3263.632080078125,3269.050048828125,3324.60009765625,3252.0,3304.5,9511
2023-01-16,POWERINDIA,3260.387451171875,3265.800048828125,3271.25,3244.60009765625,3249.449951171875,5586
2023-01-17,POWERINDIA,3277.7587890625,3283.199951171875,3296.449951171875,3250.10009765625,3252.800048828125,9534
2023-01-18,POWERINDIA,3254.697021484375,3260.10009765625,3283.199951171875,3240.10009765625,3283.199951171875,14710
2023-01-19,POWERINDIA,3300.920166015625,3306.39990234375,3324.0,3237.35009765625,3260.10009765625,9540
2023-01-20,POWERINDIA,3223.548583984375,3228.89990234375,3306.39990234375,3210.0,3302.39990234375,8499
2023-01-23,POWERINDIA,3167.841064453125,3173.10009765625,3245.0,3144.949951171875,3230.89990234375,17318
2023-01-24,POWERINDIA,3125.26171875,3130.449951171875,3196.449951171875,3006.64990234375,3166.199951171875,33662
2023-01-25,POWERINDIA,3116.47607421875,3121.64990234375,3158.35009765625,3087.449951171875,3121.14990234375,6912
2023-01-27,POWERINDIA,3013.547607421875,3018.550048828125,3138.949951171875,2966.050048828125,3123.5,18341
2023-01-30,POWERINDIA,3020.13623046875,3025.14990234375,3079.75,2980.10009765625,3034.39990234375,19034
2023-01-31,POWERINDIA,3098.55615234375,3103.699951171875,3146.800048828125,3013.14990234375,3020.35009765625,12993
2023-02-01,POWERINDIA,3141.385498046875,3146.60009765625,3230.10009765625,3058.199951171875,3112.0,12972
2023-02-02,POWERINDIA,3079.1884765625,3084.300048828125,3163.199951171875,3065.5,3118.0,5359
2023-02-03,POWERINDIA,3044.745361328125,3049.800048828125,3088.800048828125,3020.0,3087.14990234375,7767
2023-02-06,POWERINDIA,3103.34814453125,3108.5,3153.0,3035.0,3065.0,8775
2023-02-07,POWERINDIA,2997.374267578125,3002.35009765625,3021.550048828125,2922.0,2951.0,129621
2023-02-08,POWERINDIA,2948.6552734375,2953.550048828125,3005.050048828125,2925.949951171875,3005.050048828125,77975
2023-02-09,POWERINDIA,2996.525634765625,3001.5,3020.0,2905.85009765625,2945.0,19286
2023-02-10,POWERINDIA,3033.614013671875,3038.64990234375,3075.0,2991.75,3006.60009765625,18587
2023-02-13,POWERINDIA,2998.971435546875,3003.949951171875,3089.5,2990.050048828125,3054.60009765625,8173
2023-02-14,POWERINDIA,3047.690673828125,3052.75,3090.0,2990.0,3018.949951171875,16040
2023-02-15,POWERINDIA,2985.44384765625,2990.39990234375,3028.0,2925.39990234375,3028.0,54559
2023-02-16,POWERINDIA,2985.49365234375,2990.449951171875,3021.949951171875,2963.39990234375,2998.949951171875,32120
2023-02-17,POWERINDIA,2998.123046875,3003.10009765625,3015.0,2965.0,2980.449951171875,13014
2023-02-20,POWERINDIA,3009.404052734375,3014.39990234375,3040.050048828125,2986.050048828125,3015.0,9759
2023-02-21,POWERINDIA,3045.344482421875,3050.39990234375,3069.85009765625,2996.050048828125,3015.0,11271
2023-02-22,POWERINDIA,3063.564208984375,3068.64990234375,3075.0,3030.300048828125,3050.89990234375,11026
2023-02-23,POWERINDIA,3171.28515625,3176.550048828125,3236.85009765625,3064.5,3083.0,37271
2023-02-24,POWERINDIA,3268.7734375,3274.199951171875,3351.0,3151.300048828125,3170.0,34889
2023-02-27,POWERINDIA,3307.7587890625,3313.25,3474.0,3232.0,3274.199951171875,109049
2023-02-28,POWERINDIA,3321.38623046875,3326.89990234375,3375.0,3252.85009765625,3313.25,24741
2023-03-01,POWERINDIA,3314.747314453125,3320.25,3357.550048828125,3301.5,3326.89990234375,11156
2023-03-02,POWERINDIA,3327.32666015625,3332.85009765625,3356.800048828125,3248.0,3320.25,20734
2023-03-03,POWERINDIA,3334.464599609375,3340.0,3399.89990234375,3308.14990234375,3350.0,16227
2023-03-06,POWERINDIA,3395.7626953125,3401.39990234375,3433.949951171875,3330.60009765625,3356.699951171875,18381
2023-03-08,POWERINDIA,3460.704833984375,3466.449951171875,3483.0,3370.60009765625,3419.300048828125,30229
2023-03-09,POWERINDIA,3524.948486328125,3530.800048828125,3555.0,3472.64990234375,3490.449951171875,27778
2023-03-10,POWERINDIA,3426.61181640625,3432.300048828125,3569.0,3403.050048828125,3530.0,23201
2023-03-13,POWERINDIA,3477.077880859375,3482.85009765625,3545.0,3372.050048828125,3432.300048828125,35254
2023-03-14,POWERINDIA,3255.795166015625,3261.199951171875,3490.050048828125,3250.050048828125,3489.800048828125,31687
2023-03-15,POWERINDIA,3324.43115234375,3329.949951171875,3360.0,3251.10009765625,3275.5,25715
2023-03-16,POWERINDIA,3250.20458984375,3255.60009765625,3329.550048828125,3250.0,3300.0,13071
2023-03-17,POWERINDIA,3300.670654296875,3306.14990234375,3310.0,3252.050048828125,3272.699951171875,7642
2023-03-20,POWERINDIA,3313.799072265625,3319.300048828125,3360.0,3226.10009765625,3360.0,22705
2023-03-21,POWERINDIA,3230.88623046875,3236.25,3335.800048828125,3220.050048828125,3335.800048828125,39069
2023-03-22,POWERINDIA,3241.818115234375,3247.199951171875,3300.10009765625,3224.85009765625,3252.39990234375,8036
2023-03-23,POWERINDIA,3351.5859375,3357.14990234375,3439.10009765625,3211.050048828125,3229.0,34894
2023-03-24,POWERINDIA,3328.0751953125,3333.60009765625,3388.449951171875,3305.64990234375,3360.0,8105
2023-03-27,POWERINDIA,3141.43505859375,3146.64990234375,3349.449951171875,3111.050048828125,3337.050048828125,33223
2023-03-28,POWERINDIA,3140.935546875,3146.14990234375,3197.89990234375,3100.0,3150.0,16955
2023-03-29,POWERINDIA,3164.6962890625,3169.949951171875,3246.800048828125,3084.050048828125,3135.5,31132
2023-03-31,POWERINDIA,3337.85888671875,3343.39990234375,3382.449951171875,3155.050048828125,3186.60009765625,34033
2023-04-03,POWERINDIA,3287.043212890625,3292.5,3396.0,3275.550048828125,3326.0,15280
2023-04-05,POWERINDIA,3218.706787109375,3224.050048828125,3310.0,3217.0,3308.89990234375,18638
2023-04-06,POWERINDIA,3208.22412109375,3213.550048828125,3240.14990234375,3190.0,3240.14990234375,16590
2023-04-10,POWERINDIA,3156.310302734375,3161.550048828125,3236.550048828125,3155.0,3182.0,18830
2023-04-11,POWERINDIA,3146.17724609375,3151.39990234375,3207.550048828125,3135.0,3161.550048828125,27386
2023-04-12,POWERINDIA,3135.544677734375,3140.75,3198.949951171875,3135.10009765625,3167.14990234375,20566
2023-04-13,POWERINDIA,3126.9091796875,3132.10009765625,3171.14990234375,3125.0,3154.14990234375,12561
2023-04-17,POWERINDIA,3083.73095703125,3088.85009765625,3132.10009765625,3080.949951171875,3103.800048828125,11049
2023-04-18,POWERINDIA,3076.193359375,3081.300048828125,3119.949951171875,3070.0,3111.050048828125,10754
2023-04-19,POWERINDIA,3039.853515625,3044.89990234375,3097.5,3030.10009765625,3096.699951171875,129276
2023-04-20,POWERINDIA,3192.450439453125,3197.75,3226.89990234375,3053.550048828125,3060.89990234375,36154
2023-04-21,POWERINDIA,3215.16259765625,3220.5,3263.800048828125,3176.050048828125,3195.0,70346
2023-04-24,POWERINDIA,3229.38916015625,3234.75,3260.89990234375,3201.0,3230.0,89520
2023-04-25,POWERINDIA,3239.92138671875,3245.300048828125,3318.25,3216.050048828125,3250.75,51703
2023-04-26,POWERINDIA,3283.69873046875,3289.14990234375,3300.0,3225.85009765625,3225.85009765625,34543
2023-04-27,POWERINDIA,3273.61572265625,3279.050048828125,3319.949951171875,3270.0,3300.0,8173
2023-04-28,POWERINDIA,3303.016845703125,3308.5,3325.0,3287.14990234375,3300.0,8692
2023-05-02,POWERINDIA,3443.0341796875,3448.75,3470.0,3310.0,3325.89990234375,58874
2023-05-03,POWERINDIA,3349.589111328125,3355.14990234375,3428.10009765625,3331.5,3428.10009765625,34389
2023-05-04,POWERINDIA,3460.60498046875,3466.35009765625,3482.0,3337.0,3337.0,20445
2023-05-05,POWERINDIA,3723.618408203125,3729.800048828125,3764.60009765625,3445.60009765625,3480.0,266488
2023-05-08,POWERINDIA,3681.688232421875,3687.800048828125,3810.0,3674.89990234375,3750.050048828125,67010
2023-05-09,POWERINDIA,3732.404052734375,3738.60009765625,3755.0,3687.25,3687.25,43573
2023-05-10,POWERINDIA,3765.34912109375,3771.60009765625,3819.949951171875,3708.199951171875,3744.0,44708
2023-05-11,POWERINDIA,3796.996826171875,3803.300048828125,3815.0,3728.0,3772.0,36830
2023-05-12,POWERINDIA,3808.8271484375,3815.14990234375,3869.0,3783.699951171875,3819.85009765625,47573
2023-05-15,POWERINDIA,3902.072509765625,3908.550048828125,3934.0,3781.39990234375,3820.0,40262
2023-05-16,POWERINDIA,3806.3310546875,3812.64990234375,3949.0,3803.199951171875,3929.050048828125,49570
2023-05-17,POWERINDIA,3809.076416015625,3815.39990234375,3873.949951171875,3790.0,3818.0,57789
2023-05-18,POWERINDIA,3967.064208984375,3973.64990234375,4038.0,3825.14990234375,3849.5,67153
2023-05-19,POWERINDIA,4025.267578125,4031.949951171875,4080.0,3856.35009765625,3980.0,39225
2023-05-22,POWERINDIA,3933.220458984375,3939.75,4051.85009765625,3925.14990234375,4051.85009765625,18348
2023-05-23,POWERINDIA,3996.31591796875,4002.949951171875,4094.5,3903.89990234375,3948.949951171875,37462
2023-05-24,POWERINDIA,3799.792236328125,3806.10009765625,4064.0,3756.0,4010.0,92714
2023-05-25,POWERINDIA,3789.8583984375,3796.14990234375,3849.0,3738.64990234375,3825.0,39575
2023-05-26,POWERINDIA,3780.573974609375,3786.85009765625,3815.050048828125,3758.300048828125,3800.0,26343
2023-05-29,POWERINDIA,3861.04052734375,3867.449951171875,3936.85009765625,3786.0,3786.0,32495
2023-05-30,POWERINDIA,3875.266845703125,3881.699951171875,3905.89990234375,3850.0,3870.0,19795
2023-05-31,POWERINDIA,3840.074951171875,3846.449951171875,3925.0,3814.800048828125,3925.0,30685
2023-06-01,POWERINDIA,3894.834228515625,3901.300048828125,3920.0,3839.800048828125,3861.64990234375,14287
2023-06-02,POWERINDIA,3905.0673828125,3911.550048828125,3964.0,3901.0,3921.800048828125,18616
2023-06-05,POWERINDIA,3867.978515625,3874.39990234375,3963.0,3850.0,3932.10009765625,16055
2023-06-06,POWERINDIA,3978.0458984375,3984.64990234375,3999.0,3851.25,3890.0,23132
2023-06-07,POWERINDIA,3961.72314453125,3968.300048828125,4000.0,3948.39990234375,4000.0,9069
2023-06-08,POWERINDIA,3908.46142578125,3914.949951171875,3995.0,3905.0,3987.949951171875,9966
2023-06-09,POWERINDIA,3830.84033203125,3837.199951171875,3985.550048828125,3823.550048828125,3880.35009765625,17972
2023-06-12,POWERINDIA,3922.18896484375,3928.699951171875,3943.949951171875,3815.0,3857.39990234375,15231
2023-06-13,POWERINDIA,4104.0869140625,4110.89990234375,4149.0,3901.699951171875,3901.699951171875,55527
2023-06-14,POWERINDIA,4078.279541015625,4085.050048828125,4293.9501953125,4056.5,4199.0,122886
2023-06-15,POWERINDIA,3995.91650390625,4002.550048828125,4213.64990234375,3977.14990234375,4090.0,38030
2023-06-16,POWERINDIA,4063.005126953125,4069.75,4122.60009765625,3962.0,4024.89990234375,30595
2023-06-19,POWERINDIA,4112.22314453125,4119.0498046875,4155.0,4072.300048828125,4089.949951171875,33162
2023-06-20,POWERINDIA,4127.048828125,4133.89990234375,4170.0,4120.0,4126.0,11737
2023-06-21,POWERINDIA,4154.25390625,4161.14990234375,4168.0,4084.5,4137.9501953125,14071
2023-06-22,POWERINDIA,4116.56591796875,4123.39990234375,4189.85009765625,4090.10009765625,4181.9501953125,10383
2023-06-23,POWERINDIA,4090.110107421875,4096.89990234375,4239.9501953125,4052.550048828125,4123.39990234375,32309
2023-06-26,POWERINDIA,4184.80322265625,4191.75,4200.0,4076.10009765625,4100.0,12852
2023-06-27,POWERINDIA,4115.11865234375,4121.9501953125,4192.4501953125,4090.0,4153.64990234375,23844
2023-06-28,POWERINDIA,4110.92578125,4117.75,4207.9501953125,4109.0,4158.9501953125,12696
2023-06-30,POWERINDIA,4150.958984375,4157.85009765625,4185.0,4083.699951171875,4138.5498046875,16102
2023-07-03,POWERINDIA,4131.19189453125,4138.0498046875,4189.0,4125.0,4179.7001953125,9696
2023-07-04,POWERINDIA,4101.19140625,4108.0,4172.39990234375,4100.0,4158.7001953125,7010
2023-07-05,POWERINDIA,4211.75830078125,4218.75,4288.0,4105.0498046875,4128.5,36550
2023-07-06,POWERINDIA,4313.4892578125,4320.64990234375,4345.0,4200.0,4200.0,30776
2023-07-07,POWERINDIA,4254.78662109375,4261.85009765625,4347.85009765625,4231.5,4320.64990234375,35613
2023-07-10,POWERINDIA,4219.79443359375,4226.7998046875,4365.0,4199.7998046875,4285.0,18861
2023-07-11,POWERINDIA,4182.4072265625,4189.35009765625,4300.0,4161.5,4244.0,22038
2023-07-12,POWERINDIA,4213.255859375,4220.25,4288.10009765625,4193.0498046875,4210.25,15325
2023-07-13,POWERINDIA,4145.56787109375,4152.4501953125,4249.64990234375,4125.14990234375,4220.25,15080
2023-07-14,POWERINDIA,4221.4921875,4228.5,4275.0498046875,4159.75,4170.0,17612
2023-07-17,POWERINDIA,4235.6689453125,4242.7001953125,4277.4501953125,4180.7998046875,4180.7998046875,21604
2023-07-18,POWERINDIA,4228.6298828125,4235.64990234375,4335.0,4215.2998046875,4265.0,18750
2023-07-19,POWERINDIA,4199.57763671875,4206.5498046875,4311.0,4191.5,4289.9501953125,18207
2023-07-20,POWERINDIA,4161.341796875,4168.25,4241.4501953125,4146.0498046875,4227.5,15080
2023-07-21,POWERINDIA,4195.4853515625,4202.4501953125,4239.9501953125,4151.25,4186.0,9074
2023-07-24,POWERINDIA,4114.869140625,4121.7001953125,4228.9501953125,4101.5,4220.0,31899
2023-07-25,POWERINDIA,4137.58154296875,4144.4501953125,4274.0,4042.85009765625,4141.0,32311
2023-07-26,POWERINDIA,4060.7587890625,4067.5,4155.0498046875,4051.0,4093.699951171875,46865
2023-07-27,POWERINDIA,4049.976806640625,4056.699951171875,4129.89990234375,3987.050048828125,4077.0,19949
2023-07-28,POWERINDIA,3953.43701171875,3960.0,4067.60009765625,3940.050048828125,4056.699951171875,19120
2023-07-31,POWERINDIA,3935.916259765625,3942.449951171875,3984.0,3931.300048828125,3960.0,95334
2023-08-01,POWERINDIA,3958.279052734375,3964.85009765625,4001.89990234375,3935.0,3963.199951171875,19668
2023-08-02,POWERINDIA,4026.1162109375,4032.800048828125,4042.0,3902.050048828125,3970.0,49988
2023-08-03,POWERINDIA,4268.763671875,4275.85009765625,4295.25,4030.199951171875,4046.0,130944
2023-08-04,POWERINDIA,4185.25244140625,4192.2001953125,4310.0,4151.10009765625,4310.0,20980
2023-08-07,POWERINDIA,4189.4951171875,4196.4501953125,4259.9501953125,4156.0,4192.2001953125,10646
2023-08-08,POWERINDIA,4293.6220703125,4300.75,4325.7001953125,4154.0,4226.0,20397
2023-08-09,POWERINDIA,4363.05615234375,4370.2998046875,4396.39990234375,4241.10009765625,4310.14990234375,18416
2023-08-10,POWERINDIA,4444.9345703125,4448.85009765625,4515.0,4330.0498046875,4370.2998046875,63789
2023-08-11,POWERINDIA,4407.16796875,4411.0498046875,4482.89990234375,4340.0,4482.89990234375,15042
2023-08-14,POWERINDIA,4294.46728515625,4298.25,4405.0,4261.5,4334.0,12110
2023-08-16,POWERINDIA,4253.95361328125,4257.7001953125,4345.2001953125,4221.10009765625,4279.9501953125,11212
2023-08-17,POWERINDIA,4324.0908203125,4327.89990234375,4437.9501953125,4211.5,4211.5,15352
2023-08-18,POWERINDIA,4259.0986328125,4262.85009765625,4350.7001953125,4227.89990234375,4319.0,7678
2023-08-21,POWERINDIA,4381.4404296875,4385.2998046875,4420.0,4207.2001953125,4274.7001953125,16967
2023-08-22,POWERINDIA,4444.685546875,4448.60009765625,4550.0,4366.0,4402.9501953125,34182
2023-08-23,POWERINDIA,4631.1708984375,4635.25,4800.0,4445.0498046875,4457.10009765625,169522
2023-08-24,POWERINDIA,4575.61962890625,4579.64990234375,4673.0498046875,4501.0,4644.89990234375,25278
2023-08-25,POWERINDIA,4589.10791015625,4593.14990234375,4667.9501953125,4495.0,4599.64990234375,17492
2023-08-28,POWERINDIA,4612.88720703125,4616.9501953125,4666.0,4551.4501953125,4578.0,13206
2023-08-29,POWERINDIA,4542.04931640625,4546.0498046875,4666.2001953125,4526.25,4620.0,20943
2023-08-30,POWERINDIA,4451.17919921875,4455.10009765625,4539.9501953125,4440.0,4508.0,27250
2023-08-31,POWERINDIA,4397.0771484375,4400.9501953125,4482.4501953125,4385.0,4459.64990234375,20611
2023-09-01,POWERINDIA,4377.044921875,4380.89990234375,4460.0,4360.0,4400.9501953125,12078
2023-09-04,POWERINDIA,4389.533203125,4393.39990234375,4449.89990234375,4306.89990234375,4440.0,42519
2023-09-05,POWERINDIA,4414.31201171875,4418.2001953125,4430.0,4390.0,4416.5,23683
2023-09-06,POWERINDIA,4348.17041015625,4352.0,4474.64990234375,4251.39990234375,4440.25,38433
2023-09-07,POWERINDIA,4459.37158203125,4463.2998046875,4547.89990234375,4328.5,4328.5,116904
2023-09-08,POWERINDIA,4563.8798828125,4567.89990234375,4619.0,4477.25,4500.0,60949
2023-09-11,POWERINDIA,4564.87890625,4568.89990234375,4686.9501953125,4542.60009765625,4590.7001953125,33056
2023-09-12,POWERINDIA,4347.47021484375,4351.2998046875,4597.2001953125,4315.2998046875,4590.85009765625,26167
2023-09-13,POWERINDIA,4321.69384765625,4325.5,4465.85009765625,4261.9501953125,4350.0,24002
2023-09-14,POWERINDIA,4357.71142578125,4361.5498046875,4449.89990234375,4342.25,4359.89990234375,21640
2023-09-15,POWERINDIA,4299.96240234375,4303.75,4497.2998046875,4277.0,4380.0,45610
2023-09-18,POWERINDIA,4197.65234375,4201.35009765625,4341.7001953125,4166.0,4303.75,31896
2023-09-20,POWERINDIA,4159.4365234375,4163.10009765625,4250.0498046875,4151.0498046875,4201.9501953125,24382
2023-09-21,POWERINDIA,4176.171875,4179.85009765625,4249.89990234375,4142.0,4180.0,15578
2023-09-22,POWERINDIA,4196.103515625,4199.7998046875,4248.2998046875,4152.5,4200.7001953125,15597
2023-09-25,POWERINDIA,4179.8681640625,4183.5498046875,4240.64990234375,4161.60009765625,4200.0,20693
2023-09-26,POWERINDIA,4126.36572265625,4130.0,4229.9501953125,4117.60009765625,4204.4501953125,16108
2023-09-27,POWERINDIA,4145.49853515625,4149.14990234375,4206.75,4130.75,4132.0,24207
2023-09-28,POWERINDIA,4117.77294921875,4121.39990234375,4240.0,4100.0,4169.7998046875,18163
2023-09-29,POWERINDIA,4096.54150390625,4100.14990234375,4186.25,4090.050048828125,4126.0498046875,15281
2023-10-03,POWERINDIA,4043.73828125,4047.300048828125,4198.0,4008.39990234375,4120.64990234375,31011
2023-10-04,POWERINDIA,3994.23193359375,3997.75,4107.0,3966.64990234375,4044.300048828125,21432
2023-10-05,POWERINDIA,3965.906494140625,3969.39990234375,4065.35009765625,3952.0,4008.300048828125,26685
2023-10-06,POWERINDIA,3967.25537109375,3970.75,4010.800048828125,3939.0,3989.199951171875,71199
2023-10-09,POWERINDIA,3934.734130859375,3938.199951171875,3984.60009765625,3895.89990234375,3960.0,32594
2023-10-10,POWERINDIA,4006.620849609375,4010.14990234375,4020.800048828125,3930.0,3958.89990234375,24894
2023-10-11,POWERINDIA,4113.7265625,4117.35009765625,4131.0,4025.0,4030.199951171875,15311
2023-10-12,POWERINDIA,4313.30126953125,4317.10009765625,4343.0,4115.0,4137.89990234375,46124
2023-10-13,POWERINDIA,4446.58349609375,4450.5,4481.0,4289.9501953125,4300.0,96757
2023-10-16,POWERINDIA,4545.94580078125,4549.9501953125,4577.0,4423.85009765625,4451.0,26656
2023-10-17,POWERINDIA,4570.67431640625,4574.7001953125,4615.0,4500.0498046875,4540.0,17661
2023-10-18,POWERINDIA,4577.21875,4581.25,4650.0,4508.39990234375,4560.0,27446
2023-10-19,POWERINDIA,4628.3232421875,4632.39990234375,4660.89990234375,4545.0498046875,4570.0,21261
2023-10-20,POWERINDIA,4547.84423828125,4551.85009765625,4632.0,4523.60009765625,4632.0,15368
2023-10-23,POWERINDIA,4310.55322265625,4314.35009765625,4564.2998046875,4280.0,4558.0,65610
2023-10-25,POWERINDIA,4278.28125,4282.0498046875,4346.0498046875,4190.10009765625,4313.0,25250
2023-10-26,POWERINDIA,4151.693359375,4155.35009765625,4294.60009765625,4030.449951171875,4282.0498046875,36956
2023-10-27,POWERINDIA,4247.708984375,4251.4501953125,4320.0,4175.35009765625,4176.10009765625,15220
2023-10-30,POWERINDIA,4167.37890625,4171.0498046875,4264.0,4151.85009765625,4259.9501953125,10857
2023-10-31,POWERINDIA,4139.4541015625,4143.10009765625,4221.0498046875,4130.0,4171.0498046875,12500
2023-11-01,POWERINDIA,4150.49365234375,4154.14990234375,4205.14990234375,4120.14990234375,4173.2001953125,13578
2023-11-02,POWERINDIA,4467.31494140625,4471.25,4520.0,4116.39990234375,4184.25,87851
2023-11-03,POWERINDIA,4464.66796875,4468.60009765625,4529.0,4378.0498046875,4445.0,18943
2023-11-06,POWERINDIA,4400.97412109375,4404.85009765625,4499.64990234375,4385.0,4470.0,12029
2023-11-07,POWERINDIA,4566.7275390625,4570.75,4594.60009765625,4313.0,4499.9501953125,89117
2023-11-08,POWERINDIA,4567.826171875,4571.85009765625,4670.9501953125,4515.10009765625,4554.39990234375,25031
2023-11-09,POWERINDIA,4474.4091796875,4478.35009765625,4595.89990234375,4459.89990234375,4595.89990234375,11821
2023-11-10,POWERINDIA,4369.00244140625,4372.85009765625,4500.7001953125,4329.4501953125,4478.35009765625,17932
2023-11-13,POWERINDIA,4359.5595703125,4363.39990234375,4481.2001953125,4340.0,4417.85009765625,40238
2023-11-15,POWERINDIA,4370.0009765625,4373.85009765625,4420.0,4299.75,4396.0,16847
2023-11-16,POWERINDIA,4572.97216796875,4577.0,4675.0,4395.0498046875,4396.89990234375,58449
2023-11-17,POWERINDIA,4591.056640625,4595.10009765625,4680.0,4549.14990234375,4581.25,43873
2023-11-20,POWERINDIA,4629.17236328125,4633.25,4749.0,4565.0,4600.0,26180
2023-11-21,POWERINDIA,4620.130859375,4624.2001953125,4750.0,4600.0,4651.0,47328
2023-11-22,POWERINDIA,4694.41455078125,4698.5498046875,4835.64990234375,4569.89990234375,4670.0,98107
2023-11-23,POWERINDIA,4827.8974609375,4832.14990234375,4944.0,4703.64990234375,4725.0,103332
2023-11-24,POWERINDIA,4826.89892578125,4831.14990234375,4920.5,4773.0,4832.14990234375,45392
2023-11-28,POWERINDIA,4738.67626953125,4742.85009765625,4948.0,4689.9501953125,4831.14990234375,58299
2023-11-29,POWERINDIA,4720.54248046875,4724.7001953125,4792.2001953125,4701.0498046875,4750.0,22897
2023-11-30,POWERINDIA,4668.23828125,4672.35009765625,4764.7001953125,4651.0,4764.7001953125,34978
2023-12-01,POWERINDIA,4728.634765625,4732.7998046875,4827.25,4700.0,4700.0,112075
2023-12-04,POWERINDIA,4807.3154296875,4811.5498046875,4895.0,4751.0,4765.0,54407
2023-12-05,POWERINDIA,4766.50146484375,4770.7001953125,4958.85009765625,4713.2001953125,4836.0,59193
2023-12-06,POWERINDIA,4810.96240234375,4815.2001953125,4860.0,4745.0,4817.0,75017
2023-12-07,POWERINDIA,4851.87646484375,4856.14990234375,4890.0,4780.9501953125,4815.0,73317
2023-12-08,POWERINDIA,4835.4404296875,4839.7001953125,4909.9501953125,4816.5,4881.7001953125,24765
2023-12-11,POWERINDIA,4858.6708984375,4862.9501953125,4889.25,4787.5498046875,4850.0,27787
2023-12-12,POWERINDIA,4857.82080078125,4862.10009765625,4908.89990234375,4830.2001953125,4879.10009765625,36944
2023-12-13,POWERINDIA,5059.3935546875,5063.85009765625,5132.85009765625,4865.10009765625,4899.89990234375,112339
2023-12-14,POWERINDIA,5089.1669921875,5093.64990234375,5129.9501953125,5020.0498046875,5064.0,29582
2023-12-15,POWERINDIA,5072.9814453125,5077.4501953125,5159.9501953125,5001.0,5100.0,31109
2023-12-18,POWERINDIA,5207.91259765625,5212.5,5250.0,5073.4501953125,5088.0,41370
2023-12-19,POWERINDIA,5059.693359375,5064.14990234375,5263.39990234375,5056.14990234375,5212.5,32879
2023-12-20,POWERINDIA,5029.66943359375,5034.10009765625,5196.9501953125,4980.0,5190.0,34556
2023-12-21,POWERINDIA,5045.8056640625,5050.25,5116.7998046875,4950.0498046875,4994.0,18207
2023-12-22,POWERINDIA,5126.58447265625,5131.10009765625,5155.0,5020.0,5059.89990234375,22422
2023-12-26,POWERINDIA,5154.359375,5158.89990234375,5279.9501953125,5125.14990234375,5131.10009765625,31800
2023-12-27,POWERINDIA,5250.17529296875,5254.7998046875,5322.0,5166.0,5177.9501953125,29110
2023-12-28,POWERINDIA,5248.02734375,5252.64990234375,5341.14990234375,5201.5,5249.0,30140
2023-12-29,POWERINDIA,5259.71728515625,5264.35009765625,5379.9501953125,5241.5,5300.0,44428
2024-01-01,POWERINDIA,5452.49755859375,5457.2998046875,5489.0,5274.4501953125,5294.60009765625,29028
2024-01-02,POWERINDIA,5422.5234375,5427.2998046875,5545.0498046875,5348.64990234375,5440.0498046875,23372
2024-01-03,POWERINDIA,5433.2138671875,5438.0,5537.14990234375,5404.0,5453.10009765625,40560
2024-01-04,POWERINDIA,5625.8447265625,5630.7998046875,5680.0,5388.60009765625,5463.85009765625,35565
2024-01-05,POWERINDIA,5592.32421875,5597.25,5747.2001953125,5557.9501953125,5611.0,29513
2024-01-08,POWERINDIA,5619.94970703125,5624.89990234375,5690.0,5508.85009765625,5624.7998046875,23974
2024-01-09,POWERINDIA,5678.1484375,5683.14990234375,5796.9501953125,5656.0,5656.85009765625,46470
2024-01-10,POWERINDIA,5937.0703125,5942.2998046875,5989.0,5637.2998046875,5700.0,70643
2024-01-11,POWERINDIA,5971.490234375,5976.75,6205.0498046875,5907.0498046875,5920.0,63110
2024-01-12,POWERINDIA,5910.5439453125,5915.75,6048.9501953125,5852.0,5998.0,74276
2024-01-15,POWERINDIA,5895.45703125,5900.64990234375,5994.75,5850.0,5937.89990234375,47591
2024-01-16,POWERINDIA,5912.392578125,5917.60009765625,6024.2998046875,5881.0,5900.0,63158
2024-01-17,POWERINDIA,5865.0341796875,5870.2001953125,6025.0,5815.0,5887.60009765625,58227
2024-01-18,POWERINDIA,5934.123046875,5939.35009765625,6015.5,5790.0498046875,5863.0,23546
2024-01-19,POWERINDIA,6126.15380859375,6131.5498046875,6280.0,5961.0,5961.0,37459
2024-01-23,POWERINDIA,5797.443359375,5802.5498046875,6138.35009765625,5780.0,6094.14990234375,32347
2024-01-24,POWERINDIA,5668.30712890625,5673.2998046875,5699.0,5465.5498046875,5686.5,143108
2024-01-25,POWERINDIA,5884.31689453125,5889.5,6042.7001953125,5673.0498046875,5673.0498046875,45826
2024-01-29,POWERINDIA,5776.06201171875,5781.14990234375,6035.0,5760.0,6000.10009765625,13022
2024-01-30,POWERINDIA,5609.50927734375,5614.4501953125,5850.0,5590.0,5832.9501953125,21545
2024-01-31,POWERINDIA,5924.63134765625,5929.85009765625,5946.0,5614.5,5614.5,33885
2024-02-01,POWERINDIA,5699.43017578125,5704.4501953125,5970.0498046875,5679.9501953125,5970.0,25155
2024-02-02,POWERINDIA,5740.89404296875,5745.9501953125,5840.7001953125,5665.0,5788.0,14882
2024-02-05,POWERINDIA,6185.20166015625,6190.64990234375,6275.0,5715.39990234375,5772.0,71916
2024-02-06,POWERINDIA,6142.08935546875,6147.5,6520.0,6080.0,6225.0,83838
2024-02-07,POWERINDIA,6247.29736328125,6252.7998046875,6379.9501953125,6192.10009765625,6200.5,26840
2024-02-08,POWERINDIA,6244.3994140625,6249.89990234375,6418.0,6211.35009765625,6288.0,21718
2024-02-09,POWERINDIA,6185.15185546875,6190.60009765625,6298.0,6034.5,6287.89990234375,54047
2024-02-12,POWERINDIA,6003.1123046875,6008.39990234375,6298.0,5970.0498046875,6198.0,45076
2024-02-13,POWERINDIA,5946.76171875,5952.0,6027.0,5850.7998046875,6027.0,53170
2024-02-14,POWERINDIA,5869.97998046875,5875.14990234375,5995.9501953125,5850.0,5952.64990234375,34315
2024-02-15,POWERINDIA,5856.64111328125,5861.7998046875,6019.9501953125,5825.35009765625,5904.5,31355
2024-02-16,POWERINDIA,5975.5869140625,5980.85009765625,6070.0,5872.14990234375,5872.14990234375,28877
2024-02-19,POWERINDIA,6208.1318359375,6213.60009765625,6250.0,5976.4501953125,5979.4501953125,41745
2024-02-20,POWERINDIA,6097.978515625,6103.35009765625,6298.0,6061.5,6230.2001953125,11821
2024-02-21,POWERINDIA,5851.99560546875,5857.14990234375,6270.0,5812.0,6135.5,33344
2024-02-22,POWERINDIA,5814.27880859375,5819.39990234375,5897.9501953125,5737.9501953125,5888.0,43015
2024-02-23,POWERINDIA,5891.46044921875,5896.64990234375,5990.0,5805.0,5844.9501953125,47481
2024-02-26,POWERINDIA,5876.0244140625,5881.2001953125,5950.0,5841.5,5925.0,11821
2024-02-27,POWERINDIA,5851.04638671875,5856.2001953125,6040.0,5815.60009765625,5904.4501953125,21526
2024-02-28,POWERINDIA,5908.69580078125,5913.89990234375,5951.7001953125,5810.10009765625,5871.60009765625,22126
2024-02-29,POWERINDIA,5998.916015625,6004.2001953125,6050.0,5853.5,5949.89990234375,17650
2024-03-01,POWERINDIA,6075.19873046875,6080.5498046875,6116.0,6005.0498046875,6046.5498046875,26232
2024-03-04,POWERINDIA,6096.52978515625,6101.89990234375,6243.75,6048.0498046875,6134.2998046875,71924
2024-03-05,POWERINDIA,6321.7314453125,6327.2998046875,6412.85009765625,6116.10009765625,6132.39990234375,242731
2024-03-06,POWERINDIA,6284.9638671875,6290.5,6457.2998046875,6113.4501953125,6365.0,38608
2024-03-07,POWERINDIA,6543.0361328125,6548.7998046875,6596.0,6299.0498046875,6299.0498046875,34922
2024-03-11,POWERINDIA,6515.86083984375,6521.60009765625,6800.0,6481.5,6620.0,65104
2024-03-12,POWERINDIA,6463.40673828125,6469.10009765625,6637.7998046875,6363.75,6582.25,30449
2024-03-13,POWERINDIA,6365.34375,6370.9501953125,6549.7001953125,6271.10009765625,6500.0,41320
2024-03-14,POWERINDIA,6712.1884765625,6718.10009765625,6790.0,6300.0,6335.85009765625,58349
2024-03-15,POWERINDIA,6628.51171875,6634.35009765625,6875.0,6500.0,6750.0,40094
2024-03-18,POWERINDIA,6497.72705078125,6503.4501953125,6698.0,6440.0,6698.0,27799
2024-03-19,POWERINDIA,6495.32861328125,6501.0498046875,6635.35009765625,6480.0498046875,6516.2998046875,17218
2024-03-20,POWERINDIA,6656.08740234375,6661.9501953125,6749.9501953125,6328.0,6546.89990234375,31354
2024-03-21,POWERINDIA,7235.626953125,7242.0,7450.0,6680.0,6680.0,159934
2024-03-22,POWERINDIA,7172.4326171875,7178.75,7376.5,7094.89990234375,7240.0,71744
2024-03-26,POWERINDIA,6979.20263671875,6985.35009765625,7183.60009765625,6951.0,6952.0,44066
2024-03-27,POWERINDIA,6998.1357421875,7004.2998046875,7077.10009765625,6885.35009765625,6985.0,36568
2024-03-28,POWERINDIA,6965.56494140625,6971.7001953125,7148.0,6938.9501953125,7032.89990234375,24215
2024-04-01,POWERINDIA,7017.7685546875,7023.9501953125,7249.9501953125,6954.5,7033.25,34316
2024-04-02,POWERINDIA,6854.8125,6860.85009765625,7130.0,6842.0,7079.60009765625,23813
2024-04-03,POWERINDIA,6919.25537109375,6925.35009765625,6953.0,6825.64990234375,6867.9501953125,17580
2024-04-04,POWERINDIA,6870.7978515625,6876.85009765625,7040.0498046875,6851.7001953125,6915.0498046875,20186
2024-04-05,POWERINDIA,7116.9814453125,7123.25,7222.14990234375,6814.39990234375,6861.2001953125,59151
2024-04-08,POWERINDIA,7534.013671875,7540.64990234375,7581.0,7145.10009765625,7145.10009765625,84077
2024-04-09,POWERINDIA,7730.64111328125,7737.4501953125,7879.4501953125,7550.0498046875,7550.0498046875,122273
2024-04-10,POWERINDIA,7486.505859375,7493.10009765625,7845.2998046875,7470.0498046875,7785.14990234375,51557
2024-04-12,POWERINDIA,7337.38720703125,7343.85009765625,7583.5,7291.14990234375,7514.7998046875,44029
2024-04-15,POWERINDIA,7192.61474609375,7198.9501953125,7380.0,7080.0498046875,7234.60009765625,29444
2024-04-16,POWERINDIA,7555.4951171875,7562.14990234375,7629.5,7198.9501953125,7199.0,59916
2024-04-18,POWERINDIA,8281.2548828125,8288.5498046875,8400.0,7624.7001953125,7624.7001953125,224896
2024-04-19,POWERINDIA,8242.33984375,8249.599609375,8500.0,8030.0,8280.0498046875,182607
2024-04-22,POWERINDIA,8124.244140625,8131.39990234375,8324.650390625,8081.0,8284.9501953125,42015
2024-04-23,POWERINDIA,8066.39453125,8073.5,8129.0,7959.9501953125,8129.0,43871
2024-04-24,POWERINDIA,8205.5234375,8212.75,8363.9501953125,8110.10009765625,8199.0,37519
2024-04-25,POWERINDIA,9321.2890625,9329.5,9821.9501953125,8035.7001953125,8208.900390625,527464
2024-04-26,POWERINDIA,8908.4033203125,8916.25,9637.849609375,8801.0498046875,9340.0,184591
2024-04-29,POWERINDIA,8658.373046875,8666.0,9115.0,8601.0498046875,9115.0,85560
2024-04-30,POWERINDIA,9570.3203125,9578.75,9890.0,8695.9501953125,8762.650390625,396615
2024-05-02,POWERINDIA,9775.2392578125,9783.849609375,9989.849609375,9460.0,9575.0,280890
2024-05-03,POWERINDIA,9722.0361328125,9730.599609375,9889.25,9571.0498046875,9750.0,111672
2024-05-06,POWERINDIA,9227.1220703125,9235.25,9762.9501953125,9156.349609375,9729.900390625,80862
2024-05-07,POWERINDIA,8881.2763671875,8889.099609375,9313.25,8750.75,9313.25,149067
2024-05-08,POWERINDIA,8913.798828125,8921.650390625,9439.400390625,8820.2001953125,8879.0498046875,236582
2024-05-09,POWERINDIA,8945.6708984375,8953.5498046875,9233.0,8901.900390625,9072.099609375,98948
2024-05-10,POWERINDIA,8753.6904296875,8761.400390625,9100.0,8713.4501953125,9063.150390625,60449
2024-05-13,POWERINDIA,9432.6416015625,9440.9501953125,9549.150390625,8761.400390625,8761.400390625,235698
2024-05-14,POWERINDIA,9777.9873046875,9786.599609375,9849.0,9355.2998046875,9500.0,150360
2024-05-15,POWERINDIA,10736.193359375,10745.650390625,10849.9501953125,9710.4501953125,9785.0,498202
2024-05-16,POWERINDIA,11228.7099609375,11238.599609375,12379.599609375,10706.5498046875,10800.0,1032288
2024-05-17,POWERINDIA,11073.9462890625,11083.7001953125,11636.7998046875,10839.4501953125,11387.25,347240
2024-05-21,POWERINDIA,10822.56640625,10832.099609375,11403.849609375,10688.0,11398.25,94437
2024-05-22,POWERINDIA,10325.50390625,10334.599609375,11700.0,10180.0,11500.0,312421
2024-05-23,POWERINDIA,11075.6943359375,11085.4501953125,11200.0,10361.2998046875,10552.5,193359
2024-05-24,POWERINDIA,11044.521484375,11054.25,11200.0,10836.0,11200.0,75730
2024-05-27,POWERINDIA,10781.353515625,10790.849609375,11280.849609375,10755.0,11100.0,70014
2024-05-28,POWERINDIA,10427.4658203125,10436.650390625,10846.25,10180.0,10845.849609375,79283
2024-05-29,POWERINDIA,10714.2626953125,10723.7001953125,10948.9501953125,10321.150390625,10436.650390625,92444
2024-05-30,POWERINDIA,10644.8232421875,10654.2001953125,10882.5498046875,10462.2998046875,10791.9501953125,53330
2024-05-31,POWERINDIA,10757.67578125,10767.150390625,10923.900390625,10644.150390625,10733.0,133809
2024-06-03,POWERINDIA,11092.1796875,11101.9501953125,11450.0,10840.25,11450.0,83602
2024-06-04,POWERINDIA,9791.7255859375,9800.349609375,11198.0,9090.0,10915.0,130387
2024-06-05,POWERINDIA,10229.8388671875,10238.849609375,10343.650390625,9127.75,10046.7998046875,130726
2024-06-06,POWERINDIA,10438.4560546875,10447.650390625,10493.25,10250.0,10467.099609375,47306
2024-06-07,POWERINDIA,10479.369140625,10488.599609375,10680.0,10356.4501953125,10470.0,49872
2024-06-10,POWERINDIA,10468.4794921875,10477.7001953125,10841.900390625,10408.2001953125,10488.599609375,68895
2024-06-11,POWERINDIA,10358.875,10368.0,10576.25,10300.0,10576.25,35729
2024-06-12,POWERINDIA,10480.0693359375,10489.2998046875,10750.0,10374.150390625,10374.150390625,69976
2024-06-13,POWERINDIA,10821.318359375,10830.849609375,11185.7998046875,10569.4501953125,10800.0,79906
2024-06-14,POWERINDIA,11080.140625,11089.900390625,11190.0,10830.849609375,10830.849609375,102921
2024-06-18,POWERINDIA,11341.509765625,11351.5,11587.0,11190.0,11200.0,75413
2024-06-19,POWERINDIA,11365.7392578125,11375.75,11600.0,11053.099609375,11446.25,83328
2024-06-20,POWERINDIA,10963.591796875,10973.25,11535.900390625,10900.0,11417.650390625,39323
2024-06-21,POWERINDIA,11099.3740234375,11109.150390625,11225.0498046875,10927.25,11110.5,53743
2024-06-24,POWERINDIA,11595.13671875,11605.349609375,11849.0,11047.2001953125,11132.099609375,104175
2024-06-25,POWERINDIA,11404.853515625,11414.900390625,12218.75,11300.0,11686.650390625,122031
2024-06-26,POWERINDIA,12619.8349609375,12630.9501953125,13058.75,11493.0,11525.400390625,158604
2024-06-27,POWERINDIA,12569.9775390625,12581.0498046875,12925.25,12480.0,12694.0,67432
2024-06-28,POWERINDIA,12900.236328125,12911.599609375,13249.9501953125,12204.0498046875,12588.0,64554
2024-07-01,POWERINDIA,13000.6982421875,13012.150390625,13542.400390625,12776.599609375,13029.900390625,98895
2024-07-02,POWERINDIA,13381.6630859375,13393.4501953125,13700.0,13050.0,13100.0,68644
2024-07-03,POWERINDIA,13947.21484375,13959.5,14382.0,13405.2001953125,13489.9501953125,177657
2024-07-04,POWERINDIA,13738.1484375,13750.25,14187.7998046875,13651.0,14143.9501953125,80964
2024-07-05,POWERINDIA,14007.2109375,14019.5498046875,14108.349609375,13500.0,13700.0,68534
2024-07-08,POWERINDIA,13744.044921875,13756.150390625,14123.900390625,13700.0,13900.0,40340
2024-07-09,POWERINDIA,13477.080078125,13488.9501953125,13960.0,13401.0,13756.2001953125,41865
2024-07-10,POWERINDIA,12846.1845703125,12857.5,13684.650390625,12767.25,13524.9501953125,76245
2024-07-11,POWERINDIA,12669.7412109375,12680.900390625,13369.099609375,12600.0,12857.5,48547
2024-07-12,POWERINDIA,12351.3203125,12362.2001953125,12990.0,12150.0,12860.0,48038
2024-07-15,POWERINDIA,12049.537109375,12060.150390625,12321.0498046875,11708.2998046875,12251.0,76029
2024-07-16,POWERINDIA,12044.890625,12055.5,12650.0,11980.0,12201.0498046875,74129
2024-07-18,POWERINDIA,11818.1396484375,11828.5498046875,12400.0,11699.599609375,12250.0,61546
2024-07-19,POWERINDIA,11180.5009765625,11190.349609375,12145.0498046875,11077.5498046875,11931.849609375,86571
2024-07-22,POWERINDIA,11258.4326171875,11268.349609375,11620.099609375,10980.400390625,11160.0,44190
2024-07-23,POWERINDIA,11386.7705078125,11396.7998046875,11549.900390625,10915.849609375,11408.0498046875,54777
2024-07-24,POWERINDIA,12019.712890625,12030.2998046875,12202.7998046875,11410.099609375,11454.0498046875,74363
2024-07-25,POWERINDIA,11739.9599609375,11750.2998046875,12300.0,11525.0,11988.0,84682
2024-07-26,POWERINDIA,11537.4375,11547.599609375,11799.9501953125,11340.900390625,11770.0,79745
2024-07-29,POWERINDIA,11887.578125,11898.0498046875,11939.9501953125,11511.400390625,11668.7998046875,68224
2024-07-30,POWERINDIA,11861.8525390625,11872.2998046875,12049.900390625,11740.5,11982.099609375,44806
2024-07-31,POWERINDIA,11596.884765625,11607.099609375,11934.849609375,11510.2001953125,11777.0498046875,29788
2024-08-01,POWERINDIA,12381.244140625,12392.150390625,12540.900390625,11707.599609375,11751.7001953125,98631
2024-08-02,POWERINDIA,12028.9541015625,12039.5498046875,12673.7001953125,11988.25,12392.099609375,56046
2024-08-05,POWERINDIA,11579.0517578125,11589.25,11986.150390625,11381.0,11642.099609375,59470
2024-08-06,POWERINDIA,10901.3486328125,10910.9501953125,11980.0,10805.400390625,11589.25,71665
2024-08-07,POWERINDIA,10930.6708984375,10940.2998046875,11387.9501953125,10830.0,11180.9501953125,42396
2024-08-08,POWERINDIA,10990.51953125,11000.2001953125,11250.0,10807.0498046875,10970.0,43354
2024-08-09,POWERINDIA,11001.109375,11010.7998046875,11339.9501953125,10900.0,11339.9501953125,30221
2024-08-12,POWERINDIA,11504.666015625,11514.7998046875,11611.849609375,10804.9501953125,11010.7998046875,45199
2024-08-13,POWERINDIA,11364.7890625,11374.7998046875,11780.0,11250.0,11575.400390625,30750
2024-08-14,POWERINDIA,11114.7724609375,11120.650390625,11474.9501953125,11010.0,11369.400390625,14307
2024-08-16,POWERINDIA,11822.447265625,11828.7001953125,11860.0,11145.0,11150.0,35705
2024-08-19,POWERINDIA,12339.6748046875,12346.2001953125,12425.0,11883.150390625,12099.0,45784
2024-08-20,POWERINDIA,12399.3427734375,12405.900390625,12514.75,11950.0,12300.0,48574
2024-08-21,POWERINDIA,12407.6884765625,12414.25,12518.2001953125,12141.099609375,12486.5,25598
2024-08-22,POWERINDIA,12043.5810546875,12049.9501953125,12395.9501953125,11976.0,12395.9501953125,39026
2024-08-23,POWERINDIA,12195.75,12202.2001953125,12241.650390625,11860.0,12049.9501953125,21634
2024-08-26,POWERINDIA,12024.890625,12031.25,12296.0,11950.0498046875,12288.0,21560
2024-08-27,POWERINDIA,12169.7138671875,12176.150390625,12227.9501953125,11986.7998046875,12055.7998046875,15535
2024-08-28,POWERINDIA,12187.6044921875,12194.0498046875,12346.75,12025.7998046875,12125.5498046875,27729
2024-08-29,POWERINDIA,11763.779296875,11770.0,12258.0498046875,11740.0,12203.0,23371
2024-08-30,POWERINDIA,12088.65625,12095.0498046875,12211.650390625,11640.0,11770.0,40202
2024-09-02,POWERINDIA,11873.4208984375,11879.7001953125,12158.7001953125,11675.0,12120.0,31777
2024-09-03,POWERINDIA,11639.7451171875,11645.900390625,11970.650390625,11501.650390625,11874.0,20058
2024-09-04,POWERINDIA,11739.4921875,11745.7001953125,11795.9501953125,11403.099609375,11600.0,32033
2024-09-05,POWERINDIA,11758.9814453125,11765.2001953125,11840.150390625,11582.0,11740.0,40074
2024-09-06,POWERINDIA,11617.306640625,11623.4501953125,11827.099609375,11505.2001953125,11827.099609375,28258
2024-09-09,POWERINDIA,11430.85546875,11436.900390625,11597.5498046875,11210.0,11517.7998046875,44298
2024-09-10,POWERINDIA,11896.7080078125,11903.0,11998.4501953125,11333.0,11333.0,38556
2024-09-11,POWERINDIA,12159.26953125,12165.7001953125,12250.0,11803.0498046875,11903.0498046875,41252
2024-09-12,POWERINDIA,12301.84375,12308.349609375,12350.0,12000.0,12196.2998046875,25686
2024-09-13,POWERINDIA,12816.0712890625,12822.849609375,12900.0,12410.0,12700.7001953125,39066
2024-09-16,POWERINDIA,13181.37890625,13188.349609375,13250.0,12654.900390625,12830.0,44840
2024-09-17,POWERINDIA,13132.455078125,13139.400390625,13533.150390625,12800.0,13188.349609375,44036
2024-09-18,POWERINDIA,12920.3671875,12927.2001953125,13275.0,12815.150390625,13139.400390625,18329
2024-09-19,POWERINDIA,12688.1396484375,12694.849609375,12990.9501953125,12535.0498046875,12818.0498046875,24302
2024-09-20,POWERINDIA,12796.83203125,12803.599609375,13100.25,12456.0498046875,12694.7998046875,149015
2024-09-23,POWERINDIA,12716.125,12722.849609375,13040.0,12656.0,12779.0,20940
2024-09-24,POWERINDIA,12792.384765625,12799.150390625,12900.0,12619.0,12766.0498046875,19232
2024-09-25,POWERINDIA,13339.6455078125,13346.7001953125,13555.5498046875,12787.599609375,12800.0,68954
2024-09-26,POWERINDIA,13508.85546875,13516.0,13638.0,13081.2998046875,13188.0,50749
2024-09-27,POWERINDIA,13640.486328125,13647.7001953125,14231.2001953125,13328.25,13587.4501953125,74541
2024-09-30,POWERINDIA,14537.611328125,14545.2998046875,14839.849609375,13435.150390625,13690.0,75341
2024-10-01,POWERINDIA,14271.353515625,14278.900390625,14849.9501953125,14155.5,14600.0,41973
2024-10-03,POWERINDIA,14049.0205078125,14056.4501953125,14238.9501953125,13935.0,14238.9501953125,24665
2024-10-04,POWERINDIA,14008.091796875,14015.5,14671.2001953125,13752.0498046875,14056.400390625,44534
2024-10-07,POWERINDIA,13636.0390625,13643.25,14525.0,13500.099609375,14015.5,40492
2024-10-08,POWERINDIA,14047.8203125,14055.25,14187.9501953125,13324.5,13639.9501953125,30986
2024-10-09,POWERINDIA,14473.1455078125,14480.7998046875,15167.9501953125,14095.0,14150.0,114257
2024-10-10,POWERINDIA,15951.71484375,15960.150390625,16380.0,14760.400390625,15100.0,269291
2024-10-11,POWERINDIA,15890.796875,15899.2001953125,16549.94921875,15557.4501953125,15748.150390625,121443
2024-10-14,POWERINDIA,15913.43359375,15921.849609375,16400.0,15702.150390625,15899.2001953125,58430
2024-10-15,POWERINDIA,16109.9306640625,16118.4501953125,16280.0,15802.349609375,15967.5,60009
2024-10-16,POWERINDIA,16063.9052734375,16072.400390625,16300.0,15953.7001953125,16180.5,36362
2024-10-17,POWERINDIA,15794.2978515625,15802.650390625,16060.0,15561.2998046875,15980.0,26410
2024-10-18,POWERINDIA,15523.33984375,15531.5498046875,15751.0,15220.25,15751.0,70624
2024-10-21,POWERINDIA,14923.5576171875,14931.4501953125,15799.849609375,14800.0,15699.0,20398
2024-10-22,POWERINDIA,13873.212890625,13880.5498046875,14901.0,13762.5,14901.0,50951
2024-10-23,POWERINDIA,13736.8349609375,13744.099609375,14312.2998046875,13596.599609375,13880.599609375,47371
2024-10-24,POWERINDIA,13759.9736328125,13767.25,14019.9501953125,13523.2001953125,13814.9501953125,25938
2024-10-25,POWERINDIA,13302.416015625,13309.4501953125,13979.9501953125,13024.7001953125,13800.0,53113
2024-10-28,POWERINDIA,13602.5068359375,13609.7001953125,13906.0,13230.0498046875,13300.0,28939
2024-10-29,POWERINDIA,14246.015625,14253.5498046875,14450.0,13241.349609375,13494.0,66680
2024-10-30,POWERINDIA,13688.6103515625,13695.849609375,14660.599609375,13125.0,14500.0,133601
2024-10-31,POWERINDIA,13811.6953125,13819.0,13945.0,13418.7998046875,13602.400390625,36829
2024-11-01,POWERINDIA,13916.3896484375,13923.75,14040.4501953125,13800.0,13800.0,4695
2024-11-04,POWERINDIA,13962.0166015625,13969.400390625,14289.900390625,13590.2001953125,13921.0498046875,38388
2024-11-05,POWERINDIA,13978.9072265625,13986.2998046875,14300.0,13761.4501953125,13969.400390625,34623
2024-11-06,POWERINDIA,14809.41796875,14817.25,14945.0,14000.0,14099.9501953125,63998
2024-11-07,POWERINDIA,14346.2626953125,14353.849609375,14940.0,14200.0,14895.150390625,57291
2024-11-08,POWERINDIA,14031.9287109375,14039.349609375,14429.150390625,13851.0,14423.0,23164
2024-11-11,POWERINDIA,13484.6689453125,13491.7998046875,13900.0,12726.0498046875,13900.0,102600
2024-11-12,POWERINDIA,12945.9541015625,12952.7998046875,13490.099609375,12800.0,13485.7998046875,111696
2024-11-13,POWERINDIA,12114.84375,12121.25,12896.2998046875,11709.0498046875,12850.0,154186
2024-11-14,POWERINDIA,11776.1220703125,11782.349609375,12295.099609375,11716.0498046875,12121.25,126619
2024-11-18,POWERINDIA,11386.12890625,11392.150390625,11790.400390625,11220.900390625,11782.2998046875,113311
2024-11-19,POWERINDIA,11723.201171875,11729.400390625,12134.9501953125,11300.2998046875,11419.9501953125,106159
2024-11-21,POWERINDIA,11405.66796875,11411.7001953125,11688.849609375,10925.4501953125,11688.849609375,124056
2024-11-22,POWERINDIA,11506.9638671875,11513.0498046875,11620.0498046875,11180.0498046875,11437.099609375,84820
2024-11-25,POWERINDIA,11654.037109375,11660.2001953125,12332.5498046875,11500.0,12000.0,311083
2024-11-26,POWERINDIA,12330.6787109375,12337.2001953125,12825.0,12245.0,12500.0,179427
2024-11-27,POWERINDIA,12132.18359375,12138.599609375,12598.2001953125,12081.150390625,12500.0,87518
2024-11-28,POWERINDIA,12216.638671875,12223.099609375,12400.0,12039.7998046875,12236.349609375,42958
2024-11-29,POWERINDIA,11972.21875,11978.5498046875,12300.0498046875,11800.0,12300.0,48544
2024-12-02,POWERINDIA,12257.8173828125,12264.2998046875,12350.0,11562.099609375,11980.0,70697
2024-12-03,POWERINDIA,12214.4912109375,12220.9501953125,12436.0,12130.150390625,12226.25,49848
2024-12-04,POWERINDIA,12099.1513671875,12105.5498046875,12295.4501953125,11950.0498046875,12205.099609375,61502
2024-12-05,POWERINDIA,11892.9599609375,11899.25,12134.849609375,11761.0,12134.849609375,75869
2024-12-06,POWERINDIA,12068.5673828125,12074.9501953125,12130.099609375,11720.0,11953.5,55410
2024-12-09,POWERINDIA,12446.2177734375,12452.7998046875,12550.0,11950.0,12110.0498046875,47481
2024-12-10,POWERINDIA,12494.7421875,12501.349609375,12596.7998046875,12111.900390625,12596.7998046875,21990
2024-12-11,POWERINDIA,12638.6162109375,12645.2998046875,12699.0,12441.0,12580.0,29711
2024-12-12,POWERINDIA,13123.759765625,13130.7001953125,13238.9501953125,12656.5498046875,12735.0,59799
2024-12-13,POWERINDIA,12983.134765625,12990.0,13129.9501953125,12680.0,13125.0,45942
2024-12-16,POWERINDIA,13164.98828125,13171.9501953125,13282.0,12850.0,13024.7001953125,32489
2024-12-17,POWERINDIA,13192.0234375,13199.0,13350.0,13149.0,13234.5,33071
2024-12-18,POWERINDIA,12834.5625,12841.349609375,13199.0498046875,12666.0,13199.0498046875,48855
2024-12-19,POWERINDIA,13113.7158203125,13120.650390625,13249.0,12301.099609375,12400.0,55373
2024-12-20,POWERINDIA,13309.412109375,13316.4501953125,13441.150390625,13092.0498046875,13120.650390625,72185
2024-12-23,POWERINDIA,13582.4169921875,13589.599609375,13635.0,13106.099609375,13410.25,50680
2024-12-24,POWERINDIA,14023.5341796875,14030.9501953125,14125.0,13333.0,13589.599609375,44301
2024-12-26,POWERINDIA,14324.724609375,14332.2998046875,14540.0,14001.0498046875,14005.0,51228
2024-12-27,POWERINDIA,14679.6875,14687.4501953125,14780.900390625,14137.9501953125,14300.0,44177
2024-12-30,POWERINDIA,14303.3359375,14310.900390625,15088.900390625,13973.5498046875,14704.0,141944
2024-12-31,POWERINDIA,14404.58203125,14412.2001953125,14733.9501953125,14110.0,14400.0,50499
2025-01-01,POWERINDIA,15420.345703125,15428.5,15685.7001953125,14297.7001953125,14412.2001953125,115862
2025-01-02,POWERINDIA,15161.232421875,15169.25,15473.400390625,14901.0,15325.0,64973
2025-01-03,POWERINDIA,15123.40234375,15131.400390625,15412.900390625,15100.0,15294.349609375,45266
2025-01-06,POWERINDIA,14758.8447265625,14766.650390625,15223.900390625,14634.900390625,15131.400390625,49734
2025-01-07,POWERINDIA,14704.2734375,14712.0498046875,14950.0,14490.25,14782.4501953125,35982
2025-01-08,POWERINDIA,14297.5380859375,14305.099609375,14766.849609375,14202.650390625,14708.0,37249
2025-01-09,POWERINDIA,13826.337890625,13833.650390625,14450.0,13700.0,14305.099609375,31893
2025-01-10,POWERINDIA,13429.2470703125,13436.349609375,13923.5,13214.75,13866.0,42080
2025-01-13,POWERINDIA,12717.3251953125,12724.0498046875,13518.75,12550.0,13236.349609375,42954
2025-01-14,POWERINDIA,13421.0029296875,13428.099609375,13640.0,12741.5498046875,12799.900390625,99738
2025-01-15,POWERINDIA,12665.3017578125,12672.0,13399.0,12515.0,13270.0,78121
2025-01-16,POWERINDIA,13048.849609375,13055.75,13366.0,12810.0,12983.25,53888
2025-01-17,POWERINDIA,12910.271484375,12917.099609375,13317.0,12825.0498046875,13066.5,36438
2025-01-20,POWERINDIA,12899.677734375,12906.5,13278.0,12558.5,13278.0,48256
2025-01-21,POWERINDIA,12866.7451171875,12873.5498046875,13184.9501953125,12650.0,12900.0,46451
2025-01-22,POWERINDIA,12103.8994140625,12110.2998046875,12999.900390625,11905.5,12999.900390625,58478
2025-01-23,POWERINDIA,11814.90234375,11821.150390625,12279.7998046875,11700.0498046875,11700.0498046875,51133
2025-01-24,POWERINDIA,11404.8681640625,11410.900390625,11954.150390625,11266.0,11869.7001953125,66267
2025-01-27,POWERINDIA,10925.97265625,10931.75,11552.0,10834.9501953125,11410.900390625,73552
2025-01-28,POWERINDIA,9616.6650390625,9621.75,10920.0,8801.0,10920.0,511391
2025-01-29,POWERINDIA,10225.8427734375,10231.25,10700.0,9360.0498046875,9460.0,266916
2025-01-30,POWERINDIA,12271.0107421875,12277.5,12277.5,11200.0,11444.0,583770
2025-01-31,POWERINDIA,12856.75,12863.5498046875,14674.0,12280.0,12550.0,649915
2025-02-01,POWERINDIA,12199.84765625,12206.2998046875,13199.900390625,11801.0,13000.0,162824
2025-02-03,POWERINDIA,11741.8896484375,11748.099609375,12088.0,11025.4501953125,11600.0,271683
2025-02-04,POWERINDIA,12022.9912109375,12029.349609375,12445.0,11473.650390625,12000.0,207500
2025-02-05,POWERINDIA,11919.046875,11925.349609375,12367.099609375,11855.150390625,12255.0,78475
2025-02-06,POWERINDIA,12277.45703125,12283.9501953125,12625.5,11950.0,11950.0,153233
2025-02-07,POWERINDIA,12267.5126953125,12274.0,12596.0,12200.2001953125,12386.2998046875,78105
2025-02-10,POWERINDIA,12220.4375,12226.900390625,12800.0498046875,12020.0,12800.0,84663
2025-02-11,POWERINDIA,11732.5947265625,11738.7998046875,12276.099609375,11596.2001953125,12226.9501953125,77556
2025-02-12,POWERINDIA,11710.5576171875,11716.75,11790.0,11011.099609375,11729.099609375,107699
2025-02-13,POWERINDIA,11748.986328125,11755.2001953125,12005.0,11627.400390625,11750.0,66552
2025-02-14,POWERINDIA,11283.3818359375,11289.349609375,11867.25,11110.0498046875,11787.7998046875,72367
2025-02-17,POWERINDIA,10859.6064453125,10865.349609375,11282.0,10701.0,11100.0,95424
2025-02-18,POWERINDIA,10488.5537109375,10494.099609375,11238.0,10300.0,10974.5498046875,154616
2025-02-19,POWERINDIA,10597.345703125,10602.9501953125,11137.2998046875,10381.7998046875,10495.0,141491
2025-02-20,POWERINDIA,11291.6787109375,11297.650390625,11380.9501953125,10407.5498046875,10450.0,142450
2025-02-21,POWERINDIA,11560.9853515625,11567.099609375,11623.0,11050.0,11275.0,128518
2025-02-24,POWERINDIA,11601.5146484375,11607.650390625,12018.2001953125,11160.0,11249.9501953125,186590
2025-02-25,POWERINDIA,11791.6640625,11797.900390625,11989.9501953125,11513.0,11650.0,103341
2025-02-27,POWERINDIA,11559.1376953125,11565.25,11827.2998046875,11415.0,11760.099609375,73467
2025-02-28,POWERINDIA,11278.384765625,11284.349609375,11584.099609375,11123.599609375,11310.0,76321
2025-03-03,POWERINDIA,11748.5361328125,11754.75,11820.0,11085.9501953125,11297.599609375,100843
2025-03-04,POWERINDIA,12180.908203125,12187.349609375,12342.849609375,11475.0,11600.0,133116
2025-03-05,POWERINDIA,13184.126953125,13191.099609375,13300.0,12201.0498046875,12205.5,203286
2025-03-06,POWERINDIA,13605.8046875,13613.0,13955.0,13272.4501953125,13447.400390625,277267
2025-03-07,POWERINDIA,13042.4521484375,13049.349609375,13639.2001953125,12900.0,13543.7001953125,111677
2025-03-10,POWERINDIA,12708.0791015625,12714.7998046875,13091.099609375,12600.7998046875,12800.0,81163
2025-03-11,POWERINDIA,12163.1669921875,12169.599609375,12842.599609375,12121.150390625,12585.150390625,116095
2025-03-12,POWERINDIA,12164.1171875,12170.5498046875,12335.400390625,11940.7001953125,12169.9501953125,106276
2025-03-13,POWERINDIA,12027.1396484375,12033.5,12429.9501953125,11927.2001953125,12200.0,95240
2025-03-17,POWERINDIA,12656.65625,12663.349609375,12900.0,11960.5498046875,12033.4501953125,215600
2025-03-18,POWERINDIA,12656.65625,12663.349609375,12663.349609375,12663.349609375,12663.349609375,0
2025-03-19,POWERINDIA,11794.0126953125,11800.25,12050.75,11751.0,12000.0,143477
2025-03-20,POWERINDIA,11880.8671875,11887.150390625,12128.849609375,11811.099609375,11900.0,140469
2025-03-21,POWERINDIA,12053.326171875,12059.7001953125,12351.0,11851.2001953125,11961.5,186687
2025-03-24,POWERINDIA,12248.6728515625,12255.150390625,12535.0,12150.2001953125,12250.0,131842
2025-03-25,POWERINDIA,12135.181640625,12141.599609375,12498.0,11974.0498046875,12360.0498046875,100468
2025-03-26,POWERINDIA,12166.4150390625,12172.849609375,12345.0,12120.5,12200.0,65913
2025-03-27,POWERINDIA,12941.1064453125,12947.9501953125,13275.0,11950.0,12237.849609375,233784
2025-03-28,POWERINDIA,12646.9619140625,12653.650390625,12986.599609375,12550.0,12986.599609375,117075
2025-04-01,POWERINDIA,12274.05859375,12280.5498046875,12653.5,12236.0,12600.0,72223
2025-04-02,POWERINDIA,12427.12890625,12433.7001953125,12484.0,12235.0498046875,12337.599609375,58221
2025-04-03,POWERINDIA,12399.4423828125,12406.0,12499.0,12253.150390625,12397.7001953125,59503
2025-04-04,POWERINDIA,12113.6435546875,12120.0498046875,12490.5498046875,11990.099609375,12458.75,83992
2025-04-07,POWERINDIA,11514.7607421875,11520.849609375,11762.9501953125,10400.0,10400.0,86082
2025-04-08,POWERINDIA,11659.93359375,11666.099609375,11839.650390625,11406.5498046875,11775.0,68040
2025-04-09,POWERINDIA,11347.44921875,11353.4501953125,11709.9501953125,11298.0,11700.5,47287
2025-04-11,POWERINDIA,11972.96875,11979.2998046875,12075.0,11519.0498046875,11650.0,90524
2025-04-15,POWERINDIA,12567.353515625,12574.0,12844.0,12063.0,12200.0,100045
2025-04-16,POWERINDIA,12688.2900390625,12695.0,12893.0,12579.0,12579.0,78815
2025-04-17,POWERINDIA,13199.01953125,13206.0,13350.0,12603.0,12720.0,119534
2025-04-21,POWERINDIA,13445.888671875,13453.0,13517.0,13153.0,13206.0,87580
2025-04-22,POWERINDIA,13794.705078125,13802.0,13857.0,13353.0,13390.0,88090
2025-04-23,POWERINDIA,13902.6474609375,13910.0,14094.0,13697.0,13900.0,73491
2025-04-24,POWERINDIA,13916.6396484375,13924.0,14050.0,13674.0,13674.0,55683
2025-04-25,POWERINDIA,13491.8642578125,13499.0,13979.0,13360.0,13924.0,88270
2025-04-28,POWERINDIA,13953.6201171875,13961.0,14000.0,13389.0,13414.0,56019
2025-04-29,POWERINDIA,14383.3935546875,14391.0,14440.0,13962.0,14050.0,66435
2025-04-30,POWERINDIA,14521.3203125,14529.0,14900.0,14299.0,14415.0,95157
2025-05-02,POWERINDIA,14711.2197265625,14719.0,14975.0,14510.0,14530.0,75503
2025-05-05,POWERINDIA,14566.2958984375,14574.0,15000.0,14435.0,14974.0,81434
2025-05-06,POWERINDIA,14405.3818359375,14413.0,14868.0,14304.0,14650.0,81913
2025-05-07,POWERINDIA,14672.2412109375,14680.0,14900.0,14152.0,14328.0,91027
2025-05-08,POWERINDIA,14659.248046875,14667.0,15194.0,14495.0,14680.0,81165
2025-05-09,POWERINDIA,15072.029296875,15080.0,15189.0,14240.0,14499.0,81656
2025-05-12,POWERINDIA,15855.6142578125,15864.0,16151.0,15301.0,15596.0,97231
2025-05-13,POWERINDIA,15966.5556640625,15975.0,16150.0,15734.0,15849.0,100316
2025-05-14,POWERINDIA,16726.154296875,16735.0,16979.0,15939.0,16115.0,174498
2025-05-15,POWERINDIA,15561.7705078125,15570.0,16950.0,15427.0,16880.0,232253
2025-05-16,POWERINDIA,15794.646484375,15803.0,16110.0,15516.0,15900.0,123233
2025-05-19,POWERINDIA,15981.5478515625,15990.0,16295.0,15870.0,15998.0,82597
2025-05-20,POWERINDIA,15879.6015625,15888.0,16232.0,15750.0,16095.0,85861
2025-05-21,POWERINDIA,16592.2265625,16601.0,16800.0,15870.0,15970.0,102949
2025-05-22,POWERINDIA,17310.845703125,17320.0,17551.0,16566.0,16600.0,204360
2025-05-23,POWERINDIA,17146.931640625,17156.0,17725.0,16974.0,17311.0,108761
2025-05-26,POWERINDIA,16330.36328125,16339.0,17200.0,16240.0,17156.0,126082
2025-05-27,POWERINDIA,17292.85546875,17302.0,17407.0,16420.0,16430.0,179472
2025-05-28,POWERINDIA,18317.314453125,18327.0,18550.0,17282.0,17301.0,342667
2025-05-29,POWERINDIA,18948.978515625,18959.0,19185.0,18300.0,18500.0,277122
2025-05-30,POWERINDIA,19287.798828125,19298.0,19729.0,18751.0,19165.0,179048
2025-06-02,POWERINDIA,19210.83984375,19221.0,19524.0,19049.0,19280.0,133693
2025-06-03,POWERINDIA,19471.703125,19482.0,19699.0,19057.0,19200.0,121672
2025-06-04,POWERINDIA,19790.53515625,19801.0,20190.0,19500.0,19503.0,163477
2025-06-05,POWERINDIA,19504.685546875,19515.0,20298.0,19345.0,19957.0,116740
2025-06-06,POWERINDIA,18193.37890625,18203.0,19750.0,18025.0,19660.0,152974
2025-06-09,POWERINDIA,18131.41015625,18141.0,18441.0,17802.0,18265.0,140612
2025-06-10,POWERINDIA,17845.5625,17855.0,18252.0,17711.0,18145.0,97546
2025-06-11,POWERINDIA,17524.732421875,17534.0,18284.0,17453.0,17880.0,106004
2025-06-12,POWERINDIA,17024.998046875,17034.0,17716.0,16875.0,17650.0,137928
2025-06-13,POWERINDIA,17770.603515625,17780.0,17840.0,16721.0,16925.0,143418
2025-06-16,POWERINDIA,17579.703125,17589.0,17806.0,17415.0,17780.0,75609
2025-06-17,POWERINDIA,18644.140625,18654.0,18750.0,17646.0,17675.0,198282
2025-06-18,POWERINDIA,18451.2421875,18461.0,18850.0,18262.0,18700.0,95397
2025-06-19,POWERINDIA,18387.275390625,18397.0,19275.0,18280.0,18461.0,216466
2025-06-20,POWERINDIA,18674.125,18684.0,19095.0,18076.0,18489.0,312376
2025-06-23,POWERINDIA,18853.029296875,18863.0,19115.0,18512.0,18684.0,94467
2025-06-24,POWERINDIA,19300.79296875,19311.0,19689.0,18920.0,18965.0,146476
2025-06-25,POWERINDIA,19625.62109375,19636.0,19709.0,19200.0,19625.0,89618
2025-06-26,POWERINDIA,19430.724609375,19441.0,19889.0,19333.0,19636.0,97163
2025-06-27,POWERINDIA,19931.458984375,19942.0,20221.0,19380.0,19776.0,214655
2025-06-30,POWERINDIA,19996.423828125,20007.0,20699.0,19857.0,19942.0,153588
2025-07-01,POWERINDIA,19279.8046875,19290.0,20300.0,18960.0,20050.0,149442
2025-07-02,POWERINDIA,19949.44921875,19960.0,20100.0,19370.0,19390.0,136014
2025-07-03,POWERINDIA,19749.556640625,19760.0,20220.0,19530.0,20050.0,87861
2025-07-04,POWERINDIA,19954.447265625,19965.0,20245.0,19740.0,19915.0,111545
2025-07-07,POWERINDIA,19544.6640625,19555.0,20090.0,19420.0,19965.0,70691
2025-07-08,POWERINDIA,19104.896484375,19115.0,19925.0,19030.0,19630.0,89023
2025-07-09,POWERINDIA,19854.5,19865.0,19990.0,18960.0,19235.0,105929
2025-07-10,POWERINDIA,19464.705078125,19475.0,19915.0,19325.0,19860.0,85432
2025-07-11,POWERINDIA,18560.185546875,18570.0,19825.0,18500.0,19480.0,140806
2025-07-14,POWERINDIA,18490.22265625,18500.0,18870.0,18340.0,18655.0,88450
2025-07-15,POWERINDIA,18425.255859375,18435.0,18960.0,18385.0,18585.0,89334
2025-07-16,POWERINDIA,18550.189453125,18560.0,18740.0,18380.0,18560.0,87334
2025-07-17,POWERINDIA,19479.69921875,19490.0,19570.0,18600.0,18715.0,156294
2025-07-18,POWERINDIA,19064.91796875,19075.0,19780.0,19005.0,19490.0,81389
2025-07-21,POWERINDIA,19249.8203125,19260.0,19550.0,18770.0,19130.0,96895
2025-07-22,POWERINDIA,20104.3671875,20115.0,20150.0,19275.0,19380.0,175697
2025-07-23,POWERINDIA,19859.498046875,19870.0,20525.0,19765.0,20205.0,91677
2025-07-24,POWERINDIA,19769.544921875,19780.0,20200.0,19695.0,19945.0,79718
2025-07-25,POWERINDIA,19319.783203125,19330.0,19870.0,19115.0,19800.0,85898
2025-07-28,POWERINDIA,18870.021484375,18880.0,19650.0,18770.0,19380.0,84116
2025-07-29,POWERINDIA,19779.5390625,19790.0,19900.0,18800.0,18860.0,118530
2025-07-30,POWERINDIA,20813.9921875,20825.0,21350.0,19750.0,20200.0,314118
2025-07-31,POWERINDIA,20084.37890625,20095.0,20700.0,19450.0,20700.0,263034
2025-08-01,POWERINDIA,20539.138671875,20550.0,21385.0,19815.0,20190.0,219370
2025-08-04,POWERINDIA,21188.794921875,21200.0,21300.0,20300.0,20650.0,155302
2025-08-05,POWERINDIA,21333.71875,21345.0,21650.0,20980.0,21200.0,131939
2025-08-06,POWERINDIA,20409.20703125,20420.0,21355.0,20305.0,21350.0,138080
2025-08-07,POWERINDIA,20699.052734375,20710.0,21090.0,20185.0,20380.0,134418
2025-08-08,POWERINDIA,20284.271484375,20295.0,20900.0,20205.0,20845.0,105573
2025-08-11,POWERINDIA,20828.986328125,20840.0,20900.0,20020.0,20380.0,106590
2025-08-12,POWERINDIA,20684.060546875,20695.0,21800.0,20530.0,20900.0,215564
2025-08-13,POWERINDIA,21114.958984375,21120.0,21370.0,20800.0,20845.0,151392
2025-08-14,POWERINDIA,20390.130859375,20395.0,21400.0,20330.0,21120.0,120422
2025-08-18,POWERINDIA,19770.279296875,19775.0,20790.0,19645.0,20700.0,146081
2025-08-19,POWERINDIA,19700.296875,19705.0,20020.0,19450.0,19875.0,153989
2025-08-20,POWERINDIA,19995.2265625,20000.0,20445.0,19780.0,19800.0,122261
2025-08-21,POWERINDIA,20085.205078125,20090.0,20320.0,19665.0,20095.0,118087
2025-08-22,POWERINDIA,19870.255859375,19875.0,20390.0,19700.0,20090.0,103090
2025-08-25,POWERINDIA,19445.357421875,19450.0,20040.0,19360.0,20000.0,95978
2025-08-26,POWERINDIA,19775.27734375,19780.0,20190.0,19130.0,19540.0,1850704
2025-08-28,POWERINDIA,19585.32421875,19590.0,20010.0,19355.0,19575.0,146953
2025-08-29,POWERINDIA,19105.4375,19110.0,19940.0,18875.0,19790.0,135354
2025-09-01,POWERINDIA,18937.478515625,18942.0,19320.0,18851.0,19200.0,72116
2025-09-02,POWERINDIA,18810.5078125,18815.0,19275.0,18692.0,19070.0,67579
2025-09-03,POWERINDIA,19194.416015625,19199.0,19275.0,18940.0,18950.0,80666
2025-09-04,POWERINDIA,18920.482421875,18925.0,19420.0,18770.0,19389.0,78236
2025-09-05,POWERINDIA,18845.5,18850.0,19259.0,18710.0,19040.0,58438
2025-09-08,POWERINDIA,18846.5,18851.0,19030.0,18758.0,18980.0,30921
2025-09-09,POWERINDIA,18841.501953125,18846.0,18970.0,18627.0,18940.0,55484
2025-09-10,POWERINDIA,19670.302734375,19675.0,19863.0,18910.0,18972.0,117264
2025-09-11,POWERINDIA,19445.357421875,19450.0,20285.0,19367.0,19630.0,99825
2025-09-12,POWERINDIA,19906.24609375,19911.0,19990.0,19470.0,19620.0,80398
2025-09-15,POWERINDIA,20175.18359375,20180.0,20300.0,19854.0,19911.0,53200
2025-09-16,POWERINDIA,19973.23046875,19978.0,20293.0,19854.0,20180.0,66139
2025-09-17,POWERINDIA,20104.19921875,20109.0,20450.0,19971.0,20100.0,76624
2025-09-18,POWERINDIA,19374.373046875,19379.0,20272.0,19300.0,20185.0,95102
2025-09-19,POWERINDIA,19020.458984375,19025.0,19680.0,18860.0,19384.0,104486
2025-09-22,POWERINDIA,19081.443359375,19086.0,19698.0,18849.0,19117.0,86939
2025-09-23,POWERINDIA,18990.46484375,18995.0,19520.0,18878.0,19206.0,98133
2025-09-24,POWERINDIA,18992.46484375,18997.0,19150.0,18850.0,19089.0,53592
2025-09-25,POWERINDIA,19198.416015625,19203.0,19295.0,18910.0,19089.0,49593
2025-09-26,POWERINDIA,19104.4375,19109.0,19777.0,18955.0,19260.0,104379
2025-09-29,POWERINDIA,19242.40625,19247.0,19718.0,18951.0,19300.0,92371
2025-09-30,POWERINDIA,17996.703125,18001.0,19330.0,17860.0,19330.0,184110
2025-10-01,POWERINDIA,18129.671875,18134.0,18250.0,17638.0,18050.0,93564
2025-10-03,POWERINDIA,18218.650390625,18223.0,18550.0,18035.0,18500.0,76312
2025-10-06,POWERINDIA,18198.654296875,18203.0,18407.0,18080.0,18270.0,45512
2025-10-07,POWERINDIA,17542.810546875,17547.0,18510.0,17438.0,18248.0,143978
2025-10-08,POWERINDIA,17789.751953125,17794.0,18193.0,17549.0,17650.0,101548
2025-10-09,POWERINDIA,17726.767578125,17731.0,18031.0,17557.0,17916.0,46209
2025-10-10,POWERINDIA,17640.787109375,17645.0,17995.0,17565.0,17780.0,49541
2025-10-13,POWERINDIA,17781.75390625,17786.0,17821.0,17331.0,17600.0,63312
2025-10-14,POWERINDIA,17446.833984375,17451.0,17974.0,17266.0,17850.0,76630
2025-10-15,POWERINDIA,17483.826171875,17488.0,17525.0,17081.0,17500.0,78055
2025-10-16,POWERINDIA,17695.775390625,17700.0,17795.0,17320.0,17487.0,80544
2025-10-17,POWERINDIA,17434.837890625,17439.0,17785.0,17372.0,17750.0,60909
2025-10-20,POWERINDIA,17447.833984375,17452.0,17699.0,17358.0,17499.0,42535
2025-10-21,POWERINDIA,17462.830078125,17467.0,17600.0,17417.0,17600.0,4432
2025-10-23,POWERINDIA,17070.923828125,17075.0,17574.0,17016.0,17471.0,81981
2025-10-24,POWERINDIA,16762.998046875,16767.0,17248.0,16731.0,17160.0,72071
2025-10-27,POWERINDIA,16651.0234375,16655.0,16913.0,16608.0,16850.0,115095
2025-10-28,POWERINDIA,16951.953125,16956.0,17185.0,16614.0,16735.0,103404
2025-10-29,POWERINDIA,17477.826171875,17482.0,17595.0,16860.0,17020.0,100160
2025-10-30,POWERINDIA,17928.71875,17933.0,18045.0,17350.0,17500.0,128504
2025-10-31,POWERINDIA,17773.755859375,17778.0,18178.0,17700.0,17920.0,104419
2025-11-03,POWERINDIA,17914.72265625,17919.0,18100.0,17280.0,17805.0,146346
2025-11-04,POWERINDIA,20452.1171875,20457.0,20639.0,18670.0,19210.0,1237485
2025-11-06,POWERINDIA,20202.17578125,20207.0,20556.0,20076.0,20305.0,176282
2025-11-07,POWERINDIA,20858.01953125,20863.0,20939.0,19914.0,20020.0,289064
2025-11-10,POWERINDIA,21291.916015625,21297.0,21550.0,20952.0,20970.0,216386
2025-11-11,POWERINDIA,21848.783203125,21854.0,22069.0,21255.0,21300.0,229187
2025-11-12,POWERINDIA,22012.744140625,22018.0,22090.0,21625.0,21968.0,142206
2025-11-13,POWERINDIA,21409.888671875,21415.0,21992.0,21366.0,21950.0,129322
2025-11-14,POWERINDIA,21460.875,21466.0,21619.0,21315.0,21380.0,62139
2025-11-17,POWERINDIA,21468.873046875,21474.0,21763.0,21416.0,21575.0,63502
2025-11-18,POWERINDIA,21409.888671875,21415.0,21636.0,21126.0,21474.0,80940
2025-11-19,POWERINDIA,21618.837890625,21624.0,21700.0,21226.0,21400.0,76408
2025-11-20,POWERINDIA,22391.654296875,22397.0,22450.0,21690.0,21700.0,186683
2025-11-21,POWERINDIA,21557.853515625,21563.0,22325.0,21470.0,22239.0,101928
2025-11-24,POWERINDIA,21536.857421875,21542.0,21724.0,21227.0,21563.0,185041
2025-11-25,POWERINDIA,21736.810546875,21742.0,21799.0,21326.0,21480.0,61863
2025-11-26,POWERINDIA,22198.69921875,22204.0,22280.0,21551.0,21740.0,81145
2025-11-27,POWERINDIA,21792.796875,21798.0,22273.0,21752.0,22204.0,58001
2025-11-28,POWERINDIA,22050.734375,22056.0,22170.0,21809.0,21861.0,61973
2025-12-01,POWERINDIA,22179.703125,22185.0,22450.0,22125.0,22160.0,77308
2025-12-02,POWERINDIA,22749.568359375,22755.0,22810.0,22050.0,22090.0,196298
2025-12-03,POWERINDIA,21844.783203125,21850.0,22840.0,21630.0,22700.0,152935
2025-12-04,POWERINDIA,20080.205078125,20085.0,21805.0,20000.0,21805.0,352238
2025-12-05,POWERINDIA,19300.390625,19305.0,20395.0,19220.0,20105.0,265846
2025-12-08,POWERINDIA,19035.455078125,19040.0,19665.0,18525.0,19395.0,237102
2025-12-09,POWERINDIA,19495.345703125,19500.0,19700.0,18670.0,19045.0,218199
2025-12-10,POWERINDIA,18975.46875,18980.0,19655.0,18845.0,19500.0,91658
2025-12-11,POWERINDIA,19225.41015625,19230.0,19300.0,18755.0,18920.0,117735
2025-12-12,POWERINDIA,19530.3359375,19535.0,19645.0,19285.0,19340.0,65567
2025-12-15,POWERINDIA,19530.3359375,19535.0,19600.0,19150.0,19520.0,47306
2025-12-16,POWERINDIA,19315.388671875,19320.0,19535.0,19170.0,19535.0,54069
2025-12-17,POWERINDIA,19145.427734375,19150.0,19585.0,19055.0,19320.0,74571
2025-12-18,POWERINDIA,18155.6640625,18160.0,19245.0,18105.0,19200.0,157768
2025-12-19,POWERINDIA,18550.5703125,18555.0,18640.0,17955.0,18265.0,154124
2025-12-22,POWERINDIA,18705.533203125,18710.0,19020.0,18360.0,18555.0,71282
2025-12-23,POWERINDIA,18460.591796875,18465.0,18765.0,18360.0,18750.0,62774
2025-12-24,POWERINDIA,18415.603515625,18420.0,18795.0,18325.0,18590.0,61290
2025-12-26,POWERINDIA,18345.619140625,18350.0,18595.0,18085.0,18475.0,61013
2025-12-29,POWERINDIA,18385.609375,18390.0,18515.0,18135.0,18480.0,83198
2025-12-30,POWERINDIA,18105.677734375,18110.0,18385.0,17780.0,18385.0,175774
2025-12-31,POWERINDIA,18305.62890625,18310.0,18460.0,18050.0,18050.0,66333
2026-01-01,POWERINDIA,18477.587890625,18482.0,18521.0,18205.0,18285.0,36058
2026-01-02,POWERINDIA,18798.51171875,18803.0,18978.0,18541.0,18600.0,81093
2026-01-05,POWERINDIA,18999.462890625,19004.0,19069.0,18565.0,18801.0,67212
2026-01-06,POWERINDIA,18842.5,18847.0,19100.0,18556.0,19100.0,64284
2026-01-07,POWERINDIA,19577.326171875,19582.0,19898.0,18720.0,18824.0,171492
2026-01-08,POWERINDIA,18439.59765625,18444.0,19768.0,18255.0,19582.0,182015
2026-01-09,POWERINDIA,17876.732421875,17881.0,18539.0,17185.0,18500.0,795132
2026-01-12,POWERINDIA,17424.83984375,17429.0,17781.0,16731.0,17781.0,482018
2026-01-13,POWERINDIA,17101.916015625,17106.0,17550.0,17020.0,17550.0,203903
2026-01-14,POWERINDIA,16932.95703125,16937.0,17100.0,16806.0,17096.0,207378
2026-01-15,POWERINDIA,16932.95703125,16937.0,16937.0,16937.0,16937.0,0
2026-01-16,POWERINDIA,16210.1298828125,16214.0,16953.0,16111.0,16870.0,389082
2026-01-19,POWERINDIA,16959.951171875,16964.0,17140.0,16200.0,16269.0,262806
2026-01-20,POWERINDIA,16626.029296875,16630.0,17140.0,16467.0,17000.0,221154
2026-01-21,POWERINDIA,16685.015625,16689.0,16920.0,16427.0,16650.0,149064
2026-01-22,POWERINDIA,16842.978515625,16847.0,17066.0,16700.0,16860.0,115276
2026-01-23,POWERINDIA,16497.060546875,16501.0,16964.0,16380.0,16951.0,110388
2026-01-27,POWERINDIA,16705.01171875,16709.0,16850.0,16410.0,16650.0,98320
2026-01-28,POWERINDIA,17678.779296875,17683.0,17750.0,16740.0,16740.0,131450
2026-01-29,POWERINDIA,18317.626953125,18322.0,18538.0,17798.0,17800.0,260523
2026-01-30,POWERINDIA,18857.498046875,18862.0,18925.0,18100.0,18200.0,150302
2026-02-02,POWERINDIA,18973.46875,18978.0,19050.0,18273.0,18363.0,174818
2026-02-03,POWERINDIA,19696.296875,19701.0,20500.0,19512.0,19900.0,215011
2026-02-04,POWERINDIA,19038.455078125,19043.0,19863.0,18806.0,19695.0,186618
2026-02-05,POWERINDIA,19194.416015625,19199.0,19321.0,18674.0,19099.0,135828
2026-02-06,POWERINDIA,21865.779296875,21871.0,22077.0,20556.0,20900.0,993958
2026-02-09,POWERINDIA,22505.626953125,22511.0,22550.0,21827.0,21900.0,269552
2026-02-10,POWERINDIA,22451.638671875,22457.0,22725.0,22253.0,22551.0,123059
2026-02-11,POWERINDIA,22725.57421875,22731.0,22888.0,22296.0,22375.0,124466
2026-02-12,POWERINDIA,22696.580078125,22702.0,23140.0,22600.0,22638.0,164420
2026-02-13,POWERINDIA,22412.6484375,22418.0,22679.0,22225.0,22500.0,72497
2026-02-16,POWERINDIA,22818.55078125,22824.0,22870.0,22350.0,22450.0,61541
2026-02-17,POWERINDIA,22971.515625,22977.0,23040.0,22655.0,22770.0,46797
2026-02-18,POWERINDIA,23563.373046875,23569.0,23717.0,22865.0,23050.0,132383
2026-02-19,POWERINDIA,22845.544921875,22851.0,23599.0,22770.0,23583.0,84278
2026-02-20,POWERINDIA,23865.30078125,23871.0,23998.0,22700.0,22700.0,218752
2026-02-23,POWERINDIA,24237.212890625,24243.0,24370.0,23827.0,23871.0,123306
2026-02-24,POWERINDIA,24897.0546875,24903.0,25000.0,24000.0,24101.0,139000
2026-02-25,POWERINDIA,24980.03515625,24986.0,25275.0,24769.0,24903.0,120875
2026-02-26,POWERINDIA,25394.935546875,25401.0,25470.0,24932.0,24973.0,93336
2026-02-27,POWERINDIA,25555.8984375,25562.0,25799.0,25300.0,25340.0,126705
2026-03-02,POWERINDIA,25493.912109375,25500.0,25850.0,24400.0,24500.0,118951
2026-03-04,POWERINDIA,24494.15234375,24500.0,25195.0,24195.0,25160.0,159680
2026-03-05,POWERINDIA,25298.958984375,25305.0,25465.0,24645.0,24700.0,111078
2026-03-06,POWERINDIA,25853.826171875,25860.0,26160.0,25320.0,25500.0,111188
2026-03-09,POWERINDIA,25153.994140625,25160.0,25455.0,24425.0,25400.0,144230
2026-03-10,POWERINDIA,25218.978515625,25225.0,26325.0,25000.0,25700.0,195888
2026-03-11,POWERINDIA,24949.04296875,24955.0,25645.0,24805.0,25225.0,134572
2026-03-12,POWERINDIA,24874.060546875,24880.0,25325.0,24385.0,24995.0,142729
2026-03-13,POWERINDIA,24159.23046875,24165.0,25175.0,24100.0,24990.0,102198
2026-03-16,POWERINDIA,24199.22265625,24205.0,24405.0,23400.0,24195.0,138189
2026-03-17,POWERINDIA,24704.1015625,24710.0,24795.0,24180.0,24495.0,95146
2026-03-18,POWERINDIA,24969.037109375,24975.0,25250.0,24485.0,24700.0,94865
2026-03-19,POWERINDIA,24644.115234375,24650.0,24880.0,24335.0,24675.0,80351
2026-03-20,POWERINDIA,25019.025390625,25025.0,25680.0,24870.0,24930.0,180060
2026-03-23,POWERINDIA,24249.208984375,24255.0,24970.0,23970.0,24845.0,131323
2026-03-24,POWERINDIA,25019.025390625,25025.0,25400.0,24530.0,25085.0,146462
2026-03-25,POWERINDIA,25663.873046875,25670.0,25850.0,25245.0,25300.0,111610
2026-03-27,POWERINDIA,24679.107421875,24685.0,25545.0,24500.0,25500.0,187461
2026-03-30,POWERINDIA,24229.21484375,24235.0,24735.0,24000.0,24265.0,126517
2026-04-01,POWERINDIA,25059.015625,25065.0,25595.0,24910.0,25240.0,123682
2026-04-02,POWERINDIA,25318.955078125,25325.0,25420.0,24180.0,24925.0,112632
2026-04-06,POWERINDIA,25009.029296875,25015.0,26180.0,24920.0,25350.0,130996
2026-04-07,POWERINDIA,25024.025390625,25030.0,25215.0,24665.0,24930.0,89225
2026-04-08,POWERINDIA,25908.814453125,25915.0,26155.0,25145.0,25600.0,151238
2026-04-09,POWERINDIA,27308.478515625,27315.0,27500.0,25865.0,26080.0,255940
2026-04-10,POWERINDIA,28418.21484375,28425.0,28510.0,27525.0,27680.0,301315
2026-04-13,POWERINDIA,28318.23828125,28325.0,28860.0,27715.0,27800.0,214351
2026-04-15,POWERINDIA,28428.212890625,28435.0,29095.0,28350.0,28850.0,163350
2026-04-16,POWERINDIA,28248.255859375,28255.0,28575.0,27670.0,28435.0,171282
2026-04-17,POWERINDIA,28918.095703125,28925.0,28970.0,28180.0,28500.0,105178
2026-04-20,POWERINDIA,29637.923828125,29645.0,29900.0,28960.0,29250.0,181052
2026-04-21,POWERINDIA,29882.865234375,29890.0,30400.0,29760.0,29960.0,170096
2026-04-22,POWERINDIA,30327.7578125,30335.0,30470.0,29825.0,29905.0,112170
2026-04-23,POWERINDIA,31712.427734375,31720.0,31875.0,30365.0,30365.0,193846
2026-04-24,POWERINDIA,32192.3125,32200.0,32295.0,31000.0,31780.0,164360
2026-04-27,POWERINDIA,32057.345703125,32065.0,32550.0,31835.0,32340.0,124497
2026-04-28,POWERINDIA,32797.16796875,32805.0,32940.0,31865.0,32200.0,127919
2026-04-29,POWERINDIA,32877.1484375,32885.0,33285.0,32535.0,32900.0,95678
2026-04-30,POWERINDIA,33541.9921875,33550.0,33795.0,32530.0,32975.0,128619
2026-05-01,POWERINDIA,33541.9921875,33550.0,33550.0,33550.0,33550.0,0
2026-05-04,POWERINDIA,33721.94921875,33730.0,34365.0,33065.0,33880.0,159471
2026-05-05,POWERINDIA,34246.82421875,34255.0,34330.0,33720.0,33905.0,90730
2026-05-06,POWERINDIA,33372.03125,33380.0,34385.0,32925.0,34385.0,173551
2026-05-07,POWERINDIA,34866.67578125,34875.0,34950.0,33500.0,33800.0,146328
2026-05-08,POWERINDIA,33996.8828125,34005.0,35095.0,33445.0,34950.0,169469
2026-05-11,POWERINDIA,33012.1171875,33020.0,33995.0,32705.0,33635.0,123670
2026-05-12,POWERINDIA,32257.296875,32265.0,33660.0,32125.0,33020.0,115794
2026-05-13,POWERINDIA,31737.421875,31745.0,32660.0,31645.0,32265.0,115951
2026-05-14,POWERINDIA,32282.291015625,32290.0,32395.0,31375.0,32100.0,133169
2026-05-15,POWERINDIA,32527.232421875,32535.0,32695.0,31195.0,32350.0,107740
2026-05-18,POWERINDIA,32792.171875,32800.0,32950.0,32005.0,32400.0,81635
2026-05-19,POWERINDIA,33352.03515625,33360.0,33730.0,32785.0,32965.0,108292
2026-05-20,POWERINDIA,35516.51953125,35525.0,35790.0,32710.0,33000.0,252759
2026-05-21,POWERINDIA,36441.296875,36450.0,36750.0,35850.0,35980.0,164536
2026-05-22,POWERINDIA,35546.51171875,35555.0,36700.0,35415.0,36585.0,118548
2026-05-25,POWERINDIA,35626.4921875,35635.0,36040.0,35030.0,36000.0,139682
2026-05-26,POWERINDIA,35986.40625,35995.0,36495.0,34005.0,35400.0,511899
2026-05-27,POWERINDIA,37541.03515625,37550.0,37695.0,35985.0,36220.0,284794
2026-05-28,POWERINDIA,37541.03515625,37550.0,37550.0,37550.0,37550.0,0
2026-05-29,POWERINDIA,38435.82421875,38445.0,38645.0,36810.0,37750.0,376115
2026-06-01,POWERINDIA,36371.31640625,36380.0,38785.0,36225.0,38700.0,279448
2026-06-02,POWERINDIA,35096.62109375,35105.0,36315.0,34820.0,36300.0,244798
2026-06-03,POWERINDIA,35181.59765625,35190.0,36110.0,35010.0,35350.0,235330
2026-06-04,POWERINDIA,36516.28125,36525.0,37360.0,35510.0,35705.0,254549
2026-06-05,POWERINDIA,36861.19921875,36870.0,37440.0,36600.0,36940.0,109445
2026-06-08,POWERINDIA,35001.640625,35010.0,36385.0,34600.0,36200.0,203806
2026-06-09,POWERINDIA,34601.73828125,34610.0,35210.0,34050.0,35200.0,205184
2026-06-10,POWERINDIA,33257.05859375,33265.0,34980.0,33080.0,34845.0,217325
2026-06-11,POWERINDIA,33242.0625,33250.0,34100.0,33010.0,33300.0,197087
2026-06-12,POWERINDIA,34316.8046875,34325.0,34435.0,33740.0,33900.0,117224
2026-06-15,POWERINDIA,34686.71875,34695.0,35000.0,34125.0,35000.0,109904
2026-06-16,POWERINDIA,34731.70703125,34740.0,34920.0,34525.0,34800.0,57891
2026-06-17,POWERINDIA,35941.41796875,35950.0,36070.0,34740.0,34745.0,126662
2026-06-18,POWERINDIA,36291.3359375,36300.0,36430.0,35145.0,35850.0,127709
2026-06-19,POWERINDIA,36871.1953125,36880.0,37115.0,36115.0,36215.0,114962
2026-06-22,POWERINDIA,36751.2265625,36760.0,37100.0,36360.0,37095.0,68245
2026-06-23,POWERINDIA,36081.3828125,36090.0,37335.0,36015.0,36850.0,127853
2026-06-24,POWERINDIA,33941.89453125,33950.0,35940.0,33680.0,35935.0,226838
2026-06-25,POWERINDIA,33956.890625,33965.0,34835.0,33865.0,34300.0,134075
2026-06-26,POWERINDIA,33956.890625,33965.0,33965.0,33965.0,33965.0,0
2026-06-29,POWERINDIA,34966.65234375,34975.0,35360.0,33120.0,34005.0,413158
2026-06-30,POWERINDIA,34911.6640625,34920.0,35195.0,34380.0,34750.0,140852
2026-07-01,POWERINDIA,34241.82421875,34250.0,35515.0,33340.0,34955.0,122621
2026-07-02,POWERINDIA,33766.9375,33775.0,34485.0,33125.0,34250.0,125021
2026-07-03,POWERINDIA,31032.58984375,31040.0,32085.0,30400.0,32085.0,684714
2026-07-06,POWERINDIA,32352.275390625,32360.0,32450.0,31075.0,31075.0,292814
2026-07-07,POWERINDIA,31907.380859375,31915.0,32715.0,31650.0,32550.0,141775
2026-07-08,POWERINDIA,31747.419921875,31755.0,32430.0,31535.0,31795.0,141973
2026-07-09,POWERINDIA,32602.21484375,32610.0,32700.0,32060.0,32100.0,101180
2026-07-10,POWERINDIA,32597.216796875,32605.0,32920.0,32380.0,32730.0,87152
2026-07-13,POWERINDIA,31907.380859375,31915.0,32380.0,31770.0,32240.0,101702
2026-07-14,POWERINDIA,32482.244140625,32490.0,32585.0,31300.0,31550.0,87083
2026-07-15,POWERINDIA,33971.88671875,33980.0,34080.0,32650.0,32695.0,161755
2026-07-16,POWERINDIA,33536.9921875,33545.0,34215.0,32890.0,34190.0,162994
2026-07-17,POWERINDIA,32067.34375,32075.0,33540.0,31900.0,33540.0,137304
2026-07-20,POWERINDIA,32432.255859375,32440.0,32705.0,31745.0,32190.0,81022
2026-07-21,POWERINDIA,32177.31640625,32185.0,32725.0,31950.0,32440.0,105563
2026-07-22,POWERINDIA,32047.34765625,32055.0,32995.0,31910.0,32420.0,90595
2026-07-23,POWERINDIA,32057.345703125,32065.0,32735.0,31815.0,32150.0,71011
2026-07-24,POWERINDIA,31062.583984375,31070.0,32395.0,30980.0,32100.0,118166
2026-07-27,POWERINDIA,31542.46875,31550.0,31755.0,30900.0,31400.0,125914
2026-07-28,POWERINDIA,31122.568359375,31130.0,31450.0,30470.0,31450.0,197897
2026-07-29,POWERINDIA,31667.439453125,31675.0,31960.0,30625.0,31350.0,156699
2026-07-30,POWERINDIA,31242.541015625,31250.0,31735.0,31020.0,31525.0,112162
2026-07-31,POWERINDIA,32167.318359375,32175.0,32750.0,31900.0,31900.0,166141
2026-08-03,POWERINDIA,31992.361328125,32000.0,32380.0,31865.0,32180.0,57777
2026-08-04,POWERINDIA,31997.359375,32005.0,32695.0,32000.0,32005.0,77400
2026-08-05,POWERINDIA,32392.265625,32400.0,32555.0,32150.0,32380.0,56303
2026-08-06,POWERINDIA,31892.384765625,31900.0,32145.0,31140.0,32000.0,78579
2026-08-07,POWERINDIA,32592.21875,32600.0,32680.0,31945.0,31945.0,91167
2026-08-10,POWERINDIA,36041.39453125,36050.0,36390.0,34225.0,35000.0,675953
2026-08-11,POWERINDIA,34991.64453125,35000.0,36590.0,34730.0,36230.0,215956
2026-08-12,POWERINDIA,35791.453125,35800.0,35925.0,34730.0,35000.0,180600
2026-08-13,POWERINDIA,35351.55859375,35360.0,35920.0,35130.0,35900.0,59842
2026-08-14,POWERINDIA,35691.4765625,35700.0,36230.0,35280.0,35385.0,113737
2026-08-17,POWERINDIA,35441.5390625,35450.0,35850.0,35390.0,35735.0,53456
2026-08-18,POWERINDIA,35266.578125,35275.0,35580.0,35200.0,35580.0,47426
2026-08-19,POWERINDIA,33791.9296875,33800.0,35100.0,33360.0,35100.0,186593
2026-08-20,POWERINDIA,33502.0,33510.0,34045.0,33305.0,34045.0,67131
2026-08-21,POWERINDIA,34190.0,34190.0,34750.0,33250.0,33515.0,104122
2026-08-24,POWERINDIA,33840.0,33840.0,34975.0,33570.0,34360.0,80079
2026-08-25,POWERINDIA,33300.0,33300.0,33695.0,33005.0,33680.0,88353
2026-08-26,POWERINDIA,33125.0,33125.0,33600.0,33105.0,33375.0,43775
2026-08-27,POWERINDIA,33880.0,33880.0,34250.0,33290.0,33395.0,87939
2026-08-28,POWERINDIA,33330.0,33330.0,33840.0,33235.0,33840.0,32688
