Date,Symbol,Adj Close,Close,High,Low,Open,Volume
2010-01-04,SRF,31.835121154785156,42.400001525878906,42.7400016784668,40.959999084472656,41.70000076293945,2526145
2010-01-05,SRF,32.210533142089844,42.900001525878906,44.38999938964844,42.61000061035156,42.779998779296875,5181960
2010-01-06,SRF,32.090396881103516,42.7400016784668,43.97999954223633,42.439998626708984,43.0,1977080
2010-01-07,SRF,31.95525550842285,42.560001373291016,43.58000183105469,42.31999969482422,42.959999084472656,1925005
2010-01-08,SRF,32.0378303527832,42.66999816894531,43.5,42.5,42.7599983215332,1626465
2010-01-11,SRF,32.142967224121094,42.810001373291016,43.540000915527344,42.70000076293945,43.20000076293945,1947175
2010-01-12,SRF,31.08429718017578,41.400001525878906,43.15999984741211,41.02000045776367,43.0,1187085
2010-01-13,SRF,31.061758041381836,41.369998931884766,42.36000061035156,40.66999816894531,41.400001525878906,1421370
2010-01-14,SRF,31.20442771911621,41.560001373291016,42.400001525878906,41.45000076293945,42.099998474121094,775190
2010-01-15,SRF,31.06926727294922,41.380001068115234,42.15999984741211,41.20000076293945,41.70000076293945,737380
2010-01-18,SRF,32.69106674194336,43.540000915527344,44.15999984741211,41.119998931884766,41.29999923706055,6484345
2010-01-19,SRF,30.33345603942871,40.400001525878906,44.9900016784668,40.040000915527344,43.599998474121094,8871635
2010-01-20,SRF,30.1307315826416,40.130001068115234,41.0,39.2400016784668,40.599998474121094,3632465
2010-01-21,SRF,30.258378982543945,40.29999923706055,40.68000030517578,39.380001068115234,39.779998779296875,2686805
2010-01-22,SRF,29.282304763793945,39.0,39.900001525878906,36.22999954223633,36.22999954223633,1770875
2010-01-25,SRF,29.10209846496582,38.7599983215332,40.0,38.400001525878906,39.0,1217020
2010-01-27,SRF,27.788158416748047,37.0099983215332,39.15999984741211,36.70000076293945,38.599998474121094,1065965
2010-01-28,SRF,28.276187896728516,37.65999984741211,38.66999816894531,37.09000015258789,37.20000076293945,1910730
2010-01-29,SRF,29.087080001831055,38.7400016784668,39.0,36.310001373291016,37.599998474121094,1579555
2010-02-01,SRF,28.614057540893555,38.11000061035156,39.33000183105469,38.0,38.02000045776367,1201335
2010-02-02,SRF,28.321245193481445,37.720001220703125,38.90999984741211,37.400001525878906,38.54999923706055,719120
2010-02-03,SRF,28.651613235473633,38.15999984741211,38.79999923706055,37.90999984741211,38.099998474121094,782530
2010-02-04,SRF,27.87074089050293,37.119998931884766,38.38999938964844,36.90999984741211,37.619998931884766,703150
2010-02-05,SRF,27.382707595825195,36.470001220703125,36.9900016784668,36.0,36.400001525878906,1294530
2010-02-08,SRF,27.427757263183594,36.529998779296875,37.0,36.29999923706055,36.79999923706055,407525
2010-02-09,SRF,27.63798713684082,36.810001373291016,37.5,36.130001068115234,36.79999923706055,587825
2010-02-10,SRF,27.555397033691406,36.70000076293945,37.560001373291016,36.45000076293945,37.099998474121094,580390
2010-02-11,SRF,27.7656192779541,36.97999954223633,37.25,36.61000061035156,36.79999923706055,277195
2010-02-15,SRF,27.555397033691406,36.70000076293945,37.13999938964844,34.0,36.04999923706055,227720
2010-02-16,SRF,27.668018341064453,36.849998474121094,37.18000030517578,36.599998474121094,36.709999084472656,223030
2010-02-17,SRF,27.893268585205078,37.150001525878906,37.59000015258789,36.810001373291016,37.0,631135
2010-02-18,SRF,27.607959747314453,36.77000045776367,37.2400016784668,36.66999816894531,36.90999984741211,219370
2010-02-19,SRF,27.31513214111328,36.380001068115234,36.88999938964844,36.20000076293945,36.400001525878906,237690
2010-02-22,SRF,27.262569427490234,36.310001373291016,36.939998626708984,36.099998474121094,36.79999923706055,233245
2010-02-23,SRF,27.36768913269043,36.45000076293945,37.380001068115234,36.130001068115234,36.47999954223633,1726530
2010-02-24,SRF,27.134933471679688,36.13999938964844,36.7400016784668,35.900001525878906,36.130001068115234,352195
2010-02-25,SRF,26.797060012817383,35.689998626708984,36.470001220703125,35.400001525878906,36.290000915527344,373485
2010-02-26,SRF,26.74449920654297,35.619998931884766,36.279998779296875,35.36000061035156,35.70000076293945,944395
2010-03-02,SRF,27.14244270324707,36.150001525878906,36.5,35.75,35.810001373291016,639950
2010-03-03,SRF,27.600435256958008,36.7599983215332,36.84000015258789,36.2400016784668,36.400001525878906,865040
2010-03-04,SRF,28.538978576660156,38.0099983215332,38.400001525878906,36.599998474121094,37.0,1764750
2010-03-05,SRF,29.042030334472656,38.68000030517578,39.27000045776367,38.29999923706055,38.599998474121094,1584285
2010-03-08,SRF,28.839309692382812,38.40999984741211,39.08000183105469,37.81999969482422,38.970001220703125,636575
2010-03-09,SRF,28.043437957763672,37.349998474121094,38.70000076293945,37.13999938964844,38.41999816894531,864965
2010-03-10,SRF,28.171072006225586,37.52000045776367,38.38999938964844,37.13999938964844,37.13999938964844,520740
2010-03-11,SRF,28.073469161987305,37.38999938964844,38.220001220703125,37.13999938964844,37.720001220703125,517200
2010-03-12,SRF,27.90828514099121,37.16999816894531,37.88999938964844,37.0099983215332,37.599998474121094,306325
2010-03-15,SRF,27.46529197692871,36.58000183105469,37.31999969482422,36.40999984741211,37.31999969482422,228190
2010-03-16,SRF,27.510345458984375,36.63999938964844,36.959999084472656,36.20000076293945,36.41999816894531,446795
2010-03-17,SRF,27.46529197692871,36.58000183105469,37.79999923706055,36.400001525878906,37.79999923706055,334265
2010-03-18,SRF,27.683032989501953,36.869998931884766,37.20000076293945,36.5,36.79999923706055,652900
2010-03-19,SRF,28.163558959960938,37.5099983215332,37.97999954223633,36.709999084472656,36.869998931884766,2129730
2010-03-22,SRF,27.450279235839844,36.560001373291016,37.79999923706055,36.40999984741211,36.91999816894531,829575
2010-03-23,SRF,27.735591888427734,36.939998626708984,37.16999816894531,36.650001525878906,36.939998626708984,668520
2010-03-25,SRF,27.90828514099121,37.16999816894531,37.540000915527344,36.79999923706055,36.939998626708984,951785
2010-03-26,SRF,28.080976486206055,37.400001525878906,37.880001068115234,37.0,37.0,1323015
2010-03-29,SRF,28.614057540893555,38.11000061035156,38.79999923706055,37.20000076293945,37.59000015258789,2541505
2010-03-30,SRF,29.184694290161133,38.869998931884766,39.0,38.5099983215332,38.5099983215332,1611210
2010-03-31,SRF,29.665224075317383,39.5099983215332,40.099998474121094,38.58000183105469,38.58000183105469,2092805
2010-04-01,SRF,30.528669357299805,40.65999984741211,40.86000061035156,39.63999938964844,39.63999938964844,2182780
2010-04-05,SRF,31.159364700317383,41.5,41.70000076293945,40.20000076293945,40.20000076293945,1896125
2010-04-06,SRF,31.309539794921875,41.70000076293945,42.09000015258789,41.02000045776367,41.779998779296875,2017210
2010-04-07,SRF,31.992794036865234,42.61000061035156,42.790000915527344,41.709999084472656,42.08000183105469,2065240
2010-04-08,SRF,31.208681106567383,40.20000076293945,41.7400016784668,40.029998779296875,41.7400016784668,1867040
2010-04-09,SRF,31.666723251342773,40.790000915527344,41.119998931884766,40.099998474121094,40.720001220703125,1155530
2010-04-12,SRF,31.006847381591797,39.939998626708984,41.38999938964844,39.70000076293945,41.0,758015
2010-04-13,SRF,30.65749168395996,39.4900016784668,40.470001220703125,39.33000183105469,40.400001525878906,667740
2010-04-15,SRF,30.76618003845215,39.630001068115234,40.29999923706055,39.47999954223633,39.720001220703125,469260
2010-04-16,SRF,30.828285217285156,39.709999084472656,40.70000076293945,39.20000076293945,39.599998474121094,702905
2010-04-19,SRF,30.37801170349121,39.130001068115234,39.31999969482422,38.7400016784668,39.0,460275
2010-04-20,SRF,30.898155212402344,39.79999923706055,40.20000076293945,39.099998474121094,39.279998779296875,663580
2010-04-21,SRF,33.048606872558594,42.56999969482422,44.34000015258789,39.84000015258789,39.84000015258789,6841375
2010-04-22,SRF,32.57503128051758,41.959999084472656,43.11000061035156,41.61000061035156,42.34000015258789,1896670
2010-04-23,SRF,32.24897766113281,41.540000915527344,42.400001525878906,41.31999969482422,42.20000076293945,634260
2010-04-26,SRF,33.45229721069336,43.09000015258789,43.56999969482422,41.43000030517578,42.16999816894531,2104535
2010-04-27,SRF,33.0718994140625,42.599998474121094,43.5,42.20000076293945,43.0,1008065
2010-04-28,SRF,32.373199462890625,41.70000076293945,42.970001220703125,41.349998474121094,41.400001525878906,1421050
2010-04-29,SRF,33.63085174560547,43.31999969482422,43.599998474121094,42.0,42.0,1502475
2010-04-30,SRF,33.66191101074219,43.36000061035156,44.47999954223633,43.040000915527344,43.20000076293945,1609485
2010-05-03,SRF,35.012725830078125,45.099998474121094,45.560001373291016,42.7400016784668,43.0,4612370
2010-05-04,SRF,33.97243881225586,43.7599983215332,46.7400016784668,43.36000061035156,45.5,5468590
2010-05-05,SRF,35.57945251464844,45.83000183105469,46.400001525878906,42.33000183105469,43.0,4143125
2010-05-06,SRF,35.090362548828125,45.20000076293945,46.4900016784668,44.40999984741211,46.0,2081545
2010-05-07,SRF,33.599796295166016,43.279998779296875,44.560001373291016,42.9900016784668,44.04999923706055,1639050
2010-05-10,SRF,34.64785385131836,44.630001068115234,46.15999984741211,43.81999969482422,45.0,4788685
2010-05-11,SRF,34.61680603027344,44.59000015258789,46.38999938964844,44.43000030517578,45.0,3996820
2010-05-12,SRF,34.997215270996094,45.08000183105469,45.29999923706055,44.43000030517578,44.900001525878906,1122655
2010-05-13,SRF,36.37132263183594,46.849998474121094,47.400001525878906,45.25,45.400001525878906,6612480
2010-05-14,SRF,36.43344497680664,46.93000030517578,48.400001525878906,46.599998474121094,46.79999923706055,5961595
2010-05-17,SRF,36.122894287109375,46.529998779296875,46.939998626708984,45.130001068115234,46.0,1980180
2010-05-18,SRF,36.29368591308594,46.75,48.63999938964844,46.34000015258789,46.599998474121094,3770965
2010-05-19,SRF,35.2922248840332,45.459999084472656,47.619998931884766,45.20000076293945,46.540000915527344,2005330
2010-05-20,SRF,34.83417510986328,44.869998931884766,46.79999923706055,44.5,45.79999923706055,1365195
2010-05-21,SRF,34.50035858154297,44.439998626708984,44.9900016784668,43.20000076293945,44.0,1698995
2010-05-24,SRF,34.290740966796875,44.16999816894531,45.540000915527344,43.79999923706055,44.86000061035156,1073800
2010-05-25,SRF,33.0718994140625,42.599998474121094,44.290000915527344,42.099998474121094,42.619998931884766,1363910
2010-05-26,SRF,33.615325927734375,43.29999923706055,43.79999923706055,42.880001068115234,42.959999084472656,910095
2010-05-27,SRF,34.290740966796875,44.16999816894531,44.34000015258789,43.0,43.470001220703125,1080195
2010-05-28,SRF,34.86524200439453,44.90999984741211,45.83000183105469,44.400001525878906,44.400001525878906,1574090
2010-05-31,SRF,34.79536819458008,44.81999969482422,45.400001525878906,44.41999816894531,45.20000076293945,591350
2010-06-01,SRF,34.182064056396484,44.029998779296875,45.29999923706055,43.5,45.20000076293945,581600
2010-06-02,SRF,34.33732604980469,44.22999954223633,44.869998931884766,44.02000045776367,44.20000076293945,485970
2010-06-03,SRF,34.36838150024414,44.27000045776367,44.88999938964844,44.08000183105469,44.599998474121094,778705
2010-06-04,SRF,34.764312744140625,44.779998779296875,45.599998474121094,44.20000076293945,44.400001525878906,892335
2010-06-07,SRF,33.98020935058594,43.77000045776367,44.20000076293945,40.04999923706055,40.04999923706055,380080
2010-06-08,SRF,34.30626678466797,44.189998626708984,45.349998474121094,43.400001525878906,43.97999954223633,600995
2010-06-09,SRF,34.655616760253906,44.63999938964844,45.20000076293945,44.189998626708984,44.189998626708984,409310
2010-06-10,SRF,35.0593147277832,45.15999984741211,45.47999954223633,44.099998474121094,44.099998474121094,436450
2010-06-11,SRF,34.63233184814453,44.61000061035156,45.599998474121094,44.41999816894531,45.400001525878906,380465
2010-06-14,SRF,35.1136589050293,45.22999954223633,45.400001525878906,44.79999923706055,45.0,434280
2010-06-15,SRF,36.08406066894531,46.47999954223633,46.9900016784668,45.2400016784668,45.2400016784668,2088120
2010-06-16,SRF,35.41642761230469,45.619998931884766,46.9900016784668,43.41999816894531,43.41999816894531,502550
2010-06-17,SRF,36.39461135864258,46.880001068115234,47.88999938964844,44.959999084472656,44.959999084472656,2336520
2010-06-18,SRF,36.239341735839844,46.68000030517578,47.72999954223633,46.279998779296875,47.400001525878906,858940
2010-06-21,SRF,36.899234771728516,47.529998779296875,47.79999923706055,46.68000030517578,46.68000030517578,953415
2010-06-22,SRF,37.93951416015625,48.869998931884766,49.5,47.22999954223633,47.400001525878906,2915540
2010-06-23,SRF,37.69884490966797,48.560001373291016,49.189998626708984,47.779998779296875,48.560001373291016,822920
2010-06-24,SRF,37.54359436035156,48.36000061035156,50.2599983215332,48.02000045776367,48.560001373291016,2118080
2010-06-25,SRF,37.0855598449707,47.77000045776367,49.150001525878906,46.08000183105469,46.08000183105469,590765
2010-06-28,SRF,37.7764892578125,48.65999984741211,49.34000015258789,45.619998931884766,45.619998931884766,649270
2010-06-29,SRF,36.65856170654297,47.220001220703125,49.20000076293945,46.810001373291016,47.060001373291016,721680
2010-06-30,SRF,36.52658462524414,47.04999923706055,47.70000076293945,46.20000076293945,46.459999084472656,462155
2010-07-01,SRF,36.146183013916016,46.560001373291016,47.400001525878906,46.380001068115234,47.400001525878906,482800
2010-07-02,SRF,36.216060638427734,46.650001525878906,47.86000061035156,46.31999969482422,46.31999969482422,374385
2010-07-05,SRF,36.021976470947266,46.400001525878906,47.400001525878906,46.15999984741211,46.59000015258789,312250
2010-07-06,SRF,36.720672607421875,47.29999923706055,47.959999084472656,46.310001373291016,47.400001525878906,403020
2010-07-07,SRF,37.09331130981445,47.779998779296875,47.97999954223633,46.81999969482422,46.81999969482422,551575
2010-07-08,SRF,37.69884490966797,48.560001373291016,49.599998474121094,48.400001525878906,48.599998474121094,1409020
2010-07-09,SRF,37.05450439453125,47.72999954223633,49.13999938964844,47.630001068115234,48.86000061035156,465885
2010-07-12,SRF,37.16318893432617,47.869998931884766,48.47999954223633,46.79999923706055,46.79999923706055,404120
2010-07-13,SRF,37.846351623535156,48.75,48.97999954223633,47.599998474121094,47.810001373291016,851755
2010-07-14,SRF,38.149131774902344,49.13999938964844,50.13999938964844,48.400001525878906,49.20000076293945,2192165
2010-07-15,SRF,38.079261779785156,49.04999923706055,49.70000076293945,47.7400016784668,47.7400016784668,1141150
2010-07-16,SRF,38.90993881225586,50.119998931884766,50.849998474121094,48.79999923706055,49.04999923706055,2826015
2010-07-19,SRF,39.686279296875,51.119998931884766,51.47999954223633,48.79999923706055,48.79999923706055,1871090
2010-07-20,SRF,39.96575927734375,51.47999954223633,51.97999954223633,51.040000915527344,51.439998626708984,1755610
2010-07-21,SRF,38.94099044799805,50.15999984741211,52.38999938964844,50.0,51.2400016784668,1311450
2010-07-22,SRF,38.61492156982422,49.7400016784668,50.70000076293945,49.380001068115234,50.0,697705
2010-07-23,SRF,37.47370147705078,48.27000045776367,50.380001068115234,48.0,50.0,1268145
2010-07-26,SRF,37.5280647277832,48.34000015258789,48.9900016784668,45.63999938964844,48.9900016784668,2199260
2010-07-27,SRF,38.31993103027344,49.36000061035156,51.20000076293945,47.81999969482422,49.599998474121094,645950
2010-07-28,SRF,37.54359436035156,48.36000061035156,49.689998626708984,48.20000076293945,49.20000076293945,744475
2010-07-29,SRF,37.39608383178711,48.16999816894531,48.79999923706055,48.0,48.099998474121094,431140
2010-07-30,SRF,37.20976638793945,47.93000030517578,48.75,46.79999923706055,46.900001525878906,466130
2010-08-02,SRF,37.497005462646484,48.29999923706055,48.9900016784668,48.0,48.5,522945
2010-08-03,SRF,37.97832489013672,48.91999816894531,49.20000076293945,48.400001525878906,48.400001525878906,611860
2010-08-04,SRF,37.93174743652344,48.86000061035156,49.20000076293945,48.70000076293945,48.70000076293945,464095
2010-08-05,SRF,37.94728088378906,48.880001068115234,49.20000076293945,48.70000076293945,49.0,623415
2010-08-06,SRF,38.242286682128906,49.2599983215332,49.91999816894531,48.400001525878906,48.400001525878906,706635
2010-08-09,SRF,39.11955642700195,50.38999938964844,50.689998626708984,48.5,48.5,1037310
2010-08-10,SRF,38.878875732421875,50.08000183105469,50.470001220703125,49.54999923706055,50.470001220703125,523390
2010-08-11,SRF,39.00310134887695,50.2400016784668,51.20000076293945,50.0,50.08000183105469,649705
2010-08-12,SRF,39.47666549682617,50.849998474121094,51.31999969482422,50.0,50.0,640700
2010-08-13,SRF,40.4005126953125,52.040000915527344,52.31999969482422,50.79999923706055,51.099998474121094,1588700
2010-08-16,SRF,40.26852798461914,51.869998931884766,53.459999084472656,51.63999938964844,52.38999938964844,819630
2010-08-17,SRF,41.09920883178711,52.939998626708984,53.2400016784668,52.20000076293945,52.38999938964844,642770
2010-08-18,SRF,42.43450927734375,54.65999984741211,54.79999923706055,53.20000076293945,53.79999923706055,1453995
2010-08-19,SRF,43.482547760009766,56.0099983215332,56.31999969482422,54.27000045776367,54.79999923706055,1294940
2010-08-20,SRF,43.10991287231445,55.529998779296875,55.880001068115234,54.84000015258789,55.400001525878906,414565
2010-08-23,SRF,41.712520599365234,53.72999954223633,56.060001373291016,53.45000076293945,55.599998474121094,499335
2010-08-24,SRF,43.82415008544922,56.45000076293945,59.79999923706055,53.599998474121094,54.25,4767965
2010-08-25,SRF,44.274410247802734,57.029998779296875,58.31999969482422,56.02000045776367,56.880001068115234,2320520
2010-08-26,SRF,44.1424446105957,56.86000061035156,57.97999954223633,56.41999816894531,57.41999816894531,732665
2010-08-27,SRF,42.085147857666016,54.209999084472656,57.18000030517578,53.79999923706055,56.400001525878906,694770
2010-08-30,SRF,41.80567169189453,53.849998474121094,56.0,53.599998474121094,55.099998474121094,639750
2010-08-31,SRF,41.02157211303711,52.84000015258789,54.599998474121094,51.599998474121094,54.599998474121094,807190
2010-09-01,SRF,43.72320556640625,56.31999969482422,56.7400016784668,53.119998931884766,53.36000061035156,1516265
2010-09-02,SRF,44.53837966918945,57.369998931884766,58.7400016784668,56.40999984741211,56.40999984741211,2014675
2010-09-03,SRF,44.2356071472168,56.97999954223633,57.7400016784668,56.119998931884766,57.7400016784668,513885
2010-09-06,SRF,45.53208541870117,58.650001525878906,59.13999938964844,56.79999923706055,57.119998931884766,1049645
2010-09-07,SRF,44.452964782714844,57.2599983215332,58.79999923706055,57.0099983215332,58.79999923706055,407085
2010-09-08,SRF,43.979408264160156,56.650001525878906,58.5,55.86000061035156,56.900001525878906,864765
2010-09-09,SRF,44.28994369506836,57.04999923706055,57.97999954223633,56.43000030517578,57.58000183105469,374525
2010-09-13,SRF,43.97163772583008,56.63999938964844,57.7400016784668,56.0,57.220001220703125,573070
2010-09-14,SRF,44.36758041381836,57.150001525878906,58.47999954223633,56.599998474121094,56.599998474121094,1129385
2010-09-15,SRF,43.878482818603516,56.52000045776367,57.58000183105469,54.79999923706055,56.63999938964844,712630
2010-09-16,SRF,43.3661003112793,55.86000061035156,57.0,55.439998626708984,56.52000045776367,472230
2010-09-17,SRF,43.451499938964844,55.970001220703125,57.0,55.619998931884766,55.86000061035156,831680
2010-09-20,SRF,44.336524963378906,57.11000061035156,57.66999816894531,56.0,56.599998474121094,1021180
2010-09-21,SRF,43.2341194152832,55.689998626708984,58.34000015258789,55.0,57.400001525878906,1377900
2010-09-22,SRF,42.085147857666016,54.209999084472656,56.779998779296875,53.79999923706055,56.15999984741211,944250
2010-09-23,SRF,41.79014587402344,53.83000183105469,55.20000076293945,53.5,54.7599983215332,997335
2010-09-24,SRF,42.450035095214844,54.68000030517578,55.20000076293945,53.599998474121094,54.0,1504185
2010-09-27,SRF,45.081809997558594,58.06999969482422,58.939998626708984,54.560001373291016,55.0,3072965
2010-09-28,SRF,45.167198181152344,58.18000030517578,59.0099983215332,57.20000076293945,58.599998474121094,1387440
2010-09-29,SRF,43.64558792114258,56.220001220703125,58.75,55.959999084472656,58.20000076293945,736685
2010-09-30,SRF,44.85667419433594,57.779998779296875,58.400001525878906,55.27000045776367,56.29999923706055,700525
2010-10-01,SRF,46.15315246582031,59.45000076293945,60.56999969482422,58.040000915527344,58.400001525878906,3040000
2010-10-04,SRF,46.75092697143555,60.220001220703125,60.599998474121094,59.400001525878906,60.0,876420
2010-10-05,SRF,48.606361389160156,62.61000061035156,63.84000015258789,59.619998931884766,60.41999816894531,2295510
2010-10-06,SRF,51.41669845581055,66.2300033569336,67.80000305175781,62.84000015258789,63.47999954223633,4221625
2010-10-07,SRF,52.40266036987305,67.5,68.95999908447266,65.08999633789062,66.87999725341797,2195815
2010-10-08,SRF,52.643314361572266,67.80999755859375,70.33999633789062,67.0,67.80000305175781,2539425
2010-10-11,SRF,52.860694885253906,68.08999633789062,69.77999877929688,67.5999984741211,68.54000091552734,1583115
2010-10-12,SRF,56.50169372558594,72.77999877929688,73.69000244140625,67.45999908447266,68.54000091552734,4165105
2010-10-13,SRF,58.031097412109375,74.75,76.30000305175781,73.19999694824219,73.19999694824219,4874105
2010-10-14,SRF,56.86659622192383,73.25,75.77999877929688,72.5199966430664,74.80000305175781,2394330
2010-10-15,SRF,55.73312759399414,71.79000091552734,74.68000030517578,71.2699966430664,73.58000183105469,1525435
2010-10-18,SRF,54.514278411865234,70.22000122070312,72.88999938964844,69.5999984741211,72.19999694824219,961780
2010-10-19,SRF,57.54975891113281,74.12999725341797,75.37999725341797,70.0999984741211,71.77999877929688,3043305
2010-10-20,SRF,55.21298599243164,71.12000274658203,74.19999694824219,70.41000366210938,74.0,1138650
2010-10-21,SRF,57.80594253540039,74.45999908447266,75.12999725341797,71.19999694824219,72.19999694824219,1510365
2010-10-22,SRF,59.3896598815918,76.5,77.58000183105469,74.7699966430664,75.18000030517578,2264240
2010-10-25,SRF,61.757484436035156,79.55000305175781,80.12000274658203,76.0,77.19999694824219,3001755
2010-10-26,SRF,62.36302185058594,80.33000183105469,81.29000091552734,77.19999694824219,80.0,4321705
2010-10-27,SRF,64.30389404296875,82.83000183105469,83.29000091552734,79.95999908447266,79.95999908447266,3805240
2010-10-28,SRF,62.60368728637695,80.63999938964844,83.5,80.0999984741211,83.4000015258789,1244450
2010-10-29,SRF,62.48725891113281,80.48999786376953,81.19999694824219,78.5,80.0,1473900
2010-11-01,SRF,64.82402038574219,83.5,84.77999877929688,81.4000015258789,81.80000305175781,2232735
2010-11-02,SRF,66.66372680664062,84.43000030517578,85.16999816894531,81.41000366210938,82.5999984741211,1710770
2010-11-03,SRF,67.5875244140625,85.5999984741211,87.79000091552734,84.25,85.5,1621320
2010-11-04,SRF,67.67438507080078,85.70999908447266,86.54000091552734,84.19999694824219,86.4000015258789,928365
2010-11-08,SRF,68.2586669921875,86.44999694824219,86.9000015258789,83.9800033569336,85.54000091552734,1187675
2010-11-09,SRF,68.74029541015625,87.05999755859375,88.80000305175781,85.0,86.44999694824219,997700
2010-11-10,SRF,67.45329284667969,85.43000030517578,87.86000061035156,85.05999755859375,87.5999984741211,551715
2010-11-11,SRF,66.07154846191406,83.68000030517578,86.69999694824219,82.23999786376953,85.4000015258789,787320
2010-11-12,SRF,61.784156799316406,78.25,84.48999786376953,77.4800033569336,83.97000122070312,1023155
2010-11-15,SRF,60.98668670654297,77.23999786376953,81.20999908447266,75.80000305175781,79.0,1901060
2010-11-16,SRF,57.80471420288086,73.20999908447266,78.0,72.23999786376953,77.4000015258789,1024830
2010-11-18,SRF,58.12054443359375,73.61000061035156,75.2300033569336,70.19999694824219,73.30999755859375,1195230
2010-11-19,SRF,57.2598991394043,72.5199966430664,75.4000015258789,72.0,72.98999786376953,605690
2010-11-22,SRF,57.528358459472656,72.86000061035156,73.95999908447266,71.0,72.88999938964844,568335
2010-11-23,SRF,57.97052764892578,73.41999816894531,74.80000305175781,69.45999908447266,72.0,906640
2010-11-24,SRF,57.47309112548828,72.79000091552734,75.9800033569336,71.80000305175781,74.0,1715880
2010-11-25,SRF,55.8939323425293,70.79000091552734,73.98999786376953,70.41000366210938,72.80000305175781,412435
2010-11-26,SRF,52.238216400146484,66.16000366210938,71.55999755859375,64.01000213623047,71.01000213623047,1019325
2010-11-29,SRF,51.796043395996094,65.5999984741211,68.73999786376953,65.0,67.16000366210938,816890
2010-11-30,SRF,51.51970291137695,65.25,67.0,64.81999969482422,65.4000015258789,861355
2010-12-01,SRF,54.4332389831543,68.94000244140625,69.54000091552734,65.58000183105469,65.58000183105469,941310
2010-12-02,SRF,57.18883514404297,72.43000030517578,72.9800033569336,69.58000183105469,69.58000183105469,1307055
2010-12-03,SRF,56.93619155883789,72.11000061035156,73.75,70.5199966430664,73.0999984741211,889160
2010-12-06,SRF,58.0337028503418,73.5,75.54000091552734,71.22000122070312,72.48999786376953,2056350
2010-12-07,SRF,53.10675048828125,67.26000213623047,74.5999984741211,61.599998474121094,73.9800033569336,4496740
2010-12-08,SRF,49.980037689208984,63.29999923706055,67.93000030517578,62.0,67.33000183105469,2178540
2010-12-09,SRF,46.07163619995117,58.349998474121094,64.94999694824219,57.560001373291016,64.94999694824219,2272465
2010-12-10,SRF,48.716705322265625,61.70000076293945,63.380001068115234,56.29999923706055,58.0,2225450
2010-12-13,SRF,52.52245330810547,66.5199966430664,67.55999755859375,61.79999923706055,62.939998626708984,1991415
2010-12-14,SRF,53.517330169677734,67.77999877929688,68.77999877929688,66.05000305175781,66.5999984741211,987305
2010-12-15,SRF,51.361778259277344,65.05000305175781,68.48999786376953,63.810001373291016,68.48999786376953,829925
2010-12-16,SRF,51.89080047607422,65.72000122070312,66.4000015258789,63.63999938964844,65.77999877929688,424525
2010-12-20,SRF,53.304141998291016,67.51000213623047,68.4000015258789,63.20000076293945,65.5999984741211,888410
2010-12-21,SRF,53.035682678222656,67.16999816894531,68.94000244140625,66.4000015258789,68.45999908447266,616565
2010-12-22,SRF,55.54652404785156,70.3499984741211,71.0,67.4000015258789,67.4000015258789,1122290
2010-12-23,SRF,56.470333099365234,71.5199966430664,72.19000244140625,70.5999984741211,71.0,956600
2010-12-24,SRF,56.0992431640625,71.05000305175781,71.80000305175781,69.80000305175781,70.20999908447266,411155
2010-12-27,SRF,56.97565841674805,72.16000366210938,73.4000015258789,71.19999694824219,71.19999694824219,1047075
2010-12-28,SRF,56.470333099365234,71.5199966430664,72.73999786376953,71.04000091552734,72.52999877929688,287190
2010-12-29,SRF,55.87813186645508,70.7699966430664,71.9800033569336,70.2300033569336,71.5999984741211,275105
2010-12-30,SRF,55.28596115112305,70.0199966430664,71.36000061035156,69.43000030517578,71.0,175845
2010-12-31,SRF,55.8228759765625,70.69999694824219,71.87999725341797,70.19999694824219,70.20999908447266,258185
2011-01-03,SRF,57.58362579345703,72.93000030517578,73.4000015258789,71.0,71.36000061035156,559200
2011-01-04,SRF,56.825653076171875,71.97000122070312,76.80000305175781,71.19000244140625,75.19999694824219,893355
2011-01-05,SRF,55.70442199707031,70.55000305175781,73.0,70.29000091552734,70.5999984741211,549360
2011-01-06,SRF,55.41230392456055,70.18000030517578,71.33999633789062,69.80000305175781,71.0,215285
2011-01-07,SRF,53.28834915161133,67.48999786376953,70.18000030517578,67.05000305175781,70.0,467925
2011-01-10,SRF,52.096099853515625,65.9800033569336,67.4000015258789,65.63999938964844,67.4000015258789,220625
2011-01-11,SRF,51.496002197265625,65.22000122070312,67.19999694824219,63.599998474121094,66.05000305175781,378655
2011-01-12,SRF,52.972511291503906,67.08999633789062,67.5199966430664,65.19999694824219,67.0,383360
2011-01-13,SRF,52.47508239746094,66.45999908447266,68.55999755859375,66.05999755859375,67.58999633789062,365145
2011-01-14,SRF,51.3065071105957,64.9800033569336,67.08000183105469,64.26000213623047,66.4000015258789,339785
2011-01-17,SRF,49.40364456176758,62.56999969482422,65.77999877929688,61.20000076293945,61.20000076293945,582495
2011-01-18,SRF,50.327449798583984,63.7400016784668,65.19000244140625,62.400001525878906,62.400001525878906,911295
2011-01-19,SRF,53.162025451660156,67.33000183105469,68.13999938964844,63.81999969482422,64.52999877929688,1217565
2011-01-20,SRF,56.0992431640625,71.05000305175781,73.94000244140625,66.0,67.0,8323150
2011-01-21,SRF,55.90182113647461,70.80000305175781,73.58000183105469,70.4000015258789,71.41000366210938,4580060
2011-01-24,SRF,55.52284240722656,70.31999969482422,71.33000183105469,70.0999984741211,71.0,719365
2011-01-25,SRF,54.670101165771484,69.23999786376953,70.7300033569336,68.4000015258789,69.01000213623047,479935
2011-01-27,SRF,54.27531814575195,68.73999786376953,70.4000015258789,68.4000015258789,69.23999786376953,476905
2011-01-28,SRF,51.65392303466797,65.41999816894531,68.94000244140625,64.44999694824219,68.4000015258789,598785
2011-01-31,SRF,51.985557556152344,65.83999633789062,66.91999816894531,61.599998474121094,64.0,885065
2011-02-01,SRF,50.46955871582031,63.91999816894531,66.73999786376953,63.04999923706055,66.0,461145
2011-02-02,SRF,50.4853515625,63.939998626708984,65.4000015258789,63.619998931884766,64.22000122070312,356550
2011-02-03,SRF,51.401268005371094,65.0999984741211,66.16000366210938,63.20000076293945,64.01000213623047,521045
2011-02-04,SRF,50.18531799316406,63.560001373291016,66.5,63.060001373291016,65.19999694824219,450890
2011-02-07,SRF,50.2642822265625,63.65999984741211,64.79000091552734,63.0,63.599998474121094,220420
2011-02-08,SRF,47.540245056152344,60.209999084472656,64.16999816894531,59.939998626708984,63.79999923706055,603035
2011-02-09,SRF,43.62397003173828,55.25,61.56999969482422,54.439998626708984,61.56999969482422,1423645
2011-02-10,SRF,44.96623611450195,56.95000076293945,57.58000183105469,54.790000915527344,55.20000076293945,544750
2011-02-11,SRF,45.98479461669922,58.2400016784668,58.939998626708984,55.36000061035156,55.369998931884766,317700
2011-02-14,SRF,49.719459533691406,62.970001220703125,63.459999084472656,58.599998474121094,58.599998474121094,861840
2011-02-15,SRF,48.94568634033203,61.9900016784668,64.0999984741211,61.029998779296875,63.20000076293945,472820
2011-02-16,SRF,49.80632400512695,63.08000183105469,63.959999084472656,61.61000061035156,61.61000061035156,394165
2011-02-17,SRF,49.301002502441406,62.439998626708984,63.599998474121094,61.79999923706055,62.79999923706055,417375
2011-02-18,SRF,48.10084915161133,60.91999816894531,63.33000183105469,60.61000061035156,63.09000015258789,578100
2011-02-21,SRF,49.2694091796875,62.400001525878906,63.58000183105469,59.04999923706055,61.400001525878906,441235
2011-02-22,SRF,50.08266830444336,63.43000030517578,64.4000015258789,61.599998474121094,61.599998474121094,605955
2011-02-23,SRF,50.319541931152344,63.72999954223633,65.69000244140625,63.27000045776367,64.0999984741211,792590
2011-02-24,SRF,50.1379508972168,63.5,65.18000030517578,63.0,64.20999908447266,667100
2011-02-25,SRF,49.964237213134766,63.279998779296875,64.5999984741211,62.0,64.26000213623047,346355
2011-02-28,SRF,48.51931381225586,61.45000076293945,65.68000030517578,60.79999923706055,64.25,859605
2011-03-01,SRF,50.34323501586914,63.7599983215332,64.11000061035156,61.540000915527344,61.540000915527344,757505
2011-03-03,SRF,51.99344253540039,65.8499984741211,66.62999725341797,62.060001373291016,63.79999923706055,1229680
2011-03-04,SRF,52.00151443481445,64.45999908447266,66.54000091552734,64.0199966430664,65.73999786376953,665440
2011-03-07,SRF,49.80723190307617,61.7400016784668,64.0,61.5,61.599998474121094,373320
2011-03-08,SRF,50.60588073730469,62.72999954223633,63.0,60.2400016784668,60.2400016784668,205625
2011-03-09,SRF,50.97696304321289,63.189998626708984,63.7599983215332,62.27000045776367,62.93000030517578,225210
2011-03-10,SRF,50.30738830566406,62.36000061035156,63.689998626708984,62.099998474121094,62.25,245545
2011-03-11,SRF,49.137638092041016,60.90999984741211,63.0,60.58000183105469,61.65999984741211,251045
2011-03-14,SRF,51.25126266479492,63.529998779296875,63.79999923706055,60.689998626708984,61.04999923706055,886770
2011-03-15,SRF,49.90403366088867,61.86000061035156,63.5,59.0,63.0,527710
2011-03-16,SRF,49.84756088256836,61.790000915527344,63.27000045776367,61.38999938964844,61.900001525878906,355805
2011-03-17,SRF,50.662349700927734,62.79999923706055,65.30000305175781,61.90999984741211,61.90999984741211,1504975
2011-03-18,SRF,50.0169563293457,62.0,63.70000076293945,61.650001525878906,61.81999969482422,346350
2011-03-21,SRF,49.984703063964844,61.959999084472656,62.900001525878906,61.68000030517578,62.209999084472656,284810
2011-03-22,SRF,49.912086486816406,61.869998931884766,62.900001525878906,61.650001525878906,61.83000183105469,189960
2011-03-23,SRF,50.61393356323242,62.7400016784668,63.779998779296875,61.599998474121094,61.599998474121094,425470
2011-03-24,SRF,50.39612579345703,62.470001220703125,63.36000061035156,62.040000915527344,62.31999969482422,233320
2011-03-25,SRF,50.436466217041016,62.52000045776367,63.2400016784668,62.400001525878906,63.2400016784668,283415
2011-03-28,SRF,50.759151458740234,62.91999816894531,63.81999969482422,62.400001525878906,62.400001525878906,299370
2011-03-29,SRF,50.30738830566406,62.36000061035156,63.5,62.20000076293945,62.619998931884766,254145
2011-03-30,SRF,51.63849639892578,64.01000213623047,64.19999694824219,62.61000061035156,62.61000061035156,497200
2011-03-31,SRF,51.39646911621094,63.709999084472656,64.80000305175781,63.38999938964844,63.599998474121094,242655
2011-04-01,SRF,51.83210372924805,64.25,64.4000015258789,63.43000030517578,63.810001373291016,274585
2011-04-04,SRF,58.19715881347656,72.13999938964844,72.9800033569336,64.5,64.5,3409955
2011-04-05,SRF,56.761192321777344,70.36000061035156,73.5199966430664,70.0,70.0,1732540
2011-04-06,SRF,55.930274963378906,69.33000183105469,71.27999877929688,69.0999984741211,70.4000015258789,819580
2011-04-07,SRF,56.03515625,69.45999908447266,70.16000366210938,67.19999694824219,67.19999694824219,371710
2011-04-08,SRF,55.62370681762695,68.94999694824219,69.95999908447266,64.80000305175781,64.80000305175781,566410
2011-04-11,SRF,55.889923095703125,69.27999877929688,71.77999877929688,68.30999755859375,70.19999694824219,440190
2011-04-13,SRF,55.938331604003906,69.33999633789062,70.80000305175781,68.44999694824219,68.44999694824219,397755
2011-04-15,SRF,56.68052291870117,70.26000213623047,70.80000305175781,68.66999816894531,69.13999938964844,472640
2011-04-18,SRF,56.34169387817383,69.83999633789062,71.4000015258789,69.62999725341797,70.33999633789062,283970
2011-04-19,SRF,55.930274963378906,69.33000183105469,70.19999694824219,68.83000183105469,69.44000244140625,218270
2011-04-20,SRF,56.22068405151367,69.69000244140625,70.4000015258789,69.30999755859375,69.61000061035156,245700
2011-04-21,SRF,55.36555862426758,68.62999725341797,70.4000015258789,68.05000305175781,69.2699966430664,284805
2011-04-25,SRF,55.55918502807617,68.87000274658203,69.5999984741211,68.5999984741211,69.30000305175781,163600
2011-04-26,SRF,56.11581802368164,69.55999755859375,70.80000305175781,67.5,68.80000305175781,489340
2011-04-27,SRF,55.067073822021484,68.26000213623047,70.55999755859375,68.08000183105469,69.02999877929688,207300
2011-04-28,SRF,54.841182708740234,67.9800033569336,68.95999908447266,67.61000061035156,68.95999908447266,269755
2011-04-29,SRF,53.913455963134766,66.83000183105469,68.7699966430664,66.0,67.6500015258789,193285
2011-05-02,SRF,53.421348571777344,66.22000122070312,68.16999816894531,65.8499984741211,67.5999984741211,166135
2011-05-03,SRF,52.41293716430664,64.97000122070312,67.26000213623047,64.5199966430664,65.72000122070312,228475
2011-05-04,SRF,53.227745056152344,65.9800033569336,66.66000366210938,64.43000030517578,65.0,384735
2011-05-05,SRF,52.76790237426758,65.41000366210938,66.19999694824219,64.8499984741211,66.19999694824219,200860
2011-05-06,SRF,53.79242706298828,66.68000030517578,67.30000305175781,65.19999694824219,65.69999694824219,273640
2011-05-09,SRF,53.68757247924805,66.55000305175781,67.5999984741211,66.08000183105469,67.19999694824219,390200
2011-05-10,SRF,52.18706130981445,64.69000244140625,67.4000015258789,64.5999984741211,67.0,496580
2011-05-11,SRF,51.63849639892578,64.01000213623047,65.38999938964844,63.0,64.91000366210938,316455
2011-05-12,SRF,50.83176803588867,63.0099983215332,64.0199966430664,62.599998474121094,64.0199966430664,299255
2011-05-13,SRF,50.83176803588867,63.0099983215332,63.7400016784668,62.119998931884766,62.119998931884766,239795
2011-05-16,SRF,50.00889587402344,61.9900016784668,63.560001373291016,61.599998474121094,62.599998474121094,376435
2011-05-17,SRF,49.33125305175781,61.150001525878906,62.40999984741211,61.0,61.52000045776367,261445
2011-05-18,SRF,49.944358825683594,61.90999984741211,62.400001525878906,61.0,61.0099983215332,274925
2011-05-19,SRF,49.27477264404297,61.08000183105469,62.47999954223633,60.720001220703125,62.47999954223633,233620
2011-05-20,SRF,49.80723190307617,61.7400016784668,62.099998474121094,60.79999923706055,61.400001525878906,158940
2011-05-23,SRF,49.41999435424805,61.2599983215332,61.630001068115234,60.599998474121094,61.06999969482422,150725
2011-05-24,SRF,48.96821975708008,60.70000076293945,61.29999923706055,60.40999984741211,61.20000076293945,194295
2011-05-25,SRF,48.863346099853516,60.56999969482422,60.91999816894531,60.20000076293945,60.91999816894531,197450
2011-05-26,SRF,48.52452850341797,60.150001525878906,60.9900016784668,60.0,60.619998931884766,192310
2011-05-27,SRF,48.605194091796875,60.25,61.0,60.0,60.20000076293945,173455
2011-05-30,SRF,48.903690338134766,60.619998931884766,61.18000030517578,60.189998626708984,60.599998474121094,105195
2011-05-31,SRF,50.54134750366211,62.650001525878906,63.7599983215332,60.79999923706055,60.79999923706055,360090
2011-06-01,SRF,50.16218185424805,62.18000030517578,63.29999923706055,61.79999923706055,62.599998474121094,168950
2011-06-02,SRF,49.83141326904297,61.77000045776367,62.31999969482422,61.0,61.0,110745
2011-06-03,SRF,49.895957946777344,61.849998474121094,62.790000915527344,61.20000076293945,62.20000076293945,156135
2011-06-06,SRF,49.702354431152344,61.61000061035156,62.20000076293945,61.220001220703125,61.79999923706055,73525
2011-06-07,SRF,50.00889587402344,61.9900016784668,62.54999923706055,61.45000076293945,62.0,132830
2011-06-08,SRF,49.710411071777344,61.619998931884766,62.599998474121094,61.0099983215332,61.0099983215332,139005
2011-06-09,SRF,49.31512451171875,61.130001068115234,62.0,61.02000045776367,61.599998474121094,184135
2011-06-10,SRF,49.500667572021484,61.36000061035156,62.560001373291016,61.0,61.029998779296875,204810
2011-06-13,SRF,49.557132720947266,61.43000030517578,61.79999923706055,61.029998779296875,61.20000076293945,88605
2011-06-14,SRF,49.52486038208008,61.38999938964844,61.97999954223633,61.220001220703125,61.400001525878906,95005
2011-06-15,SRF,49.41999435424805,61.2599983215332,63.0,60.900001525878906,61.400001525878906,441065
2011-06-16,SRF,47.70973205566406,59.13999938964844,61.7599983215332,58.619998931884766,61.20000076293945,567710
2011-06-17,SRF,47.47578048706055,58.849998474121094,59.939998626708984,58.41999816894531,58.41999816894531,180395
2011-06-20,SRF,46.039817810058594,57.06999969482422,59.54999923706055,56.84000015258789,59.0,209000
2011-06-21,SRF,45.70906066894531,56.65999984741211,58.45000076293945,56.41999816894531,57.599998474121094,212000
2011-06-22,SRF,44.54737854003906,55.220001220703125,57.20000076293945,55.20000076293945,57.20000076293945,273350
2011-06-23,SRF,44.13594436645508,54.709999084472656,55.599998474121094,53.79999923706055,55.369998931884766,446475
2011-06-24,SRF,45.636444091796875,56.56999969482422,56.79999923706055,54.79999923706055,54.79999923706055,184665
2011-06-27,SRF,46.31409454345703,57.40999984741211,58.400001525878906,54.79999923706055,54.79999923706055,196590
2011-06-28,SRF,46.717464447021484,57.90999984741211,59.599998474121094,57.459999084472656,59.599998474121094,197330
2011-06-29,SRF,46.967552185058594,58.220001220703125,58.70000076293945,57.650001525878906,57.650001525878906,149700
2011-06-30,SRF,46.088218688964844,57.130001068115234,58.81999969482422,56.63999938964844,57.81999969482422,309590
2011-07-01,SRF,48.93595886230469,60.65999984741211,61.349998474121094,58.0,58.79999923706055,996685
2011-07-04,SRF,49.35545349121094,61.18000030517578,61.79999923706055,60.0,60.65999984741211,258690
2011-07-05,SRF,50.16218185424805,62.18000030517578,62.880001068115234,60.630001068115234,61.599998474121094,406560
2011-07-06,SRF,49.84756088256836,61.790000915527344,62.36000061035156,61.52000045776367,62.0,229570
2011-07-07,SRF,50.05730438232422,62.04999923706055,62.720001220703125,61.65999984741211,62.0,138235
2011-07-08,SRF,49.87176513671875,61.81999969482422,62.7599983215332,61.0,62.689998626708984,230115
2011-07-11,SRF,49.88788986206055,61.84000015258789,62.439998626708984,61.029998779296875,62.439998626708984,72250
2011-07-12,SRF,49.089237213134766,60.849998474121094,62.0,60.290000915527344,61.75,240210
2011-07-13,SRF,49.21830749511719,61.0099983215332,62.20000076293945,60.439998626708984,61.20000076293945,290500
2011-07-14,SRF,49.19410705566406,60.97999954223633,61.599998474121094,60.66999816894531,61.0099983215332,165465
2011-07-15,SRF,49.12957763671875,60.900001525878906,61.939998626708984,60.45000076293945,60.45000076293945,211695
2011-07-18,SRF,49.41192626953125,61.25,62.0,60.630001068115234,62.0,97125
2011-07-19,SRF,51.6788215637207,64.05999755859375,64.9000015258789,61.029998779296875,61.400001525878906,1109620
2011-07-20,SRF,51.735294342041016,64.12999725341797,65.4800033569336,63.79999923706055,64.61000061035156,578930
2011-07-21,SRF,51.711090087890625,64.0999984741211,66.08000183105469,62.86000061035156,64.0,508685
2011-07-22,SRF,51.67076110839844,64.05000305175781,64.9800033569336,63.400001525878906,63.400001525878906,137240
2011-07-25,SRF,51.55781555175781,63.90999984741211,64.80000305175781,63.599998474121094,64.27999877929688,183755
2011-07-26,SRF,51.549739837646484,63.900001525878906,65.77999877929688,63.70000076293945,64.5999984741211,273975
2011-07-27,SRF,52.033782958984375,64.5,65.33999633789062,63.599998474121094,64.01000213623047,351010
2011-07-28,SRF,51.565879821777344,63.91999816894531,64.73999786376953,63.529998779296875,64.0,232100
2011-07-29,SRF,51.42066955566406,63.7400016784668,65.73999786376953,63.52000045776367,64.56999969482422,496085
2011-08-01,SRF,50.83176803588867,63.0099983215332,64.19000244140625,62.400001525878906,63.400001525878906,295060
2011-08-02,SRF,50.81563186645508,62.9900016784668,63.869998931884766,62.29999923706055,62.599998474121094,177505
2011-08-03,SRF,50.37999725341797,62.45000076293945,64.12999725341797,61.720001220703125,64.12999725341797,160345
2011-08-04,SRF,50.51713943481445,62.619998931884766,63.20000076293945,62.20000076293945,62.20000076293945,164305
2011-08-05,SRF,50.089576721191406,62.09000015258789,62.900001525878906,60.08000183105469,61.0,551040
2011-08-08,SRF,49.62166976928711,61.5099983215332,62.349998474121094,60.0,60.79999923706055,465195
2011-08-09,SRF,48.903690338134766,60.619998931884766,61.209999084472656,59.02000045776367,60.08000183105469,352965
2011-08-10,SRF,49.024696350097656,60.77000045776367,62.0,60.33000183105469,61.0,187065
2011-08-11,SRF,48.38738250732422,59.97999954223633,61.58000183105469,59.54999923706055,60.52000045776367,175305
2011-08-12,SRF,48.2421760559082,59.79999923706055,61.130001068115234,58.83000183105469,60.70000076293945,274965
2011-08-16,SRF,48.693939208984375,60.36000061035156,61.20000076293945,59.0099983215332,60.400001525878906,195465
2011-08-17,SRF,48.38738250732422,59.97999954223633,60.599998474121094,59.27000045776367,59.27000045776367,137230
2011-08-18,SRF,47.532249450683594,58.91999816894531,60.779998779296875,58.0,59.79999923706055,171775
2011-08-19,SRF,46.91915512084961,58.15999984741211,59.20000076293945,56.599998474121094,57.0,405400
2011-08-22,SRF,47.112754821777344,58.400001525878906,59.779998779296875,57.040000915527344,58.400001525878906,115785
2011-08-23,SRF,47.79846954345703,59.25,61.560001373291016,58.630001068115234,58.849998474121094,756680
2011-08-24,SRF,47.846885681152344,59.310001373291016,60.29999923706055,58.650001525878906,59.599998474121094,151665
2011-08-25,SRF,47.93561553955078,59.41999816894531,60.31999969482422,58.599998474121094,59.5099983215332,617790
2011-08-26,SRF,48.21797180175781,59.77000045776367,60.08000183105469,58.77000045776367,58.900001525878906,299090
2011-08-29,SRF,48.161502838134766,59.70000076293945,60.36000061035156,59.599998474121094,60.20000076293945,75645
2011-08-30,SRF,48.43579864501953,60.040000915527344,60.79999923706055,59.619998931884766,59.86000061035156,257405
2011-09-02,SRF,48.411582946777344,60.0099983215332,61.0,59.65999984741211,59.68000030517578,179020
2011-09-05,SRF,48.76654815673828,60.45000076293945,61.189998626708984,59.599998474121094,59.599998474121094,121480
2011-09-06,SRF,48.83108139038086,60.529998779296875,61.0,59.630001068115234,59.70000076293945,233415
2011-09-07,SRF,48.8068733215332,60.5,61.0,60.0,60.0,76650
2011-09-08,SRF,49.54906463623047,61.41999816894531,62.529998779296875,59.81999969482422,59.81999969482422,233110
2011-09-09,SRF,49.46839141845703,61.31999969482422,62.20000076293945,60.689998626708984,62.0,173490
2011-09-12,SRF,49.10536575317383,60.869998931884766,61.20000076293945,60.20000076293945,61.04999923706055,142575
2011-09-13,SRF,49.912086486816406,61.869998931884766,62.400001525878906,60.560001373291016,60.560001373291016,201950
2011-09-14,SRF,49.67007827758789,61.56999969482422,62.599998474121094,61.34000015258789,62.58000183105469,93620
2011-09-15,SRF,49.68620681762695,61.59000015258789,62.150001525878906,61.06999969482422,61.599998474121094,82665
2011-09-16,SRF,49.86368942260742,61.810001373291016,62.20000076293945,61.0,61.220001220703125,195480
2011-09-19,SRF,50.78335189819336,62.95000076293945,64.9000015258789,61.599998474121094,61.599998474121094,1054500
2011-09-20,SRF,50.25897979736328,62.29999923706055,63.689998626708984,62.029998779296875,63.02000045776367,134150
2011-09-21,SRF,51.4932746887207,63.83000183105469,64.16000366210938,61.81999969482422,62.349998474121094,487440
2011-09-22,SRF,50.92050552368164,63.119998931884766,63.400001525878906,62.20000076293945,62.470001220703125,483095
2011-09-23,SRF,50.79948806762695,62.970001220703125,64.80000305175781,62.400001525878906,62.400001525878906,421985
2011-09-26,SRF,49.96049880981445,61.93000030517578,63.38999938964844,61.0,62.7400016784668,235200
2011-09-27,SRF,50.226715087890625,62.2599983215332,62.79999923706055,62.0,62.0,119945
2011-09-28,SRF,49.62166976928711,61.5099983215332,64.19000244140625,61.08000183105469,62.79999923706055,519290
2011-09-29,SRF,49.92822265625,61.88999938964844,62.150001525878906,60.83000183105469,60.83000183105469,194095
2011-09-30,SRF,50.081512451171875,62.08000183105469,62.400001525878906,61.400001525878906,61.56999969482422,92615
2011-10-03,SRF,48.322853088378906,59.900001525878906,61.79999923706055,59.599998474121094,61.45000076293945,363190
2011-10-04,SRF,48.40352249145508,60.0,60.790000915527344,59.599998474121094,59.90999984741211,138750
2011-10-05,SRF,47.580657958984375,58.97999954223633,60.72999954223633,58.02000045776367,60.02000045776367,256685
2011-10-07,SRF,47.52417755126953,58.90999984741211,61.91999816894531,58.599998474121094,60.599998474121094,173475
2011-10-10,SRF,47.54838180541992,58.939998626708984,59.79999923706055,58.47999954223633,58.47999954223633,110145
2011-10-11,SRF,47.8710823059082,59.34000015258789,60.16999816894531,59.11000061035156,59.15999984741211,63290
2011-10-12,SRF,48.451927185058594,60.060001373291016,60.400001525878906,59.02000045776367,59.02000045776367,79690
2011-10-13,SRF,48.57292175292969,60.209999084472656,60.540000915527344,59.810001373291016,59.810001373291016,271220
2011-10-14,SRF,48.57292175292969,60.209999084472656,60.5,59.709999084472656,59.709999084472656,147900
2011-10-17,SRF,48.710086822509766,60.380001068115234,60.79999923706055,59.220001220703125,60.209999084472656,231570
2011-10-18,SRF,48.31476974487305,59.88999938964844,60.27000045776367,59.20000076293945,59.459999084472656,165200
2011-10-19,SRF,48.39545440673828,59.9900016784668,60.400001525878906,59.45000076293945,60.20000076293945,98350
2011-10-20,SRF,48.451927185058594,60.060001373291016,60.29999923706055,59.209999084472656,59.209999084472656,70090
2011-10-21,SRF,48.44386672973633,60.04999923706055,60.290000915527344,59.65999984741211,60.290000915527344,68700
2011-10-24,SRF,48.66974639892578,60.33000183105469,61.0,59.2400016784668,60.209999084472656,139965
2011-10-25,SRF,48.66974639892578,60.33000183105469,60.75,59.630001068115234,59.86000061035156,118525
2011-10-28,SRF,48.48418045043945,60.099998474121094,60.9900016784668,60.0,60.220001220703125,115105
2011-10-31,SRF,49.1779670715332,60.959999084472656,61.540000915527344,59.27000045776367,60.04999923706055,236955
2011-11-01,SRF,49.33125305175781,61.150001525878906,61.77000045776367,60.70000076293945,60.959999084472656,168430
2011-11-02,SRF,50.0250358581543,62.0099983215332,62.38999938964844,60.970001220703125,60.970001220703125,248350
2011-11-03,SRF,49.80723190307617,61.7400016784668,62.36000061035156,61.45000076293945,61.4900016784668,83290
2011-11-04,SRF,49.74266815185547,61.65999984741211,62.11000061035156,60.61000061035156,61.61000061035156,182855
2011-11-08,SRF,50.089576721191406,62.09000015258789,62.79999923706055,61.459999084472656,62.209999084472656,371075
2011-11-09,SRF,50.05730438232422,62.04999923706055,63.0,61.83000183105469,62.79999923706055,177060
2011-11-11,SRF,50.000831604003906,61.97999954223633,62.52000045776367,61.439998626708984,61.439998626708984,252255
2011-11-14,SRF,50.03309631347656,62.02000045776367,62.7599983215332,61.0099983215332,62.0,1170270
2011-11-15,SRF,50.00889587402344,61.9900016784668,62.560001373291016,61.619998931884766,62.400001525878906,708320
2011-11-16,SRF,49.62972640991211,61.52000045776367,62.060001373291016,59.599998474121094,61.79999923706055,493715
2011-11-17,SRF,50.0169563293457,62.0,62.20000076293945,59.599998474121094,61.400001525878906,675435
2011-11-18,SRF,49.11344528198242,60.880001068115234,61.7400016784668,60.310001373291016,61.7400016784668,655610
2011-11-21,SRF,47.76620101928711,59.209999084472656,61.5,58.810001373291016,60.79999923706055,280520
2011-11-22,SRF,48.32806396484375,58.4900016784668,58.7599983215332,56.70000076293945,58.7599983215332,339035
2011-11-23,SRF,48.856876373291016,59.130001068115234,59.400001525878906,57.63999938964844,58.0,216705
2011-11-24,SRF,48.30326461791992,58.459999084472656,58.79999923706055,57.209999084472656,58.599998474121094,238340
2011-11-25,SRF,48.014076232910156,58.11000061035156,59.38999938964844,57.720001220703125,57.7599983215332,146710
2011-11-28,SRF,48.22064971923828,58.36000061035156,59.29999923706055,57.02000045776367,58.619998931884766,69840
2011-11-29,SRF,48.63378143310547,58.86000061035156,59.20000076293945,58.31999969482422,58.5099983215332,98725
2011-11-30,SRF,48.62551498413086,58.849998474121094,59.20000076293945,58.04999923706055,58.04999923706055,66015
2011-12-01,SRF,49.16258239746094,59.5,59.970001220703125,59.099998474121094,59.79999923706055,438515
2011-12-02,SRF,48.74119567871094,58.9900016784668,59.29999923706055,58.599998474121094,58.79999923706055,1391185
2011-12-05,SRF,48.823822021484375,59.09000015258789,60.560001373291016,58.849998474121094,59.619998931884766,103850
2011-12-07,SRF,48.17933654785156,58.310001373291016,59.79999923706055,58.2400016784668,59.79999923706055,68555
2011-12-08,SRF,48.311527252197266,58.470001220703125,66.4800033569336,54.099998474121094,57.599998474121094,819230
2011-12-09,SRF,45.82448959350586,55.459999084472656,57.59000015258789,55.099998474121094,57.59000015258789,186365
2011-12-12,SRF,44.81643295288086,54.2400016784668,56.47999954223633,54.0,55.61000061035156,121525
2011-12-13,SRF,44.38679122924805,53.720001220703125,54.439998626708984,53.16999816894531,54.060001373291016,128270
2011-12-14,SRF,43.709266662597656,52.900001525878906,54.15999984741211,52.619998931884766,53.599998474121094,66175
2011-12-15,SRF,42.081520080566406,50.93000030517578,52.79999923706055,50.599998474121094,52.79999923706055,192630
2011-12-16,SRF,41.131324768066406,49.779998779296875,51.97999954223633,49.41999816894531,51.97999954223633,161895
2011-12-19,SRF,39.189605712890625,47.43000030517578,50.20000076293945,46.88999938964844,50.20000076293945,363865
2011-12-20,SRF,38.602962493896484,46.720001220703125,48.0,46.099998474121094,47.630001068115234,208820
2011-12-21,SRF,38.84257507324219,47.0099983215332,47.79999923706055,46.400001525878906,46.720001220703125,204990
2011-12-22,SRF,38.90867233276367,47.09000015258789,47.79999923706055,46.29999923706055,47.599998474121094,115175
2011-12-23,SRF,40.073707580566406,48.5,49.18000030517578,47.0,47.0,104480
2011-12-26,SRF,39.66884231567383,48.0099983215332,49.279998779296875,47.0,48.5,163530
2011-12-27,SRF,39.60273742675781,47.93000030517578,48.66999816894531,47.79999923706055,47.86000061035156,44385
2011-12-28,SRF,39.644039154052734,47.97999954223633,48.20000076293945,47.380001068115234,48.0,71815
2011-12-29,SRF,39.65231704711914,47.9900016784668,48.369998931884766,47.400001525878906,48.0099983215332,33830
2011-12-30,SRF,39.495323181152344,47.79999923706055,48.38999938964844,47.400001525878906,47.5,165235
2012-01-02,SRF,41.83363723754883,50.630001068115234,51.47999954223633,47.0,47.41999816894531,226930
2012-01-03,SRF,43.411808013916016,52.540000915527344,53.099998474121094,50.2400016784668,51.0,211010
2012-01-04,SRF,42.519439697265625,51.459999084472656,53.18000030517578,51.209999084472656,51.29999923706055,66265
2012-01-05,SRF,42.23851013183594,51.119998931884766,52.400001525878906,50.79999923706055,51.61000061035156,36505
2012-01-06,SRF,41.800601959228516,50.59000015258789,51.66999816894531,50.400001525878906,50.5,93160
2012-01-09,SRF,42.16413879394531,51.029998779296875,51.88999938964844,50.630001068115234,51.0099983215332,65725
2012-01-10,SRF,43.72577667236328,52.91999816894531,53.099998474121094,51.29999923706055,51.400001525878906,76900
2012-01-11,SRF,43.2961311340332,52.400001525878906,53.27000045776367,52.0,53.0099983215332,75090
2012-01-12,SRF,42.99867248535156,52.040000915527344,52.70000076293945,51.400001525878906,52.0,91445
2012-01-13,SRF,43.85797882080078,53.08000183105469,53.9900016784668,52.0099983215332,52.970001220703125,177690
2012-01-16,SRF,43.37875747680664,52.5,53.0,51.31999969482422,51.79999923706055,52145
2012-01-17,SRF,43.932350158691406,53.16999816894531,53.5,52.0,52.0,127965
2012-01-18,SRF,43.775360107421875,52.97999954223633,53.400001525878906,52.52000045776367,52.689998626708984,139150
2012-01-19,SRF,43.948875427246094,53.189998626708984,53.59000015258789,52.709999084472656,53.0,269175
2012-01-20,SRF,43.95713424682617,53.20000076293945,53.599998474121094,52.79999923706055,53.0,437220
2012-01-23,SRF,43.948875427246094,53.189998626708984,53.97999954223633,53.0099983215332,53.20000076293945,383285
2012-01-24,SRF,43.89103698730469,53.119998931884766,54.27000045776367,52.400001525878906,53.189998626708984,428275
2012-01-25,SRF,43.88277053833008,53.11000061035156,53.38999938964844,53.0,53.0,139930
2012-01-27,SRF,44.9073371887207,54.349998474121094,55.599998474121094,53.400001525878906,53.599998474121094,215560
2012-01-30,SRF,44.4281005859375,53.77000045776367,55.400001525878906,53.599998474121094,55.0,136395
2012-01-31,SRF,44.890811920166016,54.33000183105469,54.63999938964844,53.61000061035156,53.720001220703125,69340
2012-02-01,SRF,44.403316497802734,53.7400016784668,54.790000915527344,53.43000030517578,54.790000915527344,155550
2012-02-02,SRF,44.362003326416016,53.689998626708984,54.77000045776367,53.41999816894531,54.709999084472656,170475
2012-02-03,SRF,44.1637077331543,53.45000076293945,54.560001373291016,53.29999923706055,54.13999938964844,321055
2012-02-06,SRF,44.27937316894531,53.59000015258789,54.9900016784668,53.209999084472656,54.9900016784668,459765
2012-02-07,SRF,44.10586929321289,53.380001068115234,54.34000015258789,53.150001525878906,53.619998931884766,550695
2012-02-08,SRF,43.98192596435547,53.22999954223633,53.95000076293945,53.0,53.95000076293945,460055
2012-02-09,SRF,43.3209228515625,52.43000030517578,53.79999923706055,52.29999923706055,53.79999923706055,728200
2012-02-10,SRF,42.13935470581055,51.0,53.209999084472656,50.79999923706055,53.209999084472656,626595
2012-02-13,SRF,41.62708282470703,50.380001068115234,51.79999923706055,50.0,51.599998474121094,595520
2012-02-14,SRF,43.5605354309082,52.720001220703125,53.15999984741211,50.369998931884766,50.369998931884766,611500
2012-02-15,SRF,44.700782775878906,54.099998474121094,54.97999954223633,53.119998931884766,53.7400016784668,753375
2012-02-16,SRF,48.29501724243164,58.45000076293945,59.31999969482422,54.38999938964844,54.38999938964844,2247750
2012-02-17,SRF,47.94798278808594,58.029998779296875,60.20000076293945,58.0,58.70000076293945,744570
2012-02-21,SRF,49.864906311035156,60.349998474121094,60.58000183105469,58.459999084472656,58.68000030517578,590920
2012-02-22,SRF,48.451995849609375,58.63999938964844,60.79999923706055,58.209999084472656,60.20000076293945,506610
2012-02-23,SRF,47.986446380615234,56.689998626708984,57.9900016784668,56.220001220703125,57.9900016784668,239395
2012-02-24,SRF,46.08188247680664,54.439998626708984,57.189998626708984,54.2400016784668,56.75,342985
2012-02-27,SRF,44.68519592285156,52.790000915527344,54.45000076293945,52.400001525878906,54.45000076293945,183835
2012-02-28,SRF,45.68404006958008,53.970001220703125,54.5,52.84000015258789,53.400001525878906,135315
2012-02-29,SRF,45.311588287353516,53.529998779296875,55.540000915527344,52.79999923706055,54.5,276115
2012-03-01,SRF,45.06612014770508,53.2400016784668,54.119998931884766,52.7599983215332,53.599998474121094,139565
2012-03-02,SRF,45.25232696533203,53.459999084472656,55.0,53.02000045776367,53.599998474121094,149685
2012-03-05,SRF,45.04072570800781,53.209999084472656,54.13999938964844,53.0,54.13999938964844,60585
2012-03-06,SRF,44.83756637573242,52.970001220703125,54.0,52.689998626708984,53.02000045776367,51735
2012-03-07,SRF,44.21117401123047,52.22999954223633,53.0,52.0,52.599998474121094,65330
2012-03-09,SRF,44.99839401245117,53.15999984741211,53.599998474121094,52.400001525878906,52.400001525878906,134545
2012-03-12,SRF,45.167686462402344,53.36000061035156,53.779998779296875,53.099998474121094,53.20000076293945,79190
2012-03-13,SRF,45.311588287353516,53.529998779296875,54.13999938964844,53.400001525878906,53.59000015258789,86250
2012-03-14,SRF,45.320068359375,53.540000915527344,54.5,53.43000030517578,53.97999954223633,104620
2012-03-15,SRF,44.87989044189453,53.02000045776367,53.869998931884766,52.900001525878906,53.70000076293945,52180
2012-03-16,SRF,43.87259292602539,51.83000183105469,53.599998474121094,51.279998779296875,52.86000061035156,171790
2012-03-19,SRF,44.06727981567383,52.060001373291016,52.599998474121094,50.599998474121094,52.099998474121094,87695
2012-03-20,SRF,43.90644836425781,51.869998931884766,52.47999954223633,51.61000061035156,52.47999954223633,98690
2012-03-21,SRF,43.957244873046875,51.93000030517578,52.29999923706055,51.75,52.20000076293945,107075
2012-03-22,SRF,43.8387336730957,51.790000915527344,52.79999923706055,51.65999984741211,52.0,143040
2012-03-23,SRF,42.56056213378906,50.279998779296875,52.310001373291016,49.810001373291016,51.61000061035156,648830
2012-03-26,SRF,42.6282844543457,50.36000061035156,51.63999938964844,50.0,51.63999938964844,114400
2012-03-27,SRF,42.315093994140625,49.9900016784668,50.91999816894531,49.599998474121094,50.400001525878906,145450
2012-03-28,SRF,41.98495101928711,49.599998474121094,50.79999923706055,49.099998474121094,50.0,105145
2012-03-29,SRF,41.96803665161133,49.58000183105469,50.18000030517578,49.040000915527344,49.040000915527344,35010
2012-03-30,SRF,41.93417739868164,49.540000915527344,50.439998626708984,49.20000076293945,49.310001373291016,134950
2012-04-02,SRF,42.619815826416016,50.349998474121094,50.560001373291016,50.04999923706055,50.560001373291016,126770
2012-04-03,SRF,42.484378814697266,50.189998626708984,51.20000076293945,50.0,50.36000061035156,253700
2012-04-04,SRF,42.34048080444336,50.02000045776367,50.400001525878906,49.900001525878906,50.119998931884766,228350
2012-04-09,SRF,42.05268096923828,49.68000030517578,50.59000015258789,49.400001525878906,50.0099983215332,307965
2012-04-10,SRF,41.76487731933594,49.34000015258789,50.06999969482422,49.06999969482422,49.79999923706055,230765
2012-04-11,SRF,40.630611419677734,48.0,49.380001068115234,47.900001525878906,49.0,289005
2012-04-12,SRF,40.706783294677734,48.09000015258789,48.619998931884766,47.869998931884766,48.220001220703125,276410
2012-04-13,SRF,39.970359802246094,47.220001220703125,48.400001525878906,47.02000045776367,48.20000076293945,340780
2012-04-16,SRF,39.58097839355469,46.7599983215332,47.900001525878906,46.439998626708984,47.040000915527344,484220
2012-04-17,SRF,39.63177490234375,46.81999969482422,48.15999984741211,46.5,46.810001373291016,6430405
2012-04-18,SRF,40.94380187988281,48.369998931884766,49.7599983215332,47.0099983215332,47.31999969482422,1480665
2012-04-19,SRF,41.14695739746094,48.61000061035156,49.900001525878906,48.41999816894531,49.380001068115234,581580
2012-04-20,SRF,40.43592071533203,47.77000045776367,49.0,47.470001220703125,48.2400016784668,302245
2012-04-23,SRF,40.30049133300781,47.61000061035156,49.099998474121094,47.29999923706055,48.0,221720
2012-04-24,SRF,40.43592071533203,47.77000045776367,48.58000183105469,47.20000076293945,48.0,150650
2012-04-25,SRF,39.80106735229492,47.02000045776367,48.0,46.79999923706055,47.79999923706055,147740
2012-04-26,SRF,39.70795822143555,46.90999984741211,47.650001525878906,46.79999923706055,47.209999084472656,117070
2012-04-27,SRF,39.93650817871094,47.18000030517578,47.599998474121094,46.5,47.0,122480
2012-04-30,SRF,40.452842712402344,47.790000915527344,48.15999984741211,46.599998474121094,47.7599983215332,92595
2012-05-02,SRF,39.259334564208984,46.380001068115234,47.20000076293945,46.209999084472656,47.040000915527344,262880
2012-05-03,SRF,38.54829025268555,45.540000915527344,46.68000030517578,45.0,46.36000061035156,170015
2012-05-04,SRF,37.540985107421875,44.349998474121094,45.41999816894531,44.20000076293945,45.41999816894531,142615
2012-05-07,SRF,36.694515228271484,43.349998474121094,44.400001525878906,42.47999954223633,44.29999923706055,275910
2012-05-08,SRF,37.540985107421875,44.349998474121094,45.18000030517578,43.20000076293945,43.20000076293945,144080
2012-05-09,SRF,36.525230407714844,43.150001525878906,44.97999954223633,42.599998474121094,43.599998474121094,328890
2012-05-10,SRF,36.50829315185547,43.130001068115234,43.75,43.0099983215332,43.599998474121094,111505
2012-05-11,SRF,35.873443603515625,42.380001068115234,43.20000076293945,42.220001220703125,43.20000076293945,97800
2012-05-14,SRF,36.482887268066406,43.099998474121094,43.349998474121094,42.619998931884766,42.79999923706055,180950
2012-05-15,SRF,35.814186096191406,42.310001373291016,43.0,42.220001220703125,42.79999923706055,182905
2012-05-16,SRF,35.63642883300781,42.099998474121094,42.310001373291016,41.63999938964844,42.310001373291016,98970
2012-05-17,SRF,35.56871795654297,42.02000045776367,42.400001525878906,41.849998474121094,42.380001068115234,151930
2012-05-18,SRF,35.55178451538086,42.0,42.189998626708984,41.41999816894531,41.880001068115234,149975
2012-05-21,SRF,35.509456634521484,41.95000076293945,43.91999816894531,41.61000061035156,43.91999816894531,141870
2012-05-22,SRF,35.33169937133789,41.7400016784668,42.349998474121094,41.70000076293945,42.0,173900
2012-05-23,SRF,35.40788269042969,41.83000183105469,42.099998474121094,41.599998474121094,41.630001068115234,60435
2012-05-24,SRF,35.23011779785156,41.619998931884766,42.0,41.40999984741211,42.0,86940
2012-05-25,SRF,35.543312072753906,41.9900016784668,42.470001220703125,41.41999816894531,42.0,169380
2012-05-28,SRF,35.58564376831055,42.040000915527344,42.59000015258789,41.70000076293945,42.59000015258789,106385
2012-05-29,SRF,35.50099563598633,41.939998626708984,42.16999816894531,41.810001373291016,42.16999816894531,86390
2012-05-30,SRF,35.34015655517578,41.75,42.099998474121094,41.630001068115234,41.689998626708984,90035
2012-05-31,SRF,35.70415115356445,42.18000030517578,42.70000076293945,41.380001068115234,41.400001525878906,52450
2012-06-01,SRF,35.48405075073242,41.91999816894531,43.0,41.79999923706055,42.0,84995
2012-06-04,SRF,35.010047912597656,41.36000061035156,41.63999938964844,41.209999084472656,41.63999938964844,57485
2012-06-05,SRF,35.16240310668945,41.540000915527344,41.790000915527344,41.22999954223633,41.720001220703125,143630
2012-06-06,SRF,35.35708236694336,41.77000045776367,42.34000015258789,41.400001525878906,41.400001525878906,80950
2012-06-07,SRF,34.806884765625,41.119998931884766,41.79999923706055,40.79999923706055,41.599998474121094,393360
2012-06-08,SRF,35.374019622802734,41.790000915527344,42.20000076293945,41.029998779296875,41.20000076293945,100380
2012-06-11,SRF,35.13700485229492,41.5099983215332,42.0,41.439998626708984,42.0,149050
2012-06-12,SRF,34.89999771118164,41.22999954223633,41.939998626708984,41.02000045776367,41.939998626708984,150255
2012-06-13,SRF,34.86613845825195,41.189998626708984,41.5,41.02000045776367,41.400001525878906,255020
2012-06-14,SRF,34.4090461730957,40.650001525878906,41.900001525878906,39.06999969482422,41.900001525878906,163015
2012-06-15,SRF,34.39211654663086,40.630001068115234,41.0,40.599998474121094,40.720001220703125,151790
2012-06-18,SRF,33.875770568847656,40.02000045776367,41.0,39.900001525878906,40.79999923706055,183100
2012-06-19,SRF,33.816524505615234,39.95000076293945,40.13999938964844,39.599998474121094,40.02000045776367,171140
2012-06-20,SRF,33.765724182128906,39.88999938964844,40.13999938964844,39.400001525878906,39.540000915527344,222100
2012-06-21,SRF,33.867305755615234,40.0099983215332,40.33000183105469,39.52000045776367,39.52000045776367,128830
2012-06-22,SRF,34.011192321777344,40.18000030517578,41.20000076293945,39.400001525878906,39.9900016784668,174040
2012-06-25,SRF,34.01966857910156,40.189998626708984,41.689998626708984,40.029998779296875,40.400001525878906,432120
2012-06-26,SRF,33.90962600708008,40.060001373291016,40.720001220703125,39.90999984741211,40.400001525878906,229830
2012-06-27,SRF,33.79957962036133,39.93000030517578,40.560001373291016,39.900001525878906,40.0,204085
2012-06-28,SRF,34.65451431274414,40.939998626708984,41.20000076293945,40.040000915527344,40.18000030517578,122730
2012-06-29,SRF,34.916934967041016,41.25,41.599998474121094,41.029998779296875,41.20000076293945,118585
2012-07-02,SRF,35.11161804199219,41.47999954223633,42.15999984741211,41.25,41.599998474121094,174425
2012-07-03,SRF,35.814186096191406,42.310001373291016,42.400001525878906,41.400001525878906,42.20000076293945,146260
2012-07-04,SRF,36.93999481201172,43.63999938964844,43.79999923706055,42.400001525878906,42.400001525878906,238450
2012-07-05,SRF,37.63409423828125,44.459999084472656,44.939998626708984,43.599998474121094,43.599998474121094,257700
2012-07-06,SRF,37.134681701660156,43.869998931884766,44.75,43.61000061035156,44.0,194005
2012-07-09,SRF,36.144317626953125,42.70000076293945,44.099998474121094,42.45000076293945,43.61000061035156,185040
2012-07-10,SRF,36.736839294433594,43.400001525878906,43.5,42.45000076293945,42.599998474121094,67225
2012-07-11,SRF,37.59177780151367,44.40999984741211,45.20000076293945,43.0,43.0,280895
2012-07-12,SRF,37.31243896484375,44.08000183105469,44.599998474121094,43.70000076293945,44.400001525878906,153605
2012-07-13,SRF,38.785301208496094,45.81999969482422,47.20000076293945,44.58000183105469,44.58000183105469,726920
2012-07-16,SRF,37.955753326416016,44.84000015258789,46.52000045776367,44.70000076293945,46.0,99625
2012-07-17,SRF,37.02465057373047,43.7400016784668,45.65999984741211,43.599998474121094,44.849998474121094,91905
2012-07-18,SRF,37.06696319580078,43.790000915527344,44.36000061035156,43.2400016784668,43.2400016784668,84860
2012-07-19,SRF,38.95459747314453,46.02000045776367,46.33000183105469,43.880001068115234,43.880001068115234,279150
2012-07-20,SRF,40.56289291381836,47.92000198364258,48.400001525878906,45.33000183105469,46.0,589645
2012-07-23,SRF,39.55558395385742,46.72999954223633,49.959999084472656,45.86000061035156,49.0,2319515
2012-07-24,SRF,40.40206527709961,47.72999954223633,48.08000183105469,46.380001068115234,46.79999923706055,647455
2012-07-25,SRF,38.836090087890625,45.87999725341797,47.79999923706055,45.599998474121094,47.79999923706055,246740
2012-07-26,SRF,33.84191131591797,39.97999954223633,44.79999923706055,39.20000076293945,44.0,2516300
2012-07-27,SRF,33.765724182128906,39.88999938964844,41.7599983215332,39.619998931884766,40.599998474121094,466610
2012-07-30,SRF,33.935020446777344,40.09000015258789,40.79999923706055,39.0,40.79999923706055,250135
2012-07-31,SRF,34.282073974609375,40.5,40.79999923706055,39.79999923706055,40.79999923706055,187775
2012-08-01,SRF,34.72224426269531,41.02000045776367,41.40999984741211,40.0,40.380001068115234,701230
2012-08-02,SRF,34.94232177734375,41.279998779296875,41.790000915527344,40.400001525878906,41.20000076293945,179880
2012-08-03,SRF,34.89152908325195,41.220001220703125,41.52000045776367,40.5,41.189998626708984,191870
2012-08-06,SRF,35.238590240478516,41.62999725341797,42.0,41.22999954223633,41.29999923706055,287830
2012-08-07,SRF,35.33169937133789,41.7400016784668,41.9900016784668,41.5,41.599998474121094,131500
2012-08-08,SRF,35.010047912597656,41.36000061035156,42.18000030517578,40.900001525878906,41.599998474121094,362135
2012-08-09,SRF,35.58564376831055,42.040000915527344,42.34000015258789,41.20000076293945,41.400001525878906,228045
2012-08-10,SRF,35.856510162353516,42.36000061035156,42.599998474121094,41.470001220703125,41.79999923706055,194825
2012-08-13,SRF,36.35593032836914,42.95000076293945,43.099998474121094,42.040000915527344,42.439998626708984,264610
2012-08-14,SRF,36.025814056396484,42.560001373291016,43.0,42.400001525878906,42.900001525878906,57720
2012-08-16,SRF,36.372867584228516,42.970001220703125,43.7599983215332,41.400001525878906,41.400001525878906,175265
2012-08-17,SRF,36.22049331665039,42.790000915527344,43.88999938964844,41.83000183105469,43.0,206815
2012-08-21,SRF,36.71144485473633,43.37000274658203,43.7599983215332,42.0099983215332,42.599998474121094,155485
2012-08-22,SRF,36.49983215332031,43.12000274658203,43.560001373291016,42.900001525878906,43.20000076293945,91820
2012-08-23,SRF,36.65220260620117,43.29999923706055,43.560001373291016,42.9900016784668,43.06999969482422,80195
2012-08-24,SRF,36.677589416503906,43.33000183105469,43.5,42.279998779296875,42.40999984741211,160680
2012-08-27,SRF,36.38131332397461,42.97999954223633,43.599998474121094,42.400001525878906,43.20000076293945,129740
2012-08-28,SRF,36.39824676513672,43.0,43.400001525878906,42.40999984741211,42.40999984741211,150725
2012-08-29,SRF,36.347469329833984,42.939998626708984,43.31999969482422,42.20000076293945,43.0,150880
2012-08-30,SRF,36.33053207397461,42.92000198364258,43.16999816894531,42.439998626708984,42.79999923706055,93790
2012-08-31,SRF,36.245887756347656,42.820003509521484,43.459999084472656,42.599998474121094,42.79999923706055,67315
2012-09-03,SRF,36.53368377685547,43.15999984741211,43.4900016784668,42.400001525878906,43.0,96730
2012-09-04,SRF,36.872276306152344,43.560001373291016,43.779998779296875,42.34000015258789,43.20000076293945,79510
2012-09-05,SRF,36.32207107543945,42.90999984741211,43.689998626708984,42.689998626708984,43.599998474121094,86505
2012-09-06,SRF,36.11045837402344,42.65999984741211,43.18000030517578,42.4900016784668,42.70000076293945,307625
2012-09-07,SRF,36.42365264892578,43.029998779296875,43.380001068115234,42.81999969482422,42.959999084472656,71335
2012-09-10,SRF,36.406715393066406,43.0099983215332,43.400001525878906,42.900001525878906,43.0,38805
2012-09-11,SRF,37.557918548583984,44.37000274658203,44.95000076293945,43.0099983215332,43.0099983215332,392260
2012-09-12,SRF,37.786468505859375,44.63999938964844,46.099998474121094,44.099998474121094,44.36000061035156,574170
2012-09-13,SRF,37.295509338378906,44.060001373291016,45.13999938964844,43.95000076293945,44.599998474121094,90230
2012-09-14,SRF,36.84688186645508,43.529998779296875,45.0,43.279998779296875,44.2599983215332,212315
2012-09-17,SRF,37.744144439697266,44.59000015258789,44.79999923706055,43.599998474121094,43.599998474121094,181410
2012-09-18,SRF,38.44671630859375,45.42000198364258,45.689998626708984,44.0,44.79999923706055,211650
2012-09-20,SRF,38.38745880126953,45.349998474121094,46.599998474121094,45.0,45.209999084472656,262860
2012-09-21,SRF,38.836090087890625,45.87999725341797,46.959999084472656,45.0,45.599998474121094,635975
2012-09-24,SRF,38.49750518798828,45.47999954223633,46.560001373291016,45.310001373291016,45.599998474121094,143575
2012-09-25,SRF,38.531368255615234,45.52000045776367,46.0,44.90999984741211,46.0,230065
2012-09-26,SRF,37.88804626464844,44.7599983215332,45.79999923706055,44.630001068115234,45.02000045776367,116380
2012-09-27,SRF,37.01617431640625,43.72999954223633,44.9900016784668,43.619998931884766,44.79999923706055,120190
2012-09-28,SRF,37.947288513183594,44.82999801635742,45.20000076293945,44.0,44.0,183350
2012-10-01,SRF,39.741817474365234,46.95000076293945,48.08000183105469,44.79999923706055,44.79999923706055,1114365
2012-10-03,SRF,38.89533615112305,45.95000076293945,47.40999984741211,45.79999923706055,47.40999984741211,263585
2012-10-04,SRF,39.030784606933594,46.11000061035156,47.099998474121094,45.79999923706055,46.400001525878906,326510
2012-10-05,SRF,38.81915283203125,45.86000061035156,47.0,45.599998474121094,46.540000915527344,132665
2012-10-08,SRF,38.55674743652344,45.54999923706055,46.400001525878906,45.310001373291016,45.79999923706055,164625
2012-10-09,SRF,38.75143814086914,45.779998779296875,46.29999923706055,45.599998474121094,45.599998474121094,148790
2012-10-10,SRF,37.9642219543457,44.849998474121094,45.95000076293945,44.7599983215332,45.599998474121094,93570
2012-10-11,SRF,37.6679573059082,44.5,45.310001373291016,44.0,44.0,99930
2012-10-12,SRF,37.63409423828125,44.459999084472656,45.08000183105469,44.0,44.9900016784668,124265
2012-10-15,SRF,37.58330535888672,44.400001525878906,44.79999923706055,44.0,44.0,74745
2012-10-16,SRF,37.4732666015625,44.27000045776367,44.900001525878906,44.09000015258789,44.72999954223633,110875
2012-10-17,SRF,37.13468551635742,43.87000274658203,44.70000076293945,43.79999923706055,44.400001525878906,145260
2012-10-18,SRF,37.48174285888672,44.279998779296875,44.369998931884766,43.619998931884766,43.619998931884766,76235
2012-10-19,SRF,37.3970832824707,44.179996490478516,44.650001525878906,44.0,44.22999954223633,210065
2012-10-22,SRF,37.126216888427734,43.86000061035156,44.34000015258789,43.619998931884766,44.20000076293945,142895
2012-10-23,SRF,37.10081481933594,43.82999801635742,44.13999938964844,43.599998474121094,44.13999938964844,64610
2012-10-25,SRF,38.42978286743164,45.400001525878906,45.70000076293945,44.0,44.11000061035156,240360
2012-10-29,SRF,37.98115921020508,44.87000274658203,45.40999984741211,44.0,44.0,180220
2012-10-30,SRF,37.28704833984375,44.04999923706055,45.150001525878906,43.91999816894531,45.0,112135
2012-10-31,SRF,37.727210998535156,44.570003509521484,45.0,44.130001068115234,44.400001525878906,112365
2012-11-01,SRF,38.692195892333984,45.709999084472656,46.36000061035156,44.45000076293945,44.45000076293945,384275
2012-11-02,SRF,39.55558395385742,46.72999954223633,47.31999969482422,45.20000076293945,45.79999923706055,573325
2012-11-05,SRF,37.921905517578125,44.79999923706055,46.84000015258789,44.099998474121094,45.97999954223633,438370
2012-11-06,SRF,38.285884857177734,45.22999954223633,45.599998474121094,44.34000015258789,45.130001068115234,289785
2012-11-07,SRF,38.14198303222656,45.060001373291016,46.189998626708984,44.84000015258789,46.18000030517578,281100
2012-11-08,SRF,38.22663116455078,45.15999984741211,45.70000076293945,44.95000076293945,45.20000076293945,111770
2012-11-09,SRF,38.0658073425293,44.970001220703125,45.5,44.599998474121094,45.0,114945
2012-11-12,SRF,38.201236724853516,45.12999725341797,45.400001525878906,44.900001525878906,45.0,195640
2012-11-15,SRF,37.820350646972656,43.689998626708984,44.970001220703125,43.52000045776367,44.970001220703125,212810
2012-11-16,SRF,37.6558723449707,43.5,44.599998474121094,43.31999969482422,43.7400016784668,174185
2012-11-19,SRF,37.266326904296875,43.04999923706055,43.97999954223633,42.90999984741211,43.97999954223633,85395
2012-11-20,SRF,36.8508186340332,42.56999969482422,43.5,42.400001525878906,43.0,159220
2012-11-21,SRF,36.27948760986328,41.90999984741211,42.79999923706055,41.70000076293945,42.0,101460
2012-11-22,SRF,36.218894958496094,41.84000015258789,42.369998931884766,41.79999923706055,42.369998931884766,80735
2012-11-23,SRF,35.98516845703125,41.56999969482422,42.400001525878906,41.400001525878906,42.400001525878906,72140
2012-11-26,SRF,35.54368209838867,41.060001373291016,42.189998626708984,40.70000076293945,41.599998474121094,189230
2012-11-27,SRF,35.976505279541016,41.560001373291016,41.790000915527344,40.97999954223633,41.20000076293945,141885
2012-11-29,SRF,36.037109375,41.630001068115234,42.099998474121094,41.400001525878906,41.599998474121094,121450
2012-11-30,SRF,36.054420471191406,41.650001525878906,42.400001525878906,41.040000915527344,41.599998474121094,274280
2012-12-03,SRF,37.15379333496094,42.91999816894531,43.0,41.400001525878906,41.400001525878906,320465
2012-12-04,SRF,37.4567756652832,43.27000045776367,44.47999954223633,42.599998474121094,43.0,342075
2012-12-05,SRF,37.352901458740234,43.150001525878906,43.380001068115234,42.63999938964844,43.099998474121094,191190
2012-12-06,SRF,37.603946685791016,43.439998626708984,43.90999984741211,43.0,43.400001525878906,137125
2012-12-07,SRF,37.612586975097656,43.45000076293945,43.880001068115234,43.34000015258789,43.400001525878906,161445
2012-12-10,SRF,37.15379333496094,42.92000198364258,44.0,42.68000030517578,43.959999084472656,122080
2012-12-11,SRF,37.041263580322266,42.790000915527344,43.560001373291016,42.63999938964844,43.0,54135
2012-12-12,SRF,36.58246994018555,42.2599983215332,43.279998779296875,42.150001525878906,42.40999984741211,90325
2012-12-13,SRF,36.054420471191406,41.650001525878906,42.65999984741211,41.41999816894531,42.20000076293945,105935
2012-12-14,SRF,36.25352478027344,41.880001068115234,42.47999954223633,41.400001525878906,41.400001525878906,140330
2012-12-17,SRF,35.11086654663086,40.560001373291016,41.79999923706055,40.400001525878906,41.040000915527344,427670
2012-12-18,SRF,35.05025100708008,40.4900016784668,41.130001068115234,40.2400016784668,40.2400016784668,281340
2012-12-19,SRF,34.96369552612305,40.38999938964844,41.20000076293945,40.22999954223633,40.599998474121094,358915
2012-12-20,SRF,35.136837005615234,40.59000015258789,40.7400016784668,40.20000076293945,40.400001525878906,211135
2012-12-21,SRF,34.63474655151367,40.0099983215332,41.150001525878906,39.599998474121094,40.560001373291016,432825
2012-12-24,SRF,34.686683654785156,40.06999969482422,40.63999938964844,40.0,40.20000076293945,109360
2012-12-26,SRF,34.81653594970703,40.220001220703125,40.68000030517578,40.08000183105469,40.20000076293945,143925
2012-12-27,SRF,34.877140045166016,40.290000915527344,40.65999984741211,40.20000076293945,40.560001373291016,113020
2012-12-28,SRF,34.7213020324707,40.11000061035156,40.599998474121094,40.0,40.279998779296875,151915
2012-12-31,SRF,34.76460647583008,40.15999984741211,40.540000915527344,40.09000015258789,40.20000076293945,94485
2013-01-01,SRF,35.03293991088867,40.470001220703125,40.689998626708984,40.20000076293945,40.400001525878906,134245
2013-01-02,SRF,35.82933807373047,41.38999938964844,41.599998474121094,40.619998931884766,40.70000076293945,281110
2013-01-03,SRF,35.90726089477539,41.47999954223633,41.599998474121094,40.83000183105469,41.58000183105469,217805
2013-01-04,SRF,35.74278259277344,41.290000915527344,41.59000015258789,40.40999984741211,41.400001525878906,190500
2013-01-07,SRF,35.54368209838867,41.060001373291016,41.400001525878906,41.0,41.34000015258789,175410
2013-01-08,SRF,35.87262725830078,41.439998626708984,41.58000183105469,40.849998474121094,41.36000061035156,127105
2013-01-09,SRF,35.786067962646484,41.34000015258789,41.93000030517578,41.0,41.599998474121094,109360
2013-01-10,SRF,35.517730712890625,41.029998779296875,41.599998474121094,41.0,41.34000015258789,86485
2013-01-11,SRF,35.361900329589844,40.849998474121094,42.97999954223633,40.63999938964844,42.97999954223633,78405
2013-01-14,SRF,35.38785934448242,40.880001068115234,41.08000183105469,40.599998474121094,41.0,99990
2013-01-15,SRF,35.015621185302734,40.45000076293945,41.16999816894531,40.2400016784668,41.16999816894531,136095
2013-01-16,SRF,34.83384323120117,40.2400016784668,40.619998931884766,40.20000076293945,40.619998931884766,70805
2013-01-17,SRF,34.712650299072266,40.099998474121094,40.52000045776367,38.0,38.0,102220
2013-01-18,SRF,34.51356506347656,39.869998931884766,40.560001373291016,38.79999923706055,38.79999923706055,122090
2013-01-21,SRF,34.626094818115234,40.0,40.349998474121094,39.709999084472656,39.79999923706055,81950
2013-01-22,SRF,34.626094818115234,40.0,40.599998474121094,39.790000915527344,40.02000045776367,91895
2013-01-23,SRF,34.53086471557617,39.88999938964844,40.29999923706055,39.810001373291016,40.0,109210
2013-01-24,SRF,33.88163757324219,39.13999938964844,40.79999923706055,39.0,39.79999923706055,136805
2013-01-25,SRF,33.73448181152344,38.970001220703125,39.40999984741211,38.63999938964844,39.209999084472656,120395
2013-01-28,SRF,34.063419342041016,39.349998474121094,39.400001525878906,38.689998626708984,38.689998626708984,45145
2013-01-29,SRF,32.955379486083984,38.06999969482422,39.59000015258789,37.939998626708984,38.70000076293945,140385
2013-01-30,SRF,34.17595672607422,39.47999954223633,39.72999954223633,37.810001373291016,38.0,251225
2013-01-31,SRF,33.40550994873047,38.59000015258789,39.47999954223633,38.400001525878906,39.47999954223633,109495
2013-02-01,SRF,33.699832916259766,38.93000030517578,39.560001373291016,38.79999923706055,39.34000015258789,70010
2013-02-04,SRF,33.73448181152344,38.970001220703125,39.84000015258789,38.79999923706055,39.0,84320
2013-02-05,SRF,33.62192916870117,38.84000015258789,39.18000030517578,38.0,38.0,70585
2013-02-06,SRF,33.41417694091797,38.599998474121094,39.790000915527344,38.41999816894531,39.400001525878906,53265
2013-02-07,SRF,33.64790725708008,38.869998931884766,39.13999938964844,38.40999984741211,38.61000061035156,37275
2013-02-08,SRF,33.03329849243164,38.15999984741211,38.7599983215332,37.220001220703125,38.400001525878906,130790
2013-02-11,SRF,33.17178726196289,38.31999969482422,38.630001068115234,37.79999923706055,37.79999923706055,73930
2013-02-12,SRF,32.90343475341797,38.0099983215332,39.08000183105469,37.900001525878906,38.97999954223633,71810
2013-02-13,SRF,32.86016082763672,37.959999084472656,38.439998626708984,37.81999969482422,37.81999969482422,122935
2013-02-14,SRF,32.61778259277344,37.68000030517578,38.7599983215332,37.439998626708984,38.7599983215332,101880
2013-02-15,SRF,33.38819885253906,38.56999969482422,38.7400016784668,37.0,38.5,322765
2013-02-18,SRF,34.063419342041016,39.349998474121094,39.459999084472656,38.70000076293945,38.75,131040
2013-02-19,SRF,34.29714584350586,39.619998931884766,39.790000915527344,39.060001373291016,39.59000015258789,106735
2013-02-20,SRF,35.03293991088867,40.470001220703125,40.849998474121094,39.72999954223633,40.0,144170
2013-02-21,SRF,34.29714584350586,39.619998931884766,40.459999084472656,39.43000030517578,40.20000076293945,176405
2013-02-22,SRF,34.4183464050293,39.7599983215332,40.0,39.20000076293945,39.599998474121094,166675
2013-02-25,SRF,33.85002136230469,38.119998931884766,39.400001525878906,38.0,39.400001525878906,122965
2013-02-26,SRF,33.12187957763672,37.29999923706055,38.36000061035156,37.02000045776367,38.02000045776367,97190
2013-02-27,SRF,33.52147674560547,37.75,37.959999084472656,37.0,37.529998779296875,77655
2013-02-28,SRF,32.66901397705078,36.790000915527344,38.599998474121094,36.400001525878906,38.0,97205
2013-03-01,SRF,32.988685607910156,37.150001525878906,37.65999984741211,36.790000915527344,37.599998474121094,80765
2013-03-04,SRF,32.278297424316406,36.349998474121094,38.15999984741211,36.2599983215332,37.20000076293945,60795
2013-03-05,SRF,32.420372009277344,36.5099983215332,37.189998626708984,36.400001525878906,36.779998779296875,78655
2013-03-06,SRF,33.18403625488281,37.369998931884766,38.15999984741211,36.529998779296875,36.599998474121094,161170
2013-03-07,SRF,32.953163146972656,37.11000061035156,37.47999954223633,36.79999923706055,37.34000015258789,35420
2013-03-08,SRF,33.33498764038086,37.540000915527344,37.70000076293945,37.0,37.04999923706055,97870
2013-03-11,SRF,33.71683120727539,37.970001220703125,38.540000915527344,37.400001525878906,37.439998626708984,89830
2013-03-12,SRF,33.63690185546875,37.880001068115234,38.58000183105469,37.79999923706055,38.0,85805
2013-03-13,SRF,33.352752685546875,37.560001373291016,38.400001525878906,37.29999923706055,37.79999923706055,29820
2013-03-14,SRF,32.81107711791992,36.95000076293945,37.5,36.86000061035156,37.400001525878906,66380
2013-03-15,SRF,31.940855026245117,35.970001220703125,37.58000183105469,35.560001373291016,37.0,285055
2013-03-18,SRF,31.789897918701172,35.79999923706055,36.369998931884766,35.599998474121094,35.900001525878906,67155
2013-03-19,SRF,31.23046112060547,35.16999816894531,37.400001525878906,35.0,37.400001525878906,136720
2013-03-20,SRF,30.386878967285156,34.220001220703125,35.59000015258789,33.869998931884766,35.099998474121094,108510
2013-03-21,SRF,30.040573120117188,33.83000183105469,35.0,33.52000045776367,34.41999816894531,108070
2013-03-22,SRF,29.694244384765625,33.439998626708984,34.099998474121094,33.20000076293945,33.84000015258789,89325
2013-03-25,SRF,29.862972259521484,33.630001068115234,34.380001068115234,33.47999954223633,34.34000015258789,79010
2013-03-26,SRF,29.516653060913086,33.2400016784668,33.779998779296875,33.0,33.630001068115234,91665
2013-03-28,SRF,30.067203521728516,33.86000061035156,34.209999084472656,32.70000076293945,33.2599983215332,116805
2013-04-01,SRF,31.390304565429688,35.349998474121094,35.599998474121094,33.709999084472656,34.099998474121094,73345
2013-04-02,SRF,31.99412727355957,36.029998779296875,36.5,34.849998474121094,34.849998474121094,85895
2013-04-03,SRF,32.633487701416016,36.75,37.40999984741211,36.220001220703125,36.939998626708984,125240
2013-04-04,SRF,31.630046844482422,35.619998931884766,36.75,35.209999084472656,36.75,92240
2013-04-05,SRF,31.194944381713867,35.12999725341797,35.97999954223633,35.029998779296875,35.41999816894531,41235
2013-04-08,SRF,31.283740997314453,35.22999954223633,35.58000183105469,35.060001373291016,35.11000061035156,26170
2013-04-09,SRF,31.061744689941406,34.97999954223633,35.689998626708984,34.810001373291016,35.400001525878906,37145
2013-04-10,SRF,30.60887908935547,34.470001220703125,35.400001525878906,34.20000076293945,35.119998931884766,46920
2013-04-11,SRF,30.493431091308594,34.34000015258789,34.880001068115234,34.29999923706055,34.7400016784668,23535
2013-04-12,SRF,30.182640075683594,33.9900016784668,34.38999938964844,33.040000915527344,34.0,40035
2013-04-15,SRF,30.83975601196289,34.72999954223633,35.099998474121094,33.630001068115234,34.58000183105469,34305
2013-04-16,SRF,30.90191650390625,34.79999923706055,35.04999923706055,34.22999954223633,34.29999923706055,60500
2013-04-17,SRF,30.45792007446289,34.29999923706055,35.38999938964844,34.060001373291016,34.79999923706055,46075
2013-04-18,SRF,30.662151336669922,34.529998779296875,35.599998474121094,34.31999969482422,35.599998474121094,53240
2013-04-22,SRF,31.123899459838867,35.04999923706055,35.400001525878906,34.130001068115234,34.529998779296875,62460
2013-04-23,SRF,31.46134376525879,35.43000030517578,35.70000076293945,34.720001220703125,35.0,51885
2013-04-25,SRF,31.132787704467773,35.060001373291016,36.29999923706055,34.900001525878906,35.400001525878906,107655
2013-04-26,SRF,30.555591583251953,34.40999984741211,36.279998779296875,34.220001220703125,36.279998779296875,108540
2013-04-29,SRF,29.72089195251465,33.470001220703125,35.16999816894531,33.099998474121094,35.16999816894531,253725
2013-04-30,SRF,30.235918045043945,34.04999923706055,34.59000015258789,33.7400016784668,34.20000076293945,112445
2013-05-02,SRF,30.866390228271484,34.7599983215332,34.95000076293945,34.20000076293945,34.439998626708984,221725
2013-05-03,SRF,30.653276443481445,34.52000045776367,35.2400016784668,34.31999969482422,34.900001525878906,170405
2013-05-06,SRF,31.079505920410156,35.0,35.20000076293945,33.459999084472656,34.29999923706055,224740
2013-05-07,SRF,30.706554412841797,34.58000183105469,35.380001068115234,34.02000045776367,34.099998474121094,167850
2013-05-08,SRF,30.83087730407715,34.720001220703125,34.91999816894531,34.2599983215332,34.599998474121094,133275
2013-05-09,SRF,30.90191650390625,34.79999923706055,35.150001525878906,34.400001525878906,34.400001525878906,46000
2013-05-10,SRF,30.96406364440918,34.869998931884766,35.09000015258789,34.31999969482422,34.31999969482422,57805
2013-05-13,SRF,31.265974044799805,35.209999084472656,35.38999938964844,34.41999816894531,34.41999816894531,120965
2013-05-14,SRF,30.910789489746094,34.810001373291016,35.790000915527344,34.400001525878906,34.79999923706055,63415
2013-05-15,SRF,31.061744689941406,34.97999954223633,35.36000061035156,34.290000915527344,34.52000045776367,82390
2013-05-16,SRF,30.884151458740234,34.779998779296875,35.33000183105469,34.400001525878906,34.400001525878906,60780
2013-05-17,SRF,31.0883846282959,35.0099983215332,35.18000030517578,34.630001068115234,34.900001525878906,29620
2013-05-20,SRF,30.99070930480957,34.900001525878906,35.20000076293945,34.720001220703125,35.20000076293945,31430
2013-05-21,SRF,30.946308135986328,34.849998474121094,35.150001525878906,34.599998474121094,34.599998474121094,76265
2013-05-22,SRF,30.733203887939453,34.61000061035156,34.93000030517578,34.20000076293945,34.599998474121094,81745
2013-05-23,SRF,30.289203643798828,34.11000061035156,34.9900016784668,34.0,34.400001525878906,62205
2013-05-24,SRF,30.08496856689453,33.880001068115234,34.38999938964844,33.619998931884766,34.20000076293945,37275
2013-05-27,SRF,30.466808319091797,34.310001373291016,34.58000183105469,33.400001525878906,33.400001525878906,37265
2013-05-28,SRF,30.289203643798828,34.11000061035156,34.400001525878906,33.88999938964844,34.20000076293945,27370
2013-05-29,SRF,30.102718353271484,33.900001525878906,34.38999938964844,33.619998931884766,34.0,36450
2013-05-30,SRF,29.871854782104492,33.63999938964844,34.38999938964844,33.540000915527344,33.79999923706055,67615
2013-05-31,SRF,27.793956756591797,31.299999237060547,33.79999923706055,30.799999237060547,33.400001525878906,527810
2013-06-03,SRF,28.17579460144043,31.729999542236328,32.2599983215332,31.0,32.2599983215332,96905
2013-06-04,SRF,28.451072692871094,32.040000915527344,32.189998626708984,31.200000762939453,31.200000762939453,76145
2013-06-05,SRF,28.779630661010742,32.40999984741211,32.65999984741211,32.040000915527344,32.279998779296875,40870
2013-06-06,SRF,28.93058967590332,32.57999801635742,32.9900016784668,32.0,32.0,45945
2013-06-07,SRF,29.294654846191406,32.9900016784668,33.209999084472656,32.41999816894531,32.86000061035156,70665
2013-06-10,SRF,28.690828323364258,32.310001373291016,33.11000061035156,32.2599983215332,32.599998474121094,32380
2013-06-11,SRF,28.024837493896484,31.559999465942383,32.20000076293945,31.299999237060547,32.0,86415
2013-06-12,SRF,27.998197555541992,31.530000686645508,31.950000762939453,31.0,31.600000381469727,49200
2013-06-13,SRF,27.571964263916016,31.049999237060547,32.099998474121094,31.0,32.099998474121094,69330
2013-06-14,SRF,28.255706787109375,31.81999969482422,31.989999771118164,31.100000381469727,31.149999618530273,40185
2013-06-17,SRF,27.69628143310547,31.190000534057617,32.0,31.0,32.0,63045
2013-06-18,SRF,27.793956756591797,31.299999237060547,32.5,30.829999923706055,31.440000534057617,569750
2013-06-19,SRF,27.40324592590332,30.860000610351562,32.20000076293945,30.799999237060547,32.20000076293945,348430
2013-06-20,SRF,27.110210418701172,30.530000686645508,31.0,29.81999969482422,31.0,345595
2013-06-21,SRF,26.06238555908203,29.350000381469727,31.0,28.399999618530273,29.639999389648438,1051465
2013-06-24,SRF,26.195587158203125,29.5,29.700000762939453,29.0,29.260000228881836,148225
2013-06-25,SRF,25.61839485168457,28.850000381469727,29.700000762939453,28.700000762939453,29.25,586080
2013-06-26,SRF,25.2365665435791,28.420001983642578,29.3799991607666,28.209999084472656,28.540000915527344,83235
2013-06-27,SRF,25.165525436401367,28.34000015258789,28.56999969482422,28.040000915527344,28.399999618530273,409485
2013-06-28,SRF,25.680553436279297,28.920000076293945,29.139999389648438,28.06999969482422,28.06999969482422,59640
2013-07-01,SRF,27.12796974182129,30.549999237060547,31.299999237060547,29.200000762939453,30.0,248475
2013-07-02,SRF,26.808300018310547,30.190000534057617,31.600000381469727,30.059999465942383,30.200000762939453,133150
2013-07-03,SRF,26.47974395751953,29.82000160217285,30.700000762939453,29.719999313354492,30.100000381469727,75260
2013-07-04,SRF,26.41758155822754,29.75,30.440000534057617,29.600000381469727,30.0,38870
2013-07-05,SRF,26.231103897094727,29.540000915527344,30.489999771118164,29.40999984741211,30.479999542236328,56195
2013-07-08,SRF,25.76935577392578,29.020000457763672,30.190000534057617,28.809999465942383,29.399999618530273,104215
2013-07-09,SRF,26.009103775024414,29.290000915527344,30.0,29.1200008392334,29.579999923706055,81635
2013-07-10,SRF,25.68943214416504,28.92999839782715,29.989999771118164,28.84000015258789,29.010000228881836,73590
2013-07-11,SRF,25.769357681274414,29.020002365112305,29.600000381469727,29.0,29.600000381469727,47830
2013-07-12,SRF,25.62727165222168,28.860000610351562,29.520000457763672,28.670000076293945,29.110000610351562,68320
2013-07-15,SRF,25.70719337463379,28.950000762939453,29.979999542236328,28.700000762939453,29.260000228881836,173280
2013-07-16,SRF,25.494077682495117,28.709999084472656,29.139999389648438,28.610000610351562,28.799999237060547,49295
2013-07-17,SRF,25.352001190185547,28.549999237060547,29.399999618530273,28.329999923706055,29.399999618530273,34305
2013-07-18,SRF,25.094480514526367,28.260000228881836,28.729999542236328,28.110000610351562,28.239999771118164,127615
2013-07-19,SRF,25.02344512939453,28.18000030517578,28.75,28.100000381469727,28.299999237060547,71485
2013-07-22,SRF,25.11224365234375,28.279998779296875,29.3799991607666,28.079999923706055,28.399999618530273,183680
2013-07-23,SRF,25.085599899291992,28.25,28.959999084472656,28.049999237060547,28.450000762939453,185420
2013-07-24,SRF,24.73041534423828,27.850000381469727,28.5,27.709999084472656,28.079999923706055,108865
2013-07-25,SRF,24.60609245300293,27.709999084472656,28.149999618530273,27.600000381469727,28.149999618530273,47955
2013-07-26,SRF,24.61496353149414,27.719999313354492,28.200000762939453,27.600000381469727,27.959999084472656,61910
2013-07-29,SRF,24.783687591552734,27.90999984741211,28.450000762939453,27.729999542236328,28.200000762939453,129140
2013-07-30,SRF,24.366334915161133,27.440000534057617,28.079999923706055,27.40999984741211,28.079999923706055,60105
2013-07-31,SRF,23.718107223510742,26.709999084472656,27.600000381469727,26.110000610351562,27.600000381469727,123930
2013-08-01,SRF,23.211956024169922,26.139999389648438,27.110000610351562,26.0,26.399999618530273,76520
2013-08-02,SRF,22.750200271606445,25.62000274658203,26.399999618530273,25.540000915527344,26.0,130545
2013-08-05,SRF,22.91891098022461,25.809999465942383,26.0,25.239999771118164,25.6200008392334,60495
2013-08-06,SRF,22.847875595092773,25.729997634887695,25.889999389648438,25.209999084472656,25.399999618530273,74940
2013-08-07,SRF,23.069873809814453,25.979997634887695,26.200000762939453,25.239999771118164,26.0,138175
2013-08-08,SRF,23.300750732421875,26.239999771118164,26.729999542236328,26.0,26.200000762939453,89700
2013-08-12,SRF,24.4018497467041,27.479999542236328,27.59000015258789,26.719999313354492,27.559999465942383,71785
2013-08-13,SRF,25.680553436279297,28.920000076293945,32.540000915527344,27.020000457763672,27.600000381469727,1130475
2013-08-14,SRF,25.085599899291992,28.25,29.280000686645508,27.799999237060547,29.190000534057617,250835
2013-08-16,SRF,24.153221130371094,27.200000762939453,28.559999465942383,26.209999084472656,28.559999465942383,147595
2013-08-19,SRF,24.197620391845703,27.25,28.540000915527344,26.200000762939453,27.0,73950
2013-08-20,SRF,23.88681983947754,26.899999618530273,27.299999237060547,26.399999618530273,27.0,68425
2013-08-21,SRF,23.762500762939453,26.760000228881836,28.579999923706055,26.6200008392334,28.579999923706055,95255
2013-08-22,SRF,24.13545799255371,27.18000030517578,27.780000686645508,26.600000381469727,27.780000686645508,68985
2013-08-23,SRF,24.51729393005371,27.610000610351562,29.399999618530273,26.81999969482422,27.200000762939453,200530
2013-08-26,SRF,25.174402236938477,28.350000381469727,28.700000762939453,27.81999969482422,27.81999969482422,149645
2013-08-27,SRF,24.51729393005371,27.610000610351562,28.899999618530273,27.399999618530273,28.899999618530273,64200
2013-08-28,SRF,24.419614791870117,27.5,28.0,26.440000534057617,27.600000381469727,134255
2013-08-29,SRF,24.117700576782227,27.15999984741211,28.299999237060547,27.0,27.399999618530273,59405
2013-08-30,SRF,24.055543899536133,27.09000015258789,27.770000457763672,26.809999465942383,27.020000457763672,41510
2013-09-02,SRF,24.819202423095703,27.950000762939453,28.3799991607666,27.110000610351562,27.989999771118164,73755
2013-09-03,SRF,26.293264389038086,29.610000610351562,31.200000762939453,28.600000381469727,28.600000381469727,1310085
2013-09-04,SRF,27.048051834106445,30.459999084472656,30.979999542236328,30.0,30.0,356145
2013-09-05,SRF,26.826053619384766,30.209999084472656,30.979999542236328,30.010000228881836,30.979999542236328,178125
2013-09-06,SRF,26.586299896240234,29.940000534057617,30.399999618530273,29.809999465942383,30.399999618530273,123390
2013-09-10,SRF,26.710620880126953,30.079999923706055,30.40999984741211,29.969999313354492,30.06999969482422,100030
2013-09-11,SRF,26.852697372436523,30.239999771118164,30.399999618530273,30.0,30.100000381469727,121955
2013-09-12,SRF,26.994770050048828,30.399999618530273,31.020000457763672,30.1299991607666,30.770000457763672,121905
2013-09-13,SRF,27.11908721923828,30.540000915527344,31.0,30.40999984741211,31.0,91480
2013-09-16,SRF,27.048051834106445,30.459999084472656,30.940000534057617,30.290000915527344,30.559999465942383,84005
2013-09-17,SRF,26.843812942504883,30.229999542236328,30.559999465942383,29.799999237060547,30.399999618530273,67600
2013-09-18,SRF,27.00364875793457,30.40999984741211,30.860000610351562,30.200000762939453,30.75,80685
2013-09-19,SRF,26.941492080688477,30.34000015258789,31.170000076293945,30.100000381469727,30.600000381469727,255355
2013-09-20,SRF,26.364303588867188,29.690000534057617,30.780000686645508,29.530000686645508,30.420000076293945,232715
2013-09-23,SRF,26.470857620239258,29.809999465942383,30.280000686645508,29.649999618530273,30.0,35240
2013-09-24,SRF,26.692859649658203,30.059999465942383,30.239999771118164,29.479999542236328,29.81999969482422,92270
2013-09-25,SRF,26.55078125,29.899999618530273,30.270000457763672,29.719999313354492,30.270000457763672,24255
2013-09-26,SRF,26.506376266479492,29.850000381469727,30.190000534057617,29.799999237060547,30.1200008392334,40585
2013-09-27,SRF,28.069238662719727,31.610000610351562,32.29999923706055,29.81999969482422,30.139999389648438,1511075
2013-09-30,SRF,29.36569595336914,33.070003509521484,34.20000076293945,31.399999618530273,31.729999542236328,933400
2013-10-01,SRF,29.729764938354492,33.47999954223633,34.599998474121094,32.900001525878906,34.25,279910
2013-10-03,SRF,28.992740631103516,32.650001525878906,33.959999084472656,32.400001525878906,33.400001525878906,122335
2013-10-04,SRF,28.761863708496094,32.38999938964844,33.88999938964844,32.209999084472656,33.029998779296875,262965
2013-10-07,SRF,28.593141555786133,32.20000076293945,33.0,31.809999465942383,32.20000076293945,109650
2013-10-08,SRF,29.170337677001953,32.849998474121094,33.099998474121094,32.130001068115234,32.130001068115234,100390
2013-10-09,SRF,29.712007522583008,33.459999084472656,34.0,32.40999984741211,32.45000076293945,268380
2013-10-10,SRF,29.640975952148438,33.380001068115234,33.77000045776367,33.220001220703125,33.77000045776367,85415
2013-10-11,SRF,30.59111976623535,34.45000076293945,34.79999923706055,33.599998474121094,33.599998474121094,249250
2013-10-14,SRF,30.644393920898438,34.5099983215332,34.79999923706055,34.220001220703125,34.22999954223633,150350
2013-10-15,SRF,29.862972259521484,33.630001068115234,34.880001068115234,33.5,34.599998474121094,102080
2013-10-17,SRF,30.29808235168457,34.119998931884766,34.7400016784668,33.599998474121094,33.599998474121094,155710
2013-10-18,SRF,30.209274291992188,34.02000045776367,34.38999938964844,34.0,34.29999923706055,77000
2013-10-21,SRF,29.854087829589844,33.62000274658203,34.599998474121094,33.400001525878906,34.0,109155
2013-10-22,SRF,29.729764938354492,33.47999954223633,34.2400016784668,33.380001068115234,33.630001068115234,102040
2013-10-23,SRF,30.63551139831543,34.5,34.7599983215332,33.650001525878906,34.7599983215332,394565
2013-10-24,SRF,31.00846290588379,34.92000198364258,35.599998474121094,34.310001373291016,34.5,342965
2013-10-25,SRF,30.884151458740234,34.779998779296875,35.2400016784668,34.5,34.91999816894531,114705
2013-10-28,SRF,30.87527847290039,34.77000045776367,35.290000915527344,34.5,34.72999954223633,117955
2013-10-29,SRF,29.552173614501953,33.279998779296875,34.09000015258789,32.599998474121094,34.09000015258789,235795
2013-10-30,SRF,29.427852630615234,33.13999938964844,33.599998474121094,33.0,33.040000915527344,116275
2013-10-31,SRF,29.170337677001953,32.849998474121094,33.0,32.04999923706055,32.970001220703125,87975
2013-11-01,SRF,29.59657096862793,33.33000183105469,33.59000015258789,32.599998474121094,33.0,106865
2013-11-05,SRF,30.058320999145508,33.849998474121094,34.5,33.11000061035156,34.0,188325
2013-11-06,SRF,30.884151458740234,34.779998779296875,35.0,32.7599983215332,32.7599983215332,317560
2013-11-07,SRF,31.236547470092773,34.570003509521484,37.0,33.79999923706055,34.400001525878906,564510
2013-11-08,SRF,31.326908111572266,34.67000198364258,34.959999084472656,34.11000061035156,34.91999816894531,253075
2013-11-11,SRF,31.281726837158203,34.619998931884766,35.0099983215332,34.119998931884766,34.2400016784668,198890
2013-11-12,SRF,31.652196884155273,35.029998779296875,35.959999084472656,34.72999954223633,34.93000030517578,297930
2013-11-13,SRF,31.14619255065918,34.470001220703125,35.040000915527344,34.2400016784668,34.599998474121094,79545
2013-11-14,SRF,31.435335159301758,34.790000915527344,35.459999084472656,34.599998474121094,34.790000915527344,96025
2013-11-18,SRF,31.561832427978516,34.93000030517578,35.400001525878906,34.41999816894531,34.650001525878906,107800
2013-11-19,SRF,31.84194564819336,35.2400016784668,35.400001525878906,34.79999923706055,35.2599983215332,100940
2013-11-20,SRF,31.607006072998047,34.97999954223633,35.439998626708984,34.599998474121094,34.599998474121094,72530
2013-11-21,SRF,31.12812042236328,34.45000076293945,34.959999084472656,34.20000076293945,34.630001068115234,74515
2013-11-22,SRF,31.11908721923828,34.439998626708984,35.060001373291016,34.20000076293945,34.20000076293945,67340
2013-11-25,SRF,31.254619598388672,34.59000015258789,35.2400016784668,34.20000076293945,34.34000015258789,85875
2013-11-26,SRF,31.14619255065918,34.470001220703125,34.790000915527344,33.91999816894531,34.400001525878906,50115
2013-11-27,SRF,31.037757873535156,34.349998474121094,34.599998474121094,34.029998779296875,34.029998779296875,46205
2013-11-28,SRF,31.14619255065918,34.470001220703125,34.65999984741211,34.0,34.0,59655
2013-11-29,SRF,31.625080108642578,35.0,35.0,34.20000076293945,34.20000076293945,2017615
2013-12-02,SRF,40.20902633666992,44.5,44.599998474121094,42.7599983215332,42.7599983215332,8311205
2013-12-03,SRF,38.88982009887695,43.040000915527344,44.7599983215332,42.54999923706055,43.599998474121094,1744620
2013-12-04,SRF,37.68806076049805,41.709999084472656,43.099998474121094,41.5,43.0,608645
2013-12-05,SRF,37.81455993652344,41.849998474121094,45.400001525878906,41.25,43.0,2671950
2013-12-06,SRF,38.148887634277344,42.220001220703125,43.5,41.91999816894531,41.91999816894531,715490
2013-12-09,SRF,38.49224853515625,42.599998474121094,43.97999954223633,42.0,43.97999954223633,451015
2013-12-10,SRF,38.69103240966797,42.81999969482422,44.130001068115234,42.310001373291016,42.66999816894531,728725
2013-12-11,SRF,38.004310607910156,42.060001373291016,43.20000076293945,41.810001373291016,42.81999969482422,492335
2013-12-12,SRF,39.54039001464844,43.7599983215332,44.0,41.68000030517578,41.68000030517578,2087625
2013-12-13,SRF,38.194061279296875,42.27000045776367,44.84000015258789,42.040000915527344,43.79999923706055,717895
2013-12-16,SRF,38.92595291137695,43.08000183105469,43.45000076293945,42.31999969482422,42.31999969482422,344740
2013-12-17,SRF,38.88982009887695,43.040000915527344,43.59000015258789,42.79999923706055,43.20000076293945,273790
2013-12-18,SRF,40.23613357543945,44.529998779296875,44.880001068115234,42.599998474121094,43.0,905020
2013-12-19,SRF,40.33553695678711,44.63999938964844,45.099998474121094,43.720001220703125,44.540000915527344,592120
2013-12-20,SRF,40.109642028808594,44.38999938964844,44.779998779296875,43.91999816894531,44.54999923706055,364125
2013-12-23,SRF,38.57356643676758,42.689998626708984,44.599998474121094,42.400001525878906,43.599998474121094,327920
2013-12-24,SRF,38.85367202758789,43.0,43.650001525878906,42.79999923706055,43.41999816894531,228570
2013-12-26,SRF,38.63681411743164,42.7599983215332,43.779998779296875,42.599998474121094,43.209999084472656,103425
2013-12-27,SRF,40.95899200439453,45.32999801635742,46.459999084472656,42.86000061035156,42.86000061035156,3484240
2013-12-30,SRF,40.58852767944336,44.91999816894531,46.650001525878906,44.66999816894531,45.7599983215332,1004490
2013-12-31,SRF,40.0554313659668,44.33000183105469,45.56999969482422,44.0,45.0099983215332,525655
2014-01-01,SRF,40.23613357543945,44.529998779296875,46.119998931884766,43.70000076293945,43.70000076293945,834000
2014-01-02,SRF,39.75724792480469,44.0,45.68000030517578,43.66999816894531,44.84000015258789,597120
2014-01-03,SRF,39.31448745727539,43.5099983215332,44.08000183105469,42.459999084472656,43.599998474121094,233145
2014-01-06,SRF,39.04341506958008,43.209999084472656,44.34000015258789,42.79999923706055,43.400001525878906,448245
2014-01-07,SRF,39.30544662475586,43.5,43.93000030517578,43.22999954223633,43.56999969482422,299870
2014-01-08,SRF,39.82048797607422,44.06999969482422,45.13999938964844,42.97999954223633,43.06999969482422,984580
2014-01-09,SRF,39.36870574951172,43.56999969482422,44.31999969482422,43.02000045776367,43.599998474121094,645995
2014-01-10,SRF,39.03438186645508,43.20000076293945,43.90999984741211,42.79999923706055,43.439998626708984,277630
2014-01-13,SRF,39.21510314941406,43.400001525878906,43.880001068115234,43.0,43.13999938964844,95375
2014-01-14,SRF,39.404850006103516,43.61000061035156,44.09000015258789,43.16999816894531,43.16999816894531,113340
2014-01-15,SRF,39.477142333984375,43.689998626708984,44.08000183105469,43.400001525878906,43.70000076293945,184360
2014-01-16,SRF,38.93498229980469,43.09000015258789,43.959999084472656,42.91999816894531,43.20000076293945,124150
2014-01-17,SRF,38.266353607177734,42.349998474121094,43.27000045776367,41.93000030517578,42.81999969482422,212570
2014-01-20,SRF,37.9049186706543,41.95000076293945,42.529998779296875,41.709999084472656,42.0,215365
2014-01-21,SRF,37.87781524658203,41.91999816894531,42.689998626708984,41.83000183105469,42.0099983215332,185120
2014-01-22,SRF,38.148887634277344,42.220001220703125,42.400001525878906,41.709999084472656,41.900001525878906,225555
2014-01-23,SRF,38.01335525512695,42.06999969482422,42.560001373291016,41.900001525878906,42.20000076293945,167050
2014-01-24,SRF,37.769378662109375,41.79999923706055,42.380001068115234,41.31999969482422,41.900001525878906,357810
2014-01-27,SRF,36.07065963745117,39.91999816894531,41.79999923706055,39.650001525878906,41.79999923706055,166790
2014-01-28,SRF,37.43506622314453,41.429996490478516,41.79999923706055,39.439998626708984,40.56999969482422,261730
2014-01-29,SRF,37.20011520385742,41.16999816894531,42.400001525878906,40.84000015258789,41.849998474121094,212415
2014-01-30,SRF,36.21524429321289,40.08000183105469,41.400001525878906,39.810001373291016,41.18000030517578,133360
2014-01-31,SRF,37.20916748046875,41.18000030517578,41.400001525878906,40.20000076293945,40.20000076293945,158700
2014-02-03,SRF,38.121768951416016,42.189998626708984,42.849998474121094,40.470001220703125,41.91999816894531,325145
2014-02-04,SRF,38.826560974121094,42.970001220703125,43.709999084472656,40.849998474121094,41.66999816894531,655405
2014-02-05,SRF,38.419960021972656,42.52000045776367,43.599998474121094,42.400001525878906,42.599998474121094,349310
2014-02-06,SRF,38.519344329833984,42.630001068115234,42.939998626708984,42.099998474121094,42.099998474121094,566600
2014-02-07,SRF,38.69103240966797,42.81999969482422,43.400001525878906,42.209999084472656,42.209999084472656,572875
2014-02-10,SRF,38.92595291137695,43.08000183105469,43.790000915527344,42.599998474121094,42.599998474121094,110535
2014-02-11,SRF,38.546451568603516,42.65999984741211,43.290000915527344,42.5,43.08000183105469,101655
2014-02-12,SRF,39.36870574951172,43.56999969482422,44.97999954223633,42.79999923706055,42.79999923706055,708890
2014-02-13,SRF,39.350643157958984,43.54999923706055,44.4900016784668,43.310001373291016,43.779998779296875,255255
2014-02-14,SRF,40.433597564697266,43.310001373291016,45.400001525878906,42.91999816894531,44.0,1068665
2014-02-17,SRF,40.17218780517578,43.029998779296875,43.59000015258789,42.25,42.599998474121094,204185
2014-02-18,SRF,40.14418411254883,43.0,43.310001373291016,42.599998474121094,43.0099983215332,154160
2014-02-19,SRF,40.55495834350586,43.439998626708984,43.5,42.79999923706055,43.380001068115234,90270
2014-02-20,SRF,40.00414276123047,42.849998474121094,43.79999923706055,42.79999923706055,43.65999984741211,53030
2014-02-21,SRF,40.28422546386719,43.150001525878906,43.630001068115234,42.900001525878906,43.58000183105469,196000
2014-02-24,SRF,40.48028564453125,43.36000061035156,43.5,42.27000045776367,42.810001373291016,70145
2014-02-25,SRF,40.22821044921875,43.09000015258789,43.779998779296875,43.0,43.0,173215
2014-02-26,SRF,40.13484573364258,42.9900016784668,43.279998779296875,42.779998779296875,43.02000045776367,173165
2014-02-28,SRF,40.20953369140625,43.06999969482422,43.88999938964844,41.06999969482422,42.400001525878906,84765
2014-03-03,SRF,39.752079010009766,42.58000183105469,43.29999923706055,42.40999984741211,42.810001373291016,52710
2014-03-04,SRF,40.29356002807617,43.15999984741211,44.119998931884766,42.4900016784668,42.5,436055
2014-03-05,SRF,42.78622817993164,45.83000183105469,48.47999954223633,43.5,43.5,2108015
2014-03-06,SRF,51.33787536621094,54.9900016784668,54.9900016784668,46.33000183105469,46.33000183105469,8483750
2014-03-07,SRF,52.420841217041016,56.150001525878906,59.099998474121094,52.810001373291016,56.95000076293945,12408015
2014-03-10,SRF,57.53689193725586,61.630001068115234,64.48999786376953,53.689998626708984,54.81999969482422,13841630
2014-03-11,SRF,54.79214096069336,58.689998626708984,62.779998779296875,58.0,61.880001068115234,3708490
2014-03-12,SRF,55.7817497253418,59.75,62.20000076293945,57.79999923706055,57.79999923706055,2973130
2014-03-13,SRF,54.58675003051758,58.470001220703125,61.400001525878906,58.02000045776367,60.20000076293945,1360335
2014-03-14,SRF,54.01726150512695,57.8599967956543,58.79999923706055,56.099998474121094,58.79999923706055,1165650
2014-03-18,SRF,55.305625915527344,59.2400016784668,60.79999923706055,57.86000061035156,57.86000061035156,1302390
2014-03-19,SRF,55.51100158691406,59.459999084472656,60.20000076293945,58.599998474121094,59.36000061035156,737915
2014-03-20,SRF,56.061824798583984,60.04999923706055,62.20000076293945,58.7599983215332,59.34000015258789,2525490
2014-03-21,SRF,59.41339111328125,63.63999938964844,64.9000015258789,60.41999816894531,60.41999816894531,4282970
2014-03-24,SRF,62.29818344116211,66.7300033569336,67.19999694824219,63.810001373291016,63.810001373291016,3883210
2014-03-25,SRF,61.36458206176758,65.7300033569336,67.18000030517578,64.5999984741211,66.80000305175781,1331995
2014-03-26,SRF,60.92580795288086,65.26000213623047,66.58000183105469,63.81999969482422,65.69999694824219,1306445
2014-03-27,SRF,61.74736404418945,66.13999938964844,66.91999816894531,64.62000274658203,65.83000183105469,888390
2014-03-28,SRF,67.43291473388672,72.2300033569336,72.75,66.33000183105469,66.7699966430664,6809275
2014-03-31,SRF,67.14347076416016,71.92000579833984,74.31999969482422,71.0,73.0,1997580
2014-04-01,SRF,64.85619354248047,69.47000122070312,72.27999877929688,69.04000091552734,71.87999725341797,720005
2014-04-02,SRF,66.07920837402344,70.77999877929688,74.54000091552734,68.5999984741211,69.95999908447266,3058035
2014-04-03,SRF,64.59479522705078,69.19000244140625,71.94000244140625,68.4000015258789,71.0,1078960
2014-04-04,SRF,65.42566680908203,70.07999420166016,71.66000366210938,69.4000015258789,69.77999877929688,1322595
2014-04-07,SRF,65.03357696533203,69.65999603271484,70.7300033569336,69.0199966430664,70.22000122070312,425195
2014-04-09,SRF,67.55425262451172,72.36000061035156,72.9800033569336,69.7300033569336,70.2699966430664,1611965
2014-04-10,SRF,74.30406951904297,79.58999633789062,79.58999633789062,72.83000183105469,72.83000183105469,5492935
2014-04-11,SRF,74.10801696777344,79.37999725341797,83.16000366210938,74.44000244140625,80.0,5304040
2014-04-15,SRF,77.57164001464844,83.09000396728516,84.58000183105469,79.19999694824219,79.4800033569336,3234510
2014-04-16,SRF,75.44306945800781,80.80999755859375,83.3499984741211,79.19999694824219,82.58000183105469,1158420
2014-04-17,SRF,75.46173095703125,80.82999420166016,82.38999938964844,79.9800033569336,81.0,696070
2014-04-21,SRF,76.04056549072266,81.44999694824219,83.80000305175781,80.87000274658203,81.19000244140625,1047765
2014-04-22,SRF,74.74287414550781,80.05999755859375,82.16000366210938,80.0,81.80999755859375,492460
2014-04-23,SRF,74.19205474853516,79.47000122070312,81.83999633789062,78.62000274658203,80.0,526575
2014-04-24,SRF,74.19205474853516,79.47000122070312,79.47000122070312,79.47000122070312,79.47000122070312,0
2014-04-25,SRF,73.49187469482422,78.72000122070312,81.0,78.23999786376953,79.45999908447266,712595
2014-04-28,SRF,72.57693481445312,77.74000549316406,79.30999755859375,77.22000122070312,78.87999725341797,301255
2014-04-29,SRF,73.84660339355469,79.0999984741211,83.0,77.5999984741211,77.5999984741211,2293030
2014-04-30,SRF,72.45557403564453,77.61000061035156,81.4000015258789,75.55000305175781,79.13999938964844,774375
2014-05-02,SRF,72.02617645263672,77.1500015258789,79.3499984741211,76.51000213623047,78.05000305175781,294825
2014-05-05,SRF,71.39128875732422,76.47000122070312,77.87999725341797,75.12000274658203,76.4000015258789,426420
2014-05-06,SRF,70.57907104492188,75.5999984741211,77.26000213623047,74.9000015258789,76.5999984741211,322140
2014-05-07,SRF,72.7450180053711,77.92000579833984,79.80000305175781,74.8499984741211,74.8499984741211,1128600
2014-05-08,SRF,72.45557403564453,77.61000061035156,78.68000030517578,75.5999984741211,78.5999984741211,467975
2014-05-09,SRF,73.06243133544922,78.26000213623047,79.18000030517578,77.19999694824219,78.0,747475
2014-05-12,SRF,72.52092742919922,77.68000030517578,78.95999908447266,74.43000030517578,76.01000213623047,1455110
2014-05-13,SRF,73.81861114501953,79.06999969482422,80.5999984741211,77.30999755859375,78.4000015258789,1242465
2014-05-14,SRF,74.86421966552734,80.19000244140625,80.9800033569336,78.27999877929688,79.69999694824219,1118860
2014-05-15,SRF,77.711669921875,83.23999786376953,84.37999725341797,80.0,80.79000091552734,2497810
2014-05-16,SRF,78.47722625732422,84.05999755859375,86.4000015258789,81.5999984741211,84.0999984741211,1458370
2014-05-19,SRF,81.69807434082031,87.51000213623047,87.9800033569336,83.98999786376953,83.98999786376953,949890
2014-05-20,SRF,79.72822570800781,85.4000015258789,89.7699966430664,85.01000213623047,88.06999969482422,998675
2014-05-21,SRF,81.24060821533203,87.0199966430664,88.08999633789062,84.41999816894531,86.13999938964844,513125
2014-05-22,SRF,82.230224609375,88.08000183105469,90.77999877929688,85.5999984741211,85.5999984741211,1346435
2014-05-23,SRF,83.52790832519531,89.47000122070312,90.54000091552734,86.41999816894531,86.41999816894531,1006980
2014-05-26,SRF,83.98536682128906,89.95999908447266,90.58999633789062,88.0,89.37999725341797,617850
2014-05-27,SRF,84.67620086669922,90.69999694824219,91.9800033569336,87.26000213623047,89.80000305175781,939715
2014-05-28,SRF,84.43348693847656,90.44000244140625,91.5199966430664,89.0,89.80999755859375,472620
2014-05-29,SRF,83.97602081298828,89.94999694824219,91.04000091552734,89.0,90.44000244140625,158840
2014-05-30,SRF,83.60257720947266,89.55000305175781,90.76000213623047,89.0,89.94999694824219,348125
2014-06-02,SRF,85.6564712524414,91.75,94.80000305175781,88.01000213623047,90.33999633789062,518800
2014-06-03,SRF,87.08486938476562,93.27999877929688,94.4000015258789,92.08999633789062,92.58000183105469,640015
2014-06-04,SRF,89.17610931396484,95.5199966430664,96.4000015258789,93.62000274658203,93.87999725341797,779215
2014-06-05,SRF,92.26627349853516,98.83000183105469,100.80000305175781,94.80000305175781,95.80000305175781,961575
2014-06-06,SRF,92.51834106445312,99.0999984741211,101.48999786376953,97.5199966430664,97.5199966430664,726670
2014-06-09,SRF,96.08462524414062,102.91999816894531,105.76000213623047,98.0,99.19999694824219,966510
2014-06-10,SRF,92.74237823486328,99.33999633789062,103.76000213623047,98.61000061035156,103.19999694824219,317430
2014-06-11,SRF,94.96432495117188,101.72000122070312,102.18000030517578,99.0,99.20999908447266,497505
2014-06-12,SRF,94.68424987792969,101.41999816894531,103.0,100.0,101.8499984741211,199400
2014-06-13,SRF,93.3492431640625,99.99000549316406,102.80000305175781,88.0,101.5999984741211,481600
2014-06-16,SRF,93.67598724365234,100.33999633789062,100.98999786376953,98.0,99.19999694824219,633615
2014-06-17,SRF,93.74134826660156,100.41000366210938,101.4000015258789,99.31999969482422,100.33999633789062,347835
2014-06-18,SRF,93.38655853271484,100.02999877929688,101.38999938964844,99.0,100.9800033569336,135660
2014-06-19,SRF,93.36790466308594,100.01000213623047,100.68000030517578,99.05999755859375,99.05999755859375,114535
2014-06-20,SRF,94.76828002929688,101.51000213623047,102.80000305175781,99.81999969482422,100.19999694824219,202440
2014-06-23,SRF,93.38655853271484,100.02999877929688,101.45999908447266,99.47000122070312,100.69999694824219,104140
2014-06-24,SRF,94.47887420654297,101.19999694824219,102.79000091552734,99.01000213623047,99.01000213623047,244485
2014-06-25,SRF,95.1417007446289,101.91000366210938,102.37999725341797,100.18000030517578,100.4000015258789,273645
2014-06-26,SRF,98.96007537841797,106.0,106.5999984741211,101.2300033569336,101.2300033569336,994470
2014-06-27,SRF,110.31246185302734,118.16000366210938,120.76000213623047,106.26000213623047,106.4000015258789,6024100
2014-06-30,SRF,111.32077026367188,119.23999786376953,120.4000015258789,113.62000274658203,118.13999938964844,1288615
2014-07-01,SRF,110.13511657714844,117.97000122070312,121.72000122070312,116.4800033569336,120.18000030517578,471835
2014-07-02,SRF,108.75340270996094,116.48999786376953,120.19000244140625,116.0,118.80000305175781,267565
2014-07-03,SRF,106.02733612060547,113.56999969482422,117.5999984741211,113.01000213623047,116.86000061035156,197650
2014-07-04,SRF,102.62908935546875,109.93000030517578,114.79000091552734,108.19999694824219,114.52999877929688,537475
2014-07-07,SRF,99.9776840209961,107.08999633789062,111.08999633789062,106.55000305175781,110.19999694824219,363900
2014-07-08,SRF,96.14065551757812,102.9800033569336,114.80000305175781,95.7699966430664,105.0199966430664,2074045
2014-07-09,SRF,95.41244506835938,102.19999694824219,105.55999755859375,99.41999816894531,103.76000213623047,863440
2014-07-10,SRF,98.38127136230469,105.37999725341797,108.5999984741211,99.61000061035156,102.4000015258789,1408735
2014-07-11,SRF,100.44446563720703,107.58999633789062,112.0,105.41000366210938,106.37999725341797,837835
2014-07-14,SRF,99.92167663574219,107.02999877929688,110.0,103.2699966430664,106.5199966430664,436410
2014-07-15,SRF,101.35006713867188,108.55999755859375,110.1500015258789,105.05000305175781,107.41000366210938,375405
2014-07-16,SRF,100.82723236083984,108.0,108.9000015258789,106.4000015258789,107.4800033569336,405320
2014-07-17,SRF,102.57304382324219,109.87000274658203,110.54000091552734,107.0199966430664,107.0199966430664,448440
2014-07-18,SRF,106.19537353515625,113.75,115.80000305175781,108.0,108.0,698490
2014-07-21,SRF,105.83126831054688,113.36000061035156,117.77999877929688,112.80000305175781,114.69999694824219,581190
2014-07-22,SRF,107.38101196289062,115.0199966430664,116.0,113.1500015258789,113.1500015258789,308960
2014-07-23,SRF,107.66111755371094,115.31999969482422,116.0,110.63999938964844,114.4000015258789,398950
2014-07-24,SRF,107.83847045898438,115.51000213623047,116.2699966430664,113.01000213623047,116.26000213623047,275330
2014-07-25,SRF,107.41838073730469,115.05999755859375,116.8499984741211,112.80000305175781,115.80000305175781,303155
2014-07-28,SRF,108.05320739746094,115.73999786376953,119.76000213623047,114.0,114.25,441940
2014-07-30,SRF,110.00440979003906,117.83000183105469,119.19999694824219,115.19999694824219,115.73999786376953,581115
2014-07-31,SRF,110.15377044677734,117.98999786376953,120.5999984741211,117.30000305175781,118.05999755859375,421815
2014-08-01,SRF,108.69739532470703,116.43000030517578,118.0,113.80000305175781,116.0,248835
2014-08-04,SRF,109.77102661132812,117.58000183105469,119.0,106.81999969482422,117.19999694824219,989355
2014-08-05,SRF,119.32157897949219,127.80999755859375,141.08999633789062,126.4000015258789,131.60000610351562,7338575
2014-08-06,SRF,118.07991027832031,126.4800033569336,129.75,125.0,129.60000610351562,1175170
2014-08-07,SRF,118.24797821044922,126.66000366210938,130.38999938964844,125.62999725341797,127.05000305175781,1129240
2014-08-08,SRF,112.40371704101562,120.4000015258789,125.58000183105469,119.5999984741211,125.58000183105469,1283265
2014-08-11,SRF,113.57068634033203,121.6500015258789,126.0,121.02999877929688,121.95999908447266,321400
2014-08-12,SRF,128.45205688476562,137.58999633789062,140.47999572753906,121.61000061035156,122.56999969482422,9786720
2014-08-13,SRF,120.99272918701172,129.60000610351562,138.0,126.44999694824219,137.39999389648438,2652455
2014-08-14,SRF,122.271728515625,130.97000122070312,135.60000610351562,129.8000030517578,130.02000427246094,1394565
2014-08-18,SRF,122.21568298339844,130.91000366210938,134.0,129.83999633789062,130.8000030517578,512885
2014-08-19,SRF,123.1492919921875,131.91000366210938,133.60000610351562,128.25999450683594,130.60000610351562,691405
2014-08-20,SRF,125.41790008544922,134.33999633789062,138.0,131.0,132.7899932861328,1471945
2014-08-21,SRF,123.54141998291016,132.3300018310547,135.38999938964844,131.22000122070312,133.8000030517578,610755
2014-08-22,SRF,123.68140411376953,132.47999572753906,134.97999572753906,130.47000122070312,132.1999969482422,453225
2014-08-25,SRF,123.27063751220703,132.0399932861328,133.60000610351562,131.0,133.16000366210938,332440
2014-08-26,SRF,124.81109619140625,133.69000244140625,136.39999389648438,130.39999389648438,132.55999755859375,903720
2014-08-27,SRF,127.47300720214844,135.52000427246094,137.60000610351562,134.1999969482422,134.1999969482422,688675
2014-08-28,SRF,128.32901000976562,136.42999267578125,138.8000030517578,132.7100067138672,135.8000030517578,754655
2014-09-01,SRF,130.313720703125,138.5399932861328,143.27999877929688,136.4499969482422,136.4499969482422,1168415
2014-09-02,SRF,130.0127716064453,138.22000122070312,141.60000610351562,137.0,137.74000549316406,647730
2014-09-03,SRF,132.49595642089844,140.86000061035156,144.0,138.0,139.0,1124485
2014-09-04,SRF,131.4612579345703,139.75999450683594,142.5,135.39999389648438,140.7899932861328,1850870
2014-09-05,SRF,134.734619140625,143.24000549316406,143.86000061035156,139.85000610351562,141.0,798210
2014-09-08,SRF,133.77517700195312,142.22000122070312,144.19000244140625,141.0500030517578,144.19000244140625,467985
2014-09-09,SRF,137.97036743164062,146.67999267578125,150.60000610351562,140.8000030517578,142.99000549316406,976695
2014-09-10,SRF,137.1144256591797,145.77000427246094,148.5800018310547,144.39999389648438,146.0,410015
2014-09-11,SRF,137.2084503173828,145.8699951171875,149.39999389648438,144.22000122070312,146.39999389648438,285775
2014-09-12,SRF,135.54356384277344,144.10000610351562,148.0,143.22999572753906,146.0,505500
2014-09-15,SRF,136.4276885986328,145.0399932861328,147.39999389648438,141.1999969482422,144.99000549316406,1107060
2014-09-16,SRF,136.86984252929688,145.50999450683594,147.99000549316406,144.39999389648438,145.99000549316406,702205
2014-09-17,SRF,137.40597534179688,146.0800018310547,147.89999389648438,143.1999969482422,147.0,1576790
2014-09-18,SRF,141.40362548828125,150.3300018310547,151.97999572753906,146.77999877929688,146.77999877929688,1300780
2014-09-19,SRF,142.8804168701172,151.89999389648438,154.47999572753906,149.4199981689453,151.38999938964844,1715075
2014-09-22,SRF,139.6822967529297,148.5,151.42999267578125,142.67999267578125,151.39999389648438,931975
2014-09-23,SRF,137.92330932617188,146.6300048828125,149.72000122070312,144.39999389648438,147.0,1197795
2014-09-24,SRF,135.25198364257812,143.7899932861328,147.7899932861328,140.0,147.7899932861328,320885
2014-09-25,SRF,135.18617248535156,143.72000122070312,145.35000610351562,140.22000122070312,145.35000610351562,692870
2014-09-26,SRF,135.91981506347656,144.5,146.1999969482422,141.10000610351562,143.97999572753906,536690
2014-09-29,SRF,137.04855346679688,145.6999969482422,147.9600067138672,142.5,144.8000030517578,336825
2014-09-30,SRF,142.22195434570312,151.1999969482422,155.0,144.6999969482422,146.77999877929688,1419805
2014-10-01,SRF,141.56353759765625,150.5,155.13999938964844,148.47000122070312,152.41000366210938,551320
2014-10-07,SRF,137.3025360107422,145.97000122070312,151.32000732421875,145.47999572753906,151.32000732421875,357245
2014-10-08,SRF,134.537109375,143.02999877929688,147.1999969482422,141.60000610351562,144.52000427246094,229550
2014-10-09,SRF,135.44944763183594,144.0,145.8000030517578,143.1999969482422,143.99000549316406,160005
2014-10-10,SRF,133.8410186767578,142.2899932861328,146.39999389648438,141.0500030517578,143.60000610351562,243380
2014-10-13,SRF,133.24842834472656,141.66000366210938,143.8300018310547,140.25,141.00999450683594,165615
2014-10-14,SRF,131.668212890625,139.97999572753906,142.9199981689453,136.80999755859375,141.63999938964844,312865
2014-10-15,SRF,131.668212890625,139.97999572753906,139.97999572753906,139.97999572753906,139.97999572753906,0
2014-10-16,SRF,123.4565658569336,131.25,139.1999969482422,130.08999633789062,138.60000610351562,328680
2014-10-17,SRF,124.20906829833984,132.0500030517578,136.3800048828125,129.0399932861328,131.25,499565
2014-10-20,SRF,126.25022888183594,134.22000122070312,135.60000610351562,132.8000030517578,132.82000732421875,939710
2014-10-21,SRF,126.08089447021484,134.0399932861328,135.47000122070312,133.0,133.3000030517578,147635
2014-10-22,SRF,126.24079132080078,134.2100067138672,137.3000030517578,133.82000732421875,134.97999572753906,131900
2014-10-27,SRF,127.79286193847656,135.86000061035156,138.0,135.02000427246094,137.61000061035156,419730
2014-10-28,SRF,126.64527893066406,134.63999938964844,137.85000610351562,133.36000061035156,135.0,290655
2014-10-29,SRF,151.52471923828125,161.08999633789062,161.55999755859375,144.39999389648438,145.1199951171875,15811115
2014-10-30,SRF,168.9544677734375,179.6199951171875,184.39999389648438,156.39999389648438,164.27999877929688,21517220
2014-10-31,SRF,160.3195037841797,170.44000244140625,178.3800048828125,168.66000366210938,178.3800048828125,7435385
2014-11-03,SRF,161.7022247314453,171.91000366210938,179.44000244140625,167.00999450683594,168.0,4318900
2014-11-05,SRF,159.85861206054688,169.9499969482422,176.5800018310547,169.0,172.99000549316406,1857710
2014-11-07,SRF,156.0491485595703,165.89999389648438,172.08999633789062,164.8800048828125,171.74000549316406,1348075
2014-11-10,SRF,153.22723388671875,162.89999389648438,171.36000061035156,162.07000732421875,167.10000610351562,2340455
2014-11-11,SRF,152.95445251464844,162.61000061035156,166.5800018310547,162.02000427246094,163.99000549316406,951770
2014-11-12,SRF,151.10147094726562,160.63999938964844,165.33999633789062,159.8300018310547,162.82000732421875,816855
2014-11-13,SRF,152.25839233398438,161.8699951171875,164.8000030517578,160.0,161.9600067138672,952470
2014-11-14,SRF,157.58236694335938,167.52999877929688,168.97999572753906,161.0500030517578,162.39999389648438,2899190
2014-11-17,SRF,160.00912475585938,170.11000061035156,171.97000122070312,165.1999969482422,167.89999389648438,1903720
2014-11-18,SRF,155.97386169433594,165.82000732421875,169.97999572753906,165.0,169.44000244140625,694220
2014-11-19,SRF,169.8104248046875,180.52999877929688,191.75999450683594,165.2100067138672,165.2100067138672,17636310
2014-11-20,SRF,171.5975799560547,182.42999267578125,190.36000061035156,180.8000030517578,180.8000030517578,7245345
2014-11-21,SRF,168.98265075683594,179.64999389648438,185.39999389648438,178.0399932861328,183.02999877929688,3390035
2014-11-24,SRF,166.58407592773438,177.10000610351562,182.39999389648438,176.0,181.38999938964844,1345480
2014-11-25,SRF,166.87564086914062,177.41000366210938,179.97999572753906,169.33999633789062,177.61000061035156,2070730
2014-11-26,SRF,169.9232635498047,180.64999389648438,188.0,178.22000122070312,178.22000122070312,4488925
2014-11-27,SRF,169.15196228027344,179.8300018310547,184.47999572753906,177.25999450683594,180.64999389648438,2017465
2014-11-28,SRF,167.68458557128906,178.27000427246094,183.32000732421875,177.02999877929688,180.38999938964844,1233010
2014-12-01,SRF,164.21372985839844,174.5800018310547,179.5399932861328,173.72999572753906,177.00999450683594,727855
2014-12-02,SRF,166.76275634765625,177.2899932861328,181.0,170.6199951171875,173.0,1755780
2014-12-03,SRF,165.8692169189453,176.33999633789062,179.60000610351562,175.2100067138672,177.60000610351562,680405
2014-12-04,SRF,169.96087646484375,180.69000244140625,184.1999969482422,174.0,175.0,2926310
2014-12-05,SRF,165.8692169189453,176.33999633789062,183.0,175.22000122070312,181.0,937095
2014-12-08,SRF,166.58407592773438,177.10000610351562,184.5800018310547,176.02000427246094,176.4199981689453,2207870
2014-12-09,SRF,164.09141540527344,174.4499969482422,179.60000610351562,172.22999572753906,176.4499969482422,850340
2014-12-10,SRF,162.783935546875,173.05999755859375,176.9600067138672,172.2899932861328,173.4600067138672,829610
2014-12-11,SRF,160.573486328125,170.7100067138672,174.75999450683594,170.0,172.32000732421875,694890
2014-12-12,SRF,163.2072296142578,173.50999450683594,177.9600067138672,171.0,171.39999389648438,1606055
2014-12-15,SRF,161.45770263671875,171.64999389648438,174.94000244140625,170.13999938964844,172.64999389648438,1599640
2014-12-16,SRF,158.1372833251953,168.1199951171875,171.77999877929688,166.1999969482422,170.22000122070312,890705
2014-12-17,SRF,158.07144165039062,168.0500030517578,171.6999969482422,165.89999389648438,167.0,781145
2014-12-18,SRF,159.7269287109375,169.80999755859375,172.0,169.0,169.60000610351562,415665
2014-12-19,SRF,160.64878845214844,170.7899932861328,173.74000549316406,169.10000610351562,171.24000549316406,467930
2014-12-22,SRF,161.5517120361328,171.75,175.0,169.61000061035156,171.27999877929688,875320
2014-12-23,SRF,160.73342895507812,170.8800048828125,173.9600067138672,170.0,172.39999389648438,489785
2014-12-24,SRF,160.78042602539062,170.92999267578125,173.33999633789062,170.1999969482422,171.0399932861328,648390
2014-12-26,SRF,161.8245086669922,172.0399932861328,173.8699951171875,169.0,171.0,412220
2014-12-29,SRF,163.33888244628906,173.64999389648438,177.3699951171875,171.6699981689453,173.5399932861328,1022065
2014-12-30,SRF,162.56759643554688,172.8300018310547,177.39999389648438,172.22000122070312,173.24000549316406,1455855
2014-12-31,SRF,164.63697814941406,175.02999877929688,176.0,172.88999938964844,173.00999450683594,1020385
2015-01-01,SRF,164.8721160888672,175.27999877929688,177.6699981689453,174.25,175.39999389648438,541820
2015-01-02,SRF,173.4036102294922,184.35000610351562,194.27999877929688,181.8000030517578,181.8000030517578,7249770
2015-01-05,SRF,170.71340942382812,181.49000549316406,187.0,180.25999450683594,185.60000610351562,1852035
2015-01-06,SRF,163.1790008544922,173.47999572753906,180.1999969482422,172.6999969482422,180.1999969482422,949175
2015-01-07,SRF,161.36361694335938,171.5500030517578,174.3699951171875,169.0,173.0,1219910
2015-01-08,SRF,162.69931030273438,172.97000122070312,175.99000549316406,172.0500030517578,173.1999969482422,771725
2015-01-09,SRF,160.96856689453125,171.1300048828125,175.0,170.02000427246094,174.39999389648438,811935
2015-01-12,SRF,159.51058959960938,169.5800018310547,172.66000366210938,168.52000427246094,171.97999572753906,788335
2015-01-13,SRF,168.88861083984375,179.5500030517578,184.8800048828125,168.39999389648438,169.00999450683594,5287310
2015-01-14,SRF,172.47239685058594,183.36000061035156,186.75999450683594,179.8000030517578,181.13999938964844,3384715
2015-01-15,SRF,172.6981201171875,183.60000610351562,187.17999267578125,181.0,186.2899932861328,1235485
2015-01-16,SRF,172.3782958984375,183.25999450683594,185.5399932861328,180.47999572753906,183.0,638815
2015-01-19,SRF,171.92681884765625,182.77999877929688,185.39999389648438,182.0,184.16000366210938,534620
2015-01-20,SRF,173.9396514892578,184.9199981689453,186.02000427246094,182.1999969482422,183.33999633789062,730085
2015-01-21,SRF,174.13726806640625,185.1300048828125,189.17999267578125,184.0,185.58999633789062,802650
2015-01-22,SRF,176.72398376464844,187.8800048828125,190.1999969482422,184.97000122070312,185.3800048828125,815005
2015-01-23,SRF,179.65866088867188,191.0,195.8000030517578,187.41000366210938,189.77999877929688,1346555
2015-01-27,SRF,177.57992553710938,188.7899932861328,192.97999572753906,186.10000610351562,192.0,638315
2015-01-28,SRF,183.35536193847656,194.92999267578125,196.0,187.0,187.0,1614070
2015-01-29,SRF,181.29541015625,192.74000549316406,199.60000610351562,191.64999389648438,195.89999389648438,1158975
2015-01-30,SRF,178.65223693847656,189.92999267578125,194.38999938964844,189.0,193.39999389648438,280760
2015-02-02,SRF,181.5211639404297,192.97999572753906,195.0,186.02999877929688,189.39999389648438,376455
2015-02-03,SRF,184.26771545410156,195.89999389648438,196.8000030517578,190.27000427246094,194.8000030517578,517500
2015-02-04,SRF,187.78565979003906,199.63999938964844,205.0,195.0,196.7899932861328,1868765
2015-02-05,SRF,184.19253540039062,195.82000732421875,200.99000549316406,193.10000610351562,199.97999572753906,738010
2015-02-06,SRF,177.6928253173828,188.91000366210938,195.97000122070312,185.63999938964844,195.82000732421875,640350
2015-02-09,SRF,178.20071411132812,189.4499969482422,194.1999969482422,183.0,188.0,548830
2015-02-10,SRF,186.13015747070312,197.8800048828125,202.08999633789062,190.60000610351562,190.60000610351562,1319015
2015-02-11,SRF,175.55755615234375,186.63999938964844,191.60000610351562,176.33999633789062,191.60000610351562,1653075
2015-02-12,SRF,177.608154296875,188.82000732421875,192.0,186.61000061035156,188.3800048828125,658685
2015-02-13,SRF,177.55145263671875,187.75999450683594,191.55999755859375,184.60000610351562,188.1999969482422,372930
2015-02-16,SRF,176.8232879638672,186.99000549316406,191.1999969482422,186.1999969482422,188.2899932861328,247225
2015-02-18,SRF,173.85400390625,183.85000610351562,187.8000030517578,182.66000366210938,187.60000610351562,283385
2015-02-19,SRF,174.65777587890625,184.6999969482422,186.19000244140625,181.72000122070312,183.94000244140625,261365
2015-02-20,SRF,175.35755920410156,185.44000244140625,186.0,183.0399932861328,184.55999755859375,243625
2015-02-23,SRF,174.525390625,184.55999755859375,187.47999572753906,182.5,185.97999572753906,224590
2015-02-24,SRF,174.02420043945312,184.02999877929688,185.8000030517578,183.3699951171875,185.1999969482422,135820
2015-02-25,SRF,177.23934936523438,187.42999267578125,195.0,180.22000122070312,180.22000122070312,1746225
2015-02-26,SRF,174.71449279785156,184.75999450683594,192.3699951171875,183.0,187.00999450683594,520770
2015-02-27,SRF,178.88478088378906,189.1699981689453,191.3699951171875,185.00999450683594,185.00999450683594,389870
2015-03-02,SRF,179.9249725341797,190.27000427246094,191.8000030517578,184.10000610351562,187.00999450683594,646815
2015-03-03,SRF,186.00540161132812,196.6999969482422,201.8000030517578,188.39999389648438,191.97999572753906,894625
2015-03-04,SRF,178.4119110107422,188.6699981689453,199.66000366210938,187.39999389648438,198.8000030517578,641070
2015-03-05,SRF,177.8162078857422,188.0399932861328,191.8000030517578,186.1999969482422,189.1999969482422,217535
2015-03-09,SRF,175.20623779296875,185.27999877929688,190.8000030517578,184.3800048828125,187.39999389648438,336380
2015-03-10,SRF,175.03602600097656,185.10000610351562,189.99000549316406,184.1999969482422,186.3699951171875,322255
2015-03-11,SRF,174.94146728515625,185.0,188.8000030517578,184.22000122070312,185.17999267578125,350115
2015-03-12,SRF,174.35520935058594,184.3800048828125,187.1999969482422,182.39999389648438,185.8000030517578,272655
2015-03-13,SRF,172.78546142578125,182.72000122070312,187.0,182.22000122070312,185.02000427246094,230625
2015-03-16,SRF,173.3717498779297,183.33999633789062,184.61000061035156,181.60000610351562,182.72000122070312,137635
2015-03-17,SRF,174.79017639160156,184.83999633789062,188.8000030517578,183.60000610351562,184.72000122070312,559025
2015-03-18,SRF,175.80197143554688,185.91000366210938,187.0,184.39999389648438,185.44000244140625,199860
2015-03-19,SRF,177.324462890625,187.52000427246094,189.89999389648438,186.1999969482422,187.25999450683594,744195
2015-03-20,SRF,172.0667724609375,181.9600067138672,189.60000610351562,180.25,187.99000549316406,467085
2015-03-23,SRF,174.0052490234375,184.00999450683594,185.7100067138672,182.6199951171875,182.7899932861328,447645
2015-03-24,SRF,172.5868377685547,182.50999450683594,186.1999969482422,181.02000427246094,183.1999969482422,243945
2015-03-25,SRF,172.51116943359375,182.42999267578125,185.7899932861328,181.6999969482422,183.7899932861328,552170
2015-03-26,SRF,170.42137145996094,180.22000122070312,183.00999450683594,179.10000610351562,182.13999938964844,173975
2015-03-27,SRF,168.5584716796875,178.25,182.0,175.08999633789062,179.2100067138672,195420
2015-03-30,SRF,179.96273803710938,190.30999755859375,195.0,179.02000427246094,179.1699981689453,407865
2015-03-31,SRF,187.61289978027344,198.39999389648438,204.39999389648438,184.22000122070312,192.0,1260790
2015-04-01,SRF,189.03134155273438,199.89999389648438,204.1999969482422,196.0,197.02000427246094,852170
2015-04-06,SRF,190.37416076660156,201.32000732421875,206.8000030517578,198.8000030517578,198.8000030517578,414085
2015-04-07,SRF,200.03848266601562,211.5399932861328,217.77999877929688,202.0,202.0,2182985
2015-04-08,SRF,199.7642822265625,211.25,216.1699981689453,209.0,213.02000427246094,622670
2015-04-09,SRF,194.84703063964844,206.0500030517578,212.85000610351562,205.0,210.1999969482422,264510
2015-04-10,SRF,192.9840850830078,204.0800018310547,212.0,203.55999755859375,206.0500030517578,286790
2015-04-13,SRF,192.66256713867188,203.74000549316406,210.35000610351562,201.60000610351562,205.2899932861328,277940
2015-04-15,SRF,198.68624877929688,210.11000061035156,215.9600067138672,206.39999389648438,206.39999389648438,890360
2015-04-16,SRF,194.3173828125,205.49000549316406,216.0,204.0500030517578,212.74000549316406,605100
2015-04-17,SRF,201.551513671875,213.13999938964844,216.7899932861328,205.0,205.69000244140625,743190
2015-04-20,SRF,209.09762573242188,221.1199951171875,224.5,213.22000122070312,215.22999572753906,1434555
2015-04-21,SRF,210.3363800048828,222.42999267578125,225.39999389648438,217.0,222.8000030517578,1055330
2015-04-22,SRF,204.0384979248047,215.77000427246094,224.0,212.22000122070312,219.0,774865
2015-04-23,SRF,200.6909637451172,212.22999572753906,220.50999450683594,210.8300018310547,217.7899932861328,390930
2015-04-24,SRF,189.94859313964844,200.8699951171875,213.38999938964844,200.0500030517578,211.0,394290
2015-04-27,SRF,181.56089782714844,192.0,201.77999877929688,190.8000030517578,201.77999877929688,580720
2015-04-28,SRF,189.64602661132812,200.5500030517578,203.0,187.52999877929688,190.7899932861328,556825
2015-04-29,SRF,196.18032836914062,207.4600067138672,210.75999450683594,195.16000366210938,195.16000366210938,327355
2015-04-30,SRF,183.84927368164062,194.4199981689453,206.7100067138672,186.33999633789062,202.0800018310547,1831780
2015-05-04,SRF,183.91549682617188,194.49000549316406,206.1999969482422,192.02999877929688,198.1999969482422,521365
2015-05-05,SRF,184.04786682128906,194.6300048828125,197.60000610351562,194.0,195.97999572753906,259630
2015-05-06,SRF,180.41665649414062,190.7899932861328,198.1999969482422,188.60000610351562,194.9499969482422,442480
2015-05-07,SRF,174.13771057128906,184.14999389648438,196.0,182.8000030517578,192.0,1116700
2015-05-08,SRF,177.2110137939453,187.39999389648438,190.61000061035156,185.99000549316406,185.99000549316406,264335
2015-05-11,SRF,179.12120056152344,189.4199981689453,192.77000427246094,187.39999389648438,189.5800018310547,568135
2015-05-12,SRF,171.5182647705078,181.3800048828125,191.60000610351562,180.80999755859375,190.77999877929688,1679060
2015-05-13,SRF,174.13771057128906,184.14999389648438,187.0,179.8000030517578,183.0399932861328,1064325
2015-05-14,SRF,177.79730224609375,188.02000427246094,191.60000610351562,182.0,184.1999969482422,484140
2015-05-15,SRF,181.6743621826172,192.1199951171875,192.8000030517578,187.22999572753906,188.38999938964844,476980
2015-05-18,SRF,186.01483154296875,196.7100067138672,197.49000549316406,192.0,193.5,296760
2015-05-19,SRF,184.63417053222656,195.25,198.97999572753906,192.94000244140625,196.60000610351562,262825
2015-05-20,SRF,186.55381774902344,197.27999877929688,198.63999938964844,196.0,196.0,242795
2015-05-21,SRF,191.31979370117188,202.32000732421875,203.0,196.80999755859375,199.60000610351562,472050
2015-05-22,SRF,191.9249725341797,202.9600067138672,205.8000030517578,201.61000061035156,203.60000610351562,876030
2015-05-25,SRF,187.88714599609375,198.69000244140625,202.9600067138672,197.6199951171875,202.9600067138672,268935
2015-05-26,SRF,187.8115234375,198.61000061035156,199.8300018310547,195.0,198.55999755859375,449915
2015-05-27,SRF,188.65310668945312,199.5,201.39999389648438,194.1199951171875,196.83999633789062,185245
2015-05-28,SRF,191.0928192138672,202.0800018310547,203.17999267578125,198.0,199.58999633789062,302685
2015-05-29,SRF,208.23704528808594,220.2100067138672,227.5399932861328,202.1999969482422,202.1999969482422,1723920
2015-06-01,SRF,215.54678344726562,227.94000244140625,233.0,218.61000061035156,223.1999969482422,1524020
2015-06-02,SRF,210.11891174316406,222.1999969482422,228.0,215.6199951171875,227.60000610351562,545095
2015-06-03,SRF,199.1968536376953,210.64999389648438,227.60000610351562,206.0,220.39999389648438,666650
2015-06-04,SRF,204.3505401611328,216.10000610351562,217.5800018310547,201.8000030517578,212.8000030517578,558865
2015-06-05,SRF,204.59645080566406,216.36000061035156,222.77999877929688,212.0,216.0800018310547,867290
2015-06-08,SRF,199.8115692138672,211.3000030517578,219.8000030517578,207.0,218.0,497285
2015-06-09,SRF,198.47817993164062,209.88999938964844,215.60000610351562,206.22000122070312,210.0,439905
2015-06-10,SRF,203.20631408691406,214.88999938964844,218.7899932861328,208.8000030517578,210.3800048828125,481305
2015-06-11,SRF,195.5467529296875,206.7899932861328,217.32000732421875,204.83999633789062,216.0,508805
2015-06-12,SRF,193.88243103027344,205.02999877929688,211.8000030517578,201.60000610351562,205.9600067138672,502490
2015-06-15,SRF,193.65548706054688,204.7899932861328,209.82000732421875,203.60000610351562,205.60000610351562,356495
2015-06-16,SRF,195.42379760742188,206.66000366210938,209.0,200.39999389648438,204.7899932861328,434490
2015-06-17,SRF,196.66259765625,207.97000122070312,214.69000244140625,206.2100067138672,207.42999267578125,688865
2015-06-18,SRF,202.8092041015625,214.47000122070312,216.1999969482422,209.02000427246094,210.39999389648438,833140
2015-06-19,SRF,202.69569396972656,214.35000610351562,219.0,213.24000549316406,215.0,742080
2015-06-22,SRF,211.0266876220703,223.16000366210938,225.0,212.02000427246094,214.67999267578125,1065570
2015-06-23,SRF,212.14256286621094,224.33999633789062,229.0,223.0,226.8000030517578,1480370
2015-06-24,SRF,209.76902770996094,221.8300018310547,228.0,218.92999267578125,224.39999389648438,889895
2015-06-25,SRF,212.53968811035156,224.75999450683594,228.0,216.61000061035156,216.61000061035156,337990
2015-06-26,SRF,227.07406616210938,240.1300048828125,244.41000366210938,225.02999877929688,225.75999450683594,4330405
2015-06-29,SRF,231.95346069335938,245.2899932861328,247.1999969482422,230.22000122070312,234.9600067138672,3327835
2015-06-30,SRF,233.05038452148438,246.4499969482422,250.1999969482422,244.1999969482422,246.8000030517578,1117495
2015-07-01,SRF,233.90147399902344,247.35000610351562,253.60000610351562,245.0,246.39999389648438,1454905
2015-07-02,SRF,237.82583618164062,251.5,255.0,247.25,250.0,1179365
2015-07-03,SRF,236.81402587890625,250.42999267578125,254.5399932861328,248.22999572753906,252.0,704810
2015-07-06,SRF,250.26087951660156,264.6499938964844,265.9800109863281,245.5500030517578,246.0,2390380
2015-07-07,SRF,251.3294219970703,265.7799987792969,271.20001220703125,263.260009765625,267.5899963378906,2248160
2015-07-08,SRF,245.9866485595703,260.1300048828125,270.0,256.4700012207031,262.20001220703125,1970365
2015-07-09,SRF,246.70530700683594,260.8900146484375,265.79998779296875,259.5199890136719,260.1300048828125,912285
2015-07-10,SRF,247.1119384765625,261.32000732421875,265.79998779296875,258.70001220703125,265.79998779296875,821300
2015-07-13,SRF,247.06463623046875,261.2699890136719,262.8999938964844,254.8000030517578,261.3999938964844,626370
2015-07-14,SRF,247.52796936035156,261.760009765625,263.8500061035156,259.19000244140625,261.6000061035156,925985
2015-07-15,SRF,247.35780334472656,261.5799865722656,267.29998779296875,260.5400085449219,262.6000061035156,1040475
2015-07-16,SRF,246.63914489746094,260.82000732421875,264.8800048828125,259.2699890136719,263.5400085449219,539520
2015-07-17,SRF,247.83062744140625,262.0799865722656,264.989990234375,260.4100036621094,261.7200012207031,651915
2015-07-20,SRF,254.97958374023438,269.6400146484375,270.79998779296875,261.6300048828125,262.3999938964844,1476690
2015-07-21,SRF,246.0717315673828,260.2200012207031,272.4100036621094,257.510009765625,271.3599853515625,1329745
2015-07-22,SRF,248.81410217285156,263.1199951171875,264.3999938964844,260.20001220703125,260.2200012207031,504970
2015-07-23,SRF,247.43344116210938,261.6600036621094,264.0,259.1099853515625,264.0,397035
2015-07-24,SRF,245.67457580566406,259.79998779296875,263.7099914550781,258.67999267578125,262.6000061035156,251580
2015-07-27,SRF,242.1095428466797,256.0299987792969,260.6400146484375,254.05999755859375,259.79998779296875,475010
2015-07-28,SRF,247.84002685546875,262.0899963378906,265.0,252.0399932861328,256.5799865722656,1073815
2015-07-29,SRF,247.9629669189453,262.2200012207031,264.0799865722656,261.0,263.0,348485
2015-07-30,SRF,260.57769775390625,275.55999755859375,277.3999938964844,261.82000732421875,264.5,2213775
2015-07-31,SRF,263.0079650878906,278.1300048828125,284.70001220703125,273.45001220703125,278.0,2095855
2015-08-03,SRF,261.94891357421875,277.010009765625,283.2099914550781,273.7799987792969,273.94000244140625,606805
2015-08-04,SRF,276.8236083984375,292.739990234375,294.4800109863281,274.1400146484375,277.6000061035156,2302215
2015-08-05,SRF,277.23028564453125,293.1700134277344,299.7699890136719,292.0,296.6000061035156,1522365
2015-08-06,SRF,273.2491149902344,288.9599914550781,295.3299865722656,282.3599853515625,294.79998779296875,1112515
2015-08-07,SRF,268.662841796875,284.1099853515625,295.0,281.8399963378906,293.79998779296875,1799005
2015-08-10,SRF,267.8873291015625,283.2900085449219,288.989990234375,281.6199951171875,287.94000244140625,676865
2015-08-11,SRF,262.9606628417969,278.0799865722656,287.7799987792969,274.82000732421875,285.5400085449219,1018230
2015-08-12,SRF,248.64385986328125,262.94000244140625,278.0,260.29998779296875,276.7900085449219,865570
2015-08-13,SRF,242.7147674560547,256.6700134277344,267.79998779296875,253.39999389648438,265.19000244140625,933670
2015-08-14,SRF,249.28688049316406,263.6199951171875,266.9700012207031,257.8599853515625,259.5,646415
2015-08-17,SRF,245.28684997558594,259.3900146484375,265.1600036621094,257.0,264.0,493245
2015-08-18,SRF,256.435791015625,271.17999267578125,276.0,257.20001220703125,257.20001220703125,976565
2015-08-19,SRF,254.70530700683594,269.3500061035156,277.4599914550781,267.20001220703125,276.79998779296875,1408845
2015-08-20,SRF,245.5138397216797,259.6300048828125,271.0799865722656,258.0799865722656,269.3500061035156,887715
2015-08-21,SRF,239.9534912109375,253.75,259.1099853515625,246.52000427246094,255.3300018310547,1098960
2015-08-24,SRF,203.4049530029297,215.10000610351562,245.16000366210938,210.25,241.22000122070312,1738250
2015-08-25,SRF,218.25131225585938,230.8000030517578,235.77000427246094,203.57000732421875,219.0,1457300
2015-08-26,SRF,222.53501892089844,235.3300018310547,239.8000030517578,222.25,231.0500030517578,1266400
2015-08-27,SRF,226.31752014160156,239.3300018310547,244.0,235.6999969482422,240.0,752445
2015-08-28,SRF,227.77989196777344,239.8699951171875,247.94000244140625,237.5500030517578,242.60000610351562,686165
2015-08-31,SRF,223.79161071777344,235.6699981689453,242.1999969482422,232.0,242.1999969482422,981685
2015-09-01,SRF,216.58416748046875,228.0800018310547,234.8000030517578,226.25999450683594,230.1999969482422,781400
2015-09-02,SRF,211.75071716308594,222.99000549316406,229.8000030517578,220.8000030517578,226.44000244140625,1336220
2015-09-03,SRF,219.30007934570312,230.94000244140625,236.1999969482422,223.1999969482422,225.5399932861328,1178940
2015-09-04,SRF,209.96548461914062,221.11000061035156,230.94000244140625,215.0,230.94000244140625,1398975
2015-09-07,SRF,203.78358459472656,214.60000610351562,224.97000122070312,210.9600067138672,224.0,611790
2015-09-08,SRF,208.18020629882812,219.22999572753906,221.38999938964844,209.11000061035156,213.97000122070312,1067350
2015-09-09,SRF,209.32923889160156,220.44000244140625,227.25,219.22999572753906,221.5399932861328,714390
2015-09-10,SRF,210.3643035888672,221.52999877929688,222.82000732421875,210.0,214.5,1052220
2015-09-11,SRF,218.3503875732422,229.94000244140625,235.97999572753906,226.39999389648438,228.0,1836865
2015-09-14,SRF,219.70834350585938,231.3699951171875,232.8000030517578,225.22999572753906,232.47000122070312,861175
2015-09-15,SRF,217.32485961914062,228.86000061035156,234.5500030517578,227.63999938964844,231.3699951171875,593650
2015-09-16,SRF,212.94720458984375,224.25,231.6300048828125,219.8000030517578,231.0,772815
2015-09-18,SRF,217.79014587402344,229.35000610351562,230.8800048828125,224.24000549316406,229.17999267578125,1224835
2015-09-21,SRF,216.6031494140625,228.10000610351562,231.8000030517578,225.1999969482422,227.32000732421875,757925
2015-09-22,SRF,213.8778533935547,225.22999572753906,239.60000610351562,223.0,229.0,1814055
2015-09-23,SRF,214.62803649902344,226.02000427246094,228.3300018310547,217.5800018310547,222.39999389648438,653485
2015-09-24,SRF,214.3051300048828,225.67999267578125,230.0,223.44000244140625,225.67999267578125,1060720
2015-09-28,SRF,213.09913635253906,224.41000366210938,231.39999389648438,223.55999755859375,225.67999267578125,457765
2015-09-29,SRF,214.61846923828125,226.00999450683594,229.39999389648438,221.02000427246094,223.64999389648438,557640
2015-09-30,SRF,213.3935089111328,224.72000122070312,229.2100067138672,220.52999877929688,226.8000030517578,744820
2015-10-01,SRF,214.57102966308594,225.9600067138672,229.17999267578125,223.91000366210938,228.0,472690
2015-10-05,SRF,224.72222900390625,236.64999389648438,238.7899932861328,227.8000030517578,228.0,1232330
2015-10-06,SRF,225.3014678955078,237.25999450683594,241.8000030517578,233.1999969482422,238.94000244140625,1125440
2015-10-07,SRF,234.92086791992188,247.38999938964844,248.8300018310547,234.2100067138672,234.2100067138672,2081820
2015-10-08,SRF,233.62942504882812,246.02999877929688,250.47999572753906,243.42999267578125,249.16000366210938,1348905
2015-10-09,SRF,231.23646545410156,243.50999450683594,249.60000610351562,240.0,246.02999877929688,561445
2015-10-12,SRF,232.8697509765625,245.22999572753906,248.0,241.50999450683594,243.91000366210938,550690
2015-10-13,SRF,232.831787109375,245.19000244140625,247.39999389648438,242.5,246.9499969482422,276750
2015-10-14,SRF,240.9413299560547,253.72999572753906,255.27000427246094,244.77999877929688,245.5,1345800
2015-10-15,SRF,240.4569854736328,253.22000122070312,255.89999389648438,250.50999450683594,254.8000030517578,504890
2015-10-16,SRF,247.4176025390625,260.54998779296875,263.1600036621094,251.0,254.0,799165
2015-10-19,SRF,252.3839569091797,265.7799987792969,267.4800109863281,259.0,262.04998779296875,1001240
2015-10-20,SRF,248.53811645507812,261.7300109863281,266.0,258.510009765625,265.9599914550781,407645
2015-10-21,SRF,247.75946044921875,260.9100036621094,264.8699951171875,258.1600036621094,261.79998779296875,453425
2015-10-23,SRF,245.25247192382812,258.2699890136719,263.8999938964844,256.3500061035156,261.20001220703125,415085
2015-10-26,SRF,246.4774932861328,259.55999755859375,263.5299987792969,257.20001220703125,258.79998779296875,584830
2015-10-27,SRF,247.6739959716797,260.82000732421875,262.2200012207031,250.3000030517578,259.19000244140625,325180
2015-10-28,SRF,257.8631286621094,271.54998779296875,275.7200012207031,260.79998779296875,261.0,1763845
2015-10-29,SRF,258.0341491699219,271.7300109863281,278.44000244140625,270.239990234375,273.3999938964844,1605845
2015-10-30,SRF,251.13047790527344,264.4599914550781,276.29998779296875,261.55999755859375,272.0799865722656,606395
2015-11-02,SRF,252.19400024414062,265.5799865722656,267.79998779296875,258.8599853515625,266.45001220703125,432945
2015-11-03,SRF,253.6658935546875,267.1300048828125,269.1700134277344,262.989990234375,265.79998779296875,471930
2015-11-04,SRF,252.5169677734375,265.9200134277344,269.739990234375,264.04998779296875,267.20001220703125,360235
2015-11-05,SRF,250.26634216308594,263.54998779296875,266.6099853515625,260.2200012207031,265.9599914550781,369320
2015-11-06,SRF,245.36647033691406,258.3900146484375,265.20001220703125,251.5,263.25,873110
2015-11-09,SRF,245.32847595214844,258.3500061035156,260.8800048828125,246.22999572753906,249.0,482130
2015-11-10,SRF,240.4380340576172,253.1999969482422,259.92999267578125,251.02000427246094,257.79998779296875,467120
2015-11-13,SRF,232.4804229736328,244.82000732421875,254.3000030517578,231.3300018310547,254.3000030517578,1380290
2015-11-16,SRF,240.26708984375,253.02000427246094,254.39999389648438,240.52000427246094,247.99000549316406,640750
2015-11-17,SRF,243.94210815429688,256.8900146484375,258.0,249.75,255.60000610351562,690800
2015-11-18,SRF,234.67398071289062,247.1300048828125,258.3999938964844,245.39999389648438,255.3000030517578,660335
2015-11-19,SRF,240.7609100341797,253.5399932861328,255.0,248.05999755859375,249.75999450683594,517210
2015-11-20,SRF,242.4701690673828,255.33999633789062,258.3800048828125,252.02000427246094,253.1999969482422,591585
2015-11-23,SRF,238.30145263671875,250.9499969482422,258.0799865722656,249.7100067138672,255.60000610351562,433260
2015-11-24,SRF,238.22543334960938,250.8699951171875,254.22999572753906,248.4600067138672,252.1999969482422,318535
2015-11-26,SRF,236.34527587890625,248.88999938964844,253.3800048828125,247.02000427246094,253.3800048828125,538185
2015-11-27,SRF,237.90261840820312,250.52999877929688,252.00999450683594,246.2100067138672,248.0,458100
2015-11-30,SRF,242.2802734375,255.13999938964844,256.0299987792969,249.1699981689453,250.86000061035156,567490
2015-12-01,SRF,240.18165588378906,252.92999267578125,257.8900146484375,251.5500030517578,255.0,379760
2015-12-02,SRF,234.49354553222656,246.94000244140625,255.19000244140625,243.10000610351562,255.19000244140625,502965
2015-12-03,SRF,233.4965057373047,245.88999938964844,250.60000610351562,244.0,245.41000366210938,419370
2015-12-04,SRF,233.21160888671875,245.58999633789062,247.8000030517578,242.86000061035156,243.9600067138672,356750
2015-12-07,SRF,232.25254821777344,244.5800018310547,249.19000244140625,242.0,246.89999389648438,330550
2015-12-08,SRF,230.6761932373047,242.9199981689453,246.1999969482422,241.9499969482422,243.60000610351562,308875
2015-12-09,SRF,226.2510528564453,238.25999450683594,243.60000610351562,235.35000610351562,242.39999389648438,436790
2015-12-10,SRF,227.2386474609375,239.3000030517578,241.41000366210938,233.39999389648438,238.00999450683594,606705
2015-12-11,SRF,225.73829650878906,237.72000122070312,242.1999969482422,235.86000061035156,240.39999389648438,525075
2015-12-14,SRF,223.1173858642578,234.9600067138672,240.47999572753906,232.92999267578125,234.6300048828125,543300
2015-12-15,SRF,222.7185516357422,234.5399932861328,236.8000030517578,229.19000244140625,235.97999572753906,682780
2015-12-16,SRF,225.39642333984375,237.36000061035156,240.0,233.02000427246094,235.99000549316406,543155
2015-12-17,SRF,235.9559326171875,248.47999572753906,249.6300048828125,237.16000366210938,239.0,1510755
2015-12-18,SRF,234.69297790527344,247.14999389648438,249.60000610351562,243.1999969482422,248.39999389648438,734480
2015-12-21,SRF,236.33578491210938,248.8800048828125,251.8000030517578,245.8000030517578,249.0,493040
2015-12-22,SRF,235.12979125976562,247.61000061035156,250.17999267578125,244.4199981689453,249.3800048828125,648870
2015-12-23,SRF,233.50596618652344,245.89999389648438,250.8000030517578,245.2100067138672,250.8000030517578,445285
2015-12-24,SRF,236.0984344482422,248.6300048828125,250.3000030517578,244.02000427246094,246.6999969482422,439190
2015-12-28,SRF,242.24229431152344,255.10000610351562,257.1700134277344,248.1999969482422,250.0,700680
2015-12-29,SRF,242.2612762451172,255.1199951171875,258.95001220703125,254.0,258.95001220703125,535715
2015-12-30,SRF,241.11224365234375,253.91000366210938,256.92999267578125,252.9199981689453,256.20001220703125,315210
2015-12-31,SRF,240.19114685058594,252.94000244140625,257.3999938964844,251.1199951171875,255.60000610351562,561870
2016-01-01,SRF,239.8872528076172,252.6199951171875,255.97000122070312,251.8000030517578,253.14999389648438,205615
2016-01-04,SRF,236.84854125976562,249.4199981689453,256.19000244140625,247.0,253.16000366210938,570180
2016-01-05,SRF,243.51475524902344,256.44000244140625,258.20001220703125,248.39999389648438,250.39999389648438,609995
2016-01-06,SRF,255.9734344482422,269.55999755859375,272.3999938964844,254.61000061035156,255.8000030517578,3529670
2016-01-07,SRF,247.90188598632812,261.05999755859375,268.79998779296875,258.44000244140625,268.79998779296875,1627300
2016-01-08,SRF,250.24746704101562,263.5299987792969,266.2799987792969,261.20001220703125,261.20001220703125,629795
2016-01-11,SRF,246.03115844726562,259.0899963378906,261.95001220703125,253.0,261.79998779296875,371860
2016-01-12,SRF,247.3795928955078,260.510009765625,266.9599914550781,258.4200134277344,261.79998779296875,600450
2016-01-13,SRF,239.61192321777344,252.3300018310547,264.0,245.2100067138672,262.5400085449219,1612525
2016-01-14,SRF,234.550537109375,247.0,251.0,244.1999969482422,245.22999572753906,742655
2016-01-15,SRF,230.41029357910156,242.63999938964844,249.72999572753906,240.8300018310547,246.60000610351562,689350
2016-01-18,SRF,216.92601013183594,228.44000244140625,245.16000366210938,226.4600067138672,242.10000610351562,1190795
2016-01-19,SRF,215.51109313964844,226.9499969482422,231.0,221.39999389648438,226.39999389648438,764810
2016-01-20,SRF,209.7945556640625,220.92999267578125,226.0,217.36000061035156,224.39999389648438,810905
2016-01-21,SRF,211.77919006347656,223.02000427246094,227.19000244140625,217.02000427246094,222.8000030517578,721585
2016-01-22,SRF,215.57762145996094,227.02000427246094,230.85000610351562,223.4499969482422,223.8000030517578,728225
2016-01-25,SRF,214.23863220214844,225.61000061035156,232.99000549316406,224.7100067138672,228.0,594020
2016-01-27,SRF,211.02906799316406,222.22999572753906,227.8000030517578,220.2100067138672,227.0,617565
2016-01-28,SRF,215.82447814941406,227.27999877929688,228.7899932861328,217.27000427246094,223.0,1745255
2016-01-29,SRF,221.55052185058594,233.30999755859375,234.8000030517578,223.2100067138672,228.8000030517578,680085
2016-02-01,SRF,221.13270568847656,232.8699951171875,237.11000061035156,231.0,233.30999755859375,486640
2016-02-02,SRF,218.4168701171875,230.00999450683594,236.39999389648438,228.50999450683594,231.0,450035
2016-02-03,SRF,209.025390625,220.1199951171875,228.60000610351562,218.6199951171875,227.60000610351562,632185
2016-02-04,SRF,207.14512634277344,218.13999938964844,226.75999450683594,214.64999389648438,220.8000030517578,633325
2016-02-05,SRF,216.3087921142578,227.7899932861328,228.60000610351562,216.1999969482422,219.0399932861328,820225
2016-02-08,SRF,215.72950744628906,227.17999267578125,232.39999389648438,223.86000061035156,227.1999969482422,635180
2016-02-09,SRF,220.1166534423828,231.8000030517578,234.2100067138672,216.0,226.5800018310547,1196300
2016-02-10,SRF,219.87928771972656,231.5500030517578,235.86000061035156,225.9199981689453,231.8000030517578,1046980
2016-02-11,SRF,213.5264892578125,224.86000061035156,232.4600067138672,222.4499969482422,230.1999969482422,883670
2016-02-12,SRF,207.828857421875,218.86000061035156,226.3699951171875,210.16000366210938,224.8000030517578,544205
2016-02-15,SRF,218.17933654785156,228.7100067138672,230.3699951171875,220.0,220.0,986610
2016-02-16,SRF,206.97984313964844,216.97000122070312,230.77999877929688,215.35000610351562,228.00999450683594,551815
2016-02-17,SRF,209.8035430908203,219.92999267578125,222.6300048828125,209.2899932861328,217.60000610351562,1094615
2016-02-18,SRF,208.56341552734375,218.6300048828125,225.52999877929688,216.2100067138672,222.0,414935
2016-02-19,SRF,211.3871307373047,221.58999633789062,225.27999877929688,217.39999389648438,219.0,497415
2016-02-22,SRF,208.3249053955078,218.3800048828125,224.0399932861328,217.1199951171875,222.1999969482422,341390
2016-02-23,SRF,205.8541717529297,215.7899932861328,220.58999633789062,214.1999969482422,218.5,597855
2016-02-24,SRF,200.48345947265625,210.16000366210938,215.0,209.1999969482422,214.0,388330
2016-02-25,SRF,197.70736694335938,207.25,212.02999877929688,204.60000610351562,212.02999877929688,1572650
2016-02-26,SRF,200.47384643554688,210.14999389648438,213.39999389648438,208.80999755859375,209.72000122070312,438320
2016-02-29,SRF,201.57090759277344,211.3000030517578,212.39999389648438,205.11000061035156,211.39999389648438,756325
2016-03-01,SRF,210.09930419921875,220.24000549316406,221.97999572753906,210.14999389648438,211.39999389648438,430710
2016-03-02,SRF,210.84336853027344,221.02000427246094,226.60000610351562,219.64999389648438,223.24000549316406,1048105
2016-03-03,SRF,219.03787231445312,229.61000061035156,230.97999572753906,220.7100067138672,222.0,601655
2016-03-04,SRF,230.38038635253906,241.5,243.24000549316406,231.60000610351562,232.3800048828125,1166020
2016-03-08,SRF,225.64877319335938,236.5399932861328,244.0,235.27000427246094,242.39999389648438,545320
2016-03-09,SRF,228.25308227539062,239.27000427246094,240.88999938964844,231.61000061035156,235.39999389648438,786270
2016-03-10,SRF,225.37210083007812,236.25,241.58999633789062,235.27000427246094,238.8800048828125,546915
2016-03-11,SRF,224.9905548095703,235.85000610351562,239.0800018310547,234.0,237.58999633789062,450085
2016-03-14,SRF,227.65206909179688,238.63999938964844,241.0,234.0399932861328,237.02000427246094,324875
2016-03-15,SRF,229.455078125,240.52999877929688,247.1999969482422,237.39999389648438,240.0,1623285
2016-03-16,SRF,229.2738037109375,240.33999633789062,243.19000244140625,234.0,241.97999572753906,771290
2016-03-17,SRF,227.73793029785156,238.72999572753906,244.9600067138672,237.27999877929688,242.02000427246094,573145
2016-03-18,SRF,230.59979248046875,241.72999572753906,243.4499969482422,237.58999633789062,240.8300018310547,531105
2016-03-21,SRF,233.82421875,245.11000061035156,246.5,241.22999572753906,241.22999572753906,974490
2016-03-22,SRF,234.09129333496094,245.38999938964844,246.94000244140625,240.60000610351562,245.9499969482422,763245
2016-03-23,SRF,238.4699249267578,249.97999572753906,251.7100067138672,244.1999969482422,246.0,869130
2016-03-28,SRF,241.9136962890625,253.58999633789062,256.8800048828125,248.74000549316406,251.16000366210938,1399520
2016-03-29,SRF,243.10617065429688,254.83999633789062,256.92999267578125,247.24000549316406,255.22000122070312,701870
2016-03-30,SRF,248.82029724121094,260.8299865722656,264.0,253.60000610351562,255.60000610351562,654695
2016-03-31,SRF,249.64080810546875,261.69000244140625,266.7699890136719,258.2200012207031,261.0,1210725
2016-04-01,SRF,244.09828186035156,255.8800048828125,259.0,252.89999389648438,259.0,571575
2016-04-04,SRF,243.92652893066406,255.6999969482422,257.8699951171875,254.39999389648438,256.79998779296875,232435
2016-04-05,SRF,234.98802185058594,246.3300018310547,256.0799865722656,245.39999389648438,254.1300048828125,550705
2016-04-06,SRF,245.51010131835938,257.3599853515625,259.9700012207031,246.0,246.60000610351562,887430
2016-04-07,SRF,240.43508911132812,252.0399932861328,256.95001220703125,251.14999389648438,251.14999389648438,470740
2016-04-08,SRF,244.06964111328125,255.85000610351562,257.70001220703125,249.0399932861328,249.60000610351562,351860
2016-04-11,SRF,246.9601593017578,258.8800048828125,261.3999938964844,253.4199981689453,259.0,447930
2016-04-12,SRF,248.40057373046875,260.3900146484375,264.75,257.489990234375,257.5899963378906,854670
2016-04-13,SRF,262.20440673828125,274.8599853515625,276.7799987792969,262.0,262.0,1570015
2016-04-18,SRF,264.5033874511719,277.2699890136719,282.9800109863281,276.0,276.9599914550781,1371175
2016-04-20,SRF,266.6402282714844,279.510009765625,282.3800048828125,276.54998779296875,277.57000732421875,512025
2016-04-21,SRF,259.2471008300781,271.760009765625,283.20001220703125,270.3999938964844,280.0,691445
2016-04-22,SRF,258.48394775390625,270.9599914550781,272.8299865722656,266.3999938964844,271.5799865722656,578410
2016-04-25,SRF,257.0911865234375,269.5,274.3599853515625,267.2300109863281,272.3999938964844,516780
2016-04-26,SRF,257.38690185546875,269.80999755859375,272.2900085449219,268.07000732421875,269.2099914550781,1050235
2016-04-27,SRF,258.6651611328125,271.1499938964844,272.4800109863281,268.0199890136719,272.0,429150
2016-04-28,SRF,256.1467590332031,268.510009765625,273.8999938964844,267.20001220703125,271.20001220703125,822950
2016-04-29,SRF,260.3631896972656,272.92999267578125,274.0,263.489990234375,268.3999938964844,593175
2016-05-02,SRF,259.2947692871094,271.80999755859375,277.489990234375,270.44000244140625,272.0400085449219,536265
2016-05-03,SRF,256.05133056640625,268.4100036621094,275.0299987792969,267.239990234375,272.0,359705
2016-05-04,SRF,254.9828643798828,267.2900085449219,271.67999267578125,266.5,268.0,274280
2016-05-05,SRF,263.9882507324219,276.7300109863281,283.30999755859375,267.3999938964844,269.0,1901545
2016-05-06,SRF,260.1914978027344,272.75,278.3900146484375,270.2300109863281,276.8599853515625,443450
2016-05-09,SRF,270.3224792480469,283.3699951171875,284.510009765625,273.95001220703125,276.989990234375,1106830
2016-05-10,SRF,269.49261474609375,282.5,288.29998779296875,279.6499938964844,284.8699951171875,1176470
2016-05-11,SRF,274.3100280761719,287.54998779296875,293.760009765625,280.510009765625,284.6000061035156,3096675
2016-05-12,SRF,264.66558837890625,277.44000244140625,291.0,273.260009765625,289.0,1531020
2016-05-13,SRF,240.62586975097656,252.24000549316406,273.79998779296875,246.9600067138672,273.79998779296875,5256560
2016-05-16,SRF,240.4255828857422,252.02999877929688,257.3900146484375,247.05999755859375,252.58999633789062,2762890
2016-05-17,SRF,241.24595642089844,252.88999938964844,255.60000610351562,250.25,253.10000610351562,1575220
2016-05-18,SRF,241.2364044189453,252.8800048828125,254.5800018310547,248.7899932861328,250.24000549316406,1160585
2016-05-19,SRF,235.12156677246094,246.47000122070312,257.6000061035156,244.49000549316406,254.39999389648438,1293590
2016-05-20,SRF,229.11163330078125,240.1699981689453,247.1999969482422,234.60000610351562,246.39999389648438,1293100
2016-05-23,SRF,226.12574768066406,237.0399932861328,243.55999755859375,235.10000610351562,242.00999450683594,1075720
2016-05-24,SRF,230.05609130859375,241.16000366210938,243.0,233.07000732421875,237.0399932861328,1270635
2016-05-25,SRF,235.6271514892578,247.0,248.44000244140625,239.77000427246094,243.39999389648438,1019725
2016-05-26,SRF,235.75115966796875,247.1300048828125,249.86000061035156,245.1999969482422,247.0,1152840
2016-05-27,SRF,240.50186157226562,252.11000061035156,254.0,245.8800048828125,247.97999572753906,724395
2016-05-30,SRF,248.5341796875,260.5299987792969,261.55999755859375,253.1300048828125,254.0,1365430
2016-05-31,SRF,247.4752960205078,259.4200134277344,262.20001220703125,257.20001220703125,262.20001220703125,1465750
2016-06-01,SRF,245.71046447753906,257.57000732421875,261.8999938964844,253.42999267578125,260.0,702655
2016-06-02,SRF,245.33840942382812,257.17999267578125,258.17999267578125,252.30999755859375,253.0,631300
2016-06-03,SRF,239.41432189941406,250.97000122070312,259.0,250.0,259.0,413725
2016-06-06,SRF,241.13148498535156,252.77000427246094,255.17999267578125,247.94000244140625,249.02000427246094,314375
2016-06-07,SRF,241.30322265625,252.9499969482422,254.94000244140625,250.35000610351562,253.0399932861328,590670
2016-06-08,SRF,239.8245391845703,251.39999389648438,253.36000061035156,250.13999938964844,252.0,208580
2016-06-09,SRF,242.075927734375,253.75999450683594,254.9600067138672,247.57000732421875,252.0,949815
2016-06-10,SRF,238.53672790527344,250.0500030517578,256.2900085449219,248.66000366210938,254.0,873290
2016-06-13,SRF,247.91407775878906,259.8800048828125,261.6000061035156,246.42999267578125,250.0,1671010
2016-06-14,SRF,240.8357391357422,252.4600067138672,262.19000244140625,251.22999572753906,262.19000244140625,1263315
2016-06-15,SRF,245.0426788330078,256.8699951171875,257.3999938964844,253.13999938964844,253.7100067138672,1125895
2016-06-16,SRF,241.03607177734375,252.6699981689453,257.1600036621094,251.1999969482422,256.989990234375,382585
2016-06-17,SRF,239.643310546875,251.2100067138672,256.5799865722656,250.67999267578125,253.05999755859375,409955
2016-06-20,SRF,242.05682373046875,253.74000549316406,255.0,248.7100067138672,251.1999969482422,647345
2016-06-21,SRF,240.75946044921875,252.3800048828125,256.0,251.30999755859375,255.99000549316406,350160
2016-06-22,SRF,239.19496154785156,250.74000549316406,253.9600067138672,250.08999633789062,252.3800048828125,342505
2016-06-23,SRF,238.6798095703125,250.1999969482422,251.7899932861328,249.60000610351562,251.39999389648438,333135
2016-06-24,SRF,239.05186462402344,250.58999633789062,252.0,239.3300018310547,244.3000030517578,599310
2016-06-27,SRF,241.65614318847656,253.32000732421875,254.8000030517578,250.1999969482422,252.1999969482422,323845
2016-06-28,SRF,244.3367919921875,256.1300048828125,257.0799865722656,253.0,254.9600067138672,385060
2016-06-29,SRF,246.98873901367188,258.9100036621094,259.79998779296875,256.0,256.6000061035156,378840
2016-06-30,SRF,250.48031616210938,262.57000732421875,264.94000244140625,258.1400146484375,260.2200012207031,2055995
2016-07-01,SRF,250.7664337158203,262.8699951171875,265.489990234375,262.0,262.6000061035156,262835
2016-07-04,SRF,251.8062744140625,263.9599914550781,266.8500061035156,262.2200012207031,265.5,390955
2016-07-05,SRF,250.0223388671875,262.0899963378906,266.7900085449219,261.010009765625,263.3999938964844,299380
2016-07-07,SRF,252.8173370361328,265.0199890136719,268.7799987792969,261.45001220703125,263.0,1115280
2016-07-08,SRF,249.8887481689453,261.95001220703125,267.739990234375,259.2099914550781,266.0,439315
2016-07-11,SRF,251.1766357421875,263.29998779296875,267.0,262.44000244140625,265.0,251590
2016-07-12,SRF,258.216796875,270.67999267578125,272.2799987792969,264.0,264.3999938964844,914300
2016-07-13,SRF,255.51710510253906,267.8500061035156,272.5899963378906,267.0,270.3999938964844,353750
2016-07-14,SRF,262.1662292480469,274.82000732421875,287.3999938964844,272.0,272.6000061035156,5308105
2016-07-15,SRF,255.15460205078125,267.4700012207031,276.0,265.79998779296875,276.0,825765
2016-07-18,SRF,255.61251831054688,267.95001220703125,273.79998779296875,264.510009765625,269.6000061035156,711590
2016-07-19,SRF,254.41050720214844,266.69000244140625,270.6199951171875,264.8699951171875,268.3800048828125,484650
2016-07-20,SRF,257.7302551269531,270.1700134277344,273.0,265.79998779296875,266.3399963378906,621740
2016-07-21,SRF,260.3728332519531,272.94000244140625,277.6000061035156,268.5199890136719,270.6000061035156,1046130
2016-07-22,SRF,265.7530822753906,278.5799865722656,279.6000061035156,272.1099853515625,273.20001220703125,873315
2016-07-25,SRF,265.3141784667969,278.1199951171875,281.6000061035156,275.0,279.0,975680
2016-07-26,SRF,265.4001159667969,278.2099914550781,283.6099853515625,277.25,280.3999938964844,1086175
2016-07-27,SRF,269.3303527832031,282.3299865722656,283.7699890136719,278.2099914550781,279.0,956740
2016-07-28,SRF,272.0777282714844,285.2099914550781,286.3999938964844,280.79998779296875,282.3999938964844,1129540
2016-07-29,SRF,279.66180419921875,293.1600036621094,294.4800109863281,285.9800109863281,285.9800109863281,1036030
2016-08-01,SRF,288.6385498046875,302.57000732421875,305.6000061035156,294.04998779296875,294.04998779296875,2077920
2016-08-02,SRF,285.0420837402344,298.79998779296875,304.9599914550781,294.95001220703125,304.20001220703125,886390
2016-08-03,SRF,281.5791931152344,295.1700134277344,301.0400085449219,294.0,299.79998779296875,909205
2016-08-04,SRF,286.81640625,300.6600036621094,302.7900085449219,292.44000244140625,297.3800048828125,842155
2016-08-05,SRF,292.2635498046875,306.3699951171875,309.8999938964844,302.0,302.0,1048775
2016-08-08,SRF,293.63714599609375,307.80999755859375,311.20001220703125,299.20001220703125,309.20001220703125,1145610
2016-08-09,SRF,301.62176513671875,316.17999267578125,337.739990234375,310.0,312.9800109863281,10467745
2016-08-10,SRF,297.9300842285156,312.30999755859375,325.7200012207031,309.6000061035156,316.17999267578125,4380650
2016-08-11,SRF,297.3957824707031,311.75,316.989990234375,307.6199951171875,314.239990234375,1196925
2016-08-12,SRF,302.1751403808594,316.760009765625,319.5899963378906,312.0,312.989990234375,1063770
2016-08-16,SRF,303.228515625,316.6600036621094,318.3699951171875,309.9800109863281,317.5899963378906,652155
2016-08-17,SRF,308.5622863769531,322.2300109863281,325.94000244140625,314.0,314.0,1417420
2016-08-18,SRF,310.419921875,324.1700134277344,327.0,309.5400085449219,321.7799987792969,1449600
2016-08-19,SRF,308.87823486328125,322.55999755859375,327.95001220703125,321.70001220703125,323.8999938964844,944355
2016-08-22,SRF,310.98492431640625,324.760009765625,326.3999938964844,321.7099914550781,323.989990234375,664185
2016-08-23,SRF,317.7837829589844,331.8599853515625,333.25,324.20001220703125,324.6000061035156,1401265
2016-08-24,SRF,322.0066223144531,336.2699890136719,338.3999938964844,330.19000244140625,332.20001220703125,1099210
2016-08-25,SRF,321.5949401855469,335.8399963378906,341.8900146484375,333.3999938964844,336.20001220703125,1372265
2016-08-26,SRF,320.7235107421875,334.92999267578125,342.3999938964844,333.0,337.2799987792969,1162985
2016-08-29,SRF,319.9574279785156,334.1300048828125,336.70001220703125,331.7300109863281,334.7799987792969,486405
2016-08-30,SRF,323.0025939941406,337.30999755859375,339.79998779296875,331.5299987792969,336.0,453530
2016-08-31,SRF,329.696044921875,344.29998779296875,346.0,336.6199951171875,339.3999938964844,1607550
2016-09-01,SRF,328.1926574707031,342.7300109863281,350.0,341.1000061035156,345.9800109863281,1023720
2016-09-02,SRF,326.5360107421875,341.0,346.79998779296875,339.8500061035156,343.20001220703125,654915
2016-09-06,SRF,328.92999267578125,343.5,345.9100036621094,340.79998779296875,344.510009765625,419505
2016-09-07,SRF,332.0900573730469,346.79998779296875,349.79998779296875,343.510009765625,345.0,774160
2016-09-08,SRF,331.40057373046875,346.0799865722656,350.9700012207031,344.0,347.0,588085
2016-09-09,SRF,329.0736083984375,343.6499938964844,347.79998779296875,342.5,346.2099914550781,362515
2016-09-12,SRF,311.2625732421875,325.04998779296875,336.2300109863281,323.510009765625,326.6000061035156,671900
2016-09-14,SRF,316.5771484375,330.6000061035156,333.6000061035156,325.3399963378906,325.9100036621094,309720
2016-09-15,SRF,314.1448669433594,328.05999755859375,335.5799865722656,327.1000061035156,331.0,591855
2016-09-16,SRF,311.19561767578125,324.9800109863281,337.0,322.57000732421875,330.0,1587405
2016-09-19,SRF,313.3597106933594,327.239990234375,329.79998779296875,325.0,326.0,426145
2016-09-20,SRF,311.4924011230469,325.2900085449219,328.94000244140625,324.6000061035156,327.0,296310
2016-09-21,SRF,308.22705078125,321.8800048828125,326.010009765625,319.3999938964844,325.20001220703125,461110
2016-09-22,SRF,311.0616149902344,324.8399963378906,330.0,323.2099914550781,326.0,444515
2016-09-23,SRF,342.40325927734375,357.57000732421875,360.0,325.760009765625,328.9599914550781,7141230
2016-09-26,SRF,342.3553161621094,357.5199890136719,362.20001220703125,352.5799865722656,355.79998779296875,2873565
2016-09-27,SRF,338.3143310546875,353.29998779296875,364.9599914550781,351.6499938964844,358.239990234375,2840505
2016-09-28,SRF,343.8779296875,359.1099853515625,361.79998779296875,354.4200134277344,354.6199951171875,1016205
2016-09-29,SRF,335.6905822753906,350.55999755859375,364.6300048828125,334.0,361.3999938964844,2033375
2016-09-30,SRF,340.4593200683594,355.5400085449219,357.0,349.07000732421875,350.4100036621094,989345
2016-10-03,SRF,365.49053955078125,381.67999267578125,385.0,355.0199890136719,358.0,2864300
2016-10-04,SRF,357.5426330566406,373.3800048828125,385.5899963378906,371.0799865722656,383.79998779296875,1381450
2016-10-05,SRF,368.564453125,384.8900146484375,394.0,374.6199951171875,375.3399963378906,4265945
2016-10-06,SRF,362.0528259277344,378.0899963378906,389.260009765625,374.3999938964844,387.5,1775360
2016-10-07,SRF,362.7135925292969,378.7799987792969,389.1199951171875,376.0,379.760009765625,1973915
2016-10-10,SRF,363.1732482910156,379.260009765625,385.54998779296875,378.0,382.0,929655
2016-10-13,SRF,359.3236999511719,375.239990234375,379.79998779296875,370.1199951171875,378.9599914550781,967000
2016-10-14,SRF,358.15545654296875,374.0199890136719,378.79998779296875,372.6099853515625,377.79998779296875,596835
2016-10-17,SRF,352.34295654296875,367.95001220703125,377.989990234375,363.1400146484375,375.3999938964844,787230
2016-10-18,SRF,358.2320556640625,374.1000061035156,375.6600036621094,364.92999267578125,367.7799987792969,913535
2016-10-19,SRF,358.14593505859375,374.010009765625,376.9800109863281,369.0,374.239990234375,673490
2016-10-20,SRF,368.6409606933594,384.9700012207031,387.5400085449219,372.2200012207031,374.1000061035156,1808595
2016-10-21,SRF,366.48638916015625,382.7200012207031,391.67999267578125,380.6400146484375,385.79998779296875,1791665
2016-10-24,SRF,360.60693359375,376.5799865722656,386.07000732421875,375.6099853515625,386.07000732421875,653270
2016-10-25,SRF,359.1322021484375,375.0400085449219,378.6700134277344,373.1199951171875,376.20001220703125,461975
2016-10-26,SRF,353.8750915527344,369.54998779296875,376.0,367.57000732421875,375.6000061035156,310395
2016-10-27,SRF,346.59747314453125,361.95001220703125,370.79998779296875,358.1099853515625,368.79998779296875,696690
2016-10-28,SRF,348.7424011230469,364.19000244140625,369.2799987792969,361.0299987792969,362.0,581540
2016-11-01,SRF,347.3347473144531,362.7200012207031,370.0,361.5199890136719,367.1400146484375,327205
2016-11-02,SRF,332.3294372558594,347.04998779296875,360.0,344.489990234375,359.010009765625,657800
2016-11-03,SRF,332.8848876953125,347.6300048828125,355.3999938964844,342.45001220703125,342.45001220703125,601330
2016-11-04,SRF,326.2295837402344,340.67999267578125,350.20001220703125,330.29998779296875,350.20001220703125,1062350
2016-11-07,SRF,329.2172546386719,343.79998779296875,347.8299865722656,341.0,345.79998779296875,1470650
2016-11-08,SRF,333.9859924316406,348.7799987792969,353.0,344.0,347.0,835690
2016-11-09,SRF,326.8233337402344,341.29998779296875,346.04998779296875,314.5199890136719,314.5199890136719,1262675
2016-11-10,SRF,335.3841552734375,350.239990234375,356.79998779296875,346.3999938964844,350.0,697295
2016-11-11,SRF,323.7686462402344,338.1099853515625,349.80999755859375,336.0,348.0,706590
2016-11-15,SRF,309.4910583496094,323.20001220703125,333.239990234375,319.9700012207031,333.20001220703125,2059410
2016-11-16,SRF,292.02471923828125,304.9599914550781,335.6099853515625,303.2099914550781,328.0,1552645
2016-11-17,SRF,280.19854736328125,292.6099853515625,303.79998779296875,283.0,301.2200012207031,3619295
2016-11-18,SRF,273.1316223144531,285.2300109863281,294.3999938964844,270.20001220703125,294.3999938964844,3414380
2016-11-21,SRF,274.83612060546875,287.010009765625,299.79998779296875,280.9200134277344,285.25,3525110
2016-11-22,SRF,275.3244323730469,287.5199890136719,293.760009765625,283.0899963378906,290.989990234375,1072360
2016-11-23,SRF,280.4762268066406,292.8999938964844,295.3599853515625,288.3999938964844,290.79998779296875,1094460
2016-11-24,SRF,278.08233642578125,290.3999938964844,296.20001220703125,287.42999267578125,291.3999938964844,1142695
2016-11-25,SRF,293.0110168457031,305.989990234375,309.7799987792969,291.2300109863281,293.0,1492175
2016-11-28,SRF,292.7237548828125,305.69000244140625,311.0400085449219,304.2200012207031,308.0,1478370
2016-11-29,SRF,295.5390930175781,308.6300048828125,312.9599914550781,305.1300048828125,307.9599914550781,795435
2016-11-30,SRF,301.6293029785156,314.989990234375,323.3599853515625,309.7099914550781,311.20001220703125,1693925
2016-12-01,SRF,303.12310791015625,316.54998779296875,318.32000732421875,309.20001220703125,316.2799987792969,944640
2016-12-02,SRF,292.7333984375,305.70001220703125,315.20001220703125,303.0,315.0,886950
2016-12-05,SRF,293.98773193359375,307.010009765625,308.4100036621094,300.20001220703125,303.57000732421875,2259035
2016-12-06,SRF,292.0821533203125,305.0199890136719,311.7300109863281,303.79998779296875,308.3999938964844,418650
2016-12-07,SRF,289.9371643066406,302.7799987792969,309.79998779296875,300.2099914550781,306.7099914550781,652535
2016-12-08,SRF,294.97412109375,308.0400085449219,314.8599853515625,303.3900146484375,305.6000061035156,1557225
2016-12-09,SRF,293.92071533203125,306.94000244140625,310.8999938964844,304.2200012207031,310.8999938964844,609745
2016-12-12,SRF,290.7894592285156,303.6700134277344,309.20001220703125,299.9100036621094,306.7799987792969,695415
2016-12-13,SRF,291.9673156738281,304.8999938964844,309.20001220703125,303.3999938964844,306.6000061035156,804245
2016-12-14,SRF,292.2736511230469,305.2200012207031,310.5199890136719,304.0199890136719,305.1099853515625,1476495
2016-12-15,SRF,289.046630859375,301.8500061035156,307.54998779296875,301.0400085449219,301.0400085449219,540110
2016-12-16,SRF,288.7019348144531,301.489990234375,304.5199890136719,298.2200012207031,304.5199890136719,630560
2016-12-19,SRF,288.8838806152344,301.67999267578125,304.3999938964844,301.0,302.79998779296875,300415
2016-12-20,SRF,283.6171875,296.17999267578125,302.9800109863281,295.1099853515625,302.1099853515625,629820
2016-12-21,SRF,284.3258361816406,296.9200134277344,300.94000244140625,290.0799865722656,298.3999938964844,953665
2016-12-22,SRF,284.3832702636719,296.9800109863281,299.739990234375,294.3999938964844,294.3999938964844,825145
2016-12-23,SRF,286.11639404296875,298.7900085449219,302.3500061035156,296.6400146484375,297.3999938964844,936040
2016-12-26,SRF,279.4898986816406,291.8699951171875,298.0,290.20001220703125,298.0,590130
2016-12-27,SRF,289.3818054199219,302.20001220703125,304.20001220703125,288.79998779296875,292.0,920950
2016-12-28,SRF,287.8017578125,300.54998779296875,306.8800048828125,299.2900085449219,303.20001220703125,901010
2016-12-29,SRF,292.7237548828125,305.69000244140625,307.0,297.1000061035156,300.3999938964844,1248045
2016-12-30,SRF,296.1709899902344,309.2900085449219,310.92999267578125,305.5799865722656,305.79998779296875,486365
2017-01-02,SRF,298.4597473144531,311.67999267578125,312.79998779296875,306.2300109863281,310.0,483170
2017-01-03,SRF,296.8891906738281,310.0400085449219,314.6000061035156,309.1199951171875,311.9700012207031,560920
2017-01-04,SRF,296.74566650390625,309.8900146484375,314.3999938964844,308.0,310.6400146484375,489975
2017-01-05,SRF,303.4582824707031,316.8999938964844,319.0,309.6099853515625,309.8900146484375,794385
2017-01-06,SRF,299.7715759277344,313.04998779296875,322.70001220703125,312.0,317.6000061035156,817790
2017-01-09,SRF,300.7866516113281,314.1099853515625,316.5899963378906,310.5899963378906,313.05999755859375,385910
2017-01-10,SRF,301.8304138183594,315.20001220703125,317.6000061035156,313.2799987792969,314.45001220703125,295495
2017-01-11,SRF,316.395263671875,330.4100036621094,331.79998779296875,315.7099914550781,316.20001220703125,2242850
2017-01-12,SRF,313.0724792480469,326.94000244140625,333.0,323.1000061035156,332.0,1301060
2017-01-13,SRF,310.3050537109375,324.04998779296875,329.6499938964844,321.6000061035156,327.57000732421875,549875
2017-01-16,SRF,311.0806884765625,324.8599853515625,328.3999938964844,322.3999938964844,324.05999755859375,625775
2017-01-17,SRF,317.1422119140625,331.19000244140625,341.1499938964844,327.5299987792969,327.9700012207031,3882685
2017-01-18,SRF,317.18048095703125,331.2300109863281,335.9800109863281,329.32000732421875,331.3800048828125,1035715
2017-01-19,SRF,319.6127624511719,333.7699890136719,335.0,329.4100036621094,331.2300109863281,726330
2017-01-20,SRF,314.9109802246094,328.8599853515625,338.5899963378906,327.739990234375,334.0,1409515
2017-01-23,SRF,316.6058654785156,330.6300048828125,332.6000061035156,327.0199890136719,328.75,586655
2017-01-24,SRF,318.87542724609375,333.0,335.20001220703125,325.6700134277344,330.989990234375,840220
2017-01-25,SRF,327.43621826171875,341.94000244140625,343.0,331.0199890136719,333.6400146484375,1576385
2017-01-27,SRF,326.89984130859375,341.3800048828125,352.0,339.2200012207031,342.0,1020035
2017-01-30,SRF,323.8548583984375,338.20001220703125,343.0,336.75,341.20001220703125,554100
2017-01-31,SRF,328.5086975097656,343.05999755859375,349.0,337.6000061035156,338.20001220703125,1332635
2017-02-01,SRF,325.6455078125,340.07000732421875,345.7900085449219,335.6600036621094,345.7900085449219,953490
2017-02-02,SRF,326.2392272949219,340.69000244140625,345.79998779296875,337.3999938964844,340.07000732421875,728775
2017-02-03,SRF,325.1954650878906,339.6000061035156,343.9800109863281,337.5400085449219,340.4800109863281,615605
2017-02-06,SRF,331.496337890625,346.17999267578125,347.6000061035156,341.0899963378906,341.20001220703125,838675
2017-02-07,SRF,335.4607849121094,350.32000732421875,356.7200012207031,347.70001220703125,347.70001220703125,1656645
2017-02-08,SRF,336.8300476074219,351.75,354.5899963378906,349.25,353.20001220703125,612850
2017-02-09,SRF,333.89031982421875,348.67999267578125,354.3999938964844,346.5400085449219,352.1300048828125,565345
2017-02-10,SRF,335.5469055175781,350.4100036621094,353.7799987792969,346.94000244140625,348.79998779296875,677260
2017-02-13,SRF,306.56085205078125,320.1400146484375,347.5199890136719,310.3999938964844,343.0,6085165
2017-02-14,SRF,303.33380126953125,316.7699890136719,326.7900085449219,313.55999755859375,320.6000061035156,2572190
2017-02-15,SRF,292.8769836425781,305.8500061035156,320.0,304.0199890136719,316.7699890136719,1547520
2017-02-16,SRF,295.4336853027344,308.5199890136719,310.7099914550781,301.2300109863281,307.0,1857200
2017-02-17,SRF,305.89288330078125,318.20001220703125,320.32000732421875,306.0,310.0,1880140
2017-02-20,SRF,307.690673828125,320.07000732421875,323.57000732421875,315.20001220703125,318.3999938964844,1480440
2017-02-21,SRF,308.642333984375,321.05999755859375,323.7099914550781,319.0899963378906,320.0,484345
2017-02-22,SRF,302.43218994140625,314.6000061035156,322.8800048828125,313.6000061035156,321.3800048828125,490690
2017-02-23,SRF,298.43310546875,310.44000244140625,317.17999267578125,309.3999938964844,315.0,1025930
2017-02-27,SRF,298.43310546875,310.44000244140625,314.79998779296875,309.70001220703125,309.70001220703125,1136730
2017-02-28,SRF,299.1925354003906,311.2300109863281,313.0,310.20001220703125,311.79998779296875,277490
2017-03-01,SRF,298.0101013183594,310.0,314.2799987792969,308.4200134277344,311.3900146484375,617025
2017-03-02,SRF,302.4898681640625,314.6600036621094,323.3999938964844,310.3999938964844,311.010009765625,1764355
2017-03-03,SRF,302.537841796875,314.7099914550781,316.4800109863281,311.6099853515625,313.5400085449219,557635
2017-03-06,SRF,304.00872802734375,316.239990234375,318.9200134277344,311.1300048828125,314.94000244140625,582340
2017-03-07,SRF,305.4795227050781,317.7699890136719,320.7799987792969,315.7099914550781,316.0,601270
2017-03-08,SRF,301.34588623046875,313.4700012207031,318.5899963378906,312.2799987792969,317.7699890136719,648070
2017-03-09,SRF,303.04736328125,315.239990234375,316.7900085449219,312.4100036621094,313.0199890136719,537430
2017-03-10,SRF,300.89410400390625,313.0,318.0,311.260009765625,315.20001220703125,658780
2017-03-14,SRF,302.1533508300781,314.30999755859375,318.3900146484375,314.0,317.9800109863281,571770
2017-03-15,SRF,301.249755859375,313.3699951171875,316.3699951171875,312.6099853515625,313.6000061035156,770155
2017-03-16,SRF,311.7377624511719,324.2799987792969,325.9800109863281,314.05999755859375,314.82000732421875,1597675
2017-03-17,SRF,310.5264892578125,323.0199890136719,328.1099853515625,320.55999755859375,326.0,2847855
2017-03-20,SRF,310.74761962890625,323.25,329.2799987792969,322.04998779296875,324.0199890136719,905950
2017-03-21,SRF,308.0366516113281,320.42999267578125,326.8299865722656,318.0,325.5400085449219,745930
2017-03-22,SRF,304.3451843261719,316.5899963378906,324.80999755859375,312.0,319.3999938964844,1320900
2017-03-23,SRF,305.8448181152344,318.1499938964844,320.1400146484375,315.4100036621094,316.989990234375,619960
2017-03-24,SRF,305.92181396484375,318.2300109863281,320.7799987792969,317.6700134277344,318.1499938964844,676110
2017-03-27,SRF,307.98858642578125,320.3800048828125,328.0899963378906,317.989990234375,320.5400085449219,1861435
2017-03-28,SRF,307.34454345703125,319.7099914550781,323.9800109863281,318.3599853515625,320.3800048828125,921700
2017-03-29,SRF,307.7579650878906,320.1400146484375,323.989990234375,318.6700134277344,320.0,444565
2017-03-30,SRF,308.4115905761719,320.82000732421875,324.55999755859375,316.0,320.489990234375,1131870
2017-03-31,SRF,312.84332275390625,325.42999267578125,327.7799987792969,320.510009765625,321.1700134277344,1018835
2017-04-03,SRF,319.55340576171875,332.4100036621094,334.8900146484375,326.0,326.3800048828125,1412150
2017-04-05,SRF,317.8038330078125,330.5899963378906,336.5899963378906,329.42999267578125,334.0,1401800
2017-04-06,SRF,316.8038635253906,329.54998779296875,333.57000732421875,327.20001220703125,331.0,954300
2017-04-07,SRF,314.75640869140625,327.4200134277344,331.7799987792969,326.32000732421875,330.0,897695
2017-04-10,SRF,313.9104309082031,326.5400085449219,331.0,324.94000244140625,328.3999938964844,994910
2017-04-11,SRF,314.9678955078125,327.6400146484375,328.94000244140625,325.6000061035156,327.0,728830
2017-04-12,SRF,316.650146484375,329.3900146484375,333.6099853515625,325.0,328.3999938964844,1121210
2017-04-13,SRF,325.5712585449219,338.6700134277344,340.0,328.3999938964844,330.0,2023990
2017-04-17,SRF,327.7149658203125,340.8999938964844,343.5299987792969,338.7900085449219,341.2699890136719,904820
2017-04-18,SRF,317.10198974609375,329.8599853515625,344.8800048828125,326.79998779296875,342.79998779296875,905620
2017-04-19,SRF,322.2642822265625,335.2300109863281,336.69000244140625,327.30999755859375,332.489990234375,793935
2017-04-20,SRF,328.98388671875,342.2200012207031,344.4100036621094,335.1700134277344,336.0,966180
2017-04-21,SRF,326.782470703125,339.92999267578125,344.6000061035156,337.7099914550781,342.3999938964844,599655
2017-04-24,SRF,329.62799072265625,342.8900146484375,346.5799865722656,339.17999267578125,341.0,1108860
2017-04-25,SRF,333.1751708984375,346.5799865722656,349.0,342.010009765625,343.94000244140625,1305015
2017-04-26,SRF,336.2611389160156,349.7900085449219,354.2799987792969,346.07000732421875,347.0,1641415
2017-04-27,SRF,344.91302490234375,358.7900085449219,364.989990234375,349.010009765625,350.0,2449620
2017-04-28,SRF,340.57745361328125,354.2799987792969,361.9100036621094,352.32000732421875,360.0199890136719,645565
2017-05-02,SRF,340.0391540527344,353.7200012207031,359.9599914550781,351.3800048828125,356.17999267578125,662565
2017-05-03,SRF,340.9139099121094,354.6300048828125,358.6000061035156,353.07000732421875,355.9800109863281,507330
2017-05-04,SRF,336.2899169921875,349.82000732421875,357.2699890136719,347.94000244140625,354.4200134277344,447920
2017-05-05,SRF,337.85693359375,351.45001220703125,357.0,348.94000244140625,353.4800109863281,545555
2017-05-08,SRF,334.4153747558594,347.8699951171875,354.79998779296875,346.29998779296875,351.8299865722656,380910
2017-05-09,SRF,338.6933288574219,352.32000732421875,355.0,347.2099914550781,350.0,419275
2017-05-10,SRF,342.1732482910156,355.94000244140625,357.7900085449219,342.7799987792969,353.8399963378906,595380
2017-05-11,SRF,341.6445007324219,355.3900146484375,363.5899963378906,353.4100036621094,359.5899963378906,717050
2017-05-12,SRF,339.6930847167969,353.3599853515625,359.0,351.0,357.0,355840
2017-05-15,SRF,346.499267578125,360.44000244140625,362.0,353.3999938964844,353.3999938964844,574225
2017-05-16,SRF,354.0263671875,368.2699890136719,370.0,358.0400085449219,358.0400085449219,1321025
2017-05-17,SRF,352.19024658203125,366.3599853515625,371.79998779296875,363.1700134277344,369.0,662310
2017-05-18,SRF,341.8079528808594,355.55999755859375,368.3999938964844,352.20001220703125,366.3999938964844,798070
2017-05-19,SRF,334.28082275390625,347.7300109863281,361.6000061035156,346.3999938964844,357.17999267578125,903050
2017-05-22,SRF,328.2148742675781,341.4200134277344,354.6000061035156,340.1000061035156,350.8999938964844,651945
2017-05-23,SRF,309.9112548828125,322.3800048828125,337.8800048828125,318.8299865722656,337.8800048828125,2689480
2017-05-24,SRF,305.3833312988281,317.6700134277344,324.0,315.82000732421875,321.20001220703125,1181925
2017-05-25,SRF,310.90142822265625,323.4100036621094,325.1400146484375,316.6499938964844,322.989990234375,861200
2017-05-26,SRF,319.4091491699219,332.260009765625,334.20001220703125,321.4200134277344,323.82000732421875,855125
2017-05-29,SRF,309.33447265625,321.7799987792969,340.5199890136719,320.67999267578125,332.6199951171875,686330
2017-05-30,SRF,313.41046142578125,326.0199890136719,327.0,318.0,323.0,558625
2017-05-31,SRF,314.16033935546875,326.79998779296875,328.9599914550781,323.20001220703125,326.79998779296875,363155
2017-06-01,SRF,312.94903564453125,325.5400085449219,328.4200134277344,324.5299987792969,327.3999938964844,320660
2017-06-02,SRF,316.02520751953125,328.739990234375,329.6000061035156,325.3500061035156,329.5899963378906,222985
2017-06-05,SRF,319.38031005859375,332.2300109863281,334.0,329.0299987792969,330.79998779296875,250980
2017-06-06,SRF,313.2951354980469,325.8999938964844,334.0,324.5,333.0,277650
2017-06-07,SRF,315.3235168457031,328.010009765625,330.0,325.0,326.0,329805
2017-06-08,SRF,324.61944580078125,337.67999267578125,339.4700012207031,327.0,328.010009765625,1001860
2017-06-09,SRF,321.6105651855469,334.54998779296875,339.20001220703125,333.0,338.1000061035156,320120
2017-06-12,SRF,314.5352783203125,327.19000244140625,336.0,326.0199890136719,333.0,384960
2017-06-13,SRF,317.8038330078125,330.5899963378906,333.19000244140625,326.5,329.19000244140625,626175
2017-06-14,SRF,313.73736572265625,326.3599853515625,332.42999267578125,324.6000061035156,330.3999938964844,516250
2017-06-15,SRF,312.0934143066406,324.6499938964844,327.0400085449219,321.4800109863281,326.3599853515625,900065
2017-06-16,SRF,313.7277526855469,326.3500061035156,330.6499938964844,324.010009765625,324.010009765625,359865
2017-06-19,SRF,313.9776306152344,326.6099853515625,328.3500061035156,325.2300109863281,326.3500061035156,190515
2017-06-20,SRF,313.17010498046875,325.7699890136719,329.9200134277344,324.79998779296875,327.6000061035156,288935
2017-06-21,SRF,313.9104309082031,326.5400085449219,329.6000061035156,323.6000061035156,323.6000061035156,417575
2017-06-22,SRF,312.5163879394531,325.0899963378906,329.20001220703125,324.0,326.5400085449219,380960
2017-06-23,SRF,306.0179138183594,318.3299865722656,326.3800048828125,314.0,325.6000061035156,668395
2017-06-27,SRF,295.5971374511719,307.489990234375,319.3999938964844,306.70001220703125,318.989990234375,651875
2017-06-28,SRF,291.2712097167969,302.989990234375,309.0,300.6199951171875,307.20001220703125,440905
2017-06-29,SRF,294.96270751953125,306.8299865722656,309.489990234375,302.989990234375,302.989990234375,552145
2017-06-30,SRF,296.21246337890625,308.1300048828125,310.0,302.489990234375,305.79998779296875,502050
2017-07-03,SRF,303.8164978027344,316.0400085449219,317.4200134277344,308.3299865722656,308.3299865722656,743530
2017-07-04,SRF,298.48114013671875,310.489990234375,316.79998779296875,309.2799987792969,315.989990234375,379220
2017-07-05,SRF,300.8748474121094,312.9800109863281,314.6300048828125,308.6000061035156,309.9800109863281,524870
2017-07-06,SRF,295.94329833984375,307.8500061035156,314.0,304.3699951171875,312.9800109863281,657410
2017-07-07,SRF,294.9722900390625,306.8399963378906,308.9800109863281,302.510009765625,306.9800109863281,422875
2017-07-10,SRF,297.4044494628906,309.3699951171875,310.5899963378906,304.32000732421875,306.5,141840
2017-07-11,SRF,298.7983703613281,310.82000732421875,314.3999938964844,308.4800109863281,310.0,803850
2017-07-12,SRF,299.21173095703125,311.25,313.3599853515625,309.79998779296875,312.3900146484375,273895
2017-07-13,SRF,299.519287109375,311.57000732421875,315.260009765625,310.32000732421875,312.1000061035156,690480
2017-07-14,SRF,298.2120056152344,310.2099914550781,313.8500061035156,309.20001220703125,311.6000061035156,352960
2017-07-17,SRF,296.3085632324219,308.2300109863281,312.3900146484375,306.44000244140625,310.79998779296875,298740
2017-07-18,SRF,292.7612609863281,304.5400085449219,309.0,302.05999755859375,308.2300109863281,530140
2017-07-19,SRF,293.799560546875,305.6199951171875,307.0,301.04998779296875,306.7699890136719,555005
2017-07-20,SRF,288.839111328125,300.4599914550781,307.3999938964844,300.0,307.3999938964844,2064265
2017-07-21,SRF,290.6175537109375,302.30999755859375,304.6000061035156,299.0,301.8999938964844,502135
2017-07-24,SRF,288.5697937011719,300.17999267578125,304.70001220703125,300.0,302.6000061035156,1239570
2017-07-25,SRF,291.5211486816406,303.25,304.7699890136719,299.1400146484375,301.45001220703125,583050
2017-07-26,SRF,299.6444091796875,311.70001220703125,313.0,302.6000061035156,305.79998779296875,1060295
2017-07-27,SRF,297.38525390625,309.3500061035156,314.79998779296875,307.20001220703125,313.0,1180155
2017-07-28,SRF,296.20281982421875,308.1199951171875,309.80999755859375,304.4200134277344,308.4100036621094,338260
2017-07-31,SRF,292.00177001953125,303.75,311.3999938964844,301.79998779296875,308.94000244140625,877430
2017-08-01,SRF,291.01165771484375,302.7200012207031,307.20001220703125,301.80999755859375,305.7799987792969,837550
2017-08-02,SRF,295.395263671875,307.2799987792969,311.79998779296875,302.3800048828125,302.94000244140625,1337295
2017-08-03,SRF,289.896484375,301.55999755859375,308.69000244140625,299.3500061035156,307.3399963378906,832075
2017-08-04,SRF,291.482666015625,303.2099914550781,305.1600036621094,299.510009765625,300.3999938964844,460855
2017-08-07,SRF,296.8468933105469,308.7900085449219,310.79998779296875,303.0,303.0,578975
2017-08-08,SRF,297.4044494628906,309.3699951171875,317.5799865722656,306.6700134277344,311.0,2139395
2017-08-09,SRF,275.9861755371094,287.0899963378906,302.79998779296875,283.04998779296875,302.79998779296875,5408930
2017-08-10,SRF,283.2826232910156,294.67999267578125,299.79998779296875,284.989990234375,286.0,3510550
2017-08-11,SRF,284.5130920410156,295.9599914550781,302.0,285.0,287.6000061035156,1191005
2017-08-14,SRF,281.9945068359375,293.3399963378906,301.989990234375,291.010009765625,296.20001220703125,646120
2017-08-16,SRF,286.5988464355469,296.9100036621094,298.3999938964844,288.4700012207031,293.79998779296875,709130
2017-08-17,SRF,287.7764587402344,298.1300048828125,302.0,292.4599914550781,295.989990234375,1186085
2017-08-18,SRF,287.4385681152344,297.7799987792969,304.20001220703125,293.5,296.0199890136719,857230
2017-08-21,SRF,285.8265686035156,296.1099853515625,300.4100036621094,295.20001220703125,296.2200012207031,263530
2017-08-22,SRF,281.9461975097656,292.0899963378906,298.7799987792969,289.70001220703125,296.6000061035156,518200
2017-08-23,SRF,282.583251953125,292.75,295.8800048828125,291.20001220703125,292.3999938964844,742100
2017-08-24,SRF,280.1893310546875,290.2699890136719,293.69000244140625,289.260009765625,292.75,815235
2017-08-28,SRF,284.0505065917969,294.2699890136719,296.1199951171875,286.55999755859375,290.0,844825
2017-08-29,SRF,282.6700744628906,292.8399963378906,298.0,291.30999755859375,293.9800109863281,1221850
2017-08-30,SRF,285.1315612792969,295.3900146484375,297.0,292.2200012207031,293.25,487390
2017-08-31,SRF,296.00054931640625,306.6499938964844,308.42999267578125,294.0199890136719,294.0199890136719,1315340
2017-09-01,SRF,293.481201171875,304.0400085449219,309.5899963378906,302.79998779296875,309.5899963378906,529085
2017-09-04,SRF,290.3247375488281,300.7699890136719,309.0,297.9599914550781,304.0400085449219,562830
2017-09-05,SRF,296.13568115234375,306.7900085449219,309.510009765625,302.489990234375,302.79998779296875,1066070
2017-09-06,SRF,301.62811279296875,312.4800109863281,313.79998779296875,304.4700012207031,304.9800109863281,916650
2017-09-07,SRF,299.3307800292969,310.1000061035156,315.2900085449219,307.6199951171875,314.79998779296875,788195
2017-09-08,SRF,298.1723937988281,308.8999938964844,313.19000244140625,308.0,311.7699890136719,442520
2017-09-11,SRF,299.28253173828125,310.04998779296875,314.0,308.8500061035156,310.0199890136719,770900
2017-09-12,SRF,307.9023742675781,318.9800109863281,320.80999755859375,310.4200134277344,310.79998779296875,784635
2017-09-13,SRF,302.13006591796875,313.0,318.9800109863281,312.05999755859375,318.79998779296875,307905
2017-09-14,SRF,302.26513671875,313.1400146484375,318.4200134277344,310.79998779296875,313.79998779296875,829535
2017-09-15,SRF,305.4602355957031,316.45001220703125,317.6000061035156,312.30999755859375,315.0,292605
2017-09-18,SRF,315.46044921875,326.80999755859375,327.7799987792969,317.0,317.0,1099220
2017-09-19,SRF,312.03369140625,323.260009765625,328.70001220703125,321.3999938964844,328.1700134277344,379705
2017-09-20,SRF,309.3503112792969,320.4800109863281,326.70001220703125,319.0,324.0,328880
2017-09-21,SRF,309.11859130859375,320.239990234375,323.5899963378906,317.29998779296875,323.5899963378906,279900
2017-09-22,SRF,296.75347900390625,307.42999267578125,318.69000244140625,306.20001220703125,318.6000061035156,327040
2017-09-25,SRF,296.2225646972656,306.8800048828125,314.760009765625,302.0,305.3999938964844,907680
2017-09-26,SRF,296.5507507324219,307.2200012207031,311.3900146484375,302.3599853515625,309.0,712575
2017-09-27,SRF,293.8673095703125,304.44000244140625,309.9599914550781,303.1499938964844,309.57000732421875,386145
2017-09-28,SRF,296.4736022949219,307.1400146484375,309.80999755859375,302.0,306.9599914550781,282340
2017-09-29,SRF,297.51605224609375,308.2200012207031,311.5799865722656,306.3999938964844,309.3999938964844,200335
2017-10-03,SRF,302.7864074707031,313.67999267578125,316.0899963378906,308.989990234375,309.20001220703125,253530
2017-10-04,SRF,297.9407043457031,308.6600036621094,313.6000061035156,307.3599853515625,313.6000061035156,497660
2017-10-05,SRF,300.5276184082031,311.3399963378906,315.0,305.5199890136719,308.3999938964844,672885
2017-10-06,SRF,304.6108093261719,315.57000732421875,317.79998779296875,313.3999938964844,314.0,1025320
2017-10-09,SRF,336.6673583984375,348.7799987792969,350.54998779296875,316.0,316.0,7111380
2017-10-10,SRF,331.7831115722656,343.7200012207031,349.6099853515625,339.20001220703125,347.2099914550781,2925185
2017-10-11,SRF,332.9897155761719,344.9700012207031,358.7799987792969,336.32000732421875,345.95001220703125,5161280
2017-10-12,SRF,339.71771240234375,351.94000244140625,354.7799987792969,344.82000732421875,345.20001220703125,2344330
2017-10-13,SRF,333.33721923828125,345.3299865722656,353.7799987792969,344.0199890136719,350.20001220703125,1022255
2017-10-16,SRF,332.680908203125,344.6499938964844,352.510009765625,343.45001220703125,345.3999938964844,1037930
2017-10-17,SRF,331.12677001953125,343.0400085449219,350.69000244140625,340.7099914550781,346.0,1034185
2017-10-18,SRF,323.36602783203125,335.0,345.6700134277344,330.2099914550781,343.0,1429300
2017-10-19,SRF,319.30224609375,330.7900085449219,337.55999755859375,327.8999938964844,336.9800109863281,174655
2017-10-23,SRF,324.5725402832031,336.25,338.6600036621094,330.19000244140625,334.79998779296875,1088165
2017-10-24,SRF,320.5377502441406,332.07000732421875,338.5899963378906,330.94000244140625,337.79998779296875,586110
2017-10-25,SRF,316.7635192871094,328.1600036621094,335.489990234375,326.2200012207031,332.6000061035156,862035
2017-10-26,SRF,317.07244873046875,328.4800109863281,336.2200012207031,324.510009765625,327.3999938964844,919975
2017-10-27,SRF,318.7422790527344,330.2099914550781,334.67999267578125,329.010009765625,329.9800109863281,317150
2017-10-30,SRF,329.6016540527344,341.4599914550781,344.0,326.82000732421875,330.0,1104075
2017-10-31,SRF,326.078369140625,337.80999755859375,345.510009765625,336.1000061035156,341.0,572575
2017-11-01,SRF,327.5167236328125,339.29998779296875,343.0,336.6400146484375,340.0,689385
2017-11-02,SRF,336.4164733886719,348.5199890136719,351.70001220703125,339.3500061035156,340.0,1565740
2017-11-03,SRF,330.11322021484375,341.989990234375,353.3800048828125,339.3999938964844,351.79998779296875,1042575
2017-11-06,SRF,322.8448181152344,334.4599914550781,345.2799987792969,330.20001220703125,342.0199890136719,644680
2017-11-07,SRF,322.1883239746094,333.7799987792969,337.6300048828125,330.010009765625,334.25,616735
2017-11-08,SRF,320.19989013671875,331.7200012207031,336.7699890136719,329.0,333.0400085449219,487970
2017-11-09,SRF,315.96234130859375,327.3299865722656,333.489990234375,324.8699951171875,331.7200012207031,818975
2017-11-10,SRF,334.54376220703125,346.5799865722656,348.7200012207031,311.1000061035156,316.3999938964844,5318735
2017-11-13,SRF,337.8836975097656,350.0400085449219,355.2900085449219,338.6199951171875,344.0,2788005
2017-11-14,SRF,331.107421875,343.0199890136719,352.05999755859375,340.0,346.4200134277344,444795
2017-11-15,SRF,329.42791748046875,341.2799987792969,347.6600036621094,338.79998779296875,343.0,853730
2017-11-16,SRF,336.3199768066406,348.4200134277344,350.989990234375,339.8800048828125,341.20001220703125,743950
2017-11-17,SRF,342.2949523925781,354.6099853515625,360.0,345.42999267578125,350.0,1591280
2017-11-20,SRF,339.360595703125,351.57000732421875,359.0,346.54998779296875,355.0,838970
2017-11-21,SRF,340.17138671875,352.4100036621094,359.5799865722656,350.4100036621094,353.79998779296875,1367195
2017-11-22,SRF,343.71392822265625,356.0799865722656,358.3599853515625,350.4100036621094,354.8800048828125,1209860
2017-11-23,SRF,360.12347412109375,373.0799865722656,375.3599853515625,357.4700012207031,358.0,6677685
2017-11-24,SRF,356.7740783691406,369.6099853515625,377.9800109863281,367.44000244140625,372.0,2698365
2017-11-27,SRF,358.5212097167969,371.4200134277344,375.79998779296875,367.239990234375,369.2200012207031,1133475
2017-11-28,SRF,362.3050231933594,375.3399963378906,381.9800109863281,371.45001220703125,372.0,2742875
2017-11-29,SRF,358.7528991699219,371.6600036621094,378.75,370.3399963378906,375.6000061035156,927685
2017-11-30,SRF,353.55975341796875,366.2799987792969,373.0,364.29998779296875,370.4800109863281,702695
2017-12-01,SRF,353.3280334472656,366.0400085449219,373.3900146484375,365.20001220703125,365.6000061035156,832465
2017-12-04,SRF,345.9051208496094,358.3500061035156,368.5799865722656,354.92999267578125,366.6700134277344,864905
2017-12-05,SRF,353.1059875488281,365.80999755859375,369.6499938964844,351.8999938964844,358.6000061035156,1180725
2017-12-06,SRF,343.5015563964844,355.8599853515625,371.6000061035156,351.79998779296875,365.80999755859375,1429015
2017-12-07,SRF,349.0325622558594,361.5899963378906,364.5899963378906,356.2900085449219,358.6000061035156,919315
2017-12-08,SRF,352.3628234863281,365.0400085449219,369.7900085449219,362.239990234375,363.9800109863281,1140655
2017-12-11,SRF,355.2778625488281,368.05999755859375,372.3500061035156,365.2099914550781,368.0,661540
2017-12-12,SRF,357.5752868652344,370.44000244140625,374.3999938964844,364.0899963378906,366.6000061035156,1525910
2017-12-13,SRF,349.129150390625,361.69000244140625,374.3900146484375,360.20001220703125,368.3999938964844,845075
2017-12-14,SRF,350.73138427734375,363.3500061035156,367.0,356.1700134277344,362.0,977250
2017-12-15,SRF,361.7934875488281,374.80999755859375,378.3599853515625,363.3500061035156,367.3999938964844,2049550
2017-12-18,SRF,364.3707580566406,377.4800109863281,382.6400146484375,360.0,373.760009765625,1306375
2017-12-19,SRF,371.9674377441406,385.3500061035156,387.2799987792969,374.6099853515625,379.0,1672830
2017-12-20,SRF,370.09478759765625,383.4100036621094,389.2900085449219,382.260009765625,386.7799987792969,1100925
2017-12-21,SRF,375.83819580078125,389.3599853515625,391.9800109863281,380.6000061035156,386.0,1141585
2017-12-22,SRF,377.8073425292969,391.3999938964844,395.6000061035156,388.80999755859375,389.3999938964844,1320315
2017-12-26,SRF,376.6007385253906,390.1499938964844,393.6199951171875,387.6199951171875,390.94000244140625,668030
2017-12-27,SRF,376.22430419921875,389.760009765625,392.7799987792969,387.7300109863281,389.20001220703125,599200
2017-12-28,SRF,376.40765380859375,389.95001220703125,392.19000244140625,388.3299865722656,389.6000061035156,518160
2017-12-29,SRF,382.479248046875,396.239990234375,399.9100036621094,389.9800109863281,390.4800109863281,1749255
2018-01-01,SRF,379.77642822265625,393.44000244140625,404.3999938964844,392.8299865722656,396.3999938964844,587170
2018-01-02,SRF,375.587158203125,389.1000061035156,399.17999267578125,384.8500061035156,395.0,835355
2018-01-03,SRF,370.9346618652344,384.2799987792969,394.20001220703125,381.510009765625,389.0,1021420
2018-01-04,SRF,373.4443054199219,386.8800048828125,388.7799987792969,383.0,385.20001220703125,707335
2018-01-05,SRF,377.3536071777344,390.92999267578125,394.3999938964844,383.32000732421875,386.20001220703125,958555
2018-01-08,SRF,377.0833740234375,390.6499938964844,394.79998779296875,388.1000061035156,391.0400085449219,809145
2018-01-09,SRF,377.4888916015625,391.07000732421875,395.8299865722656,388.1099853515625,390.0400085449219,970295
2018-01-10,SRF,374.4867858886719,387.9599914550781,394.0,386.010009765625,391.1099853515625,542945
2018-01-11,SRF,373.9848937988281,387.44000244140625,391.760009765625,385.6000061035156,389.6000061035156,808550
2018-01-12,SRF,387.6820983886719,401.6300048828125,405.3399963378906,386.7699890136719,387.7900085449219,2819405
2018-01-15,SRF,388.2129821777344,402.17999267578125,409.69000244140625,398.9100036621094,405.0,2211020
2018-01-16,SRF,378.2223205566406,391.8299865722656,403.0,390.6000061035156,400.4100036621094,828260
2018-01-17,SRF,376.7455139160156,390.29998779296875,393.94000244140625,382.0,389.9800109863281,1341820
2018-01-18,SRF,370.8669738769531,384.2099914550781,396.6199951171875,379.1099853515625,395.29998779296875,759930
2018-01-19,SRF,368.6951904296875,381.9599914550781,384.55999755859375,372.67999267578125,382.989990234375,1076570
2018-01-22,SRF,376.49456787109375,390.0400085449219,391.5,378.19000244140625,381.0,783560
2018-01-23,SRF,376.89031982421875,390.45001220703125,393.3299865722656,387.0799865722656,392.0,710820
2018-01-24,SRF,366.4750671386719,379.6600036621094,390.2300109863281,377.6000061035156,390.0199890136719,542870
2018-01-25,SRF,355.1524658203125,367.92999267578125,382.989990234375,365.5799865722656,378.0,1199685
2018-01-29,SRF,354.1388854980469,366.8800048828125,372.94000244140625,364.57000732421875,371.20001220703125,632930
2018-01-30,SRF,346.5132141113281,358.9800109863281,368.9100036621094,356.79998779296875,367.5400085449219,925225
2018-01-31,SRF,344.3027648925781,356.69000244140625,365.5899963378906,354.239990234375,358.0,940915
2018-02-01,SRF,348.71405029296875,361.260009765625,364.3999938964844,346.7200012207031,356.79998779296875,706545
2018-02-02,SRF,347.0537414550781,359.5400085449219,364.3399963378906,338.0,358.8999938964844,1588480
2018-02-05,SRF,342.68109130859375,355.010009765625,362.4700012207031,349.3999938964844,353.20001220703125,797880
2018-02-06,SRF,334.0515441894531,346.07000732421875,351.3999938964844,328.1499938964844,338.1000061035156,837020
2018-02-07,SRF,342.9030456542969,355.239990234375,359.5,348.0299987792969,349.3999938964844,606280
2018-02-08,SRF,355.8377685546875,368.6400146484375,377.8800048828125,361.1099853515625,361.20001220703125,2700775
2018-02-09,SRF,361.9864807128906,375.010009765625,377.9100036621094,359.6300048828125,360.0,1136095
2018-02-12,SRF,365.5387268066406,378.69000244140625,381.5400085449219,375.0,375.0,584735
2018-02-14,SRF,368.366943359375,381.6199951171875,385.1300048828125,377.3599853515625,378.989990234375,824410
2018-02-15,SRF,367.969970703125,380.010009765625,386.0799865722656,378.20001220703125,381.989990234375,708945
2018-02-16,SRF,360.978759765625,372.7900085449219,383.0,369.0,380.5799865722656,572715
2018-02-19,SRF,366.5561218261719,378.54998779296875,380.79998779296875,367.6199951171875,372.010009765625,732375
2018-02-20,SRF,365.69439697265625,377.6600036621094,383.20001220703125,374.6099853515625,379.1000061035156,962490
2018-02-21,SRF,363.8352355957031,375.739990234375,380.5899963378906,374.6400146484375,377.20001220703125,281915
2018-02-22,SRF,367.8537902832031,379.8900146484375,383.4200134277344,373.30999755859375,376.9599914550781,1257430
2018-02-23,SRF,372.2208557128906,384.3999938964844,386.69000244140625,376.3800048828125,379.0,729250
2018-02-26,SRF,373.03424072265625,385.239990234375,392.20001220703125,383.4800109863281,384.20001220703125,1053925
2018-02-27,SRF,368.5993957519531,380.6600036621094,388.1000061035156,379.3399963378906,387.510009765625,461610
2018-02-28,SRF,367.7181701660156,379.75,383.79998779296875,377.0,379.9800109863281,733085
2018-03-01,SRF,366.5367736816406,378.5299987792969,386.7699890136719,376.3399963378906,379.3900146484375,455280
2018-03-05,SRF,364.38714599609375,376.30999755859375,380.9100036621094,373.010009765625,378.9599914550781,322595
2018-03-06,SRF,359.55535888671875,371.32000732421875,380.79998779296875,369.0,379.3299865722656,637405
2018-03-07,SRF,349.6784362792969,361.1199951171875,371.79998779296875,359.6000061035156,371.79998779296875,552985
2018-03-08,SRF,358.1415100097656,369.8599853515625,372.07000732421875,355.0,364.3999938964844,718490
2018-03-09,SRF,358.9258728027344,370.6700134277344,373.1600036621094,365.0,370.0400085449219,861375
2018-03-12,SRF,361.94696044921875,373.7900085449219,374.67999267578125,368.4100036621094,372.3999938964844,495920
2018-03-13,SRF,361.46282958984375,373.2900085449219,376.9599914550781,369.7099914550781,370.79998779296875,451890
2018-03-14,SRF,361.9567565917969,373.79998779296875,377.70001220703125,371.3299865722656,372.0,380630
2018-03-15,SRF,363.6512145996094,375.54998779296875,378.0,373.3299865722656,374.0,332305
2018-03-16,SRF,362.6828918457031,374.54998779296875,378.3999938964844,373.4800109863281,375.3999938964844,296220
2018-03-19,SRF,363.2057800292969,375.0899963378906,377.1499938964844,370.30999755859375,374.0,526040
2018-03-20,SRF,370.75872802734375,382.8900146484375,384.3900146484375,371.3999938964844,371.3999938964844,1014415
2018-03-21,SRF,377.00439453125,389.3399963378906,390.3599853515625,383.6099853515625,383.6099853515625,1750205
2018-03-22,SRF,376.1134948730469,388.4200134277344,392.0,385.0199890136719,391.9599914550781,1000500
2018-03-23,SRF,371.2719421386719,383.4200134277344,385.04998779296875,377.5299987792969,384.3999938964844,491955
2018-03-26,SRF,372.9374694824219,385.1400146484375,386.7900085449219,382.4700012207031,383.4200134277344,444905
2018-03-27,SRF,386.60040283203125,399.25,401.510009765625,385.0,388.0,1373665
2018-03-28,SRF,378.6407470703125,391.0299987792969,402.79998779296875,387.6000061035156,402.79998779296875,1881825
2018-04-02,SRF,385.0316162109375,397.6300048828125,399.20001220703125,392.0,394.94000244140625,598440
2018-04-03,SRF,388.8081970214844,401.5299987792969,404.3999938964844,395.989990234375,397.3999938964844,1002065
2018-04-04,SRF,387.3943786621094,400.07000732421875,408.8599853515625,397.80999755859375,403.0,1207190
2018-04-05,SRF,393.0105895996094,405.8699951171875,411.3999938964844,401.20001220703125,403.0,952955
2018-04-06,SRF,395.4798889160156,408.4200134277344,413.0,403.20001220703125,405.6000061035156,981595
2018-04-09,SRF,396.5158996582031,409.489990234375,413.5400085449219,406.3999938964844,406.3999938964844,508565
2018-04-10,SRF,395.49920654296875,408.44000244140625,412.45001220703125,406.69000244140625,409.3999938964844,331345
2018-04-11,SRF,398.95611572265625,412.010009765625,417.79998779296875,408.0,408.0,1377000
2018-04-12,SRF,400.9217224121094,414.0400085449219,416.3800048828125,408.2099914550781,411.0,1325760
2018-04-13,SRF,404.4464111328125,417.67999267578125,420.9599914550781,411.69000244140625,414.9800109863281,546815
2018-04-16,SRF,414.023193359375,427.57000732421875,429.760009765625,413.239990234375,413.3999938964844,1074635
2018-04-17,SRF,416.9958190917969,430.6400146484375,434.9800109863281,426.0,426.6000061035156,1260230
2018-04-18,SRF,418.87432861328125,432.5799865722656,435.7799987792969,430.6400146484375,430.82000732421875,849250
2018-04-19,SRF,423.0284118652344,436.8699951171875,438.0,430.5199890136719,432.3999938964844,754235
2018-04-20,SRF,429.6903991699219,443.75,446.0,434.42999267578125,435.8999938964844,820260
2018-04-23,SRF,428.6349792480469,442.6600036621094,446.3399963378906,440.010009765625,445.0,577235
2018-04-24,SRF,427.22125244140625,441.20001220703125,444.2900085449219,435.1400146484375,441.9800109863281,422005
2018-04-25,SRF,420.29779052734375,434.04998779296875,446.8399963378906,430.80999755859375,439.1099853515625,812610
2018-04-26,SRF,449.0664978027344,463.760009765625,470.55999755859375,434.4100036621094,435.3999938964844,2173005
2018-04-27,SRF,461.0252380371094,476.1099853515625,479.989990234375,456.6000061035156,462.45001220703125,1877330
2018-04-30,SRF,463.3296813964844,478.489990234375,489.32000732421875,474.2099914550781,474.2099914550781,1235715
2018-05-02,SRF,455.0507507324219,469.94000244140625,482.3500061035156,467.0,481.79998779296875,1088490
2018-05-03,SRF,445.0673522949219,459.6300048828125,472.8800048828125,456.0,472.6000061035156,596395
2018-05-04,SRF,448.36932373046875,463.0400085449219,471.67999267578125,454.20001220703125,459.0,653090
2018-05-07,SRF,448.3982849121094,463.07000732421875,466.3999938964844,458.30999755859375,466.3999938964844,379800
2018-05-08,SRF,465.17919921875,480.3999938964844,482.70001220703125,460.4200134277344,463.3900146484375,1118620
2018-05-09,SRF,452.1166687011719,466.9100036621094,480.2699890136719,464.4599914550781,480.0,886070
2018-05-10,SRF,432.8277893066406,446.989990234375,470.92999267578125,444.79998779296875,467.2200012207031,935580
2018-05-11,SRF,435.1033020019531,449.3399963378906,455.4800109863281,443.0,451.6000061035156,869190
2018-05-14,SRF,429.70977783203125,443.7699890136719,453.0799865722656,440.55999755859375,449.3399963378906,317430
2018-05-15,SRF,433.0021057128906,447.1700134277344,454.79998779296875,443.2099914550781,443.79998779296875,515250
2018-05-16,SRF,436.8463134765625,451.1400146484375,454.0,442.510009765625,446.0,453800
2018-05-17,SRF,431.40435791015625,445.5199890136719,457.3999938964844,443.3999938964844,452.0,673685
2018-05-18,SRF,372.6856689453125,384.8800048828125,441.1099853515625,366.6300048828125,441.1099853515625,11064470
2018-05-21,SRF,363.6125793457031,375.510009765625,388.20001220703125,364.4100036621094,385.0,4623630
2018-05-22,SRF,367.1953125,379.2099914550781,383.3999938964844,372.0199890136719,374.0,1624680
2018-05-23,SRF,349.57196044921875,361.010009765625,378.3999938964844,358.9599914550781,377.9599914550781,2286585
2018-05-24,SRF,347.3544616699219,358.7200012207031,365.6400146484375,352.4200134277344,358.20001220703125,1886845
2018-05-25,SRF,361.27886962890625,373.1000061035156,385.6000061035156,359.0299987792969,359.0299987792969,4885520
2018-05-28,SRF,373.1988525390625,385.4100036621094,389.17999267578125,374.3999938964844,375.0,2679990
2018-05-29,SRF,373.005126953125,385.2099914550781,392.9800109863281,378.9599914550781,387.8999938964844,2340740
2018-05-30,SRF,366.92413330078125,378.92999267578125,387.29998779296875,375.1099853515625,380.3999938964844,1301245
2018-05-31,SRF,374.1963195800781,386.44000244140625,387.9700012207031,372.4200134277344,379.0,1821565
2018-06-01,SRF,362.0632629394531,373.9100036621094,388.989990234375,371.8399963378906,386.0,1642870
2018-06-04,SRF,365.9171142578125,377.8900146484375,383.7699890136719,374.3999938964844,376.0,1788735
2018-06-05,SRF,363.6125793457031,375.510009765625,381.0,369.6000061035156,378.6000061035156,840335
2018-06-06,SRF,366.6046142578125,378.6000061035156,382.3999938964844,373.2099914550781,376.0,815320
2018-06-07,SRF,367.2920837402344,379.30999755859375,385.5,378.79998779296875,381.6000061035156,896815
2018-06-08,SRF,365.9752502441406,377.95001220703125,380.7900085449219,376.8999938964844,379.1000061035156,530930
2018-06-11,SRF,362.15032958984375,374.0,383.0,372.739990234375,378.239990234375,558890
2018-06-12,SRF,361.28857421875,373.1099853515625,377.2099914550781,372.20001220703125,374.9800109863281,442605
2018-06-13,SRF,356.0306396484375,367.67999267578125,376.7300109863281,365.0799865722656,373.5899963378906,477605
2018-06-14,SRF,364.1160888671875,376.0299987792969,377.79998779296875,368.0,368.0,658695
2018-06-15,SRF,368.5025329589844,380.55999755859375,388.3299865722656,375.6700134277344,379.1000061035156,2325980
2018-06-18,SRF,362.66357421875,374.5299987792969,380.9800109863281,372.0,380.9800109863281,821550
2018-06-19,SRF,358.0640563964844,369.7799987792969,373.79998779296875,367.010009765625,373.70001220703125,598610
2018-06-20,SRF,353.0578918457031,364.6099853515625,371.989990234375,363.3999938964844,371.989990234375,888445
2018-06-21,SRF,345.2919616699219,356.5899963378906,364.6499938964844,351.9700012207031,364.6099853515625,2205895
2018-06-22,SRF,323.68890380859375,334.2799987792969,357.5899963378906,332.4100036621094,356.6000061035156,8146750
2018-06-25,SRF,321.49072265625,332.010009765625,336.7099914550781,325.3999938964844,332.42999267578125,6360185
2018-06-26,SRF,325.9159851074219,336.5799865722656,339.17999267578125,329.1099853515625,331.6000061035156,4449025
2018-06-27,SRF,320.1932373046875,330.6700134277344,339.5899963378906,327.1400146484375,339.5899963378906,2647630
2018-06-28,SRF,318.0144958496094,328.4200134277344,331.79998779296875,322.45001220703125,330.0,3778015
2018-06-29,SRF,328.5691223144531,339.32000732421875,341.3999938964844,329.1000061035156,330.20001220703125,2385120
2018-07-02,SRF,319.5734558105469,330.0299987792969,342.0,326.5299987792969,342.0,2106405
2018-07-03,SRF,321.6748046875,332.20001220703125,333.8399963378906,326.30999755859375,331.7799987792969,1453620
2018-07-04,SRF,319.6509704589844,330.1099853515625,333.489990234375,328.4800109863281,332.3999938964844,845405
2018-07-05,SRF,315.2839050292969,325.6000061035156,330.9800109863281,320.54998779296875,330.9800109863281,1981630
2018-07-06,SRF,318.26629638671875,328.67999267578125,331.760009765625,322.6000061035156,325.6000061035156,1842845
2018-07-09,SRF,334.4371643066406,345.3800048828125,347.1600036621094,327.6000061035156,328.8999938964844,2494805
2018-07-10,SRF,337.6422424316406,348.69000244140625,355.5,345.8399963378906,349.20001220703125,4051960
2018-07-11,SRF,327.94940185546875,338.67999267578125,347.4200134277344,336.5199890136719,346.80999755859375,1611550
2018-07-12,SRF,325.1220397949219,335.760009765625,345.7799987792969,331.20001220703125,340.0,2238640
2018-07-13,SRF,319.6315612792969,330.0899963378906,338.0,328.79998779296875,335.9700012207031,1265570
2018-07-16,SRF,306.8594970703125,316.8999938964844,331.489990234375,315.0,330.0,1635915
2018-07-17,SRF,318.7988586425781,329.2300109863281,330.8599853515625,317.0,319.0,1630255
2018-07-18,SRF,310.2001953125,320.3500061035156,332.989990234375,316.3999938964844,329.2300109863281,2028545
2018-07-19,SRF,304.1578674316406,314.1099853515625,321.0,306.04998779296875,321.0,2961330
2018-07-20,SRF,302.7538146972656,312.6600036621094,317.1000061035156,306.010009765625,316.0,2675430
2018-07-23,SRF,303.59625244140625,313.5299987792969,316.0,308.4100036621094,312.6600036621094,1568390
2018-07-24,SRF,317.675537109375,328.07000732421875,330.6000061035156,311.260009765625,315.760009765625,2781825
2018-07-25,SRF,322.9916076660156,333.55999755859375,338.82000732421875,324.1000061035156,330.1600036621094,2559710
2018-07-26,SRF,318.5373840332031,328.9599914550781,339.6600036621094,323.6600036621094,336.20001220703125,1865195
2018-07-27,SRF,326.1580505371094,336.8299865722656,345.0,326.0,327.6000061035156,3750840
2018-07-30,SRF,333.158935546875,344.05999755859375,347.8999938964844,338.0,338.0,2986965
2018-07-31,SRF,335.27960205078125,346.25,347.739990234375,337.20001220703125,342.7900085449219,1457595
2018-08-01,SRF,334.9115905761719,345.8699951171875,349.6199951171875,343.0,344.0199890136719,1696990
2018-08-02,SRF,328.0655517578125,338.79998779296875,345.05999755859375,337.2099914550781,344.1400146484375,1503655
2018-08-03,SRF,337.4873962402344,348.5299987792969,351.29998779296875,339.4200134277344,341.0,1994390
2018-08-06,SRF,347.10272216796875,358.4599914550781,359.82000732421875,350.0,350.0,2680685
2018-08-07,SRF,353.919677734375,365.5,368.3999938964844,360.0,360.0,4129325
2018-08-08,SRF,358.916259765625,370.6600036621094,375.3999938964844,364.3999938964844,369.55999755859375,7025160
2018-08-09,SRF,367.44696044921875,379.4700012207031,381.6000061035156,373.010009765625,374.8999938964844,3626150
2018-08-10,SRF,368.7542724609375,380.82000732421875,384.0,373.6099853515625,379.4700012207031,2412280
2018-08-13,SRF,364.0580139160156,375.9700012207031,379.94000244140625,374.0,379.94000244140625,1093935
2018-08-14,SRF,375.72467041015625,386.7799987792969,388.0,372.0,376.0,2689420
2018-08-16,SRF,381.0188903808594,392.2300109863281,395.0,382.19000244140625,385.6000061035156,3001075
2018-08-17,SRF,386.7502746582031,398.1300048828125,400.0,391.0,392.3999938964844,2186565
2018-08-20,SRF,382.5537414550781,393.80999755859375,402.0299987792969,392.3900146484375,399.79998779296875,1214675
2018-08-21,SRF,381.44635009765625,392.6700134277344,396.75,385.2200012207031,394.0,2023920
2018-08-23,SRF,379.89208984375,391.07000732421875,395.69000244140625,388.010009765625,393.5,1521575
2018-08-24,SRF,383.36004638671875,394.6400146484375,399.0199890136719,388.0,388.0,1648545
2018-08-27,SRF,383.18511962890625,394.4599914550781,398.7900085449219,391.0299987792969,394.0,859090
2018-08-28,SRF,378.68743896484375,389.8299865722656,396.9800109863281,388.57000732421875,394.3800048828125,728745
2018-08-29,SRF,398.88323974609375,410.6199951171875,413.79998779296875,388.2300109863281,390.9599914550781,3201445
2018-08-30,SRF,396.4449462890625,408.1099853515625,416.8999938964844,406.6000061035156,411.9800109863281,2468005
2018-08-31,SRF,392.91876220703125,404.4800109863281,412.9599914550781,396.42999267578125,405.010009765625,2406035
2018-09-03,SRF,389.13031005859375,400.5799865722656,411.79998779296875,399.2300109863281,406.20001220703125,934955
2018-09-04,SRF,378.1531677246094,389.2799987792969,403.6000061035156,387.04998779296875,403.20001220703125,1142485
2018-09-05,SRF,374.0150451660156,385.0199890136719,393.7699890136719,373.7300109863281,390.79998779296875,1844365
2018-09-06,SRF,386.2743225097656,397.6400146484375,400.79998779296875,381.1600036621094,388.79998779296875,2246600
2018-09-07,SRF,391.6170959472656,403.1400146484375,408.3999938964844,391.6000061035156,398.0,2153345
2018-09-10,SRF,379.43548583984375,390.6000061035156,402.9700012207031,387.32000732421875,400.0,1163000
2018-09-11,SRF,377.24005126953125,388.3399963378906,398.3999938964844,386.7200012207031,389.010009765625,2080890
2018-09-12,SRF,386.2936706542969,397.6600036621094,402.44000244140625,380.57000732421875,389.79998779296875,2202275
2018-09-14,SRF,390.169677734375,401.6499938964844,407.0,398.1099853515625,399.739990234375,2347770
2018-09-17,SRF,393.4530944824219,405.0299987792969,411.0,394.0199890136719,398.7099914550781,2569305
2018-09-18,SRF,387.1485290527344,398.5400085449219,412.0,396.2699890136719,403.0,2412470
2018-09-19,SRF,385.1766052246094,396.510009765625,405.4200134277344,394.07000732421875,401.5199890136719,1934280
2018-09-21,SRF,375.4236145019531,386.4700012207031,405.8399963378906,337.0400085449219,399.4800109863281,3004845
2018-09-24,SRF,370.071044921875,380.9599914550781,390.7699890136719,374.79998779296875,388.0,1747725
2018-09-25,SRF,369.0801696777344,379.94000244140625,385.7900085449219,372.3699951171875,380.2099914550781,2158610
2018-09-26,SRF,366.98193359375,377.7799987792969,386.79998779296875,376.2200012207031,383.1000061035156,1022305
2018-09-27,SRF,351.5655517578125,361.9100036621094,381.19000244140625,355.42999267578125,379.0799865722656,1749045
2018-09-28,SRF,332.4383239746094,342.2200012207031,368.0,339.0,366.0,1823730
2018-10-01,SRF,333.4389343261719,343.25,347.0,323.0,343.92999267578125,2206755
2018-10-03,SRF,342.5411071777344,352.6199951171875,356.95001220703125,334.0,338.04998779296875,2517940
2018-10-04,SRF,339.8210754394531,349.82000732421875,353.7900085449219,339.4599914550781,347.0199890136719,2293150
2018-10-05,SRF,330.30120849609375,340.0199890136719,349.9599914550781,336.0,348.989990234375,1276100
2018-10-08,SRF,323.04473876953125,332.54998779296875,343.989990234375,323.3299865722656,339.3999938964844,2437405
2018-10-09,SRF,330.1263122558594,339.8399963378906,344.3800048828125,329.239990234375,333.0,1857130
2018-10-10,SRF,351.3226623535156,361.6600036621094,364.010009765625,339.2099914550781,341.1000061035156,2015685
2018-10-11,SRF,335.53717041015625,345.4100036621094,357.54998779296875,341.0,353.6000061035156,1877400
2018-10-12,SRF,344.48388671875,354.6199951171875,362.6000061035156,345.0,345.79998779296875,2846970
2018-10-15,SRF,342.3856506347656,352.4599914550781,356.1700134277344,347.6000061035156,354.79998779296875,1411675
2018-10-16,SRF,345.0473327636719,355.20001220703125,359.79998779296875,352.19000244140625,354.0,1380385
2018-10-17,SRF,340.8022155761719,350.8299865722656,373.3999938964844,348.739990234375,359.2200012207031,3869885
2018-10-19,SRF,334.8474426269531,344.70001220703125,355.32000732421875,342.0,348.8800048828125,1100805
2018-10-22,SRF,331.0783996582031,340.82000732421875,352.9200134277344,338.0199890136719,348.1300048828125,1315470
2018-10-23,SRF,331.9526062011719,341.7200012207031,350.3999938964844,338.04998779296875,340.0,1957445
2018-10-24,SRF,333.565185546875,343.3800048828125,353.7699890136719,336.8800048828125,345.3999938964844,1994770
2018-10-25,SRF,338.1696472167969,348.1199951171875,351.0,338.29998779296875,343.0,1118705
2018-10-26,SRF,348.0684814453125,358.30999755859375,360.0,343.2099914550781,349.4200134277344,1879760
2018-10-29,SRF,360.3763122558594,370.9800109863281,373.4200134277344,356.3800048828125,358.3999938964844,2332140
2018-10-30,SRF,364.0093994140625,374.7200012207031,377.4599914550781,370.0,370.05999755859375,2193015
2018-10-31,SRF,375.1612548828125,386.20001220703125,389.3999938964844,372.30999755859375,375.0,2507335
2018-11-01,SRF,380.4554748535156,391.6499938964844,399.0,385.20001220703125,386.0,4039055
2018-11-02,SRF,380.5623474121094,391.760009765625,412.0,389.0,400.19000244140625,5874330
2018-11-05,SRF,386.7987976074219,398.17999267578125,400.5,385.4800109863281,388.6000061035156,1660495
2018-11-06,SRF,389.7908630371094,401.260009765625,403.739990234375,398.07000732421875,400.79998779296875,1498515
2018-11-07,SRF,389.1108703613281,400.55999755859375,404.0,398.25,401.989990234375,194315
2018-11-09,SRF,404.4009094238281,416.29998779296875,418.4800109863281,398.2300109863281,403.6000061035156,3324150
2018-11-12,SRF,394.881103515625,406.5,423.20001220703125,403.8800048828125,417.9599914550781,1670330
2018-11-13,SRF,402.4678649902344,414.30999755859375,415.20001220703125,403.4100036621094,406.2799987792969,1983955
2018-11-14,SRF,397.1347351074219,408.82000732421875,417.5,406.989990234375,415.25,1199795
2018-11-15,SRF,399.301025390625,411.04998779296875,413.20001220703125,405.1000061035156,411.20001220703125,969545
2018-11-16,SRF,396.3868103027344,408.04998779296875,415.6600036621094,404.4100036621094,413.3800048828125,1027620
2018-11-19,SRF,406.84893798828125,418.82000732421875,421.95001220703125,402.2900085449219,406.0,2585940
2018-11-20,SRF,404.4009094238281,416.29998779296875,428.0,413.69000244140625,418.6000061035156,3327545
2018-11-21,SRF,410.899658203125,422.989990234375,426.45001220703125,414.30999755859375,416.9800109863281,1734830
2018-11-22,SRF,403.8180847167969,415.70001220703125,426.6000061035156,413.45001220703125,425.0,1196665
2018-11-26,SRF,402.5552062988281,414.3999938964844,422.0,410.6199951171875,420.54998779296875,1107180
2018-11-27,SRF,410.4334411621094,422.510009765625,423.5899963378906,412.2099914550781,415.6700134277344,1516435
2018-11-28,SRF,410.0739440917969,422.1400146484375,425.760009765625,416.2200012207031,424.0,1030335
2018-11-29,SRF,418.1561279296875,430.4599914550781,433.0,420.010009765625,422.3999938964844,1965285
2018-11-30,SRF,420.5167236328125,432.8900146484375,435.7900085449219,428.44000244140625,432.07000732421875,1470385
2018-12-03,SRF,416.6018981933594,428.8599853515625,434.79998779296875,426.6099853515625,433.0,853515
2018-12-04,SRF,421.5367126464844,433.94000244140625,439.3999938964844,426.239990234375,428.8900146484375,2071755
2018-12-05,SRF,410.80255126953125,422.8900146484375,432.6000061035156,421.3599853515625,432.5799865722656,1363870
2018-12-06,SRF,408.03399658203125,420.0400085449219,426.5899963378906,415.1499938964844,422.20001220703125,1575585
2018-12-07,SRF,411.0842590332031,423.17999267578125,426.79998779296875,416.4599914550781,422.0,1320430
2018-12-10,SRF,399.57293701171875,411.3299865722656,419.3999938964844,406.989990234375,419.3999938964844,2114375
2018-12-11,SRF,414.1150817871094,426.29998779296875,428.2900085449219,407.0,407.0,1459715
2018-12-12,SRF,419.1470947265625,431.4800109863281,433.54998779296875,422.17999267578125,426.20001220703125,1378580
2018-12-13,SRF,424.49951171875,436.989990234375,439.0,421.2699890136719,431.3999938964844,1720660
2018-12-14,SRF,427.122314453125,439.69000244140625,444.510009765625,434.260009765625,437.20001220703125,2750550
2018-12-17,SRF,429.2983093261719,441.92999267578125,444.9599914550781,438.010009765625,438.010009765625,1097325
2018-12-18,SRF,431.3771667480469,444.07000732421875,446.0,437.1199951171875,439.9800109863281,1200530
2018-12-19,SRF,435.6416931152344,448.4599914550781,451.0,444.07000732421875,444.07000732421875,1330365
2018-12-20,SRF,438.91534423828125,451.8299865722656,455.3900146484375,444.4599914550781,447.0,1561905
2018-12-21,SRF,417.5830993652344,429.8699951171875,453.3299865722656,428.0,449.20001220703125,3159700
2018-12-24,SRF,383.1949157714844,394.4700012207031,432.3599853515625,392.0,430.760009765625,12186865
2018-12-26,SRF,382.2136535644531,393.4599914550781,397.79998779296875,381.20001220703125,393.7900085449219,7569995
2018-12-27,SRF,388.693115234375,400.1300048828125,402.5,395.1099853515625,395.1099853515625,4628985
2018-12-28,SRF,388.8971252441406,400.3399963378906,407.0,398.69000244140625,401.79998779296875,2875710
2018-12-31,SRF,388.4988098144531,399.92999267578125,404.95001220703125,397.2200012207031,404.95001220703125,1468425
2019-01-01,SRF,386.4297790527344,397.79998779296875,401.5899963378906,389.6000061035156,400.0,4270610
2019-01-02,SRF,387.0417175292969,398.42999267578125,402.6300048828125,392.010009765625,397.4200134277344,2339435
2019-01-03,SRF,383.9331359863281,395.2300109863281,402.3999938964844,393.0,397.0,1603875
2019-01-04,SRF,387.2359924316406,398.6300048828125,400.67999267578125,389.54998779296875,396.1000061035156,2042705
2019-01-07,SRF,388.1491394042969,399.57000732421875,401.94000244140625,395.30999755859375,401.94000244140625,1622010
2019-01-08,SRF,393.482177734375,405.05999755859375,406.3599853515625,397.9800109863281,400.95001220703125,2666585
2019-01-09,SRF,395.7068176269531,407.3500061035156,411.54998779296875,405.04998779296875,405.3999938964844,2222815
2019-01-10,SRF,398.2809753417969,410.0,411.0,403.20001220703125,408.20001220703125,1901925
2019-01-11,SRF,397.5815734863281,409.2799987792969,413.9599914550781,407.6600036621094,410.0,1734845
2019-01-14,SRF,393.70556640625,405.2900085449219,410.8500061035156,400.29998779296875,410.0199890136719,1262745
2019-01-15,SRF,402.4580383300781,414.29998779296875,415.760009765625,405.2900085449219,405.2900085449219,1685830
2019-01-16,SRF,396.5712890625,408.239990234375,417.94000244140625,406.0199890136719,414.739990234375,1426305
2019-01-17,SRF,398.455810546875,410.17999267578125,412.20001220703125,406.5,410.70001220703125,1194125
2019-01-18,SRF,402.39007568359375,414.2300109863281,416.55999755859375,408.9800109863281,410.3999938964844,1164140
2019-01-21,SRF,395.5318298339844,407.1700134277344,416.79998779296875,404.239990234375,416.3999938964844,757155
2019-01-22,SRF,402.7884216308594,414.6400146484375,416.20001220703125,402.010009765625,405.5,1261295
2019-01-23,SRF,400.1363830566406,411.9100036621094,417.9700012207031,410.2099914550781,414.010009765625,1016385
2019-01-24,SRF,407.00433349609375,418.9800109863281,421.739990234375,407.260009765625,412.79998779296875,1004735
2019-01-25,SRF,403.4003601074219,415.2699890136719,427.6000061035156,411.2699890136719,420.94000244140625,1899620
2019-01-28,SRF,390.13079833984375,401.6099853515625,414.3999938964844,395.2099914550781,414.3999938964844,1396920
2019-01-29,SRF,393.5890808105469,405.1700134277344,407.6000061035156,397.3999938964844,402.510009765625,1171560
2019-01-30,SRF,395.4056396484375,407.0400085449219,408.44000244140625,401.4700012207031,404.0199890136719,719990
2019-01-31,SRF,390.77191162109375,402.2699890136719,409.0,399.67999267578125,407.1199951171875,1743590
2019-02-01,SRF,382.0486755371094,393.2900085449219,403.3999938964844,392.1099853515625,403.3999938964844,1678700
2019-02-04,SRF,382.359375,393.6099853515625,397.79998779296875,389.5199890136719,391.67999267578125,2218100
2019-02-05,SRF,393.0936584472656,404.6600036621094,408.55999755859375,391.6400146484375,406.0,8313810
2019-02-06,SRF,431.94061279296875,444.6499938964844,448.0,407.17999267578125,407.17999267578125,8450785
2019-02-07,SRF,432.474853515625,445.20001220703125,451.04998779296875,440.4200134277344,447.0,2795180
2019-02-08,SRF,430.96917724609375,443.6499938964844,449.0,441.0,442.0,1384255
2019-02-11,SRF,430.3458251953125,441.80999755859375,445.79998779296875,431.3399963378906,443.6499938964844,1541070
2019-02-12,SRF,427.9009094238281,439.29998779296875,447.1700134277344,437.3299865722656,444.7799987792969,1037395
2019-02-14,SRF,437.5829772949219,449.239990234375,456.3999938964844,433.20001220703125,439.0,2667650
2019-02-15,SRF,428.85552978515625,440.2799987792969,449.239990234375,433.1000061035156,448.2200012207031,1869070
2019-02-18,SRF,425.30023193359375,436.6300048828125,440.0,432.6000061035156,439.20001220703125,1070110
2019-02-19,SRF,424.8521728515625,436.1700134277344,444.7099914550781,434.3999938964844,436.6000061035156,1286440
2019-02-20,SRF,430.2580871582031,441.7200012207031,443.0199890136719,436.05999755859375,436.05999755859375,1022715
2019-02-21,SRF,429.6249694824219,441.07000732421875,447.20001220703125,438.44000244140625,441.3999938964844,1249650
2019-02-22,SRF,428.6119689941406,440.0299987792969,441.7200012207031,435.3399963378906,439.0,1324240
2019-02-25,SRF,435.9076843261719,447.5199890136719,450.79998779296875,437.7699890136719,438.3999938964844,2710690
2019-02-26,SRF,432.196533203125,443.7099914550781,446.29998779296875,441.04998779296875,445.0,1571595
2019-02-27,SRF,438.87847900390625,450.57000732421875,452.4800109863281,444.6000061035156,445.8999938964844,2445650
2019-02-28,SRF,447.1189880371094,459.0299987792969,461.6000061035156,447.1000061035156,447.1000061035156,2921595
2019-03-01,SRF,445.2975158691406,457.1600036621094,467.7799987792969,454.1000061035156,460.0,2174925
2019-03-05,SRF,451.706787109375,463.739990234375,464.82000732421875,456.20001220703125,456.20001220703125,1540175
2019-03-06,SRF,459.90826416015625,472.1600036621094,475.05999755859375,462.05999755859375,463.79998779296875,1970940
2019-03-07,SRF,457.93096923828125,470.1300048828125,475.6000061035156,468.4200134277344,472.0,957670
2019-03-08,SRF,458.5154113769531,470.7300109863281,472.8399963378906,466.3599853515625,468.79998779296875,894450
2019-03-11,SRF,462.76220703125,475.0899963378906,476.94000244140625,468.2799987792969,469.0,910040
2019-03-12,SRF,462.4991760253906,474.82000732421875,481.1099853515625,471.6099853515625,475.4100036621094,901745
2019-03-13,SRF,468.1974182128906,480.6700134277344,485.0,469.20001220703125,469.20001220703125,918085
2019-03-14,SRF,459.9959411621094,472.25,486.0,470.5,483.54998779296875,1615070
2019-03-15,SRF,471.0709228515625,483.6199951171875,487.0,471.7200012207031,473.989990234375,4452460
2019-03-18,SRF,469.0545349121094,481.54998779296875,489.8999938964844,479.6000061035156,486.6400146484375,1275885
2019-03-19,SRF,466.8434753417969,479.2799987792969,483.6000061035156,477.2799987792969,482.20001220703125,1063220
2019-03-20,SRF,467.9149475097656,480.3800048828125,483.0,474.9700012207031,481.17999267578125,1250950
2019-03-22,SRF,478.1619873046875,490.8999938964844,493.1700134277344,479.0,480.9599914550781,2491155
2019-03-25,SRF,473.7982482910156,486.4200134277344,495.6000061035156,484.0299987792969,490.0,2584945
2019-03-26,SRF,480.2366943359375,493.0299987792969,495.6000061035156,481.20001220703125,486.4200134277344,1370330
2019-03-27,SRF,474.3534851074219,486.989990234375,493.0,483.3999938964844,493.0,1556865
2019-03-28,SRF,477.4996643066406,490.2200012207031,492.739990234375,476.8800048828125,489.70001220703125,755325
2019-04-01,SRF,459.8692626953125,472.1199951171875,486.79998779296875,434.5199890136719,460.0,12060630
2019-04-02,SRF,465.43109130859375,477.8299865722656,479.3399963378906,467.760009765625,470.0400085449219,2523550
2019-04-03,SRF,464.5058288574219,476.8800048828125,483.7900085449219,474.3999938964844,477.9800109863281,1414975
2019-04-04,SRF,484.0841979980469,496.9800109863281,499.239990234375,481.6199951171875,486.0,5294490
2019-04-05,SRF,485.2920837402344,498.2200012207031,500.0,490.3999938964844,500.0,2300045
2019-04-08,SRF,482.7886962890625,495.6499938964844,502.54998779296875,493.1099853515625,497.1000061035156,1935885
2019-04-09,SRF,480.1783142089844,492.9700012207031,495.3299865722656,490.0199890136719,495.010009765625,914070
2019-04-10,SRF,477.65545654296875,490.3800048828125,497.45001220703125,489.1300048828125,492.20001220703125,754760
2019-04-11,SRF,480.4217834472656,493.2200012207031,495.82000732421875,490.010009765625,490.94000244140625,702645
2019-04-12,SRF,476.0386047363281,488.7200012207031,495.6400146484375,486.20001220703125,493.1499938964844,863785
2019-04-15,SRF,479.36981201171875,492.1400146484375,493.9800109863281,488.3999938964844,488.3999938964844,490015
2019-04-16,SRF,484.5322570800781,497.44000244140625,499.29998779296875,490.9200134277344,492.2200012207031,777325
2019-04-18,SRF,477.8308410644531,490.55999755859375,502.20001220703125,488.79998779296875,497.20001220703125,932170
2019-04-22,SRF,472.327392578125,484.9100036621094,491.30999755859375,483.489990234375,487.0199890136719,467050
2019-04-23,SRF,478.9315185546875,491.69000244140625,493.7300109863281,484.29998779296875,487.6000061035156,1066995
2019-04-24,SRF,489.64605712890625,502.69000244140625,504.20001220703125,490.8299865722656,491.79998779296875,1161635
2019-04-25,SRF,491.9058837890625,505.010009765625,507.9599914550781,499.9200134277344,503.79998779296875,1286175
2019-04-26,SRF,498.1884460449219,511.4599914550781,513.219970703125,502.239990234375,505.29998779296875,920975
2019-04-30,SRF,500.2048034667969,513.530029296875,516.489990234375,506.9100036621094,506.9100036621094,1130910
2019-05-02,SRF,505.9808654785156,519.4600219726562,523.5900268554688,512.0,512.0,1584665
2019-05-03,SRF,502.7665100097656,516.1599731445312,518.75,512.2999877929688,517.0,543075
2019-05-06,SRF,497.9060974121094,511.1700134277344,515.3200073242188,507.0,507.0,603805
2019-05-07,SRF,487.90252685546875,500.8999938964844,515.47998046875,499.9200134277344,513.9299926757812,755970
2019-05-08,SRF,476.1943664550781,488.8800048828125,503.6000061035156,485.1300048828125,501.6000061035156,1340210
2019-05-09,SRF,472.152099609375,484.7300109863281,493.3999938964844,482.5,488.3999938964844,1101730
2019-05-10,SRF,476.496337890625,489.19000244140625,494.1000061035156,482.1000061035156,487.1600036621094,1135575
2019-05-13,SRF,480.51922607421875,493.32000732421875,496.6000061035156,486.1000061035156,489.92999267578125,1407015
2019-05-14,SRF,506.5263366699219,520.02001953125,525.0999755859375,467.0,499.79998779296875,10023705
2019-05-15,SRF,537.1797485351562,551.489990234375,563.0,516.25,518.0,12629085
2019-05-16,SRF,538.6700439453125,553.02001953125,558.0,542.25,554.0,3602400
2019-05-17,SRF,545.1669921875,559.6900024414062,564.47998046875,548.0499877929688,548.219970703125,2285440
2019-05-20,SRF,568.5150756835938,583.6599731445312,587.5999755859375,565.5499877929688,572.0,1779140
2019-05-21,SRF,576.6678466796875,592.030029296875,595.6799926757812,579.030029296875,583.6500244140625,2493695
2019-05-22,SRF,571.1742553710938,586.3900146484375,593.1599731445312,584.5,591.0,1014570
2019-05-23,SRF,563.51806640625,578.530029296875,595.8900146484375,571.8099975585938,589.0,1743175
2019-05-24,SRF,558.521484375,573.4000244140625,584.0499877929688,569.4400024414062,574.4299926757812,1467415
2019-05-27,SRF,576.3073120117188,591.6599731445312,596.5800170898438,572.0999755859375,576.7999877929688,1578060
2019-05-28,SRF,562.9823608398438,577.97998046875,594.97998046875,576.4000244140625,592.7999877929688,1351845
2019-05-29,SRF,567.4241333007812,582.5399780273438,585.2000122070312,573.0900268554688,577.0,1256390
2019-05-30,SRF,564.7942504882812,579.8400268554688,582.0,575.3599853515625,581.3099975585938,1248295
2019-05-31,SRF,554.5956420898438,569.3699951171875,585.3599853515625,567.2000122070312,581.75,1409930
2019-06-03,SRF,556.8944702148438,571.72998046875,573.530029296875,554.8300170898438,569.1099853515625,1798500
2019-06-04,SRF,564.1708374023438,579.2000122070312,583.9000244140625,566.7999877929688,568.4000244140625,1720230
2019-06-06,SRF,553.5634155273438,568.3099975585938,584.0800170898438,565.1799926757812,580.0,1195865
2019-06-07,SRF,560.1576538085938,575.0800170898438,579.2100219726562,564.4199829101562,571.4000244140625,1045965
2019-06-10,SRF,566.8298950195312,581.9299926757812,590.719970703125,575.2000122070312,575.2000122070312,1762120
2019-06-11,SRF,563.1188354492188,578.1199951171875,585.5599975585938,576.02001953125,585.0,911550
2019-06-12,SRF,562.904541015625,577.9000244140625,584.0,575.4600219726562,578.5999755859375,841130
2019-06-13,SRF,568.7489013671875,583.9000244140625,586.0,572.4500122070312,580.22998046875,802325
2019-06-14,SRF,562.164306640625,577.1400146484375,588.5999755859375,570.6900024414062,586.5999755859375,1403050
2019-06-17,SRF,557.6445922851562,572.5,576.5800170898438,569.6799926757812,575.0,512900
2019-06-18,SRF,586.3011474609375,601.9199829101562,604.2000122070312,573.6199951171875,574.5999755859375,5337590
2019-06-19,SRF,578.8887329101562,594.3099975585938,609.2000122070312,587.4299926757812,604.0,3489100
2019-06-20,SRF,592.3111572265625,608.0900268554688,609.77001953125,595.6599731445312,597.7999877929688,2670090
2019-06-21,SRF,588.5610961914062,604.239990234375,612.5999755859375,601.4299926757812,607.7999877929688,1891405
2019-06-24,SRF,582.4829711914062,598.0,608.4000244140625,597.0,606.7999877929688,906920
2019-06-25,SRF,577.447021484375,592.8300170898438,598.9600219726562,584.0,597.5999755859375,2028850
2019-06-26,SRF,580.21337890625,595.6699829101562,601.2000122070312,590.4000244140625,595.0999755859375,1281055
2019-06-27,SRF,589.0189208984375,604.7100219726562,615.4000244140625,592.6799926757812,594.4199829101562,2600740
2019-06-28,SRF,592.7396850585938,608.530029296875,611.7999877929688,603.4500122070312,608.0,1853700
2019-07-01,SRF,588.4343872070312,604.1099853515625,613.7999877929688,599.030029296875,613.7999877929688,1626980
2019-07-02,SRF,597.4736938476562,613.3900146484375,615.5700073242188,601.239990234375,605.9600219726562,1289505
2019-07-03,SRF,589.613037109375,605.3200073242188,617.219970703125,603.02001953125,613.5900268554688,1869725
2019-07-04,SRF,593.7235107421875,609.5399780273438,613.6900024414062,606.030029296875,608.9500122070312,732985
2019-07-05,SRF,580.9342041015625,596.4099731445312,612.7000122070312,594.2100219726562,609.7999877929688,1267595
2019-07-08,SRF,561.170654296875,576.1199951171875,596.5499877929688,574.1500244140625,596.4099731445312,1543290
2019-07-09,SRF,544.6897583007812,559.2000122070312,579.0900268554688,551.2100219726562,573.8800048828125,3080930
2019-07-10,SRF,538.0565795898438,552.3900146484375,559.7999877929688,548.0,559.760009765625,1645505
2019-07-11,SRF,537.7252807617188,552.0499877929688,561.7100219726562,550.0,552.0,1367290
2019-07-12,SRF,535.3583374023438,549.6199951171875,556.3400268554688,541.5999755859375,553.5999755859375,2129610
2019-07-15,SRF,523.2799072265625,537.219970703125,559.5999755859375,532.4000244140625,551.0,1605495
2019-07-16,SRF,541.1636352539062,555.5800170898438,557.7999877929688,539.75,539.7999877929688,2347850
2019-07-17,SRF,527.95556640625,542.02001953125,556.9400024414062,535.8099975585938,554.0,2088105
2019-07-18,SRF,515.05908203125,528.780029296875,550.989990234375,527.1199951171875,541.4000244140625,1879000
2019-07-19,SRF,520.8060302734375,534.6799926757812,540.2000122070312,528.0499877929688,534.0,1946595
2019-07-22,SRF,525.5398559570312,539.5399780273438,540.8800048828125,522.4600219726562,532.7999877929688,1645795
2019-07-23,SRF,523.884033203125,537.8400268554688,546.0,534.4000244140625,542.0,1098955
2019-07-24,SRF,521.5850830078125,535.47998046875,540.0,528.6199951171875,538.989990234375,797540
2019-07-25,SRF,517.2994384765625,531.0800170898438,540.0,528.219970703125,533.5999755859375,661730
2019-07-26,SRF,533.302978515625,547.510009765625,552.8499755859375,530.0,533.2000122070312,1571580
2019-07-29,SRF,539.1376953125,553.5,557.5999755859375,536.4000244140625,548.7999877929688,1450045
2019-07-30,SRF,522.1307373046875,536.0399780273438,556.3900146484375,531.5999755859375,555.2000122070312,1160340
2019-07-31,SRF,526.3385620117188,540.3599853515625,543.4199829101562,523.1500244140625,538.8699951171875,945935
2019-08-01,SRF,514.046142578125,527.739990234375,541.0,513.3099975585938,537.219970703125,1454435
2019-08-02,SRF,512.877197265625,526.5399780273438,536.3599853515625,515.6300048828125,523.75,1411865
2019-08-05,SRF,502.3671569824219,515.75,525.0,510.29998779296875,519.1400146484375,1413480
2019-08-06,SRF,580.6906127929688,596.1599731445312,609.9600219726562,530.0,530.0,15160610
2019-08-07,SRF,560.8200073242188,575.760009765625,604.0,571.0599975585938,596.7999877929688,6630390
2019-08-08,SRF,565.2615966796875,580.3200073242188,586.0,568.0,581.2000122070312,3169880
2019-08-09,SRF,564.5603637695312,579.5999755859375,590.0700073242188,572.969970703125,576.260009765625,2382910
2019-08-13,SRF,552.892333984375,566.25,581.4000244140625,560.5700073242188,581.4000244140625,1273480
2019-08-14,SRF,562.5783081054688,576.1699829101562,584.0,568.0,571.7999877929688,1687430
2019-08-16,SRF,563.6426391601562,577.260009765625,582.239990234375,566.7999877929688,576.0,1340220
2019-08-19,SRF,573.8949584960938,587.760009765625,593.2000122070312,580.25,583.9600219726562,2388975
2019-08-20,SRF,557.2471313476562,570.7100219726562,589.510009765625,568.8400268554688,585.3099975585938,1250370
2019-08-21,SRF,566.0640258789062,579.739990234375,585.25,570.5999755859375,570.7999877929688,1655090
2019-08-22,SRF,544.3974609375,557.5499877929688,576.989990234375,554.7999877929688,576.989990234375,1594350
2019-08-23,SRF,548.7131958007812,561.969970703125,566.4000244140625,550.5999755859375,558.02001953125,1808540
2019-08-26,SRF,555.5286254882812,568.9500122070312,574.739990234375,556.4000244140625,574.5999755859375,1056075
2019-08-27,SRF,548.0494384765625,561.2899780273438,575.0,558.0399780273438,570.510009765625,1419390
2019-08-28,SRF,542.0540771484375,555.1500244140625,566.1799926757812,552.3800048828125,562.0,1113045
2019-08-29,SRF,535.1900634765625,548.1199951171875,557.5900268554688,545.2000122070312,545.2000122070312,885455
2019-08-30,SRF,541.8294677734375,554.9199829101562,557.27001953125,548.1900024414062,550.0999755859375,807705
2019-09-03,SRF,531.8994750976562,544.75,555.9099731445312,542.530029296875,554.0,620660
2019-09-04,SRF,534.2037963867188,547.1099853515625,549.7899780273438,537.0,544.4000244140625,745610
2019-09-05,SRF,533.6764526367188,546.5700073242188,555.1799926757812,545.510009765625,548.0999755859375,811365
2019-09-06,SRF,539.8963012695312,552.9400024414062,558.0,546.0999755859375,549.7899780273438,1111215
2019-09-09,SRF,545.5203857421875,558.7000122070312,560.7999877929688,549.8099975585938,553.5999755859375,830085
2019-09-11,SRF,549.728759765625,563.010009765625,568.4000244140625,558.0,559.5999755859375,867595
2019-09-12,SRF,528.98974609375,541.77001953125,567.7899780273438,540.0800170898438,566.989990234375,1343185
2019-09-13,SRF,541.7709350585938,554.8599853515625,556.0700073242188,542.0999755859375,545.7999877929688,1670560
2019-09-16,SRF,546.301513671875,559.5,561.0,546.260009765625,554.219970703125,1277055
2019-09-17,SRF,534.0083618164062,546.9099731445312,564.4400024414062,545.0,560.7000122070312,1269960
2019-09-18,SRF,535.15087890625,548.0800170898438,556.9299926757812,542.0800170898438,550.5900268554688,1308900
2019-09-19,SRF,527.7398681640625,540.489990234375,548.7000122070312,535.1400146484375,548.4000244140625,1803925
2019-09-20,SRF,559.2194213867188,572.72998046875,587.0,538.510009765625,540.0,2523980
2019-09-23,SRF,575.9160766601562,589.8300170898438,600.5999755859375,572.72998046875,586.6799926757812,2894915
2019-09-24,SRF,562.7247314453125,576.3200073242188,595.5,574.2000122070312,591.0,1569070
2019-09-25,SRF,544.3974609375,557.5499877929688,578.1599731445312,552.0,575.2999877929688,1189870
2019-09-26,SRF,540.7164306640625,553.780029296875,559.0,548.2100219726562,556.0,1887370
2019-09-27,SRF,537.4942626953125,550.47998046875,559.7999877929688,547.2999877929688,553.6199951171875,1497535
2019-09-30,SRF,537.4063720703125,550.3900146484375,554.97998046875,547.4000244140625,550.7999877929688,761940
2019-10-01,SRF,523.9417114257812,536.5999755859375,552.0,530.4099731445312,549.0,1793235
2019-10-03,SRF,533.3152465820312,546.2000122070312,549.8300170898438,528.4299926757812,535.7899780273438,1034010
2019-10-04,SRF,521.0028686523438,533.5900268554688,553.7999877929688,531.969970703125,546.0,1032855
2019-10-07,SRF,517.6341552734375,530.1400146484375,538.1900024414062,527.510009765625,534.010009765625,531965
2019-10-09,SRF,536.7717895507812,549.739990234375,552.0,530.02001953125,530.0999755859375,1064975
2019-10-10,SRF,535.7366333007812,548.6799926757812,557.7999877929688,544.4500122070312,549.0999755859375,859950
2019-10-11,SRF,526.0801391601562,538.7899780273438,549.2000122070312,537.2000122070312,547.9000244140625,809940
2019-10-14,SRF,510.20367431640625,522.530029296875,542.6900024414062,519.0399780273438,539.7999877929688,2123715
2019-10-15,SRF,512.5470581054688,524.9299926757812,533.969970703125,517.5999755859375,525.0,2789195
2019-10-16,SRF,514.3629760742188,526.7899780273438,529.6500244140625,518.0,527.0,1701515
2019-10-17,SRF,522.94580078125,535.5800170898438,537.6799926757812,523.5999755859375,527.0,1369300
2019-10-18,SRF,526.0313110351562,538.739990234375,544.3900146484375,532.9000244140625,535.5800170898438,907425
2019-10-22,SRF,529.956298828125,542.760009765625,549.7999877929688,538.97998046875,538.97998046875,670180
2019-10-23,SRF,551.7401123046875,565.0700073242188,578.5999755859375,540.5999755859375,543.3099975585938,2920775
2019-10-24,SRF,555.782470703125,569.2100219726562,575.7999877929688,567.0,568.0,1339020
2019-10-25,SRF,556.7686767578125,570.219970703125,586.0,567.0,570.2000122070312,2506775
2019-10-27,SRF,557.1981811523438,570.6599731445312,574.7999877929688,568.4000244140625,574.4000244140625,87025
2019-10-29,SRF,550.6172485351562,563.9199829101562,589.5999755859375,556.6099853515625,572.5800170898438,1741465
2019-10-30,SRF,546.0380249023438,559.22998046875,562.989990234375,543.0,561.7000122070312,4279015
2019-10-31,SRF,565.585693359375,579.25,584.0,551.5900268554688,559.97998046875,3239310
2019-11-01,SRF,566.8256225585938,580.52001953125,585.0599975585938,572.0,579.1099853515625,1538875
2019-11-04,SRF,572.1568603515625,585.97998046875,595.0,574.1599731445312,580.4000244140625,3066120
2019-11-05,SRF,577.536865234375,591.489990234375,612.9400024414062,578.0,580.0,5754060
2019-11-06,SRF,598.9496459960938,613.4199829101562,625.6699829101562,586.3200073242188,591.0,7167175
2019-11-07,SRF,614.8942260742188,629.75,633.0,607.7999877929688,615.7999877929688,3604585
2019-11-08,SRF,613.0782470703125,627.8900146484375,645.0,623.9199829101562,629.5999755859375,3996720
2019-11-11,SRF,616.06591796875,630.9500122070312,639.5499877929688,625.8800048828125,627.0599975585938,1807590
2019-11-13,SRF,614.103515625,628.9400024414062,638.0,626.0,634.0,1770555
2019-11-14,SRF,617.0325927734375,631.9400024414062,638.0,626.0,630.0,1581270
2019-11-15,SRF,627.9684448242188,643.1400146484375,648.969970703125,631.6400146484375,635.5999755859375,2588175
2019-11-18,SRF,626.1426391601562,641.27001953125,649.1400146484375,636.5499877929688,647.5900268554688,1537960
2019-11-19,SRF,625.010009765625,640.1099853515625,645.27001953125,637.0399780273438,643.5999755859375,643805
2019-11-20,SRF,628.8765258789062,644.0700073242188,654.5800170898438,640.0,640.0,1898535
2019-11-21,SRF,613.9178466796875,628.75,646.0700073242188,626.780029296875,645.5999755859375,1107640
2019-11-22,SRF,610.0709228515625,624.8099975585938,634.989990234375,618.0399780273438,629.5999755859375,1649060
2019-11-25,SRF,615.5777587890625,630.4500122070312,632.3499755859375,626.4199829101562,628.7100219726562,879625
2019-11-26,SRF,609.5631103515625,624.2899780273438,635.4600219726562,621.0,633.0,908515
2019-11-27,SRF,618.0480346679688,632.97998046875,634.5999755859375,623.5700073242188,626.0,915370
2019-11-28,SRF,629.7747802734375,644.989990234375,647.989990234375,626.5,636.719970703125,1875150
2019-11-29,SRF,625.224853515625,640.3300170898438,644.5900268554688,636.0,642.6400146484375,720445
2019-12-02,SRF,632.2159423828125,647.489990234375,650.0,635.0,640.2000122070312,1160755
2019-12-03,SRF,626.064453125,641.1900024414062,649.530029296875,638.0,645.989990234375,804315
2019-12-04,SRF,623.4965209960938,638.5599975585938,643.3900146484375,634.780029296875,639.4000244140625,723185
2019-12-05,SRF,632.9480590820312,648.239990234375,651.3599853515625,636.0399780273438,639.3800048828125,1268995
2019-12-06,SRF,630.7804565429688,646.02001953125,650.75,643.5399780273438,646.7000122070312,985945
2019-12-09,SRF,633.5830078125,648.8900146484375,657.1500244140625,641.3200073242188,642.0,1696250
2019-12-10,SRF,632.4014282226562,647.6799926757812,655.0800170898438,644.4000244140625,648.5999755859375,1164630
2019-12-11,SRF,638.2890625,653.7100219726562,654.7999877929688,646.0,648.0,815875
2019-12-12,SRF,646.217529296875,661.8300170898438,664.6900024414062,651.4000244140625,653.0,1500405
2019-12-13,SRF,645.0165405273438,660.5999755859375,668.5900268554688,658.2000122070312,661.1599731445312,1449265
2019-12-16,SRF,638.2598876953125,653.6799926757812,665.239990234375,651.8400268554688,660.5999755859375,567735
2019-12-17,SRF,632.7724609375,648.0599975585938,657.0,645.0399780273438,653.9000244140625,574485
2019-12-18,SRF,630.5070190429688,645.739990234375,649.8900146484375,640.7999877929688,647.760009765625,570520
2019-12-19,SRF,650.1915283203125,665.9000244140625,669.1500244140625,646.760009765625,647.3800048828125,3025475
2019-12-20,SRF,649.6057739257812,665.2999877929688,668.97998046875,661.8599853515625,666.0999755859375,1170715
2019-12-23,SRF,655.6008911132812,671.4400024414062,679.1900024414062,660.2000122070312,664.5800170898438,2368425
2019-12-24,SRF,650.181884765625,665.8900146484375,674.4000244140625,664.4000244140625,669.3900146484375,936370
2019-12-26,SRF,666.61474609375,682.719970703125,685.3200073242188,664.219970703125,664.219970703125,2780905
2019-12-27,SRF,668.020751953125,684.1599731445312,689.7999877929688,678.260009765625,682.760009765625,1932460
2019-12-30,SRF,666.9467163085938,683.0599975585938,691.2899780273438,681.02001953125,682.4400024414062,1372270
2019-12-31,SRF,671.008544921875,687.219970703125,690.0,680.2100219726562,682.9000244140625,947115
2020-01-01,SRF,671.6823120117188,687.9099731445312,690.5999755859375,685.0599975585938,686.2999877929688,532860
2020-01-02,SRF,676.3203125,692.6599731445312,693.9000244140625,687.0,688.2000122070312,762515
2020-01-03,SRF,674.2405395507812,690.530029296875,695.1699829101562,687.0599975585938,691.6400146484375,609280
2020-01-06,SRF,665.6578979492188,681.739990234375,690.0,676.8099975585938,690.0,749325
2020-01-07,SRF,667.4153442382812,683.5399780273438,689.7999877929688,677.6199951171875,683.0999755859375,769295
2020-01-08,SRF,676.7595825195312,693.1099853515625,698.510009765625,676.2000122070312,677.5999755859375,995530
2020-01-09,SRF,682.7352905273438,699.22998046875,703.2000122070312,691.6400146484375,694.97998046875,1325260
2020-01-10,SRF,682.5497436523438,699.0399780273438,703.5999755859375,696.0,703.5999755859375,951355
2020-01-13,SRF,691.3179931640625,708.02001953125,708.719970703125,700.25,700.4000244140625,1099235
2020-01-14,SRF,691.5914916992188,708.2999877929688,712.489990234375,704.239990234375,704.239990234375,705350
2020-01-15,SRF,697.4791870117188,714.3300170898438,716.0999755859375,704.0,704.0,666315
2020-01-16,SRF,698.1138305664062,714.97998046875,719.3599853515625,712.010009765625,712.4000244140625,521905
2020-01-17,SRF,707.4482421875,724.5399780273438,731.0,714.2000122070312,715.780029296875,974630
2020-01-20,SRF,706.1691284179688,723.22998046875,728.969970703125,720.4000244140625,727.0,420230
2020-01-21,SRF,704.8900146484375,721.9199829101562,729.4000244140625,720.4199829101562,723.0,470245
2020-01-22,SRF,705.0462646484375,722.0800170898438,727.719970703125,720.1799926757812,725.7999877929688,456595
2020-01-23,SRF,710.2017822265625,727.3599853515625,732.5999755859375,721.47998046875,722.2000122070312,822140
2020-01-24,SRF,714.8006591796875,732.0700073242188,745.3499755859375,725.0399780273438,725.0399780273438,1464915
2020-01-27,SRF,717.3880004882812,734.719970703125,742.510009765625,729.1699829101562,730.0,764240
2020-01-28,SRF,735.2076416015625,752.969970703125,757.0,736.6599731445312,737.9400024414062,1537685
2020-01-29,SRF,735.4908447265625,753.260009765625,760.77001953125,750.2000122070312,756.1900024414062,1419640
2020-01-30,SRF,742.5112915039062,760.4500122070312,764.7999877929688,748.3499755859375,753.9000244140625,768170
2020-01-31,SRF,738.95703125,756.8099975585938,772.2000122070312,754.4000244140625,763.2000122070312,1572660
2020-02-03,SRF,740.001708984375,757.8800048828125,762.8099975585938,737.6300048828125,737.6300048828125,1189275
2020-02-04,SRF,730.5307006835938,748.1799926757812,780.0,728.260009765625,769.989990234375,5338865
2020-02-05,SRF,778.5992431640625,797.4099731445312,799.5499877929688,755.0,760.0,5149255
2020-02-06,SRF,782.8076171875,801.719970703125,811.0,795.4099731445312,798.0,3154720
2020-02-07,SRF,802.5897216796875,821.97998046875,824.7999877929688,796.9299926757812,799.8200073242188,2106415
2020-02-10,SRF,808.73193359375,826.8599853515625,834.7000122070312,818.0,824.4000244140625,2542210
2020-02-11,SRF,813.5147094726562,831.75,839.010009765625,821.2000122070312,830.5999755859375,1318975
2020-02-12,SRF,814.4536743164062,832.7100219726562,836.72998046875,827.8200073242188,832.7999877929688,801775
2020-02-13,SRF,811.636962890625,829.8300170898438,834.0,824.0399780273438,832.0,962810
2020-02-14,SRF,820.2047729492188,838.5900268554688,846.0,829.8300170898438,830.0,1395295
2020-02-17,SRF,812.2237548828125,830.4299926757812,843.4000244140625,828.2000122070312,840.2000122070312,849260
2020-02-18,SRF,814.5025634765625,832.760009765625,834.9600219726562,824.489990234375,831.4400024414062,1226355
2020-02-19,SRF,814.1798706054688,832.4299926757812,836.0,828.760009765625,833.0,732710
2020-02-20,SRF,815.0894165039062,833.3599853515625,852.0,831.0,834.0,1589730
2020-02-24,SRF,794.6085815429688,812.4199829101562,832.0,810.010009765625,827.1099853515625,953070
2020-02-25,SRF,805.8858642578125,823.9500122070312,827.6300048828125,806.5900268554688,813.9000244140625,1236165
2020-02-26,SRF,806.9324340820312,825.02001953125,833.0999755859375,819.8300170898438,821.5999755859375,1044725
2020-02-27,SRF,810.5708618164062,828.739990234375,834.2899780273438,818.2000122070312,824.9600219726562,834235
2020-02-28,SRF,761.6865234375,778.760009765625,819.7899780273438,769.2100219726562,815.2000122070312,2509525
2020-03-02,SRF,764.3468627929688,781.47998046875,803.7999877929688,777.0900268554688,800.0,1396940
2020-03-03,SRF,781.8641967773438,799.3900146484375,801.1799926757812,775.0,788.7999877929688,1145930
2020-03-04,SRF,774.00048828125,791.3499755859375,803.1900024414062,777.97998046875,794.4199829101562,1282720
2020-03-05,SRF,768.9439086914062,786.1799926757812,801.8599853515625,782.6099853515625,795.5999755859375,1059880
2020-03-06,SRF,760.4248046875,777.469970703125,783.5399780273438,748.030029296875,770.0,2443515
2020-03-09,SRF,728.9992065429688,745.3400268554688,769.1900024414062,737.6099853515625,768.0,1594675
2020-03-11,SRF,727.3365478515625,743.6400146484375,750.9400024414062,728.0,733.02001953125,1474185
2020-03-12,SRF,659.5264282226562,674.3099975585938,725.9400024414062,665.52001953125,719.5999755859375,2608865
2020-03-13,SRF,695.9012451171875,711.5,718.22998046875,580.0700073242188,613.0,1558775
2020-03-16,SRF,615.7869873046875,629.5900268554688,699.6099853515625,625.02001953125,699.6099853515625,1534350
2020-03-17,SRF,634.6638793945312,648.8900146484375,671.0,620.6500244140625,631.0,1303130
2020-03-18,SRF,579.2361450195312,592.219970703125,667.760009765625,587.510009765625,652.0499877929688,1522760
2020-03-19,SRF,574.4437255859375,587.3200073242188,615.5,537.3099975585938,550.2000122070312,2401670
2020-03-20,SRF,629.2647705078125,643.3699951171875,659.97998046875,572.4000244140625,586.0,1649395
2020-03-23,SRF,525.5300903320312,537.3099975585938,609.7999877929688,521.010009765625,580.2000122070312,1127995
2020-03-24,SRF,531.7799682617188,543.7000122070312,591.0,527.030029296875,588.97998046875,1273845
2020-03-25,SRF,543.4093017578125,555.5900268554688,567.0,493.5299987792969,543.7000122070312,1184620
2020-03-26,SRF,542.1475219726562,554.2999877929688,576.0,532.0,553.3400268554688,1674270
2020-03-27,SRF,533.4428100585938,545.4000244140625,573.8400268554688,536.4099731445312,565.0,1505005
2020-03-30,SRF,547.2335205078125,559.5,566.7999877929688,510.0,530.0,1766090
2020-03-31,SRF,544.455810546875,556.6599731445312,579.4000244140625,549.02001953125,578.0,1090130
2020-04-01,SRF,519.3486328125,530.989990234375,563.5700073242188,524.0,560.1300048828125,1235255
2020-04-03,SRF,521.9698486328125,533.6699829101562,553.52001953125,512.4199829101562,527.0,2056550
2020-04-07,SRF,564.4868774414062,577.1400146484375,585.3900146484375,540.4000244140625,549.5999755859375,1958060
2020-04-08,SRF,586.2098999023438,599.3499755859375,624.5900268554688,562.4600219726562,574.0,2556285
2020-04-09,SRF,633.3531494140625,647.5499877929688,655.5999755859375,606.1799926757812,609.5999755859375,2212305
2020-04-13,SRF,661.9912109375,676.8300170898438,685.0,636.0,650.0,2133280
2020-04-15,SRF,652.80712890625,667.4400024414062,695.97998046875,650.4000244140625,688.780029296875,1997550
2020-04-16,SRF,667.8499145507812,682.8200073242188,689.7999877929688,651.4000244140625,664.7999877929688,1910340
2020-04-17,SRF,666.4806518554688,681.4199829101562,701.9600219726562,668.030029296875,700.0,1612525
2020-04-20,SRF,653.4623413085938,668.1099853515625,686.780029296875,660.6699829101562,682.0,951945
2020-04-21,SRF,646.8311157226562,661.3300170898438,665.3699951171875,647.1300048828125,656.0,1044945
2020-04-22,SRF,673.4640502929688,688.5599975585938,692.969970703125,657.0700073242188,660.0,1245330
2020-04-23,SRF,712.6165161132812,728.5900268554688,739.22998046875,692.0,694.1599731445312,2578195
2020-04-24,SRF,682.3156127929688,697.6099853515625,732.1599731445312,694.0,720.4000244140625,1369535
2020-04-27,SRF,702.1802978515625,717.9199829101562,728.5599975585938,704.4000244140625,711.4000244140625,1480985
2020-04-28,SRF,720.8224487304688,736.97998046875,752.0,719.7999877929688,729.0,3191485
2020-04-29,SRF,717.0470581054688,733.1199951171875,747.7999877929688,723.02001953125,736.4000244140625,1284485
2020-04-30,SRF,727.4440307617188,743.75,754.4000244140625,737.3499755859375,737.3499755859375,1036910
2020-05-04,SRF,712.1469116210938,728.1099853515625,738.3400268554688,716.1599731445312,730.0,1148790
2020-05-05,SRF,713.9759521484375,729.97998046875,745.7999877929688,725.1199951171875,731.5999755859375,1349130
2020-05-06,SRF,714.9834594726562,731.010009765625,745.5499877929688,726.9299926757812,740.2000122070312,1094360
2020-05-07,SRF,702.9334716796875,718.6900024414062,737.7999877929688,708.6199951171875,730.010009765625,2080750
2020-05-08,SRF,703.2562866210938,719.02001953125,732.0,716.4099731445312,732.0,564800
2020-05-11,SRF,699.6862182617188,715.3699951171875,731.0,711.0999755859375,726.52001953125,902500
2020-05-12,SRF,691.9594116210938,707.469970703125,717.6599731445312,694.2000122070312,713.3800048828125,1335150
2020-05-13,SRF,705.3492431640625,721.1599731445312,743.97998046875,718.6699829101562,728.0,1428245
2020-05-14,SRF,714.3085327148438,730.3200073242188,734.0,711.0399780273438,717.4000244140625,949995
2020-05-15,SRF,703.4420776367188,719.2100219726562,737.7000122070312,711.6500244140625,733.2000122070312,989120
2020-05-18,SRF,669.6300048828125,684.6400146484375,718.0,679.4000244140625,718.0,794370
2020-05-19,SRF,650.4891357421875,665.0700073242188,700.0,661.2000122070312,690.02001953125,1338180
2020-05-20,SRF,661.1696166992188,675.989990234375,681.8400268554688,665.1099853515625,667.0,963010
2020-05-21,SRF,659.3114624023438,674.0900268554688,691.1900024414062,669.0999755859375,677.0,816475
2020-05-22,SRF,661.1696166992188,675.989990234375,686.0,664.7999877929688,672.0,797125
2020-05-26,SRF,675.351806640625,690.489990234375,696.239990234375,673.5999755859375,680.0,750120
2020-05-27,SRF,670.216796875,685.239990234375,692.0,680.2100219726562,692.0,501520
2020-05-28,SRF,666.9305419921875,681.8800048828125,692.0,674.0,685.0399780273438,670380
2020-05-29,SRF,682.1397094726562,697.4299926757812,708.7999877929688,675.0,679.0,1385510
2020-06-01,SRF,725.1749267578125,741.4299926757812,746.8599853515625,702.3599853515625,704.0,1568805
2020-06-02,SRF,719.8248291015625,735.9600219726562,751.760009765625,730.0,741.5399780273438,736740
2020-06-03,SRF,714.2400512695312,730.25,747.760009765625,721.1300048828125,740.0,1005325
2020-06-04,SRF,742.9564208984375,759.6099853515625,768.9000244140625,724.4600219726562,730.25,2949975
2020-06-05,SRF,714.0541381835938,730.0599975585938,758.0,727.4000244140625,758.0,3561840
2020-06-08,SRF,723.21875,739.4299926757812,751.0,722.2000122070312,736.0,2357315
2020-06-09,SRF,714.9247436523438,730.9500122070312,744.75,726.030029296875,738.4000244140625,1480340
2020-06-10,SRF,712.3426513671875,728.3099975585938,743.239990234375,726.2000122070312,734.0,1066170
2020-06-11,SRF,709.2421264648438,725.1400146484375,747.3900146484375,718.4000244140625,729.7999877929688,2103745
2020-06-12,SRF,720.4508056640625,736.5999755859375,738.8800048828125,705.8400268554688,710.0,1162945
2020-06-15,SRF,707.1880493164062,723.0399780273438,744.9000244140625,720.010009765625,739.8200073242188,1018165
2020-06-16,SRF,707.1979370117188,723.0499877929688,739.5599975585938,709.0999755859375,733.5900268554688,1782125
2020-06-17,SRF,708.3716430664062,724.25,734.6400146484375,713.280029296875,723.0,1466840
2020-06-18,SRF,705.1439819335938,720.9500122070312,730.989990234375,716.0,723.0,1221505
2020-06-19,SRF,706.9827880859375,722.8300170898438,732.0,719.5399780273438,723.0,1406955
2020-06-22,SRF,707.7749633789062,723.6400146484375,731.2000122070312,721.5999755859375,723.6300048828125,579025
2020-06-23,SRF,726.7496948242188,743.0399780273438,749.5999755859375,715.2899780273438,730.0,1646360
2020-06-24,SRF,704.478759765625,720.27001953125,751.4299926757812,716.4099731445312,747.5999755859375,1758525
2020-06-25,SRF,707.178466796875,723.030029296875,728.969970703125,712.4000244140625,720.27001953125,894980
2020-06-26,SRF,704.6060180664062,720.4000244140625,732.989990234375,717.3099975585938,728.0,879855
2020-06-29,SRF,704.8994750976562,720.7000122070312,727.989990234375,716.8099975585938,720.0,556965
2020-06-30,SRF,705.3298950195312,721.1400146484375,730.4000244140625,715.02001953125,722.0,437590
2020-07-01,SRF,703.8138427734375,719.5900268554688,725.6300048828125,717.0,721.4000244140625,509875
2020-07-02,SRF,714.8170776367188,730.8400268554688,742.0,721.7999877929688,721.9000244140625,1760060
2020-07-03,SRF,712.704345703125,728.6799926757812,737.0700073242188,726.0,731.0700073242188,316045
2020-07-06,SRF,753.1773681640625,770.0599975585938,775.97998046875,731.0,731.0,4363080
2020-07-07,SRF,749.40185546875,766.2000122070312,784.4600219726562,762.219970703125,775.0,1391210
2020-07-08,SRF,763.0167236328125,780.1199951171875,808.7100219726562,772.02001953125,774.0,4609340
2020-07-09,SRF,761.0703125,778.1300048828125,792.0,768.0,782.0,1093545
2020-07-10,SRF,761.8527221679688,778.9299926757812,792.4000244140625,768.0,768.0,1001630
2020-07-13,SRF,751.2896118164062,768.1300048828125,788.1900024414062,763.2100219726562,783.3200073242188,979295
2020-07-14,SRF,744.1300659179688,760.8099975585938,778.7899780273438,758.0,759.1199951171875,1040805
2020-07-15,SRF,742.0466918945312,758.6799926757812,771.5900268554688,752.4000244140625,766.0,735060
2020-07-16,SRF,746.1644897460938,762.8900146484375,767.02001953125,752.3099975585938,760.0,603125
2020-07-17,SRF,745.9393310546875,762.6599731445312,774.5,758.8099975585938,764.0,717475
2020-07-20,SRF,752.981689453125,769.8599853515625,782.8300170898438,763.4299926757812,767.7999877929688,996580
2020-07-21,SRF,744.5409545898438,761.22998046875,779.25,754.4000244140625,775.0,606070
2020-07-22,SRF,745.8612060546875,762.5800170898438,774.0,754.0,766.780029296875,858660
2020-07-23,SRF,751.4166259765625,768.260009765625,776.7899780273438,760.0800170898438,764.4000244140625,1013210
2020-07-24,SRF,741.3816528320312,758.0,775.5999755859375,754.4500122070312,766.0,777535
2020-07-27,SRF,736.628173828125,753.1400146484375,766.1199951171875,744.4199829101562,761.7999877929688,742270
2020-07-28,SRF,737.6454467773438,754.1799926757812,762.0,752.030029296875,755.5700073242188,418915
2020-07-29,SRF,769.716552734375,786.969970703125,789.6900024414062,754.4000244140625,759.0,2059445
2020-07-30,SRF,735.5523681640625,752.0399780273438,806.0,745.3800048828125,794.7999877929688,4685845
2020-07-31,SRF,741.9978637695312,758.6300048828125,777.25,751.2000122070312,757.5999755859375,1666940
2020-08-03,SRF,749.8714599609375,766.6799926757812,775.760009765625,757.0,757.0,1143300
2020-08-04,SRF,745.5678100585938,762.280029296875,778.0,759.3400268554688,770.0,685160
2020-08-05,SRF,747.0936279296875,763.8400268554688,780.3400268554688,763.0,763.7999877929688,1317585
2020-08-06,SRF,750.3941040039062,766.2100219726562,772.0,758.1699829101562,769.9000244140625,1015845
2020-08-07,SRF,799.4207763671875,816.27001953125,824.5900268554688,766.1099853515625,768.0,5055370
2020-08-10,SRF,826.8819580078125,844.3099975585938,855.3300170898438,812.719970703125,824.0,4174425
2020-08-11,SRF,814.7085571289062,831.8800048828125,861.5900268554688,830.0,844.7999877929688,2731695
2020-08-12,SRF,812.573486328125,829.7000122070312,847.5999755859375,819.0700073242188,828.0,1510240
2020-08-13,SRF,823.8458862304688,841.2100219726562,847.0,829.0,834.219970703125,1640470
2020-08-14,SRF,817.6857299804688,834.9199829101562,854.6199951171875,827.0,845.0,1611740
2020-08-17,SRF,811.3591918945312,828.4600219726562,843.0,824.4199829101562,837.7999877929688,859380
2020-08-18,SRF,838.7908935546875,856.469970703125,866.25,824.0,828.2000122070312,2425645
2020-08-19,SRF,841.278564453125,859.010009765625,871.7999877929688,854.47998046875,859.0,1755740
2020-08-20,SRF,832.9146728515625,850.469970703125,870.0,845.1500244140625,855.0,1412290
2020-08-21,SRF,839.593994140625,857.2899780273438,877.7899780273438,853.4600219726562,855.0,1955600
2020-08-24,SRF,848.7508544921875,866.6400146484375,887.8300170898438,860.0999755859375,860.0999755859375,2478870
2020-08-25,SRF,837.5960693359375,855.25,882.0,852.4199829101562,871.5999755859375,1516520
2020-08-26,SRF,833.7570190429688,851.3300170898438,865.7999877929688,842.0800170898438,859.5999755859375,929885
2020-08-27,SRF,830.1627197265625,847.6599731445312,864.780029296875,845.4199829101562,856.0,1046235
2020-08-28,SRF,827.7536010742188,845.2000122070312,855.2000122070312,842.0,851.97998046875,734535
2020-08-31,SRF,794.0442504882812,810.780029296875,854.1900024414062,802.75,846.7999877929688,1207345
2020-09-01,SRF,805.5711669921875,822.5499877929688,830.3900146484375,807.1799926757812,813.0,1005780
2020-09-02,SRF,826.2257690429688,843.6400146484375,858.3900146484375,824.280029296875,827.97998046875,1367710
2020-09-03,SRF,846.929443359375,864.780029296875,868.0,842.8099975585938,848.5999755859375,1394665
2020-09-04,SRF,823.0623779296875,840.4099731445312,874.9600219726562,833.4099731445312,849.75,1850525
2020-09-07,SRF,822.0438842773438,839.3699951171875,856.3400268554688,830.0999755859375,840.5999755859375,1129155
2020-09-08,SRF,809.351318359375,826.4099731445312,845.47998046875,821.0399780273438,840.0,911040
2020-09-09,SRF,807.6865844726562,824.7100219726562,827.5900268554688,807.0,821.5999755859375,1032205
2020-09-10,SRF,806.599365234375,823.5999755859375,844.0,818.6099853515625,832.0,874535
2020-09-11,SRF,823.8458862304688,841.2100219726562,843.7999877929688,823.0,828.1599731445312,1046340
2020-09-14,SRF,848.1830444335938,866.0599975585938,873.989990234375,844.5999755859375,846.8900146484375,1903075
2020-09-15,SRF,845.4701538085938,863.2899780273438,876.7999877929688,855.5999755859375,876.7999877929688,1113440
2020-09-16,SRF,851.4050903320312,869.3499755859375,876.7999877929688,864.030029296875,869.5999755859375,891450
2020-09-17,SRF,860.3955078125,878.530029296875,895.0,862.2100219726562,864.0,2428615
2020-09-18,SRF,845.763916015625,863.5900268554688,888.6799926757812,857.5,884.7999877929688,2439125
2020-09-21,SRF,814.7085571289062,831.8800048828125,870.239990234375,826.6500244140625,864.030029296875,839845
2020-09-22,SRF,808.2741088867188,825.3099975585938,836.969970703125,801.1799926757812,830.1099853515625,1093045
2020-09-23,SRF,806.4036254882812,823.4000244140625,836.77001953125,808.7999877929688,827.2000122070312,588830
2020-09-24,SRF,784.5932006835938,801.1300048828125,820.1799926757812,798.719970703125,819.5999755859375,914865
2020-09-25,SRF,799.9790649414062,816.8400268554688,822.3900146484375,805.2000122070312,806.4000244140625,616350
2020-09-28,SRF,816.6182861328125,833.8300170898438,841.5399780273438,820.8499755859375,827.719970703125,687380
2020-09-29,SRF,810.0173950195312,827.0900268554688,865.9500122070312,813.8200073242188,852.0,3282790
2020-09-30,SRF,808.9694213867188,826.02001953125,834.510009765625,820.3800048828125,827.2000122070312,666675
2020-10-01,SRF,805.7081298828125,822.6900024414062,838.5900268554688,820.219970703125,831.9199829101562,608580
2020-10-05,SRF,808.4404907226562,825.47998046875,834.97998046875,818.5999755859375,824.9400024414062,861875
2020-10-06,SRF,808.0782470703125,825.1099853515625,836.5800170898438,823.4000244140625,829.3599853515625,785965
2020-10-07,SRF,814.101318359375,831.260009765625,839.7999877929688,820.0,825.1099853515625,658860
2020-10-08,SRF,835.0008544921875,852.5999755859375,859.219970703125,834.1400146484375,834.7999877929688,1521785
2020-10-09,SRF,835.7352294921875,853.3499755859375,859.5999755859375,842.22998046875,853.5,811685
2020-10-12,SRF,856.5369262695312,874.5900268554688,881.4000244140625,851.010009765625,857.6099853515625,2290300
2020-10-13,SRF,858.7501831054688,876.8499755859375,886.489990234375,866.27001953125,874.4000244140625,1879525
2020-10-14,SRF,856.3018798828125,874.3499755859375,881.75,857.9199829101562,876.0,1853805
2020-10-15,SRF,852.374755859375,870.3400268554688,893.5900268554688,866.02001953125,871.4000244140625,2193830
2020-10-16,SRF,871.8148803710938,890.1900024414062,901.4299926757812,878.0,882.7999877929688,2153785
2020-10-19,SRF,871.756103515625,890.1300048828125,905.0,878.4000244140625,897.3200073242188,1466450
2020-10-20,SRF,878.5626831054688,897.0800170898438,904.9000244140625,888.030029296875,891.1199951171875,962720
2020-10-21,SRF,869.4057006835938,887.72998046875,910.22998046875,878.0,898.4000244140625,1156565
2020-10-22,SRF,857.0657958984375,875.1300048828125,890.8800048828125,868.0,887.97998046875,773160
2020-10-23,SRF,866.252197265625,884.510009765625,889.4000244140625,875.5399780273438,879.9400024414062,575550
2020-10-26,SRF,849.8185424804688,867.72998046875,888.7899780273438,859.6400146484375,885.0,373420
2020-10-27,SRF,858.1528930664062,876.239990234375,880.0,858.010009765625,866.0,520355
2020-10-28,SRF,856.4389038085938,874.489990234375,893.3099975585938,870.0,875.7999877929688,706340
2020-10-29,SRF,869.356689453125,887.6799926757812,894.4000244140625,865.0,869.97998046875,721965
2020-10-30,SRF,865.1257934570312,883.3599853515625,911.4600219726562,869.4400024414062,892.97998046875,1741690
2020-11-02,SRF,862.3543090820312,880.530029296875,892.0,869.75,883.3599853515625,719460
2020-11-03,SRF,860.620849609375,878.760009765625,888.97998046875,866.8300170898438,886.0399780273438,581225
2020-11-04,SRF,870.2870483398438,888.6300048828125,891.7999877929688,871.0,880.0,785315
2020-11-05,SRF,953.307373046875,973.4000244140625,977.489990234375,898.4000244140625,918.0,7327520
2020-11-06,SRF,972.8748168945312,993.3800048828125,1014.7999877929688,970.5999755859375,973.4000244140625,6221685
2020-11-09,SRF,990.1801147460938,1011.0499877929688,1020.0,986.4099731445312,993.3900146484375,1395685
2020-11-10,SRF,976.3516235351562,996.9299926757812,1024.4000244140625,986.4299926757812,1019.7999877929688,1195915
2020-11-11,SRF,980.3277587890625,1000.989990234375,1007.9000244140625,987.0700073242188,995.6300048828125,846295
2020-11-12,SRF,995.9387817382812,1016.9299926757812,1025.0,997.1599731445312,1000.989990234375,1345735
2020-11-13,SRF,1006.202392578125,1027.4100341796875,1030.4000244140625,1008.010009765625,1008.010009765625,846755
2020-11-14,SRF,1005.869384765625,1027.0699462890625,1032.0,1022.3800048828125,1028.4000244140625,108100
2020-11-17,SRF,991.5023193359375,1012.4000244140625,1035.6500244140625,1007.0999755859375,1027.0999755859375,1167690
2020-11-18,SRF,984.8425903320312,1005.5999755859375,1016.8400268554688,1001.7999877929688,1010.0,750475
2020-11-19,SRF,989.8961181640625,1010.760009765625,1043.0,991.5399780273438,1002.5999755859375,2422095
2020-11-20,SRF,996.4285278320312,1017.4299926757812,1034.8299560546875,1006.3300170898438,1010.219970703125,915580
2020-11-23,SRF,1010.51171875,1031.81005859375,1035.0,1014.8599853515625,1020.25,679540
2020-11-24,SRF,1044.5052490234375,1066.52001953125,1073.43994140625,1032.010009765625,1034.800048828125,2195620
2020-11-25,SRF,1000.0715942382812,1021.1500244140625,1070.5999755859375,1016.47998046875,1069.0,1380305
2020-11-26,SRF,994.2640380859375,1015.219970703125,1033.199951171875,1005.280029296875,1027.800048828125,1169745
2020-11-27,SRF,1005.5364379882812,1026.72998046875,1038.4000244140625,1006.0,1018.0,2479180
2020-12-01,SRF,998.5535278320312,1019.5999755859375,1035.9000244140625,1013.27001953125,1035.9000244140625,584055
2020-12-02,SRF,1021.0302124023438,1042.550048828125,1048.43994140625,1018.3800048828125,1021.5999755859375,1042630
2020-12-03,SRF,1031.58740234375,1053.3299560546875,1065.0,1043.4100341796875,1047.0,1042630
2020-12-04,SRF,1044.56396484375,1066.5799560546875,1069.47998046875,1045.8800048828125,1051.800048828125,657750
2020-12-07,SRF,1051.302001953125,1073.4599609375,1084.800048828125,1066.5799560546875,1067.5799560546875,785250
2020-12-08,SRF,1047.0711669921875,1069.1400146484375,1085.5899658203125,1062.449951171875,1076.9599609375,621695
2020-12-09,SRF,1062.4764404296875,1084.8699951171875,1089.5899658203125,1070.5999755859375,1070.5999755859375,798790
2020-12-10,SRF,1040.9305419921875,1062.8699951171875,1083.800048828125,1056.0,1081.800048828125,606225
2020-12-11,SRF,1031.842041015625,1053.5899658203125,1074.989990234375,1047.97998046875,1066.1199951171875,504965
2020-12-14,SRF,1040.430908203125,1062.3599853515625,1069.68994140625,1048.06005859375,1059.800048828125,673350
2020-12-15,SRF,1021.71533203125,1043.25,1068.27001953125,1040.010009765625,1061.5999755859375,1075170
2020-12-16,SRF,1046.5518798828125,1068.6099853515625,1071.56005859375,1044.4000244140625,1051.1099853515625,980120
2020-12-17,SRF,1083.091796875,1105.9200439453125,1116.800048828125,1062.4000244140625,1062.4000244140625,2358505
2020-12-18,SRF,1088.9091796875,1111.8599853515625,1122.9300537109375,1099.6400146484375,1112.0,1716510
2020-12-21,SRF,1033.9967041015625,1055.7900390625,1108.0,1044.1800537109375,1092.0,942260
2020-12-22,SRF,1055.650390625,1077.9000244140625,1082.6199951171875,1021.6900024414062,1067.4000244140625,1205205
2020-12-23,SRF,1083.600830078125,1106.43994140625,1113.4000244140625,1070.4000244140625,1076.3900146484375,549705
2020-12-24,SRF,1073.9151611328125,1096.550048828125,1128.75,1091.2099609375,1113.9599609375,900355
2020-12-28,SRF,1078.342041015625,1101.0699462890625,1107.43994140625,1090.0999755859375,1104.0,491860
2020-12-29,SRF,1074.5128173828125,1097.1600341796875,1113.0,1092.1600341796875,1106.0,680110
2020-12-30,SRF,1080.6141357421875,1103.3900146484375,1118.2900390625,1096.0,1100.0,933625
2020-12-31,SRF,1091.768798828125,1114.780029296875,1117.989990234375,1097.449951171875,1107.0,681550
2021-01-01,SRF,1112.7862548828125,1136.239990234375,1146.0,1109.800048828125,1110.0,919480
2021-01-04,SRF,1113.9415283203125,1137.4200439453125,1144.6300048828125,1125.0,1143.0,885175
2021-01-05,SRF,1115.5382080078125,1139.050048828125,1143.7900390625,1118.0,1135.0,553985
2021-01-06,SRF,1116.75244140625,1140.2900390625,1158.93994140625,1129.199951171875,1140.199951171875,952685
2021-01-07,SRF,1118.3487548828125,1141.9200439453125,1157.0,1136.9000244140625,1147.97998046875,458700
2021-01-08,SRF,1158.962890625,1183.3900146484375,1193.0,1144.93994140625,1153.0,1090775
2021-01-11,SRF,1159.7657470703125,1184.2099609375,1206.1800537109375,1173.4000244140625,1183.800048828125,1222610
2021-01-12,SRF,1161.4012451171875,1185.8800048828125,1200.56005859375,1177.760009765625,1186.3399658203125,738880
2021-01-13,SRF,1176.98291015625,1201.7900390625,1207.8599853515625,1168.9200439453125,1189.800048828125,804575
2021-01-14,SRF,1171.224365234375,1195.9100341796875,1207.0,1178.6099853515625,1206.800048828125,544700
2021-01-15,SRF,1141.76513671875,1165.8299560546875,1214.0999755859375,1160.0,1194.199951171875,940545
2021-01-18,SRF,1123.578369140625,1147.260009765625,1169.989990234375,1128.0,1168.0,890475
2021-01-19,SRF,1141.6083984375,1165.6700439453125,1172.0,1155.0,1159.4599609375,662985
2021-01-20,SRF,1148.9730224609375,1173.18994140625,1185.199951171875,1156.199951171875,1171.5999755859375,814260
2021-01-21,SRF,1130.6885986328125,1154.52001953125,1192.4000244140625,1115.6400146484375,1179.06005859375,1737500
2021-01-22,SRF,1058.7451171875,1081.06005859375,1146.989990234375,1069.4000244140625,1139.0999755859375,3593670
2021-01-25,SRF,1055.22900390625,1077.469970703125,1104.780029296875,1048.0,1104.780029296875,1635505
2021-01-27,SRF,1050.2049560546875,1072.3399658203125,1092.0,1065.010009765625,1078.800048828125,1117260
2021-01-28,SRF,1051.9383544921875,1074.1099853515625,1098.97998046875,1063.0,1063.0,1554260
2021-01-29,SRF,1055.555419921875,1073.989990234375,1087.7900390625,1063.800048828125,1081.0,976955
2021-02-01,SRF,1079.3399658203125,1098.18994140625,1107.93994140625,1059.199951171875,1078.0,1718400
2021-02-02,SRF,1071.2020263671875,1089.9100341796875,1116.260009765625,1086.0,1108.0,1234905
2021-02-03,SRF,1104.697021484375,1123.989990234375,1144.5899658203125,1093.9599609375,1093.9599609375,1733495
2021-02-04,SRF,1122.53564453125,1142.1400146484375,1148.0,1113.3900146484375,1130.0,771930
2021-02-05,SRF,1094.4656982421875,1113.5799560546875,1142.8699951171875,1110.0,1142.1400146484375,648645
2021-02-08,SRF,1107.6453857421875,1126.989990234375,1134.719970703125,1113.5999755859375,1117.800048828125,467125
2021-02-09,SRF,1086.4459228515625,1105.4200439453125,1138.739990234375,1101.5999755859375,1126.800048828125,621935
2021-02-10,SRF,1088.018310546875,1107.02001953125,1119.199951171875,1098.0,1111.800048828125,782240
2021-02-11,SRF,1115.8717041015625,1135.3599853515625,1141.18994140625,1102.0,1110.0,796390
2021-02-12,SRF,1103.901123046875,1123.1800537109375,1151.5799560546875,1114.0,1135.3599853515625,773140
2021-02-15,SRF,1105.1392822265625,1124.43994140625,1145.0,1122.06005859375,1126.989990234375,617675
2021-02-16,SRF,1137.651611328125,1157.52001953125,1164.0,1125.0,1126.4000244140625,864655
2021-02-17,SRF,1117.7098388671875,1137.22998046875,1168.5,1130.0,1156.4000244140625,1079240
2021-02-18,SRF,1116.61865234375,1136.1199951171875,1145.989990234375,1125.02001953125,1140.0,379105
2021-02-19,SRF,1084.57861328125,1103.52001953125,1141.6500244140625,1083.9100341796875,1131.7900390625,927900
2021-02-22,SRF,1052.646240234375,1071.030029296875,1113.800048828125,1057.0799560546875,1108.6400146484375,1032545
2021-02-23,SRF,1063.5653076171875,1082.1400146484375,1090.7900390625,1074.0,1077.0,429290
2021-02-24,SRF,1077.27587890625,1096.0899658203125,1107.0,1078.0,1083.0,213245
2021-02-25,SRF,1089.05029296875,1108.0699462890625,1119.0,1080.0,1101.0,1053685
2021-02-26,SRF,1068.921875,1087.5899658203125,1108.18994140625,1063.010009765625,1085.0,1646000
2021-03-01,SRF,1065.7376708984375,1084.3499755859375,1103.8800048828125,1077.719970703125,1087.5999755859375,548325
2021-03-02,SRF,1081.4727783203125,1100.3599853515625,1110.0,1084.199951171875,1090.0,598950
2021-03-03,SRF,1118.6239013671875,1138.1600341796875,1147.800048828125,1107.0,1107.0,908795
2021-03-04,SRF,1123.3514404296875,1142.969970703125,1148.010009765625,1121.1099853515625,1132.0,608715
2021-03-05,SRF,1105.5816650390625,1124.8900146484375,1164.0999755859375,1112.1400146484375,1150.0,921960
2021-03-08,SRF,1113.208251953125,1132.6500244140625,1145.9100341796875,1120.010009765625,1131.800048828125,480460
2021-03-09,SRF,1105.5621337890625,1124.8699951171875,1140.969970703125,1114.0,1135.760009765625,439665
2021-03-10,SRF,1112.29443359375,1131.719970703125,1138.5400390625,1120.93994140625,1127.22998046875,327985
2021-03-12,SRF,1100.5791015625,1119.800048828125,1144.0,1116.1199951171875,1132.199951171875,581075
2021-03-15,SRF,1087.929931640625,1106.9300537109375,1125.0,1096.199951171875,1125.0,553555
2021-03-16,SRF,1081.7576904296875,1100.6500244140625,1118.0,1096.199951171875,1118.0,396630
2021-03-17,SRF,1062.3858642578125,1080.93994140625,1102.97998046875,1075.02001953125,1100.0,508580
2021-03-18,SRF,1038.84716796875,1056.989990234375,1096.0,1053.5999755859375,1095.800048828125,1049785
2021-03-19,SRF,1044.685302734375,1062.9300537109375,1080.0,1026.2099609375,1045.0,1416205
2021-03-22,SRF,1038.070556640625,1056.199951171875,1064.550048828125,1046.81005859375,1054.0,458155
2021-03-23,SRF,1049.5401611328125,1067.8699951171875,1073.52001953125,1053.510009765625,1056.199951171875,770145
2021-03-24,SRF,1043.12255859375,1061.3399658203125,1071.3599853515625,1057.2099609375,1060.25,466460
2021-03-25,SRF,1032.5765380859375,1050.6099853515625,1063.7900390625,1047.75,1061.3399658203125,483245
2021-03-26,SRF,1036.5472412109375,1054.6500244140625,1069.1600341796875,1045.0,1054.02001953125,388770
2021-03-30,SRF,1061.904296875,1080.449951171875,1084.18994140625,1057.1199951171875,1060.0,767505
2021-03-31,SRF,1063.585205078125,1082.1600341796875,1090.0,1066.260009765625,1090.0,1072125
2021-04-01,SRF,1128.560546875,1148.27001953125,1154.949951171875,1087.2099609375,1089.9000244140625,2159505
2021-04-05,SRF,1111.0361328125,1130.43994140625,1154.0,1116.0,1154.0,715940
2021-04-06,SRF,1201.34912109375,1222.3299560546875,1232.4300537109375,1122.22998046875,1133.5999755859375,2896645
2021-04-07,SRF,1216.700927734375,1237.949951171875,1249.199951171875,1206.800048828125,1222.9599609375,2348340
2021-04-08,SRF,1219.845947265625,1241.1500244140625,1272.9200439453125,1226.0,1239.800048828125,1530260
2021-04-09,SRF,1230.382080078125,1251.8699951171875,1272.7099609375,1230.47998046875,1236.06005859375,1066165
2021-04-12,SRF,1203.5701904296875,1224.5899658203125,1243.989990234375,1181.0,1240.0,933755
2021-04-13,SRF,1189.7813720703125,1210.56005859375,1266.0,1205.5899658203125,1227.0,1054710
2021-04-15,SRF,1178.9796142578125,1199.5699462890625,1225.989990234375,1188.0,1221.1099853515625,1062700
2021-04-16,SRF,1204.41552734375,1225.449951171875,1232.0,1197.5999755859375,1199.5699462890625,773420
2021-04-19,SRF,1225.8021240234375,1247.2099609375,1252.550048828125,1192.030029296875,1205.1099853515625,1090205
2021-04-20,SRF,1208.985595703125,1230.0999755859375,1257.9100341796875,1210.550048828125,1254.0,861980
2021-04-22,SRF,1200.7396240234375,1221.7099609375,1239.5899658203125,1214.030029296875,1224.0,569995
2021-04-23,SRF,1212.9957275390625,1234.1800537109375,1242.1600341796875,1219.989990234375,1220.0,819590
2021-04-26,SRF,1219.3448486328125,1240.6400146484375,1280.4599609375,1223.0400390625,1240.4000244140625,689115
2021-04-27,SRF,1264.8795166015625,1286.969970703125,1290.6500244140625,1240.2099609375,1240.800048828125,1689015
2021-04-28,SRF,1262.4520263671875,1284.5,1305.7099609375,1276.81005859375,1295.800048828125,1298640
2021-04-29,SRF,1265.93115234375,1288.0400390625,1308.489990234375,1279.739990234375,1288.0,651325
2021-04-30,SRF,1264.142578125,1286.219970703125,1318.0,1277.27001953125,1284.219970703125,1071515
2021-05-03,SRF,1283.6025390625,1306.02001953125,1315.969970703125,1274.0,1286.0,712850
2021-05-04,SRF,1318.670166015625,1341.699951171875,1362.780029296875,1304.0,1314.0,2379855
2021-05-05,SRF,1343.8603515625,1367.3299560546875,1399.800048828125,1330.719970703125,1361.5999755859375,3305145
2021-05-06,SRF,1349.0694580078125,1372.6300048828125,1397.5999755859375,1341.8499755859375,1380.0,1813595
2021-05-07,SRF,1234.2740478515625,1255.8299560546875,1346.0,1245.0,1346.0,6798450
2021-05-10,SRF,1238.254638671875,1259.8800048828125,1268.43994140625,1250.6600341796875,1260.0,1488355
2021-05-11,SRF,1237.291259765625,1258.9000244140625,1289.9000244140625,1253.6199951171875,1259.8800048828125,2025565
2021-05-12,SRF,1234.4510498046875,1256.010009765625,1275.969970703125,1236.239990234375,1245.0,1599950
2021-05-14,SRF,1230.4114990234375,1251.9000244140625,1274.949951171875,1243.6700439453125,1269.0,859370
2021-05-17,SRF,1251.4737548828125,1273.3299560546875,1279.4000244140625,1252.010009765625,1259.5999755859375,715185
2021-05-18,SRF,1263.405517578125,1285.469970703125,1297.199951171875,1274.4100341796875,1279.0,946635
2021-05-19,SRF,1260.7713623046875,1282.7900390625,1296.530029296875,1280.010009765625,1288.800048828125,343725
2021-05-20,SRF,1265.2825927734375,1287.3800048828125,1301.97998046875,1276.1199951171875,1291.1099853515625,659115
2021-05-21,SRF,1268.2113037109375,1290.3599853515625,1306.0,1284.4200439453125,1284.4200439453125,494825
2021-05-24,SRF,1259.906494140625,1281.9100341796875,1304.6600341796875,1275.5999755859375,1290.800048828125,408450
2021-05-25,SRF,1263.906494140625,1285.97998046875,1307.6800537109375,1280.0,1280.0,1091105
2021-05-26,SRF,1266.0982666015625,1288.2099609375,1303.2900390625,1283.0,1287.4000244140625,608685
2021-05-27,SRF,1277.5679931640625,1299.8800048828125,1305.0,1276.199951171875,1296.9599609375,785190
2021-05-28,SRF,1280.7325439453125,1303.0999755859375,1317.800048828125,1294.2099609375,1299.8800048828125,532110
2021-05-31,SRF,1280.2708740234375,1302.6300048828125,1318.1800537109375,1299.0,1302.6600341796875,452155
2021-06-01,SRF,1289.20458984375,1311.719970703125,1314.219970703125,1292.3399658203125,1311.199951171875,481675
2021-06-02,SRF,1283.35693359375,1305.77001953125,1333.800048828125,1296.0799560546875,1307.3699951171875,840585
2021-06-03,SRF,1294.6400146484375,1317.25,1321.989990234375,1304.199951171875,1312.219970703125,451040
2021-06-04,SRF,1301.9520263671875,1324.68994140625,1330.4100341796875,1316.949951171875,1317.25,436870
2021-06-07,SRF,1314.29638671875,1337.25,1343.800048828125,1322.02001953125,1325.8900146484375,492470
2021-06-08,SRF,1375.537109375,1399.56005859375,1409.1700439453125,1335.02001953125,1337.1199951171875,2364640
2021-06-09,SRF,1372.7164306640625,1396.68994140625,1417.989990234375,1380.0,1409.0,1536120
2021-06-10,SRF,1390.8592529296875,1415.1500244140625,1421.949951171875,1384.4300537109375,1396.0,784390
2021-06-11,SRF,1388.7659912109375,1413.02001953125,1432.0,1406.0,1414.300048828125,1521310
2021-06-14,SRF,1372.775390625,1396.75,1413.02001953125,1393.3499755859375,1407.4000244140625,458540
2021-06-15,SRF,1405.3955078125,1429.93994140625,1438.0,1395.0,1395.1099853515625,956715
2021-06-16,SRF,1404.874755859375,1429.4100341796875,1441.5999755859375,1416.9200439453125,1434.02001953125,597460
2021-06-17,SRF,1402.476318359375,1426.969970703125,1440.0,1414.5899658203125,1425.5999755859375,622570
2021-06-18,SRF,1389.5718994140625,1413.8399658203125,1437.800048828125,1386.6199951171875,1437.800048828125,975415
2021-06-21,SRF,1362.8387451171875,1386.6400146484375,1407.0,1381.199951171875,1407.0,618910
2021-06-22,SRF,1372.5589599609375,1396.530029296875,1410.0,1389.699951171875,1392.0,378110
2021-06-23,SRF,1357.246337890625,1380.949951171875,1409.4000244140625,1376.0,1402.0,397765
2021-06-24,SRF,1363.42822265625,1387.239990234375,1394.739990234375,1373.4599609375,1386.56005859375,370475
2021-06-25,SRF,1385.11962890625,1409.31005859375,1423.5799560546875,1384.739990234375,1395.0,534310
2021-06-28,SRF,1399.2919921875,1423.72998046875,1428.8599853515625,1409.0,1418.0,315990
2021-06-29,SRF,1392.0682373046875,1416.3800048828125,1439.18994140625,1411.9599609375,1425.9599609375,428455
2021-06-30,SRF,1430.1630859375,1455.1400146484375,1462.0,1418.800048828125,1418.800048828125,1059275
2021-07-01,SRF,1444.31591796875,1469.5400390625,1481.199951171875,1450.199951171875,1465.0,914395
2021-07-02,SRF,1473.4666748046875,1499.199951171875,1506.0,1470.0,1479.0,1045010
2021-07-05,SRF,1472.9163818359375,1498.6400146484375,1509.3499755859375,1487.6300048828125,1503.989990234375,403130
2021-07-06,SRF,1482.10595703125,1507.989990234375,1519.0,1496.27001953125,1498.5699462890625,405560
2021-07-07,SRF,1489.487060546875,1515.5,1522.0,1501.25,1506.0,396860
2021-07-08,SRF,1482.9119873046875,1508.81005859375,1528.0,1490.43994140625,1508.7099609375,524515
2021-07-09,SRF,1494.6171875,1520.719970703125,1524.0,1503.0,1511.0,382880
2021-07-12,SRF,1490.3519287109375,1516.3800048828125,1526.9599609375,1513.0,1521.0,320800
2021-07-13,SRF,1494.636962890625,1520.739990234375,1525.5999755859375,1510.81005859375,1520.43994140625,268470
2021-07-14,SRF,1490.1844482421875,1516.2099609375,1527.6500244140625,1512.5,1520.0,217625
2021-07-15,SRF,1508.4656982421875,1534.81005859375,1539.9599609375,1517.7099609375,1517.9599609375,363240
2021-07-16,SRF,1525.7242431640625,1552.3699951171875,1559.989990234375,1527.5999755859375,1544.0,457095
2021-07-19,SRF,1541.9310302734375,1568.8599853515625,1574.969970703125,1531.2900390625,1549.9599609375,691815
2021-07-20,SRF,1532.6239013671875,1559.3900146484375,1570.989990234375,1536.199951171875,1565.4000244140625,518395
2021-07-22,SRF,1554.295166015625,1581.43994140625,1587.989990234375,1562.8699951171875,1562.8699951171875,461700
2021-07-23,SRF,1553.2532958984375,1580.3800048828125,1593.800048828125,1575.0,1585.800048828125,311870
2021-07-26,SRF,1539.9752197265625,1566.8699951171875,1601.3299560546875,1548.6300048828125,1580.4000244140625,575840
2021-07-27,SRF,1505.7431640625,1532.0400390625,1576.56005859375,1524.3800048828125,1575.4000244140625,554165
2021-07-28,SRF,1519.0701904296875,1545.5999755859375,1622.81005859375,1514.06005859375,1528.0,4262400
2021-07-29,SRF,1559.101318359375,1586.3299560546875,1622.0,1533.0,1560.0,2120400
2021-07-30,SRF,1702.0152587890625,1731.739990234375,1744.9599609375,1586.3299560546875,1600.0,6512240
2021-08-02,SRF,1770.0765380859375,1800.989990234375,1814.9100341796875,1731.1099853515625,1732.0,3154025
2021-08-03,SRF,1776.9661865234375,1808.0,1818.0,1750.4300537109375,1790.0,3354550
2021-08-04,SRF,1775.659423828125,1806.6700439453125,1826.989990234375,1794.02001953125,1812.0,1259135
2021-08-05,SRF,1768.8980712890625,1797.4000244140625,1808.0,1778.219970703125,1808.0,827480
2021-08-06,SRF,1752.9747314453125,1781.219970703125,1808.9599609375,1769.3900146484375,1796.0,780590
2021-08-09,SRF,1762.81591796875,1791.219970703125,1820.0,1781.1099853515625,1781.1099853515625,690985
2021-08-10,SRF,1744.127197265625,1772.22998046875,1807.0899658203125,1758.9000244140625,1800.030029296875,748415
2021-08-11,SRF,1724.8084716796875,1752.5999755859375,1793.0400390625,1740.800048828125,1778.0,843775
2021-08-12,SRF,1732.89794921875,1760.8199462890625,1782.3699951171875,1722.0,1748.0,929535
2021-08-13,SRF,1743.231689453125,1771.3199462890625,1798.0,1760.9100341796875,1774.68994140625,908445
2021-08-16,SRF,1730.693603515625,1758.5799560546875,1786.699951171875,1756.1300048828125,1778.27001953125,534825
2021-08-17,SRF,1794.5447998046875,1823.4599609375,1846.0,1755.010009765625,1767.989990234375,1292910
2021-08-18,SRF,1768.2188720703125,1796.7099609375,1856.0,1790.3499755859375,1839.5999755859375,1134130
2021-08-20,SRF,1749.6285400390625,1777.8199462890625,1803.3299560546875,1743.010009765625,1796.0,758785
2021-08-23,SRF,1765.748779296875,1794.199951171875,1855.800048828125,1781.0,1855.5799560546875,1434725
2021-08-24,SRF,1768.0714111328125,1796.56005859375,1817.97998046875,1781.199951171875,1799.0,794485
2021-08-25,SRF,1760.4737548828125,1788.8399658203125,1813.5899658203125,1786.050048828125,1807.9599609375,526540
2021-08-26,SRF,1783.886474609375,1812.6300048828125,1830.0,1778.02001953125,1787.9599609375,664750
2021-08-27,SRF,1854.823486328125,1884.7099609375,1890.0,1802.199951171875,1825.0,2627525
2021-08-30,SRF,1911.8153076171875,1942.6199951171875,1975.780029296875,1883.030029296875,1900.0,3376040
2021-08-31,SRF,1995.7919921875,2027.949951171875,2069.0,1955.0,1959.800048828125,4862275
2021-09-01,SRF,1954.48779296875,1985.97998046875,2062.60009765625,1965.02001953125,2060.0,2745030
2021-09-02,SRF,2001.923583984375,2034.1800537109375,2049.989990234375,1990.0,1992.0,1447815
2021-09-03,SRF,2035.49267578125,2068.2900390625,2076.0,2016.4000244140625,2039.800048828125,1556045
2021-09-06,SRF,2013.6444091796875,2046.0899658203125,2080.68994140625,2041.489990234375,2076.0,1188435
2021-09-07,SRF,1998.76416015625,2030.969970703125,2067.989990234375,2027.760009765625,2055.6201171875,944140
2021-09-08,SRF,2002.119873046875,2034.3800048828125,2048.800048828125,2000.199951171875,2042.780029296875,932215
2021-09-09,SRF,2033.1307373046875,2065.889892578125,2075.0,2030.8299560546875,2040.0,1954680
2021-09-13,SRF,2103.211669921875,2137.10009765625,2149.60009765625,2053.719970703125,2070.199951171875,2150470
2021-09-14,SRF,2101.420166015625,2135.280029296875,2164.199951171875,2122.27001953125,2163.570068359375,1292570
2021-09-15,SRF,2209.32177734375,2244.919921875,2259.989990234375,2135.800048828125,2148.469970703125,2946310
2021-09-16,SRF,2229.033935546875,2264.949951171875,2275.639892578125,2213.219970703125,2244.199951171875,1504445
2021-09-17,SRF,2184.60986328125,2219.81005859375,2273.89990234375,2208.39990234375,2268.0,1566090
2021-09-20,SRF,2087.8388671875,2121.47998046875,2219.800048828125,2104.0,2219.800048828125,1751715
2021-09-21,SRF,2099.028564453125,2132.85009765625,2166.050048828125,2106.60009765625,2122.070068359375,1476000
2021-09-22,SRF,2112.107666015625,2146.139892578125,2181.580078125,2139.010009765625,2148.409912109375,1154190
2021-09-23,SRF,2164.88720703125,2199.77001953125,2226.60009765625,2157.14990234375,2181.800048828125,1297800
2021-09-24,SRF,2167.879638671875,2202.81005859375,2219.590087890625,2170.0,2212.139892578125,950790
2021-09-27,SRF,2190.10107421875,2225.389892578125,2253.75,2199.0,2240.39990234375,1628115
2021-09-28,SRF,2149.75146484375,2184.389892578125,2235.97998046875,2150.010009765625,2235.97998046875,1219870
2021-09-29,SRF,2203.58447265625,2239.090087890625,2251.0,2176.030029296875,2206.0,1580700
2021-09-30,SRF,2220.048583984375,2255.820068359375,2267.3798828125,2207.31005859375,2250.0,1650025
2021-10-01,SRF,2182.76904296875,2217.93994140625,2265.0,2200.0,2265.0,1386735
2021-10-04,SRF,2274.7470703125,2311.39990234375,2324.02001953125,2223.4599609375,2226.739990234375,2341100
2021-10-05,SRF,2261.1953125,2297.6298828125,2338.47998046875,2291.0,2315.60009765625,1513805
2021-10-06,SRF,2243.707763671875,2279.860107421875,2334.0,2273.300048828125,2304.27001953125,1807270
2021-10-07,SRF,2278.624755859375,2315.340087890625,2338.0,2290.659912109375,2301.639892578125,1186575
2021-10-08,SRF,2350.89990234375,2388.780029296875,2410.0,2315.419921875,2327.60009765625,3000465
2021-10-11,SRF,2370.60302734375,2408.800048828125,2504.780029296875,2388.1201171875,2415.760009765625,2772030
2021-10-12,SRF,2451.863525390625,2491.3701171875,2520.0,2420.0,2428.0,3364095
2021-10-13,SRF,2367.45361328125,2405.60009765625,2538.0,2401.0,2538.0,1731530
2021-10-14,SRF,2372.66943359375,2410.89990234375,2458.0,2404.0,2424.0,769502
2021-10-18,SRF,2296.300537109375,2333.300048828125,2444.949951171875,2327.85009765625,2439.64990234375,1018333
2021-10-19,SRF,2271.056884765625,2307.64990234375,2374.0,2295.0,2337.800048828125,825693
2021-10-20,SRF,2174.069580078125,2209.10009765625,2303.0,2175.64990234375,2301.0,1691384
2021-10-21,SRF,2232.8720703125,2268.85009765625,2278.0,2176.0,2223.0,1309633
2021-10-22,SRF,2182.385498046875,2217.550048828125,2325.0,2206.0,2277.10009765625,896101
2021-10-25,SRF,2068.175537109375,2101.5,2257.699951171875,2079.949951171875,2230.0,2013324
2021-10-26,SRF,2077.131591796875,2110.60009765625,2171.949951171875,2065.0,2069.449951171875,1925640
2021-10-27,SRF,2110.7890625,2144.800048828125,2160.0,2102.14990234375,2115.0,1690899
2021-10-28,SRF,2086.57958984375,2120.199951171875,2170.0,2109.199951171875,2155.550048828125,1291921
2021-10-29,SRF,2083.725341796875,2117.300048828125,2169.0,2087.10009765625,2120.0,1218461
2021-11-01,SRF,2088.448974609375,2122.10009765625,2142.64990234375,2080.0,2130.0,953721
2021-11-02,SRF,2077.180908203125,2110.64990234375,2140.5,2097.050048828125,2140.5,614345
2021-11-03,SRF,2047.1153564453125,2080.10009765625,2128.449951171875,2056.0,2118.0,791011
2021-11-04,SRF,2065.96142578125,2099.25,2106.35009765625,2087.64990234375,2095.0,79875
2021-11-08,SRF,2093.8125,2127.550048828125,2142.0,2072.89990234375,2100.0,1074704
2021-11-09,SRF,2138.00048828125,2172.449951171875,2227.0,2145.949951171875,2148.0,1688961
2021-11-10,SRF,2112.560791015625,2146.60009765625,2175.0,2125.050048828125,2175.0,629894
2021-11-11,SRF,2091.8935546875,2125.60009765625,2157.0,2100.10009765625,2157.0,635400
2021-11-12,SRF,2120.72900390625,2154.89990234375,2207.39990234375,2125.050048828125,2159.0,1747671
2021-11-15,SRF,2158.126220703125,2192.89990234375,2204.64990234375,2165.199951171875,2174.89990234375,1026161
2021-11-16,SRF,2155.2724609375,2190.0,2213.85009765625,2176.85009765625,2204.0,986146
2021-11-17,SRF,2123.33740234375,2157.550048828125,2200.949951171875,2144.25,2183.0,869570
2021-11-18,SRF,2153.20556640625,2187.89990234375,2244.699951171875,2154.050048828125,2159.0,1984968
2021-11-22,SRF,2060.6962890625,2093.89990234375,2215.0,2043.9000244140625,2215.0,2459397
2021-11-23,SRF,2156.945556640625,2191.699951171875,2217.14990234375,2042.800048828125,2090.0,2245983
2021-11-24,SRF,2106.606201171875,2140.550048828125,2249.949951171875,2113.64990234375,2209.0,1886355
2021-11-25,SRF,2150.15478515625,2184.800048828125,2198.25,2132.050048828125,2140.550048828125,1755041
2021-11-26,SRF,2057.891357421875,2091.050048828125,2160.0,2080.60009765625,2160.0,855393
2021-11-29,SRF,2023.593994140625,2056.199951171875,2086.800048828125,1973.0999755859375,2055.0,1362057
2021-11-30,SRF,1974.04248046875,2005.8499755859375,2172.449951171875,1977.449951171875,2079.0,19073002
2021-12-01,SRF,1984.720458984375,2016.699951171875,2098.050048828125,1994.0,2032.550048828125,1502267
2021-12-02,SRF,2056.562744140625,2089.699951171875,2093.0,2012.25,2035.8499755859375,1161648
2021-12-03,SRF,2051.14990234375,2084.199951171875,2120.0,2070.0,2090.0,626496
2021-12-06,SRF,2025.0211181640625,2057.64990234375,2107.699951171875,2052.25,2080.0,360997
2021-12-07,SRF,2055.726806640625,2088.85009765625,2099.949951171875,2036.800048828125,2074.0,611232
2021-12-08,SRF,2091.1064453125,2124.800048828125,2139.0,2095.699951171875,2104.5,549828
2021-12-09,SRF,2099.618896484375,2133.449951171875,2141.0,2115.0,2130.0,317527
2021-12-10,SRF,2114.775390625,2148.85009765625,2156.0,2122.449951171875,2133.449951171875,397700
2021-12-13,SRF,2115.365234375,2149.449951171875,2179.89990234375,2145.550048828125,2155.0,383648
2021-12-14,SRF,2121.663818359375,2155.85009765625,2174.64990234375,2142.699951171875,2154.449951171875,368847
2021-12-15,SRF,2124.9609375,2159.199951171875,2177.699951171875,2107.050048828125,2159.0,786329
2021-12-16,SRF,2181.25390625,2216.39990234375,2235.699951171875,2162.0,2184.800048828125,872308
2021-12-17,SRF,2130.225830078125,2164.550048828125,2242.0,2153.300048828125,2230.0,1548050
2021-12-20,SRF,2041.7513427734375,2074.64990234375,2145.0,2029.550048828125,2116.0,653629
2021-12-21,SRF,2138.394775390625,2172.85009765625,2190.85009765625,2082.35009765625,2093.449951171875,752135
2021-12-22,SRF,2269.43310546875,2306.0,2314.0,2170.0,2174.0,2460901
2021-12-23,SRF,2285.6220703125,2322.449951171875,2341.449951171875,2301.0,2323.64990234375,1336372
2021-12-24,SRF,2279.224853515625,2315.949951171875,2350.39990234375,2291.0,2323.050048828125,877618
2021-12-27,SRF,2306.830322265625,2344.0,2369.89990234375,2292.5,2321.0,940361
2021-12-28,SRF,2351.2646484375,2389.14990234375,2393.949951171875,2350.0,2355.5,744414
2021-12-29,SRF,2353.77392578125,2391.699951171875,2409.949951171875,2377.0,2393.0,516093
2021-12-30,SRF,2365.43603515625,2403.550048828125,2415.0,2371.699951171875,2384.0,547990
2021-12-31,SRF,2381.7236328125,2420.10009765625,2428.14990234375,2405.199951171875,2408.0,348706
2022-01-03,SRF,2374.244140625,2412.5,2444.0,2406.050048828125,2420.10009765625,385132
2022-01-04,SRF,2390.728271484375,2429.25,2437.949951171875,2368.0,2412.5,423163
2022-01-05,SRF,2378.279541015625,2416.60009765625,2440.0,2371.0,2428.0,578855
2022-01-06,SRF,2372.27587890625,2410.5,2450.0,2381.0,2385.0,594570
2022-01-07,SRF,2465.228271484375,2504.949951171875,2533.949951171875,2350.0,2430.050048828125,2348058
2022-01-10,SRF,2490.126953125,2530.25,2550.800048828125,2485.699951171875,2520.0,811329
2022-01-11,SRF,2492.68603515625,2532.85009765625,2565.0,2522.449951171875,2530.25,573897
2022-01-12,SRF,2584.457275390625,2626.10009765625,2635.75,2507.60009765625,2540.14990234375,1090603
2022-01-13,SRF,2614.67041015625,2656.800048828125,2669.800048828125,2610.5,2630.0,800652
2022-01-14,SRF,2610.635009765625,2652.699951171875,2680.0,2641.39990234375,2654.0,452448
2022-01-17,SRF,2598.57958984375,2640.449951171875,2679.300048828125,2612.699951171875,2655.0,662580
2022-01-18,SRF,2573.680908203125,2615.14990234375,2669.60009765625,2593.050048828125,2655.699951171875,616685
2022-01-19,SRF,2516.35400390625,2556.89990234375,2623.5,2525.10009765625,2617.0,728794
2022-01-20,SRF,2527.032470703125,2567.75,2575.0,2536.0,2550.550048828125,289339
2022-01-21,SRF,2437.524658203125,2476.800048828125,2555.550048828125,2468.050048828125,2540.0,589520
2022-01-24,SRF,2332.12255859375,2369.699951171875,2484.949951171875,2350.0,2478.5,1072181
2022-01-25,SRF,2431.32421875,2470.5,2523.800048828125,2295.0,2330.64990234375,2246592
2022-01-27,SRF,2311.80078125,2349.050048828125,2425.0,2268.550048828125,2415.0,1878619
2022-01-28,SRF,2363.271484375,2401.35009765625,2484.14990234375,2387.300048828125,2390.0,1112061
2022-01-31,SRF,2368.635009765625,2406.800048828125,2455.0,2361.0,2415.0,758878
2022-02-01,SRF,2408.39404296875,2447.199951171875,2485.0,2366.10009765625,2424.050048828125,812910
2022-02-02,SRF,2414.593994140625,2453.5,2494.0,2440.800048828125,2460.60009765625,498572
2022-02-03,SRF,2405.76904296875,2439.800048828125,2488.050048828125,2425.0,2475.0,625410
2022-02-04,SRF,2401.92333984375,2435.89990234375,2474.800048828125,2426.0,2426.0,348955
2022-02-07,SRF,2416.615478515625,2450.800048828125,2521.85009765625,2410.14990234375,2444.800048828125,1243759
2022-02-08,SRF,2495.992919921875,2531.300048828125,2548.0,2429.0,2462.25,1232058
2022-02-09,SRF,2547.7607421875,2583.800048828125,2594.0,2543.39990234375,2549.89990234375,811882
2022-02-10,SRF,2548.5,2584.550048828125,2611.85009765625,2550.10009765625,2598.800048828125,698527
2022-02-11,SRF,2442.006103515625,2476.550048828125,2578.949951171875,2460.60009765625,2560.0,792095
2022-02-14,SRF,2312.93212890625,2345.64990234375,2460.0,2335.050048828125,2410.0,556722
2022-02-15,SRF,2458.966552734375,2493.75,2503.449951171875,2357.949951171875,2380.0,664010
2022-02-16,SRF,2428.300048828125,2462.64990234375,2520.0,2447.300048828125,2518.0,358576
2022-02-17,SRF,2398.8662109375,2432.800048828125,2495.89990234375,2424.699951171875,2478.0,446606
2022-02-18,SRF,2349.711669921875,2382.949951171875,2447.949951171875,2375.0,2406.5,386111
2022-02-21,SRF,2342.267578125,2375.39990234375,2406.949951171875,2334.0,2350.0,394657
2022-02-22,SRF,2342.41552734375,2375.550048828125,2383.14990234375,2300.10009765625,2300.10009765625,548655
2022-02-23,SRF,2362.974365234375,2396.39990234375,2434.0,2381.0,2400.0,448332
2022-02-24,SRF,2239.717529296875,2271.39990234375,2370.39990234375,2259.25,2302.0,736393
2022-02-25,SRF,2391.07666015625,2424.89990234375,2435.89990234375,2332.550048828125,2355.0,949775
2022-02-28,SRF,2350.402099609375,2383.64990234375,2408.0,2335.35009765625,2408.0,1157729
2022-03-02,SRF,2316.77783203125,2349.550048828125,2419.0,2330.10009765625,2379.0,710813
2022-03-03,SRF,2311.058837890625,2343.75,2392.60009765625,2326.300048828125,2380.0,376606
2022-03-04,SRF,2203.18505859375,2234.35009765625,2339.0,2225.0,2316.0,636562
2022-03-07,SRF,2123.26513671875,2153.300048828125,2190.0,2106.0,2190.0,721602
2022-03-08,SRF,2159.206298828125,2189.75,2195.0,2114.10009765625,2149.0,747807
2022-03-09,SRF,2192.781982421875,2223.800048828125,2243.949951171875,2191.0,2220.0,716268
2022-03-10,SRF,2252.83203125,2284.699951171875,2304.0,2247.0,2300.0,631055
2022-03-11,SRF,2219.35595703125,2250.75,2279.0,2234.35009765625,2278.0,802073
2022-03-14,SRF,2322.5458984375,2355.39990234375,2475.0,2240.199951171875,2242.0,839106
2022-03-15,SRF,2386.2451171875,2420.0,2436.64990234375,2360.050048828125,2368.0,1467575
2022-03-16,SRF,2434.758544921875,2469.199951171875,2477.300048828125,2421.0,2477.300048828125,781770
2022-03-17,SRF,2552.09912109375,2588.199951171875,2596.300048828125,2485.10009765625,2488.0,1593596
2022-03-21,SRF,2569.108154296875,2605.449951171875,2658.949951171875,2582.14990234375,2615.39990234375,1055088
2022-03-22,SRF,2593.759765625,2630.449951171875,2653.949951171875,2560.39990234375,2613.949951171875,729721
2022-03-23,SRF,2559.0009765625,2595.199951171875,2673.5,2553.0,2658.0,588552
2022-03-24,SRF,2571.7216796875,2608.10009765625,2623.949951171875,2530.0,2533.0,834422
2022-03-25,SRF,2578.08154296875,2614.550048828125,2627.60009765625,2600.0,2620.0,251144
2022-03-28,SRF,2569.404541015625,2605.75,2637.60009765625,2565.050048828125,2616.0,443424
2022-03-29,SRF,2584.68798828125,2621.25,2679.949951171875,2602.10009765625,2607.199951171875,837632
2022-03-30,SRF,2668.107666015625,2705.85009765625,2734.60009765625,2626.800048828125,2650.0,2954341
2022-03-31,SRF,2641.977294921875,2679.35009765625,2732.85009765625,2645.25,2732.85009765625,918574
2022-04-01,SRF,2585.279296875,2621.85009765625,2715.0,2612.85009765625,2690.0,1104351
2022-04-04,SRF,2599.528564453125,2636.300048828125,2667.5,2620.14990234375,2650.0,502552
2022-04-05,SRF,2671.707275390625,2709.5,2755.64990234375,2633.050048828125,2651.0,1116588
2022-04-06,SRF,2647.2529296875,2684.699951171875,2712.0,2660.0,2700.0,636435
2022-04-07,SRF,2651.09814453125,2688.60009765625,2735.89990234375,2662.0,2680.0,655014
2022-04-08,SRF,2709.275634765625,2747.60009765625,2773.35009765625,2686.199951171875,2697.0,1579463
2022-04-11,SRF,2661.255126953125,2698.89990234375,2763.60009765625,2690.300048828125,2759.949951171875,463269
2022-04-12,SRF,2598.98583984375,2635.75,2710.0,2595.050048828125,2700.0,893233
2022-04-13,SRF,2574.630126953125,2611.050048828125,2677.5,2597.449951171875,2648.0,491749
2022-04-18,SRF,2579.264892578125,2615.75,2643.60009765625,2519.60009765625,2595.0,955240
2022-04-19,SRF,2493.675048828125,2528.949951171875,2656.449951171875,2480.0,2634.0,552389
2022-04-20,SRF,2507.1845703125,2542.64990234375,2617.64990234375,2501.64990234375,2520.0,929202
2022-04-21,SRF,2511.867919921875,2547.39990234375,2584.300048828125,2531.300048828125,2560.449951171875,531946
2022-04-22,SRF,2454.627685546875,2489.35009765625,2534.89990234375,2475.0,2510.0,614298
2022-04-25,SRF,2400.78955078125,2434.75,2488.0,2424.0,2468.0,641367
2022-04-26,SRF,2479.4765625,2514.550048828125,2542.449951171875,2463.60009765625,2474.0,631406
2022-04-27,SRF,2448.958251953125,2483.60009765625,2520.0,2451.0,2500.0,309632
2022-04-28,SRF,2476.91259765625,2511.949951171875,2531.949951171875,2466.550048828125,2510.0,373688
2022-04-29,SRF,2477.65234375,2512.699951171875,2550.949951171875,2497.10009765625,2545.0,388136
2022-05-02,SRF,2469.862548828125,2504.800048828125,2512.64990234375,2467.050048828125,2484.949951171875,222731
2022-05-04,SRF,2369.482421875,2403.0,2521.89990234375,2395.0,2505.050048828125,347557
2022-05-05,SRF,2360.903564453125,2394.300048828125,2482.949951171875,2386.050048828125,2411.300048828125,425837
2022-05-06,SRF,2268.953857421875,2301.050048828125,2384.35009765625,2286.800048828125,2345.0,527997
2022-05-09,SRF,2193.27490234375,2224.300048828125,2276.75,2212.10009765625,2275.0,1144796
2022-05-10,SRF,2083.675048828125,2113.14990234375,2295.050048828125,2100.0,2280.0,2412934
2022-05-11,SRF,2203.085693359375,2234.25,2275.0,2149.89990234375,2162.0,3174932
2022-05-12,SRF,2163.74267578125,2194.35009765625,2234.199951171875,2166.10009765625,2230.0,1100400
2022-05-13,SRF,2200.47314453125,2231.60009765625,2294.75,2217.5,2228.0,1293512
2022-05-16,SRF,2212.1083984375,2243.39990234375,2265.35009765625,2200.0,2249.949951171875,704383
2022-05-17,SRF,2301.740478515625,2334.300048828125,2347.60009765625,2260.050048828125,2290.0,807853
2022-05-18,SRF,2315.396728515625,2348.14990234375,2385.85009765625,2333.0,2349.5,601249
2022-05-19,SRF,2299.27490234375,2331.800048828125,2343.449951171875,2275.0,2300.0,578956
2022-05-20,SRF,2305.092529296875,2337.699951171875,2383.800048828125,2313.0,2379.949951171875,462403
2022-05-23,SRF,2273.884521484375,2306.050048828125,2398.0,2296.800048828125,2355.0,689093
2022-05-24,SRF,2307.26220703125,2339.89990234375,2360.949951171875,2300.0,2358.0,720316
2022-05-25,SRF,2204.762451171875,2235.949951171875,2354.0,2222.0,2349.800048828125,898715
2022-05-26,SRF,2239.02783203125,2270.699951171875,2285.800048828125,2187.14990234375,2240.0,791107
2022-05-27,SRF,2329.05419921875,2362.0,2374.85009765625,2285.0,2285.050048828125,609138
2022-05-30,SRF,2415.875732421875,2450.050048828125,2475.0,2380.050048828125,2385.64990234375,679917
2022-05-31,SRF,2429.680908203125,2464.050048828125,2495.949951171875,2437.64990234375,2455.0,896763
2022-06-01,SRF,2364.009521484375,2397.449951171875,2493.0,2381.10009765625,2457.0,465902
2022-06-02,SRF,2353.902587890625,2387.199951171875,2408.0,2350.0,2397.0,387619
2022-06-03,SRF,2340.837158203125,2373.949951171875,2440.0,2365.10009765625,2401.0,527296
2022-06-06,SRF,2348.43017578125,2381.64990234375,2393.949951171875,2331.0,2375.0,211388
2022-06-07,SRF,2299.571044921875,2332.10009765625,2377.89990234375,2313.0,2372.0,324522
2022-06-08,SRF,2229.1669921875,2260.699951171875,2350.0,2246.0,2336.699951171875,645154
2022-06-09,SRF,2266.43994140625,2298.5,2306.300048828125,2201.64990234375,2233.0,790621
2022-06-10,SRF,2272.405517578125,2304.550048828125,2316.449951171875,2233.35009765625,2289.0,523250
2022-06-13,SRF,2231.681640625,2263.25,2287.75,2236.949951171875,2241.5,448704
2022-06-14,SRF,2236.316162109375,2267.949951171875,2318.64990234375,2248.050048828125,2255.0,364548
2022-06-15,SRF,2260.177978515625,2292.14990234375,2308.949951171875,2265.550048828125,2294.0,283024
2022-06-16,SRF,2157.62890625,2188.14990234375,2343.0,2170.39990234375,2327.949951171875,591420
2022-06-17,SRF,2151.417236328125,2181.85009765625,2206.449951171875,2128.550048828125,2165.0,805720
2022-06-20,SRF,2105.812255859375,2135.60009765625,2206.949951171875,2080.699951171875,2181.10009765625,855567
2022-06-21,SRF,2195.197509765625,2226.25,2239.0,2160.0,2160.0,389446
2022-06-22,SRF,2138.05615234375,2168.300048828125,2219.949951171875,2158.0,2219.949951171875,396618
2022-06-23,SRF,2176.21630859375,2207.0,2212.0,2158.39990234375,2168.300048828125,355541
2022-06-24,SRF,2246.17626953125,2277.949951171875,2283.949951171875,2211.0,2220.0,344118
2022-06-27,SRF,2270.137451171875,2302.25,2315.949951171875,2283.85009765625,2310.0,295880
2022-06-28,SRF,2266.43994140625,2298.5,2311.14990234375,2273.699951171875,2296.60009765625,256337
2022-06-29,SRF,2254.755126953125,2286.64990234375,2297.800048828125,2262.0,2262.0,369665
2022-06-30,SRF,2220.785400390625,2252.199951171875,2306.14990234375,2237.199951171875,2286.64990234375,524573
2022-07-01,SRF,2131.498779296875,2161.64990234375,2239.75,2133.050048828125,2230.0,809031
2022-07-04,SRF,2149.83935546875,2180.25,2189.0,2115.0,2136.050048828125,750456
2022-07-05,SRF,2024.0682373046875,2052.699951171875,2188.0,2042.0999755859375,2184.0,1574839
2022-07-06,SRF,2030.4774169921875,2059.199951171875,2067.0,2002.199951171875,2041.0,1972692
2022-07-07,SRF,2043.9373779296875,2072.85009765625,2110.199951171875,2044.0999755859375,2084.89990234375,883128
2022-07-08,SRF,2145.155517578125,2175.5,2183.0,2055.0,2098.0,2001690
2022-07-11,SRF,2155.706298828125,2186.199951171875,2208.60009765625,2145.550048828125,2168.949951171875,885089
2022-07-12,SRF,2169.067138671875,2199.75,2219.39990234375,2160.0,2178.0,654145
2022-07-13,SRF,2193.27490234375,2224.300048828125,2239.0,2201.89990234375,2210.0,731366
2022-07-14,SRF,2178.3359375,2209.14990234375,2246.0,2186.0,2231.5,394815
2022-07-15,SRF,2229.906494140625,2261.449951171875,2267.949951171875,2215.0,2215.0,457591
2022-07-18,SRF,2276.300048828125,2308.5,2319.5,2262.0,2278.39990234375,401934
2022-07-19,SRF,2299.423095703125,2331.949951171875,2340.0,2291.050048828125,2303.0,388188
2022-07-20,SRF,2254.607177734375,2286.5,2353.199951171875,2275.0,2350.0,445676
2022-07-21,SRF,2310.81201171875,2343.5,2350.0,2279.550048828125,2300.949951171875,537382
2022-07-22,SRF,2258.6005859375,2290.550048828125,2410.0,2272.550048828125,2381.0,2315918
2022-07-25,SRF,2350.205078125,2383.449951171875,2405.0,2299.85009765625,2302.699951171875,1918499
2022-07-26,SRF,2333.34326171875,2366.35009765625,2443.199951171875,2347.0,2400.10009765625,1680465
2022-07-27,SRF,2371.700927734375,2405.25,2414.0,2342.699951171875,2376.949951171875,717439
2022-07-28,SRF,2390.61181640625,2420.800048828125,2429.75,2396.449951171875,2425.0,476366
2022-07-29,SRF,2398.0185546875,2428.300048828125,2448.89990234375,2406.35009765625,2435.0,419953
2022-08-01,SRF,2422.904296875,2453.5,2457.800048828125,2422.14990234375,2439.0,336004
2022-08-02,SRF,2423.348876953125,2453.949951171875,2476.949951171875,2440.0,2469.89990234375,514318
2022-08-03,SRF,2419.843017578125,2450.39990234375,2466.10009765625,2422.14990234375,2450.0,262699
2022-08-04,SRF,2423.29931640625,2453.89990234375,2473.89990234375,2403.0,2453.14990234375,572891
2022-08-05,SRF,2467.392578125,2498.550048828125,2514.699951171875,2435.0,2458.699951171875,624730
2022-08-08,SRF,2449.96240234375,2480.89990234375,2516.14990234375,2463.800048828125,2511.85009765625,344476
2022-08-10,SRF,2406.412353515625,2436.800048828125,2508.0,2414.050048828125,2487.5,538054
2022-08-11,SRF,2399.30224609375,2429.60009765625,2463.300048828125,2410.550048828125,2460.0,388083
2022-08-12,SRF,2408.0419921875,2438.449951171875,2460.0,2412.199951171875,2418.0,374776
2022-08-16,SRF,2462.7509765625,2493.85009765625,2525.0,2450.0,2450.0,746824
2022-08-17,SRF,2455.640380859375,2486.64990234375,2505.699951171875,2462.35009765625,2501.25,471778
2022-08-18,SRF,2487.8837890625,2519.300048828125,2539.800048828125,2471.0,2479.89990234375,761670
2022-08-19,SRF,2424.484619140625,2455.10009765625,2535.25,2440.0,2525.0,414275
2022-08-22,SRF,2363.60302734375,2393.449951171875,2454.0,2359.449951171875,2454.0,436531
2022-08-23,SRF,2385.526123046875,2415.64990234375,2443.449951171875,2338.64990234375,2345.0,375652
2022-08-24,SRF,2351.802001953125,2381.5,2423.60009765625,2362.0,2415.0,329163
2022-08-25,SRF,2341.926513671875,2371.5,2414.199951171875,2363.199951171875,2400.0,330710
2022-08-26,SRF,2371.602294921875,2401.550048828125,2427.25,2380.050048828125,2395.0,363251
2022-08-29,SRF,2389.229248046875,2419.39990234375,2434.85009765625,2325.10009765625,2350.0,448403
2022-08-30,SRF,2511.68310546875,2543.39990234375,2555.0,2435.14990234375,2444.949951171875,1348808
2022-09-01,SRF,2633.099853515625,2666.35009765625,2683.0,2511.39990234375,2514.64990234375,2165693
2022-09-02,SRF,2570.934814453125,2603.39990234375,2690.5,2591.14990234375,2687.0,613538
2022-09-05,SRF,2568.76220703125,2601.199951171875,2627.14990234375,2575.0,2618.0,345524
2022-09-06,SRF,2588.31494140625,2621.0,2657.89990234375,2606.800048828125,2613.0,641014
2022-09-07,SRF,2587.822021484375,2620.5,2636.75,2588.0,2614.0,695991
2022-09-08,SRF,2615.42333984375,2648.449951171875,2666.0,2622.0,2648.0,469966
2022-09-09,SRF,2606.337890625,2639.25,2666.0,2620.10009765625,2659.800048828125,310925
2022-09-12,SRF,2693.191162109375,2727.199951171875,2739.60009765625,2647.0,2658.800048828125,1056499
2022-09-13,SRF,2790.808837890625,2826.050048828125,2848.89990234375,2728.10009765625,2744.050048828125,1716707
2022-09-14,SRF,2787.2041015625,2822.39990234375,2865.0,2772.25,2789.85009765625,1159487
2022-09-15,SRF,2785.574462890625,2820.75,2844.89990234375,2787.050048828125,2838.0,550290
2022-09-16,SRF,2670.23095703125,2703.949951171875,2840.800048828125,2656.449951171875,2817.10009765625,1013229
2022-09-19,SRF,2648.9990234375,2682.449951171875,2736.0,2647.199951171875,2710.10009765625,638431
2022-09-20,SRF,2648.949951171875,2682.39990234375,2734.949951171875,2672.64990234375,2705.0,559328
2022-09-21,SRF,2594.537109375,2627.300048828125,2733.14990234375,2615.14990234375,2679.949951171875,846724
2022-09-22,SRF,2589.599365234375,2622.300048828125,2642.39990234375,2556.0,2620.0,649145
2022-09-23,SRF,2540.272216796875,2572.35009765625,2630.35009765625,2564.050048828125,2620.0,488174
2022-09-26,SRF,2482.798095703125,2514.14990234375,2555.0,2470.199951171875,2550.10009765625,709395
2022-09-27,SRF,2456.77685546875,2487.800048828125,2557.10009765625,2474.0,2533.0,523698
2022-09-28,SRF,2449.814453125,2480.75,2512.949951171875,2463.60009765625,2465.0,424207
2022-09-29,SRF,2512.127685546875,2543.85009765625,2595.0,2493.300048828125,2520.0,1169528
2022-09-30,SRF,2472.2314453125,2503.449951171875,2555.0,2411.449951171875,2555.0,1724728
2022-10-03,SRF,2447.987060546875,2478.89990234375,2563.5,2462.199951171875,2505.0,646784
2022-10-04,SRF,2513.905029296875,2545.64990234375,2555.0,2485.0,2520.0,690454
2022-10-06,SRF,2542.938232421875,2575.050048828125,2598.0,2533.25,2547.0,656151
2022-10-07,SRF,2528.471435546875,2560.39990234375,2599.89990234375,2550.39990234375,2584.0,477073
2022-10-10,SRF,2509.21435546875,2540.89990234375,2550.0,2511.199951171875,2539.199951171875,305852
2022-10-11,SRF,2470.503173828125,2501.699951171875,2569.5,2485.0,2561.25,477697
2022-10-12,SRF,2497.660400390625,2529.199951171875,2539.85009765625,2480.050048828125,2519.14990234375,442504
2022-10-13,SRF,2465.7138671875,2496.85009765625,2529.949951171875,2464.199951171875,2526.0,418090
2022-10-14,SRF,2465.466796875,2496.60009765625,2551.35009765625,2491.050048828125,2549.0,281480
2022-10-17,SRF,2519.138671875,2550.949951171875,2571.5,2480.050048828125,2496.60009765625,477988
2022-10-18,SRF,2532.223876953125,2564.199951171875,2584.85009765625,2558.14990234375,2565.0,448673
2022-10-19,SRF,2548.419677734375,2580.60009765625,2594.699951171875,2535.0,2577.0,479569
2022-10-20,SRF,2543.9755859375,2576.10009765625,2585.0,2548.050048828125,2575.0,369894
2022-10-21,SRF,2508.819091796875,2540.5,2613.0,2524.199951171875,2595.0,489326
2022-10-24,SRF,2515.732177734375,2547.5,2588.0,2535.199951171875,2588.0,62203
2022-10-25,SRF,2469.170166015625,2500.35009765625,2567.0,2495.0,2567.0,680152
2022-10-27,SRF,2468.281005859375,2499.449951171875,2533.449951171875,2483.949951171875,2525.949951171875,530868
2022-10-28,SRF,2463.343505859375,2494.449951171875,2519.0,2472.64990234375,2513.0,385655
2022-10-31,SRF,2526.7431640625,2558.64990234375,2565.0,2505.0,2506.0,493490
2022-11-01,SRF,2587.772216796875,2620.449951171875,2639.699951171875,2547.050048828125,2565.0,595570
2022-11-02,SRF,2516.126953125,2547.89990234375,2625.0,2533.0,2624.0,826027
2022-11-03,SRF,2522.249755859375,2554.10009765625,2587.949951171875,2513.0,2547.0,1101948
2022-11-04,SRF,2451.246337890625,2482.199951171875,2540.75,2442.0,2540.0,1557123
2022-11-07,SRF,2395.648681640625,2425.89990234375,2506.550048828125,2407.39990234375,2493.0,857058
2022-11-09,SRF,2361.33154296875,2391.14990234375,2445.0,2375.0,2445.0,751239
2022-11-10,SRF,2309.288818359375,2338.449951171875,2378.64990234375,2320.25,2376.0,673674
2022-11-11,SRF,2358.912109375,2388.699951171875,2412.050048828125,2361.0,2370.0,504629
2022-11-14,SRF,2348.592529296875,2378.25,2405.0,2372.0,2400.0,572225
2022-11-15,SRF,2373.428955078125,2403.39990234375,2409.0,2345.800048828125,2394.449951171875,495265
2022-11-16,SRF,2339.902587890625,2369.449951171875,2399.0,2352.050048828125,2399.0,674045
2022-11-17,SRF,2309.881591796875,2339.050048828125,2363.0,2333.0,2363.0,530480
2022-11-18,SRF,2246.87744140625,2275.25,2348.39990234375,2250.25,2342.35009765625,1161638
2022-11-21,SRF,2218.337890625,2246.35009765625,2287.0,2237.699951171875,2266.0,871972
2022-11-22,SRF,2260.25830078125,2288.800048828125,2295.0,2240.050048828125,2243.0,471061
2022-11-23,SRF,2252.30859375,2280.75,2305.39990234375,2270.5,2305.39990234375,425775
2022-11-24,SRF,2231.27392578125,2259.449951171875,2295.0,2250.10009765625,2295.0,442467
2022-11-25,SRF,2250.28369140625,2278.699951171875,2291.300048828125,2242.35009765625,2278.0,326915
2022-11-28,SRF,2296.550048828125,2325.550048828125,2335.550048828125,2280.10009765625,2288.0,492455
2022-11-29,SRF,2292.0068359375,2320.949951171875,2338.25,2313.35009765625,2327.0,357100
2022-11-30,SRF,2336.198974609375,2365.699951171875,2378.0,2319.199951171875,2320.39990234375,821107
2022-12-01,SRF,2368.639404296875,2398.550048828125,2410.0,2349.0,2370.949951171875,742826
2022-12-02,SRF,2368.68896484375,2398.60009765625,2405.0,2360.0,2398.5,486483
2022-12-05,SRF,2369.133056640625,2399.050048828125,2416.0,2373.199951171875,2413.39990234375,542347
2022-12-06,SRF,2355.85107421875,2385.60009765625,2412.550048828125,2365.0,2400.0,361751
2022-12-07,SRF,2343.60546875,2373.199951171875,2398.800048828125,2365.0,2395.949951171875,248230
2022-12-08,SRF,2354.86328125,2384.60009765625,2394.949951171875,2368.0,2385.0,256931
2022-12-09,SRF,2336.001953125,2365.5,2408.949951171875,2339.0,2392.0,432919
2022-12-12,SRF,2306.968505859375,2336.10009765625,2370.0,2326.35009765625,2363.800048828125,395435
2022-12-13,SRF,2301.734375,2330.800048828125,2355.0,2315.0,2354.0,381931
2022-12-14,SRF,2370.02197265625,2399.949951171875,2405.0,2336.39990234375,2342.5,722113
2022-12-15,SRF,2370.762451171875,2400.699951171875,2460.0,2376.550048828125,2410.0,1131869
2022-12-16,SRF,2295.31494140625,2324.300048828125,2382.0,2310.0,2382.0,980557
2022-12-19,SRF,2293.883544921875,2322.85009765625,2325.0,2261.35009765625,2324.300048828125,629091
2022-12-20,SRF,2290.87158203125,2319.800048828125,2325.0,2280.0,2320.0,386920
2022-12-21,SRF,2270.034912109375,2298.699951171875,2348.949951171875,2293.0,2332.0,375875
2022-12-22,SRF,2268.800537109375,2297.449951171875,2324.75,2267.10009765625,2314.800048828125,631488
2022-12-23,SRF,2191.674072265625,2219.35009765625,2296.949951171875,2211.10009765625,2265.10009765625,651176
2022-12-26,SRF,2264.7021484375,2293.300048828125,2322.800048828125,2206.050048828125,2220.0,500570
2022-12-27,SRF,2296.006591796875,2325.0,2348.0,2302.60009765625,2305.0,583509
2022-12-28,SRF,2278.477783203125,2307.25,2337.300048828125,2300.0,2332.85009765625,323750
2022-12-29,SRF,2247.568115234375,2275.949951171875,2319.449951171875,2268.800048828125,2297.050048828125,987064
2022-12-30,SRF,2261.788818359375,2290.35009765625,2314.35009765625,2284.0,2294.89990234375,232119
2023-01-02,SRF,2263.86279296875,2292.449951171875,2308.0,2276.14990234375,2294.60009765625,321609
2023-01-03,SRF,2274.133056640625,2302.85009765625,2312.0,2280.60009765625,2300.0,741051
2023-01-04,SRF,2237.051513671875,2265.300048828125,2309.0,2260.0,2302.75,396492
2023-01-05,SRF,2238.63134765625,2266.89990234375,2281.949951171875,2245.10009765625,2275.0,266401
2023-01-06,SRF,2210.733154296875,2238.64990234375,2274.0,2227.35009765625,2270.0,328799
2023-01-09,SRF,2208.857177734375,2236.75,2256.60009765625,2214.14990234375,2246.300048828125,468796
2023-01-10,SRF,2241.79150390625,2270.10009765625,2275.0,2232.0,2240.0,446088
2023-01-11,SRF,2168.417724609375,2195.800048828125,2277.949951171875,2186.699951171875,2277.949951171875,683084
2023-01-12,SRF,2191.624755859375,2219.300048828125,2229.800048828125,2191.050048828125,2199.800048828125,563323
2023-01-13,SRF,2171.3310546875,2198.75,2224.199951171875,2180.10009765625,2219.0,339837
2023-01-16,SRF,2151.48193359375,2178.64990234375,2207.75,2162.39990234375,2207.0,550050
2023-01-17,SRF,2161.1591796875,2188.449951171875,2191.14990234375,2161.14990234375,2178.64990234375,336838
2023-01-18,SRF,2142.44580078125,2169.5,2190.800048828125,2164.75,2188.449951171875,378180
2023-01-19,SRF,2110.795166015625,2137.449951171875,2169.449951171875,2132.800048828125,2167.949951171875,404840
2023-01-20,SRF,2078.947509765625,2105.199951171875,2144.89990234375,2101.0,2140.0,393215
2023-01-23,SRF,2087.390869140625,2113.75,2118.699951171875,2095.10009765625,2107.0,401917
2023-01-24,SRF,2101.3642578125,2127.89990234375,2138.949951171875,2118.0,2119.0,540773
2023-01-25,SRF,2101.809326171875,2128.35009765625,2140.0,2085.5,2129.89990234375,506083
2023-01-27,SRF,2104.524658203125,2131.10009765625,2152.5,2106.050048828125,2139.0,471175
2023-01-30,SRF,2124.5712890625,2151.39990234375,2194.0,2082.10009765625,2149.0,642002
2023-01-31,SRF,2155.234130859375,2182.449951171875,2236.0,2168.10009765625,2200.0,1503351
2023-02-01,SRF,2196.90771484375,2224.64990234375,2248.0,2182.800048828125,2200.0,1054831
2023-02-02,SRF,2175.330810546875,2202.800048828125,2231.0,2187.050048828125,2220.0,487744
2023-02-03,SRF,2182.88525390625,2210.449951171875,2229.5,2185.0,2213.85009765625,352217
2023-02-06,SRF,2191.4765625,2219.14990234375,2222.0,2178.39990234375,2210.64990234375,541851
2023-02-07,SRF,2180.44775390625,2204.39990234375,2221.89990234375,2196.300048828125,2220.0,372736
2023-02-08,SRF,2173.22705078125,2197.10009765625,2217.0,2185.949951171875,2208.5,442756
2023-02-09,SRF,2194.24658203125,2218.35009765625,2239.89990234375,2184.050048828125,2205.10009765625,683252
2023-02-10,SRF,2264.52392578125,2289.39990234375,2304.0,2203.75,2219.949951171875,1147275
2023-02-13,SRF,2192.317138671875,2216.39990234375,2295.800048828125,2210.0,2295.800048828125,556723
2023-02-14,SRF,2202.65380859375,2226.85009765625,2237.050048828125,2206.60009765625,2216.0,506924
2023-02-15,SRF,2230.794677734375,2255.300048828125,2259.800048828125,2220.60009765625,2226.85009765625,434256
2023-02-16,SRF,2300.924072265625,2326.199951171875,2337.050048828125,2258.0,2258.0,933259
2023-02-17,SRF,2293.654052734375,2318.85009765625,2329.0,2305.35009765625,2310.0,390304
2023-02-20,SRF,2287.22509765625,2312.35009765625,2337.949951171875,2300.0,2320.0,518037
2023-02-21,SRF,2293.01171875,2318.199951171875,2355.0,2312.0,2317.0,511136
2023-02-22,SRF,2249.588623046875,2274.300048828125,2307.10009765625,2244.699951171875,2300.050048828125,444547
2023-02-23,SRF,2218.331787109375,2242.699951171875,2285.0,2232.85009765625,2285.0,301133
2023-02-24,SRF,2200.329345703125,2224.5,2260.0,2215.0,2253.949951171875,324464
2023-02-27,SRF,2168.083740234375,2191.89990234375,2231.449951171875,2161.449951171875,2224.5,382292
2023-02-28,SRF,2144.987060546875,2168.550048828125,2191.0,2154.050048828125,2190.75,569085
2023-03-01,SRF,2211.16064453125,2235.449951171875,2241.75,2184.050048828125,2184.050048828125,618814
2023-03-02,SRF,2222.584716796875,2247.0,2257.699951171875,2222.0,2223.300048828125,340417
2023-03-03,SRF,2247.263671875,2271.949951171875,2287.0,2245.60009765625,2255.60009765625,511341
2023-03-06,SRF,2275.355224609375,2300.35009765625,2307.14990234375,2275.10009765625,2280.0,467292
2023-03-08,SRF,2282.3291015625,2307.39990234375,2315.0,2268.050048828125,2280.300048828125,363490
2023-03-09,SRF,2275.55322265625,2300.550048828125,2334.5,2290.0,2318.39990234375,560192
2023-03-10,SRF,2267.64013671875,2292.550048828125,2300.0,2273.050048828125,2279.800048828125,339874
2023-03-13,SRF,2256.809326171875,2281.60009765625,2308.85009765625,2272.550048828125,2300.0,510226
2023-03-14,SRF,2280.350341796875,2305.39990234375,2314.949951171875,2261.0,2281.60009765625,960492
2023-03-15,SRF,2247.708984375,2272.39990234375,2330.449951171875,2263.0,2319.85009765625,449004
2023-03-16,SRF,2284.55419921875,2309.64990234375,2317.39990234375,2263.0,2282.39990234375,446515
2023-03-17,SRF,2282.4775390625,2307.550048828125,2325.0,2298.300048828125,2321.199951171875,309283
2023-03-20,SRF,2278.32275390625,2303.35009765625,2318.0,2290.25,2299.0,236668
2023-03-21,SRF,2323.822509765625,2349.35009765625,2364.89990234375,2298.550048828125,2303.35009765625,619952
2023-03-22,SRF,2355.376220703125,2381.25,2387.64990234375,2346.0,2352.050048828125,1042488
2023-03-23,SRF,2357.79931640625,2383.699951171875,2404.14990234375,2365.64990234375,2381.10009765625,448631
2023-03-24,SRF,2355.574462890625,2381.449951171875,2397.60009765625,2371.14990234375,2389.25,300095
2023-03-27,SRF,2361.706787109375,2387.64990234375,2401.89990234375,2373.14990234375,2380.10009765625,388208
2023-03-28,SRF,2354.4365234375,2380.300048828125,2399.0,2365.5,2397.0,551977
2023-03-29,SRF,2373.032470703125,2399.10009765625,2412.0,2370.050048828125,2375.0,313006
2023-03-31,SRF,2385.643798828125,2411.85009765625,2433.39990234375,2397.64990234375,2411.10009765625,585933
2023-04-03,SRF,2336.681884765625,2362.35009765625,2429.0,2358.60009765625,2428.199951171875,1010208
2023-04-05,SRF,2350.33154296875,2376.14990234375,2383.35009765625,2354.39990234375,2365.0,417181
2023-04-06,SRF,2343.55615234375,2369.300048828125,2384.64990234375,2358.0,2371.10009765625,157067
2023-04-10,SRF,2363.734375,2389.699951171875,2403.5,2365.0,2375.0,416941
2023-04-11,SRF,2372.537841796875,2398.60009765625,2420.0,2375.5,2398.0,1001619
2023-04-12,SRF,2398.156494140625,2424.5,2428.25,2398.10009765625,2401.0,598441
2023-04-13,SRF,2412.74609375,2439.25,2454.0,2426.60009765625,2430.0,864697
2023-04-17,SRF,2434.902587890625,2461.64990234375,2467.550048828125,2432.64990234375,2440.0,565248
2023-04-18,SRF,2456.515380859375,2483.5,2486.89990234375,2452.050048828125,2469.39990234375,573989
2023-04-19,SRF,2443.607177734375,2470.449951171875,2499.0,2457.699951171875,2499.0,431870
2023-04-20,SRF,2445.98095703125,2472.85009765625,2489.949951171875,2462.60009765625,2475.10009765625,257583
2023-04-21,SRF,2450.0859375,2477.0,2484.199951171875,2464.14990234375,2472.0,153764
2023-04-24,SRF,2472.63818359375,2499.800048828125,2502.0,2473.0,2486.800048828125,204607
2023-04-25,SRF,2464.87353515625,2491.949951171875,2505.60009765625,2480.699951171875,2499.800048828125,238525
2023-04-26,SRF,2469.472900390625,2496.60009765625,2500.949951171875,2471.949951171875,2494.0,412277
2023-04-27,SRF,2468.384765625,2495.5,2503.5,2481.0,2481.0,133131
2023-04-28,SRF,2512.6484375,2540.25,2545.0,2491.449951171875,2500.0,484563
2023-05-02,SRF,2523.03466796875,2550.75,2563.449951171875,2535.800048828125,2544.0,229619
2023-05-03,SRF,2540.839111328125,2568.75,2574.0,2539.60009765625,2550.75,258866
2023-05-04,SRF,2524.567626953125,2552.300048828125,2578.0,2506.050048828125,2578.0,609709
2023-05-05,SRF,2502.213134765625,2529.699951171875,2559.300048828125,2522.0,2552.300048828125,247013
2023-05-08,SRF,2518.484375,2546.14990234375,2557.949951171875,2526.14990234375,2529.699951171875,435984
2023-05-09,SRF,2559.2861328125,2587.39990234375,2636.0,2558.949951171875,2559.0,1416918
2023-05-10,SRF,2543.312255859375,2571.25,2607.300048828125,2555.300048828125,2573.0,822520
2023-05-11,SRF,2533.12353515625,2560.949951171875,2595.0,2555.0,2595.0,467001
2023-05-12,SRF,2525.012939453125,2552.75,2581.39990234375,2531.0,2561.0,229255
2023-05-15,SRF,2503.499267578125,2531.0,2564.75,2516.449951171875,2554.0,351737
2023-05-16,SRF,2515.022705078125,2542.64990234375,2556.949951171875,2528.10009765625,2531.0,272719
2023-05-17,SRF,2444.49755859375,2471.35009765625,2549.0,2453.0,2549.0,448214
2023-05-18,SRF,2402.2119140625,2428.60009765625,2490.0,2424.89990234375,2490.0,321325
2023-05-19,SRF,2409.828369140625,2436.300048828125,2440.35009765625,2400.0,2420.0,218613
2023-05-22,SRF,2431.885986328125,2458.60009765625,2468.39990234375,2410.5,2440.60009765625,203806
2023-05-23,SRF,2443.95361328125,2470.800048828125,2494.89990234375,2453.60009765625,2466.0,333461
2023-05-24,SRF,2423.2802734375,2449.89990234375,2488.5,2444.050048828125,2467.199951171875,381373
2023-05-25,SRF,2446.67333984375,2473.550048828125,2479.5,2446.800048828125,2449.85009765625,177816
2023-05-26,SRF,2488.068359375,2515.39990234375,2522.0,2465.0,2471.0,404790
2023-05-29,SRF,2506.8125,2534.35009765625,2540.0,2510.050048828125,2525.449951171875,175879
2023-05-30,SRF,2501.6201171875,2529.10009765625,2539.5,2507.75,2539.5,285307
2023-05-31,SRF,2492.371337890625,2519.75,2542.14990234375,2496.0,2510.050048828125,563991
2023-06-01,SRF,2451.619384765625,2478.550048828125,2520.75,2473.699951171875,2503.0,485845
2023-06-02,SRF,2485.298828125,2512.60009765625,2517.25,2470.050048828125,2485.949951171875,278737
2023-06-05,SRF,2504.686279296875,2532.199951171875,2546.949951171875,2512.050048828125,2512.60009765625,270365
2023-06-06,SRF,2505.57666015625,2533.10009765625,2546.0,2512.14990234375,2536.0,306301
2023-06-07,SRF,2539.454345703125,2567.35009765625,2573.0,2531.0,2541.300048828125,391452
2023-06-08,SRF,2486.634521484375,2513.949951171875,2576.949951171875,2502.0,2576.949951171875,411072
2023-06-09,SRF,2403.2998046875,2429.699951171875,2530.0,2417.25,2526.0,664621
2023-06-12,SRF,2312.44775390625,2337.85009765625,2424.75,2320.25,2420.0,1574373
2023-06-13,SRF,2319.371826171875,2344.85009765625,2379.5,2331.050048828125,2357.64990234375,963612
2023-06-14,SRF,2325.158447265625,2350.699951171875,2368.89990234375,2343.0,2357.89990234375,453023
2023-06-15,SRF,2341.330810546875,2367.050048828125,2385.0,2351.050048828125,2359.0,678093
2023-06-16,SRF,2371.400146484375,2397.449951171875,2404.89990234375,2367.050048828125,2379.949951171875,418809
2023-06-19,SRF,2378.5712890625,2404.699951171875,2418.0,2390.050048828125,2395.0,281964
2023-06-20,SRF,2379.807861328125,2405.949951171875,2416.5,2383.550048828125,2409.89990234375,404500
2023-06-21,SRF,2363.83349609375,2389.800048828125,2418.699951171875,2380.0,2405.949951171875,484023
2023-06-22,SRF,2340.88525390625,2366.60009765625,2415.0,2350.0,2394.0,410192
2023-06-23,SRF,2296.17626953125,2321.39990234375,2379.25,2305.10009765625,2379.25,678470
2023-06-26,SRF,2313.189453125,2338.60009765625,2349.39990234375,2301.0,2319.0,385721
2023-06-27,SRF,2283.268310546875,2308.35009765625,2353.199951171875,2303.64990234375,2350.0,482877
2023-06-28,SRF,2283.021240234375,2308.10009765625,2332.0,2299.0,2320.0,527587
2023-06-30,SRF,2264.57373046875,2289.449951171875,2330.0,2285.10009765625,2314.800048828125,625027
2023-07-03,SRF,2249.637939453125,2274.35009765625,2307.85009765625,2265.0,2300.0,1030599
2023-07-04,SRF,2249.687255859375,2274.39990234375,2299.0,2271.60009765625,2299.0,573277
2023-07-05,SRF,2200.4775390625,2224.64990234375,2285.0,2220.0,2274.5,813062
2023-07-06,SRF,2250.775390625,2275.5,2281.5,2210.10009765625,2210.10009765625,747694
2023-07-07,SRF,2199.04345703125,2223.199951171875,2289.60009765625,2220.25,2281.0,756374
2023-07-10,SRF,2164.0283203125,2187.800048828125,2223.0,2181.0,2223.0,885168
2023-07-11,SRF,2151.71337890625,2175.35009765625,2198.25,2158.300048828125,2190.0,702317
2023-07-12,SRF,2186.1845703125,2210.199951171875,2214.85009765625,2154.550048828125,2185.0,1015129
2023-07-13,SRF,2149.834228515625,2173.449951171875,2230.800048828125,2160.0,2230.800048828125,1174350
2023-07-14,SRF,2163.73095703125,2187.5,2206.800048828125,2178.050048828125,2188.0,833850
2023-07-17,SRF,2214.820068359375,2239.14990234375,2245.0,2192.199951171875,2200.89990234375,908206
2023-07-18,SRF,2201.8134765625,2226.0,2254.199951171875,2217.550048828125,2248.699951171875,502144
2023-07-19,SRF,2216.897216796875,2241.25,2250.0,2220.050048828125,2226.0,366692
2023-07-20,SRF,2218.23291015625,2242.60009765625,2259.949951171875,2236.050048828125,2255.0,356230
2023-07-21,SRF,2188.707275390625,2212.75,2249.0,2194.0,2226.85009765625,503609
2023-07-24,SRF,2121.05029296875,2144.35009765625,2230.25,2131.300048828125,2228.050048828125,1884393
2023-07-25,SRF,2140.585693359375,2164.10009765625,2183.0,2040.0,2059.0,2524900
2023-07-26,SRF,2121.00146484375,2144.300048828125,2162.0,2110.0,2148.0,1695840
2023-07-27,SRF,2138.65673828125,2162.14990234375,2168.5,2140.050048828125,2156.800048828125,1194705
2023-07-28,SRF,2146.520751953125,2170.10009765625,2187.89990234375,2155.0,2173.64990234375,370186
2023-07-31,SRF,2146.9658203125,2170.550048828125,2187.89990234375,2160.89990234375,2182.64990234375,577609
2023-08-01,SRF,2230.33984375,2251.10009765625,2258.85009765625,2168.0,2183.0,1623153
2023-08-02,SRF,2244.5078125,2265.39990234375,2292.0,2233.0,2253.0,1539747
2023-08-03,SRF,2240.247314453125,2261.10009765625,2275.0,2246.64990234375,2275.0,403126
2023-08-04,SRF,2245.89501953125,2266.800048828125,2280.0,2260.0,2265.0,305218
2023-08-07,SRF,2263.084716796875,2284.14990234375,2295.0,2262.25,2276.0,454625
2023-08-08,SRF,2256.94189453125,2277.949951171875,2294.5,2257.699951171875,2294.5,551151
2023-08-09,SRF,2278.4912109375,2299.699951171875,2312.800048828125,2266.050048828125,2280.0,404765
2023-08-10,SRF,2273.091796875,2294.25,2312.0,2288.5,2307.0,597471
2023-08-11,SRF,2274.5283203125,2295.699951171875,2314.0,2263.050048828125,2294.25,414625
2023-08-14,SRF,2270.961669921875,2292.10009765625,2296.5,2264.14990234375,2295.0,253654
2023-08-16,SRF,2280.42333984375,2301.64990234375,2305.550048828125,2260.10009765625,2280.0,389707
2023-08-17,SRF,2274.478759765625,2295.64990234375,2313.699951171875,2287.0,2305.0,258200
2023-08-18,SRF,2256.79345703125,2277.800048828125,2297.5,2269.0,2295.0,306479
2023-08-21,SRF,2280.22509765625,2301.449951171875,2307.35009765625,2275.0,2277.800048828125,257609
2023-08-22,SRF,2279.531982421875,2300.75,2323.0,2291.949951171875,2305.0,180191
2023-08-23,SRF,2289.4892578125,2310.800048828125,2333.0,2296.199951171875,2297.0,420237
2023-08-24,SRF,2288.745849609375,2310.050048828125,2334.0,2305.199951171875,2318.0,345769
2023-08-25,SRF,2288.94384765625,2310.25,2319.699951171875,2294.550048828125,2301.0,270711
2023-08-28,SRF,2290.529296875,2311.85009765625,2318.89990234375,2301.050048828125,2314.949951171875,227518
2023-08-29,SRF,2352.453125,2374.35009765625,2387.0,2311.25,2317.0,1162898
2023-08-30,SRF,2347.4990234375,2369.35009765625,2387.0,2361.39990234375,2387.0,443739
2023-08-31,SRF,2334.767578125,2356.5,2385.0,2350.25,2385.0,648345
2023-09-01,SRF,2362.063720703125,2384.050048828125,2397.0,2352.0,2356.199951171875,510493
2023-09-04,SRF,2389.210693359375,2411.449951171875,2422.39990234375,2375.0,2390.0,722079
2023-09-05,SRF,2397.236328125,2419.550048828125,2432.0,2406.10009765625,2419.0,386564
2023-09-06,SRF,2431.368408203125,2454.0,2465.0,2411.199951171875,2425.0,682571
2023-09-07,SRF,2440.3349609375,2463.050048828125,2472.5,2448.550048828125,2455.89990234375,309914
2023-09-08,SRF,2417.795166015625,2440.300048828125,2475.5,2438.0,2469.89990234375,431834
2023-09-11,SRF,2414.326904296875,2436.800048828125,2458.949951171875,2425.550048828125,2441.0,256721
2023-09-12,SRF,2352.254638671875,2374.14990234375,2449.949951171875,2365.0,2448.949951171875,319884
2023-09-13,SRF,2373.556396484375,2395.64990234375,2402.85009765625,2360.300048828125,2365.0,149596
2023-09-14,SRF,2377.272216796875,2399.39990234375,2415.0,2375.5,2389.0,460211
2023-09-15,SRF,2348.63818359375,2370.5,2413.949951171875,2366.800048828125,2406.949951171875,405072
2023-09-18,SRF,2346.85498046875,2368.699951171875,2373.60009765625,2321.75,2341.0,528852
2023-09-20,SRF,2298.455810546875,2319.85009765625,2368.25,2311.89990234375,2365.0,580839
2023-09-21,SRF,2294.294189453125,2315.64990234375,2336.949951171875,2304.0,2327.0,335304
2023-09-22,SRF,2243.66552734375,2264.550048828125,2325.10009765625,2260.050048828125,2322.0,359377
2023-09-25,SRF,2217.75634765625,2238.39990234375,2274.949951171875,2230.14990234375,2270.0,597945
2023-09-26,SRF,2219.292236328125,2239.949951171875,2274.85009765625,2233.550048828125,2242.0,568665
2023-09-27,SRF,2240.841796875,2261.699951171875,2272.0,2228.050048828125,2248.0,392260
2023-09-28,SRF,2211.712890625,2232.300048828125,2270.0,2224.25,2270.0,642092
2023-09-29,SRF,2228.6552734375,2249.39990234375,2265.449951171875,2226.449951171875,2246.0,172256
2023-10-03,SRF,2234.69921875,2255.5,2265.0,2233.050048828125,2258.0,432577
2023-10-04,SRF,2226.376708984375,2247.10009765625,2254.89990234375,2220.0,2250.0,454546
2023-10-05,SRF,2240.4453125,2261.300048828125,2266.0,2238.449951171875,2247.14990234375,210258
2023-10-06,SRF,2224.8408203125,2245.550048828125,2280.0,2238.0,2264.89990234375,191139
2023-10-09,SRF,2186.0517578125,2206.39990234375,2231.14990234375,2198.0,2228.0,363638
2023-10-10,SRF,2209.781005859375,2230.35009765625,2236.0,2199.75,2222.949951171875,374416
2023-10-11,SRF,2229.24951171875,2250.0,2280.0,2238.800048828125,2241.0,551311
2023-10-12,SRF,2243.71533203125,2264.60009765625,2268.050048828125,2251.0,2266.949951171875,252564
2023-10-13,SRF,2234.6494140625,2255.449951171875,2262.5,2234.89990234375,2260.0,304818
2023-10-16,SRF,2232.6181640625,2253.39990234375,2268.0,2240.0,2240.050048828125,386468
2023-10-17,SRF,2255.554931640625,2276.550048828125,2301.199951171875,2248.0,2258.0,466647
2023-10-18,SRF,2225.583984375,2246.300048828125,2288.0,2225.35009765625,2288.0,346382
2023-10-19,SRF,2233.65869140625,2254.449951171875,2261.949951171875,2217.800048828125,2240.0,416271
2023-10-20,SRF,2213.397216796875,2234.0,2257.0,2228.0,2251.0,287602
2023-10-23,SRF,2152.613037109375,2172.64990234375,2241.449951171875,2168.199951171875,2220.10009765625,337697
2023-10-25,SRF,2123.9794921875,2143.75,2195.75,2140.0,2178.75,295526
2023-10-26,SRF,2086.92431640625,2106.35009765625,2140.949951171875,2082.25,2137.85009765625,520179
2023-10-27,SRF,2155.04052734375,2175.10009765625,2191.0,2096.0,2120.050048828125,869519
2023-10-30,SRF,2161.282470703125,2181.39990234375,2198.0,2154.0,2172.949951171875,510094
2023-10-31,SRF,2175.053955078125,2195.300048828125,2214.0,2171.0,2180.0,273868
2023-11-01,SRF,2163.263671875,2183.39990234375,2199.85009765625,2160.050048828125,2190.0,364774
2023-11-02,SRF,2217.80615234375,2238.449951171875,2248.5,2190.0,2190.0,317319
2023-11-03,SRF,2232.56884765625,2253.35009765625,2268.949951171875,2235.800048828125,2252.0,224509
2023-11-06,SRF,2315.6455078125,2337.199951171875,2349.5,2260.050048828125,2290.35009765625,845207
2023-11-07,SRF,2319.608642578125,2341.199951171875,2350.0,2321.75,2337.949951171875,230686
2023-11-08,SRF,2330.9033203125,2352.60009765625,2361.199951171875,2335.35009765625,2349.0,293823
2023-11-09,SRF,2315.79443359375,2337.35009765625,2356.5,2330.10009765625,2356.14990234375,110366
2023-11-10,SRF,2329.51611328125,2351.199951171875,2354.949951171875,2315.10009765625,2328.0,122114
2023-11-13,SRF,2315.397705078125,2336.949951171875,2358.0,2325.5,2345.5,106449
2023-11-15,SRF,2339.02783203125,2360.800048828125,2364.5,2338.10009765625,2349.0,256187
2023-11-16,SRF,2332.34033203125,2354.050048828125,2365.949951171875,2347.5,2360.800048828125,179132
2023-11-17,SRF,2339.57275390625,2361.35009765625,2378.85009765625,2342.64990234375,2354.050048828125,249581
2023-11-20,SRF,2307.7685546875,2329.25,2362.0,2324.050048828125,2361.35009765625,119747
2023-11-21,SRF,2331.8447265625,2353.550048828125,2358.60009765625,2333.449951171875,2337.949951171875,105600
2023-11-22,SRF,2311.583740234375,2333.10009765625,2368.449951171875,2329.0,2343.550048828125,110135
2023-11-23,SRF,2337.8388671875,2359.60009765625,2364.10009765625,2329.949951171875,2342.0,138094
2023-11-24,SRF,2337.640869140625,2359.39990234375,2383.25,2350.60009765625,2359.050048828125,272673
2023-11-28,SRF,2329.912841796875,2351.60009765625,2365.0,2331.39990234375,2365.0,262258
2023-11-29,SRF,2330.01171875,2351.699951171875,2365.0,2345.0,2365.0,169254
2023-11-30,SRF,2345.567138671875,2367.39990234375,2375.0,2341.10009765625,2351.699951171875,554716
2023-12-01,SRF,2390.2509765625,2412.5,2445.0,2360.800048828125,2364.800048828125,1117033
2023-12-04,SRF,2405.063232421875,2427.449951171875,2444.39990234375,2412.85009765625,2435.0,365372
2023-12-05,SRF,2432.80517578125,2455.449951171875,2478.25,2423.35009765625,2427.949951171875,941927
2023-12-06,SRF,2429.486083984375,2452.10009765625,2510.0,2442.800048828125,2468.949951171875,693194
2023-12-07,SRF,2419.67724609375,2442.199951171875,2460.0,2435.85009765625,2460.0,651430
2023-12-08,SRF,2400.75341796875,2423.10009765625,2462.199951171875,2396.25,2450.050048828125,316577
2023-12-11,SRF,2409.32373046875,2431.75,2455.0,2415.60009765625,2425.0,768537
2023-12-12,SRF,2356.564453125,2378.5,2454.25,2359.199951171875,2440.0,472046
2023-12-13,SRF,2389.31005859375,2411.550048828125,2416.0,2378.0,2395.0,501631
2023-12-14,SRF,2399.069091796875,2421.39990234375,2436.75,2399.25,2427.0,507202
2023-12-15,SRF,2417.249755859375,2439.75,2477.0,2415.0,2415.0,621693
2023-12-18,SRF,2415.46630859375,2437.949951171875,2462.0,2431.0,2439.75,229075
2023-12-19,SRF,2407.73828125,2430.14990234375,2448.60009765625,2415.0,2445.0,249747
2023-12-20,SRF,2349.23291015625,2371.10009765625,2494.5,2358.699951171875,2442.300048828125,898142
2023-12-21,SRF,2373.903076171875,2396.0,2407.85009765625,2344.60009765625,2360.0,241109
2023-12-22,SRF,2431.6162109375,2454.25,2464.949951171875,2395.449951171875,2409.85009765625,448639
2023-12-26,SRF,2468.07666015625,2491.050048828125,2529.0,2461.300048828125,2463.89990234375,923702
2023-12-27,SRF,2448.26123046875,2471.050048828125,2511.89990234375,2460.14990234375,2506.60009765625,358521
2023-12-28,SRF,2444.05029296875,2466.800048828125,2485.449951171875,2460.85009765625,2466.0,277494
2023-12-29,SRF,2456.385986328125,2479.25,2503.89990234375,2455.199951171875,2470.0,446931
2024-01-01,SRF,2444.941650390625,2467.699951171875,2497.449951171875,2460.0,2488.75,158733
2024-01-02,SRF,2465.35205078125,2488.300048828125,2496.89990234375,2424.800048828125,2482.949951171875,602156
2024-01-03,SRF,2483.235595703125,2506.35009765625,2525.0,2464.85009765625,2488.14990234375,527559
2024-01-04,SRF,2482.9384765625,2506.050048828125,2521.75,2487.14990234375,2509.0,356989
2024-01-05,SRF,2457.723388671875,2480.60009765625,2522.89990234375,2461.0,2511.0,644040
2024-01-08,SRF,2373.60595703125,2395.699951171875,2478.949951171875,2385.0,2468.0,495983
2024-01-09,SRF,2290.033935546875,2311.35009765625,2420.75,2304.64990234375,2397.800048828125,938885
2024-01-10,SRF,2273.735595703125,2294.89990234375,2319.449951171875,2281.0,2311.0,685064
2024-01-11,SRF,2303.8056640625,2325.25,2330.0,2295.0,2305.0,310878
2024-01-12,SRF,2322.3330078125,2343.949951171875,2370.0,2331.0,2340.0,570104
2024-01-15,SRF,2325.55322265625,2347.199951171875,2351.699951171875,2320.699951171875,2351.699951171875,452044
2024-01-16,SRF,2336.402099609375,2358.14990234375,2368.39990234375,2343.75,2350.0,471010
2024-01-17,SRF,2288.30029296875,2309.60009765625,2359.89990234375,2305.0,2348.85009765625,323931
2024-01-18,SRF,2272.8935546875,2294.050048828125,2317.0,2261.14990234375,2316.60009765625,328660
2024-01-19,SRF,2287.705810546875,2309.0,2342.800048828125,2297.60009765625,2315.0,514147
2024-01-23,SRF,2233.262451171875,2254.050048828125,2295.949951171875,2235.5,2294.949951171875,463257
2024-01-24,SRF,2263.87744140625,2284.949951171875,2299.39990234375,2255.5,2271.89990234375,485502
2024-01-25,SRF,2247.975341796875,2268.89990234375,2302.0,2263.39990234375,2296.0,432584
2024-01-29,SRF,2225.88134765625,2246.60009765625,2282.0,2230.0,2270.0,901880
2024-01-30,SRF,2201.854736328125,2222.35009765625,2263.25,2210.0,2250.0,365829
2024-01-31,SRF,2303.657470703125,2325.10009765625,2333.199951171875,2215.0,2215.0,2855586
2024-02-01,SRF,2287.160400390625,2308.449951171875,2324.949951171875,2279.0,2320.0,1374086
2024-02-02,SRF,2297.266357421875,2318.64990234375,2325.0,2302.0,2324.89990234375,701436
2024-02-05,SRF,2230.33984375,2251.10009765625,2315.35009765625,2245.0,2315.0,429402
2024-02-06,SRF,2262.688232421875,2283.75,2293.199951171875,2249.199951171875,2250.0,529792
2024-02-07,SRF,2277.474609375,2295.050048828125,2309.0,2263.050048828125,2295.050048828125,1464373
2024-02-08,SRF,2278.317626953125,2295.89990234375,2326.199951171875,2283.050048828125,2299.949951171875,240843
2024-02-09,SRF,2280.94775390625,2298.550048828125,2307.0,2263.89990234375,2304.0,209506
2024-02-12,SRF,2268.98974609375,2286.5,2322.35009765625,2266.699951171875,2303.0,163430
2024-02-13,SRF,2305.557861328125,2323.35009765625,2326.949951171875,2258.25,2299.0,297034
2024-02-14,SRF,2340.0908203125,2358.14990234375,2364.0,2297.699951171875,2314.050048828125,389910
2024-02-15,SRF,2332.54931640625,2350.550048828125,2375.0,2346.699951171875,2370.0,211040
2024-02-16,SRF,2361.873046875,2380.10009765625,2403.0,2351.75,2355.75,383890
2024-02-19,SRF,2329.076171875,2347.050048828125,2380.949951171875,2344.449951171875,2380.0,166063
2024-02-20,SRF,2364.94921875,2383.199951171875,2389.0,2325.300048828125,2347.050048828125,451789
2024-02-21,SRF,2380.57861328125,2398.949951171875,2423.550048828125,2384.35009765625,2399.0,881154
2024-02-22,SRF,2390.5517578125,2409.0,2418.550048828125,2367.10009765625,2408.949951171875,203280
2024-02-23,SRF,2367.529541015625,2385.800048828125,2419.0,2381.75,2418.0,114496
2024-02-26,SRF,2382.16650390625,2400.550048828125,2410.0,2373.75,2393.949951171875,243435
2024-02-27,SRF,2374.426025390625,2392.75,2429.550048828125,2364.0,2400.550048828125,442182
2024-02-28,SRF,2352.843017578125,2371.0,2404.949951171875,2354.949951171875,2396.60009765625,429664
2024-02-29,SRF,2371.349853515625,2389.64990234375,2398.89990234375,2341.89990234375,2370.050048828125,565867
2024-03-01,SRF,2378.9912109375,2397.35009765625,2409.89990234375,2380.5,2389.64990234375,282374
2024-03-04,SRF,2357.804443359375,2376.0,2403.0,2367.199951171875,2394.050048828125,139551
2024-03-05,SRF,2372.9873046875,2391.300048828125,2412.39990234375,2373.60009765625,2376.050048828125,241360
2024-03-06,SRF,2393.23095703125,2411.699951171875,2416.0,2364.050048828125,2398.0,232307
2024-03-07,SRF,2431.28759765625,2450.050048828125,2464.39990234375,2411.75,2411.75,653987
2024-03-11,SRF,2436.69580078125,2455.5,2491.0,2423.60009765625,2472.0,436096
2024-03-12,SRF,2404.593505859375,2423.14990234375,2459.199951171875,2403.64990234375,2441.35009765625,242866
2024-03-13,SRF,2367.727783203125,2386.0,2462.0,2375.10009765625,2429.85009765625,442261
2024-03-14,SRF,2411.63916015625,2430.25,2436.0,2344.35009765625,2386.0,383267
2024-03-15,SRF,2409.952392578125,2428.550048828125,2449.89990234375,2404.39990234375,2430.0,378516
2024-03-18,SRF,2451.08447265625,2470.0,2479.699951171875,2411.0,2427.60009765625,563240
2024-03-19,SRF,2414.21923828125,2432.85009765625,2480.0,2400.60009765625,2477.85009765625,380710
2024-03-20,SRF,2441.458740234375,2460.300048828125,2464.699951171875,2418.949951171875,2444.0,205010
2024-03-21,SRF,2518.9111328125,2538.35009765625,2549.85009765625,2469.10009765625,2478.0,1316007
2024-03-22,SRF,2531.41455078125,2550.949951171875,2600.0,2532.0,2556.0,1205728
2024-03-26,SRF,2560.242431640625,2580.0,2598.0,2546.0,2553.0,687251
2024-03-27,SRF,2503.4306640625,2522.75,2597.0,2515.10009765625,2595.199951171875,1097897
2024-03-28,SRF,2540.643798828125,2560.25,2574.89990234375,2503.300048828125,2516.449951171875,520691
2024-04-01,SRF,2596.56201171875,2616.60009765625,2629.39990234375,2552.050048828125,2559.89990234375,678813
2024-04-02,SRF,2601.72216796875,2621.800048828125,2662.949951171875,2600.050048828125,2632.85009765625,1308354
2024-04-03,SRF,2602.912841796875,2623.0,2642.89990234375,2602.050048828125,2621.800048828125,367223
2024-04-04,SRF,2571.654052734375,2591.5,2637.5,2583.60009765625,2629.949951171875,319548
2024-04-05,SRF,2567.039794921875,2586.85009765625,2616.0,2578.300048828125,2590.0,342605
2024-04-08,SRF,2587.233642578125,2607.199951171875,2617.949951171875,2555.64990234375,2600.0,286273
2024-04-09,SRF,2573.093017578125,2592.949951171875,2623.89990234375,2578.199951171875,2623.89990234375,254205
2024-04-10,SRF,2625.290283203125,2645.550048828125,2687.5,2565.75,2586.0,1068326
2024-04-12,SRF,2612.141845703125,2632.300048828125,2687.5,2625.550048828125,2645.0,699830
2024-04-15,SRF,2537.765380859375,2557.35009765625,2618.0,2526.75,2580.0,672725
2024-04-16,SRF,2498.965087890625,2518.25,2571.85009765625,2511.0,2532.199951171875,473443
2024-04-18,SRF,2510.5751953125,2529.949951171875,2573.949951171875,2517.050048828125,2537.89990234375,566417
2024-04-19,SRF,2509.6826171875,2529.050048828125,2553.14990234375,2480.0,2495.0,280298
2024-04-22,SRF,2545.456298828125,2565.10009765625,2574.949951171875,2531.699951171875,2552.949951171875,301008
2024-04-23,SRF,2597.355712890625,2617.39990234375,2639.35009765625,2560.89990234375,2568.0,697381
2024-04-24,SRF,2599.141845703125,2619.199951171875,2659.300048828125,2610.0,2634.89990234375,383408
2024-04-25,SRF,2618.691162109375,2638.89990234375,2650.0,2601.14990234375,2619.199951171875,661465
2024-04-26,SRF,2620.57666015625,2640.800048828125,2659.0,2621.0,2625.0,345768
2024-04-29,SRF,2616.0615234375,2636.25,2669.0,2611.0,2649.949951171875,364006
2024-04-30,SRF,2600.97802734375,2621.050048828125,2655.0,2614.5,2636.25,348452
2024-05-02,SRF,2648.610107421875,2669.050048828125,2686.0,2621.050048828125,2621.050048828125,383008
2024-05-03,SRF,2547.986572265625,2567.64990234375,2693.949951171875,2535.0,2688.89990234375,640886
2024-05-06,SRF,2567.7841796875,2587.60009765625,2614.0,2559.0,2578.550048828125,294624
2024-05-07,SRF,2398.341796875,2416.85009765625,2540.0,2388.75,2540.0,2274991
2024-05-08,SRF,2321.187255859375,2339.10009765625,2427.60009765625,2325.14990234375,2409.0,1418023
2024-05-09,SRF,2273.802490234375,2291.35009765625,2352.699951171875,2280.25,2341.0,979132
2024-05-10,SRF,2260.604736328125,2278.050048828125,2347.39990234375,2256.0,2302.0,1259049
2024-05-13,SRF,2209.44921875,2226.5,2297.5,2210.0,2278.89990234375,896229
2024-05-14,SRF,2269.238037109375,2286.75,2299.0,2207.39990234375,2231.0,749824
2024-05-15,SRF,2270.6767578125,2288.199951171875,2319.0,2282.10009765625,2300.0,680715
2024-05-16,SRF,2253.360595703125,2270.75,2309.89990234375,2253.14990234375,2300.0,512259
2024-05-17,SRF,2262.886962890625,2280.35009765625,2287.449951171875,2258.550048828125,2278.0,321572
2024-05-21,SRF,2267.898193359375,2285.39990234375,2299.800048828125,2265.14990234375,2275.60009765625,451188
2024-05-22,SRF,2276.3828125,2293.949951171875,2308.0,2273.0,2298.0,301833
2024-05-23,SRF,2287.79443359375,2305.449951171875,2309.5,2272.550048828125,2298.60009765625,278551
2024-05-24,SRF,2271.56982421875,2289.10009765625,2326.800048828125,2280.199951171875,2310.0,210718
2024-05-27,SRF,2292.21044921875,2309.89990234375,2318.10009765625,2289.14990234375,2289.14990234375,314542
2024-05-28,SRF,2262.53955078125,2280.0,2324.89990234375,2270.5,2319.89990234375,351822
2024-05-29,SRF,2221.853271484375,2239.0,2281.85009765625,2235.0,2261.050048828125,424841
2024-05-30,SRF,2206.0751953125,2223.10009765625,2242.75,2214.050048828125,2231.0,372713
2024-05-31,SRF,2194.415283203125,2211.35009765625,2234.14990234375,2182.449951171875,2228.699951171875,1407561
2024-06-03,SRF,2248.2001953125,2265.550048828125,2272.0,2216.699951171875,2251.60009765625,412116
2024-06-04,SRF,2176.751708984375,2193.550048828125,2274.199951171875,2089.10009765625,2274.199951171875,543994
2024-06-05,SRF,2277.474609375,2295.050048828125,2302.949951171875,2191.300048828125,2195.050048828125,434069
2024-06-06,SRF,2278.962890625,2296.550048828125,2312.0,2279.0,2299.949951171875,304806
2024-06-07,SRF,2294.592041015625,2312.300048828125,2316.949951171875,2238.050048828125,2255.0,508944
2024-06-10,SRF,2336.617919921875,2354.64990234375,2369.89990234375,2295.60009765625,2322.0,747806
2024-06-11,SRF,2309.874267578125,2327.699951171875,2372.5,2325.0,2369.0,329672
2024-06-12,SRF,2347.78173828125,2365.89990234375,2373.050048828125,2320.050048828125,2327.85009765625,965764
2024-06-13,SRF,2381.521240234375,2399.89990234375,2408.0,2372.25,2384.0,610948
2024-06-14,SRF,2383.60546875,2402.0,2414.199951171875,2390.050048828125,2410.199951171875,405161
2024-06-18,SRF,2403.650390625,2422.199951171875,2431.25,2385.0,2402.0,223271
2024-06-19,SRF,2398.242431640625,2416.75,2440.0,2390.0,2432.949951171875,434132
2024-06-20,SRF,2480.2099609375,2499.35009765625,2509.949951171875,2380.0,2416.550048828125,1137819
2024-06-21,SRF,2441.2109375,2460.050048828125,2520.199951171875,2450.050048828125,2499.35009765625,572663
2024-06-24,SRF,2401.71533203125,2420.25,2460.0,2412.10009765625,2459.0,384858
2024-06-25,SRF,2375.517578125,2393.85009765625,2430.550048828125,2381.0,2429.0,759796
2024-06-26,SRF,2380.429931640625,2398.800048828125,2415.699951171875,2376.300048828125,2398.5,542766
2024-06-27,SRF,2440.02001953125,2458.85009765625,2474.64990234375,2395.0,2398.0,683147
2024-06-28,SRF,2417.394775390625,2436.050048828125,2468.89990234375,2409.800048828125,2449.050048828125,576004
2024-07-01,SRF,2443.542724609375,2462.39990234375,2471.0,2415.699951171875,2426.050048828125,471598
2024-07-02,SRF,2375.36865234375,2393.699951171875,2465.0,2370.0,2465.0,845955
2024-07-03,SRF,2363.262451171875,2381.5,2416.39990234375,2369.949951171875,2403.800048828125,591324
2024-07-04,SRF,2371.9453125,2390.25,2415.0,2371.75,2390.0,276779
2024-07-05,SRF,2382.364990234375,2400.75,2411.5,2372.800048828125,2390.050048828125,366450
2024-07-08,SRF,2350.163330078125,2368.300048828125,2419.699951171875,2357.050048828125,2401.0,389677
2024-07-09,SRF,2373.681884765625,2392.0,2398.0,2370.050048828125,2387.39990234375,311651
2024-07-10,SRF,2381.571044921875,2399.949951171875,2402.800048828125,2354.550048828125,2399.0,367639
2024-07-11,SRF,2373.681884765625,2392.0,2412.949951171875,2375.300048828125,2406.0,241513
2024-07-12,SRF,2371.9453125,2390.25,2404.0,2375.300048828125,2393.5,268806
2024-07-15,SRF,2377.353515625,2395.699951171875,2404.699951171875,2377.0,2390.25,305636
2024-07-16,SRF,2376.261962890625,2394.60009765625,2405.550048828125,2376.050048828125,2399.0,250031
2024-07-18,SRF,2386.086181640625,2404.5,2415.949951171875,2376.699951171875,2394.0,519892
2024-07-19,SRF,2324.660400390625,2342.60009765625,2410.0,2331.050048828125,2410.0,611272
2024-07-22,SRF,2349.419189453125,2367.550048828125,2375.0,2309.300048828125,2315.0,470369
2024-07-23,SRF,2342.968994140625,2361.050048828125,2394.0,2283.10009765625,2378.89990234375,1467130
2024-07-24,SRF,2349.5185546875,2367.64990234375,2379.949951171875,2317.25,2330.0,1175151
2024-07-25,SRF,2381.42236328125,2399.800048828125,2412.0,2342.300048828125,2345.0,1150332
2024-07-26,SRF,2437.34033203125,2456.14990234375,2476.0,2400.0,2405.14990234375,1359673
2024-07-29,SRF,2489.835693359375,2509.050048828125,2543.5,2466.14990234375,2471.85009765625,895078
2024-07-30,SRF,2532.803955078125,2552.35009765625,2563.300048828125,2500.050048828125,2510.050048828125,406480
2024-07-31,SRF,2628.352294921875,2644.89990234375,2659.0,2557.300048828125,2560.0,1734449
2024-08-01,SRF,2608.4775390625,2624.89990234375,2653.550048828125,2601.449951171875,2631.5,810488
2024-08-02,SRF,2507.016357421875,2522.800048828125,2618.64990234375,2514.14990234375,2585.0,460619
2024-08-05,SRF,2457.528076171875,2473.0,2504.550048828125,2418.0,2460.10009765625,1311990
2024-08-06,SRF,2473.3779296875,2488.949951171875,2555.0,2481.64990234375,2497.14990234375,731638
2024-08-07,SRF,2573.895263671875,2590.10009765625,2595.75,2488.949951171875,2507.0,604727
2024-08-08,SRF,2521.22705078125,2537.10009765625,2615.0,2531.0,2615.0,252629
2024-08-09,SRF,2537.67333984375,2553.64990234375,2600.0,2538.0,2560.0,243182
2024-08-12,SRF,2552.430419921875,2568.5,2583.949951171875,2525.35009765625,2553.550048828125,262274
2024-08-13,SRF,2505.277099609375,2521.050048828125,2592.199951171875,2512.199951171875,2592.199951171875,337336
2024-08-14,SRF,2476.16064453125,2491.75,2525.050048828125,2445.050048828125,2525.0,261492
2024-08-16,SRF,2465.676513671875,2481.199951171875,2519.949951171875,2470.449951171875,2519.949951171875,445311
2024-08-19,SRF,2460.657958984375,2476.14990234375,2492.0,2451.60009765625,2492.0,227333
2024-08-20,SRF,2458.024658203125,2473.5,2487.89990234375,2452.35009765625,2476.14990234375,253516
2024-08-21,SRF,2464.6328125,2480.14990234375,2487.5,2458.449951171875,2473.5,297048
2024-08-22,SRF,2517.252197265625,2533.10009765625,2566.0,2488.300048828125,2491.0,825960
2024-08-23,SRF,2475.067138671875,2490.64990234375,2559.0,2480.5,2558.0,576226
2024-08-26,SRF,2522.66796875,2538.550048828125,2545.050048828125,2486.64990234375,2490.64990234375,466741
2024-08-27,SRF,2539.611083984375,2555.60009765625,2592.0,2541.5,2557.0,598139
2024-08-28,SRF,2523.164794921875,2539.050048828125,2568.85009765625,2518.0,2565.0,362347
2024-08-29,SRF,2524.45654296875,2540.35009765625,2549.25,2503.949951171875,2538.0,326129
2024-08-30,SRF,2548.554931640625,2564.60009765625,2599.949951171875,2539.0,2539.0,2180896
2024-09-02,SRF,2574.09423828125,2590.300048828125,2608.699951171875,2561.0,2579.89990234375,635476
2024-09-03,SRF,2569.821044921875,2586.0,2621.949951171875,2575.449951171875,2599.0,666148
2024-09-04,SRF,2586.01904296875,2602.300048828125,2608.0,2541.800048828125,2570.050048828125,486482
2024-09-05,SRF,2602.11767578125,2618.5,2649.0,2603.0,2603.0,699368
2024-09-06,SRF,2493.352294921875,2509.050048828125,2618.550048828125,2501.199951171875,2618.550048828125,714721
2024-09-09,SRF,2513.326416015625,2529.14990234375,2534.449951171875,2464.85009765625,2499.300048828125,523188
2024-09-10,SRF,2520.28271484375,2536.14990234375,2564.949951171875,2525.0,2527.5,351145
2024-09-11,SRF,2466.868896484375,2482.39990234375,2549.0,2476.85009765625,2549.0,426132
2024-09-12,SRF,2472.6328125,2488.199951171875,2499.0,2470.60009765625,2499.0,231262
2024-09-13,SRF,2450.96923828125,2466.39990234375,2506.449951171875,2460.800048828125,2504.0,279878
2024-09-16,SRF,2421.653564453125,2436.89990234375,2475.949951171875,2433.199951171875,2459.800048828125,401767
2024-09-17,SRF,2415.93994140625,2431.14990234375,2460.64990234375,2401.10009765625,2436.89990234375,927267
2024-09-18,SRF,2373.40771484375,2388.35009765625,2447.89990234375,2372.60009765625,2425.5,575364
2024-09-19,SRF,2386.972412109375,2402.0,2411.14990234375,2360.300048828125,2395.10009765625,641706
2024-09-20,SRF,2404.5615234375,2419.699951171875,2440.800048828125,2403.0,2410.0,733741
2024-09-23,SRF,2424.6845703125,2439.949951171875,2452.699951171875,2411.199951171875,2435.0,943175
2024-09-24,SRF,2417.28125,2432.5,2458.85009765625,2426.5,2441.0,490479
2024-09-25,SRF,2436.41064453125,2451.75,2462.39990234375,2414.25,2432.5,1055909
2024-09-26,SRF,2442.870361328125,2458.25,2477.14990234375,2434.39990234375,2454.449951171875,994116
2024-09-27,SRF,2446.149658203125,2461.550048828125,2498.85009765625,2450.14990234375,2459.0,3003981
2024-09-30,SRF,2482.222412109375,2497.85009765625,2519.949951171875,2470.10009765625,2474.949951171875,520872
2024-10-01,SRF,2465.82568359375,2481.35009765625,2494.0,2428.5,2494.0,724115
2024-10-03,SRF,2405.853271484375,2421.0,2499.5,2412.5,2450.0,358947
2024-10-04,SRF,2335.645263671875,2350.35009765625,2434.0,2345.0,2421.89990234375,450520
2024-10-07,SRF,2293.361572265625,2307.800048828125,2366.949951171875,2292.300048828125,2350.35009765625,327402
2024-10-08,SRF,2313.83251953125,2328.39990234375,2345.0,2298.800048828125,2300.0,314627
2024-10-09,SRF,2319.993896484375,2334.60009765625,2357.050048828125,2321.60009765625,2339.0,375497
2024-10-10,SRF,2327.6455078125,2342.300048828125,2364.949951171875,2329.0,2345.0,303852
2024-10-11,SRF,2334.05517578125,2348.75,2365.64990234375,2327.75,2349.0,216675
2024-10-14,SRF,2328.192138671875,2342.85009765625,2363.60009765625,2319.0,2359.0,317281
2024-10-15,SRF,2336.688720703125,2351.39990234375,2355.0,2334.800048828125,2348.0,288552
2024-10-16,SRF,2291.672119140625,2306.10009765625,2358.199951171875,2287.14990234375,2342.050048828125,1139467
2024-10-17,SRF,2248.791748046875,2262.949951171875,2292.0,2206.300048828125,2206.300048828125,1243914
2024-10-18,SRF,2311.1494140625,2325.699951171875,2333.35009765625,2259.949951171875,2262.949951171875,601744
2024-10-21,SRF,2263.6982421875,2277.949951171875,2336.0,2256.75,2331.949951171875,1464849
2024-10-22,SRF,2164.47314453125,2178.10009765625,2288.0,2146.5,2258.800048828125,837878
2024-10-23,SRF,2234.13427734375,2248.199951171875,2329.89990234375,2167.300048828125,2167.300048828125,1698381
2024-10-24,SRF,2243.177490234375,2257.300048828125,2268.75,2158.449951171875,2210.0,1241116
2024-10-25,SRF,2193.092529296875,2206.89990234375,2257.550048828125,2190.0,2246.39990234375,720087
2024-10-28,SRF,2243.127685546875,2257.25,2269.949951171875,2206.89990234375,2214.949951171875,405459
2024-10-29,SRF,2246.307861328125,2260.449951171875,2275.0,2226.050048828125,2251.0,227838
2024-10-30,SRF,2247.79833984375,2261.949951171875,2282.550048828125,2244.14990234375,2252.35009765625,480085
2024-10-31,SRF,2229.115966796875,2243.14990234375,2267.199951171875,2225.050048828125,2262.60009765625,402886
2024-11-01,SRF,2238.208740234375,2252.300048828125,2259.949951171875,2242.0,2243.14990234375,19850
2024-11-04,SRF,2232.6435546875,2246.699951171875,2259.0,2220.25,2249.0,321161
2024-11-05,SRF,2284.765380859375,2299.14990234375,2305.199951171875,2235.5,2242.0,334191
2024-11-06,SRF,2328.390869140625,2343.050048828125,2351.949951171875,2301.0,2334.5,305081
2024-11-07,SRF,2363.569580078125,2378.449951171875,2383.5,2336.550048828125,2350.0,564529
2024-11-08,SRF,2291.52294921875,2305.949951171875,2389.0,2285.0,2389.0,205396
2024-11-11,SRF,2279.8466796875,2294.199951171875,2301.699951171875,2258.14990234375,2295.25,253339
2024-11-12,SRF,2238.9541015625,2253.050048828125,2308.949951171875,2238.5,2298.050048828125,222545
2024-11-13,SRF,2184.148681640625,2197.89990234375,2247.0,2187.75,2230.0,417811
2024-11-14,SRF,2221.215576171875,2235.199951171875,2244.050048828125,2191.0,2195.0,152578
2024-11-18,SRF,2165.715087890625,2179.35009765625,2242.300048828125,2171.85009765625,2238.0,294619
2024-11-19,SRF,2185.739013671875,2199.5,2226.0,2185.0,2186.0,315906
2024-11-21,SRF,2130.238525390625,2143.64990234375,2195.25,2133.949951171875,2180.0,238869
2024-11-22,SRF,2149.7158203125,2163.25,2182.199951171875,2126.85009765625,2135.5,357851
2024-11-25,SRF,2209.638671875,2223.550048828125,2235.0,2185.5,2190.10009765625,791995
2024-11-26,SRF,2220.669189453125,2234.64990234375,2252.300048828125,2223.60009765625,2223.60009765625,124184
2024-11-27,SRF,2282.231689453125,2296.60009765625,2300.0,2225.0,2250.300048828125,298675
2024-11-28,SRF,2248.245361328125,2262.39990234375,2311.449951171875,2254.5,2299.300048828125,260810
2024-11-29,SRF,2250.8291015625,2265.0,2284.0,2250.550048828125,2265.0,583686
2024-12-02,SRF,2282.579345703125,2296.949951171875,2310.89990234375,2245.10009765625,2264.949951171875,401509
2024-12-03,SRF,2296.789794921875,2311.25,2322.0,2287.75,2297.0,318080
2024-12-04,SRF,2319.099365234375,2333.699951171875,2348.0,2311.300048828125,2311.300048828125,466142
2024-12-05,SRF,2305.23681640625,2319.75,2338.050048828125,2305.550048828125,2325.050048828125,180013
2024-12-06,SRF,2280.34326171875,2294.699951171875,2336.0,2286.39990234375,2319.949951171875,203158
2024-12-09,SRF,2287.945556640625,2302.35009765625,2318.14990234375,2257.800048828125,2290.0,393791
2024-12-10,SRF,2328.937255859375,2343.60009765625,2367.699951171875,2295.0,2320.0,551490
2024-12-11,SRF,2321.832275390625,2336.449951171875,2369.89990234375,2332.550048828125,2355.0,97773
2024-12-12,SRF,2284.41796875,2298.800048828125,2345.0,2294.050048828125,2345.0,321800
2024-12-13,SRF,2282.3310546875,2296.699951171875,2307.0,2257.550048828125,2300.0,621830
2024-12-16,SRF,2292.01953125,2306.449951171875,2314.800048828125,2287.5,2300.0,107599
2024-12-17,SRF,2265.7353515625,2280.0,2314.39990234375,2268.300048828125,2306.60009765625,514460
2024-12-18,SRF,2257.835205078125,2272.050048828125,2308.5,2266.75,2280.0,163735
2024-12-19,SRF,2269.660888671875,2283.949951171875,2292.050048828125,2202.050048828125,2249.949951171875,296346
2024-12-20,SRF,2263.3505859375,2277.60009765625,2337.14990234375,2266.14990234375,2292.0,712404
2024-12-23,SRF,2272.244384765625,2286.550048828125,2298.550048828125,2250.550048828125,2280.0,392750
2024-12-24,SRF,2263.598876953125,2277.85009765625,2300.85009765625,2259.89990234375,2286.5,310188
2024-12-26,SRF,2247.99658203125,2262.14990234375,2286.75,2240.199951171875,2279.5,151734
2024-12-27,SRF,2250.28271484375,2264.449951171875,2279.199951171875,2251.10009765625,2274.0,149646
2024-12-30,SRF,2241.040771484375,2255.14990234375,2270.0,2196.85009765625,2265.0,824666
2024-12-31,SRF,2223.948486328125,2237.949951171875,2259.800048828125,2205.0,2255.050048828125,226673
2025-01-01,SRF,2197.465087890625,2211.300048828125,2243.5,2209.199951171875,2237.0,136970
2025-01-02,SRF,2210.8310546875,2224.75,2232.449951171875,2200.449951171875,2228.300048828125,128080
2025-01-03,SRF,2270.6044921875,2284.89990234375,2290.0,2216.050048828125,2234.0,504499
2025-01-06,SRF,2263.201416015625,2277.449951171875,2300.0,2260.0,2296.25,579516
2025-01-07,SRF,2294.00732421875,2308.449951171875,2359.89990234375,2271.0,2271.0,505414
2025-01-08,SRF,2336.2412109375,2350.949951171875,2371.949951171875,2298.10009765625,2298.10009765625,977298
2025-01-09,SRF,2657.1708984375,2673.89990234375,2697.699951171875,2480.0,2500.0,10340857
2025-01-10,SRF,2584.82666015625,2601.10009765625,2620.39990234375,2512.39990234375,2527.050048828125,2152573
2025-01-13,SRF,2500.2587890625,2516.0,2597.5,2506.050048828125,2557.0,773391
2025-01-14,SRF,2494.048095703125,2509.75,2545.14990234375,2492.199951171875,2505.5,289433
2025-01-15,SRF,2476.111083984375,2491.699951171875,2529.25,2484.5,2505.25,311184
2025-01-16,SRF,2567.634765625,2583.800048828125,2595.85009765625,2501.550048828125,2505.0,445214
2025-01-17,SRF,2590.142822265625,2606.449951171875,2632.64990234375,2572.25,2583.0,543374
2025-01-20,SRF,2595.7578125,2612.10009765625,2632.0,2575.949951171875,2620.0,420656
2025-01-21,SRF,2559.038818359375,2575.14990234375,2632.0,2571.39990234375,2614.0,337461
2025-01-22,SRF,2507.364013671875,2523.14990234375,2587.199951171875,2487.0,2570.0,486965
2025-01-23,SRF,2580.503662109375,2596.75,2617.60009765625,2505.10009765625,2520.0,448201
2025-01-24,SRF,2567.78369140625,2583.949951171875,2614.10009765625,2552.0,2601.0,260384
2025-01-27,SRF,2554.318359375,2570.39990234375,2628.0,2547.0,2575.0,651779
2025-01-28,SRF,2583.931884765625,2600.199951171875,2620.949951171875,2569.89990234375,2569.949951171875,773278
2025-01-29,SRF,2648.177734375,2664.85009765625,2677.89990234375,2557.75,2612.0,921481
2025-01-30,SRF,2813.43701171875,2831.14990234375,2849.0,2636.050048828125,2700.0,3252957
2025-01-31,SRF,2792.2705078125,2809.85009765625,2895.0,2782.0,2840.0,1649633
2025-02-01,SRF,2808.369140625,2826.050048828125,2862.449951171875,2764.050048828125,2820.0,409517
2025-02-03,SRF,2924.2890625,2942.699951171875,2970.0,2826.050048828125,2875.0,2457417
2025-02-04,SRF,2955.282470703125,2970.25,2980.0,2917.89990234375,2920.0,1166529
2025-02-05,SRF,2943.84033203125,2958.75,2983.89990234375,2932.5,2965.25,554628
2025-02-06,SRF,2879.715087890625,2894.300048828125,2958.75,2874.800048828125,2935.0,479146
2025-02-07,SRF,2865.437255859375,2879.949951171875,2915.300048828125,2852.60009765625,2909.5,316963
2025-02-10,SRF,2841.657958984375,2856.050048828125,2909.949951171875,2843.050048828125,2899.0,334621
2025-02-11,SRF,2797.97900390625,2812.14990234375,2868.800048828125,2771.64990234375,2860.0,385518
2025-02-12,SRF,2814.09765625,2828.35009765625,2866.0,2752.449951171875,2795.0,764079
2025-02-13,SRF,2827.131591796875,2841.449951171875,2885.0,2810.0,2856.0,584788
2025-02-14,SRF,2738.381103515625,2752.25,2849.949951171875,2723.60009765625,2849.0,619621
2025-02-17,SRF,2733.953369140625,2747.800048828125,2763.949951171875,2707.449951171875,2750.0,307026
2025-02-18,SRF,2727.287109375,2741.10009765625,2765.449951171875,2726.75,2749.25,292273
2025-02-19,SRF,2714.253173828125,2728.0,2764.0,2711.800048828125,2738.60009765625,231538
2025-02-20,SRF,2781.810791015625,2795.89990234375,2806.0,2707.050048828125,2714.0,351713
2025-02-21,SRF,2764.896484375,2778.89990234375,2824.60009765625,2754.0,2796.0,424887
2025-02-24,SRF,2745.4453125,2759.35009765625,2796.60009765625,2740.39990234375,2772.0,366653
2025-02-25,SRF,2754.101318359375,2768.050048828125,2791.14990234375,2720.10009765625,2756.60009765625,510161
2025-02-27,SRF,2839.6181640625,2854.0,2864.5,2795.75,2798.0,1514535
2025-02-28,SRF,2781.313232421875,2795.39990234375,2831.0,2759.050048828125,2826.10009765625,1004086
2025-03-03,SRF,2812.455810546875,2826.699951171875,2835.949951171875,2725.25,2790.10009765625,445987
2025-03-04,SRF,2838.921630859375,2853.300048828125,2901.64990234375,2782.14990234375,2819.89990234375,499754
2025-03-05,SRF,2830.514404296875,2844.85009765625,2885.0,2834.14990234375,2853.300048828125,534732
2025-03-06,SRF,2837.230224609375,2851.60009765625,2879.0,2822.949951171875,2859.949951171875,404634
2025-03-07,SRF,2920.558349609375,2935.35009765625,2945.10009765625,2847.10009765625,2860.89990234375,1417602
2025-03-10,SRF,2923.343994140625,2938.14990234375,2964.85009765625,2887.300048828125,2945.0,863371
2025-03-11,SRF,2906.529296875,2921.25,2950.0,2862.699951171875,2938.14990234375,787457
2025-03-12,SRF,2943.691162109375,2958.60009765625,2969.949951171875,2911.0,2955.60009765625,750676
2025-03-13,SRF,2936.92529296875,2951.800048828125,2969.0,2913.10009765625,2965.0,522503
2025-03-17,SRF,2996.12548828125,3011.300048828125,3029.85009765625,2946.10009765625,2959.050048828125,882944
2025-03-18,SRF,2996.12548828125,3011.300048828125,3011.300048828125,3011.300048828125,3011.300048828125,0
2025-03-19,SRF,2990.205810546875,3005.35009765625,3032.5,2981.39990234375,3005.0,650397
2025-03-20,SRF,2978.017578125,2993.10009765625,3038.0,2987.85009765625,3006.800048828125,682335
2025-03-21,SRF,3009.10986328125,3024.35009765625,3051.89990234375,2978.64990234375,3002.0,701613
2025-03-24,SRF,2976.276123046875,2991.35009765625,3054.89990234375,2987.050048828125,3047.0,473659
2025-03-25,SRF,2930.806396484375,2945.64990234375,3014.0,2930.550048828125,3014.0,556612
2025-03-26,SRF,2879.31689453125,2893.89990234375,2968.5,2808.300048828125,2937.10009765625,779036
2025-03-27,SRF,2931.602294921875,2946.449951171875,2959.0,2878.050048828125,2878.5,847677
2025-03-28,SRF,2924.339111328125,2939.14990234375,2990.10009765625,2931.5,2949.699951171875,299741
2025-04-01,SRF,2864.98974609375,2879.5,2937.949951171875,2854.0,2931.0,603406
2025-04-02,SRF,2966.5751953125,2981.60009765625,2987.0,2851.0,2889.0,715592
2025-04-03,SRF,2886.580078125,2901.199951171875,2960.0,2803.75,2960.0,1345843
2025-04-04,SRF,2840.464111328125,2854.85009765625,2933.0,2822.0,2888.10009765625,703507
2025-04-07,SRF,2701.517333984375,2715.199951171875,2768.699951171875,2570.199951171875,2570.199951171875,1368024
2025-04-08,SRF,2746.240966796875,2760.14990234375,2806.25,2722.0,2740.0,626510
2025-04-09,SRF,2730.570556640625,2744.39990234375,2774.949951171875,2705.0,2760.550048828125,367531
2025-04-11,SRF,2932.497802734375,2947.35009765625,2968.39990234375,2806.550048828125,2838.699951171875,1615027
2025-04-15,SRF,2992.046142578125,3007.199951171875,3023.10009765625,2945.0,3005.0,781388
2025-04-16,SRF,2976.52490234375,2991.60009765625,3025.0,2982.0,3011.89990234375,527369
2025-04-17,SRF,2975.330810546875,2990.39990234375,3022.800048828125,2971.10009765625,2972.0,608478
2025-04-21,SRF,3014.034912109375,3029.300048828125,3044.0,2976.89990234375,2990.39990234375,634268
2025-04-22,SRF,2999.806884765625,3015.0,3085.0,3007.0,3050.0,630973
2025-04-23,SRF,2985.479248046875,3000.60009765625,3036.5,2969.699951171875,3022.5,568241
2025-04-24,SRF,3023.188232421875,3038.5,3057.5,2975.10009765625,2981.0,646223
2025-04-25,SRF,2953.143310546875,2968.10009765625,3073.0,2943.0,3051.800048828125,333048
2025-04-28,SRF,3024.9794921875,3040.300048828125,3055.699951171875,2950.0,2950.0,771565
2025-04-29,SRF,3005.279296875,3020.5,3056.5,2996.0,3055.0,779242
2025-04-30,SRF,2993.737548828125,3008.89990234375,3049.0,2995.5,3020.39990234375,439545
2025-05-02,SRF,2956.923828125,2971.89990234375,3047.800048828125,2967.5,3009.0,370965
2025-05-05,SRF,2965.58056640625,2980.60009765625,3032.89990234375,2977.0,2983.0,282980
2025-05-06,SRF,2913.344970703125,2928.10009765625,2986.800048828125,2918.0,2980.60009765625,300291
2025-05-07,SRF,3040.3017578125,3055.699951171875,3087.0,2905.0,2916.0,940206
2025-05-08,SRF,2937.92041015625,2952.800048828125,3084.800048828125,2928.699951171875,3060.0,486574
2025-05-09,SRF,2989.1611328125,3004.300048828125,3029.0,2876.10009765625,2880.0,634185
2025-05-12,SRF,2999.3095703125,3014.5,3098.5,2947.5,3056.0,1132381
2025-05-13,SRF,2913.4443359375,2928.199951171875,3014.5,2871.199951171875,3014.5,1695420
2025-05-14,SRF,2868.07421875,2882.60009765625,2947.0,2860.0,2925.0,975213
2025-05-15,SRF,2862.104248046875,2876.60009765625,2901.89990234375,2849.0,2875.0,585591
2025-05-16,SRF,2900.211181640625,2914.89990234375,2925.0,2877.0,2890.0,594192
2025-05-19,SRF,2961.998291015625,2977.0,3032.0,2914.89990234375,2919.0,1085462
2025-05-20,SRF,2935.43310546875,2950.300048828125,3015.0,2942.89990234375,3000.0,911805
2025-05-21,SRF,2936.427978515625,2951.300048828125,2993.0,2935.39990234375,2945.0,684690
2025-05-22,SRF,2890.56005859375,2905.199951171875,2951.39990234375,2886.5,2933.800048828125,372982
2025-05-23,SRF,2885.58544921875,2900.199951171875,2949.0,2887.699951171875,2924.0,882446
2025-05-26,SRF,2876.829833984375,2891.39990234375,2924.0,2880.0,2924.0,616838
2025-05-27,SRF,2865.78564453125,2880.300048828125,2907.89990234375,2871.5,2881.699951171875,335215
2025-05-28,SRF,2882.799560546875,2897.39990234375,2927.699951171875,2876.0,2885.89990234375,342652
2025-05-29,SRF,2877.725341796875,2892.300048828125,2905.0,2872.0,2897.0,284002
2025-05-30,SRF,2846.5830078125,2861.0,2899.89990234375,2851.10009765625,2895.0,1434127
2025-06-02,SRF,2884.291748046875,2898.89990234375,2903.699951171875,2819.199951171875,2825.10009765625,566766
2025-06-03,SRF,2939.4130859375,2954.300048828125,2984.5,2900.300048828125,2903.0,832396
2025-06-04,SRF,3031.5458984375,3046.89990234375,3058.699951171875,2961.300048828125,2965.0,1225479
2025-06-05,SRF,3091.044677734375,3106.699951171875,3127.0,3028.300048828125,3057.0,1208524
2025-06-06,SRF,3107.76025390625,3123.5,3139.0,3084.800048828125,3119.800048828125,749424
2025-06-09,SRF,3110.546142578125,3126.300048828125,3149.60009765625,3100.800048828125,3123.5,528063
2025-06-10,SRF,3076.219970703125,3091.800048828125,3169.89990234375,3084.5,3135.0,435324
2025-06-11,SRF,3069.653076171875,3085.199951171875,3099.60009765625,3065.0,3087.89990234375,740161
2025-06-12,SRF,3090.0498046875,3105.699951171875,3124.800048828125,3086.800048828125,3090.0,463581
2025-06-13,SRF,3083.980712890625,3099.60009765625,3121.39990234375,3055.60009765625,3055.60009765625,296569
2025-06-16,SRF,3082.58740234375,3098.199951171875,3130.0,3076.0,3099.5,279165
2025-06-17,SRF,3080.796630859375,3096.39990234375,3132.199951171875,3088.699951171875,3105.0,732105
2025-06-18,SRF,3058.907470703125,3074.39990234375,3141.800048828125,3065.699951171875,3096.39990234375,562869
2025-06-19,SRF,2998.01611328125,3013.199951171875,3092.39990234375,2998.5,3074.39990234375,337009
2025-06-20,SRF,3014.830810546875,3030.10009765625,3050.699951171875,3003.60009765625,3010.10009765625,755167
2025-06-23,SRF,3017.218505859375,3032.5,3050.0,3000.0,3000.0,407716
2025-06-24,SRF,3038.311767578125,3053.699951171875,3088.800048828125,3036.0,3049.0,424802
2025-06-25,SRF,3064.976806640625,3080.5,3104.89990234375,3025.0,3052.0,841549
2025-06-26,SRF,3118.704833984375,3134.5,3146.5,3054.699951171875,3088.800048828125,942004
2025-06-27,SRF,3158.8017578125,3174.800048828125,3188.300048828125,3100.0,3144.5,2238985
2025-06-30,SRF,3225.7626953125,3242.10009765625,3251.800048828125,3151.800048828125,3184.800048828125,710534
2025-07-01,SRF,3183.87451171875,3200.0,3250.0,3176.10009765625,3250.0,374816
2025-07-02,SRF,3239.194580078125,3255.60009765625,3281.60009765625,3180.699951171875,3199.0,815060
2025-07-03,SRF,3215.71337890625,3232.0,3288.89990234375,3223.800048828125,3275.0,438978
2025-07-04,SRF,3214.220947265625,3230.5,3266.89990234375,3219.10009765625,3245.0,321665
2025-07-07,SRF,3223.075927734375,3239.39990234375,3246.89990234375,3201.0,3227.0,218313
2025-07-08,SRF,3269.938720703125,3286.5,3297.199951171875,3224.89990234375,3239.0,426634
2025-07-09,SRF,3263.968994140625,3280.5,3294.89990234375,3262.10009765625,3286.5,345022
2025-07-10,SRF,3243.17431640625,3259.60009765625,3325.0,3211.60009765625,3285.0,337783
2025-07-11,SRF,3166.462646484375,3182.5,3265.699951171875,3162.10009765625,3256.89990234375,238050
2025-07-14,SRF,3153.428955078125,3169.39990234375,3204.800048828125,3136.10009765625,3179.0,317199
2025-07-15,SRF,3207.355712890625,3223.60009765625,3235.0,3169.39990234375,3169.39990234375,350104
2025-07-16,SRF,3185.068359375,3201.199951171875,3250.0,3195.10009765625,3216.39990234375,296922
2025-07-17,SRF,3186.362060546875,3202.5,3240.0,3196.0,3217.199951171875,278510
2025-07-18,SRF,3171.039794921875,3187.10009765625,3221.699951171875,3178.89990234375,3210.5,254046
2025-07-21,SRF,3114.625244140625,3130.39990234375,3209.0,3092.699951171875,3185.0,492854
2025-07-22,SRF,3120.694580078125,3136.5,3150.0,3067.0,3148.0,539351
2025-07-23,SRF,3176.909912109375,3193.0,3222.10009765625,3093.0,3152.10009765625,1230831
2025-07-24,SRF,3134.5244140625,3150.39990234375,3260.39990234375,3140.5,3190.0,848712
2025-07-25,SRF,3025.47705078125,3040.800048828125,3124.89990234375,3033.800048828125,3124.89990234375,509398
2025-07-28,SRF,3041.197265625,3056.60009765625,3114.0,3014.0,3030.0,390517
2025-07-29,SRF,3098.3828125,3110.0,3122.89990234375,3042.10009765625,3045.0,441091
2025-07-30,SRF,3074.970703125,3086.5,3143.89990234375,3077.89990234375,3109.800048828125,462805
2025-07-31,SRF,3029.44140625,3040.800048828125,3078.0,2965.300048828125,3000.0,690148
2025-08-01,SRF,2974.048828125,2985.199951171875,3047.39990234375,2974.300048828125,3036.0,435961
2025-08-04,SRF,3039.00537109375,3050.39990234375,3074.0,2965.10009765625,2965.10009765625,393203
2025-08-05,SRF,3031.433837890625,3042.800048828125,3095.39990234375,3032.0,3060.0,418104
2025-08-06,SRF,2957.809814453125,2968.89990234375,3040.0,2950.0,3040.0,321329
2025-08-07,SRF,2893.251953125,2904.10009765625,2965.0,2875.0,2965.0,479056
2025-08-08,SRF,2850.51220703125,2861.199951171875,2919.60009765625,2844.89990234375,2886.0,260157
2025-08-11,SRF,2869.241943359375,2880.0,2892.89990234375,2820.0,2840.0,244526
2025-08-12,SRF,2835.568115234375,2846.199951171875,2885.0,2832.199951171875,2880.0,415408
2025-08-13,SRF,2844.534423828125,2855.199951171875,2887.300048828125,2845.300048828125,2859.89990234375,220747
2025-08-14,SRF,2831.2841796875,2841.89990234375,2865.800048828125,2830.5,2852.10009765625,190742
2025-08-18,SRF,2918.75634765625,2929.699951171875,2945.0,2848.10009765625,2860.0,306279
2025-08-19,SRF,2918.65673828125,2929.60009765625,2981.300048828125,2911.60009765625,2930.0,1004428
2025-08-20,SRF,2913.276611328125,2924.199951171875,3014.5,2906.10009765625,2950.0,733614
2025-08-21,SRF,2901.91943359375,2912.800048828125,2938.0,2902.10009765625,2938.0,306140
2025-08-22,SRF,2906.601806640625,2917.5,2937.5,2901.0,2913.0,313233
2025-08-25,SRF,2900.8232421875,2911.699951171875,2954.0,2900.0,2930.0,355700
2025-08-26,SRF,2838.556884765625,2849.199951171875,2914.60009765625,2826.300048828125,2900.0,939512
2025-08-28,SRF,2840.15087890625,2850.800048828125,2858.39990234375,2812.800048828125,2830.0,363957
2025-08-29,SRF,2825.8046875,2836.39990234375,2869.89990234375,2828.60009765625,2832.0,537875
2025-09-01,SRF,2886.975341796875,2897.800048828125,2902.800048828125,2817.10009765625,2849.0,220055
2025-09-02,SRF,2892.156005859375,2903.0,2934.0,2894.199951171875,2910.0,382174
2025-09-03,SRF,2937.984130859375,2949.0,2952.800048828125,2903.5,2919.0,382214
2025-09-04,SRF,2879.10498046875,2889.89990234375,2962.89990234375,2875.0,2949.0,238063
2025-09-05,SRF,2841.1474609375,2851.800048828125,2899.0,2835.5,2899.0,132494
2025-09-08,SRF,2876.4150390625,2887.199951171875,2905.0,2847.0,2861.0,155621
2025-09-09,SRF,2923.0400390625,2934.0,2939.0,2875.0,2904.800048828125,312421
2025-09-10,SRF,2967.0751953125,2978.199951171875,3001.89990234375,2938.5,2948.0,287653
2025-09-11,SRF,2974.347900390625,2985.5,3008.699951171875,2961.0,2987.0,166098
2025-09-12,SRF,2960.59912109375,2971.699951171875,2999.0,2962.89990234375,2999.0,380611
2025-09-15,SRF,2937.685302734375,2948.699951171875,2985.0,2938.0,2971.699951171875,150806
2025-09-16,SRF,2940.773681640625,2951.800048828125,2965.0,2925.0,2951.300048828125,175894
2025-09-17,SRF,2936.98779296875,2948.0,2985.5,2939.10009765625,2959.0,337545
2025-09-18,SRF,2926.527099609375,2937.5,2965.0,2902.300048828125,2963.10009765625,451723
2025-09-19,SRF,2926.22802734375,2937.199951171875,2958.89990234375,2928.10009765625,2937.5,254678
2025-09-22,SRF,2903.114990234375,2914.0,2958.5,2901.60009765625,2937.0,149602
2025-09-23,SRF,2892.35498046875,2903.199951171875,2936.5,2866.10009765625,2919.0,256230
2025-09-24,SRF,2896.24072265625,2907.10009765625,2916.0,2882.60009765625,2903.10009765625,165782
2025-09-25,SRF,2868.345458984375,2879.10009765625,2919.89990234375,2868.60009765625,2892.0,237756
2025-09-26,SRF,2796.4150390625,2806.89990234375,2879.89990234375,2795.0,2879.0,138769
2025-09-29,SRF,2787.54833984375,2798.0,2850.800048828125,2789.0,2798.0,221510
2025-09-30,SRF,2813.052734375,2823.60009765625,2836.5,2794.5,2800.0,210831
2025-10-01,SRF,2896.24072265625,2907.10009765625,2916.10009765625,2779.5,2823.5,391029
2025-10-03,SRF,2908.49462890625,2919.39990234375,2925.300048828125,2885.300048828125,2890.10009765625,526268
2025-10-06,SRF,2929.217041015625,2940.199951171875,2951.5,2908.199951171875,2919.39990234375,252279
2025-10-07,SRF,2953.72509765625,2964.800048828125,2974.0,2940.199951171875,2955.199951171875,199476
2025-10-08,SRF,2961.595703125,2972.699951171875,3021.699951171875,2956.39990234375,2965.0,774445
2025-10-09,SRF,2985.705322265625,2996.89990234375,3005.0,2977.0,2987.39990234375,160223
2025-10-10,SRF,3013.2021484375,3024.5,3031.0,2990.5,3008.0,733454
2025-10-13,SRF,3036.016357421875,3047.39990234375,3061.39990234375,2990.60009765625,3006.0,207693
2025-10-14,SRF,3032.62939453125,3044.0,3066.0,3026.10009765625,3061.60009765625,328210
2025-10-15,SRF,3077.062744140625,3088.60009765625,3128.800048828125,3046.0,3046.0,677209
2025-10-16,SRF,3178.083984375,3190.0,3205.800048828125,3089.199951171875,3100.0,632692
2025-10-17,SRF,3157.560791015625,3169.39990234375,3210.0,3159.39990234375,3200.5,166406
2025-10-20,SRF,3168.021484375,3179.89990234375,3207.39990234375,3165.89990234375,3169.39990234375,178733
2025-10-21,SRF,3136.24072265625,3148.0,3200.89990234375,3130.89990234375,3200.0,30569
2025-10-23,SRF,3065.904296875,3077.39990234375,3198.89990234375,3060.10009765625,3149.89990234375,592097
2025-10-24,SRF,3070.487548828125,3082.0,3096.800048828125,3033.39990234375,3077.39990234375,371337
2025-10-27,SRF,3008.12109375,3019.39990234375,3103.60009765625,2985.10009765625,3096.0,1370317
2025-10-28,SRF,3016.39013671875,3027.699951171875,3042.800048828125,2996.0,3019.89990234375,781580
2025-10-29,SRF,3016.489990234375,3027.800048828125,3080.0,3000.300048828125,3030.10009765625,399615
2025-10-30,SRF,2969.96435546875,2981.10009765625,3032.89990234375,2962.199951171875,3027.800048828125,396607
2025-10-31,SRF,2919.55322265625,2930.5,2992.0,2921.39990234375,2992.0,464296
2025-11-03,SRF,2957.012939453125,2968.10009765625,2976.0,2910.0,2910.0,543877
2025-11-04,SRF,2930.711181640625,2941.699951171875,2983.800048828125,2933.199951171875,2959.89990234375,154862
2025-11-06,SRF,2888.469970703125,2899.300048828125,2949.39990234375,2894.39990234375,2940.0,232346
2025-11-07,SRF,2885.979248046875,2896.800048828125,2909.60009765625,2871.0,2880.0,278821
2025-11-10,SRF,2893.052490234375,2903.89990234375,2915.0,2860.10009765625,2898.0,325413
2025-11-11,SRF,2918.955322265625,2929.89990234375,2938.10009765625,2868.800048828125,2918.89990234375,510863
2025-11-12,SRF,2930.41259765625,2941.39990234375,2951.5,2907.699951171875,2934.800048828125,522290
2025-11-13,SRF,2901.122314453125,2912.0,2965.0,2884.89990234375,2950.0,332136
2025-11-14,SRF,2828.49462890625,2839.10009765625,2882.39990234375,2819.800048828125,2881.0,820807
2025-11-17,SRF,2822.51708984375,2833.10009765625,2852.300048828125,2820.800048828125,2830.0,474474
2025-11-18,SRF,2806.078857421875,2816.60009765625,2854.199951171875,2810.10009765625,2854.199951171875,434039
2025-11-19,SRF,2775.991455078125,2786.39990234375,2834.89990234375,2772.300048828125,2827.89990234375,580738
2025-11-20,SRF,2840.947998046875,2851.60009765625,2876.0,2791.10009765625,2799.0,1054257
2025-11-21,SRF,2827.79736328125,2838.39990234375,2858.0,2822.699951171875,2851.60009765625,278651
2025-11-24,SRF,2797.0126953125,2807.5,2838.60009765625,2793.39990234375,2838.39990234375,1292039
2025-11-25,SRF,2783.364013671875,2793.800048828125,2828.699951171875,2778.300048828125,2811.39990234375,437475
2025-11-26,SRF,2799.30419921875,2809.800048828125,2825.300048828125,2784.60009765625,2796.800048828125,413644
2025-11-27,SRF,2829.391357421875,2840.0,2864.199951171875,2810.0,2810.0,555994
2025-11-28,SRF,2916.365234375,2927.300048828125,2954.800048828125,2836.800048828125,2859.300048828125,1212051
2025-12-01,SRF,2912.081298828125,2923.0,2939.89990234375,2896.0,2927.300048828125,467183
2025-12-02,SRF,2848.818603515625,2859.5,2922.300048828125,2848.800048828125,2922.0,526048
2025-12-03,SRF,2819.4287109375,2830.0,2868.89990234375,2822.60009765625,2848.199951171875,273168
2025-12-04,SRF,2829.4912109375,2840.10009765625,2849.0,2815.300048828125,2820.0,117234
2025-12-05,SRF,2874.621826171875,2885.39990234375,2891.60009765625,2828.300048828125,2850.89990234375,376436
2025-12-08,SRF,2821.321533203125,2831.89990234375,2885.0,2805.10009765625,2885.0,267772
2025-12-09,SRF,2883.98681640625,2894.800048828125,2901.89990234375,2808.699951171875,2830.0,336135
2025-12-10,SRF,2920.748779296875,2931.699951171875,2953.199951171875,2901.5,2908.5,439194
2025-12-11,SRF,2932.703857421875,2943.699951171875,2953.699951171875,2919.300048828125,2938.699951171875,232626
2025-12-12,SRF,3012.3056640625,3023.60009765625,3029.0,2931.0,2931.0,814099
2025-12-15,SRF,2989.7900390625,3001.0,3023.60009765625,2984.89990234375,3023.60009765625,516076
2025-12-16,SRF,3004.43505859375,3015.699951171875,3040.0,2994.5,3001.0,542238
2025-12-17,SRF,3021.96923828125,3033.300048828125,3037.39990234375,2993.300048828125,3002.0,238180
2025-12-18,SRF,3039.30419921875,3050.699951171875,3053.800048828125,3016.10009765625,3033.300048828125,571930
2025-12-19,SRF,3078.75634765625,3090.300048828125,3094.0,3030.0,3059.89990234375,478720
2025-12-22,SRF,3080.051513671875,3091.60009765625,3140.5,3075.699951171875,3090.300048828125,411318
2025-12-23,SRF,3100.076416015625,3111.699951171875,3141.699951171875,3055.800048828125,3056.10009765625,224198
2025-12-24,SRF,3086.626953125,3098.199951171875,3120.39990234375,3083.300048828125,3105.199951171875,178249
2025-12-26,SRF,3090.01416015625,3101.60009765625,3143.0,3093.89990234375,3105.0,472293
2025-12-29,SRF,3064.41015625,3075.89990234375,3107.5,3051.0,3101.60009765625,214660
2025-12-30,SRF,3026.95068359375,3038.300048828125,3085.0,3004.300048828125,3084.89990234375,2049556
2025-12-31,SRF,3063.513427734375,3075.0,3115.800048828125,3040.199951171875,3040.199951171875,219075
2026-01-01,SRF,3045.879638671875,3057.300048828125,3077.89990234375,3050.300048828125,3077.89990234375,74758
2026-01-02,SRF,3048.0712890625,3059.5,3074.89990234375,3042.0,3060.0,108406
2026-01-05,SRF,3077.76025390625,3089.300048828125,3095.0,3050.0,3059.5,268940
2026-01-06,SRF,3040.00146484375,3051.39990234375,3095.199951171875,2955.0,3094.89990234375,582002
2026-01-07,SRF,3086.029052734375,3097.60009765625,3102.39990234375,3037.800048828125,3051.5,375703
2026-01-08,SRF,3030.935791015625,3042.300048828125,3097.39990234375,3035.699951171875,3097.39990234375,269895
2026-01-09,SRF,3011.906982421875,3023.199951171875,3069.60009765625,3000.800048828125,3040.0,165278
2026-01-12,SRF,3034.621826171875,3046.0,3055.800048828125,3001.10009765625,3001.10009765625,140741
2026-01-13,SRF,3028.245849609375,3039.60009765625,3066.800048828125,3024.0,3044.89990234375,176473
2026-01-14,SRF,3020.674072265625,3032.0,3068.10009765625,3003.0,3003.0,291875
2026-01-15,SRF,3020.674072265625,3032.0,3032.0,3032.0,3032.0,0
2026-01-16,SRF,3016.09130859375,3027.39990234375,3072.0,3010.0,3039.800048828125,255342
2026-01-19,SRF,2951.433837890625,2962.5,3029.300048828125,2939.89990234375,3001.0,507707
2026-01-20,SRF,2872.429931640625,2883.199951171875,2979.39990234375,2833.0,2970.0,668685
2026-01-21,SRF,2666.900390625,2676.89990234375,2815.0,2661.60009765625,2802.60009765625,1969559
2026-01-22,SRF,2725.68017578125,2735.89990234375,2754.0,2684.0,2684.0,753474
2026-01-23,SRF,2703.56298828125,2713.699951171875,2757.0,2701.0,2757.0,406215
2026-01-27,SRF,2677.11328125,2682.199951171875,2734.800048828125,2645.0,2722.89990234375,326475
2026-01-28,SRF,2811.65771484375,2817.0,2837.0,2687.10009765625,2687.10009765625,607301
2026-01-29,SRF,2814.55224609375,2819.89990234375,2835.0,2782.0,2835.0,881502
2026-01-30,SRF,2810.958984375,2816.300048828125,2840.39990234375,2788.39990234375,2818.0,426581
2026-02-02,SRF,2796.287109375,2801.60009765625,2806.60009765625,2719.300048828125,2727.0,149919
2026-02-03,SRF,2906.67724609375,2912.199951171875,3081.699951171875,2903.199951171875,2999.0,811932
2026-02-04,SRF,2915.061279296875,2920.60009765625,2943.89990234375,2888.0,2890.199951171875,254596
2026-02-05,SRF,2900.788330078125,2906.300048828125,2937.89990234375,2886.199951171875,2935.300048828125,97591
2026-02-06,SRF,2896.097412109375,2901.60009765625,2919.800048828125,2863.0,2898.89990234375,137382
2026-02-09,SRF,2981.035888671875,2986.699951171875,3013.89990234375,2905.60009765625,2905.60009765625,403307
2026-02-10,SRF,2956.28271484375,2961.89990234375,3014.89990234375,2951.0,3010.0,220571
2026-02-11,SRF,2943.50732421875,2949.10009765625,2959.89990234375,2914.800048828125,2951.0,149239
2026-02-12,SRF,2836.111328125,2841.5,2937.39990234375,2812.5,2932.300048828125,395601
2026-02-13,SRF,2828.026611328125,2833.39990234375,2841.0,2765.60009765625,2815.0,196550
2026-02-16,SRF,2842.3994140625,2847.800048828125,2852.10009765625,2792.800048828125,2830.0,110372
2026-02-17,SRF,2737.6982421875,2742.89990234375,2883.10009765625,2731.10009765625,2847.699951171875,595424
2026-02-18,SRF,2725.221923828125,2730.39990234375,2744.300048828125,2695.800048828125,2710.0,449947
2026-02-19,SRF,2673.619873046875,2678.699951171875,2741.0,2663.89990234375,2740.89990234375,550346
2026-02-20,SRF,2684.00048828125,2689.10009765625,2715.5,2660.300048828125,2661.0,449654
2026-02-23,SRF,2641.08203125,2646.10009765625,2718.89990234375,2622.5,2718.89990234375,464410
2026-02-24,SRF,2578.700439453125,2583.60009765625,2632.0,2553.0,2625.0,602613
2026-02-25,SRF,2609.94091796875,2614.89990234375,2619.300048828125,2571.5,2594.10009765625,377432
2026-02-26,SRF,2612.236572265625,2617.199951171875,2628.800048828125,2595.300048828125,2620.0,441973
2026-02-27,SRF,2557.3408203125,2562.199951171875,2615.199951171875,2555.0,2601.0,655543
2026-03-02,SRF,2532.188720703125,2537.0,2553.0,2474.89990234375,2474.89990234375,215252
2026-03-04,SRF,2531.78955078125,2536.60009765625,2542.199951171875,2480.199951171875,2524.800048828125,378542
2026-03-05,SRF,2558.2392578125,2563.10009765625,2577.699951171875,2541.10009765625,2552.0,456733
2026-03-06,SRF,2617.72607421875,2622.699951171875,2649.0,2555.10009765625,2563.10009765625,371737
2026-03-09,SRF,2547.559326171875,2552.39990234375,2600.0,2535.89990234375,2600.0,272202
2026-03-10,SRF,2591.67578125,2596.60009765625,2605.5,2555.10009765625,2577.300048828125,246261
2026-03-11,SRF,2483.980224609375,2488.699951171875,2608.5,2475.5,2604.89990234375,617038
2026-03-12,SRF,2621.3193359375,2626.300048828125,2636.800048828125,2446.60009765625,2475.10009765625,1288113
2026-03-13,SRF,2494.95947265625,2499.699951171875,2623.5,2491.300048828125,2609.89990234375,649413
2026-03-16,SRF,2444.355712890625,2449.0,2523.39990234375,2425.89990234375,2484.89990234375,973496
2026-03-17,SRF,2493.2626953125,2498.0,2508.5,2439.89990234375,2449.0,786987
2026-03-18,SRF,2564.527099609375,2569.39990234375,2592.0,2482.5,2498.0,756135
2026-03-19,SRF,2474.09912109375,2478.800048828125,2547.0,2467.60009765625,2505.300048828125,513483
2026-03-20,SRF,2449.84521484375,2454.5,2524.5,2445.300048828125,2486.0,676836
2026-03-23,SRF,2386.964599609375,2391.5,2443.199951171875,2381.0,2440.0,687490
2026-03-24,SRF,2466.912841796875,2471.60009765625,2479.800048828125,2386.89990234375,2470.0,1285249
2026-03-25,SRF,2563.229736328125,2568.10009765625,2581.800048828125,2484.800048828125,2502.0,847207
2026-03-27,SRF,2490.16845703125,2494.89990234375,2564.0,2481.60009765625,2564.0,599547
2026-03-30,SRF,2433.37646484375,2438.0,2475.0,2425.10009765625,2460.0,796377
2026-04-01,SRF,2550.354248046875,2555.199951171875,2587.89990234375,2464.10009765625,2500.39990234375,656244
2026-04-02,SRF,2411.51806640625,2416.10009765625,2485.0,2395.300048828125,2485.0,715256
2026-04-06,SRF,2429.1845703125,2433.800048828125,2443.60009765625,2355.0,2425.0,1106561
2026-04-07,SRF,2391.4560546875,2396.0,2433.0,2361.0,2418.0,1004701
2026-04-08,SRF,2430.482177734375,2435.10009765625,2506.0,2420.199951171875,2500.0,894536
2026-04-09,SRF,2395.2490234375,2399.800048828125,2451.0,2381.300048828125,2435.10009765625,764432
2026-04-10,SRF,2468.709228515625,2473.39990234375,2479.39990234375,2404.89990234375,2406.39990234375,766761
2026-04-13,SRF,2438.566650390625,2443.199951171875,2479.60009765625,2371.5,2420.0,688170
2026-04-15,SRF,2495.758056640625,2500.5,2509.5,2457.0,2475.0,551458
2026-04-16,SRF,2499.251220703125,2504.0,2521.699951171875,2480.0,2512.0,238499
2026-04-17,SRF,2489.769287109375,2494.5,2525.0,2488.5,2508.5,277954
2026-04-20,SRF,2460.42529296875,2465.10009765625,2510.0,2456.199951171875,2510.0,349689
2026-04-21,SRF,2466.31396484375,2471.0,2499.89990234375,2463.60009765625,2471.800048828125,460567
2026-04-22,SRF,2488.072509765625,2492.800048828125,2507.0,2452.0,2470.0,326961
2026-04-23,SRF,2537.578369140625,2542.39990234375,2549.89990234375,2466.0,2484.300048828125,950680
2026-04-24,SRF,2488.87109375,2493.60009765625,2563.699951171875,2472.199951171875,2559.0,411464
2026-04-27,SRF,2503.443359375,2508.199951171875,2549.0,2496.699951171875,2516.800048828125,341589
2026-04-28,SRF,2527.996826171875,2532.800048828125,2544.800048828125,2484.39990234375,2508.199951171875,306944
2026-04-29,SRF,2538.7763671875,2543.60009765625,2604.0,2538.300048828125,2551.0,350550
2026-04-30,SRF,2513.82373046875,2518.60009765625,2543.5,2488.89990234375,2543.5,413405
2026-05-01,SRF,2513.82373046875,2518.60009765625,2518.60009765625,2518.60009765625,2518.60009765625,0
2026-05-04,SRF,2546.561279296875,2551.39990234375,2565.0,2520.0,2520.39990234375,280967
2026-05-05,SRF,2518.015625,2522.800048828125,2567.800048828125,2495.0,2553.0,554217
2026-05-06,SRF,2714.442626953125,2719.60009765625,2762.0,2582.199951171875,2605.0,4206668
2026-05-07,SRF,2766.04443359375,2771.300048828125,2780.0,2655.0,2714.89990234375,796612
2026-05-08,SRF,2775.5263671875,2780.800048828125,2819.300048828125,2770.0,2775.39990234375,516387
2026-05-11,SRF,2793.19287109375,2798.5,2832.10009765625,2739.60009765625,2777.0,596821
2026-05-12,SRF,2716.039306640625,2721.199951171875,2800.0,2714.10009765625,2785.0,475622
2026-05-13,SRF,2690.088623046875,2695.199951171875,2756.300048828125,2688.800048828125,2738.89990234375,642859
2026-05-14,SRF,2724.223876953125,2729.39990234375,2739.89990234375,2664.89990234375,2714.0,270823
2026-05-15,SRF,2684.3994140625,2689.5,2740.10009765625,2685.0,2739.0,345387
2026-05-18,SRF,2634.8935546875,2639.89990234375,2685.0,2607.199951171875,2666.0,227858
2026-05-19,SRF,2632.19873046875,2637.199951171875,2668.800048828125,2631.0,2649.89990234375,226571
2026-05-20,SRF,2608.343994140625,2613.300048828125,2622.10009765625,2590.5,2617.199951171875,342170
2026-05-21,SRF,2615.430419921875,2620.39990234375,2648.89990234375,2600.10009765625,2634.5,459611
2026-05-22,SRF,2634.39453125,2639.39990234375,2688.0,2630.10009765625,2661.89990234375,521212
2026-05-25,SRF,2705.858642578125,2711.0,2724.0,2655.39990234375,2661.0,170564
2026-05-26,SRF,2744.4853515625,2749.699951171875,2772.89990234375,2712.0,2729.89990234375,704640
2026-05-27,SRF,2731.60986328125,2736.800048828125,2776.39990234375,2725.0,2768.0,222202
2026-05-28,SRF,2731.60986328125,2736.800048828125,2736.800048828125,2736.800048828125,2736.800048828125,0
2026-05-29,SRF,2710.649658203125,2715.800048828125,2759.0,2678.800048828125,2740.699951171875,2087600
2026-06-01,SRF,2691.086669921875,2696.199951171875,2719.0,2674.199951171875,2719.0,362133
2026-06-02,SRF,2740.09375,2745.300048828125,2752.800048828125,2651.199951171875,2682.0,503919
2026-06-03,SRF,2713.24462890625,2718.39990234375,2758.0,2711.60009765625,2740.10009765625,530894
2026-06-04,SRF,2721.42919921875,2726.60009765625,2739.0,2693.699951171875,2706.0,316793
2026-06-05,SRF,2699.770263671875,2704.89990234375,2745.0,2692.0,2745.0,162064
2026-06-08,SRF,2669.328125,2674.39990234375,2690.300048828125,2610.39990234375,2647.0,605925
2026-06-09,SRF,2684.49951171875,2689.60009765625,2733.60009765625,2673.0,2674.89990234375,463994
2026-06-10,SRF,2728.9150390625,2734.10009765625,2754.800048828125,2699.0,2699.0,482986
2026-06-11,SRF,2653.3583984375,2658.39990234375,2734.0,2650.0,2734.0,552102
2026-06-12,SRF,2737.798095703125,2743.0,2748.0,2681.300048828125,2696.699951171875,245864
2026-06-15,SRF,2715.3408203125,2720.5,2768.89990234375,2712.10009765625,2760.89990234375,496251
2026-06-16,SRF,2738.796142578125,2744.0,2784.0,2730.0,2730.0,687248
2026-06-17,SRF,2700.369140625,2705.5,2760.0,2651.199951171875,2750.89990234375,499787
2026-06-18,SRF,2697.8740234375,2703.0,2727.199951171875,2675.0,2719.39990234375,356118
2026-06-19,SRF,2704.6611328125,2709.800048828125,2719.800048828125,2687.10009765625,2701.0,321703
2026-06-22,SRF,2715.540283203125,2720.699951171875,2748.800048828125,2697.300048828125,2720.0,473652
2026-06-23,SRF,2731.510009765625,2736.699951171875,2777.0,2722.0,2727.0,856546
2026-06-24,SRF,2760.554931640625,2765.800048828125,2775.5,2701.0,2736.0,247480
2026-06-25,SRF,2727.717041015625,2732.89990234375,2775.0,2725.60009765625,2772.0,398225
2026-06-26,SRF,2727.717041015625,2732.89990234375,2732.89990234375,2732.89990234375,2732.89990234375,0
2026-06-29,SRF,2659.646484375,2664.699951171875,2738.39990234375,2648.800048828125,2732.89990234375,988256
2026-06-30,SRF,2733.8056640625,2739.0,2781.5,2664.699951171875,2664.699951171875,773262
2026-07-01,SRF,2734.703857421875,2739.89990234375,2752.60009765625,2711.39990234375,2740.0,338475
2026-07-02,SRF,2794.091064453125,2799.39990234375,2812.0,2730.0,2739.89990234375,563679
2026-07-03,SRF,2789.200439453125,2794.5,2832.0,2785.199951171875,2828.0,509097
2026-07-06,SRF,2825.331787109375,2830.699951171875,2859.5,2794.5,2803.0,448352
2026-07-07,SRF,2805.27001953125,2810.60009765625,2848.800048828125,2796.300048828125,2839.0,243891
2026-07-08,SRF,2704.361572265625,2709.5,2804.0,2691.60009765625,2790.800048828125,556227
2026-07-09,SRF,2751.671630859375,2756.89990234375,2792.5,2718.0,2720.0,201957
2026-07-10,SRF,2769.338134765625,2774.60009765625,2799.89990234375,2765.300048828125,2779.0,104341
2026-07-13,SRF,2736.40087890625,2741.60009765625,2780.39990234375,2739.0,2777.60009765625,122987
2026-07-14,SRF,2739.6943359375,2744.89990234375,2759.89990234375,2716.0,2729.39990234375,397057
2026-07-15,SRF,2770.33642578125,2775.60009765625,2819.0,2738.0,2738.0,339745
2026-07-16,SRF,2883.820556640625,2889.300048828125,2916.0,2777.10009765625,2777.10009765625,1533270
2026-07-17,SRF,2869.248291015625,2874.699951171875,2914.89990234375,2853.0,2899.199951171875,232559
2026-07-20,SRF,2866.25390625,2871.699951171875,2894.60009765625,2845.89990234375,2869.89990234375,302818
2026-07-21,SRF,2933.42626953125,2939.0,2970.0,2866.800048828125,2886.39990234375,528797
2026-07-22,SRF,2861.762451171875,2867.199951171875,2969.89990234375,2815.0,2952.89990234375,1576048
2026-07-23,SRF,2617.72607421875,2622.699951171875,2865.300048828125,2615.0,2843.89990234375,2407250
2026-07-24,SRF,2659.646484375,2664.699951171875,2698.0,2635.800048828125,2672.89990234375,1246513
2026-07-27,SRF,2631.5,2636.5,2694.300048828125,2631.699951171875,2694.0,1098350
2026-07-28,SRF,2633.39990234375,2633.39990234375,2659.199951171875,2611.0,2656.60009765625,336758
2026-07-29,SRF,2643.800048828125,2643.800048828125,2659.0,2628.0,2646.0,168487
2026-07-30,SRF,2604.800048828125,2604.800048828125,2640.0,2595.699951171875,2640.0,366977
2026-07-31,SRF,2622.5,2622.5,2639.10009765625,2597.800048828125,2614.800048828125,365175
2026-08-03,SRF,2645.0,2645.0,2657.800048828125,2625.0,2630.0,150758
2026-08-04,SRF,2642.300048828125,2642.300048828125,2663.0,2611.0,2663.0,255133
2026-08-05,SRF,2639.699951171875,2639.699951171875,2649.0,2618.0,2646.300048828125,241199
2026-08-06,SRF,2624.89990234375,2624.89990234375,2659.0,2620.199951171875,2649.0,550578
2026-08-07,SRF,2615.0,2615.0,2640.60009765625,2610.0,2624.89990234375,262181
2026-08-10,SRF,2610.0,2610.0,2628.10009765625,2593.300048828125,2625.0,563401
2026-08-11,SRF,2570.0,2570.0,2613.10009765625,2550.0,2610.0,377687
2026-08-12,SRF,2585.0,2585.0,2594.0,2552.0,2570.10009765625,276269
2026-08-13,SRF,2608.699951171875,2608.699951171875,2616.39990234375,2556.0,2580.0,336289
2026-08-14,SRF,2606.0,2606.0,2616.699951171875,2587.60009765625,2609.0,168380
2026-08-17,SRF,2616.0,2616.0,2636.60009765625,2595.10009765625,2600.0,164908
2026-08-18,SRF,2630.0,2630.0,2644.699951171875,2603.39990234375,2603.39990234375,238565
2026-08-19,SRF,2578.60009765625,2578.60009765625,2628.89990234375,2562.300048828125,2624.39990234375,267803
2026-08-20,SRF,2574.5,2574.5,2595.199951171875,2570.0,2595.0,81501
2026-08-21,SRF,2571.89990234375,2571.89990234375,2589.300048828125,2568.199951171875,2576.39990234375,174387
2026-08-24,SRF,2580.800048828125,2580.800048828125,2590.0,2568.0,2569.699951171875,262284
2026-08-25,SRF,2575.0,2575.0,2589.0,2543.5,2589.0,449862
2026-08-26,SRF,2583.0,2583.0,2596.0,2564.199951171875,2579.0,223327
2026-08-27,SRF,2605.0,2605.0,2627.0,2592.10009765625,2593.0,225304
2026-08-28,SRF,,,2615.0,2582.0,2605.0,150525
