Date,Symbol,Adj Close,Close,High,Low,Open,Volume
2010-01-04,UPL,96.3436508178711,116.23332977294922,119.73332977294922,115.69999694824219,116.66666412353516,2254702
2010-01-05,UPL,101.06830596923828,121.93333435058594,122.96666717529297,116.69999694824219,120.0,2834944
2010-01-06,UPL,99.27239227294922,119.76666259765625,122.5999984741211,118.06666564941406,122.33333587646484,1808083
2010-01-07,UPL,98.33299255371094,118.63333129882812,121.56666564941406,118.0,120.4000015258789,795439
2010-01-08,UPL,97.72515106201172,117.9000015258789,119.69999694824219,116.19999694824219,118.66666412353516,1325607
2010-01-11,UPL,97.00677490234375,117.03333282470703,120.46666717529297,116.69999694824219,117.93333435058594,1353213
2010-01-12,UPL,93.33208465576172,112.5999984741211,118.30000305175781,112.06666564941406,117.03333282470703,892738
2010-01-13,UPL,95.04508209228516,114.66666412353516,115.66666412353516,111.06666564941406,112.66666412353516,669516
2010-01-14,UPL,93.44257354736328,112.73332977294922,118.53333282470703,112.0999984741211,115.5999984741211,961294
2010-01-15,UPL,92.14399719238281,111.16666412353516,115.23332977294922,110.69999694824219,115.23332977294922,927808
2010-01-18,UPL,93.91227722167969,113.30000305175781,114.83333587646484,111.33333587646484,112.06666564941406,1714378
2010-01-19,UPL,92.50318908691406,111.5999984741211,114.4000015258789,111.33333587646484,114.4000015258789,516949
2010-01-20,UPL,91.14935302734375,109.96666717529297,112.5,109.33333587646484,112.0,1898559
2010-01-21,UPL,90.26520538330078,108.9000015258789,111.13333129882812,107.5999984741211,110.0,1052815
2010-01-22,UPL,88.44166564941406,106.69999694824219,108.0,103.43333435058594,106.66666412353516,1208554
2010-01-25,UPL,88.46929931640625,106.73332977294922,108.0,105.46666717529297,107.19999694824219,353221
2010-01-27,UPL,85.87212371826172,103.5999984741211,107.19999694824219,103.06666564941406,107.19999694824219,813660
2010-01-28,UPL,87.14307403564453,105.13333129882812,107.0,104.5999984741211,105.96666717529297,1197127
2010-01-29,UPL,85.87212371826172,103.5999984741211,105.03333282470703,102.33333587646484,104.0,1090249
2010-02-01,UPL,85.37480163574219,103.0,105.36666870117188,102.33333587646484,105.26666259765625,990853
2010-02-02,UPL,83.82756805419922,101.13333129882812,104.76666259765625,99.69999694824219,104.53333282470703,837351
2010-02-03,UPL,86.9496841430664,104.9000015258789,105.76666259765625,100.53333282470703,101.4000015258789,1591876
2010-02-04,UPL,86.56287384033203,104.43333435058594,107.23332977294922,103.80000305175781,104.66666412353516,2186901
2010-02-05,UPL,85.29192352294922,102.9000015258789,105.86666870117188,100.36666870117188,102.66666412353516,1329259
2010-02-08,UPL,84.46305084228516,101.9000015258789,104.66666412353516,101.46666717529297,104.66666412353516,463609
2010-02-09,UPL,84.4354248046875,101.86666870117188,103.19999694824219,101.13333129882812,103.19999694824219,1314007
2010-02-10,UPL,83.91046142578125,101.23332977294922,103.03333282470703,100.73332977294922,102.66666412353516,352015
2010-02-11,UPL,83.49600982666016,100.73332977294922,102.43333435058594,100.4000015258789,101.86666870117188,292597
2010-02-15,UPL,83.55126953125,100.80000305175781,102.43333435058594,99.36666870117188,101.30000305175781,828448
2010-02-16,UPL,82.88815307617188,100.0,101.66666412353516,99.76666259765625,101.06666564941406,945034
2010-02-17,UPL,86.14842224121094,103.93333435058594,104.33333587646484,100.86666870117188,101.26666259765625,1116966
2010-02-18,UPL,87.06018829345703,105.03333282470703,105.5999984741211,104.0,105.0,1183498
2010-02-19,UPL,86.20368957519531,104.0,106.66666412353516,103.46666717529297,106.0,1288294
2010-02-22,UPL,86.17607116699219,103.96666717529297,105.33333587646484,103.06666564941406,105.33333587646484,587325
2010-02-23,UPL,88.33114624023438,106.56666564941406,106.66666412353516,103.03333282470703,103.13333129882812,1372147
2010-02-24,UPL,85.65111541748047,103.33333587646484,106.53333282470703,102.23332977294922,106.26666259765625,1010328
2010-02-25,UPL,83.88282012939453,101.19999694824219,105.30000305175781,100.73332977294922,104.46666717529297,1056157
2010-02-26,UPL,83.66179656982422,100.93333435058594,102.69999694824219,100.13333129882812,102.0,627318
2010-03-02,UPL,84.60118865966797,102.06666564941406,102.63333129882812,101.33333587646484,102.63333129882812,263133
2010-03-03,UPL,86.20368957519531,104.0,104.33333587646484,102.66666412353516,102.80000305175781,1156731
2010-03-04,UPL,86.20368957519531,104.0,105.0999984741211,103.06666564941406,103.86666870117188,1766482
2010-03-05,UPL,90.67964935302734,109.4000015258789,110.06666564941406,103.5999984741211,104.33333587646484,3555265
2010-03-08,UPL,88.8561019897461,107.19999694824219,112.53333282470703,106.4000015258789,112.53333282470703,1325590
2010-03-09,UPL,87.33650207519531,105.36666870117188,107.9000015258789,104.96666717529297,107.4000015258789,445551
2010-03-10,UPL,87.778564453125,105.9000015258789,106.86666870117188,105.06666564941406,106.0,1291446
2010-03-11,UPL,88.93900299072266,107.30000305175781,108.13333129882812,104.06666564941406,105.9000015258789,704499
2010-03-12,UPL,87.6127700805664,105.69999694824219,107.66666412353516,104.46666717529297,107.63333129882812,611961
2010-03-15,UPL,86.47999572753906,104.33333587646484,105.9000015258789,103.03333282470703,105.69999694824219,1035984
2010-03-16,UPL,86.23131561279297,104.03333282470703,105.26666259765625,102.66666412353516,105.26666259765625,857109
2010-03-17,UPL,87.6127700805664,105.69999694824219,107.33333587646484,104.33333587646484,104.33333587646484,547720
2010-03-18,UPL,85.84451293945312,103.56666564941406,108.0,103.33333587646484,105.69999694824219,1860774
2010-03-19,UPL,86.64574432373047,104.53333282470703,104.96666717529297,103.33333587646484,104.66666412353516,625806
2010-03-22,UPL,85.65111541748047,103.33333587646484,105.80000305175781,102.13333129882812,103.33333587646484,1223277
2010-03-23,UPL,85.92740631103516,103.66666412353516,104.86666870117188,102.73332977294922,104.86666870117188,270925
2010-03-25,UPL,83.55126953125,100.80000305175781,104.0,100.0,103.53333282470703,1927060
2010-03-26,UPL,83.38549041748047,100.5999984741211,102.0,100.30000305175781,101.63333129882812,804067
2010-03-29,UPL,82.11454010009766,99.06666564941406,101.30000305175781,98.73332977294922,100.96666717529297,1255237
2010-03-30,UPL,81.56194305419922,98.4000015258789,100.06666564941406,97.86666870117188,99.66666412353516,733359
2010-03-31,UPL,82.44609832763672,99.46666717529297,101.0999984741211,97.33333587646484,99.13333129882812,1967145
2010-04-01,UPL,82.55661010742188,99.5999984741211,100.66666412353516,98.83333587646484,100.0,909012
2010-04-05,UPL,82.9986801147461,100.13333129882812,101.16666412353516,98.0,98.0,902718
2010-04-06,UPL,85.09849548339844,102.66666412353516,103.30000305175781,100.06666564941406,100.66666412353516,1967328
2010-04-07,UPL,84.93275451660156,102.46666717529297,104.0999984741211,101.73332977294922,103.66666412353516,912931
2010-04-08,UPL,85.29192352294922,102.9000015258789,104.0999984741211,101.63333129882812,102.0,1020498
2010-04-09,UPL,84.49065399169922,101.93333435058594,103.30000305175781,101.06666564941406,102.5999984741211,2443687
2010-04-12,UPL,83.52364349365234,100.76666259765625,101.9000015258789,99.80000305175781,101.36666870117188,1538208
2010-04-13,UPL,82.91580200195312,100.03333282470703,101.93333435058594,99.46666717529297,101.0,740025
2010-04-15,UPL,83.24736022949219,100.43333435058594,101.5999984741211,95.03333282470703,95.03333282470703,666090
2010-04-16,UPL,82.72238159179688,99.80000305175781,100.80000305175781,98.86666870117188,100.30000305175781,573166
2010-04-19,UPL,80.09759521484375,96.63333129882812,98.66666412353516,95.33333587646484,98.66666412353516,1198609
2010-04-20,UPL,79.79366302490234,96.26666259765625,98.16666412353516,95.73332977294922,96.80000305175781,995481
2010-04-21,UPL,79.93180847167969,96.43333435058594,98.30000305175781,96.19999694824219,98.30000305175781,1708477
2010-04-22,UPL,79.84893035888672,96.33333587646484,98.0,95.69999694824219,97.33333587646484,1744557
2010-04-23,UPL,80.01470947265625,96.53333282470703,98.0,96.33333587646484,96.73332977294922,1374798
2010-04-26,UPL,82.14216613769531,99.0999984741211,99.5999984741211,96.86666870117188,96.93333435058594,2526394
2010-04-27,UPL,82.52899169921875,99.56666564941406,103.69999694824219,98.56666564941406,99.0,4116252
2010-04-28,UPL,80.4015121459961,97.0,99.16666412353516,96.66666412353516,98.0,1174197
2010-04-29,UPL,81.61721801757812,98.46666717529297,100.26666259765625,97.5,98.26666259765625,4235635
2010-04-30,UPL,94.05045318603516,113.46666717529297,114.86666870117188,100.16666412353516,100.16666412353516,20411595
2010-05-03,UPL,95.04508209228516,114.66666412353516,118.53333282470703,111.06666564941406,112.66666412353516,12367054
2010-05-04,UPL,92.39266204833984,111.46666717529297,117.33333587646484,110.86666870117188,116.66666412353516,3091543
2010-05-05,UPL,94.18858337402344,113.63333129882812,115.80000305175781,108.23332977294922,109.33333587646484,5416722
2010-05-06,UPL,95.01746368408203,114.63333129882812,116.53333282470703,111.53333282470703,113.0,2299740
2010-05-07,UPL,91.28749084472656,110.13333129882812,113.19999694824219,109.36666870117188,113.0,2607150
2010-05-10,UPL,94.98983001708984,114.5999984741211,115.66666412353516,110.83333587646484,111.93333435058594,2067420
2010-05-11,UPL,96.39894104003906,116.30000305175781,117.30000305175781,113.06666564941406,115.0,2550915
2010-05-12,UPL,94.02279663085938,113.43333435058594,118.19999694824219,111.63333129882812,116.5,2473800
2010-05-13,UPL,94.79641723632812,114.36666870117188,115.86666870117188,111.69999694824219,114.5999984741211,2128762
2010-05-14,UPL,93.71887969970703,113.06666564941406,117.13333129882812,112.13333129882812,114.36666870117188,3537130
2010-05-17,UPL,94.9345703125,114.53333282470703,115.03333282470703,110.80000305175781,111.33333587646484,1447492
2010-05-18,UPL,95.12796783447266,114.76666259765625,116.53333282470703,114.0,115.0,955750
2010-05-19,UPL,90.8454360961914,109.5999984741211,114.5,107.76666259765625,114.0,1321930
2010-05-20,UPL,91.92296600341797,110.9000015258789,112.13333129882812,108.66666412353516,108.66666412353516,633730
2010-05-21,UPL,91.17698669433594,110.0,111.0,106.83333587646484,110.13333129882812,913963
2010-05-24,UPL,89.60209655761719,108.0999984741211,114.0,107.5,111.33333587646484,445977
2010-05-25,UPL,87.83383178710938,105.96666717529297,109.5999984741211,105.46666717529297,106.66666412353516,2025096
2010-05-26,UPL,92.66897583007812,111.80000305175781,112.33333587646484,106.76666259765625,106.76666259765625,1451905
2010-05-27,UPL,93.80177307128906,113.16666412353516,114.33333587646484,110.33333587646484,112.80000305175781,1417176
2010-05-28,UPL,94.21620178222656,113.66666412353516,115.19999694824219,111.46666717529297,114.0,737353
2010-05-31,UPL,100.65385437011719,121.43333435058594,123.5999984741211,112.69999694824219,114.43333435058594,4594950
2010-06-01,UPL,96.92388916015625,116.93333435058594,126.06666564941406,115.4000015258789,122.4000015258789,5005507
2010-06-02,UPL,98.9132080078125,119.33333587646484,121.06666564941406,117.66666412353516,118.0,2375404
2010-06-03,UPL,100.07363891601562,120.73332977294922,123.33333587646484,119.36666870117188,120.33333587646484,4360602
2010-06-04,UPL,103.47205352783203,124.83333587646484,126.33333587646484,120.80000305175781,122.26666259765625,6480373
2010-06-07,UPL,102.39451599121094,123.53333282470703,124.5999984741211,120.33333587646484,123.13333129882812,1964010
2010-06-08,UPL,99.32765197753906,119.83333587646484,125.5,118.26666259765625,124.0,3459829
2010-06-09,UPL,99.63156127929688,120.19999694824219,122.16666412353516,118.93333435058594,120.23332977294922,871273
2010-06-10,UPL,103.5549545288086,124.93333435058594,126.0,120.66666412353516,120.83333587646484,3162934
2010-06-11,UPL,101.2064437866211,122.0999984741211,126.53333282470703,121.03333282470703,125.66666412353516,2318104
2010-06-14,UPL,101.48274230957031,122.43333435058594,124.53333282470703,122.0,124.53333282470703,806523
2010-06-15,UPL,99.2171401977539,119.69999694824219,125.0,119.33333587646484,125.0,2076231
2010-06-16,UPL,102.7260513305664,123.93333435058594,126.43333435058594,120.0999984741211,120.13333129882812,5245927
2010-06-17,UPL,104.71537780761719,126.33333587646484,129.46665954589844,124.0,124.73332977294922,6242659
2010-06-18,UPL,105.15745544433594,126.86666870117188,129.26666259765625,126.0,127.63333129882812,3210808
2010-06-21,UPL,107.3677978515625,129.53334045410156,130.1666717529297,128.03334045410156,128.6666717529297,3100929
2010-06-22,UPL,107.53358459472656,129.73333740234375,132.23333740234375,126.83333587646484,130.3333282470703,3104859
2010-06-23,UPL,107.119140625,129.23333740234375,131.13333129882812,127.36666870117188,128.6666717529297,2399229
2010-06-24,UPL,107.67171478271484,129.89999389648438,131.3333282470703,129.06666564941406,129.6666717529297,1825137
2010-06-25,UPL,105.9034423828125,127.76666259765625,130.60000610351562,127.5,130.0,1085914
2010-06-28,UPL,107.119140625,129.23333740234375,130.23333740234375,128.0,128.0,1910037
2010-06-29,UPL,105.9310531616211,127.80000305175781,132.96665954589844,125.53333282470703,128.0,6055947
2010-06-30,UPL,101.70377349853516,122.69999694824219,126.53333282470703,120.13333129882812,126.53333282470703,8479212
2010-07-01,UPL,100.23942565917969,120.93333435058594,124.0,120.06666564941406,122.26666259765625,1961358
2010-07-02,UPL,100.73674774169922,121.53333282470703,123.13333129882812,120.06666564941406,121.33333587646484,1393890
2010-07-05,UPL,99.5763168334961,120.13333129882812,122.03333282470703,119.73332977294922,122.0,1212730
2010-07-06,UPL,97.42120361328125,117.53333282470703,121.0,116.66666412353516,120.80000305175781,3144735
2010-07-07,UPL,96.50945281982422,116.43333435058594,119.33333587646484,115.03333282470703,118.30000305175781,3819757
2010-07-08,UPL,97.69752502441406,117.86666870117188,119.73332977294922,117.4000015258789,118.66666412353516,4171744
2010-07-09,UPL,96.8962631225586,116.9000015258789,119.06666564941406,116.0,119.0,2519322
2010-07-12,UPL,96.45419311523438,116.36666870117188,117.83333587646484,115.06666564941406,117.46666717529297,2349067
2010-07-13,UPL,99.07897186279297,119.53333282470703,120.06666564941406,115.66666412353516,116.06666564941406,1736737
2010-07-14,UPL,97.72515106201172,117.9000015258789,120.93333435058594,117.06666564941406,120.66666412353516,2613522
2010-07-15,UPL,96.64759063720703,116.5999984741211,118.53333282470703,116.33333587646484,117.33333587646484,1514497
2010-07-16,UPL,96.67521667480469,116.63333129882812,118.46666717529297,116.36666870117188,116.5999984741211,830170
2010-07-19,UPL,96.73048400878906,116.69999694824219,118.26666259765625,115.5,116.30000305175781,1608583
2010-07-20,UPL,97.25544738769531,117.33333587646484,119.33333587646484,116.86666870117188,117.0,1485481
2010-07-21,UPL,99.32765197753906,119.83333587646484,120.4000015258789,117.36666870117188,118.33333587646484,1289620
2010-07-22,UPL,101.81430053710938,122.83333587646484,123.46666717529297,118.86666870117188,118.86666870117188,3919581
2010-07-23,UPL,99.76971435546875,120.36666870117188,123.5,120.0,123.5,1747791
2010-07-26,UPL,99.10662841796875,119.56666564941406,121.30000305175781,117.43333435058594,121.19999694824219,2020012
2010-07-27,UPL,102.94709777832031,124.19999694824219,129.60000610351562,118.66666412353516,118.66666412353516,3888243
2010-07-28,UPL,100.48806762695312,121.23332977294922,125.23332977294922,120.66666412353516,125.19999694824219,2791795
2010-07-29,UPL,98.9684829711914,119.4000015258789,121.93333435058594,118.93333435058594,121.33333587646484,2369079
2010-07-30,UPL,101.78667449951172,122.80000305175781,123.26666259765625,120.0999984741211,120.66666412353516,2157457
2010-08-02,UPL,102.11823272705078,123.19999694824219,126.46666717529297,122.36666870117188,126.19999694824219,1745454
2010-08-03,UPL,103.02999114990234,124.30000305175781,126.30000305175781,123.06666564941406,123.53333282470703,2132352
2010-08-04,UPL,102.36688995361328,123.5,126.0,122.83333587646484,124.66666412353516,2271406
2010-08-05,UPL,101.28934478759766,122.19999694824219,124.63333129882812,121.80000305175781,123.96666717529297,1171083
2010-08-06,UPL,101.59324645996094,122.56666564941406,123.73332977294922,122.0,122.33333587646484,1635826
2010-08-09,UPL,102.75370788574219,123.96666717529297,125.13333129882812,122.16666412353516,123.19999694824219,3516936
2010-08-10,UPL,101.48274230957031,122.43333435058594,124.83333587646484,122.06666564941406,124.0,545553
2010-08-11,UPL,102.09056854248047,123.16666412353516,125.16666412353516,121.16666412353516,122.66666412353516,3524073
2010-08-12,UPL,102.69841766357422,123.9000015258789,124.33333587646484,121.5,122.0,1103209
2010-08-13,UPL,104.74300384521484,126.36666870117188,127.13333129882812,123.73332977294922,124.33333587646484,2581686
2010-08-16,UPL,104.13516998291016,125.63333129882812,128.1999969482422,124.66666412353516,126.5999984741211,1551660
2010-08-17,UPL,104.41146087646484,125.96666717529297,127.36666870117188,125.13333129882812,126.5999984741211,906768
2010-08-18,UPL,109.0531997680664,131.56666564941406,132.23333740234375,125.96666717529297,125.96666717529297,3724710
2010-08-19,UPL,109.93733215332031,132.63333129882812,133.5,129.03334045410156,131.6666717529297,4543806
2010-08-20,UPL,108.03091430664062,130.3333282470703,132.93333435058594,129.3333282470703,132.8333282470703,1641670
2010-08-23,UPL,106.56654357910156,128.56666564941406,130.93333435058594,128.3333282470703,130.93333435058594,845248
2010-08-24,UPL,108.05854034423828,130.36666870117188,131.10000610351562,125.80000305175781,129.3333282470703,2170125
2010-08-25,UPL,106.87047576904297,128.93333435058594,130.1999969482422,127.43333435058594,129.86666870117188,1511757
2010-08-26,UPL,104.22969818115234,124.5,128.3333282470703,123.73332977294922,128.3333282470703,1644319
2010-08-27,UPL,102.75065612792969,122.73332977294922,126.5999984741211,121.46666717529297,125.33333587646484,1815157
2010-08-30,UPL,102.1646499633789,122.03333282470703,126.26666259765625,121.23332977294922,124.4000015258789,569977
2010-08-31,UPL,102.89020538330078,122.9000015258789,125.13333129882812,119.46666717529297,121.5999984741211,1314535
2010-09-01,UPL,104.25759887695312,124.53333282470703,125.03333282470703,122.0,123.66666412353516,726462
2010-09-02,UPL,104.1180648803711,124.36666870117188,125.73332977294922,123.76666259765625,125.73332977294922,568663
2010-09-03,UPL,103.9785385131836,124.19999694824219,126.26666259765625,123.83333587646484,124.13333129882812,703545
2010-09-06,UPL,104.34130859375,124.63333129882812,125.93333435058594,124.4000015258789,125.5999984741211,547594
2010-09-07,UPL,102.7227554321289,122.69999694824219,125.86666870117188,122.46666717529297,125.53333282470703,720276
2010-09-08,UPL,102.35997772216797,122.26666259765625,124.46666717529297,121.36666870117188,122.76666259765625,544924
2010-09-09,UPL,102.89020538330078,122.9000015258789,124.5999984741211,122.03333282470703,123.5999984741211,1088280
2010-09-13,UPL,106.15522766113281,126.80000305175781,130.8000030517578,122.9000015258789,124.66666412353516,3385318
2010-09-14,UPL,106.266845703125,126.93333435058594,129.3000030517578,125.46666717529297,127.86666870117188,1970380
2010-09-15,UPL,106.37847137451172,127.06666564941406,128.63333129882812,125.80000305175781,127.33333587646484,1432230
2010-09-16,UPL,103.16925811767578,123.23332977294922,126.9000015258789,122.66666412353516,126.19999694824219,1187926
2010-09-17,UPL,104.4808578491211,124.80000305175781,125.63333129882812,123.73332977294922,124.13333129882812,1307500
2010-09-20,UPL,104.59249114990234,124.93333435058594,126.23332977294922,124.06666564941406,124.9000015258789,610012
2010-09-21,UPL,104.25759887695312,124.53333282470703,126.19999694824219,122.36666870117188,124.53333282470703,1177314
2010-09-22,UPL,104.45293426513672,124.76666259765625,127.26666259765625,123.5,127.26666259765625,1735660
2010-09-23,UPL,104.45293426513672,124.76666259765625,126.36666870117188,123.53333282470703,123.53333282470703,1079115
2010-09-24,UPL,104.87152099609375,125.26666259765625,125.63333129882812,123.66666412353516,125.0,697536
2010-09-27,UPL,103.83901977539062,124.03333282470703,128.0,123.66666412353516,128.0,1918837
2010-09-28,UPL,102.55533599853516,122.5,125.0,122.19999694824219,122.53333282470703,796053
2010-09-29,UPL,101.94137573242188,121.76666259765625,123.5999984741211,121.06666564941406,123.0,998991
2010-09-30,UPL,100.12747192382812,119.5999984741211,122.46666717529297,119.0,122.46666717529297,2727924
2010-10-01,UPL,101.6344223022461,121.4000015258789,122.36666870117188,120.03333282470703,120.0999984741211,985708
2010-10-04,UPL,102.83438873291016,122.83333587646484,123.5999984741211,121.66666412353516,122.0,762637
2010-10-05,UPL,103.02973937988281,123.06666564941406,124.43333435058594,122.16666412353516,122.83333587646484,1331677
2010-10-06,UPL,104.81571960449219,125.19999694824219,126.63333129882812,123.33333587646484,125.26666259765625,2585299
2010-10-07,UPL,102.1367416381836,122.0,126.36666870117188,121.33333587646484,125.86666870117188,949792
2010-10-08,UPL,101.43907165527344,121.16666412353516,123.23332977294922,120.69999694824219,123.23332977294922,667290
2010-10-11,UPL,103.47623443603516,123.5999984741211,124.16666412353516,121.19999694824219,122.0,1111189
2010-10-12,UPL,106.4900894165039,127.19999694824219,128.60000610351562,122.73332977294922,124.66666412353516,3386076
2010-10-13,UPL,106.65753936767578,127.4000015258789,130.53334045410156,126.83333587646484,128.6666717529297,5357295
2010-10-14,UPL,109.78304290771484,131.13333129882812,132.53334045410156,126.26666259765625,128.63333129882812,6131857
2010-10-15,UPL,106.37847137451172,127.06666564941406,133.0,126.19999694824219,132.6666717529297,3379047
2010-10-18,UPL,105.09478759765625,125.53333282470703,127.86666870117188,122.4000015258789,127.53333282470703,1153029
2010-10-19,UPL,105.68081665039062,126.23332977294922,129.26666259765625,125.73332977294922,126.83333587646484,1810534
2010-10-20,UPL,106.74127960205078,127.5,130.86666870117188,124.66666412353516,125.83333587646484,2203296
2010-10-21,UPL,114.35965728759766,136.60000610351562,137.60000610351562,126.53333282470703,128.0,8770137
2010-10-22,UPL,117.40143585205078,140.23333740234375,141.53334045410156,137.6666717529297,139.26666259765625,10810732
2010-10-25,UPL,121.19666290283203,144.76666259765625,146.46665954589844,139.3000030517578,143.5,8536605
2010-10-26,UPL,112.07133483886719,133.86666870117188,145.53334045410156,132.43333435058594,145.53334045410156,8224293
2010-10-27,UPL,112.74108123779297,134.6666717529297,136.60000610351562,132.06666564941406,134.6666717529297,3879351
2010-10-28,UPL,115.14099884033203,137.53334045410156,140.96665954589844,134.76666259765625,136.0,4046659
2010-10-29,UPL,111.23416137695312,132.86666870117188,138.6666717529297,127.53333282470703,138.6666717529297,4845165
2010-11-01,UPL,113.99687194824219,136.1666717529297,137.1666717529297,134.39999389648438,134.6666717529297,2415586
2010-11-02,UPL,114.6666030883789,136.96665954589844,138.3333282470703,134.13333129882812,136.60000610351562,1922080
2010-11-03,UPL,116.31307983398438,138.93333435058594,140.89999389648438,136.8333282470703,137.6666717529297,3485233
2010-11-04,UPL,118.62930297851562,141.6999969482422,144.3333282470703,136.6666717529297,139.13333129882812,4348491
2010-11-08,UPL,117.42933654785156,140.26666259765625,144.39999389648438,138.6666717529297,143.1999969482422,2755053
2010-11-09,UPL,115.3084716796875,137.73333740234375,141.3000030517578,135.3333282470703,139.76666259765625,2790532
2010-11-10,UPL,115.6991195678711,138.1999969482422,140.1666717529297,137.39999389648438,138.43333435058594,1809577
2010-11-11,UPL,114.19223022460938,136.39999389648438,139.89999389648438,134.1666717529297,134.1666717529297,887742
2010-11-12,UPL,109.89466094970703,131.26666259765625,137.1999969482422,130.03334045410156,135.6666717529297,1021255
2010-11-15,UPL,110.36906433105469,131.8333282470703,133.8333282470703,128.73333740234375,132.0,823066
2010-11-16,UPL,105.29013061523438,125.76666259765625,133.6999969482422,124.0999984741211,133.6999969482422,2298762
2010-11-18,UPL,104.17388916015625,124.43333435058594,128.63333129882812,122.69999694824219,126.03333282470703,2858170
2010-11-19,UPL,103.1971664428711,123.26666259765625,127.26666259765625,121.86666870117188,125.33333587646484,2299200
2010-11-22,UPL,104.4808578491211,124.80000305175781,125.69999694824219,121.19999694824219,124.0,2207329
2010-11-23,UPL,103.95063018798828,124.16666412353516,125.26666259765625,120.0,125.03333282470703,6251689
2010-11-24,UPL,102.24836730957031,122.13333129882812,125.96666717529297,121.33333587646484,125.13333129882812,1863843
2010-11-25,UPL,102.77857971191406,122.76666259765625,125.33333587646484,120.0,122.5999984741211,8316463
2010-11-26,UPL,102.08090209960938,121.93333435058594,125.33333587646484,117.86666870117188,125.33333587646484,2055942
2010-11-29,UPL,103.55995178222656,123.69999694824219,124.33333587646484,121.03333282470703,122.43333435058594,947454
2010-11-30,UPL,105.20642852783203,125.66666412353516,127.0999984741211,122.0,122.0,2639749
2010-12-01,UPL,107.9133071899414,128.89999389648438,129.46665954589844,124.83333587646484,125.33333587646484,2235957
2010-12-02,UPL,106.18313598632812,126.83333587646484,134.53334045410156,126.03333282470703,134.53334045410156,1002189
2010-12-03,UPL,102.55533599853516,122.5,128.26666259765625,121.03333282470703,128.26666259765625,766981
2010-12-06,UPL,102.35997772216797,122.26666259765625,124.83333587646484,121.66666412353516,122.86666870117188,882424
2010-12-07,UPL,100.7414321899414,120.33333587646484,122.66666412353516,117.46666717529297,122.33333587646484,2788227
2010-12-08,UPL,100.54608917236328,120.0999984741211,124.0999984741211,119.0,120.13333129882812,2216752
2010-12-09,UPL,96.0252685546875,114.69999694824219,121.23332977294922,113.33333587646484,120.0,1896039
2010-12-10,UPL,95.55086517333984,114.13333129882812,117.76666259765625,111.4000015258789,114.66666412353516,2319129
2010-12-13,UPL,91.95096588134766,109.83333587646484,115.46666717529297,108.0,115.46666717529297,6883515
2010-12-14,UPL,92.4532699584961,110.43333435058594,111.93333435058594,109.66666412353516,110.16666412353516,2354868
2010-12-15,UPL,92.76025390625,110.80000305175781,112.86666870117188,109.66666412353516,110.9000015258789,1546324
2010-12-16,UPL,89.88590240478516,107.36666870117188,111.13333129882812,106.33333587646484,110.86666870117188,2006472
2010-12-20,UPL,85.72787475585938,102.4000015258789,109.26666259765625,102.03333282470703,109.0,5799319
2010-12-21,UPL,88.85336303710938,106.13333129882812,106.5999984741211,100.83333587646484,102.4000015258789,5172040
2010-12-22,UPL,88.46268463134766,105.66666412353516,107.93333435058594,104.19999694824219,106.4000015258789,4210498
2010-12-23,UPL,87.76502990722656,104.83333587646484,106.53333282470703,103.63333129882812,106.53333282470703,2302752
2010-12-24,UPL,89.74636840820312,107.19999694824219,107.63333129882812,103.46666717529297,105.13333129882812,2415007
2010-12-27,UPL,88.37895965576172,105.56666564941406,107.93333435058594,104.53333282470703,106.66666412353516,1475389
2010-12-28,UPL,90.69518280029297,108.33333587646484,108.66666412353516,105.33333587646484,106.23332977294922,2146494
2010-12-29,UPL,92.67652130126953,110.69999694824219,112.30000305175781,108.66666412353516,108.69999694824219,6356277
2010-12-30,UPL,96.05317687988281,114.73332977294922,115.33333587646484,111.33333587646484,112.66666412353516,5839821
2010-12-31,UPL,96.52758026123047,115.30000305175781,119.33333587646484,114.93333435058594,119.33333587646484,2523237
2011-01-03,UPL,94.37879943847656,112.73332977294922,117.16666412353516,112.23332977294922,115.33333587646484,2324334
2011-01-04,UPL,93.17884063720703,111.30000305175781,114.16666412353516,111.06666564941406,113.43333435058594,2716413
2011-01-05,UPL,91.19749450683594,108.93333435058594,112.5999984741211,108.33333587646484,110.69999694824219,3019398
2011-01-06,UPL,90.2765884399414,107.83333587646484,109.83333587646484,107.0,109.4000015258789,3388432
2011-01-07,UPL,89.63475036621094,107.06666564941406,108.5999984741211,106.66666412353516,107.86666870117188,1940293
2011-01-10,UPL,86.95576477050781,103.86666870117188,108.83333587646484,101.86666870117188,107.5999984741211,2295228
2011-01-11,UPL,88.29524993896484,105.46666717529297,107.46666717529297,102.16666412353516,104.0,2489097
2011-01-12,UPL,89.21614837646484,106.56666564941406,107.86666870117188,103.56666564941406,105.53333282470703,894082
2011-01-13,UPL,89.27196502685547,106.63333129882812,109.86666870117188,105.66666412353516,107.33333587646484,1778653
2011-01-14,UPL,85.97903442382812,102.69999694824219,108.33333587646484,101.19999694824219,105.96666717529297,1403997
2011-01-17,UPL,85.47673034667969,102.0999984741211,104.0,101.30000305175781,103.0,960985
2011-01-18,UPL,86.92784118652344,103.83333587646484,104.26666259765625,102.36666870117188,102.36666870117188,418755
2011-01-19,UPL,86.53715515136719,103.36666870117188,105.80000305175781,102.66666412353516,104.46666717529297,717732
2011-01-20,UPL,85.05814361572266,101.5999984741211,103.53333282470703,101.16666412353516,102.33333587646484,1354179
2011-01-21,UPL,85.00232696533203,101.53333282470703,102.53333282470703,100.76666259765625,101.93333435058594,619500
2011-01-24,UPL,86.53715515136719,103.36666870117188,103.76666259765625,101.43333435058594,102.13333129882812,1112665
2011-01-25,UPL,86.56507110595703,103.4000015258789,105.53333282470703,102.80000305175781,104.13333129882812,3080091
2011-01-27,UPL,83.35586547851562,99.56666564941406,104.26666259765625,98.66666412353516,103.80000305175781,3077412
2011-01-28,UPL,78.30482482910156,93.53333282470703,100.56666564941406,91.5,99.9000015258789,4863817
2011-01-31,UPL,75.960693359375,90.73332977294922,93.33333587646484,89.26666259765625,92.66666412353516,2801262
2011-02-01,UPL,76.23976135253906,91.06666564941406,93.19999694824219,90.30000305175781,91.03333282470703,2233164
2011-02-02,UPL,75.0956039428711,89.69999694824219,92.30000305175781,89.19999694824219,91.06666564941406,3065988
2011-02-03,UPL,79.448974609375,94.9000015258789,95.43333435058594,89.66666412353516,89.66666412353516,3288190
2011-02-04,UPL,78.55598449707031,93.83333587646484,97.66666412353516,93.36666870117188,95.33333587646484,2260197
2011-02-07,UPL,78.38853454589844,93.63333129882812,95.73332977294922,92.5,94.53333282470703,1672162
2011-02-08,UPL,75.960693359375,90.73332977294922,94.53333282470703,87.73332977294922,94.5,3377179
2011-02-09,UPL,73.30961608886719,87.56666564941406,91.26666259765625,86.23332977294922,88.66666412353516,2607267
2011-02-10,UPL,73.67239379882812,88.0,90.0,84.69999694824219,85.83333587646484,1448635
2011-02-11,UPL,75.31884765625,89.96666717529297,90.0,87.86666870117188,88.76666259765625,2016408
2011-02-14,UPL,77.57926177978516,92.66666412353516,95.03333282470703,90.36666870117188,90.83333587646484,2207257
2011-02-15,UPL,79.97920227050781,95.53333282470703,95.86666870117188,83.86666870117188,83.86666870117188,1796818
2011-02-16,UPL,80.84429168701172,96.56666564941406,98.4000015258789,95.5,96.13333129882812,2206114
2011-02-17,UPL,80.20244598388672,95.80000305175781,97.26666259765625,93.69999694824219,97.19999694824219,1175760
2011-02-18,UPL,75.93280029296875,90.69999694824219,96.76666259765625,90.0,96.06666564941406,1857490
2011-02-21,UPL,77.3281021118164,92.36666870117188,93.16666412353516,86.69999694824219,90.0,1324723
2011-02-22,UPL,76.26766967773438,91.0999984741211,92.33333587646484,89.36666870117188,92.33333587646484,1094932
2011-02-23,UPL,73.47705078125,87.76666259765625,90.93333435058594,87.4000015258789,90.06666564941406,2170300
2011-02-24,UPL,70.4910888671875,84.19999694824219,89.9000015258789,83.4000015258789,89.9000015258789,4015509
2011-02-25,UPL,72.58404541015625,86.69999694824219,87.66666412353516,85.0,85.86666870117188,1838190
2011-02-28,UPL,75.93280029296875,90.69999694824219,91.53333282470703,87.56666564941406,87.56666564941406,1621327
2011-03-01,UPL,78.41645812988281,93.66666412353516,94.03333282470703,91.13333129882812,91.66666412353516,883830
2011-03-03,UPL,79.14200592041016,94.53333282470703,95.56666564941406,91.33333587646484,93.33333587646484,890848
2011-03-04,UPL,79.33734893798828,94.76666259765625,96.63333129882812,92.4000015258789,95.33333587646484,503716
2011-03-07,UPL,75.62582397460938,90.33333587646484,94.30000305175781,89.63333129882812,90.06666564941406,2376571
2011-03-08,UPL,75.960693359375,90.73332977294922,92.80000305175781,90.30000305175781,91.33333587646484,2047888
2011-03-09,UPL,75.65374755859375,90.36666870117188,92.26666259765625,90.06666564941406,92.0,1776591
2011-03-10,UPL,76.23976135253906,91.06666564941406,91.56666564941406,90.0,90.93333435058594,816387
2011-03-11,UPL,73.36543273925781,87.63333129882812,92.0,86.43333435058594,91.33333587646484,2243007
2011-03-14,UPL,74.20259857177734,88.63333129882812,89.23332977294922,87.86666870117188,88.33333587646484,1389742
2011-03-15,UPL,70.82595825195312,84.5999984741211,87.43333435058594,84.13333129882812,86.0,3418672
2011-03-16,UPL,73.30961608886719,87.56666564941406,87.86666870117188,85.4000015258789,86.43333435058594,2553165
2011-03-17,UPL,75.68164825439453,90.4000015258789,90.96666717529297,86.0,86.66666412353516,2466358
2011-03-18,UPL,75.9049072265625,90.66666412353516,92.0,89.23332977294922,92.0,2612980
2011-03-21,UPL,76.68626403808594,91.5999984741211,92.26666259765625,89.26666259765625,91.0,1169442
2011-03-22,UPL,78.33274841308594,93.56666564941406,94.0999984741211,91.4000015258789,92.33333587646484,1356957
2011-03-23,UPL,79.28153991699219,94.69999694824219,96.4000015258789,92.83333587646484,93.93333435058594,2544099
2011-03-24,UPL,78.77923583984375,94.0999984741211,95.9000015258789,92.86666870117188,95.73332977294922,1305135
2011-03-25,UPL,81.34658813476562,97.16666412353516,98.53333282470703,93.5999984741211,95.19999694824219,2411332
2011-03-28,UPL,81.9326171875,97.86666870117188,98.46666717529297,96.0999984741211,98.0,1544188
2011-03-29,UPL,83.32794952392578,99.53333282470703,100.4000015258789,97.33333587646484,97.33333587646484,3185248
2011-03-30,UPL,84.69534301757812,101.16666412353516,101.63333129882812,99.66666412353516,101.33333587646484,2208843
2011-03-31,UPL,83.4116439819336,99.63333129882812,102.66666412353516,98.0,101.36666870117188,2507547
2011-04-01,UPL,83.8023452758789,100.0999984741211,101.33333587646484,99.26666259765625,101.33333587646484,657652
2011-04-04,UPL,83.99768829345703,100.33333587646484,101.13333129882812,99.69999694824219,100.4000015258789,982518
2011-04-05,UPL,84.69534301757812,101.16666412353516,101.5999984741211,98.86666870117188,101.0,1418113
2011-04-06,UPL,84.44418334960938,100.86666870117188,104.83333587646484,100.19999694824219,101.5999984741211,3131851
2011-04-07,UPL,86.28601837158203,103.06666564941406,103.96666717529297,100.33333587646484,101.5999984741211,2055100
2011-04-08,UPL,84.4162826538086,100.83333587646484,104.30000305175781,100.03333282470703,103.86666870117188,2369544
2011-04-11,UPL,83.74652862548828,100.03333282470703,101.76666259765625,99.80000305175781,101.76666259765625,1050273
2011-04-13,UPL,84.91861724853516,101.43333435058594,101.66666412353516,97.06666564941406,97.33333587646484,770512
2011-04-15,UPL,85.67208099365234,102.33333587646484,103.0,100.0,102.53333282470703,825513
2011-04-18,UPL,85.83950805664062,102.53333282470703,103.36666870117188,101.86666870117188,102.46666717529297,1385913
2011-04-19,UPL,87.62548065185547,104.66666412353516,105.46666717529297,102.03333282470703,103.23332977294922,1093759
2011-04-20,UPL,89.43939971923828,106.83333587646484,108.56666564941406,105.4000015258789,106.0,4257283
2011-04-21,UPL,89.74636840820312,107.19999694824219,108.26666259765625,106.53333282470703,108.0,1697667
2011-04-25,UPL,90.55563354492188,108.16666412353516,109.16666412353516,105.93333435058594,107.36666870117188,920272
2011-04-26,UPL,89.66264343261719,107.0999984741211,108.36666870117188,106.26666259765625,108.36666870117188,1372126
2011-04-27,UPL,90.24869537353516,107.80000305175781,108.5999984741211,106.9000015258789,107.86666870117188,2041990
2011-04-28,UPL,89.24406433105469,106.5999984741211,108.66666412353516,105.19999694824219,108.0999984741211,1832205
2011-04-29,UPL,84.44418334960938,100.86666870117188,107.19999694824219,99.19999694824219,107.19999694824219,3125608
2011-05-02,UPL,84.61162567138672,101.06666564941406,103.19999694824219,100.30000305175781,101.13333129882812,1375579
2011-05-03,UPL,83.63491821289062,99.9000015258789,102.0,97.26666259765625,102.0,1397604
2011-05-04,UPL,82.74193572998047,98.83333587646484,101.66666412353516,96.19999694824219,100.66666412353516,2606032
2011-05-05,UPL,87.1511001586914,104.0999984741211,105.86666870117188,97.46666717529297,99.83333587646484,4087135
2011-05-06,UPL,86.89994812011719,103.80000305175781,105.73332977294922,102.33333587646484,105.33333587646484,907582
2011-05-09,UPL,88.1278076171875,105.26666259765625,106.86666870117188,102.83333587646484,104.5,1213152
2011-05-10,UPL,88.65802001953125,105.9000015258789,106.66666412353516,104.5999984741211,106.5999984741211,893143
2011-05-11,UPL,89.77427673339844,107.23332977294922,107.83333587646484,105.66666412353516,106.0,3069507
2011-05-12,UPL,91.25330352783203,109.0,110.93333435058594,106.33333587646484,107.33333587646484,2122720
2011-05-13,UPL,94.21137237548828,112.53333282470703,114.19999694824219,107.19999694824219,108.66666412353516,5427153
2011-05-16,UPL,92.03467559814453,109.93333435058594,113.30000305175781,109.0,112.66666412353516,1365787
2011-05-17,UPL,93.62533569335938,111.83333587646484,113.0,108.16666412353516,109.06666564941406,1443810
2011-05-18,UPL,91.39283752441406,109.16666412353516,113.83333587646484,108.73332977294922,113.83333587646484,1176448
2011-05-19,UPL,91.28121185302734,109.03333282470703,111.66666412353516,107.86666870117188,110.86666870117188,458511
2011-05-20,UPL,91.36492156982422,109.13333129882812,110.43333435058594,108.06666564941406,109.5999984741211,674386
2011-05-23,UPL,91.95096588134766,109.83333587646484,110.36666870117188,108.03333282470703,108.80000305175781,710572
2011-05-24,UPL,89.49523162841797,106.9000015258789,110.0,106.33333587646484,109.96666717529297,1490055
2011-05-25,UPL,87.65340423583984,104.69999694824219,108.53333282470703,103.46666717529297,108.53333282470703,1060428
2011-05-26,UPL,89.99752044677734,107.5,108.0,103.46666717529297,105.66666412353516,876750
2011-05-27,UPL,90.44403076171875,108.03333282470703,108.66666412353516,106.73332977294922,107.66666412353516,624643
2011-05-30,UPL,88.01618194580078,105.13333129882812,109.66666412353516,104.69999694824219,108.5999984741211,1302693
2011-05-31,UPL,90.52774810791016,108.13333129882812,108.93333435058594,104.5999984741211,104.5999984741211,760149
2011-06-01,UPL,90.30448913574219,107.86666870117188,109.66666412353516,107.26666259765625,108.66666412353516,613066
2011-06-02,UPL,91.3370132446289,109.0999984741211,109.63333129882812,106.36666870117188,107.86666870117188,707458
2011-06-03,UPL,92.00677490234375,109.9000015258789,110.96666717529297,109.46666717529297,109.93333435058594,1131934
2011-06-06,UPL,89.21614837646484,106.56666564941406,110.43333435058594,105.96666717529297,109.93333435058594,1413423
2011-06-07,UPL,89.83008575439453,107.30000305175781,107.80000305175781,105.13333129882812,106.36666870117188,1271892
2011-06-08,UPL,89.16033935546875,106.5,108.0,105.36666870117188,105.36666870117188,620436
2011-06-09,UPL,87.62548065185547,104.66666412353516,107.46666717529297,104.26666259765625,106.66666412353516,953076
2011-06-10,UPL,86.67668151855469,103.53333282470703,105.33333587646484,102.33333587646484,104.83333587646484,684459
2011-06-13,UPL,88.7696533203125,106.03333282470703,106.33333587646484,102.33333587646484,102.69999694824219,808275
2011-06-14,UPL,89.43939971923828,106.83333587646484,107.16666412353516,105.13333129882812,107.16666412353516,503791
2011-06-15,UPL,89.02081298828125,106.33333587646484,107.93333435058594,104.73332977294922,106.33333587646484,1165765
2011-06-16,UPL,87.45806121826172,104.46666717529297,106.0,104.03333282470703,105.33333587646484,336037
2011-06-17,UPL,84.75115203857422,101.23332977294922,104.36666870117188,100.63333129882812,104.33333587646484,1079362
2011-06-20,UPL,81.5698471069336,97.43333435058594,101.33333587646484,94.23332977294922,101.26666259765625,1724062
2011-06-21,UPL,80.76058197021484,96.46666717529297,98.66666412353516,95.86666870117188,98.66666412353516,721632
2011-06-22,UPL,79.11410522460938,94.5,98.30000305175781,93.86666870117188,97.26666259765625,1000269
2011-06-23,UPL,80.9280014038086,96.66666412353516,97.5,93.66666412353516,93.66666412353516,1405225
2011-06-24,UPL,82.93727111816406,99.06666564941406,99.93333435058594,97.0,97.0,1697641
2011-06-27,UPL,86.31390380859375,103.0999984741211,103.5999984741211,96.73332977294922,97.53333282470703,1007325
2011-06-28,UPL,87.59758758544922,104.63333129882812,105.80000305175781,102.83333587646484,103.93333435058594,1728886
2011-06-29,UPL,87.06737518310547,104.0,106.4000015258789,103.53333282470703,106.4000015258789,962787
2011-06-30,UPL,85.2255630493164,101.80000305175781,105.86666870117188,100.76666259765625,104.76666259765625,3097257
2011-07-01,UPL,85.8674087524414,102.56666564941406,103.66666412353516,101.56666564941406,103.13333129882812,646626
2011-07-04,UPL,87.98828125,105.0999984741211,105.69999694824219,103.06666564941406,103.06666564941406,1730202
2011-07-05,UPL,87.90457153320312,105.0,106.5999984741211,104.33333587646484,106.5999984741211,1269529
2011-07-06,UPL,87.98828125,105.0999984741211,105.96666717529297,104.36666870117188,105.33333587646484,1891875
2011-07-07,UPL,88.60221862792969,105.83333587646484,107.19999694824219,105.16666412353516,105.93333435058594,3093543
2011-07-08,UPL,86.53715515136719,103.36666870117188,106.33333587646484,102.46666717529297,106.0,1766392
2011-07-11,UPL,86.89994812011719,103.80000305175781,104.96666717529297,102.16666412353516,103.33333587646484,571392
2011-07-12,UPL,84.10932159423828,100.46666717529297,104.13333129882812,99.5999984741211,102.13333129882812,1544878
2011-07-13,UPL,87.98828125,105.0999984741211,105.5999984741211,100.86666870117188,102.30000305175781,2695201
2011-07-14,UPL,86.69923400878906,102.30000305175781,105.13333129882812,102.03333282470703,105.13333129882812,1878534
2011-07-15,UPL,87.15121459960938,102.83333587646484,104.80000305175781,101.23332977294922,102.43333435058594,1496772
2011-07-18,UPL,86.64273834228516,102.23332977294922,104.46666717529297,97.66666412353516,103.93333435058594,588823
2011-07-19,UPL,86.72748565673828,102.33333587646484,103.33333587646484,101.0,103.33333587646484,697371
2011-07-20,UPL,85.9082260131836,101.36666870117188,103.33333587646484,100.83333587646484,103.33333587646484,895020
2011-07-21,UPL,85.11723327636719,100.43333435058594,101.9000015258789,99.36666870117188,101.9000015258789,883458
2011-07-22,UPL,87.06649017333984,102.73332977294922,103.26666259765625,100.30000305175781,101.26666259765625,723480
2011-07-25,UPL,87.40547180175781,103.13333129882812,104.86666870117188,101.69999694824219,101.69999694824219,1137409
2011-07-26,UPL,88.6202163696289,104.56666564941406,105.56666564941406,102.66666412353516,104.13333129882812,1885078
2011-07-27,UPL,92.23625183105469,108.83333587646484,110.33333587646484,104.46666717529297,105.0,4313941
2011-07-28,UPL,91.86898040771484,108.4000015258789,110.0,107.76666259765625,108.30000305175781,3937570
2011-07-29,UPL,93.93123626708984,110.83333587646484,111.9000015258789,107.66666412353516,108.0,3287991
2011-08-01,UPL,92.63172149658203,109.30000305175781,114.46666717529297,108.66666412353516,112.03333282470703,1511011
2011-08-02,UPL,90.54122161865234,106.83333587646484,111.83333587646484,106.36666870117188,109.5,1641694
2011-08-03,UPL,89.24172973632812,105.30000305175781,108.19999694824219,104.66666412353516,108.19999694824219,1263057
2011-08-04,UPL,87.82921600341797,103.63333129882812,108.66666412353516,101.69999694824219,105.33333587646484,1680174
2011-08-05,UPL,87.20773315429688,102.9000015258789,104.63333129882812,95.46666717529297,100.53333282470703,4041772
2011-08-08,UPL,85.76698303222656,101.19999694824219,103.4000015258789,98.66666412353516,99.36666870117188,1412139
2011-08-09,UPL,82.9137191772461,97.83333587646484,101.19999694824219,96.69999694824219,96.69999694824219,1184133
2011-08-10,UPL,85.4280014038086,100.80000305175781,103.36666870117188,98.80000305175781,101.16666412353516,1503867
2011-08-11,UPL,83.13973236083984,98.0999984741211,101.30000305175781,97.03333282470703,100.19999694824219,1970674
2011-08-12,UPL,82.17923736572266,96.96666717529297,99.86666870117188,96.16666412353516,98.69999694824219,1438519
2011-08-16,UPL,83.28096771240234,98.26666259765625,100.33333587646484,97.56666564941406,98.0,2313085
2011-08-17,UPL,83.39398193359375,98.4000015258789,101.33333587646484,95.9000015258789,101.26666259765625,1535974
2011-08-18,UPL,79.2129898071289,93.46666717529297,99.96666717529297,90.16666412353516,99.96666717529297,2645869
2011-08-19,UPL,79.38248443603516,93.66666412353516,95.66666412353516,90.26666259765625,92.0,2086512
2011-08-22,UPL,77.71571350097656,91.69999694824219,95.26666259765625,90.16666412353516,93.76666259765625,2590240
2011-08-23,UPL,76.86822509765625,90.69999694824219,93.4000015258789,90.36666870117188,92.0,2145169
2011-08-24,UPL,77.09423065185547,90.96666717529297,92.23332977294922,89.33333587646484,89.33333587646484,882049
2011-08-25,UPL,75.79473114013672,89.43333435058594,91.96666717529297,88.66666412353516,91.96666717529297,1520568
2011-08-26,UPL,76.81172180175781,90.63333129882812,91.80000305175781,89.19999694824219,89.26666259765625,1135054
2011-08-29,UPL,78.93048858642578,93.13333129882812,93.9000015258789,91.03333282470703,91.03333282470703,1673286
2011-08-30,UPL,82.20748901367188,97.0,98.03333282470703,93.4000015258789,95.80000305175781,2915232
2011-09-02,UPL,82.71599578857422,97.5999984741211,99.96666717529297,96.66666412353516,96.66666412353516,2694457
2011-09-05,UPL,81.21874237060547,95.83333587646484,97.46666717529297,95.43333435058594,97.30000305175781,531426
2011-09-06,UPL,84.9759750366211,100.26666259765625,101.33333587646484,95.0,96.0,2612848
2011-09-07,UPL,82.54647827148438,97.4000015258789,101.13333129882812,96.73332977294922,101.13333129882812,2292711
2011-09-08,UPL,84.32623291015625,99.5,100.53333282470703,97.0999984741211,97.0999984741211,1518832
2011-09-09,UPL,83.64823150634766,98.69999694824219,101.26666259765625,98.06666564941406,100.26666259765625,946627
2011-09-12,UPL,81.89673614501953,96.63333129882812,99.33333587646484,95.76666259765625,98.19999694824219,1488766
2011-09-13,UPL,81.52947998046875,96.19999694824219,98.4000015258789,95.93333435058594,97.46666717529297,663064
2011-09-14,UPL,82.292236328125,97.0999984741211,97.93333435058594,94.4000015258789,96.46666717529297,1195971
2011-09-15,UPL,83.958984375,99.06666564941406,99.33333587646484,97.36666870117188,98.16666412353516,1278040
2011-09-16,UPL,84.52396392822266,99.73332977294922,102.33333587646484,98.0999984741211,99.03333282470703,1378354
2011-09-19,UPL,83.5634765625,98.5999984741211,101.16666412353516,98.13333129882812,98.16666412353516,469896
2011-09-20,UPL,86.41673278808594,101.96666717529297,102.4000015258789,97.46666717529297,98.9000015258789,615837
2011-09-21,UPL,88.05522155761719,103.9000015258789,104.33333587646484,101.33333587646484,102.30000305175781,2027581
2011-09-22,UPL,82.23572540283203,97.03333282470703,103.93333435058594,95.26666259765625,102.53333282470703,1818073
2011-09-23,UPL,82.40522003173828,97.23332977294922,97.96666717529297,94.06666564941406,94.80000305175781,1058403
2011-09-26,UPL,79.4389877319336,93.73332977294922,97.80000305175781,92.33333587646484,97.33333587646484,1906383
2011-09-27,UPL,78.87397766113281,93.06666564941406,96.16666412353516,92.16666412353516,94.83333587646484,3092074
2011-09-28,UPL,78.19597625732422,92.26666259765625,94.46666717529297,91.0,93.33333587646484,1901814
2011-09-29,UPL,77.96998596191406,92.0,93.46666717529297,91.06666564941406,93.16666412353516,1106386
2011-09-30,UPL,77.80049133300781,91.80000305175781,94.46666717529297,91.33333587646484,92.63333129882812,810375
2011-10-03,UPL,76.41622924804688,90.16666412353516,91.80000305175781,89.36666870117188,91.80000305175781,826365
2011-10-04,UPL,72.82848358154297,85.93333435058594,90.66666412353516,85.4000015258789,89.96666717529297,2543763
2011-10-05,UPL,70.37074279785156,83.03333282470703,87.9000015258789,81.69999694824219,86.36666870117188,3387502
2011-10-07,UPL,72.46123504638672,85.5,86.56666564941406,84.16666412353516,84.19999694824219,1796608
2011-10-10,UPL,75.59697723388672,89.19999694824219,89.66666412353516,84.4000015258789,85.0,1893423
2011-10-11,UPL,74.86248016357422,88.33333587646484,91.13333129882812,87.73332977294922,89.33333587646484,1322355
2011-10-12,UPL,75.14497375488281,88.66666412353516,89.0999984741211,86.26666259765625,88.36666870117188,1154754
2011-10-13,UPL,75.70999145507812,89.33333587646484,90.80000305175781,88.73332977294922,89.03333282470703,728308
2011-10-14,UPL,81.24697875976562,95.86666870117188,97.30000305175781,88.43333435058594,89.4000015258789,2968986
2011-10-17,UPL,80.56897735595703,95.06666564941406,97.30000305175781,94.5999984741211,96.0,1154256
2011-10-18,UPL,80.8232192993164,95.36666870117188,96.0,92.5,93.56666564941406,819447
2011-10-19,UPL,82.09447479248047,96.86666870117188,100.86666870117188,95.66666412353516,97.30000305175781,3578596
2011-10-20,UPL,82.15098571777344,96.93333435058594,98.13333129882812,96.0999984741211,96.23332977294922,966210
2011-10-21,UPL,81.07747650146484,95.66666412353516,98.0999984741211,91.19999694824219,97.26666259765625,4653495
2011-10-24,UPL,80.56897735595703,95.06666564941406,98.33333587646484,93.83333587646484,95.96666717529297,1444657
2011-10-25,UPL,82.65947723388672,97.53333282470703,98.13333129882812,94.36666870117188,95.80000305175781,1343068
2011-10-28,UPL,83.93074035644531,99.03333282470703,101.26666259765625,98.53333282470703,98.53333282470703,1150671
2011-10-31,UPL,82.7724838256836,97.66666412353516,100.30000305175781,96.4000015258789,99.36666870117188,1335144
2011-11-01,UPL,82.68773651123047,97.56666564941406,99.0999984741211,96.73332977294922,97.66666412353516,365121
2011-11-02,UPL,81.41647338867188,96.06666564941406,97.93333435058594,95.13333129882812,95.13333129882812,613396
2011-11-03,UPL,82.71599578857422,97.5999984741211,98.69999694824219,95.33333587646484,95.33333587646484,843943
2011-11-04,UPL,83.36573791503906,98.36666870117188,99.16666412353516,96.66666412353516,98.56666564941406,585343
2011-11-08,UPL,83.64823150634766,98.69999694824219,99.56666564941406,97.33333587646484,99.0999984741211,271224
2011-11-09,UPL,85.08898162841797,100.4000015258789,103.33333587646484,98.0,103.33333587646484,1007872
2011-11-11,UPL,80.99272155761719,95.56666564941406,101.26666259765625,94.06666564941406,100.53333282470703,2398630
2011-11-14,UPL,79.32597351074219,93.5999984741211,97.5999984741211,92.86666870117188,96.03333282470703,756118
2011-11-15,UPL,76.9529800415039,90.80000305175781,94.53333282470703,89.66666412353516,93.33333587646484,1193400
2011-11-16,UPL,76.33147430419922,90.06666564941406,91.66666412353516,88.83333587646484,90.13333129882812,1025011
2011-11-17,UPL,77.20722198486328,91.0999984741211,93.63333129882812,89.19999694824219,89.76666259765625,1015615
2011-11-18,UPL,74.94723510742188,88.43333435058594,90.30000305175781,86.83333587646484,89.66666412353516,591280
2011-11-21,UPL,74.94723510742188,88.43333435058594,89.66666412353516,87.26666259765625,88.06666564941406,610209
2011-11-22,UPL,75.45573425292969,89.03333282470703,90.06666564941406,87.06666564941406,88.30000305175781,1127035
2011-11-23,UPL,70.65322875976562,83.36666870117188,89.33333587646484,82.66666412353516,89.06666564941406,2367445
2011-11-24,UPL,73.39347839355469,86.5999984741211,87.96666717529297,80.0,84.13333129882812,2717134
2011-11-25,UPL,73.4499740600586,86.66666412353516,88.96666717529297,85.36666870117188,85.5999984741211,3374938
2011-11-28,UPL,75.22972869873047,88.76666259765625,90.43333435058594,85.5,85.5,2055697
2011-11-29,UPL,74.8342514038086,88.30000305175781,91.53333282470703,87.53333282470703,89.0999984741211,1480807
2011-11-30,UPL,77.65923309326172,91.63333129882812,92.0999984741211,86.83333587646484,86.83333587646484,1529844
2011-12-01,UPL,79.49546813964844,93.80000305175781,95.43333435058594,91.36666870117188,93.26666259765625,2582139
2011-12-02,UPL,77.51798248291016,91.46666717529297,95.66666412353516,90.86666870117188,93.4000015258789,3485226
2011-12-05,UPL,74.3822250366211,87.76666259765625,91.33333587646484,87.0999984741211,90.5,4020087
2011-12-07,UPL,75.031982421875,88.53333282470703,90.53333282470703,87.76666259765625,87.76666259765625,4266597
2011-12-08,UPL,76.9529800415039,90.80000305175781,91.56666564941406,88.19999694824219,88.66666412353516,1794486
2011-12-09,UPL,74.86248016357422,88.33333587646484,90.5999984741211,86.0,89.96666717529297,1188228
2011-12-12,UPL,75.25797271728516,88.80000305175781,90.26666259765625,88.36666870117188,88.66666412353516,1411659
2011-12-13,UPL,75.1167221069336,88.63333129882812,89.63333129882812,87.03333282470703,88.0,1065928
2011-12-14,UPL,74.29749298095703,87.66666412353516,93.26666259765625,86.83333587646484,91.96666717529297,707623
2011-12-15,UPL,74.74948120117188,88.19999694824219,89.86666870117188,85.5,86.66666412353516,2416086
2011-12-16,UPL,75.8512191772461,89.5,91.5999984741211,86.83333587646484,88.66666412353516,1940032
2011-12-19,UPL,75.3144760131836,88.86666870117188,89.56666564941406,87.33333587646484,89.53333282470703,544162
2011-12-20,UPL,74.72122955322266,88.16666412353516,89.9000015258789,87.16666412353516,88.06666564941406,679365
2011-12-21,UPL,73.87374114990234,87.16666412353516,89.83333587646484,85.76666259765625,89.46666717529297,1361845
2011-12-22,UPL,74.0432357788086,87.36666870117188,88.4000015258789,85.46666717529297,87.33333587646484,1464712
2011-12-23,UPL,75.76648712158203,89.4000015258789,89.69999694824219,87.5,87.93333435058594,694533
2011-12-26,UPL,75.14497375488281,88.66666412353516,90.73332977294922,88.33333587646484,90.0,881383
2011-12-27,UPL,74.46697235107422,87.86666870117188,89.86666870117188,87.0,89.13333129882812,555048
2011-12-28,UPL,72.94148254394531,86.06666564941406,89.26666259765625,85.73332977294922,87.0999984741211,801000
2011-12-29,UPL,70.85098266601562,83.5999984741211,86.69999694824219,82.5,85.4000015258789,1628544
2011-12-30,UPL,71.69847106933594,84.5999984741211,85.33333587646484,82.73332977294922,82.73332977294922,564936
2012-01-02,UPL,71.75497436523438,84.66666412353516,86.4000015258789,84.30000305175781,84.96666717529297,550665
2012-01-03,UPL,73.98674774169922,87.30000305175781,88.0,84.86666870117188,85.19999694824219,857586
2012-01-04,UPL,74.636474609375,88.06666564941406,89.30000305175781,84.69999694824219,84.69999694824219,852489
2012-01-05,UPL,75.00373840332031,88.5,89.80000305175781,86.93333435058594,86.93333435058594,1119879
2012-01-06,UPL,75.031982421875,88.53333282470703,88.9000015258789,87.33333587646484,87.33333587646484,354655
2012-01-09,UPL,77.34846496582031,91.26666259765625,92.0,89.03333282470703,90.80000305175781,1568484
2012-01-10,UPL,82.09447479248047,96.86666870117188,97.5999984741211,91.80000305175781,91.80000305175781,2546311
2012-01-11,UPL,81.24697875976562,95.86666870117188,98.33333587646484,95.13333129882812,97.26666259765625,2143989
2012-01-12,UPL,79.86273193359375,94.23332977294922,95.83333587646484,92.36666870117188,95.83333587646484,1562722
2012-01-13,UPL,77.63098907470703,91.5999984741211,95.19999694824219,90.73332977294922,93.43333435058594,1677085
2012-01-16,UPL,75.62521362304688,89.23332977294922,91.13333129882812,89.0,91.13333129882812,1182921
2012-01-17,UPL,78.56322479248047,92.69999694824219,93.26666259765625,89.33333587646484,89.36666870117188,1492654
2012-01-18,UPL,77.17898559570312,91.06666564941406,93.36666870117188,89.5,93.36666870117188,3108036
2012-01-19,UPL,80.56897735595703,95.06666564941406,95.46666717529297,92.03333282470703,92.33333587646484,1628464
2012-01-20,UPL,80.48423767089844,94.96666717529297,96.80000305175781,93.33333587646484,96.5,563382
2012-01-23,UPL,79.0999755859375,93.33333587646484,95.33333587646484,92.83333587646484,94.83333587646484,256536
2012-01-24,UPL,79.12821197509766,93.36666870117188,93.93333435058594,92.43333435058594,93.4000015258789,455218
2012-01-25,UPL,80.9644775390625,95.53333282470703,96.80000305175781,93.66666412353516,94.03333282470703,1093861
2012-01-27,UPL,84.5522232055664,99.76666259765625,100.4000015258789,93.43333435058594,96.0999984741211,2307333
2012-01-30,UPL,81.21874237060547,95.83333587646484,102.30000305175781,95.36666870117188,100.0,4058173
2012-01-31,UPL,83.39398193359375,98.4000015258789,98.93333435058594,96.0,96.0,1207075
2012-02-01,UPL,82.94197082519531,97.86666870117188,100.06666564941406,96.80000305175781,100.06666564941406,1687219
2012-02-02,UPL,81.9532241821289,96.69999694824219,100.0,95.86666870117188,98.33333587646484,1476043
2012-02-03,UPL,83.16797637939453,98.13333129882812,98.63333129882812,97.0,97.0,1800147
2012-02-06,UPL,84.83473205566406,100.0999984741211,102.30000305175781,98.53333282470703,99.36666870117188,2424291
2012-02-07,UPL,83.08322143554688,98.03333282470703,101.5,97.23332977294922,100.0999984741211,1089318
2012-02-08,UPL,84.43921661376953,99.63333129882812,100.30000305175781,98.0,98.03333282470703,625317
2012-02-09,UPL,85.08898162841797,100.4000015258789,101.13333129882812,98.5,98.83333587646484,875772
2012-02-10,UPL,85.31497955322266,100.66666412353516,102.73332977294922,99.4000015258789,100.03333282470703,1560691
2012-02-13,UPL,86.7557144165039,102.36666870117188,102.66666412353516,99.5,102.0,1013128
2012-02-14,UPL,89.10047912597656,105.13333129882812,106.06666564941406,101.0,102.63333129882812,2780109
2012-02-15,UPL,90.93672180175781,107.30000305175781,109.9000015258789,105.03333282470703,105.30000305175781,2697214
2012-02-16,UPL,94.52447509765625,111.53333282470703,112.66666412353516,105.0999984741211,108.66666412353516,1539210
2012-02-17,UPL,91.04972839355469,107.43333435058594,113.56666564941406,106.33333587646484,112.0,4794766
2012-02-21,UPL,89.29822540283203,105.36666870117188,108.30000305175781,104.86666870117188,107.86666870117188,1360840
2012-02-22,UPL,85.5692367553711,100.96666717529297,105.9000015258789,98.5999984741211,105.9000015258789,3441057
2012-02-23,UPL,86.41673278808594,101.96666717529297,105.86666870117188,97.63333129882812,100.4000015258789,3587457
2012-02-24,UPL,83.05498504638672,98.0,103.30000305175781,96.66666412353516,102.26666259765625,2188050
2012-02-27,UPL,81.27522277832031,95.9000015258789,99.0999984741211,94.26666259765625,98.36666870117188,2185992
2012-02-28,UPL,83.28096771240234,98.26666259765625,99.93333435058594,95.4000015258789,96.36666870117188,1569925
2012-02-29,UPL,88.05522155761719,103.9000015258789,104.5999984741211,99.0,99.0,2789011
2012-03-01,UPL,80.22997283935547,94.66666412353516,104.66666412353516,91.4000015258789,103.33333587646484,8776903
2012-03-02,UPL,76.72697448730469,90.53333282470703,96.0,90.0999984741211,96.0,12830739
2012-03-05,UPL,76.19023895263672,89.9000015258789,91.66666412353516,89.06666564941406,91.5,3493930
2012-03-06,UPL,77.34846496582031,91.26666259765625,93.23332977294922,89.0,89.9000015258789,5757844
2012-03-07,UPL,77.46148681640625,91.4000015258789,92.53333282470703,89.69999694824219,90.73332977294922,3559653
2012-03-09,UPL,77.20722198486328,91.0999984741211,92.76666259765625,90.66666412353516,91.0,3233752
2012-03-12,UPL,76.78346252441406,90.5999984741211,93.23332977294922,89.56666564941406,90.5,2395173
2012-03-13,UPL,76.86822509765625,90.69999694824219,92.26666259765625,90.19999694824219,90.96666717529297,2041816
2012-03-14,UPL,77.3767318725586,91.30000305175781,92.0,90.66666412353516,91.33333587646484,1365846
2012-03-15,UPL,75.0884780883789,88.5999984741211,91.96666717529297,88.19999694824219,91.26666259765625,2703249
2012-03-16,UPL,75.76648712158203,89.4000015258789,90.96666717529297,88.0,88.0,2555815
2012-03-19,UPL,74.8342514038086,88.30000305175781,89.96666717529297,87.33333587646484,89.33333587646484,1089403
2012-03-20,UPL,74.0149917602539,87.33333587646484,89.30000305175781,86.0,88.69999694824219,2619019
2012-03-21,UPL,75.1167221069336,88.63333129882812,89.26666259765625,86.16666412353516,86.66666412353516,2105938
2012-03-22,UPL,73.78897094726562,87.06666564941406,90.63333129882812,86.66666412353516,89.26666259765625,2484196
2012-03-23,UPL,75.1167221069336,88.63333129882812,89.0,86.83333587646484,88.46666717529297,1787724
2012-03-26,UPL,73.33699035644531,86.53333282470703,89.19999694824219,85.73332977294922,89.19999694824219,1972840
2012-03-27,UPL,73.19573211669922,86.36666870117188,88.93333435058594,85.86666870117188,88.93333435058594,2991771
2012-03-28,UPL,72.80023193359375,85.9000015258789,87.86666870117188,85.4000015258789,87.66666412353516,1923820
2012-03-29,UPL,71.9527359008789,84.9000015258789,87.13333129882812,83.5,87.13333129882812,4114818
2012-03-30,UPL,73.50646209716797,86.73332977294922,87.53333282470703,85.23332977294922,85.69999694824219,2032326
2012-04-02,UPL,74.69297790527344,88.13333129882812,89.56666564941406,86.33333587646484,86.66666412353516,6884691
2012-04-03,UPL,77.94283294677734,90.63333129882812,91.16666412353516,88.0999984741211,88.86666870117188,2717944
2012-04-04,UPL,77.05419921875,89.5999984741211,91.0,89.33333587646484,89.96666717529297,777297
2012-04-09,UPL,76.62419128417969,89.0999984741211,89.86666870117188,87.0999984741211,89.86666870117188,2302327
2012-04-10,UPL,75.96488952636719,88.33333587646484,89.76666259765625,87.63333129882812,89.36666870117188,640923
2012-04-11,UPL,75.10491180419922,87.33333587646484,88.30000305175781,86.86666870117188,86.86666870117188,878839
2012-04-12,UPL,75.1335678100586,87.36666870117188,88.19999694824219,86.80000305175781,87.53333282470703,2051068
2012-04-13,UPL,73.6716079711914,85.66666412353516,88.33333587646484,85.16666412353516,88.0999984741211,1570459
2012-04-16,UPL,72.7542953491211,84.5999984741211,85.96666717529297,84.19999694824219,85.69999694824219,1529298
2012-04-17,UPL,72.782958984375,84.63333129882812,85.5,84.0,84.69999694824219,2550174
2012-04-18,UPL,72.46762084960938,84.26666259765625,85.66666412353516,84.03333282470703,85.19999694824219,1691317
2012-04-19,UPL,73.38494110107422,85.33333587646484,86.13333129882812,84.19999694824219,84.56666564941406,2607993
2012-04-20,UPL,73.38494110107422,85.33333587646484,86.26666259765625,84.5,86.26666259765625,2734405
2012-04-23,UPL,73.2416000366211,85.16666412353516,86.30000305175781,84.69999694824219,85.33333587646484,1428441
2012-04-24,UPL,68.79838562011719,80.0,83.46666717529297,79.19999694824219,82.0,7941748
2012-04-25,UPL,69.05638122558594,80.30000305175781,81.13333129882812,79.4000015258789,80.4000015258789,1218696
2012-04-26,UPL,64.75647735595703,75.30000305175781,80.53333282470703,74.86666870117188,80.23332977294922,7741713
2012-04-27,UPL,62.83586502075195,73.06666564941406,77.46666717529297,72.0,75.69999694824219,5228290
2012-04-30,UPL,66.67709350585938,77.53333282470703,77.93333435058594,74.86666870117188,76.5,8370486
2012-05-02,UPL,68.855712890625,80.06666564941406,80.56666564941406,78.33333587646484,78.46666717529297,6034903
2012-05-03,UPL,72.86894226074219,84.73332977294922,85.80000305175781,79.36666870117188,79.36666870117188,6585682
2012-05-04,UPL,68.76972198486328,79.96666717529297,86.86666870117188,77.19999694824219,85.0,7738467
2012-05-07,UPL,68.42572784423828,79.56666564941406,80.36666870117188,74.80000305175781,80.33333587646484,9192774
2012-05-08,UPL,69.25703430175781,80.53333282470703,82.43333435058594,79.16666412353516,80.96666717529297,2626954
2012-05-09,UPL,66.84909057617188,77.73332977294922,80.13333129882812,76.03333282470703,80.13333129882812,2229549
2012-05-10,UPL,68.6550521850586,79.83333587646484,81.16666412353516,77.86666870117188,77.9000015258789,1872256
2012-05-11,UPL,68.33973693847656,79.46666717529297,80.43333435058594,77.33333587646484,80.26666259765625,1017880
2012-05-14,UPL,68.05306243896484,79.13333129882812,80.43333435058594,77.4000015258789,78.13333129882812,1022172
2012-05-15,UPL,66.01777648925781,76.76666259765625,80.0,75.06666564941406,80.0,1613553
2012-05-16,UPL,66.8204345703125,77.69999694824219,78.5999984741211,75.53333282470703,76.0,1056378
2012-05-17,UPL,69.3717041015625,80.66666412353516,81.33333587646484,78.16666412353516,78.16666412353516,1771132
2012-05-18,UPL,67.79508972167969,78.83333587646484,79.83333587646484,78.0,79.63333129882812,1362168
2012-05-21,UPL,66.99242401123047,77.9000015258789,80.53333282470703,77.5,79.86666870117188,1007973
2012-05-22,UPL,66.53377532958984,77.36666870117188,79.86666870117188,77.0,78.13333129882812,1651227
2012-05-23,UPL,66.59110260009766,77.43333435058594,78.43333435058594,76.80000305175781,77.33333587646484,691219
2012-05-24,UPL,65.84579467773438,76.56666564941406,78.5,76.33333587646484,77.69999694824219,929577
2012-05-25,UPL,65.64512634277344,76.33333587646484,77.5999984741211,75.86666870117188,77.19999694824219,602164
2012-05-28,UPL,66.8204345703125,77.69999694824219,78.16666412353516,76.30000305175781,76.76666259765625,798465
2012-05-29,UPL,66.73443603515625,77.5999984741211,78.23332977294922,77.0,78.23332977294922,626883
2012-05-30,UPL,65.30113220214844,75.93333435058594,77.66666412353516,73.5999984741211,77.66666412353516,2851642
2012-05-31,UPL,63.495174407958984,73.83333587646484,75.80000305175781,73.16666412353516,75.43333435058594,2927797
2012-06-01,UPL,61.775211334228516,71.83333587646484,75.23332977294922,70.73332977294922,74.06666564941406,1238580
2012-06-04,UPL,63.15118408203125,73.43333435058594,73.80000305175781,69.4000015258789,71.63333129882812,1523161
2012-06-05,UPL,64.24049377441406,74.69999694824219,75.0,73.43333435058594,73.76666259765625,1091823
2012-06-06,UPL,65.35846710205078,76.0,76.33333587646484,74.76666259765625,74.76666259765625,2457394
2012-06-07,UPL,64.81381225585938,75.36666870117188,77.26666259765625,75.16666412353516,76.36666870117188,1937707
2012-06-08,UPL,64.03983306884766,74.46666717529297,76.13333129882812,70.66666412353516,70.66666412353516,753561
2012-06-11,UPL,64.32647705078125,74.80000305175781,76.26666259765625,74.43333435058594,76.0,3189475
2012-06-12,UPL,64.81381225585938,75.36666870117188,76.0,74.0,74.5,1389090
2012-06-13,UPL,65.35846710205078,76.0,76.9000015258789,74.73332977294922,75.53333282470703,1022620
2012-06-14,UPL,64.89981079101562,75.46666717529297,76.83333587646484,75.13333129882812,76.56666564941406,522066
2012-06-15,UPL,64.92845153808594,75.5,75.86666870117188,74.66666412353516,75.66666412353516,532669
2012-06-18,UPL,65.0718002319336,75.66666412353516,77.06666564941406,75.0,75.83333587646484,1281370
2012-06-19,UPL,64.81381225585938,75.36666870117188,75.73332977294922,75.26666259765625,75.73332977294922,338193
2012-06-20,UPL,65.0718002319336,75.66666412353516,76.33333587646484,75.33333587646484,75.46666717529297,679467
2012-06-21,UPL,65.3298110961914,75.96666717529297,76.4000015258789,75.36666870117188,75.66666412353516,559905
2012-06-22,UPL,65.35846710205078,76.0,76.5,74.69999694824219,75.4000015258789,741670
2012-06-25,UPL,65.35846710205078,76.0,76.46666717529297,75.66666412353516,76.0,1167961
2012-06-26,UPL,67.70906829833984,78.73332977294922,79.33333587646484,75.46666717529297,76.33333587646484,3691954
2012-06-27,UPL,70.80500793457031,82.33333587646484,82.93333435058594,79.23332977294922,79.73332977294922,4545427
2012-06-28,UPL,70.0883560180664,81.5,85.83333587646484,80.73332977294922,83.30000305175781,6513226
2012-06-29,UPL,72.18096160888672,83.93333435058594,84.19999694824219,82.0,82.0,1368153
2012-07-02,UPL,71.37831115722656,83.0,84.66666412353516,81.93333435058594,84.46666717529297,1088593
2012-07-03,UPL,72.72562408447266,84.56666564941406,85.33333587646484,82.76666259765625,83.33333587646484,1034107
2012-07-04,UPL,73.0982666015625,85.0,86.46666717529297,84.56666564941406,84.86666870117188,2038381
2012-07-05,UPL,73.21294403076172,85.13333129882812,85.63333129882812,84.19999694824219,85.30000305175781,704002
2012-07-06,UPL,71.95164489746094,83.66666412353516,85.33333587646484,83.33333587646484,85.33333587646484,695268
2012-07-09,UPL,69.68704223632812,81.03333282470703,83.76666259765625,80.76666259765625,82.69999694824219,853462
2012-07-10,UPL,70.31767272949219,81.76666259765625,82.43333435058594,80.26666259765625,81.06666564941406,1303398
2012-07-11,UPL,69.8876953125,81.26666259765625,82.93333435058594,81.06666564941406,81.76666259765625,908872
2012-07-12,UPL,69.30037689208984,80.26666259765625,81.76666259765625,79.9000015258789,81.03333282470703,870802
2012-07-13,UPL,70.16375732421875,81.26666259765625,82.4000015258789,80.06666564941406,80.36666870117188,977125
2012-07-16,UPL,70.62422943115234,81.80000305175781,82.03333282470703,80.9000015258789,81.69999694824219,1146913
2012-07-17,UPL,70.94080352783203,82.16666412353516,83.73332977294922,81.4000015258789,81.76666259765625,2016075
2012-07-18,UPL,71.68905639648438,83.03333282470703,83.33333587646484,81.73332977294922,82.9000015258789,682218
2012-07-19,UPL,70.79689025878906,82.0,83.96666717529297,81.73332977294922,83.33333587646484,652566
2012-07-20,UPL,71.45882415771484,82.76666259765625,84.5999984741211,81.19999694824219,82.13333129882812,1811961
2012-07-23,UPL,70.1925277709961,81.30000305175781,82.83333587646484,77.86666870117188,82.76666259765625,1844164
2012-07-24,UPL,71.40126037597656,82.69999694824219,83.5,80.93333435058594,82.0,1752988
2012-07-25,UPL,70.0774154663086,81.16666412353516,83.66666412353516,80.66666412353516,83.66666412353516,1930558
2012-07-26,UPL,69.07015228271484,80.0,81.93333435058594,79.69999694824219,81.76666259765625,1576818
2012-07-27,UPL,69.96231079101562,81.03333282470703,82.30000305175781,79.56666564941406,80.86666870117188,1127352
2012-07-30,UPL,69.32916259765625,80.30000305175781,81.9000015258789,79.46666717529297,81.9000015258789,777151
2012-07-31,UPL,69.01258087158203,79.93333435058594,80.80000305175781,79.36666870117188,80.80000305175781,745941
2012-08-01,UPL,69.67451477050781,80.69999694824219,81.0999984741211,79.69999694824219,80.26666259765625,1019341
2012-08-02,UPL,69.32916259765625,80.30000305175781,81.16666412353516,79.96666717529297,80.96666717529297,616902
2012-08-03,UPL,69.01258087158203,79.93333435058594,80.46666717529297,79.69999694824219,79.69999694824219,319443
2012-08-06,UPL,69.18526458740234,80.13333129882812,81.19999694824219,79.9000015258789,81.19999694824219,233244
2012-08-07,UPL,69.93352508544922,81.0,82.26666259765625,80.0,80.23332977294922,648513
2012-08-08,UPL,69.67451477050781,80.69999694824219,81.66666412353516,80.43333435058594,81.19999694824219,523822
2012-08-09,UPL,68.78235626220703,79.66666412353516,81.16666412353516,79.46666717529297,80.93333435058594,125848
2012-08-10,UPL,69.0413589477539,79.96666717529297,80.9000015258789,79.0,79.73332977294922,694192
2012-08-13,UPL,69.09893035888672,80.03333282470703,80.46666717529297,79.46666717529297,80.33333587646484,403444
2012-08-14,UPL,69.41549682617188,80.4000015258789,80.9000015258789,79.93333435058594,80.5999984741211,495282
2012-08-16,UPL,67.08438110351562,77.69999694824219,80.66666412353516,77.43333435058594,80.53333282470703,1301613
2012-08-17,UPL,66.22098541259766,76.69999694824219,78.0,76.30000305175781,77.76666259765625,1216566
2012-08-21,UPL,64.20645904541016,74.36666870117188,76.96666717529297,74.16666412353516,76.9000015258789,1656943
2012-08-22,UPL,62.47970962524414,72.36666870117188,75.63333129882812,71.13333129882812,74.66666412353516,2656065
2012-08-23,UPL,63.976226806640625,74.0999984741211,75.5999984741211,72.46666717529297,73.06666564941406,2266150
2012-08-24,UPL,65.35762786865234,75.69999694824219,76.63333129882812,73.36666870117188,74.0,1912876
2012-08-27,UPL,66.3073501586914,76.80000305175781,77.43333435058594,75.56666564941406,76.33333587646484,1508758
2012-08-28,UPL,66.7390365600586,77.30000305175781,78.03333282470703,76.0,77.46666717529297,2045178
2012-08-29,UPL,66.9692611694336,77.56666564941406,78.66666412353516,76.56666564941406,77.4000015258789,2014489
2012-08-30,UPL,68.78235626220703,79.66666412353516,79.93333435058594,77.13333129882812,78.03333282470703,1695730
2012-08-31,UPL,68.83991241455078,79.73332977294922,80.0,78.26666259765625,79.66666412353516,861654
2012-09-03,UPL,68.72478485107422,79.5999984741211,81.30000305175781,79.13333129882812,80.63333129882812,970527
2012-09-04,UPL,69.0413589477539,79.96666717529297,80.30000305175781,79.06666564941406,80.06666564941406,420136
2012-09-05,UPL,69.32916259765625,80.30000305175781,82.06666564941406,79.73332977294922,79.73332977294922,1772172
2012-09-06,UPL,70.0774154663086,81.16666412353516,81.76666259765625,80.4000015258789,80.4000015258789,792214
2012-09-07,UPL,69.4730453491211,80.46666717529297,82.5999984741211,79.9000015258789,82.33333587646484,1997823
2012-09-10,UPL,70.5954360961914,81.76666259765625,82.63333129882812,80.83333587646484,80.96666717529297,586023
2012-09-11,UPL,71.34371185302734,82.63333129882812,83.19999694824219,81.5999984741211,81.83333587646484,642729
2012-09-12,UPL,71.1998062133789,82.46666717529297,83.66666412353516,82.0,83.0999984741211,405093
2012-09-13,UPL,71.57394409179688,82.9000015258789,83.5999984741211,81.03333282470703,82.66666412353516,2001805
2012-09-14,UPL,71.48760223388672,82.80000305175781,84.46666717529297,82.03333282470703,82.69999694824219,1116087
2012-09-17,UPL,73.96261596679688,85.66666412353516,86.96666717529297,82.46666717529297,83.16666412353516,1393408
2012-09-18,UPL,74.79721069335938,86.63333129882812,89.53333282470703,85.9000015258789,86.0,2070624
2012-09-20,UPL,73.70361328125,85.36666870117188,87.13333129882812,84.56666564941406,86.5999984741211,1500904
2012-09-21,UPL,75.37281036376953,87.30000305175781,87.5999984741211,86.03333282470703,86.30000305175781,843937
2012-09-24,UPL,73.1855697631836,84.76666259765625,87.56666564941406,84.33333587646484,87.5,1206466
2012-09-25,UPL,72.20708465576172,83.63333129882812,84.83333587646484,83.16666412353516,84.83333587646484,435469
2012-09-26,UPL,71.57394409179688,82.9000015258789,84.33333587646484,82.36666870117188,83.36666870117188,868375
2012-09-27,UPL,73.76116180419922,85.4333267211914,86.19999694824219,83.33333587646484,83.56666564941406,921142
2012-09-28,UPL,75.77571868896484,87.76666259765625,88.33333587646484,86.13333129882812,86.36666870117188,1328880
2012-10-01,UPL,75.94839477539062,87.96666717529297,88.5999984741211,86.80000305175781,88.36666870117188,658608
2012-10-03,UPL,76.29374694824219,88.36666870117188,90.0,87.33333587646484,88.13333129882812,966184
2012-10-04,UPL,75.77571868896484,87.76666259765625,89.53333282470703,87.36666870117188,88.80000305175781,558483
2012-10-05,UPL,76.46642303466797,88.5666732788086,89.0999984741211,85.76666259765625,88.03333282470703,989248
2012-10-08,UPL,75.63180541992188,87.59999084472656,88.93333435058594,87.0,88.86666870117188,698379
2012-10-09,UPL,75.43035888671875,87.36666870117188,89.5,86.69999694824219,88.0,1661155
2012-10-10,UPL,72.20708465576172,83.63333129882812,87.69999694824219,83.0999984741211,87.69999694824219,1203217
2012-10-11,UPL,72.66754913330078,84.16666412353516,85.19999694824219,83.06666564941406,84.0,1396461
2012-10-12,UPL,71.22857666015625,82.5,84.66666412353516,82.06666564941406,84.66666412353516,675312
2012-10-15,UPL,72.43731689453125,83.9000015258789,84.19999694824219,80.06666564941406,81.96666717529297,1863361
2012-10-16,UPL,70.99833679199219,82.23332977294922,84.63333129882812,81.9000015258789,83.9000015258789,765880
2012-10-17,UPL,69.58817291259766,80.5999984741211,83.23332977294922,80.43333435058594,82.33333587646484,767602
2012-10-18,UPL,69.21401977539062,80.16666412353516,81.86666870117188,79.73332977294922,81.73332977294922,833284
2012-10-19,UPL,68.2931137084961,79.0999984741211,81.0,78.83333587646484,80.19999694824219,1216555
2012-10-22,UPL,67.14192199707031,77.76666259765625,79.56666564941406,77.43333435058594,78.9000015258789,1937413
2012-10-23,UPL,68.14922332763672,78.93333435058594,79.30000305175781,72.13333129882812,79.13333129882812,5810553
2012-10-25,UPL,68.35064697265625,79.16666412353516,81.66666412353516,78.36666870117188,79.4000015258789,4046595
2012-10-29,UPL,67.9189682006836,78.66666412353516,80.63333129882812,78.03333282470703,80.63333129882812,1848880
2012-10-30,UPL,66.76781463623047,77.33333587646484,79.03333282470703,76.83333587646484,78.69999694824219,1743768
2012-10-31,UPL,65.67418670654297,76.06666564941406,78.33333587646484,75.76666259765625,77.73332977294922,1923363
2012-11-01,UPL,67.40094757080078,78.06666564941406,78.43333435058594,75.30000305175781,76.06666564941406,1789518
2012-11-02,UPL,67.77509307861328,78.5,79.9000015258789,78.0,78.06666564941406,1570575
2012-11-05,UPL,68.00531005859375,78.76666259765625,79.0,77.46666717529297,78.66666412353516,1209312
2012-11-06,UPL,68.26433563232422,79.06666564941406,80.13333129882812,78.23332977294922,78.66666412353516,2137857
2012-11-07,UPL,68.5233383178711,79.36666870117188,79.96666717529297,78.93333435058594,79.93333435058594,1067697
2012-11-08,UPL,67.19950866699219,77.83333587646484,78.86666870117188,67.69999694824219,77.66666412353516,999781
2012-11-09,UPL,65.24251556396484,75.56666564941406,78.33333587646484,75.36666870117188,77.73332977294922,2373139
2012-11-12,UPL,63.71720886230469,73.80000305175781,76.33333587646484,73.19999694824219,75.33333587646484,2993406
2012-11-15,UPL,62.96895217895508,72.93333435058594,74.16666412353516,71.66666412353516,72.76666259765625,4022827
2012-11-16,UPL,65.01227569580078,75.30000305175781,76.43333435058594,72.93333435058594,73.23332977294922,3804598
2012-11-19,UPL,65.87564849853516,76.30000305175781,76.86666870117188,75.03333282470703,75.53333282470703,2897247
2012-11-20,UPL,64.69570922851562,74.93333435058594,77.19999694824219,74.33333587646484,76.69999694824219,2801955
2012-11-21,UPL,63.314308166503906,73.33333587646484,75.06666564941406,72.46666717529297,74.13333129882812,4010485
2012-11-22,UPL,63.314308166503906,73.33333587646484,74.30000305175781,73.33333587646484,73.66666412353516,1092996
2012-11-23,UPL,63.91866683959961,74.03333282470703,74.4000015258789,73.36666870117188,73.66666412353516,1619104
2012-11-26,UPL,63.34307098388672,73.36666870117188,74.93333435058594,72.33333587646484,72.33333587646484,4005364
2012-11-27,UPL,64.14891052246094,74.30000305175781,75.33333587646484,73.36666870117188,74.0,2454736
2012-11-29,UPL,65.81810760498047,76.23332977294922,76.5999984741211,74.30000305175781,74.66666412353516,3937681
2012-11-30,UPL,67.80386352539062,78.53333282470703,81.0999984741211,75.93333435058594,76.63333129882812,31764378
2012-12-03,UPL,72.1207504272461,83.53333282470703,84.5,79.33333587646484,79.33333587646484,6453273
2012-12-04,UPL,71.40126037597656,82.69999694824219,84.66666412353516,82.03333282470703,84.0999984741211,5336433
2012-12-05,UPL,70.79689025878906,82.0,83.9000015258789,81.69999694824219,82.83333587646484,3048871
2012-12-06,UPL,70.94080352783203,82.16666412353516,82.86666870117188,80.53333282470703,82.83333587646484,4076605
2012-12-07,UPL,73.2431411743164,84.83333587646484,85.73332977294922,81.69999694824219,82.66666412353516,6444063
2012-12-10,UPL,73.21435546875,84.80000305175781,86.63333129882812,84.26666259765625,85.86666870117188,3366628
2012-12-11,UPL,71.71782684326172,83.06666564941406,85.80000305175781,81.66666412353516,85.30000305175781,2966193
2012-12-12,UPL,70.79689025878906,82.0,83.86666870117188,81.4000015258789,83.53333282470703,2363716
2012-12-13,UPL,72.32219696044922,83.76666259765625,84.4000015258789,82.0999984741211,82.66666412353516,4712368
2012-12-14,UPL,72.06318664550781,83.46666717529297,84.26666259765625,83.0,84.26666259765625,1407538
2012-12-17,UPL,72.40853881835938,83.86666870117188,85.56666564941406,83.06666564941406,83.73332977294922,2602729
2012-12-18,UPL,71.45882415771484,82.76666259765625,84.46666717529297,82.0,84.46666717529297,1573113
2012-12-19,UPL,71.83295440673828,83.19999694824219,83.5999984741211,82.06666564941406,82.96666717529297,1804263
2012-12-20,UPL,72.17829895019531,83.5999984741211,85.13333129882812,82.9000015258789,83.36666870117188,2028772
2012-12-21,UPL,70.91203308105469,82.13333129882812,83.86666870117188,81.9000015258789,83.86666870117188,1171777
2012-12-24,UPL,70.88323211669922,82.0999984741211,82.96666717529297,81.80000305175781,82.66666412353516,683587
2012-12-26,UPL,71.37247467041016,82.66666412353516,83.13333129882812,82.0,82.53333282470703,848883
2012-12-27,UPL,71.0846939086914,82.33333587646484,84.13333129882812,80.76666259765625,82.66666412353516,5478573
2012-12-28,UPL,74.16407012939453,85.9000015258789,86.26666259765625,83.4000015258789,84.06666564941406,3747471
2012-12-31,UPL,74.94110870361328,86.80000305175781,88.30000305175781,86.0999984741211,86.5999984741211,3815073
2013-01-01,UPL,76.20738220214844,88.26666259765625,88.56666564941406,87.16666412353516,87.16666412353516,1945551
2013-01-02,UPL,75.80448913574219,87.80000305175781,89.16666412353516,86.86666870117188,88.63333129882812,1605022
2013-01-03,UPL,78.7399673461914,91.19999694824219,92.0,87.0,88.13333129882812,5384961
2013-01-04,UPL,78.22193145751953,90.5999984741211,92.66666412353516,89.86666870117188,92.66666412353516,2615352
2013-01-07,UPL,78.99897766113281,91.5,93.63333129882812,90.73332977294922,90.76666259765625,4118739
2013-01-08,UPL,79.20043182373047,91.73332977294922,93.0,89.76666259765625,91.5,4700572
2013-01-09,UPL,78.27949523925781,90.66666412353516,92.33333587646484,90.19999694824219,92.30000305175781,1898470
2013-01-10,UPL,78.79752349853516,91.26666259765625,92.76666259765625,90.69999694824219,91.16666412353516,2439013
2013-01-11,UPL,77.09955596923828,89.30000305175781,92.0,88.69999694824219,91.86666870117188,1524952
2013-01-14,UPL,79.51700592041016,92.0999984741211,92.56666564941406,88.06666564941406,88.93333435058594,2549335
2013-01-15,UPL,78.50972747802734,90.9333267211914,92.86666870117188,90.33333587646484,92.5999984741211,1303425
2013-01-16,UPL,77.47366333007812,89.73332977294922,91.93333435058594,89.23332977294922,90.66666412353516,1540785
2013-01-17,UPL,79.7760238647461,92.4000015258789,93.03333282470703,88.53333282470703,89.69999694824219,2733157
2013-01-18,UPL,81.2149658203125,94.06666564941406,95.30000305175781,92.4000015258789,93.19999694824219,5902144
2013-01-21,UPL,81.84811401367188,94.80000305175781,96.13333129882812,94.23332977294922,94.96666717529297,3095781
2013-01-22,UPL,80.52427673339844,93.26666259765625,96.06666564941406,85.5,93.33333587646484,2455557
2013-01-23,UPL,79.40189361572266,91.96666717529297,94.19999694824219,90.03333282470703,93.30000305175781,1691322
2013-01-24,UPL,76.26495361328125,88.33333587646484,91.63333129882812,87.5,91.4000015258789,3830277
2013-01-25,UPL,79.25798797607422,91.80000305175781,92.13333129882812,87.86666870117188,89.23332977294922,1662256
2013-01-28,UPL,78.59607696533203,91.03333282470703,92.93333435058594,90.13333129882812,92.33333587646484,1680817
2013-01-29,UPL,78.68241119384766,91.13333129882812,94.93333435058594,89.63333129882812,92.13333129882812,11930011
2013-01-30,UPL,77.5024642944336,89.76666259765625,92.93333435058594,89.36666870117188,92.16666412353516,2251392
2013-01-31,UPL,76.61029815673828,88.73332977294922,90.30000305175781,87.0,89.93333435058594,2992143
2013-02-01,UPL,75.60302734375,87.56666564941406,90.5,87.33333587646484,88.83333587646484,3110415
2013-02-04,UPL,73.38700866699219,85.0,88.73332977294922,84.43333435058594,88.4000015258789,3335596
2013-02-05,UPL,74.65331268310547,86.46666717529297,86.76666259765625,82.83333587646484,84.76666259765625,1978776
2013-02-06,UPL,73.44459533691406,85.06666564941406,87.0,84.66666412353516,86.66666412353516,1206172
2013-02-07,UPL,73.41582489013672,85.03333282470703,86.33333587646484,83.33333587646484,85.0999984741211,1742668
2013-02-08,UPL,73.73238372802734,85.4000015258789,86.66666412353516,84.86666870117188,85.03333282470703,1617070
2013-02-11,UPL,73.44459533691406,85.06666564941406,85.73332977294922,84.26666259765625,85.33333587646484,638571
2013-02-12,UPL,72.63877868652344,84.13333129882812,85.66666412353516,83.30000305175781,84.73332977294922,686146
2013-02-13,UPL,72.2358627319336,83.66666412353516,85.73332977294922,83.33333587646484,84.0999984741211,1075464
2013-02-14,UPL,68.32188415527344,79.13333129882812,84.19999694824219,78.0999984741211,83.63333129882812,2040930
2013-02-15,UPL,70.50910949707031,81.66666412353516,82.26666259765625,76.80000305175781,76.80000305175781,1681407
2013-02-18,UPL,72.55243682861328,84.03333282470703,84.46666717529297,81.76666259765625,82.43333435058594,2286190
2013-02-19,UPL,72.984130859375,84.53333282470703,85.19999694824219,82.9000015258789,84.5,1256461
2013-02-20,UPL,73.38700866699219,85.0,85.46666717529297,84.0,84.53333282470703,1551493
2013-02-21,UPL,70.42278289794922,81.56666564941406,84.26666259765625,81.23332977294922,84.16666412353516,2327152
2013-02-22,UPL,72.1207504272461,83.53333282470703,84.73332977294922,81.13333129882812,81.33333587646484,1094451
2013-02-25,UPL,71.055908203125,82.30000305175781,83.93333435058594,81.33333587646484,83.30000305175781,1762441
2013-02-26,UPL,69.50183868408203,80.5,83.66666412353516,80.16666412353516,82.73332977294922,2939220
2013-02-27,UPL,70.27888488769531,81.4000015258789,82.33333587646484,80.0999984741211,80.86666870117188,2998587
2013-02-28,UPL,66.6526870727539,77.19999694824219,82.4000015258789,76.30000305175781,82.03333282470703,3572620
2013-03-01,UPL,68.63846588134766,79.5,80.06666564941406,77.13333129882812,77.69999694824219,1799035
2013-03-04,UPL,66.36489868164062,76.86666870117188,79.56666564941406,76.36666870117188,78.83333587646484,2129344
2013-03-05,UPL,68.66724395751953,79.53333282470703,79.80000305175781,77.0999984741211,77.30000305175781,610798
2013-03-06,UPL,69.32916259765625,80.30000305175781,81.4000015258789,79.69999694824219,80.0999984741211,2649558
2013-03-07,UPL,71.1998062133789,82.46666717529297,82.93333435058594,80.16666412353516,81.86666870117188,3753567
2013-03-08,UPL,72.95532989501953,84.5,85.0,82.4000015258789,82.66666412353516,2333337
2013-03-11,UPL,73.93383026123047,85.63333129882812,86.63333129882812,83.73332977294922,84.5,2802627
2013-03-12,UPL,72.20708465576172,83.63333129882812,86.26666259765625,82.73332977294922,85.53333282470703,4759102
2013-03-13,UPL,72.4660873413086,83.93333435058594,85.16666412353516,82.63333129882812,83.66666412353516,2813877
2013-03-14,UPL,72.4660873413086,83.93333435058594,84.83333587646484,82.86666870117188,84.06666564941406,2508439
2013-03-15,UPL,71.34371185302734,82.63333129882812,85.5999984741211,81.73332977294922,83.96666717529297,3992098
2013-03-18,UPL,70.65300750732422,81.83333587646484,82.36666870117188,80.43333435058594,82.36666870117188,1976146
2013-03-19,UPL,67.77509307861328,78.5,82.5,78.0,82.13333129882812,1623987
2013-03-20,UPL,67.40094757080078,78.06666564941406,79.13333129882812,76.86666870117188,78.63333129882812,2124592
2013-03-21,UPL,67.89020538330078,78.63333129882812,79.80000305175781,77.46666717529297,78.66666412353516,2577750
2013-03-22,UPL,68.81114196777344,79.69999694824219,80.5999984741211,78.13333129882812,79.16666412353516,4084551
2013-03-25,UPL,67.71752166748047,78.43333435058594,80.5999984741211,77.66666412353516,79.83333587646484,2585277
2013-03-26,UPL,67.05558776855469,77.66666412353516,78.33333587646484,74.0,74.0,521101
2013-03-28,UPL,67.57362365722656,78.26666259765625,79.13333129882812,77.03333282470703,77.66666412353516,4668364
2013-04-01,UPL,69.0413589477539,79.96666717529297,80.23332977294922,78.30000305175781,78.69999694824219,786547
2013-04-02,UPL,70.65300750732422,81.83333587646484,82.4000015258789,79.33333587646484,79.33333587646484,2318767
2013-04-03,UPL,70.82567596435547,82.03333282470703,83.30000305175781,81.46666717529297,81.46666717529297,1861093
2013-04-04,UPL,69.0413589477539,79.96666717529297,81.56666564941406,78.93333435058594,80.9000015258789,1300722
2013-04-05,UPL,68.4082260131836,79.23332977294922,81.4000015258789,78.83333587646484,79.33333587646484,1237177
2013-04-08,UPL,68.60968017578125,79.46666717529297,80.76666259765625,78.9000015258789,79.69999694824219,446932
2013-04-09,UPL,68.89746856689453,79.80000305175781,81.13333129882812,79.26666259765625,79.43333435058594,793828
2013-04-10,UPL,68.95503234863281,79.86666870117188,80.53333282470703,79.26666259765625,80.53333282470703,898950
2013-04-11,UPL,69.41549682617188,80.4000015258789,81.0999984741211,79.63333129882812,80.13333129882812,1456303
2013-04-12,UPL,70.79689025878906,82.0,82.53333282470703,79.53333282470703,81.53333282470703,1015572
2013-04-15,UPL,69.99107360839844,81.06666564941406,82.66666412353516,80.93333435058594,81.33333587646484,758448
2013-04-16,UPL,70.2213134765625,81.33333587646484,81.96666717529297,80.0999984741211,80.0999984741211,903927
2013-04-17,UPL,72.58121490478516,84.06666564941406,84.66666412353516,80.26666259765625,80.26666259765625,1175451
2013-04-18,UPL,72.2646255493164,83.69999694824219,85.19999694824219,82.5,84.66666412353516,2392683
2013-04-22,UPL,74.68209838867188,86.5,87.33333587646484,83.0,83.0,1162339
2013-04-23,UPL,74.25041198730469,86.0,87.5999984741211,84.23332977294922,87.5999984741211,2735262
2013-04-25,UPL,76.1210708618164,88.16666412353516,90.96666717529297,85.69999694824219,85.69999694824219,7514784
2013-04-26,UPL,79.86235046386719,92.5,94.86666870117188,88.93333435058594,89.16666412353516,7709472
2013-04-29,UPL,79.66090393066406,92.26666259765625,93.66666412353516,91.69999694824219,93.33333587646484,2508486
2013-04-30,UPL,81.24375915527344,94.0999984741211,95.33333587646484,90.53333282470703,92.06666564941406,3090531
2013-05-02,UPL,83.54609680175781,96.76666259765625,97.19999694824219,93.66666412353516,94.0,5816443
2013-05-03,UPL,82.88416290283203,96.0,98.5,95.33333587646484,96.80000305175781,5047468
2013-05-06,UPL,84.78360748291016,98.19999694824219,98.73332977294922,96.0,96.0,2885412
2013-05-07,UPL,84.98505401611328,98.43333435058594,98.93333435058594,97.5999984741211,98.63333129882812,3495564
2013-05-08,UPL,86.30889892578125,99.96666717529297,100.80000305175781,98.43333435058594,98.66666412353516,4206393
2013-05-09,UPL,86.45279693603516,100.13333129882812,101.26666259765625,98.73332977294922,100.0,3626190
2013-05-10,UPL,88.64000701904297,102.66666412353516,103.30000305175781,99.63333129882812,100.36666870117188,2881633
2013-05-13,UPL,83.69000244140625,96.93333435058594,103.19999694824219,95.86666870117188,103.19999694824219,2226855
2013-05-14,UPL,86.99960327148438,100.76666259765625,101.56666564941406,97.33333587646484,97.33333587646484,4207227
2013-05-15,UPL,87.51764678955078,101.36666870117188,103.0,100.9000015258789,101.33333587646484,3850935
2013-05-16,UPL,88.72635650634766,102.76666259765625,104.5999984741211,99.06666564941406,99.06666564941406,4141500
2013-05-17,UPL,89.15805053710938,103.26666259765625,103.5999984741211,102.0999984741211,102.56666564941406,1658907
2013-05-20,UPL,88.81268310546875,102.86666870117188,104.5999984741211,102.36666870117188,104.33333587646484,1512012
2013-05-21,UPL,89.07171630859375,103.16666412353516,105.93333435058594,102.4000015258789,102.83333587646484,3693264
2013-05-22,UPL,89.53218078613281,103.69999694824219,105.30000305175781,103.13333129882812,103.33333587646484,3994267
2013-05-23,UPL,90.51066589355469,104.83333587646484,106.56666564941406,103.30000305175781,103.36666870117188,5361070
2013-05-24,UPL,90.68335723876953,105.03333282470703,107.30000305175781,103.66666412353516,105.0,2580777
2013-05-27,UPL,89.76242065429688,103.96666717529297,105.69999694824219,103.33333587646484,104.76666259765625,2791629
2013-05-28,UPL,89.18682861328125,103.30000305175781,105.76666259765625,102.43333435058594,103.80000305175781,1765746
2013-05-29,UPL,87.71907806396484,101.59999084472656,104.23332977294922,100.76666259765625,104.23332977294922,1207557
2013-05-30,UPL,89.3307113647461,103.46666717529297,104.43333435058594,100.83333587646484,100.93333435058594,2474968
2013-05-31,UPL,89.2155990600586,103.33333587646484,105.0,102.26666259765625,103.03333282470703,3069280
2013-06-03,UPL,93.5324935913086,108.33333587646484,109.33333587646484,102.46666717529297,102.83333587646484,3281628
2013-06-04,UPL,94.02173614501953,108.9000015258789,110.16666412353516,107.16666412353516,108.93333435058594,3249289
2013-06-05,UPL,95.25924682617188,110.33333587646484,111.66666412353516,108.06666564941406,109.0999984741211,3602061
2013-06-06,UPL,93.61881256103516,108.4333267211914,111.30000305175781,108.06666564941406,109.96666717529297,2317428
2013-06-07,UPL,89.73362731933594,103.9333267211914,108.30000305175781,103.5999984741211,107.19999694824219,3251656
2013-06-10,UPL,88.2658920288086,102.23333740234375,104.5999984741211,100.33333587646484,103.96666717529297,2429131
2013-06-11,UPL,85.70453643798828,99.26666259765625,103.0,98.5999984741211,101.03333282470703,1999306
2013-06-12,UPL,85.10016632080078,98.56666564941406,100.93333435058594,96.86666870117188,99.26666259765625,1845153
2013-06-13,UPL,80.52427673339844,93.26666259765625,98.5999984741211,92.5,97.03333282470703,4758222
2013-06-14,UPL,79.71846771240234,92.33333587646484,97.63333129882812,90.80000305175781,93.4000015258789,3809559
2013-06-17,UPL,84.17924499511719,97.5,98.5999984741211,92.73332977294922,92.73332977294922,2645862
2013-06-18,UPL,83.69000244140625,96.93333435058594,98.33333587646484,95.83333587646484,97.69999694824219,3161199
2013-06-19,UPL,84.23680877685547,97.56666564941406,98.63333129882812,95.73332977294922,96.66666412353516,2784604
2013-06-20,UPL,82.13591003417969,95.13333129882812,96.83333587646484,94.33333587646484,96.0,2576499
2013-06-21,UPL,78.4521713256836,90.86666870117188,95.4000015258789,89.0,93.5,2545102
2013-06-24,UPL,74.22163391113281,85.96666717529297,90.5,84.26666259765625,90.03333282470703,3457113
2013-06-25,UPL,76.40884399414062,88.5,90.96666717529297,86.06666564941406,86.06666564941406,3436267
2013-06-26,UPL,77.5024642944336,89.76666259765625,91.5999984741211,88.66666412353516,89.73332977294922,3772777
2013-06-27,UPL,77.76148986816406,90.0666732788086,91.5999984741211,89.33333587646484,90.5,1199580
2013-06-28,UPL,78.1355972290039,90.5,91.96666717529297,87.46666717529297,90.83333587646484,3212070
2013-07-01,UPL,80.150146484375,92.83333587646484,93.66666412353516,90.33333587646484,90.5,2413708
2013-07-02,UPL,79.08531188964844,91.5999984741211,93.5,90.76666259765625,91.73332977294922,1870252
2013-07-03,UPL,76.66785430908203,88.80000305175781,91.33333587646484,88.13333129882812,90.66666412353516,1838874
2013-07-04,UPL,78.95269012451172,89.80000305175781,90.23332977294922,87.4000015258789,88.63333129882812,1204620
2013-07-05,UPL,77.6631851196289,88.33333587646484,91.5,88.06666564941406,90.53333282470703,1786422
2013-07-08,UPL,79.62675476074219,90.56666564941406,91.76666259765625,87.03333282470703,87.73332977294922,3482772
2013-07-09,UPL,80.94554901123047,92.06666564941406,92.46666717529297,91.06666564941406,91.33333587646484,2107170
2013-07-10,UPL,81.2679214477539,92.4333267211914,94.26666259765625,91.53333282470703,93.19999694824219,2761368
2013-07-11,UPL,84.05207824707031,95.59999084472656,96.36666870117188,93.0,93.33333587646484,3016423
2013-07-12,UPL,84.02279663085938,95.5666732788086,98.0,94.5,96.13333129882812,2663701
2013-07-15,UPL,81.64891052246094,92.86666870117188,95.5,92.19999694824219,95.13333129882812,2520349
2013-07-16,UPL,80.6524887084961,91.73332977294922,93.46666717529297,90.56666564941406,91.33333587646484,2650887
2013-07-17,UPL,81.0334701538086,92.16666412353516,93.26666259765625,89.83333587646484,91.9000015258789,3815778
2013-07-18,UPL,84.37445831298828,95.96666717529297,96.16666412353516,93.23332977294922,94.36666870117188,3979647
2013-07-19,UPL,86.2793960571289,98.13333129882812,98.66666412353516,96.4000015258789,96.66666412353516,3269748
2013-07-22,UPL,87.01210021972656,98.96666717529297,100.33333587646484,98.13333129882812,98.30000305175781,2186725
2013-07-23,UPL,84.40375518798828,96.0,100.0,95.4000015258789,98.66666412353516,1991719
2013-07-24,UPL,83.46595001220703,94.93333435058594,97.33333587646484,91.46666717529297,95.83333587646484,5375454
2013-07-25,UPL,84.31585693359375,95.90000915527344,97.33333587646484,93.46666717529297,94.0,3293347
2013-07-26,UPL,82.87979125976562,94.26666259765625,97.16666412353516,93.5999984741211,96.0,2569455
2013-07-29,UPL,80.30081176757812,91.33333587646484,94.63333129882812,90.16666412353516,94.63333129882812,1937311
2013-07-30,UPL,80.53526306152344,91.59999084472656,93.30000305175781,89.69999694824219,91.33333587646484,1368925
2013-07-31,UPL,74.64458465576172,84.9000015258789,90.56666564941406,84.0,90.0,5061697
2013-08-01,UPL,73.06201934814453,83.0999984741211,87.0,80.69999694824219,84.06666564941406,4461444
2013-08-02,UPL,73.17922973632812,83.23332977294922,84.66666412353516,80.5999984741211,83.69999694824219,4032309
2013-08-05,UPL,74.73249053955078,85.0,87.13333129882812,81.46666717529297,84.0,3393438
2013-08-06,UPL,75.72893524169922,86.13333129882812,87.9000015258789,85.33333587646484,85.43333435058594,6403663
2013-08-07,UPL,74.23426818847656,84.43333435058594,87.66666412353516,82.0,86.5999984741211,4969782
2013-08-08,UPL,80.30081176757812,91.33333587646484,92.5999984741211,85.69999694824219,85.83333587646484,6837232
2013-08-12,UPL,84.40375518798828,96.0,96.80000305175781,92.23332977294922,93.33333587646484,7206526
2013-08-13,UPL,86.74832153320312,98.66666412353516,99.0999984741211,93.33333587646484,96.0,5660095
2013-08-14,UPL,88.8291015625,101.03333282470703,102.0,96.30000305175781,98.66666412353516,3870619
2013-08-16,UPL,84.0813980102539,95.63333129882812,101.56666564941406,94.69999694824219,100.66666412353516,8360709
2013-08-19,UPL,86.42594146728516,98.30000305175781,100.66666412353516,92.86666870117188,97.30000305175781,9947371
2013-08-20,UPL,84.52098846435547,96.13333129882812,99.5999984741211,94.4000015258789,98.83333587646484,4156215
2013-08-21,UPL,81.38516235351562,92.56666564941406,98.19999694824219,91.13333129882812,97.06666564941406,1803238
2013-08-22,UPL,85.45880126953125,97.19999694824219,98.19999694824219,91.33333587646484,91.33333587646484,3913846
2013-08-23,UPL,84.52098846435547,96.13333129882812,98.93333435058594,94.23332977294922,98.53333282470703,5323594
2013-08-26,UPL,84.69684600830078,96.33333587646484,97.06666564941406,93.56666564941406,96.96666717529297,6267136
2013-08-27,UPL,83.4659423828125,94.9333267211914,96.63333129882812,91.26666259765625,95.63333129882812,8144226
2013-08-28,UPL,83.4366455078125,94.9000015258789,97.66666412353516,90.69999694824219,94.0,5383153
2013-08-29,UPL,79.94910430908203,90.9333267211914,98.5999984741211,87.5,97.33333587646484,15560992
2013-08-30,UPL,78.1906967163086,88.9333267211914,92.13333129882812,87.80000305175781,90.63333129882812,4238268
2013-09-02,UPL,79.74396514892578,90.69999694824219,91.9000015258789,88.93333435058594,88.93333435058594,1269030
2013-09-03,UPL,77.45803833007812,88.0999984741211,91.80000305175781,86.69999694824219,91.5999984741211,2240223
2013-09-04,UPL,78.74754333496094,89.56666564941406,90.53333282470703,88.0999984741211,88.56666564941406,1815664
2013-09-05,UPL,79.2457504272461,90.13333129882812,91.5999984741211,88.93333435058594,91.33333587646484,1697578
2013-09-06,UPL,81.0334701538086,92.16666412353516,92.93333435058594,89.33333587646484,90.96666717529297,2194068
2013-09-10,UPL,79.71467590332031,90.66666412353516,93.80000305175781,89.76666259765625,92.36666870117188,2905860
2013-09-11,UPL,78.86475372314453,89.69999694824219,92.5,89.03333282470703,91.5999984741211,2922247
2013-09-12,UPL,78.36656188964844,89.13333129882812,91.16666412353516,88.0,90.26666259765625,3663556
2013-09-13,UPL,79.21644592285156,90.0999984741211,91.06666564941406,88.69999694824219,88.69999694824219,3201273
2013-09-16,UPL,78.57170867919922,89.36666870117188,92.46666717529297,88.76666259765625,92.46666717529297,1518235
2013-09-17,UPL,78.24932098388672,89.0,89.96666717529297,87.63333129882812,89.33333587646484,1063329
2013-09-18,UPL,79.83190155029297,90.80000305175781,91.83333587646484,87.86666870117188,89.0,3415110
2013-09-19,UPL,83.90554809570312,95.4333267211914,96.5999984741211,91.26666259765625,92.46666717529297,5914311
2013-09-20,UPL,84.78475952148438,96.43333435058594,97.0999984741211,93.16666412353516,97.06666564941406,2134329
2013-09-23,UPL,81.20931243896484,92.36666870117188,95.33333587646484,91.83333587646484,95.33333587646484,7185301
2013-09-24,UPL,83.26080322265625,94.69999694824219,95.30000305175781,92.16666412353516,93.23332977294922,2105244
2013-09-25,UPL,82.70396423339844,94.06666564941406,95.19999694824219,91.80000305175781,95.19999694824219,2072199
2013-09-26,UPL,84.57959747314453,96.19999694824219,97.4000015258789,92.76666259765625,94.46666717529297,3169429
2013-09-27,UPL,83.70039367675781,95.19999694824219,97.80000305175781,94.46666717529297,97.80000305175781,1482381
2013-09-30,UPL,84.9019775390625,96.5666732788086,96.9000015258789,93.13333129882812,94.0,3858166
2013-10-01,UPL,83.99346923828125,95.53333282470703,97.33333587646484,94.5,96.33333587646484,2974234
2013-10-03,UPL,86.77762603759766,98.69999694824219,100.0,95.23332977294922,96.53333282470703,3172615
2013-10-04,UPL,90.05999755859375,102.43333435058594,103.46666717529297,99.03333282470703,99.03333282470703,5924653
2013-10-07,UPL,90.76334381103516,103.23332977294922,104.30000305175781,102.33333587646484,103.33333587646484,2293093
2013-10-08,UPL,87.83268737792969,99.9000015258789,103.4000015258789,99.33333587646484,103.06666564941406,2237680
2013-10-09,UPL,88.97563171386719,101.19999694824219,102.53333282470703,99.86666870117188,99.96666717529297,3244762
2013-10-10,UPL,88.88771057128906,101.0999984741211,101.93333435058594,100.26666259765625,101.33333587646484,1428073
2013-10-11,UPL,87.53959655761719,99.56666564941406,102.0,99.33333587646484,102.0,1165611
2013-10-14,UPL,88.74116516113281,100.9333267211914,101.86666870117188,99.69999694824219,99.69999694824219,1726750
2013-10-15,UPL,87.48098754882812,99.5,102.13333129882812,98.06666564941406,102.0,2772930
2013-10-17,UPL,91.26158905029297,103.80000305175781,105.56666564941406,99.03333282470703,100.46666717529297,5276112
2013-10-18,UPL,91.05642700195312,103.56666564941406,105.66666412353516,102.83333587646484,103.66666412353516,3824628
2013-10-21,UPL,92.28731536865234,104.96666717529297,105.5999984741211,103.66666412353516,104.30000305175781,1668892
2013-10-22,UPL,92.49246215820312,105.19999694824219,106.5999984741211,103.83333587646484,104.33333587646484,3413485
2013-10-23,UPL,90.14791107177734,102.53333282470703,105.83333587646484,100.73332977294922,103.80000305175781,3045502
2013-10-24,UPL,90.70474243164062,103.16666412353516,105.46666717529297,99.69999694824219,102.66666412353516,3168975
2013-10-25,UPL,91.75980377197266,104.36666870117188,104.80000305175781,100.36666870117188,102.5999984741211,1240272
2013-10-28,UPL,90.5875244140625,103.03333282470703,104.66666412353516,101.66666412353516,104.66666412353516,1173865
2013-10-29,UPL,92.19940185546875,104.86666870117188,105.5,100.73332977294922,103.26666259765625,1346193
2013-10-30,UPL,93.72333526611328,106.5999984741211,107.93333435058594,104.03333282470703,104.83333587646484,2220282
2013-10-31,UPL,96.4195785522461,109.66666412353516,110.0,106.19999694824219,107.46666717529297,2401675
2013-11-01,UPL,96.62472534179688,109.9000015258789,111.73332977294922,108.06666564941406,109.33333587646484,2255506
2013-11-05,UPL,97.85562133789062,111.30000305175781,113.53333282470703,109.4000015258789,109.4000015258789,2551930
2013-11-06,UPL,100.78628540039062,114.63333129882812,115.06666564941406,110.13333129882812,110.66666412353516,2743263
2013-11-07,UPL,98.32453918457031,111.83333587646484,117.0,111.16666412353516,114.66666412353516,3023353
2013-11-08,UPL,98.41244506835938,111.9333267211914,114.46666717529297,110.5,111.63333129882812,1613233
2013-11-11,UPL,97.03502655029297,110.36666870117188,112.96666717529297,110.0,112.63333129882812,787504
2013-11-12,UPL,98.26593017578125,111.76666259765625,113.80000305175781,109.73332977294922,110.0,2769187
2013-11-13,UPL,97.62117004394531,111.03333282470703,112.5999984741211,109.69999694824219,109.69999694824219,1336503
2013-11-14,UPL,99.05720520019531,112.66666412353516,113.66666412353516,110.93333435058594,111.0,3529941
2013-11-18,UPL,99.81917572021484,113.53333282470703,115.86666870117188,112.4000015258789,112.86666870117188,1019670
2013-11-19,UPL,97.70909118652344,111.13333129882812,114.26666259765625,110.33333587646484,114.0,1006320
2013-11-20,UPL,95.01285552978516,108.0666732788086,111.5,107.0,109.69999694824219,1511524
2013-11-21,UPL,95.39382934570312,108.5,109.46666717529297,107.30000305175781,107.86666870117188,1621681
2013-11-22,UPL,92.63898468017578,105.36666870117188,109.96666717529297,104.66666412353516,108.66666412353516,1040995
2013-11-25,UPL,93.34236145019531,106.16666412353516,107.16666412353516,103.69999694824219,106.0,1419255
2013-11-26,UPL,94.9542465209961,108.0,108.80000305175781,104.73332977294922,104.73332977294922,1201677
2013-11-27,UPL,98.32453918457031,111.83333587646484,112.33333587646484,106.03333282470703,106.03333282470703,1627527
2013-11-28,UPL,98.85205841064453,112.43333435058594,113.80000305175781,110.43333435058594,112.73332977294922,4888078
2013-11-29,UPL,97.94354248046875,111.40000915527344,112.53333282470703,110.80000305175781,112.33333587646484,763941
2013-12-02,UPL,97.85562133789062,111.30000305175781,113.33333587646484,110.83333587646484,111.86666870117188,1143622
2013-12-03,UPL,96.00928497314453,109.19999694824219,113.0,108.9000015258789,110.30000305175781,1464126
2013-12-04,UPL,94.92491912841797,107.96666717529297,111.33333587646484,107.4000015258789,108.69999694824219,1961176
2013-12-05,UPL,97.24017333984375,110.5999984741211,111.63333129882812,109.33333587646484,109.33333587646484,1660828
2013-12-06,UPL,99.37957763671875,113.03333282470703,114.26666259765625,110.56666564941406,110.66666412353516,3647550
2013-12-09,UPL,102.19302368164062,116.23332977294922,116.66666412353516,112.36666870117188,114.0,2945016
2013-12-10,UPL,104.97720336914062,119.4000015258789,120.66666412353516,116.73332977294922,117.33333587646484,4225117
2013-12-11,UPL,107.7613296508789,122.56666564941406,123.13333129882812,119.03333282470703,120.0,3500383
2013-12-12,UPL,105.50471496582031,120.0,124.30000305175781,119.5,122.13333129882812,4597347
2013-12-13,UPL,101.46036529541016,115.4000015258789,120.06666564941406,114.06666564941406,119.33333587646484,3783219
2013-12-16,UPL,104.33242797851562,118.66666412353516,120.16666412353516,115.4000015258789,115.4000015258789,2197737
2013-12-17,UPL,103.71698760986328,117.96666717529297,122.0999984741211,116.03333282470703,118.86666870117188,2575566
2013-12-18,UPL,103.71698760986328,117.96666717529297,119.66666412353516,117.19999694824219,118.16666412353516,5091082
2013-12-19,UPL,102.3981704711914,116.46666717529297,119.0,115.26666259765625,117.96666717529297,4166190
2013-12-20,UPL,108.81637573242188,123.76666259765625,125.69999694824219,115.66666412353516,116.33333587646484,4771435
2013-12-23,UPL,110.69202423095703,125.90000915527344,127.06666564941406,122.06666564941406,122.69999694824219,2488530
2013-12-24,UPL,109.87142944335938,124.96666717529297,129.1666717529297,124.03333282470703,127.19999694824219,2483829
2013-12-26,UPL,111.16091918945312,126.4333267211914,127.19999694824219,122.36666870117188,124.63333129882812,2556225
2013-12-27,UPL,113.47618103027344,129.06666564941406,129.86666870117188,126.66666412353516,126.66666412353516,2025591
2013-12-30,UPL,115.20527648925781,131.03334045410156,132.23333740234375,128.1666717529297,129.39999389648438,4375858
2013-12-31,UPL,116.0258560180664,131.96665954589844,133.60000610351562,131.0,132.46665954589844,1541151
2014-01-01,UPL,116.3189468383789,132.3000030517578,133.13333129882812,131.1666717529297,131.96665954589844,652306
2014-01-02,UPL,115.43974304199219,131.3000030517578,134.86666870117188,130.13333129882812,132.0,1664496
2014-01-03,UPL,117.28604888916016,133.39999389648438,134.0,129.60000610351562,129.93333435058594,1706644
2014-01-06,UPL,118.0773696899414,134.3000030517578,136.0,131.1999969482422,133.3333282470703,2659779
2014-01-07,UPL,118.25318908691406,134.5,136.6666717529297,134.0,134.53334045410156,1868245
2014-01-08,UPL,118.16527557373047,134.39999389648438,135.6666717529297,133.26666259765625,133.63333129882812,1713861
2014-01-09,UPL,119.39615631103516,135.8000030517578,136.39999389648438,134.36666870117188,135.10000610351562,2248036
2014-01-10,UPL,119.60131072998047,136.03334045410156,138.76666259765625,134.03334045410156,134.86666870117188,2364907
2014-01-13,UPL,120.80289459228516,137.39999389648438,137.93333435058594,135.8000030517578,136.26666259765625,1668526
2014-01-14,UPL,121.7406997680664,138.46665954589844,139.13333129882812,136.26666259765625,137.89999389648438,1175766
2014-01-15,UPL,123.20604705810547,140.13333129882812,144.23333740234375,138.1999969482422,138.6999969482422,2971651
2014-01-16,UPL,126.51770782470703,143.89999389648438,144.73333740234375,140.13333129882812,140.36666870117188,5443908
2014-01-17,UPL,127.04524993896484,144.5,145.13333129882812,141.93333435058594,144.13333129882812,2297256
2014-01-20,UPL,126.81078338623047,144.23333740234375,144.63333129882812,142.39999389648438,144.46665954589844,1351366
2014-01-21,UPL,124.70068359375,141.8333282470703,144.13333129882812,141.3333282470703,143.6666717529297,3617761
2014-01-22,UPL,125.55062866210938,142.8000030517578,144.60000610351562,140.1666717529297,141.0,2101399
2014-01-23,UPL,121.15457153320312,137.8000030517578,142.60000610351562,136.73333740234375,142.3333282470703,1517889
2014-01-24,UPL,119.83576202392578,136.3000030517578,139.10000610351562,134.36666870117188,138.0,3808621
2014-01-27,UPL,113.68132019042969,129.3000030517578,136.0,128.3333282470703,136.0,3145342
2014-01-28,UPL,108.34748840332031,123.23333740234375,130.63333129882812,121.73332977294922,129.39999389648438,3960898
2014-01-29,UPL,113.85716247558594,129.5,130.6666717529297,124.0,124.66666412353516,3951685
2014-01-30,UPL,109.9007339477539,125.0,131.13333129882812,118.83333587646484,129.26666259765625,14655144
2014-01-31,UPL,110.83855438232422,126.06666564941406,127.66666412353516,122.86666870117188,124.26666259765625,1842984
2014-02-03,UPL,108.49401092529297,123.4000015258789,127.66666412353516,122.16666412353516,125.4000015258789,986769
2014-02-04,UPL,110.80923461914062,126.03333282470703,126.5999984741211,121.36666870117188,122.33333587646484,1484023
2014-02-05,UPL,111.51262664794922,126.83333587646484,128.3333282470703,125.36666870117188,126.66666412353516,1980036
2014-02-06,UPL,109.49043273925781,124.53333282470703,128.43333435058594,122.73332977294922,126.80000305175781,1272214
2014-02-07,UPL,114.3553695678711,130.06666564941406,131.1999969482422,126.0,126.66666412353516,2718730
2014-02-10,UPL,115.41043090820312,131.26666259765625,132.8333282470703,129.43333435058594,130.0,2183565
2014-02-11,UPL,110.6333999633789,125.83333587646484,131.8333282470703,125.4000015258789,131.73333740234375,2250144
2014-02-12,UPL,110.57479858398438,125.76666259765625,128.8333282470703,125.06666564941406,126.66666412353516,1530676
2014-02-13,UPL,107.1458969116211,121.86666870117188,126.63333129882812,120.80000305175781,126.0,2941105
2014-02-14,UPL,108.49401092529297,123.4000015258789,125.80000305175781,122.03333282470703,122.06666564941406,2394696
2014-02-17,UPL,107.1166000366211,121.83333587646484,124.76666259765625,121.16666412353516,124.13333129882812,1405254
2014-02-18,UPL,109.1973876953125,124.19999694824219,124.73332977294922,121.93333435058594,122.06666564941406,1140351
2014-02-19,UPL,108.75777435302734,123.69999694824219,125.33333587646484,123.06666564941406,123.06666564941406,717534
2014-02-20,UPL,107.17520141601562,121.9000015258789,124.0,121.0999984741211,123.33333587646484,853017
2014-02-21,UPL,105.50471496582031,120.0,123.56666564941406,119.19999694824219,122.33333587646484,2416936
2014-02-24,UPL,104.62550354003906,119.0,121.19999694824219,117.73332977294922,119.80000305175781,1774363
2014-02-25,UPL,108.5233154296875,123.43333435058594,124.0,119.46666717529297,119.46666717529297,2869332
2014-02-26,UPL,107.4096450805664,122.16666412353516,125.66666412353516,121.73332977294922,124.06666564941406,4007403
2014-02-28,UPL,107.1458969116211,121.86666870117188,123.9000015258789,121.36666870117188,123.26666259765625,1707037
2014-03-03,UPL,106.26669311523438,120.86666870117188,123.46666717529297,120.06666564941406,122.0,1994197
2014-03-04,UPL,106.99935913085938,121.69999694824219,122.43333435058594,119.66666412353516,120.80000305175781,2008174
2014-03-05,UPL,109.72489929199219,124.80000305175781,126.30000305175781,122.66666412353516,122.66666412353516,2641938
2014-03-06,UPL,110.36964416503906,125.53333282470703,127.23332977294922,124.76666259765625,125.33333587646484,2521521
2014-03-07,UPL,110.89717102050781,126.13333129882812,127.26666259765625,124.26666259765625,126.0,1774758
2014-03-10,UPL,110.92647552490234,126.16666412353516,129.89999389648438,124.69999694824219,125.66666412353516,3696244
2014-03-11,UPL,111.21954345703125,126.5,129.13333129882812,125.4000015258789,126.53333282470703,2573953
2014-03-12,UPL,111.89359283447266,127.26666259765625,128.13333129882812,125.69999694824219,126.5999984741211,2944161
2014-03-13,UPL,111.92291259765625,127.30000305175781,129.60000610351562,126.69999694824219,127.9000015258789,2133132
2014-03-14,UPL,109.87142944335938,124.96666717529297,127.16666412353516,122.86666870117188,124.80000305175781,1837185
2014-03-18,UPL,111.33677673339844,126.63333129882812,127.86666870117188,125.33333587646484,125.33333587646484,1730703
2014-03-19,UPL,109.13876342773438,124.13333129882812,128.63333129882812,123.69999694824219,127.0,2196049
2014-03-20,UPL,109.51974487304688,124.56666564941406,125.69999694824219,123.0,123.33333587646484,1141575
2014-03-21,UPL,108.78707885742188,123.73332977294922,126.66666412353516,123.5,124.83333587646484,1406172
2014-03-24,UPL,108.40608978271484,123.30000305175781,125.33333587646484,122.56666564941406,124.16666412353516,1337418
2014-03-25,UPL,106.14944458007812,120.73332977294922,124.46666717529297,119.83333587646484,122.66666412353516,3628369
2014-03-26,UPL,108.2009506225586,123.06666564941406,123.66666412353516,120.83333587646484,121.4000015258789,1998381
2014-03-27,UPL,108.142333984375,123.0,126.13333129882812,122.0,122.0,4377969
2014-03-28,UPL,107.35103607177734,122.0999984741211,124.33333587646484,121.4000015258789,124.0,2515266
2014-03-31,UPL,108.1130142211914,122.96666717529297,124.0,121.0,123.0,1834375
2014-04-01,UPL,112.97795104980469,128.5,129.13333129882812,122.66666412353516,123.66666412353516,3297460
2014-04-02,UPL,112.97795104980469,128.5,130.23333740234375,126.43333435058594,129.73333740234375,5173356
2014-04-03,UPL,117.69636535644531,133.86666870117188,135.0,129.0,129.3000030517578,7135230
2014-04-04,UPL,118.75139617919922,135.06666564941406,138.0,134.1666717529297,135.06666564941406,3792030
2014-04-07,UPL,118.57554626464844,134.86666870117188,137.3333282470703,132.3333282470703,135.3333282470703,1988329
2014-04-09,UPL,119.630615234375,136.06666564941406,136.53334045410156,133.6999969482422,134.3333282470703,2184964
2014-04-10,UPL,124.49555206298828,141.60000610351562,143.26666259765625,135.6666717529297,136.0,3734431
2014-04-11,UPL,127.07455444335938,144.53334045410156,149.0,139.89999389648438,141.0,5230599
2014-04-15,UPL,129.5656280517578,147.36666870117188,150.43333435058594,141.63333129882812,144.6666717529297,5043801
2014-04-16,UPL,125.60921478271484,142.86666870117188,148.86666870117188,141.06666564941406,147.3333282470703,3374191
2014-04-17,UPL,126.01947784423828,143.3333282470703,144.6666717529297,139.73333740234375,144.26666259765625,2886861
2014-04-21,UPL,128.4226531982422,146.06666564941406,146.76666259765625,143.93333435058594,144.13333129882812,2108034
2014-04-22,UPL,128.0709991455078,145.6666717529297,148.3333282470703,145.1999969482422,147.06666564941406,2216427
2014-04-23,UPL,125.84368896484375,143.13333129882812,145.86666870117188,142.3000030517578,145.03334045410156,3322921
2014-04-24,UPL,125.84368896484375,143.13333129882812,143.13333129882812,143.13333129882812,143.13333129882812,0
2014-04-25,UPL,135.0167236328125,153.56666564941406,155.60000610351562,142.8000030517578,143.36666870117188,17784148
2014-04-28,UPL,162.12557983398438,184.40000915527344,186.13333129882812,155.86666870117188,155.93333435058594,46885077
2014-04-29,UPL,161.275634765625,183.43331909179688,190.6666717529297,181.46665954589844,186.26666259765625,16281903
2014-04-30,UPL,157.14341735839844,178.73333740234375,190.3333282470703,176.76666259765625,183.1999969482422,11461263
2014-05-02,UPL,164.08912658691406,186.6333465576172,191.03334045410156,180.43333435058594,180.8000030517578,16623390
2014-05-05,UPL,163.4443817138672,185.89999389648438,191.86666870117188,184.6999969482422,188.0,5407047
2014-05-06,UPL,163.64950561523438,186.1333465576172,188.93333435058594,184.8000030517578,187.6666717529297,4291617
2014-05-07,UPL,165.73031616210938,188.5,197.3333282470703,186.3333282470703,187.06666564941406,17296750
2014-05-08,UPL,158.75531005859375,180.56666564941406,192.1999969482422,179.0,190.06666564941406,12815122
2014-05-09,UPL,161.9497528076172,184.1999969482422,187.26666259765625,175.60000610351562,179.6666717529297,6598167
2014-05-12,UPL,158.31568908691406,180.06666564941406,186.56666564941406,178.86666870117188,180.0,3966840
2014-05-13,UPL,161.129150390625,183.26666259765625,185.0,180.06666564941406,181.3333282470703,2994654
2014-05-14,UPL,162.7410125732422,185.09999084472656,187.3333282470703,182.10000610351562,184.03334045410156,4089312
2014-05-15,UPL,159.28280639648438,181.1666717529297,186.56666564941406,179.6666717529297,183.46665954589844,2588763
2014-05-16,UPL,166.96121215820312,189.89999389648438,195.60000610351562,180.73333740234375,182.36666870117188,4467936
2014-05-19,UPL,179.3286895751953,203.96665954589844,206.53334045410156,191.3333282470703,192.13333129882812,6226956
2014-05-20,UPL,174.2293243408203,198.1666717529297,209.0,194.39999389648438,207.0,5191902
2014-05-21,UPL,176.954833984375,201.26666259765625,206.03334045410156,196.86666870117188,199.8000030517578,5991411
2014-05-22,UPL,179.79759216308594,204.5,207.39999389648438,201.5,201.5,4097385
2014-05-23,UPL,180.2958221435547,205.06666564941406,207.26666259765625,204.0,206.3000030517578,1716502
2014-05-26,UPL,180.76475524902344,205.59999084472656,214.6666717529297,193.3333282470703,206.8000030517578,4582975
2014-05-27,UPL,178.6839599609375,203.23333740234375,208.76666259765625,199.86666870117188,206.03334045410156,1507333
2014-05-28,UPL,182.31797790527344,207.3666534423828,208.53334045410156,199.36666870117188,202.43333435058594,3418321
2014-05-29,UPL,180.96987915039062,205.8333282470703,214.46665954589844,203.6666717529297,208.6666717529297,7113672
2014-05-30,UPL,176.89622497558594,201.1999969482422,211.0,198.6999969482422,205.8333282470703,3237951
2014-06-02,UPL,179.06494140625,203.6666717529297,205.23333740234375,200.6666717529297,201.13333129882812,1149850
2014-06-03,UPL,177.3358154296875,201.6999969482422,205.5,200.3333282470703,203.6999969482422,1366759
2014-06-04,UPL,180.4716796875,205.26666259765625,206.3333282470703,201.60000610351562,201.60000610351562,1284961
2014-06-05,UPL,183.46095275878906,208.6666717529297,211.06666564941406,204.53334045410156,204.53334045410156,3092316
2014-06-06,UPL,184.77980041503906,210.1666717529297,213.39999389648438,207.1999969482422,209.3333282470703,2821561
2014-06-09,UPL,188.32586669921875,214.1999969482422,217.0,208.53334045410156,210.1666717529297,3015864
2014-06-10,UPL,184.69186401367188,210.06666564941406,217.0,206.8000030517578,216.96665954589844,1746045
2014-06-11,UPL,177.42376708984375,201.8000030517578,211.1999969482422,200.03334045410156,210.6666717529297,2848368
2014-06-12,UPL,179.18214416503906,203.8000030517578,206.6666717529297,201.43333435058594,202.0,2219784
2014-06-13,UPL,173.8189697265625,197.6999969482422,205.73333740234375,192.1999969482422,204.6666717529297,1952983
2014-06-16,UPL,176.925537109375,201.23333740234375,206.0,190.36666870117188,198.6666717529297,4446279
2014-06-17,UPL,184.8970184326172,210.3000030517578,212.26666259765625,200.3000030517578,201.3333282470703,2945580
2014-06-18,UPL,183.5488739013672,208.76666259765625,214.8000030517578,203.8333282470703,208.1999969482422,2277633
2014-06-19,UPL,189.9084930419922,216.0,217.3000030517578,207.36666870117188,207.36666870117188,3785692
2014-06-20,UPL,183.10928344726562,208.26666259765625,219.23333740234375,206.76666259765625,218.03334045410156,3525598
2014-06-23,UPL,181.73184204101562,206.6999969482422,211.13333129882812,204.76666259765625,209.73333740234375,1334136
2014-06-24,UPL,186.3330535888672,211.93333435058594,212.60000610351562,207.03334045410156,207.03334045410156,2335630
2014-06-25,UPL,184.72117614746094,210.10000610351562,215.60000610351562,209.43333435058594,212.39999389648438,2679990
2014-06-26,UPL,190.6997528076172,216.89999389648438,220.36666870117188,208.6666717529297,211.1999969482422,7014616
2014-06-27,UPL,193.1908416748047,219.73333740234375,220.03334045410156,213.53334045410156,217.96665954589844,4296448
2014-06-30,UPL,200.13656616210938,227.63333129882812,229.93333435058594,219.39999389648438,220.6666717529297,4024027
2014-07-01,UPL,196.35598754882812,223.3333282470703,230.0,222.3333282470703,226.10000610351562,2223948
2014-07-02,UPL,197.61618041992188,224.76666259765625,227.1999969482422,223.60000610351562,225.1999969482422,2248825
2014-07-03,UPL,201.45541381835938,229.13333129882812,232.53334045410156,226.3333282470703,226.6666717529297,3281964
2014-07-04,UPL,206.7013397216797,235.10000610351562,239.53334045410156,225.39999389648438,229.8000030517578,4410688
2014-07-07,UPL,200.60548400878906,228.1666717529297,234.89999389648438,227.46665954589844,231.3333282470703,1593459
2014-07-08,UPL,189.1171875,215.10000610351562,228.0,213.1666717529297,226.13333129882812,4831002
2014-07-09,UPL,188.09144592285156,213.93333435058594,219.3000030517578,210.53334045410156,214.6666717529297,2938300
2014-07-10,UPL,188.1793670654297,214.03334045410156,220.10000610351562,207.60000610351562,213.26666259765625,3482884
2014-07-11,UPL,188.1793670654297,214.03334045410156,219.3333282470703,211.86666870117188,213.3333282470703,2930464
2014-07-14,UPL,186.65541076660156,212.3000030517578,215.3000030517578,209.39999389648438,212.6999969482422,1873176
2014-07-15,UPL,192.721923828125,219.1999969482422,221.26666259765625,212.76666259765625,212.76666259765625,2394220
2014-07-16,UPL,193.1908416748047,219.73333740234375,222.6666717529297,216.1666717529297,221.76666259765625,2238288
2014-07-17,UPL,191.46173095703125,217.76666259765625,221.93333435058594,216.73333740234375,217.6999969482422,2396118
2014-07-18,UPL,190.28944396972656,216.43333435058594,217.3000030517578,214.03334045410156,216.0,1789326
2014-07-21,UPL,190.08433532714844,216.1999969482422,221.76666259765625,214.86666870117188,214.86666870117188,2910106
2014-07-22,UPL,189.9963836669922,216.10000610351562,218.8000030517578,213.86666870117188,216.3333282470703,1468212
2014-07-23,UPL,187.0950164794922,212.8000030517578,217.6666717529297,208.1999969482422,216.6666717529297,2211724
2014-07-24,UPL,184.3988037109375,209.73333740234375,213.6666717529297,208.63333129882812,211.89999389648438,2615910
2014-07-25,UPL,184.5746307373047,209.93333435058594,212.1999969482422,203.93333435058594,208.1999969482422,2104089
2014-07-28,UPL,182.20077514648438,207.23333740234375,213.96665954589844,206.3000030517578,209.53334045410156,5412294
2014-07-30,UPL,190.0550079345703,216.1666717529297,216.89999389648438,207.26666259765625,208.03334045410156,3207424
2014-07-31,UPL,192.75125122070312,219.23333740234375,222.60000610351562,214.60000610351562,216.0,10155327
2014-08-01,UPL,195.0078887939453,221.8000030517578,223.13333129882812,215.03334045410156,215.03334045410156,5131497
2014-08-04,UPL,195.88706970214844,222.8000030517578,223.96665954589844,219.6666717529297,220.1666717529297,3354364
2014-08-05,UPL,194.36312866210938,221.06666564941406,224.3333282470703,218.8000030517578,223.3333282470703,2146140
2014-08-06,UPL,195.2716522216797,222.10000610351562,225.60000610351562,219.8000030517578,219.8000030517578,2256148
2014-08-07,UPL,187.70358276367188,211.03334045410156,221.13333129882812,210.3000030517578,221.13333129882812,2929812
2014-08-08,UPL,180.024658203125,202.39999389648438,209.60000610351562,201.3333282470703,209.60000610351562,2073438
2014-08-11,UPL,182.3668975830078,205.03334045410156,206.93333435058594,198.10000610351562,203.56666564941406,2814252
2014-08-12,UPL,182.81158447265625,205.53334045410156,207.56666564941406,204.1999969482422,206.96665954589844,1237591
2014-08-13,UPL,181.3885040283203,203.93333435058594,209.96665954589844,202.6666717529297,203.46665954589844,1895125
2014-08-14,UPL,186.28045654296875,209.43333435058594,209.93333435058594,200.03334045410156,201.86666870117188,1997476
2014-08-18,UPL,192.4473114013672,216.36666870117188,216.6666717529297,207.36666870117188,207.36666870117188,2293734
2014-08-19,UPL,194.01866149902344,218.13333129882812,219.13333129882812,213.76666259765625,215.3333282470703,1452828
2014-08-20,UPL,190.19403076171875,213.8333282470703,218.89999389648438,212.26666259765625,214.1999969482422,1715776
2014-08-21,UPL,193.0106201171875,217.0,219.73333740234375,214.0,214.0,2293603
2014-08-22,UPL,200.71920776367188,225.6666717529297,228.26666259765625,216.6666717529297,216.6666717529297,2595583
2014-08-25,UPL,192.4473114013672,216.36666870117188,230.26666259765625,215.1999969482422,227.93333435058594,3349015
2014-08-26,UPL,193.04026794433594,217.03334045410156,221.5,211.60000610351562,217.0,2796999
2014-08-27,UPL,192.6251983642578,216.56666564941406,221.0,215.5,217.39999389648438,2826051
2014-08-28,UPL,187.43673706054688,210.73333740234375,217.93333435058594,209.1666717529297,217.3333282470703,2151672
2014-09-01,UPL,194.3151397705078,218.46665954589844,218.89999389648438,212.46665954589844,212.63333129882812,1077433
2014-09-02,UPL,192.4473114013672,216.36666870117188,220.89999389648438,215.63333129882812,217.39999389648438,958629
2014-09-03,UPL,203.29859924316406,228.56666564941406,230.13333129882812,216.0,216.0,2370025
2014-09-04,UPL,219.01223754882812,246.23333740234375,248.0,228.8333282470703,230.26666259765625,7892401
2014-09-05,UPL,224.31927490234375,252.1999969482422,254.6666717529297,243.56666564941406,246.6666717529297,5950129
2014-09-08,UPL,225.7423858642578,253.8000030517578,256.6666564941406,246.93333435058594,251.3333282470703,2989863
2014-09-09,UPL,228.94439697265625,257.3999938964844,259.1333312988281,249.23333740234375,251.36666870117188,2408200
2014-09-10,UPL,225.44590759277344,253.46665954589844,258.8999938964844,252.0,255.8000030517578,1445880
2014-09-11,UPL,221.65089416503906,249.1999969482422,256.20001220703125,246.8333282470703,253.93333435058594,1618783
2014-09-12,UPL,218.09310913085938,245.1999969482422,250.56666564941406,242.06666564941406,249.53334045410156,1682862
2014-09-15,UPL,214.80215454101562,241.5,248.56666564941406,239.6666717529297,242.03334045410156,1914792
2014-09-16,UPL,202.94284057617188,228.1666717529297,245.86666870117188,226.96665954589844,239.76666259765625,2894490
2014-09-17,UPL,203.59507751464844,228.89999389648438,234.5,223.3333282470703,229.36666870117188,2693299
2014-09-18,UPL,213.11219787597656,239.60000610351562,242.3333282470703,224.6999969482422,226.60000610351562,3495987
2014-09-19,UPL,209.31719970703125,235.3333282470703,245.53334045410156,233.8333282470703,241.60000610351562,3498165
2014-09-22,UPL,210.47349548339844,236.63333129882812,238.93333435058594,232.3333282470703,233.0,1596213
2014-09-23,UPL,206.61920166015625,232.3000030517578,241.96665954589844,231.46665954589844,236.0,1854906
2014-09-24,UPL,204.98854064941406,230.46665954589844,232.96665954589844,224.10000610351562,230.0,1260375
2014-09-25,UPL,199.17747497558594,223.93333435058594,232.0,219.1666717529297,228.23333740234375,2395161
2014-09-26,UPL,200.65988159179688,225.60000610351562,227.53334045410156,217.76666259765625,222.3333282470703,1345600
2014-09-29,UPL,205.75941467285156,231.3333282470703,233.3333282470703,224.6666717529297,226.63333129882812,1043040
2014-09-30,UPL,201.63829040527344,226.6999969482422,231.89999389648438,224.6666717529297,230.3000030517578,1181100
2014-10-01,UPL,200.83779907226562,225.8000030517578,227.96665954589844,223.06666564941406,225.46665954589844,813585
2014-10-07,UPL,200.80813598632812,225.76666259765625,229.93333435058594,224.1666717529297,224.1666717529297,917490
2014-10-08,UPL,200.86744689941406,225.8333282470703,228.63333129882812,223.06666564941406,223.76666259765625,590763
2014-10-09,UPL,202.79457092285156,228.0,229.93333435058594,225.36666870117188,226.60000610351562,1215772
2014-10-10,UPL,196.7759552001953,221.23333740234375,226.6666717529297,220.3333282470703,226.6666717529297,953883
2014-10-13,UPL,198.5845184326172,223.26666259765625,224.60000610351562,217.0,220.0,602635
2014-10-14,UPL,204.09910583496094,229.46665954589844,237.26666259765625,228.5,231.8333282470703,3874845
2014-10-15,UPL,204.09910583496094,229.46665954589844,229.46665954589844,229.46665954589844,229.46665954589844,0
2014-10-16,UPL,189.77894592285156,213.36666870117188,230.06666564941406,209.13333129882812,229.0,2778679
2014-10-17,UPL,191.3799591064453,215.1666717529297,217.3333282470703,210.36666870117188,215.8000030517578,1907424
2014-10-20,UPL,196.0347442626953,220.39999389648438,222.1999969482422,216.3000030517578,219.76666259765625,1633452
2014-10-21,UPL,193.8111114501953,217.89999389648438,224.46665954589844,212.93333435058594,222.23333740234375,4246246
2014-10-22,UPL,199.02920532226562,223.76666259765625,224.3333282470703,218.46665954589844,220.0,2583532
2014-10-27,UPL,199.20712280273438,223.96665954589844,229.3333282470703,222.60000610351562,225.8000030517578,3120660
2014-10-28,UPL,198.7624053955078,223.46665954589844,225.6666717529297,222.10000610351562,223.06666564941406,1365483
2014-10-29,UPL,202.82420349121094,228.03334045410156,228.86666870117188,223.3333282470703,224.3333282470703,1869480
2014-10-30,UPL,201.63829040527344,226.6999969482422,229.86666870117188,225.6666717529297,227.6666717529297,3659994
2014-10-31,UPL,206.67852783203125,232.36666870117188,233.6666717529297,226.93333435058594,226.93333435058594,2294547
2014-11-03,UPL,203.2393035888672,228.5,233.1999969482422,227.23333740234375,232.6666717529297,1981006
2014-11-05,UPL,200.68954467773438,225.63333129882812,235.6666717529297,225.0,228.6666717529297,3986598
2014-11-07,UPL,197.6654052734375,222.23333740234375,227.1666717529297,219.10000610351562,226.6666717529297,1607814
2014-11-10,UPL,198.9995880126953,223.73333740234375,226.0,220.93333435058594,222.0,1539060
2014-11-11,UPL,195.3824920654297,219.6666717529297,225.26666259765625,218.06666564941406,225.26666259765625,2221855
2014-11-12,UPL,206.5895538330078,232.26666259765625,234.13333129882812,219.3333282470703,220.1999969482422,4149525
2014-11-13,UPL,212.43026733398438,238.8333282470703,240.96665954589844,231.3333282470703,233.3333282470703,5191984
2014-11-14,UPL,214.50564575195312,241.1666717529297,243.60000610351562,237.76666259765625,240.6666717529297,3626109
2014-11-17,UPL,212.69712829589844,239.13333129882812,242.06666564941406,237.53334045410156,240.6666717529297,1319332
2014-11-18,UPL,213.14183044433594,239.63333129882812,243.3333282470703,235.5,239.53334045410156,1252081
2014-11-19,UPL,206.29307556152344,231.93333435058594,246.6666717529297,228.0,240.3333282470703,3798160
2014-11-20,UPL,209.49508666992188,235.53334045410156,236.3333282470703,230.60000610351562,232.03334045410156,1561683
2014-11-21,UPL,207.65689086914062,233.46665954589844,238.6666717529297,231.06666564941406,236.60000610351562,2033197
2014-11-24,UPL,210.41421508789062,236.56666564941406,239.3000030517578,232.1666717529297,233.56666564941406,2432427
2014-11-25,UPL,203.53578186035156,228.8333282470703,236.0,225.36666870117188,235.0,1413787
2014-11-26,UPL,200.71920776367188,225.6666717529297,229.96665954589844,224.3333282470703,227.6666717529297,2138614
2014-11-27,UPL,200.71920776367188,225.6666717529297,227.26666259765625,221.46665954589844,226.6666717529297,2894475
2014-11-28,UPL,205.04786682128906,230.53334045410156,232.3333282470703,224.5,224.5,2349022
2014-12-01,UPL,203.59507751464844,228.89999389648438,233.6666717529297,227.56666564941406,231.1999969482422,1599438
2014-12-02,UPL,204.4548797607422,229.86666870117188,231.03334045410156,226.03334045410156,227.60000610351562,2691663
2014-12-03,UPL,205.58152770996094,231.13333129882812,233.6666717529297,228.73333740234375,231.73333740234375,1777183
2014-12-04,UPL,201.43077087402344,226.46665954589844,232.6666717529297,225.8000030517578,231.60000610351562,2202420
2014-12-05,UPL,199.08853149414062,223.8333282470703,228.46665954589844,222.39999389648438,226.6666717529297,2159533
2014-12-08,UPL,195.97544860839844,220.3333282470703,225.13333129882812,218.0,225.13333129882812,2428317
2014-12-09,UPL,188.59304809570312,212.03334045410156,221.0,210.73333740234375,220.0,2952151
2014-12-10,UPL,194.2855224609375,218.43333435058594,219.60000610351562,210.10000610351562,210.86666870117188,2267406
2014-12-11,UPL,191.3799591064453,215.1666717529297,218.8333282470703,212.10000610351562,216.73333740234375,2137219
2014-12-12,UPL,183.19705200195312,205.96665954589844,215.89999389648438,201.03334045410156,214.36666870117188,3741244
2014-12-15,UPL,182.2186279296875,204.86666870117188,207.8000030517578,199.63333129882812,205.6666717529297,2677285
2014-12-16,UPL,179.49099731445312,201.8000030517578,208.63333129882812,200.6666717529297,203.0,4206667
2014-12-17,UPL,184.91664123535156,207.89999389648438,209.86666870117188,200.0,200.0,4295769
2014-12-18,UPL,190.5201416015625,214.1999969482422,216.63333129882812,209.03334045410156,209.53334045410156,3416895
2014-12-19,UPL,191.46890258789062,215.26666259765625,219.10000610351562,214.0,217.0,2768838
2014-12-22,UPL,196.18301391601562,220.56666564941406,221.3000030517578,215.06666564941406,215.06666564941406,1848877
2014-12-23,UPL,196.06442260742188,220.43333435058594,222.06666564941406,217.6666717529297,221.06666564941406,2002549
2014-12-24,UPL,196.42018127441406,220.8333282470703,224.96665954589844,218.6666717529297,220.03334045410156,4269037
2014-12-26,UPL,198.16943359375,222.8000030517578,223.26666259765625,219.3333282470703,220.8333282470703,1005885
2014-12-29,UPL,199.2960968017578,224.06666564941406,227.26666259765625,222.06666564941406,222.1666717529297,1596069
2014-12-30,UPL,200.4819793701172,225.39999389648438,226.93333435058594,223.60000610351562,224.06666564941406,1223850
2014-12-31,UPL,205.49256896972656,231.03334045410156,232.6666717529297,224.39999389648438,224.39999389648438,2965369
2015-01-01,UPL,202.55735778808594,227.73333740234375,230.8000030517578,225.63333129882812,230.8000030517578,787731
2015-01-02,UPL,208.87246704101562,234.8333282470703,236.8333282470703,227.8333282470703,227.8333282470703,3485478
2015-01-05,UPL,204.98854064941406,230.46665954589844,236.0,230.06666564941406,233.3333282470703,1455238
2015-01-06,UPL,195.05633544921875,219.3000030517578,228.63333129882812,217.39999389648438,228.63333129882812,2071117
2015-01-07,UPL,191.55787658691406,215.36666870117188,223.06666564941406,210.1999969482422,218.60000610351562,3720183
2015-01-08,UPL,197.3392791748047,221.86666870117188,223.10000610351562,215.93333435058594,217.36666870117188,2241168
2015-01-09,UPL,197.07244873046875,221.56666564941406,225.63333129882812,218.1999969482422,223.26666259765625,3090469
2015-01-12,UPL,196.0347442626953,220.39999389648438,223.3000030517578,218.6999969482422,221.86666870117188,1351051
2015-01-13,UPL,204.42523193359375,229.8333282470703,238.26666259765625,221.3333282470703,221.3333282470703,6944788
2015-01-14,UPL,212.40066528320312,238.8000030517578,239.93333435058594,228.6666717529297,230.53334045410156,4317558
2015-01-15,UPL,214.95040893554688,241.6666717529297,243.3333282470703,235.73333740234375,242.0,2974933
2015-01-16,UPL,219.48660278320312,246.76666259765625,249.3000030517578,239.3000030517578,241.0,2779971
2015-01-19,UPL,220.020263671875,247.36666870117188,249.6666717529297,244.8333282470703,247.13333129882812,2236056
2015-01-20,UPL,220.19813537597656,247.56666564941406,250.13333129882812,246.06666564941406,248.0,1878513
2015-01-21,UPL,216.01773071289062,242.86666870117188,248.53334045410156,238.06666564941406,248.53334045410156,2458926
2015-01-22,UPL,213.6754913330078,240.23333740234375,245.06666564941406,238.0,242.03334045410156,1723426
2015-01-23,UPL,212.3116912841797,238.6999969482422,243.6999969482422,237.53334045410156,242.5,1537792
2015-01-27,UPL,207.92373657226562,233.76666259765625,242.0,232.6666717529297,239.3333282470703,1991038
2015-01-28,UPL,210.05844116210938,236.1666717529297,240.1999969482422,232.8333282470703,235.3333282470703,1640554
2015-01-29,UPL,216.5513916015625,243.46665954589844,244.93333435058594,233.46665954589844,236.0,2583888
2015-01-30,UPL,218.4192352294922,245.56666564941406,249.5,242.6666717529297,246.53334045410156,1898403
2015-02-02,UPL,233.51025390625,262.5333251953125,263.79998779296875,239.36666870117188,246.60000610351562,6059877
2015-02-03,UPL,246.85195922851562,277.5333251953125,279.3333435058594,259.8333435058594,264.70001220703125,10507746
2015-02-04,UPL,254.7384033203125,286.3999938964844,290.6666564941406,276.76666259765625,279.20001220703125,9013189
2015-02-05,UPL,247.8303680419922,278.6333312988281,285.3333435058594,277.1000061035156,285.3333435058594,2762121
2015-02-06,UPL,253.99725341796875,285.5666809082031,291.1666564941406,272.70001220703125,276.0,5598588
2015-02-09,UPL,245.25094604492188,275.73333740234375,284.0,272.6666564941406,284.0,2108044
2015-02-10,UPL,251.80320739746094,283.1000061035156,286.3333435058594,274.23333740234375,274.8666687011719,2462724
2015-02-11,UPL,258.325927734375,290.4333190917969,293.26666259765625,278.70001220703125,284.70001220703125,5374516
2015-02-12,UPL,262.1801452636719,294.76666259765625,298.5,291.4666748046875,293.0,2829805
2015-02-13,UPL,254.7384033203125,286.3999938964844,295.3666687011719,284.4666748046875,295.1000061035156,2295769
2015-02-16,UPL,252.8705596923828,284.29998779296875,290.9333190917969,281.4333190917969,285.3333435058594,1487070
2015-02-18,UPL,247.77108764648438,278.5666809082031,286.73333740234375,277.70001220703125,284.29998779296875,1582840
2015-02-19,UPL,253.76004028320312,285.29998779296875,288.8333435058594,279.3333435058594,279.8666687011719,1937391
2015-02-20,UPL,249.66854858398438,280.70001220703125,285.23333740234375,278.0666809082031,285.23333740234375,1280686
2015-02-23,UPL,247.3560028076172,278.1000061035156,285.9333190917969,275.5666809082031,283.3999938964844,2133754
2015-02-24,UPL,245.54750061035156,276.0666809082031,282.6666564941406,274.5,276.76666259765625,2949123
2015-02-25,UPL,243.85751342773438,274.1666564941406,281.0666809082031,269.3333435058594,277.8666687011719,4404639
2015-02-26,UPL,241.5449676513672,271.5666809082031,276.1666564941406,266.0666809082031,274.6666564941406,2216343
2015-02-27,UPL,248.92735290527344,279.8666687011719,280.9333190917969,272.3333435058594,272.3333435058594,1522512
2015-03-02,UPL,250.7359161376953,281.8999938964844,283.8333435058594,277.0666809082031,278.6666564941406,1298245
2015-03-03,UPL,248.18614196777344,279.0333251953125,284.1666564941406,278.0666809082031,282.0666809082031,960072
2015-03-04,UPL,246.2293701171875,276.8333435058594,284.0,274.20001220703125,281.73333740234375,2088045
2015-03-05,UPL,250.05401611328125,281.1333312988281,282.6666564941406,276.0333251953125,278.3333435058594,1656009
2015-03-09,UPL,258.82989501953125,291.0,293.29998779296875,278.4666748046875,281.4666748046875,4095466
2015-03-10,UPL,257.2882385253906,289.26666259765625,294.79998779296875,288.0,293.5,2034645
2015-03-11,UPL,252.33694458007812,283.70001220703125,289.8666687011719,282.6666564941406,288.20001220703125,1048327
2015-03-12,UPL,254.29373168945312,285.8999938964844,287.8666687011719,280.1666564941406,282.6666564941406,1426203
2015-03-13,UPL,245.01382446289062,275.4666748046875,289.3333435058594,273.0666809082031,287.3666687011719,1991061
2015-03-16,UPL,242.13795471191406,272.23333740234375,276.4666748046875,267.1666564941406,275.4666748046875,1737163
2015-03-17,UPL,247.59326171875,278.3666687011719,281.9666748046875,271.6333312988281,272.6000061035156,2787130
2015-03-18,UPL,250.49874877929688,281.6333312988281,285.6000061035156,278.1333312988281,280.6666564941406,1988053
2015-03-19,UPL,253.96755981445312,285.5333251953125,289.1666564941406,279.8666687011719,284.0,2730973
2015-03-20,UPL,247.4449920654297,278.20001220703125,291.0,274.20001220703125,289.79998779296875,3487477
2015-03-23,UPL,248.92735290527344,279.8666687011719,283.9666748046875,277.4333190917969,279.3333435058594,1710091
2015-03-24,UPL,245.7549591064453,276.29998779296875,282.5666809082031,275.70001220703125,279.79998779296875,1088602
2015-03-25,UPL,249.01634216308594,279.9666748046875,283.6666564941406,276.6666564941406,277.26666259765625,1439575
2015-03-26,UPL,253.1078338623047,284.5666809082031,287.3666687011719,278.23333740234375,279.8666687011719,2542242
2015-03-27,UPL,258.0887145996094,290.1666564941406,297.9666748046875,277.0,286.6666564941406,3937567
2015-03-30,UPL,261.26104736328125,293.73333740234375,297.26666259765625,291.3333435058594,293.1333312988281,2228515
2015-03-31,UPL,262.1801452636719,294.76666259765625,305.23333740234375,292.23333740234375,295.26666259765625,3935781
2015-04-01,UPL,261.3203430175781,293.79998779296875,299.76666259765625,290.6333312988281,295.6666564941406,1895082
2015-04-06,UPL,267.0128479003906,300.20001220703125,301.6666564941406,292.26666259765625,293.79998779296875,2833153
2015-04-07,UPL,280.62139892578125,315.5,319.20001220703125,300.70001220703125,303.23333740234375,4264207
2015-04-08,UPL,274.09881591796875,308.1666564941406,317.29998779296875,305.6000061035156,317.29998779296875,2611506
2015-04-09,UPL,269.35504150390625,302.8333435058594,313.4333190917969,301.4333190917969,308.3999938964844,2828709
2015-04-10,UPL,274.7807312011719,308.9333190917969,310.1333312988281,302.0,302.5333251953125,2643700
2015-04-13,UPL,281.4812927246094,316.4666748046875,318.9333190917969,308.3999938964844,309.9666748046875,4988629
2015-04-15,UPL,273.2686767578125,307.23333740234375,323.3333435058594,305.5666809082031,317.3333435058594,5325034
2015-04-16,UPL,267.9912109375,301.29998779296875,311.8999938964844,292.4333190917969,308.6000061035156,2682301
2015-04-17,UPL,254.3233642578125,285.9333190917969,303.9333190917969,284.8999938964844,302.5333251953125,3833344
2015-04-20,UPL,243.05703735351562,273.26666259765625,286.29998779296875,269.3999938964844,286.0,2996694
2015-04-21,UPL,251.98114013671875,283.29998779296875,286.3333435058594,264.8999938964844,272.9333190917969,2706810
2015-04-22,UPL,254.88670349121094,286.5666809082031,290.3666687011719,278.79998779296875,285.6000061035156,3139509
2015-04-23,UPL,259.2746276855469,291.5,293.0,287.4666748046875,288.6000061035156,2289070
2015-04-24,UPL,257.76251220703125,289.79998779296875,292.4666748046875,282.4333190917969,292.4666748046875,1901011
2015-04-27,UPL,264.3741455078125,297.23333740234375,301.8333435058594,282.76666259765625,287.73333740234375,7690443
2015-04-28,UPL,282.1631774902344,317.23333740234375,319.8999938964844,296.0666809082031,298.6666564941406,5244418
2015-04-29,UPL,277.893798828125,312.4333190917969,322.1333312988281,310.6666564941406,316.6666564941406,3659713
2015-04-30,UPL,290.9390563964844,327.1000061035156,330.6666564941406,308.1666564941406,310.6666564941406,8066182
2015-05-04,UPL,294.7933044433594,331.4333190917969,334.26666259765625,323.3999938964844,327.6666564941406,4508887
2015-05-05,UPL,293.5777893066406,330.0666809082031,337.26666259765625,324.8666687011719,329.5333251953125,3922423
2015-05-06,UPL,283.97174072265625,319.26666259765625,334.6666564941406,317.79998779296875,327.6666564941406,5071227
2015-05-07,UPL,289.36773681640625,325.3333435058594,329.20001220703125,316.73333740234375,323.26666259765625,3039747
2015-05-08,UPL,300.3672790527344,337.70001220703125,340.6000061035156,328.23333740234375,329.6666564941406,2768298
2015-05-11,UPL,299.2998962402344,336.5,341.73333740234375,333.6000061035156,340.5,4278573
2015-05-12,UPL,290.0199890136719,326.0666809082031,334.6666564941406,318.1333312988281,333.0333251953125,4780237
2015-05-13,UPL,301.1084289550781,338.5333251953125,342.20001220703125,330.1666564941406,331.26666259765625,7218978
2015-05-14,UPL,305.5260314941406,343.5,350.0,340.29998779296875,340.3333435058594,4292419
2015-05-15,UPL,309.1430969238281,347.5666809082031,351.0,343.3999938964844,344.26666259765625,2414062
2015-05-18,UPL,312.9084777832031,351.79998779296875,354.6666564941406,346.20001220703125,347.6333312988281,4329804
2015-05-19,UPL,309.0245361328125,347.4333190917969,355.4333190917969,345.8333435058594,351.8666687011719,1798066
2015-05-20,UPL,306.65264892578125,344.76666259765625,352.6666564941406,343.0666809082031,350.0,2664748
2015-05-21,UPL,319.49041748046875,359.20001220703125,360.3999938964844,346.1333312988281,346.4666748046875,3810559
2015-05-22,UPL,318.8084716796875,358.4333190917969,364.6666564941406,353.0333251953125,364.6666564941406,1987285
2015-05-25,UPL,327.0804138183594,367.73333740234375,370.26666259765625,358.5666809082031,359.1333312988281,3185475
2015-05-26,UPL,335.1744079589844,376.8333435058594,378.9333190917969,364.0666809082031,367.73333740234375,6190050
2015-05-27,UPL,318.482421875,358.0666809082031,373.3333435058594,354.8666687011719,371.3999938964844,6951375
2015-05-28,UPL,307.6903076171875,345.9333190917969,361.1333312988281,340.1333312988281,354.6666564941406,6936849
2015-05-29,UPL,327.7029724121094,368.4333190917969,380.0,341.8666687011719,345.73333740234375,47383105
2015-06-01,UPL,322.0104675292969,362.0333251953125,374.3333435058594,354.76666259765625,356.6666564941406,4819459
2015-06-02,UPL,314.92462158203125,354.0666809082031,370.4333190917969,350.4333190917969,364.26666259765625,2871489
2015-06-03,UPL,320.1426086425781,359.9333190917969,363.23333740234375,351.1000061035156,354.6333312988281,3342442
2015-06-04,UPL,332.3578186035156,373.6666564941406,375.6000061035156,360.8333435058594,360.8333435058594,3456874
2015-06-05,UPL,326.2205810546875,366.76666259765625,378.5333251953125,362.4333190917969,373.5,3633442
2015-06-08,UPL,316.99993896484375,356.3999938964844,365.79998779296875,355.1000061035156,365.79998779296875,2569891
2015-06-09,UPL,306.20794677734375,344.26666259765625,357.3999938964844,341.8999938964844,355.3333435058594,3451975
2015-06-10,UPL,308.787353515625,347.1666564941406,350.5333251953125,340.9333190917969,345.6666564941406,2199621
2015-06-11,UPL,300.3672790527344,337.70001220703125,351.23333740234375,336.0,350.6666564941406,1913797
2015-06-12,UPL,310.7441101074219,349.3666687011719,351.29998779296875,334.26666259765625,337.6000061035156,1964808
2015-06-15,UPL,304.8441467285156,342.73333740234375,357.3333435058594,340.79998779296875,350.9333190917969,3347728
2015-06-16,UPL,307.8682861328125,346.1333312988281,348.4666748046875,338.5,342.0,2029876
2015-06-17,UPL,315.6361389160156,354.8666687011719,357.3333435058594,346.23333740234375,348.5333251953125,2159743
2015-06-18,UPL,311.3371276855469,350.0333251953125,357.6666564941406,348.8333435058594,355.6000061035156,1684065
2015-06-19,UPL,309.2320861816406,347.6666564941406,352.20001220703125,344.3666687011719,351.8666687011719,2954455
2015-06-22,UPL,323.87835693359375,364.1333312988281,366.70001220703125,347.6666564941406,349.8333435058594,3098634
2015-06-23,UPL,331.7351379394531,372.9666748046875,374.8666687011719,366.9666748046875,367.3333435058594,3714076
2015-06-24,UPL,321.0617370605469,360.9666748046875,376.0333251953125,357.6666564941406,373.3333435058594,2741890
2015-06-25,UPL,330.8456726074219,371.9666748046875,374.0,357.9333190917969,359.9333190917969,6207958
2015-06-26,UPL,331.49798583984375,372.70001220703125,383.20001220703125,364.20001220703125,368.70001220703125,4286835
2015-06-29,UPL,319.1049499511719,358.76666259765625,367.73333740234375,357.6666564941406,360.6666564941406,2074509
2015-06-30,UPL,317.5928955078125,357.0666809082031,364.6666564941406,354.1666564941406,360.5333251953125,3761629
2015-07-01,UPL,324.4713134765625,364.79998779296875,367.1333312988281,358.0,359.20001220703125,2532499
2015-07-02,UPL,325.4793701171875,365.9333190917969,371.1333312988281,362.3666687011719,364.9666748046875,1782717
2015-07-03,UPL,324.58990478515625,364.9333190917969,371.6000061035156,362.6666564941406,367.3333435058594,1392181
2015-07-06,UPL,331.23114013671875,372.3999938964844,373.3333435058594,359.3333435058594,360.0,2368588
2015-07-07,UPL,327.8511962890625,368.6000061035156,374.9333190917969,365.5333251953125,372.73333740234375,2554767
2015-07-08,UPL,316.22906494140625,355.5333251953125,368.5,353.5,365.3333435058594,2691954
2015-07-09,UPL,306.44512939453125,344.5333251953125,355.4666748046875,342.6666564941406,355.4666748046875,5302110
2015-07-10,UPL,307.5718078613281,345.79998779296875,350.3999938964844,343.0666809082031,346.6666564941406,4410291
2015-07-13,UPL,309.1135559082031,347.5333251953125,350.26666259765625,340.6666564941406,347.0,2876917
2015-07-14,UPL,309.8250732421875,348.3333435058594,353.0,346.70001220703125,348.3333435058594,2584035
2015-07-15,UPL,312.34515380859375,351.1666564941406,352.79998779296875,346.0333251953125,348.9666748046875,1784424
2015-07-16,UPL,321.0199890136719,357.6333312988281,359.3333435058594,347.4666748046875,349.4666748046875,3070018
2015-07-17,UPL,319.52386474609375,355.9666748046875,362.8333435058594,354.4333190917969,359.9666748046875,2265243
2015-07-20,UPL,327.09381103515625,364.3999938964844,366.3333435058594,355.79998779296875,357.0,2181942
2015-07-21,UPL,324.9395446777344,362.0,370.0,358.70001220703125,364.6666564941406,2277129
2015-07-22,UPL,326.8245544433594,364.1000061035156,368.6000061035156,361.3666687011719,363.1333312988281,2142196
2015-07-23,UPL,323.9222106933594,360.8666687011719,366.6666564941406,358.0,366.6000061035156,1268016
2015-07-24,UPL,321.04986572265625,357.6666564941406,366.6000061035156,355.73333740234375,361.79998779296875,1504918
2015-07-27,UPL,321.2593078613281,357.8999938964844,364.6333312988281,348.3333435058594,358.0,1874754
2015-07-28,UPL,314.856201171875,350.76666259765625,364.0,349.3333435058594,357.20001220703125,1519926
2015-07-29,UPL,315.18536376953125,351.1333312988281,359.1333312988281,343.3333435058594,354.3333435058594,3282741
2015-07-30,UPL,310.7571105957031,346.20001220703125,356.0,345.0,353.3333435058594,2089858
2015-07-31,UPL,320.57110595703125,357.1333312988281,365.3333435058594,346.3333435058594,346.6666564941406,3547672
2015-08-03,UPL,323.9222106933594,360.8666687011719,364.23333740234375,356.6666564941406,357.9666748046875,1461303
2015-08-04,UPL,335.59130859375,373.8666687011719,375.3333435058594,361.0,361.3333435058594,3201661
2015-08-05,UPL,339.0022888183594,377.6666564941406,383.3333435058594,374.70001220703125,377.0666809082031,3347805
2015-08-06,UPL,329.2780456542969,366.8333435058594,378.6666564941406,364.26666259765625,378.5666809082031,2147131
2015-08-07,UPL,325.5678405761719,362.70001220703125,370.6666564941406,361.5,367.8666687011719,1983366
2015-08-10,UPL,336.818115234375,375.23333740234375,381.3333435058594,362.6666564941406,363.26666259765625,3981058
2015-08-11,UPL,336.51885986328125,374.8999938964844,384.26666259765625,370.0,377.6000061035156,3805474
2015-08-12,UPL,324.7599792480469,361.79998779296875,372.9333190917969,360.5333251953125,370.0,1332786
2015-08-13,UPL,330.35516357421875,368.0333251953125,376.0,363.3666687011719,365.3333435058594,2772363
2015-08-14,UPL,327.6324462890625,365.0,373.23333740234375,362.73333740234375,370.0,2294604
2015-08-17,UPL,331.1929931640625,368.9666748046875,372.6333312988281,357.6666564941406,365.79998779296875,1408044
2015-08-18,UPL,335.4417724609375,373.70001220703125,376.3333435058594,368.3333435058594,372.0,1049773
2015-08-19,UPL,338.16455078125,376.73333740234375,380.6666564941406,370.8333435058594,374.0,1565622
2015-08-20,UPL,327.6324462890625,365.0,376.73333740234375,363.3333435058594,375.3333435058594,1530813
2015-08-21,UPL,320.57110595703125,357.1333312988281,361.9333190917969,346.8999938964844,361.9333190917969,1525099
2015-08-24,UPL,292.2959899902344,325.6333312988281,346.5333251953125,304.0,346.5333251953125,3134953
2015-08-25,UPL,299.1477966308594,333.26666259765625,338.29998779296875,323.1666564941406,328.6666564941406,3341262
2015-08-26,UPL,302.40924072265625,336.8999938964844,345.29998779296875,328.29998779296875,333.26666259765625,2125690
2015-08-27,UPL,310.4280090332031,345.8333435058594,351.9666748046875,341.3333435058594,342.6666564941406,2726020
2015-08-28,UPL,312.2232360839844,347.8333435058594,355.79998779296875,342.9333190917969,350.0,2815177
2015-08-31,UPL,300.733642578125,335.0333251953125,344.8999938964844,333.4666748046875,343.3999938964844,2371855
2015-09-01,UPL,314.6767272949219,350.5666809082031,353.3333435058594,329.3666687011719,332.0,4463520
2015-09-02,UPL,317.7884826660156,354.0333251953125,360.0,351.29998779296875,354.6666564941406,2854956
2015-09-03,UPL,327.9316711425781,365.3333435058594,367.6000061035156,358.26666259765625,360.6666564941406,4058725
2015-09-04,UPL,316.95068359375,353.1000061035156,364.8999938964844,347.73333740234375,364.8999938964844,1532944
2015-09-07,UPL,314.1979064941406,350.0333251953125,356.76666259765625,347.9333190917969,356.6666564941406,1589805
2015-09-08,UPL,310.4578857421875,345.8666687011719,353.3333435058594,332.8333435058594,351.1333312988281,2623801
2015-09-09,UPL,311.53509521484375,347.0666809082031,355.9333190917969,343.70001220703125,351.9333190917969,1928458
2015-09-10,UPL,296.87384033203125,330.73333740234375,343.3333435058594,323.3999938964844,339.3333435058594,4104697
2015-09-11,UPL,303.0675048828125,337.6333312988281,339.8666687011719,325.20001220703125,331.3333435058594,3091168
2015-09-14,UPL,300.4942626953125,334.76666259765625,340.0,330.0,339.8666687011719,2955048
2015-09-15,UPL,294.5400695800781,328.1333312988281,337.3333435058594,326.6666564941406,336.1333312988281,2302230
2015-09-16,UPL,285.9826965332031,318.6000061035156,334.0,315.6666564941406,330.9666748046875,3356440
2015-09-18,UPL,287.8677062988281,320.70001220703125,334.9333190917969,316.6666564941406,325.29998779296875,11934838
2015-09-21,UPL,281.7040100097656,313.8333435058594,322.6666564941406,312.1666564941406,318.6666564941406,2316594
2015-09-22,UPL,276.8269348144531,308.3999938964844,321.3333435058594,305.8666687011719,318.6666564941406,2024388
2015-09-23,UPL,278.29302978515625,310.0333251953125,311.3333435058594,299.3666687011719,304.0,2312647
2015-09-24,UPL,279.1607666015625,311.0,312.79998779296875,307.0,310.4666748046875,2408530
2015-09-28,UPL,271.8900146484375,302.8999938964844,314.5666809082031,300.70001220703125,312.4666748046875,1143208
2015-09-29,UPL,264.0806884765625,294.20001220703125,300.76666259765625,292.0,297.4666748046875,2026051
2015-09-30,UPL,274.2537841796875,305.5333251953125,307.79998779296875,295.8333435058594,299.3333435058594,2961564
2015-10-01,UPL,271.68060302734375,302.6666564941406,309.0,298.76666259765625,308.9333190917969,1427701
2015-10-05,UPL,270.4837341308594,301.3333435058594,305.23333740234375,289.20001220703125,305.23333740234375,3292248
2015-10-06,UPL,278.1135559082031,309.8333435058594,311.1333312988281,301.3333435058594,304.8666687011719,2727342
2015-10-07,UPL,268.628662109375,299.26666259765625,311.20001220703125,296.3333435058594,311.20001220703125,2899240
2015-10-08,UPL,266.02557373046875,296.3666687011719,301.73333740234375,293.20001220703125,300.0,3793072
2015-10-09,UPL,271.0821533203125,302.0,303.9666748046875,296.8333435058594,296.8333435058594,2076313
2015-10-12,UPL,279.5796813964844,311.4666748046875,312.6666564941406,303.3999938964844,305.0,1681624
2015-10-13,UPL,284.60638427734375,317.0666809082031,318.29998779296875,311.4666748046875,314.0,2249263
2015-10-14,UPL,281.4347229003906,313.5333251953125,319.29998779296875,310.1333312988281,316.6666564941406,1566628
2015-10-15,UPL,285.1149597167969,317.6333312988281,319.0,312.20001220703125,314.6666564941406,3241903
2015-10-16,UPL,285.17486572265625,317.70001220703125,321.9666748046875,308.8333435058594,318.0,1776027
2015-10-19,UPL,292.056640625,325.3666687011719,326.5333251953125,317.1666564941406,317.70001220703125,1974682
2015-10-20,UPL,288.28656005859375,321.1666564941406,326.0,316.70001220703125,324.6666564941406,1235611
2015-10-21,UPL,287.0299072265625,319.76666259765625,324.26666259765625,313.6666564941406,321.26666259765625,1191996
2015-10-23,UPL,276.3183288574219,307.8333435058594,325.23333740234375,306.6666564941406,321.0,1921177
2015-10-26,UPL,268.1200256347656,298.70001220703125,312.6000061035156,293.8666687011719,310.6666564941406,6503844
2015-10-27,UPL,280.7166748046875,312.73333740234375,314.8333435058594,299.8333435058594,301.1333312988281,3533239
2015-10-28,UPL,283.7386474609375,316.1000061035156,320.26666259765625,309.4666748046875,314.29998779296875,2675323
2015-10-29,UPL,284.696044921875,317.1666564941406,319.6666564941406,315.1000061035156,316.1000061035156,1801894
2015-10-30,UPL,275.091552734375,306.4666748046875,320.3999938964844,304.4333190917969,318.0,2579353
2015-11-02,UPL,274.1639709472656,305.4333190917969,309.3333435058594,301.0,307.0666809082031,1298388
2015-11-03,UPL,270.06488037109375,300.8666687011719,307.9333190917969,300.0666809082031,305.3333435058594,1452115
2015-11-04,UPL,272.0395812988281,303.0666809082031,304.6000061035156,295.3999938964844,302.0,2343022
2015-11-05,UPL,263.0334777832031,293.0333251953125,303.3666687011719,291.73333740234375,302.0,1560505
2015-11-06,UPL,268.4192199707031,299.0333251953125,300.8666687011719,288.6666564941406,292.6333312988281,2375836
2015-11-09,UPL,275.749755859375,307.20001220703125,308.9666748046875,290.8333435058594,296.6000061035156,1898794
2015-11-10,UPL,271.2617492675781,302.20001220703125,306.6666564941406,299.0666809082031,306.0,1169460
2015-11-13,UPL,260.28082275390625,289.9666748046875,297.3333435058594,286.6666564941406,295.3666687011719,2375449
2015-11-16,UPL,262.82403564453125,292.79998779296875,295.9333190917969,287.23333740234375,289.0666809082031,1401889
2015-11-17,UPL,266.14520263671875,296.5,298.6666564941406,292.0333251953125,297.4333190917969,1562130
2015-11-18,UPL,266.32476806640625,296.70001220703125,302.6666564941406,294.73333740234375,298.3333435058594,1513153
2015-11-19,UPL,269.22705078125,299.9333190917969,303.8333435058594,296.8333435058594,299.6666564941406,1217692
2015-11-20,UPL,274.79229736328125,306.1333312988281,308.5666809082031,300.76666259765625,302.4333190917969,1582969
2015-11-23,UPL,264.4696960449219,294.6333312988281,314.6666564941406,292.8333435058594,309.3333435058594,6470856
2015-11-24,UPL,261.5374755859375,291.3666687011719,297.73333740234375,290.3333435058594,297.23333740234375,2493924
2015-11-26,UPL,257.55792236328125,286.9333190917969,293.6666564941406,286.1333312988281,292.4333190917969,2230435
2015-11-27,UPL,251.96275329589844,280.70001220703125,290.29998779296875,279.6000061035156,289.26666259765625,2268133
2015-11-30,UPL,248.7911834716797,277.1666564941406,283.29998779296875,275.3999938964844,279.3999938964844,3712782
2015-12-01,UPL,254.416259765625,283.4333190917969,286.6666564941406,278.6000061035156,278.6000061035156,1659445
2015-12-02,UPL,254.08717346191406,283.0666809082031,287.9333190917969,281.79998779296875,284.0,1750806
2015-12-03,UPL,252.1721954345703,280.9333190917969,284.1000061035156,279.5,281.4333190917969,985612
2015-12-04,UPL,250.67617797851562,279.26666259765625,280.8333435058594,277.3333435058594,278.0,1492186
2015-12-07,UPL,247.59439086914062,275.8333435058594,281.4666748046875,272.8666687011719,281.0,1373455
2015-12-08,UPL,242.08892822265625,269.70001220703125,275.0666809082031,268.4333190917969,274.6666564941406,2382249
2015-12-09,UPL,236.2244415283203,263.1666564941406,267.5,260.3999938964844,267.1666564941406,2404719
2015-12-10,UPL,244.39285278320312,272.26666259765625,274.6000061035156,258.20001220703125,263.1333312988281,2565835
2015-12-11,UPL,237.33151245117188,264.3999938964844,275.1666564941406,263.3333435058594,274.0,1755240
2015-12-14,UPL,242.44796752929688,270.1000061035156,271.4666748046875,256.6666564941406,262.6000061035156,1749982
2015-12-15,UPL,250.79588317871094,279.3999938964844,279.9666748046875,270.1666564941406,271.3333435058594,3092181
2015-12-16,UPL,253.96743774414062,282.9333190917969,283.8333435058594,279.6666564941406,281.8666687011719,2307508
2015-12-17,UPL,255.55332946777344,284.70001220703125,285.9333190917969,278.0,283.3333435058594,2346211
2015-12-18,UPL,252.6210479736328,281.4333190917969,283.20001220703125,273.3333435058594,273.3333435058594,2067280
2015-12-21,UPL,256.2115173339844,285.4333190917969,289.1333312988281,277.79998779296875,277.79998779296875,1553994
2015-12-22,UPL,255.64305114746094,284.79998779296875,287.9666748046875,283.0,285.3333435058594,1482193
2015-12-23,UPL,259.8020324707031,289.4333190917969,290.9333190917969,285.1000061035156,285.70001220703125,1349740
2015-12-24,UPL,259.143798828125,288.70001220703125,290.4333190917969,286.5333251953125,290.0,472963
2015-12-28,UPL,260.2209167480469,289.8999938964844,291.20001220703125,287.3333435058594,288.70001220703125,960835
2015-12-29,UPL,259.6225280761719,289.23333740234375,292.0,286.70001220703125,289.6666564941406,637671
2015-12-30,UPL,260.28082275390625,289.9666748046875,292.0,286.8666687011719,289.23333740234375,668019
2015-12-31,UPL,262.1658020019531,292.0666809082031,295.79998779296875,287.0,290.0,2610102
2016-01-01,UPL,263.51220703125,293.5666809082031,295.1666564941406,290.3999938964844,292.0666809082031,323644
2016-01-04,UPL,259.6225280761719,289.23333740234375,296.6666564941406,284.5333251953125,291.0,1060660
2016-01-05,UPL,260.4902648925781,290.20001220703125,291.76666259765625,285.0333251953125,291.0,1260352
2016-01-06,UPL,265.3074645996094,295.5666809082031,296.79998779296875,288.8999938964844,289.76666259765625,1416270
2016-01-07,UPL,249.77857971191406,278.26666259765625,294.3333435058594,274.79998779296875,294.3333435058594,1656570
2016-01-08,UPL,254.59584045410156,283.6333312988281,285.70001220703125,278.3666687011719,280.6666564941406,876543
2016-01-11,UPL,254.2667236328125,283.26666259765625,285.23333740234375,278.20001220703125,280.0,961566
2016-01-12,UPL,254.2667236328125,283.26666259765625,288.3999938964844,279.8333435058594,284.1333312988281,1275973
2016-01-13,UPL,246.00856018066406,274.0666809082031,286.76666259765625,269.5333251953125,286.76666259765625,1619011
2016-01-14,UPL,238.4984588623047,265.70001220703125,270.6000061035156,261.1000061035156,269.3999938964844,1925814
2016-01-15,UPL,233.5914306640625,260.23333740234375,270.0,259.0333251953125,267.3333435058594,2047389
2016-01-18,UPL,232.18516540527344,258.6666564941406,262.8333435058594,249.76666259765625,257.0666809082031,1426552
2016-01-19,UPL,234.5489044189453,261.29998779296875,265.9333190917969,258.0666809082031,259.3333435058594,1153447
2016-01-20,UPL,223.47821044921875,248.96665954589844,258.9666748046875,246.89999389648438,256.6666564941406,2771677
2016-01-21,UPL,226.021484375,251.8000030517578,254.93333435058594,248.0,248.06666564941406,2110333
2016-01-22,UPL,238.8874053955078,266.1333312988281,268.1666564941406,253.5,255.10000610351562,1553421
2016-01-25,UPL,240.32359313964844,267.73333740234375,270.0666809082031,262.8333435058594,268.5333251953125,1081411
2016-01-27,UPL,247.23529052734375,275.4333190917969,277.79998779296875,267.3333435058594,269.3333435058594,2226027
2016-01-28,UPL,245.7393035888672,273.76666259765625,280.6666564941406,272.70001220703125,275.3999938964844,2202802
2016-01-29,UPL,261.59722900390625,291.4333190917969,292.6000061035156,273.9333190917969,275.9666748046875,3773571
2016-02-01,UPL,262.1956481933594,292.1000061035156,294.6333312988281,287.0,294.0,1345506
2016-02-02,UPL,248.9407958984375,277.3333435058594,292.0,275.0666809082031,291.3333435058594,1709223
2016-02-03,UPL,244.81175231933594,272.73333740234375,275.8999938964844,268.5666809082031,272.6666564941406,1106604
2016-02-04,UPL,242.50779724121094,270.1666564941406,278.8333435058594,265.0,276.4666748046875,1305879
2016-02-05,UPL,246.547119140625,274.6666564941406,276.5666809082031,269.0333251953125,271.8999938964844,1368541
2016-02-08,UPL,241.4905242919922,269.0333251953125,278.6666564941406,267.3666687011719,275.6666564941406,699282
2016-02-09,UPL,233.56153869628906,260.20001220703125,270.0333251953125,257.5333251953125,266.3333435058594,1019415
2016-02-10,UPL,236.5535888671875,263.5333251953125,265.29998779296875,256.1333312988281,256.6666564941406,1413225
2016-02-11,UPL,232.00564575195312,258.4666748046875,265.1666564941406,251.1999969482422,262.0,1864201
2016-02-12,UPL,227.03880310058594,252.93333435058594,262.20001220703125,244.8333282470703,259.23333740234375,1566669
2016-02-15,UPL,242.35824584960938,270.0,272.6000061035156,256.6666564941406,256.6666564941406,1344609
2016-02-16,UPL,241.43067932128906,268.9666748046875,276.0,266.8999938964844,271.3333435058594,1880913
2016-02-17,UPL,236.7331085205078,263.73333740234375,271.3333435058594,255.06666564941406,268.6000061035156,1294591
2016-02-18,UPL,235.5961456298828,262.4666748046875,268.6666564941406,258.3333435058594,268.4666748046875,799777
2016-02-19,UPL,238.1992645263672,265.3666687011719,266.6666564941406,255.1666717529297,261.3333435058594,988884
2016-02-22,UPL,236.1945343017578,263.1333312988281,268.6333312988281,261.3333435058594,266.0,939291
2016-02-23,UPL,235.98509216308594,262.8999938964844,266.4333190917969,258.6666564941406,263.3333435058594,871872
2016-02-24,UPL,226.61988830566406,252.46665954589844,262.3333435058594,251.03334045410156,261.20001220703125,1103091
2016-02-25,UPL,228.71434020996094,254.8000030517578,257.5,246.3000030517578,253.3000030517578,2397643
2016-02-26,UPL,226.5301513671875,252.36666870117188,260.0,250.6666717529297,257.3333435058594,1340971
2016-02-29,UPL,228.38522338867188,254.43333435058594,258.8666687011719,245.5,251.3333282470703,2273302
2016-03-01,UPL,243.1361846923828,270.8666687011719,273.6000061035156,254.6666717529297,254.93333435058594,1748907
2016-03-02,UPL,246.27784729003906,274.3666687011719,282.3333435058594,272.1333312988281,272.1333312988281,2048482
2016-03-03,UPL,254.17691040039062,283.1666564941406,284.6333312988281,277.5,282.6666564941406,1796815
2016-03-04,UPL,266.1751708984375,296.5333251953125,298.79998779296875,282.73333740234375,282.73333740234375,4217358
2016-03-08,UPL,260.60992431640625,290.3333435058594,296.5,287.6333312988281,296.0,1105152
2016-03-09,UPL,260.340576171875,290.0333251953125,292.26666259765625,285.6666564941406,288.6666564941406,1505919
2016-03-10,UPL,267.760986328125,298.29998779296875,302.9333190917969,290.0,291.8666687011719,2381136
2016-03-11,UPL,262.4051818847656,292.3333435058594,297.76666259765625,288.0,296.6666564941406,1096083
2016-03-14,UPL,263.3027648925781,293.3333435058594,298.3999938964844,292.0666809082031,294.0,654165
2016-03-15,UPL,259.8618469238281,289.5,294.6666564941406,288.1000061035156,292.0,769089
2016-03-16,UPL,257.55792236328125,286.9333190917969,290.9333190917969,280.0,289.3333435058594,894436
2016-03-17,UPL,261.68701171875,291.5333251953125,296.3999938964844,289.1333312988281,290.6666564941406,1157343
2016-03-18,UPL,263.901123046875,294.0,297.23333740234375,287.0333251953125,294.73333740234375,1235307
2016-03-21,UPL,266.4444274902344,296.8333435058594,297.6333312988281,289.0666809082031,294.6666564941406,1246264
2016-03-22,UPL,265.935791015625,296.26666259765625,298.9333190917969,292.1333312988281,297.8666687011719,1479904
2016-03-23,UPL,273.0868835449219,304.23333740234375,305.73333740234375,295.29998779296875,295.9666748046875,1587039
2016-03-28,UPL,270.2742919921875,301.1000061035156,310.1333312988281,298.4333190917969,307.3333435058594,1463838
2016-03-29,UPL,270.09478759765625,300.8999938964844,308.26666259765625,299.5,301.0666809082031,1637883
2016-03-30,UPL,282.5118408203125,314.73333740234375,316.9333190917969,302.6666564941406,302.6666564941406,3255997
2016-03-31,UPL,285.863037109375,318.4666748046875,322.0,310.76666259765625,313.4333190917969,2004705
2016-04-01,UPL,279.1308898925781,310.9666748046875,316.5666809082031,307.6333312988281,316.29998779296875,1202698
2016-04-04,UPL,279.7591552734375,311.6666564941406,314.3666687011719,307.0,314.0,1061061
2016-04-05,UPL,274.43328857421875,305.73333740234375,317.79998779296875,304.3999938964844,311.1333312988281,1272564
2016-04-06,UPL,274.0742492675781,305.3333435058594,309.3333435058594,299.0333251953125,305.3666687011719,1289821
2016-04-07,UPL,276.9167175292969,308.5,312.8333435058594,302.26666259765625,306.0,897489
2016-04-08,UPL,275.27099609375,306.6666564941406,312.4666748046875,305.0666809082031,311.20001220703125,762739
2016-04-11,UPL,284.7559814453125,317.23333740234375,318.1666564941406,305.4333190917969,308.0,2350294
2016-04-12,UPL,295.4077453613281,329.1000061035156,333.0666809082031,318.0,318.6666564941406,3667573
2016-04-13,UPL,301.48162841796875,335.8666687011719,337.8666687011719,332.1333312988281,334.0,2244100
2016-04-18,UPL,303.5461730957031,338.1666564941406,341.6333312988281,334.79998779296875,336.6666564941406,1615356
2016-04-20,UPL,301.8407287597656,336.26666259765625,340.9333190917969,331.1666564941406,340.73333740234375,2353390
2016-04-21,UPL,307.70513916015625,342.79998779296875,345.3333435058594,337.3333435058594,337.3333435058594,1689636
2016-04-22,UPL,313.1507873535156,348.8666687011719,349.8999938964844,338.3333435058594,340.3666687011719,2134524
2016-04-25,UPL,313.9286804199219,349.73333740234375,351.20001220703125,343.0,348.70001220703125,2000626
2016-04-26,UPL,305.5209655761719,340.3666687011719,349.70001220703125,338.8666687011719,346.6666564941406,1839661
2016-04-27,UPL,308.1539001464844,343.29998779296875,345.5666809082031,337.0,338.0666809082031,1421970
2016-04-28,UPL,309.3507995605469,344.6333312988281,348.0,340.6000061035156,342.6666564941406,2720692
2016-04-29,UPL,321.88763427734375,358.6000061035156,361.3333435058594,345.26666259765625,345.3333435058594,5318703
2016-05-02,UPL,355.997314453125,396.6000061035156,399.8333435058594,358.8666687011719,361.1000061035156,12544923
2016-05-03,UPL,346.7518310546875,386.29998779296875,402.26666259765625,384.1666564941406,396.6666564941406,4941321
2016-05-04,UPL,346.5423889160156,386.0666809082031,390.9666748046875,380.79998779296875,386.4666748046875,3696498
2016-05-05,UPL,354.5311584472656,394.9666748046875,404.6000061035156,385.0333251953125,388.3333435058594,4163034
2016-05-06,UPL,354.8004455566406,395.26666259765625,405.3333435058594,391.8333435058594,393.9333190917969,3994504
2016-05-09,UPL,351.3895263671875,391.4666748046875,397.3666687011719,388.1333312988281,397.3666687011719,1945158
2016-05-10,UPL,352.2272644042969,392.3999938964844,398.5666809082031,388.73333740234375,393.6666564941406,3111408
2016-05-11,UPL,355.1894226074219,395.70001220703125,399.6666564941406,385.20001220703125,388.0,2711422
2016-05-12,UPL,358.66021728515625,399.5666809082031,404.5333251953125,396.3999938964844,397.6000061035156,3538417
2016-05-13,UPL,349.324951171875,389.1666564941406,408.6333312988281,381.9333190917969,401.0333251953125,4836756
2016-05-16,UPL,349.9832458496094,389.8999938964844,394.0,384.1666564941406,388.79998779296875,2198347
2016-05-17,UPL,347.2005920410156,386.79998779296875,395.6000061035156,384.8666687011719,392.0,3002503
2016-05-18,UPL,341.3361511230469,380.26666259765625,385.9333190917969,376.1000061035156,385.3333435058594,2432331
2016-05-19,UPL,335.74090576171875,374.0333251953125,384.5333251953125,372.3333435058594,379.6666564941406,1956024
2016-05-20,UPL,344.8667907714844,384.20001220703125,387.20001220703125,370.0,374.6666564941406,3122713
2016-05-23,UPL,341.51568603515625,380.4666748046875,390.26666259765625,378.73333740234375,386.26666259765625,1719154
2016-05-24,UPL,340.04949951171875,378.8333435058594,382.73333740234375,376.1333312988281,381.20001220703125,1934611
2016-05-25,UPL,352.0776672363281,392.23333740234375,393.8666687011719,382.4666748046875,382.4666748046875,3049765
2016-05-26,UPL,354.83038330078125,395.29998779296875,399.1000061035156,392.0,394.20001220703125,8566507
2016-05-27,UPL,356.2965087890625,396.9333190917969,402.4666748046875,394.1333312988281,396.4666748046875,2155468
2016-05-30,UPL,354.1123046875,394.5,401.73333740234375,390.9333190917969,398.6000061035156,1747710
2016-05-31,UPL,356.35638427734375,397.0,405.0,393.5,396.3333435058594,4957333
2016-06-01,UPL,353.8729248046875,394.23333740234375,398.8999938964844,390.26666259765625,398.8333435058594,2379495
2016-06-02,UPL,362.0113525390625,403.29998779296875,406.1333312988281,393.5333251953125,394.6666564941406,5576956
2016-06-03,UPL,362.6695861816406,404.0333251953125,411.29998779296875,402.0333251953125,405.3333435058594,3974541
2016-06-06,UPL,365.9908447265625,407.73333740234375,410.8999938964844,404.1333312988281,405.3333435058594,3329179
2016-06-07,UPL,359.1090087890625,400.0666809082031,409.9666748046875,397.6000061035156,409.76666259765625,2816902
2016-06-08,UPL,358.51068115234375,399.3999938964844,403.3333435058594,396.0,400.0,1580628
2016-06-09,UPL,353.3044128417969,393.6000061035156,401.5333251953125,391.3666687011719,400.0333251953125,1609338
2016-06-10,UPL,347.0809326171875,386.6666564941406,393.1666564941406,385.3666687011719,391.0666809082031,2420034
2016-06-13,UPL,351.2099914550781,391.26666259765625,392.4666748046875,377.70001220703125,385.0,1443046
2016-06-14,UPL,348.5170593261719,388.26666259765625,394.5666809082031,384.0,393.3333435058594,1333026
2016-06-15,UPL,350.01312255859375,389.9333190917969,392.6666564941406,387.0,389.9333190917969,1160505
2016-06-16,UPL,342.98175048828125,378.9666748046875,388.6666564941406,374.3333435058594,388.6666564941406,2698956
2016-06-17,UPL,342.1973571777344,378.1000061035156,384.0,376.3666687011719,381.3999938964844,1421089
2016-06-20,UPL,343.3437194824219,379.3666687011719,380.8999938964844,371.1000061035156,374.0333251953125,3382029
2016-06-21,UPL,338.8185119628906,374.3666687011719,382.79998779296875,373.5666809082031,381.26666259765625,2181231
2016-06-22,UPL,335.4697570800781,370.6666564941406,377.5333251953125,367.73333740234375,375.9333190917969,1503820
2016-06-23,UPL,327.0528869628906,361.3666687011719,371.3333435058594,360.3333435058594,370.6666564941406,2596254
2016-06-24,UPL,325.9366455078125,360.1333312988281,362.0,326.6666564941406,350.0,3969829
2016-06-27,UPL,328.83282470703125,363.3333435058594,365.6666564941406,358.6666564941406,361.20001220703125,957154
2016-06-28,UPL,329.52667236328125,364.1000061035156,368.5333251953125,362.3666687011719,365.23333740234375,2999422
2016-06-29,UPL,331.638427734375,366.4333190917969,369.6666564941406,363.76666259765625,366.0,2228967
2016-06-30,UPL,331.9100036621094,366.73333740234375,375.9333190917969,365.3999938964844,368.9666748046875,3498403
2016-07-01,UPL,338.1849060058594,373.6666564941406,375.8333435058594,368.6666564941406,369.26666259765625,2808022
2016-07-04,UPL,335.4094543457031,370.6000061035156,377.79998779296875,369.5,375.79998779296875,1517442
2016-07-05,UPL,329.6172180175781,364.20001220703125,368.79998779296875,361.6666564941406,368.0,1362793
2016-07-07,UPL,334.4139404296875,369.5,372.3333435058594,360.70001220703125,362.6666564941406,2439327
2016-07-08,UPL,332.8451843261719,367.76666259765625,374.1333312988281,365.0,371.1333312988281,2278534
2016-07-11,UPL,329.7981872558594,364.3999938964844,371.5666809082031,358.8999938964844,369.3333435058594,1369390
2016-07-12,UPL,331.9703063964844,366.79998779296875,368.23333740234375,362.23333740234375,364.0,1613398
2016-07-13,UPL,338.6676025390625,374.20001220703125,375.8666687011719,365.0333251953125,366.79998779296875,3321363
2016-07-14,UPL,343.3738708496094,379.3999938964844,380.6666564941406,374.3999938964844,375.9666748046875,3329862
2016-07-15,UPL,341.86541748046875,377.73333740234375,382.6333312988281,375.3999938964844,381.26666259765625,2181013
2016-07-18,UPL,335.288818359375,370.4666748046875,379.3333435058594,367.5,378.4666748046875,922816
2016-07-19,UPL,333.7803955078125,368.79998779296875,373.0666809082031,366.0,370.4333190917969,1481286
2016-07-20,UPL,333.5088806152344,368.5,370.6666564941406,367.0666809082031,368.79998779296875,1255704
2016-07-21,UPL,337.3402404785156,372.73333740234375,374.3333435058594,366.0,368.8666687011719,1775121
2016-07-22,UPL,352.4242858886719,389.3999938964844,390.6666564941406,373.5333251953125,374.5333251953125,3343884
2016-07-25,UPL,349.5885009765625,386.26666259765625,391.1333312988281,382.9666748046875,391.1333312988281,1607110
2016-07-26,UPL,348.80413818359375,385.3999938964844,393.1666564941406,382.8999938964844,386.26666259765625,1890214
2016-07-27,UPL,367.32733154296875,405.8666687011719,407.23333740234375,387.3333435058594,387.3333435058594,8056411
2016-07-28,UPL,368.11175537109375,406.73333740234375,412.0,401.8666687011719,408.5,4177485
2016-07-29,UPL,377.0113525390625,416.5666809082031,419.8333435058594,403.9666748046875,408.6333312988281,13247343
2016-08-01,UPL,369.016845703125,407.73333740234375,419.9666748046875,404.8999938964844,418.6333312988281,2723013
2016-08-02,UPL,354.77740478515625,392.0,411.29998779296875,388.1333312988281,410.6000061035156,3598398
2016-08-03,UPL,351.88128662109375,388.79998779296875,396.5333251953125,383.8999938964844,392.0,3431158
2016-08-04,UPL,363.4055480957031,401.5333251953125,404.23333740234375,390.76666259765625,392.5666809082031,3653280
2016-08-05,UPL,370.4648132324219,409.3333435058594,410.8999938964844,402.0333251953125,402.6666564941406,2031484
2016-08-08,UPL,375.38232421875,414.76666259765625,419.6000061035156,409.6666564941406,409.73333740234375,2774490
2016-08-09,UPL,371.6112365722656,410.6000061035156,417.29998779296875,403.6666564941406,417.29998779296875,1753818
2016-08-10,UPL,374.26605224609375,413.5333251953125,419.3333435058594,409.8333435058594,412.1000061035156,2689690
2016-08-11,UPL,379.12310791015625,418.8999938964844,424.29998779296875,409.73333740234375,413.9333190917969,3487153
2016-08-12,UPL,379.84716796875,419.70001220703125,423.26666259765625,417.8999938964844,419.70001220703125,1680399
2016-08-16,UPL,377.82586669921875,417.4666748046875,425.1666564941406,413.4666748046875,421.3333435058594,1646533
2016-08-17,UPL,387.7210388183594,428.3999938964844,430.9333190917969,415.3666687011719,418.0,2559112
2016-08-18,UPL,388.595947265625,429.3666687011719,435.0,426.0666809082031,430.6666564941406,2391418
2016-08-19,UPL,389.2897644042969,430.1333312988281,433.26666259765625,425.3333435058594,430.8333435058594,1816719
2016-08-22,UPL,393.392578125,434.6666564941406,437.0,427.5666809082031,429.3333435058594,2329897
2016-08-23,UPL,389.3199768066406,430.1666564941406,435.73333740234375,426.5333251953125,432.0,1369753
2016-08-24,UPL,388.68646240234375,429.4666748046875,434.4666748046875,427.4333190917969,428.0333251953125,1105839
2016-08-25,UPL,381.4762268066406,421.5,430.70001220703125,419.5333251953125,430.0,2131851
2016-08-26,UPL,383.01483154296875,423.20001220703125,426.0,417.1000061035156,423.0,1926951
2016-08-29,UPL,384.4327087402344,424.76666259765625,432.79998779296875,421.0666809082031,421.0666809082031,2539707
2016-08-30,UPL,385.3981018066406,425.8333435058594,429.1333312988281,425.29998779296875,426.70001220703125,776856
2016-08-31,UPL,385.5188293457031,425.9666748046875,429.76666259765625,423.1666564941406,427.6000061035156,2121276
2016-09-01,UPL,378.3990478515625,418.1000061035156,430.0,408.5333251953125,426.6000061035156,1315270
2016-09-02,UPL,383.25616455078125,423.4666748046875,426.6000061035156,411.3999938964844,416.73333740234375,1404013
2016-09-06,UPL,390.94903564453125,431.9666748046875,433.8666687011719,421.3333435058594,421.3333435058594,1801798
2016-09-07,UPL,398.732421875,440.5666809082031,445.3333435058594,431.0333251953125,431.0666809082031,3152097
2016-09-08,UPL,397.8274230957031,439.5666809082031,441.73333740234375,434.8999938964844,440.6666564941406,984024
2016-09-09,UPL,398.5212707519531,440.3333435058594,447.5666809082031,433.3333435058594,433.3333435058594,2450169
2016-09-12,UPL,391.6428527832031,432.73333740234375,438.6000061035156,423.3999938964844,432.0,2630427
2016-09-14,UPL,420.1216735839844,464.20001220703125,466.8333435058594,432.23333740234375,432.23333740234375,3524353
2016-09-15,UPL,413.15283203125,456.5,473.79998779296875,454.8333435058594,468.73333740234375,3721812
2016-09-16,UPL,418.0098571777344,461.8666687011719,467.0,455.0333251953125,457.70001220703125,4837236
2016-09-19,UPL,411.6443786621094,454.8333435058594,466.4666748046875,452.6000061035156,466.4666748046875,2930545
2016-09-20,UPL,410.16619873046875,453.20001220703125,460.8333435058594,451.73333740234375,457.3333435058594,2094955
2016-09-21,UPL,412.8209533691406,456.1333312988281,464.6666564941406,450.5,454.9333190917969,2900809
2016-09-22,UPL,412.85107421875,456.1666564941406,464.20001220703125,453.8666687011719,460.6666564941406,2541862
2016-09-23,UPL,417.76849365234375,461.6000061035156,471.26666259765625,455.3999938964844,458.6666564941406,4111311
2016-09-26,UPL,411.58404541015625,454.76666259765625,462.79998779296875,452.4333190917969,462.79998779296875,1843926
2016-09-27,UPL,412.51922607421875,455.79998779296875,463.26666259765625,453.8333435058594,457.79998779296875,2086689
2016-09-28,UPL,412.096923828125,455.3333435058594,460.5666809082031,452.8666687011719,458.6666564941406,2781181
2016-09-29,UPL,392.3669128417969,433.5333251953125,458.3666687011719,428.76666259765625,458.29998779296875,3015561
2016-09-30,UPL,406.576171875,449.23333740234375,451.3333435058594,429.4333190917969,430.0,1335181
2016-10-03,UPL,410.40753173828125,453.4666748046875,457.4666748046875,449.3666687011719,450.6000061035156,1156452
2016-10-04,UPL,408.175048828125,451.0,455.1333312988281,442.1333312988281,455.1333312988281,1462146
2016-10-05,UPL,410.5281982421875,453.6000061035156,459.20001220703125,450.5,454.0,1712820
2016-10-06,UPL,405.1582336425781,447.6666564941406,455.5333251953125,444.23333740234375,454.6666564941406,1367763
2016-10-07,UPL,405.5805969238281,448.1333312988281,454.0,445.5666809082031,449.0,904690
2016-10-10,UPL,404.7962341308594,447.26666259765625,452.9333190917969,446.6666564941406,452.20001220703125,395385
2016-10-13,UPL,403.8609924316406,446.23333740234375,448.8666687011719,431.8666687011719,445.26666259765625,1977478
2016-10-14,UPL,412.30810546875,455.5666809082031,457.3333435058594,444.20001220703125,446.6666564941406,1719289
2016-10-17,UPL,414.4198913574219,457.8999938964844,462.0,452.0,452.5333251953125,2726593
2016-10-18,UPL,417.88916015625,461.73333740234375,462.8999938964844,458.0666809082031,460.0,1664398
2016-10-19,UPL,428.53851318359375,473.5,475.1666564941406,455.5,462.0,3742399
2016-10-20,UPL,431.37432861328125,476.6333312988281,480.6000061035156,470.5333251953125,474.6666564941406,3624388
2016-10-21,UPL,433.4258117675781,478.8999938964844,481.4666748046875,474.0,474.6666564941406,1787643
2016-10-24,UPL,435.2962341308594,480.9666748046875,487.1333312988281,475.5,478.0666809082031,1319865
2016-10-25,UPL,430.1374816894531,475.26666259765625,481.3999938964844,467.6333312988281,477.73333740234375,1289877
2016-10-26,UPL,421.8411865234375,466.1000061035156,478.9333190917969,462.3333435058594,473.70001220703125,1614688
2016-10-27,UPL,426.2759704589844,471.0,476.1000061035156,463.3666687011719,466.0,2515780
2016-10-28,UPL,421.0266418457031,465.20001220703125,475.76666259765625,442.9333190917969,469.3999938964844,9140725
2016-11-01,UPL,426.1250915527344,470.8333435058594,472.9666748046875,465.5333251953125,465.9333190917969,2363965
2016-11-02,UPL,410.3772888183594,453.4333190917969,467.6000061035156,451.23333740234375,464.0,2312641
2016-11-03,UPL,403.8609924316406,446.23333740234375,458.0,441.0666809082031,455.9666748046875,3923296
2016-11-04,UPL,405.73138427734375,448.29998779296875,450.6666564941406,439.20001220703125,450.0,1893363
2016-11-07,UPL,403.2576904296875,445.5666809082031,456.6000061035156,443.4666748046875,450.0,1598154
2016-11-08,UPL,412.9416198730469,456.26666259765625,458.23333740234375,437.6000061035156,447.3333435058594,2463969
2016-11-09,UPL,398.943603515625,440.79998779296875,446.6666564941406,416.0333251953125,427.6666564941406,3373510
2016-11-10,UPL,418.884765625,462.8333435058594,468.8666687011719,445.73333740234375,447.79998779296875,2318668
2016-11-11,UPL,390.4361877441406,431.3999938964844,461.3666687011719,428.70001220703125,461.3333435058594,2288493
2016-11-15,UPL,362.2289733886719,400.23333740234375,431.3333435058594,397.3333435058594,431.3333435058594,3134719
2016-11-16,UPL,374.50738525390625,413.79998779296875,424.20001220703125,396.0,400.70001220703125,3349587
2016-11-17,UPL,372.3352966308594,411.3999938964844,417.73333740234375,406.3333435058594,413.79998779296875,1417891
2016-11-18,UPL,376.2571105957031,415.73333740234375,419.4666748046875,411.6666564941406,416.6000061035156,1242781
2016-11-21,UPL,367.3575134277344,405.8999938964844,419.0,399.73333740234375,415.6666564941406,1633414
2016-11-22,UPL,365.7586364746094,404.1333312988281,415.3333435058594,389.4666748046875,406.76666259765625,3432742
2016-11-23,UPL,368.6849365234375,407.3666687011719,413.6666564941406,405.3666687011719,409.26666259765625,2422738
2016-11-24,UPL,367.5989074707031,406.1666564941406,409.8666687011719,398.3333435058594,407.26666259765625,1970608
2016-11-25,UPL,379.3343200683594,419.1333312988281,420.6666564941406,400.9333190917969,406.23333740234375,1638352
2016-11-28,UPL,379.3041687011719,419.1000061035156,423.0,413.3666687011719,416.73333740234375,1082518
2016-11-29,UPL,377.37335205078125,416.9666748046875,425.79998779296875,413.4666748046875,413.4666748046875,2544478
2016-11-30,UPL,382.501953125,422.6333312988281,424.0,416.1000061035156,418.6666564941406,2407503
2016-12-01,UPL,392.4876403808594,433.6666564941406,436.0666809082031,420.0,420.6666564941406,3270271
2016-12-02,UPL,393.5133361816406,434.79998779296875,440.29998779296875,428.6666564941406,431.8666687011719,2676963
2016-12-05,UPL,400.4218444824219,442.4333190917969,444.5666809082031,432.6333312988281,432.6666564941406,1102591
2016-12-06,UPL,405.7917785644531,448.3666687011719,453.3333435058594,440.6333312988281,444.8666687011719,1670886
2016-12-07,UPL,405.5805969238281,448.1333312988281,452.0666809082031,444.0333251953125,451.4666748046875,700302
2016-12-08,UPL,422.444580078125,466.76666259765625,469.0,451.3666687011719,452.9666748046875,2011207
2016-12-09,UPL,419.6389465332031,463.6666564941406,474.6666564941406,460.3333435058594,468.3333435058594,1691475
2016-12-12,UPL,419.6690979003906,463.70001220703125,468.6666564941406,458.0,463.3333435058594,962292
2016-12-13,UPL,409.1102294921875,452.0333251953125,468.29998779296875,449.5666809082031,463.3333435058594,1580233
2016-12-14,UPL,392.8496398925781,434.0666809082031,453.3666687011719,432.0,453.3333435058594,2582125
2016-12-15,UPL,389.07861328125,429.8999938964844,440.0,425.3333435058594,425.3333435058594,3273342
2016-12-16,UPL,400.2709655761719,442.26666259765625,444.6333312988281,426.5666809082031,433.1333312988281,2501217
2016-12-19,UPL,386.75567626953125,427.3333435058594,441.8999938964844,424.0666809082031,441.8999938964844,1571983
2016-12-20,UPL,382.7131652832031,422.8666687011719,432.73333740234375,420.5,427.3333435058594,1178775
2016-12-21,UPL,380.78240966796875,420.73333740234375,425.6000061035156,416.8999938964844,423.3333435058594,1027701
2016-12-22,UPL,373.45147705078125,412.6333312988281,420.6000061035156,410.8666687011719,418.73333740234375,973468
2016-12-23,UPL,378.3085632324219,418.0,424.23333740234375,406.8999938964844,415.3333435058594,1654650
2016-12-26,UPL,369.43914794921875,408.20001220703125,419.26666259765625,404.3333435058594,419.26666259765625,1319907
2016-12-27,UPL,384.01031494140625,424.29998779296875,426.6666564941406,404.0333251953125,406.6666564941406,1493470
2016-12-28,UPL,380.9030456542969,420.8666687011719,430.6666564941406,419.1666564941406,428.0333251953125,2663275
2016-12-29,UPL,384.94561767578125,425.3333435058594,426.6666564941406,420.0666809082031,421.3999938964844,1257276
2016-12-30,UPL,390.3758544921875,431.3333435058594,435.6666564941406,428.0,429.8666687011719,1190467
2017-01-02,UPL,397.40496826171875,439.1000061035156,440.29998779296875,430.0,432.8666687011719,945859
2017-01-03,UPL,395.2027893066406,436.6666564941406,442.9333190917969,435.1000061035156,440.3333435058594,969625
2017-01-04,UPL,402.77496337890625,445.0333251953125,447.6333312988281,434.5666809082031,435.6666564941406,2629642
2017-01-05,UPL,407.0286560058594,449.73333740234375,451.3333435058594,443.3999938964844,445.3333435058594,1873233
2017-01-06,UPL,398.15924072265625,439.9333190917969,451.79998779296875,438.5333251953125,450.6666564941406,1653589
2017-01-09,UPL,406.0029602050781,448.6000061035156,450.9666748046875,440.0333251953125,441.3333435058594,881332
2017-01-10,UPL,400.3313293457031,442.3333435058594,453.3333435058594,440.3999938964844,448.6000061035156,1391656
2017-01-11,UPL,403.7705078125,446.1333312988281,448.3333435058594,438.6666564941406,444.0,3171093
2017-01-12,UPL,413.635498046875,457.0333251953125,458.0,444.0666809082031,450.8666687011719,2216790
2017-01-13,UPL,415.1439208984375,458.70001220703125,464.6333312988281,455.73333740234375,459.3333435058594,2225283
2017-01-16,UPL,423.9831848144531,468.4666748046875,469.9333190917969,454.1000061035156,458.5333251953125,2568345
2017-01-17,UPL,443.20025634765625,489.70001220703125,491.3333435058594,470.6666564941406,470.8333435058594,6998775
2017-01-18,UPL,440.75665283203125,487.0,491.5666809082031,482.6000061035156,491.5666809082031,2318488
2017-01-19,UPL,446.2472839355469,493.0666809082031,498.3333435058594,483.3666687011719,486.6333312988281,2780694
2017-01-20,UPL,442.71759033203125,489.1666564941406,496.6000061035156,486.0,490.23333740234375,2141527
2017-01-23,UPL,438.0716857910156,484.0333251953125,489.8333435058594,478.0,487.26666259765625,1652083
2017-01-24,UPL,440.1835021972656,486.3666687011719,489.8999938964844,480.6666564941406,487.20001220703125,2203471
2017-01-25,UPL,446.6092529296875,493.4666748046875,503.0,482.9333190917969,486.8333435058594,5829225
2017-01-27,UPL,439.5197448730469,485.6333312988281,501.1000061035156,484.1666564941406,493.6666564941406,3003549
2017-01-30,UPL,445.3120422363281,492.0333251953125,494.1333312988281,485.8666687011719,485.8666687011719,1684875
2017-01-31,UPL,437.2873229980469,483.1666564941406,494.3666687011719,481.5666809082031,494.3666687011719,1291596
2017-02-01,UPL,447.27294921875,494.20001220703125,496.6000061035156,476.1333312988281,483.76666259765625,3405043
2017-02-02,UPL,446.54888916015625,493.3999938964844,501.1000061035156,489.3333435058594,492.8666687011719,2364807
2017-02-03,UPL,445.4025573730469,492.1333312988281,496.6000061035156,488.3999938964844,493.9666748046875,2007984
2017-02-06,UPL,438.252685546875,484.23333740234375,493.5333251953125,478.1333312988281,493.3333435058594,2589018
2017-02-07,UPL,439.88177490234375,486.0333251953125,492.6666564941406,481.3666687011719,486.0,2407051
2017-02-08,UPL,439.0672302246094,485.1333312988281,487.8333435058594,482.0333251953125,486.0,1205572
2017-02-09,UPL,445.55340576171875,492.29998779296875,494.1000061035156,483.4333190917969,486.0,3228429
2017-02-10,UPL,438.61474609375,484.6333312988281,493.73333740234375,482.26666259765625,493.3333435058594,1952700
2017-02-13,UPL,440.5152893066406,486.73333740234375,488.5,480.8666687011719,486.6666564941406,767205
2017-02-14,UPL,431.9173583984375,477.23333740234375,486.6666564941406,473.4666748046875,486.6000061035156,1202295
2017-02-15,UPL,427.8446960449219,472.73333740234375,480.3999938964844,466.8333435058594,478.9333190917969,1393485
2017-02-16,UPL,422.2937316894531,466.6000061035156,472.6333312988281,461.4666748046875,469.73333740234375,3255040
2017-02-17,UPL,428.5686950683594,473.5333251953125,475.76666259765625,463.3333435058594,466.5333251953125,1277206
2017-02-20,UPL,431.25372314453125,476.5,480.76666259765625,473.20001220703125,473.6666564941406,1087543
2017-02-21,UPL,429.2022399902344,474.23333740234375,476.6666564941406,470.76666259765625,475.8999938964844,957811
2017-02-22,UPL,427.72406005859375,472.6000061035156,477.0333251953125,469.3333435058594,474.20001220703125,2286169
2017-02-23,UPL,433.27496337890625,478.73333740234375,481.8333435058594,470.0333251953125,474.6333312988281,2655171
2017-02-27,UPL,431.7364196777344,477.0333251953125,480.0333251953125,472.0,479.6666564941406,2111278
2017-02-28,UPL,433.39569091796875,478.8666687011719,484.3333435058594,475.9666748046875,476.6666564941406,1383343
2017-03-01,UPL,432.82244873046875,478.23333740234375,483.0,475.3333435058594,477.8666687011719,1051450
2017-03-02,UPL,423.2893371582031,467.70001220703125,483.3333435058594,458.8999938964844,481.26666259765625,1828281
2017-03-03,UPL,416.6824951171875,460.3999938964844,467.0333251953125,456.1666564941406,464.20001220703125,2395936
2017-03-06,UPL,412.7908020019531,456.1000061035156,462.5,453.6000061035156,461.0666809082031,1717716
2017-03-07,UPL,424.10382080078125,468.6000061035156,470.0,456.6333312988281,456.6666564941406,2761768
2017-03-08,UPL,427.0603332519531,471.8666687011719,476.23333740234375,468.8333435058594,471.6000061035156,2743824
2017-03-09,UPL,430.46929931640625,475.6333312988281,480.3666687011719,471.8999938964844,472.8999938964844,1689442
2017-03-10,UPL,425.0993957519531,469.70001220703125,477.8333435058594,467.5,472.0666809082031,1099434
2017-03-14,UPL,423.6211853027344,468.0666809082031,479.0,465.6666564941406,477.3333435058594,3079066
2017-03-15,UPL,428.8703308105469,473.8666687011719,475.3333435058594,462.20001220703125,464.8333435058594,1570510
2017-03-16,UPL,427.60333251953125,472.4666748046875,479.8999938964844,470.6666564941406,476.6666564941406,3045013
2017-03-17,UPL,432.2191162109375,477.5666809082031,487.0666809082031,472.8999938964844,475.6000061035156,5189733
2017-03-20,UPL,432.5207824707031,477.8999938964844,480.9333190917969,473.3999938964844,478.0,866446
2017-03-21,UPL,438.9164123535156,484.9666748046875,485.9333190917969,477.8999938964844,478.0,3529212
2017-03-22,UPL,433.36541748046875,478.8333435058594,485.0,476.76666259765625,481.6666564941406,1332822
2017-03-23,UPL,440.0024108886719,486.1666564941406,488.3333435058594,476.73333740234375,481.9333190917969,1587768
2017-03-24,UPL,435.6883850097656,481.3999938964844,490.3999938964844,479.73333740234375,487.1333312988281,1477219
2017-03-27,UPL,437.8907165527344,483.8333435058594,486.4666748046875,480.0,481.1333312988281,1352784
2017-03-28,UPL,435.71856689453125,481.4333190917969,489.8999938964844,479.79998779296875,486.5333251953125,3011160
2017-03-29,UPL,434.059326171875,479.6000061035156,485.73333740234375,477.23333740234375,481.3333435058594,2068618
2017-03-30,UPL,431.10284423828125,476.3333435058594,483.6000061035156,473.20001220703125,480.0,2289387
2017-03-31,UPL,438.58453369140625,484.6000061035156,489.1333312988281,478.3666687011719,479.20001220703125,1844619
2017-04-03,UPL,443.7432861328125,490.29998779296875,497.0666809082031,484.23333740234375,484.76666259765625,2732100
2017-04-05,UPL,441.7220458984375,488.0666809082031,493.23333740234375,483.3333435058594,491.6666564941406,2175444
2017-04-06,UPL,439.9119873046875,486.0666809082031,492.8666687011719,484.29998779296875,490.9333190917969,1722798
2017-04-07,UPL,438.55438232421875,484.5666809082031,489.76666259765625,482.0,486.6000061035156,1001809
2017-04-10,UPL,441.7522888183594,488.1000061035156,490.5333251953125,483.6000061035156,485.76666259765625,1129711
2017-04-11,UPL,443.3209533691406,489.8333435058594,497.20001220703125,487.4333190917969,490.0,2010442
2017-04-12,UPL,444.07513427734375,490.6666564941406,495.6000061035156,484.6666564941406,490.26666259765625,1955877
2017-04-13,UPL,438.79571533203125,484.8333435058594,492.8999938964844,482.6666564941406,490.4666748046875,2685382
2017-04-17,UPL,443.9242858886719,490.5,491.8666687011719,480.3999938964844,482.0,687910
2017-04-18,UPL,459.4005432128906,507.6000061035156,519.2666625976562,489.3333435058594,489.3333435058594,5717833
2017-04-19,UPL,466.03759765625,514.933349609375,526.6666870117188,510.0,510.8666687011719,3433932
2017-04-20,UPL,471.89019775390625,521.4000244140625,531.0,515.6666870117188,515.6666870117188,4459855
2017-04-21,UPL,470.32147216796875,519.6666870117188,526.5999755859375,515.566650390625,526.5999755859375,1608825
2017-04-24,UPL,479.2511901855469,529.5333251953125,534.4000244140625,520.2666625976562,520.2666625976562,1768713
2017-04-25,UPL,486.91387939453125,538.0,539.5999755859375,530.7999877929688,533.2000122070312,1565665
2017-04-26,UPL,501.5455627441406,554.1666870117188,557.9666748046875,538.933349609375,539.933349609375,3779569
2017-04-27,UPL,493.8526306152344,545.6666870117188,576.6333618164062,534.8666381835938,555.0,14137957
2017-04-28,UPL,486.40106201171875,537.433349609375,547.7999877929688,533.433349609375,541.6666870117188,6573736
2017-05-02,UPL,485.3753662109375,536.2999877929688,543.7333374023438,529.2999877929688,541.4666748046875,1777000
2017-05-03,UPL,490.29278564453125,541.7333374023438,546.3333129882812,536.2000122070312,540.4666748046875,1574332
2017-05-04,UPL,489.56866455078125,540.933349609375,544.6666870117188,536.7333374023438,544.6666870117188,2411671
2017-05-05,UPL,487.4569396972656,538.5999755859375,545.1666870117188,536.0,542.0,2048541
2017-05-08,UPL,485.0133361816406,535.9000244140625,542.8666381835938,533.5,538.6666870117188,2348380
2017-05-09,UPL,491.0771484375,542.5999755859375,544.1666870117188,534.0999755859375,535.933349609375,1601775
2017-05-10,UPL,496.8694152832031,549.0,551.0,545.066650390625,545.9666748046875,1674975
2017-05-11,UPL,497.98565673828125,550.2333374023438,558.0,545.8666381835938,551.2000122070312,1834797
2017-05-12,UPL,497.32183837890625,549.5,553.2666625976562,545.6666870117188,551.2666625976562,1304827
2017-05-15,UPL,505.16571044921875,558.1666870117188,563.8666381835938,549.5,551.933349609375,2076982
2017-05-16,UPL,499.01129150390625,551.3666381835938,559.5999755859375,548.7000122070312,558.5999755859375,1267410
2017-05-17,UPL,501.0627746582031,553.6333618164062,554.6666870117188,548.2999877929688,552.5999755859375,703501
2017-05-18,UPL,493.5207214355469,545.2999877929688,552.2666625976562,542.6666870117188,546.6666870117188,1249521
2017-05-19,UPL,477.5316162109375,527.6333618164062,539.9666748046875,499.6666564941406,539.9666748046875,8373460
2017-05-22,UPL,476.9584045410156,527.0,537.433349609375,520.3666381835938,528.066650390625,1781370
2017-05-23,UPL,473.9718017578125,523.7000122070312,528.6666870117188,510.4333190917969,526.0,1609581
2017-05-24,UPL,474.9672546386719,524.7999877929688,529.933349609375,517.2333374023438,527.066650390625,1348732
2017-05-25,UPL,488.9351806640625,540.2333374023438,552.2666625976562,527.0333251953125,527.2999877929688,8040070
2017-05-26,UPL,505.3768005371094,558.4000244140625,562.0,536.933349609375,537.4666748046875,1192593
2017-05-29,UPL,510.29425048828125,563.8333129882812,572.2666625976562,550.0,560.0,1646335
2017-05-30,UPL,512.9490356445312,566.7666625976562,576.5999755859375,557.4000244140625,564.6666870117188,1675573
2017-05-31,UPL,519.676513671875,574.2000122070312,584.0,566.8333129882812,568.2666625976562,2761011
2017-06-01,UPL,529.119140625,584.6333618164062,586.6666870117188,574.3666381835938,574.3666381835938,1315875
2017-06-02,UPL,521.9994506835938,576.7666625976562,588.6333618164062,574.7333374023438,585.2999877929688,775540
2017-06-05,UPL,527.791748046875,583.1666870117188,587.566650390625,576.6666870117188,577.3333129882812,1078387
2017-06-06,UPL,522.27099609375,577.066650390625,587.1666870117188,574.1333618164062,583.2000122070312,1229401
2017-06-07,UPL,518.4697875976562,572.8666381835938,586.2333374023438,571.7999877929688,582.8333129882812,1024815
2017-06-08,UPL,522.904541015625,577.7666625976562,583.0,573.2999877929688,574.5999755859375,1498938
2017-06-09,UPL,516.8707885742188,571.0999755859375,581.6666870117188,565.3666381835938,578.933349609375,868491
2017-06-12,UPL,508.1825256347656,561.5,571.0,559.2333374023438,571.0,697597
2017-06-13,UPL,512.2552490234375,566.0,571.1333618164062,559.0333251953125,560.0,858133
2017-06-14,UPL,510.95794677734375,564.566650390625,569.9666748046875,558.6666870117188,569.9666748046875,1123942
2017-06-15,UPL,515.1211547851562,569.1666870117188,576.4666748046875,560.933349609375,564.6666870117188,1674375
2017-06-16,UPL,522.5425415039062,577.3666381835938,587.3333129882812,572.0,572.0,3285780
2017-06-19,UPL,527.1885375976562,582.5,589.5,576.7333374023438,578.1666870117188,1957888
2017-06-20,UPL,520.0687255859375,574.6333618164062,594.566650390625,572.5999755859375,590.6666870117188,2474805
2017-06-21,UPL,522.6029052734375,577.433349609375,582.6666870117188,570.2333374023438,573.3333129882812,1562107
2017-06-22,UPL,523.676025390625,574.1333618164062,577.066650390625,570.7999877929688,574.5333251953125,1424337
2017-06-23,UPL,507.1666259765625,556.0333251953125,576.5333251953125,553.4666748046875,574.3333129882812,1434571
2017-06-27,UPL,507.80511474609375,556.7333374023438,563.2333374023438,550.066650390625,557.3666381835938,1569039
2017-06-28,UPL,506.46728515625,555.2666625976562,556.7333374023438,548.6666870117188,556.0,746140
2017-06-29,UPL,502.60601806640625,551.0333251953125,560.3333129882812,547.4000244140625,554.066650390625,1302745
2017-06-30,UPL,511.0278625488281,560.2666625976562,562.6666870117188,547.5999755859375,549.6666870117188,1707474
2017-07-03,UPL,520.5747680664062,570.7333374023438,572.6666870117188,560.6666870117188,560.6666870117188,1556733
2017-07-04,UPL,515.4669799804688,565.1333618164062,573.7999877929688,563.3333129882812,573.7999877929688,844156
2017-07-05,UPL,519.024169921875,569.0333251953125,571.2333374023438,564.066650390625,565.1333618164062,879588
2017-07-06,UPL,516.7135009765625,566.5,570.7000122070312,562.066650390625,568.7333374023438,1400326
2017-07-07,UPL,516.5005493164062,566.2666625976562,567.9000244140625,560.5,563.566650390625,1043607
2017-07-10,UPL,517.3519287109375,567.2000122070312,570.0,565.3333129882812,567.3333129882812,194754
2017-07-11,UPL,519.2369384765625,569.2666625976562,576.0,566.0333251953125,566.3666381835938,1651705
2017-07-12,UPL,525.621826171875,576.2666625976562,583.2666625976562,568.1333618164062,568.1333618164062,2795179
2017-07-13,UPL,525.8953247070312,576.566650390625,582.5999755859375,572.7000122070312,578.6666870117188,2424670
2017-07-14,UPL,524.89208984375,575.4666748046875,584.566650390625,571.3666381835938,575.1333618164062,1230417
2017-07-17,UPL,525.4392700195312,576.066650390625,581.1666870117188,572.0,577.3333129882812,651919
2017-07-18,UPL,520.8179321289062,571.0,579.0,568.6333618164062,571.4000244140625,1554114
2017-07-19,UPL,522.39892578125,572.7333374023438,575.3333129882812,569.4000244140625,571.7333374023438,1039351
2017-07-20,UPL,520.4835815429688,570.6333618164062,575.0999755859375,569.7000122070312,573.2999877929688,710302
2017-07-21,UPL,524.89208984375,575.4666748046875,578.5,569.9000244140625,570.6333618164062,1850932
2017-07-24,UPL,527.7500610351562,578.5999755859375,582.433349609375,571.933349609375,574.1666870117188,1405521
2017-07-25,UPL,537.4487915039062,589.2333374023438,594.8666381835938,578.933349609375,580.0,4219759
2017-07-26,UPL,531.03369140625,582.2000122070312,600.0,580.566650390625,590.0,4460224
2017-07-27,UPL,528.1757202148438,579.066650390625,588.2000122070312,576.6666870117188,584.6666870117188,1368364
2017-07-28,UPL,528.1148681640625,579.0,583.9666748046875,572.3666381835938,572.3666381835938,985348
2017-07-31,UPL,533.374755859375,584.7666625976562,592.4000244140625,578.4000244140625,580.1333618164062,3031069
2017-08-01,UPL,543.6817016601562,596.066650390625,601.6666870117188,583.8333129882812,586.5333251953125,2553111
2017-08-02,UPL,540.5803833007812,592.6666870117188,600.6666870117188,590.7333374023438,598.5999755859375,1427100
2017-08-03,UPL,535.5637817382812,587.1666870117188,597.9666748046875,585.3666381835938,593.6666870117188,1421898
2017-08-04,UPL,539.3946533203125,591.3666381835938,592.5999755859375,585.7333374023438,589.3333129882812,1175566
2017-08-07,UPL,533.6787719726562,585.0999755859375,595.9666748046875,582.066650390625,592.0,997377
2017-08-08,UPL,524.9832763671875,575.566650390625,588.6666870117188,573.7999877929688,588.5999755859375,991110
2017-08-09,UPL,505.0079650878906,553.6666870117188,575.2999877929688,548.0333251953125,574.6666870117188,1817775
2017-08-10,UPL,499.5352783203125,547.6666870117188,559.5999755859375,526.0,555.2666625976562,1917850
2017-08-11,UPL,493.3633117675781,540.9000244140625,553.1666870117188,529.7333374023438,543.3333129882812,1889604
2017-08-14,UPL,522.003662109375,572.2999877929688,576.7000122070312,543.4000244140625,543.4000244140625,1520550
2017-08-16,UPL,518.1424560546875,568.066650390625,586.3666381835938,566.1666870117188,572.2999877929688,1796107
2017-08-17,UPL,520.057861328125,570.1666870117188,576.5,564.0,572.0,1330492
2017-08-18,UPL,513.7945556640625,563.2999877929688,572.6666870117188,561.2000122070312,568.7999877929688,906189
2017-08-21,UPL,492.9984130859375,540.5,568.5999755859375,536.6666870117188,565.933349609375,2107924
2017-08-22,UPL,484.3636779785156,531.0333251953125,551.0,528.6666870117188,541.6666870117188,2010352
2017-08-23,UPL,495.0354919433594,542.7333374023438,544.4666748046875,534.2999877929688,535.3333129882812,1158298
2017-08-24,UPL,506.5890197753906,555.4000244140625,558.0,540.566650390625,547.933349609375,1319461
2017-08-28,UPL,510.2374267578125,559.4000244140625,561.7999877929688,551.7000122070312,557.1666870117188,1095399
2017-08-29,UPL,510.8758544921875,560.0999755859375,570.8333129882812,556.933349609375,565.3333129882812,1600200
2017-08-30,UPL,510.69342041015625,559.9000244140625,564.5999755859375,558.7333374023438,563.933349609375,1769392
2017-08-31,UPL,503.5181579589844,552.0333251953125,561.8333129882812,548.7333374023438,561.3333129882812,2298030
2017-09-01,UPL,506.3456726074219,555.1333618164062,560.1333618164062,550.0,556.1333618164062,1432722
2017-09-04,UPL,496.7989196777344,544.6666870117188,558.0,538.8666381835938,554.6666870117188,1445433
2017-09-05,UPL,498.59271240234375,546.6333618164062,548.1333618164062,541.3333129882812,544.0,936438
2017-09-06,UPL,501.0250244140625,549.2999877929688,551.7999877929688,540.7666625976562,540.7666625976562,870121
2017-09-07,UPL,501.2683410644531,549.566650390625,552.566650390625,547.3333129882812,552.0,797310
2017-09-08,UPL,494.9443664550781,542.6333618164062,554.933349609375,540.6666870117188,550.0333251953125,1712551
2017-09-11,UPL,493.6977233886719,541.2666625976562,549.3333129882812,539.8666381835938,546.566650390625,1254333
2017-09-12,UPL,495.2179260253906,542.933349609375,547.4666748046875,542.0,545.1333618164062,1429674
2017-09-13,UPL,493.4241027832031,540.9666748046875,551.6333618164062,538.7333374023438,547.1333618164062,1380720
2017-09-14,UPL,499.2007751464844,547.2999877929688,549.2666625976562,541.066650390625,541.3333129882812,1262290
2017-09-15,UPL,503.30535888671875,551.7999877929688,555.3333129882812,544.6666870117188,546.0,2783583
2017-09-18,UPL,507.2578125,556.1333618164062,562.5999755859375,553.4666748046875,556.5999755859375,1267332
2017-09-19,UPL,508.169921875,557.1333618164062,561.4000244140625,554.1333618164062,559.3333129882812,741462
2017-09-20,UPL,504.8559265136719,553.5,561.9666748046875,550.8666381835938,559.7999877929688,1379164
2017-09-21,UPL,498.3798828125,546.4000244140625,555.9666748046875,541.8333129882812,553.3333129882812,838549
2017-09-22,UPL,490.56610107421875,537.8333129882812,545.5,535.3333129882812,544.3333129882812,1397797
2017-09-25,UPL,476.9147033691406,522.8666381835938,539.7666625976562,515.3333129882812,539.7666625976562,2195095
2017-09-26,UPL,473.50958251953125,519.1333618164062,522.433349609375,509.1333312988281,521.9000244140625,2592076
2017-09-27,UPL,468.21929931640625,513.3333129882812,528.5999755859375,510.26666259765625,523.933349609375,2154658
2017-09-28,UPL,465.9085998535156,510.79998779296875,518.4666748046875,503.3333435058594,514.4666748046875,10704139
2017-09-29,UPL,473.387939453125,519.0,526.1333618164062,512.0,512.0,2941477
2017-10-03,UPL,484.029296875,530.6666870117188,532.3333129882812,513.0,525.2999877929688,2240359
2017-10-04,UPL,479.25592041015625,525.433349609375,535.8666381835938,523.4666748046875,531.6666870117188,1212958
2017-10-05,UPL,477.1580505371094,523.1333618164062,529.1666870117188,520.6666870117188,527.3333129882812,1495161
2017-10-06,UPL,482.44830322265625,528.933349609375,531.3333129882812,519.0333251953125,524.5999755859375,1956757
2017-10-09,UPL,482.1138610839844,528.566650390625,535.1333618164062,526.8666381835938,531.2666625976562,1139551
2017-10-10,UPL,498.3798828125,546.4000244140625,549.3333129882812,528.566650390625,528.566650390625,3997089
2017-10-11,UPL,494.4882507324219,542.1333618164062,554.6666870117188,533.8666381835938,551.3333129882812,2334525
2017-10-12,UPL,492.08624267578125,539.5,545.0,536.7000122070312,541.3333129882812,936925
2017-10-13,UPL,487.9210205078125,534.933349609375,544.433349609375,533.5333251953125,541.2666625976562,1224301
2017-10-16,UPL,493.9713134765625,541.566650390625,544.433349609375,535.4666748046875,536.6666870117188,1538221
2017-10-17,UPL,490.04925537109375,537.2666625976562,541.8666381835938,534.0,541.8666381835938,974917
2017-10-18,UPL,479.98553466796875,526.2333374023438,540.4666748046875,524.566650390625,540.4666748046875,2008389
2017-10-19,UPL,482.6307373046875,529.1333618164062,532.0,523.4000244140625,527.6666870117188,405625
2017-10-23,UPL,473.2967834472656,518.9000244140625,533.6333618164062,512.933349609375,527.9666748046875,2611875
2017-10-24,UPL,485.9447326660156,532.7666625976562,534.9000244140625,518.7000122070312,522.0,1738516
2017-10-25,UPL,485.64068603515625,532.433349609375,536.8333129882812,527.0,534.6666870117188,1449669
2017-10-26,UPL,494.3665466308594,542.0,544.4666748046875,530.8333129882812,536.6666870117188,3464296
2017-10-27,UPL,505.4944763183594,554.2000122070312,556.433349609375,543.7333374023438,546.0,2765082
2017-10-30,UPL,501.298583984375,549.5999755859375,566.4666748046875,544.5,556.5999755859375,6274986
2017-10-31,UPL,486.03594970703125,532.8666381835938,557.066650390625,529.5999755859375,551.933349609375,3839709
2017-11-01,UPL,475.54656982421875,521.3666381835938,536.2000122070312,518.0,533.0,4024884
2017-11-02,UPL,473.8744201660156,519.5333251953125,529.2999877929688,518.1666870117188,523.1333618164062,2467864
2017-11-03,UPL,471.6244812011719,517.066650390625,523.7666625976562,514.933349609375,520.1666870117188,1322199
2017-11-06,UPL,463.2938537597656,507.9333190917969,521.2000122070312,506.79998779296875,518.433349609375,2022028
2017-11-07,UPL,449.85540771484375,493.20001220703125,509.4333190917969,490.3333435058594,507.9333190917969,4252863
2017-11-08,UPL,447.5142822265625,490.6333312988281,497.1333312988281,486.4666748046875,494.6666564941406,4811224
2017-11-09,UPL,452.74371337890625,496.3666687011719,503.8333435058594,492.5666809082031,496.0,3194304
2017-11-10,UPL,446.99737548828125,490.0666809082031,499.0,487.3333435058594,496.5333251953125,1679068
2017-11-13,UPL,449.7641296386719,493.1000061035156,496.4666748046875,482.9666748046875,489.1333312988281,1941763
2017-11-14,UPL,451.649169921875,495.1666564941406,502.5,492.6666564941406,494.0,1289425
2017-11-15,UPL,438.6971740722656,480.9666748046875,497.6666564941406,477.79998779296875,497.6666564941406,1307905
2017-11-16,UPL,444.71710205078125,487.5666809082031,490.6333312988281,479.3666687011719,480.73333740234375,1493358
2017-11-17,UPL,440.3693542480469,482.79998779296875,494.4666748046875,481.6666564941406,490.6333312988281,1440514
2017-11-20,UPL,443.22735595703125,485.9333190917969,488.6666564941406,480.6666564941406,484.6666564941406,832903
2017-11-21,UPL,458.7940979003906,503.0,504.3333435058594,487.3666687011719,488.0,2938041
2017-11-22,UPL,454.29437255859375,498.0666809082031,506.6666564941406,495.4666748046875,506.6666564941406,1667337
2017-11-23,UPL,455.5712890625,499.4666748046875,504.1333312988281,492.6000061035156,496.6666564941406,1772244
2017-11-24,UPL,452.4396667480469,496.0333251953125,503.8999938964844,494.1333312988281,501.29998779296875,1917892
2017-11-27,UPL,459.2805480957031,503.5333251953125,506.5333251953125,493.4333190917969,493.4333190917969,3984948
2017-11-28,UPL,463.1722412109375,507.79998779296875,512.5,502.5,505.8666687011719,3483306
2017-11-29,UPL,457.456298828125,501.5333251953125,511.5,499.5333251953125,507.76666259765625,1312164
2017-11-30,UPL,444.71710205078125,487.5666809082031,503.3333435058594,480.1666564941406,500.9333190917969,2741056
2017-12-01,UPL,443.8354187011719,486.6000061035156,494.9666748046875,484.1333312988281,487.3666687011719,1516198
2017-12-04,UPL,432.3731689453125,474.0333251953125,491.0666809082031,471.8333435058594,488.6666564941406,1551547
2017-12-05,UPL,424.8938293457031,465.8333435058594,476.4666748046875,463.3333435058594,474.1333312988281,2675230
2017-12-06,UPL,417.0800476074219,457.26666259765625,469.23333740234375,456.4333190917969,465.8333435058594,2836329
2017-12-07,UPL,439.0315856933594,481.3333435058594,486.4333190917969,456.4666748046875,457.5333251953125,5284173
2017-12-08,UPL,442.71044921875,485.3666687011719,491.20001220703125,482.0,482.0,2704362
2017-12-11,UPL,453.3518371582031,497.0333251953125,498.3333435058594,484.1333312988281,489.0,1595422
2017-12-12,UPL,444.16986083984375,486.9666748046875,499.6666564941406,484.73333740234375,498.0,1471045
2017-12-13,UPL,441.49432373046875,484.0333251953125,496.6666564941406,480.0,487.0,2683051
2017-12-14,UPL,437.57220458984375,479.73333740234375,488.6666564941406,470.70001220703125,486.4666748046875,1927410
2017-12-15,UPL,436.4776916503906,478.5333251953125,486.6666564941406,476.79998779296875,484.6666564941406,2697349
2017-12-18,UPL,431.7651062011719,473.3666687011719,480.26666259765625,458.3333435058594,476.3333435058594,5631486
2017-12-19,UPL,448.7608337402344,492.0,494.23333740234375,474.8333435058594,476.26666259765625,4107204
2017-12-20,UPL,447.9703063964844,491.1333312988281,496.20001220703125,489.0333251953125,492.73333740234375,2065237
2017-12-21,UPL,444.473876953125,487.29998779296875,495.5,485.1000061035156,491.23333740234375,1372447
2017-12-22,UPL,444.869140625,487.73333740234375,491.3333435058594,483.3333435058594,488.6000061035156,1371741
2017-12-26,UPL,447.27105712890625,490.3666687011719,492.6666564941406,486.3333435058594,489.8666687011719,1167906
2017-12-27,UPL,450.1898193359375,493.5666809082031,497.6666564941406,490.3999938964844,492.4666748046875,1706551
2017-12-28,UPL,464.14520263671875,508.8666687011719,512.4666748046875,493.5666809082031,493.8999938964844,4838206
2017-12-29,UPL,463.78033447265625,508.4666748046875,514.6666870117188,504.8999938964844,511.9333190917969,1476427
2018-01-01,UPL,459.55426025390625,503.8333435058594,513.3333129882812,501.6666564941406,507.8666687011719,1602100
2018-01-02,UPL,470.31719970703125,515.6333618164062,517.3333129882812,499.0,505.0333251953125,2827863
2018-01-03,UPL,471.74615478515625,517.2000122070312,525.1666870117188,516.0,517.9666748046875,2871907
2018-01-04,UPL,475.3033447265625,521.0999755859375,525.066650390625,518.6666870117188,519.933349609375,2061667
2018-01-05,UPL,470.7732238769531,516.1333618164062,523.7333374023438,513.8666381835938,523.7333374023438,1330975
2018-01-08,UPL,476.9452209472656,522.9000244140625,526.6666870117188,518.8333129882812,518.8333129882812,1991223
2018-01-09,UPL,480.74566650390625,527.066650390625,528.0,520.2666625976562,523.3333129882812,1936948
2018-01-10,UPL,473.60076904296875,519.2333374023438,529.3333129882812,516.0333251953125,528.6666870117188,1535887
2018-01-11,UPL,478.07012939453125,524.1333618164062,525.5333251953125,516.7000122070312,520.933349609375,1046914
2018-01-12,UPL,471.4725036621094,516.9000244140625,526.6666870117188,512.0333251953125,526.0,2933382
2018-01-15,UPL,470.8644104003906,516.2333374023438,522.6666870117188,513.4666748046875,518.6666870117188,1146082
2018-01-16,UPL,466.3038635253906,511.23333740234375,520.4666748046875,508.0333251953125,516.6333618164062,1834026
2018-01-17,UPL,474.7561340332031,520.5,522.6333618164062,503.26666259765625,511.3333435058594,1782994
2018-01-18,UPL,486.7656555175781,533.6666870117188,543.2666625976562,524.1666870117188,525.2000122070312,7805662
2018-01-19,UPL,487.8905944824219,534.9000244140625,538.7333374023438,527.3333129882812,533.0,1535200
2018-01-22,UPL,494.73138427734375,542.4000244140625,546.5333251953125,536.6666870117188,539.7999877929688,3594555
2018-01-23,UPL,490.8701171875,538.1666870117188,545.2666625976562,531.7333374023438,545.1333618164062,2057214
2018-01-24,UPL,501.2074890136719,549.5,552.3333129882812,535.4000244140625,538.0,3865750
2018-01-25,UPL,467.580810546875,512.6333618164062,551.9000244140625,507.73333740234375,551.3333129882812,9762141
2018-01-29,UPL,479.46875,525.6666870117188,530.2666625976562,514.6666870117188,518.6333618164062,8319201
2018-01-30,UPL,468.67529296875,513.8333129882812,526.9000244140625,511.73333740234375,525.1333618164062,3530484
2018-01-31,UPL,457.3042907714844,501.3666687011719,518.0,497.6666564941406,516.6666870117188,2747253
2018-02-01,UPL,461.43927001953125,505.8999938964844,514.6666870117188,490.20001220703125,501.3666687011719,3845061
2018-02-02,UPL,445.75091552734375,488.70001220703125,501.3333435058594,482.6333312988281,500.0,3382230
2018-02-05,UPL,439.33563232421875,481.6666564941406,485.9666748046875,464.6666564941406,475.0,2492284
2018-02-06,UPL,425.68426513671875,466.70001220703125,474.3333435058594,453.3333435058594,464.0,3299244
2018-02-07,UPL,426.4139709472656,467.5,477.20001220703125,466.5333251953125,474.5333251953125,2703379
2018-02-08,UPL,436.6296691894531,478.70001220703125,481.3333435058594,468.6000061035156,469.3333435058594,2405113
2018-02-09,UPL,430.7313537597656,472.23333740234375,476.79998779296875,466.8999938964844,473.3333435058594,1867788
2018-02-12,UPL,441.7679748535156,484.3333435058594,486.6000061035156,473.6666564941406,475.6666564941406,1937262
2018-02-14,UPL,438.9707946777344,481.26666259765625,488.9666748046875,478.73333740234375,488.6666564941406,2169484
2018-02-15,UPL,435.4439392089844,477.3999938964844,486.1000061035156,475.3333435058594,484.70001220703125,1267582
2018-02-16,UPL,427.8429870605469,469.0666809082031,483.3333435058594,466.73333740234375,479.9333190917969,1685658
2018-02-19,UPL,426.44439697265625,467.5333251953125,473.3333435058594,461.8666687011719,469.26666259765625,1388427
2018-02-20,UPL,422.8263244628906,463.5666809082031,471.3333435058594,462.6666564941406,468.0,1161661
2018-02-21,UPL,418.509033203125,458.8333435058594,467.79998779296875,455.1000061035156,465.0,3419208
2018-02-22,UPL,410.7256164550781,450.29998779296875,457.9666748046875,448.3333435058594,456.6666564941406,3107217
2018-02-23,UPL,425.98834228515625,467.0333251953125,468.6666564941406,452.6666564941406,452.6666564941406,3681946
2018-02-26,UPL,438.1195068359375,480.3333435058594,483.8666687011719,470.6666564941406,471.3333435058594,3493792
2018-02-27,UPL,438.51470947265625,480.76666259765625,484.0,474.6666564941406,482.6666564941406,1850050
2018-02-28,UPL,443.1361389160156,485.8333435058594,488.26666259765625,478.79998779296875,482.6666564941406,3866728
2018-03-01,UPL,434.3189697265625,476.1666564941406,488.6000061035156,474.5333251953125,485.9666748046875,2816931
2018-03-05,UPL,438.3627014160156,480.6000061035156,482.23333740234375,467.5666809082031,476.0,1640220
2018-03-06,UPL,427.1133117675781,468.26666259765625,484.5333251953125,466.0,483.3333435058594,1678482
2018-03-07,UPL,426.87005615234375,468.0,473.8999938964844,461.76666259765625,466.0,2151202
2018-03-08,UPL,432.2210998535156,473.8666687011719,476.0,466.6666564941406,472.0,1834540
2018-03-09,UPL,433.04205322265625,474.76666259765625,481.6666564941406,472.5,476.6666564941406,1752177
2018-03-12,UPL,436.56890869140625,478.6333312988281,480.0,470.3999938964844,480.0,1417213
2018-03-13,UPL,439.51806640625,481.8666687011719,485.9333190917969,475.29998779296875,479.1000061035156,2178453
2018-03-14,UPL,436.8121032714844,478.8999938964844,484.6666564941406,475.4333190917969,482.3333435058594,1568118
2018-03-15,UPL,438.51470947265625,480.76666259765625,485.0666809082031,478.29998779296875,479.9666748046875,1025422
2018-03-16,UPL,437.6329650878906,479.79998779296875,488.76666259765625,475.6000061035156,476.6666564941406,3329587
2018-03-19,UPL,426.7788391113281,467.8999938964844,481.0,466.1666564941406,479.3333435058594,1366059
2018-03-20,UPL,433.1332702636719,474.8666687011719,478.23333740234375,462.0,465.5,1944199
2018-03-21,UPL,434.7142639160156,476.6000061035156,479.9666748046875,473.3999938964844,478.6666564941406,2129493
2018-03-22,UPL,435.9303894042969,477.9333190917969,485.1000061035156,476.4333190917969,476.73333740234375,2156724
2018-03-23,UPL,428.54229736328125,469.8333435058594,474.5333251953125,465.8666687011719,470.0,2041255
2018-03-26,UPL,440.490966796875,482.9333190917969,486.79998779296875,466.4333190917969,470.0,1725537
2018-03-27,UPL,448.03118896484375,491.20001220703125,494.70001220703125,485.6666564941406,485.6666564941406,2970558
2018-03-28,UPL,444.0482177734375,486.8333435058594,497.8666687011719,484.20001220703125,492.4666748046875,4465992
2018-04-02,UPL,457.51715087890625,501.6000061035156,504.0,487.0,491.26666259765625,1885776
2018-04-03,UPL,465.5741271972656,510.4333190917969,511.3333435058594,498.0,501.20001220703125,2627949
2018-04-04,UPL,445.4163818359375,488.3333435058594,513.2999877929688,486.9333190917969,513.2999877929688,2569993
2018-04-05,UPL,460.2839050292969,504.6333312988281,505.70001220703125,496.76666259765625,498.0,1622911
2018-04-06,UPL,458.0035705566406,502.1333312988281,504.23333740234375,496.9666748046875,502.0333251953125,728823
2018-04-09,UPL,456.78741455078125,500.79998779296875,510.3999938964844,498.26666259765625,504.6666564941406,3060993
2018-04-10,UPL,457.0914306640625,501.1333312988281,507.20001220703125,498.0,505.23333740234375,958611
2018-04-11,UPL,453.3518371582031,497.0333251953125,504.1333312988281,493.6000061035156,503.20001220703125,873540
2018-04-12,UPL,454.7807922363281,498.6000061035156,500.0666809082031,493.4333190917969,499.3333435058594,1045483
2018-04-13,UPL,454.29437255859375,498.0666809082031,503.6666564941406,494.5333251953125,502.9333190917969,1348426
2018-04-16,UPL,464.32763671875,509.0666809082031,510.0,494.0,495.3333435058594,1108276
2018-04-17,UPL,460.648681640625,505.0333251953125,512.5999755859375,502.23333740234375,512.5999755859375,1341004
2018-04-18,UPL,460.67919921875,505.0666809082031,508.73333740234375,501.73333740234375,506.6666564941406,890097
2018-04-19,UPL,467.55035400390625,512.5999755859375,516.5999755859375,505.0666809082031,506.1000061035156,2189419
2018-04-20,UPL,465.6349792480469,510.5,513.933349609375,500.8666687011719,511.9333190917969,1737316
2018-04-23,UPL,458.36846923828125,502.5333251953125,516.2666625976562,501.20001220703125,512.0,1597674
2018-04-24,UPL,452.8349914550781,496.4666748046875,502.26666259765625,493.26666259765625,502.26666259765625,1805994
2018-04-25,UPL,452.3484802246094,495.9333190917969,501.8666687011719,491.0,496.4666748046875,1607793
2018-04-26,UPL,456.209716796875,500.1666564941406,503.3333435058594,493.8666687011719,497.1333312988281,2543394
2018-04-27,UPL,458.7028503417969,502.8999938964844,507.29998779296875,501.0666809082031,503.29998779296875,1711810
2018-04-30,UPL,443.80499267578125,486.5666809082031,506.4666748046875,483.3999938964844,505.26666259765625,3093207
2018-05-02,UPL,445.963623046875,488.9333190917969,494.0,485.3333435058594,488.0,1442760
2018-05-03,UPL,430.4577331542969,471.9333190917969,490.1666564941406,469.5333251953125,488.9333190917969,2562340
2018-05-04,UPL,427.8733825683594,469.1000061035156,474.3999938964844,466.76666259765625,472.0,1587040
2018-05-07,UPL,436.2344665527344,478.26666259765625,479.26666259765625,463.3333435058594,470.0,1563171
2018-05-08,UPL,438.7275695800781,481.0,484.0,479.0,480.0,1543783
2018-05-09,UPL,444.6866760253906,487.5333251953125,489.0333251953125,480.6666564941406,480.6666564941406,2205747
2018-05-10,UPL,439.0315856933594,481.3333435058594,488.9666748046875,480.0333251953125,488.6666564941406,948909
2018-05-11,UPL,447.0885925292969,490.1666564941406,493.0666809082031,482.0,483.1333312988281,1650226
2018-05-14,UPL,442.9841003417969,485.6666564941406,493.23333740234375,483.3999938964844,491.1333312988281,1035649
2018-05-15,UPL,445.9028625488281,488.8666687011719,493.3333435058594,480.0666809082031,485.5333251953125,1053292
2018-05-16,UPL,441.3726806640625,483.8999938964844,491.8999938964844,481.0333251953125,486.6666564941406,1119166
2018-05-17,UPL,429.9712219238281,471.3999938964844,485.3666687011719,470.0333251953125,484.20001220703125,1043016
2018-05-18,UPL,431.4002685546875,472.9666748046875,475.4666748046875,469.6000061035156,471.3999938964844,1332394
2018-05-21,UPL,415.04296875,455.0333251953125,474.6000061035156,450.1333312988281,474.6000061035156,3579453
2018-05-22,UPL,414.89093017578125,454.8666687011719,460.0,448.5,460.0,2762500
2018-05-23,UPL,416.8063659667969,456.9666748046875,464.29998779296875,453.3333435058594,454.6666564941406,1497970
2018-05-24,UPL,422.4310607910156,463.1333312988281,464.9333190917969,455.3333435058594,459.3333435058594,1395031
2018-05-25,UPL,423.98162841796875,464.8333435058594,468.23333740234375,458.3666687011719,463.3333435058594,1554840
2018-05-28,UPL,438.4235534667969,480.6666564941406,500.0,466.6666564941406,466.6666564941406,2891208
2018-05-29,UPL,428.6030578613281,469.8999938964844,481.9333190917969,467.5,481.9333190917969,1134163
2018-05-30,UPL,428.5118713378906,469.79998779296875,478.4666748046875,466.5333251953125,468.6000061035156,1407166
2018-05-31,UPL,430.2752685546875,471.73333740234375,477.1666564941406,469.3333435058594,472.6000061035156,5708037
2018-06-01,UPL,424.2857360839844,465.1666564941406,475.6333312988281,462.8666687011719,472.9333190917969,1222384
2018-06-04,UPL,417.4144592285156,457.6333312988281,469.8666687011719,455.3333435058594,466.79998779296875,863778
2018-06-05,UPL,416.9584045410156,457.1333312988281,461.3333435058594,453.79998779296875,456.6000061035156,1200031
2018-06-06,UPL,421.7318115234375,462.3666687011719,464.0,455.0666809082031,459.0666809082031,1291956
2018-06-07,UPL,428.11663818359375,469.3666687011719,471.26666259765625,458.6333312988281,463.3333435058594,1654620
2018-06-08,UPL,433.49810791015625,475.26666259765625,477.8999938964844,464.23333740234375,467.6000061035156,2680872
2018-06-11,UPL,425.2282409667969,466.20001220703125,475.20001220703125,464.9666748046875,475.20001220703125,1658448
2018-06-12,UPL,418.7825927734375,459.1333312988281,469.0333251953125,458.4666748046875,465.26666259765625,1688136
2018-06-13,UPL,418.0833435058594,458.3666687011719,462.6666564941406,456.0,460.0333251953125,1191624
2018-06-14,UPL,416.471923828125,456.6000061035156,462.3333435058594,454.5666809082031,461.3333435058594,1281625
2018-06-15,UPL,426.07952880859375,467.1333312988281,471.1666564941406,457.3333435058594,459.8666687011719,4115832
2018-06-18,UPL,420.9412841796875,461.5,466.6000061035156,460.5333251953125,466.6000061035156,680317
2018-06-19,UPL,409.9046936035156,449.3999938964844,459.70001220703125,448.0666809082031,459.3333435058594,1774452
2018-06-20,UPL,396.6182556152344,434.8333435058594,450.9333190917969,432.6000061035156,450.0,4071990
2018-06-21,UPL,392.8177490234375,430.6666564941406,436.23333740234375,427.3999938964844,434.8333435058594,4725118
2018-06-22,UPL,389.2908630371094,426.79998779296875,428.8999938964844,421.4666748046875,427.5666809082031,4599169
2018-06-25,UPL,385.6120300292969,422.76666259765625,432.5,420.9666748046875,429.3333435058594,2425305
2018-06-26,UPL,389.0476379394531,426.5333251953125,428.0,417.26666259765625,421.3333435058594,2702764
2018-06-27,UPL,377.4029846191406,413.76666259765625,426.6666564941406,411.3333435058594,426.5333251953125,2056651
2018-06-28,UPL,368.8898620605469,404.4333190917969,417.20001220703125,402.8666687011719,410.73333740234375,5499982
2018-06-29,UPL,376.2780456542969,412.5333251953125,414.4333190917969,403.3333435058594,405.70001220703125,3006667
2018-07-02,UPL,379.8657531738281,416.4666748046875,418.9333190917969,409.4666748046875,411.3999938964844,1684384
2018-07-03,UPL,383.24053955078125,420.1666564941406,421.3333435058594,410.0,414.8666687011719,1310076
2018-07-04,UPL,379.56170654296875,416.1333312988281,422.6666564941406,413.70001220703125,420.1000061035156,1075248
2018-07-05,UPL,378.8623352050781,415.3666687011719,421.5666809082031,414.0666809082031,418.4666748046875,866314
2018-07-06,UPL,377.8590087890625,414.26666259765625,418.6666564941406,412.8333435058594,416.0,1359757
2018-07-09,UPL,379.3184509277344,415.8666687011719,418.6666564941406,414.0,417.20001220703125,1464405
2018-07-10,UPL,387.4058532714844,424.73333740234375,427.3333435058594,416.0333251953125,418.26666259765625,3389203
2018-07-11,UPL,366.9440612792969,402.29998779296875,424.20001220703125,398.70001220703125,424.0666809082031,4669614
2018-07-12,UPL,353.87042236328125,387.9666748046875,407.29998779296875,385.1000061035156,403.9333190917969,5765943
2018-07-13,UPL,342.0736999511719,375.0333251953125,387.6666564941406,365.8999938964844,387.3333435058594,15161788
2018-07-16,UPL,340.40155029296875,373.20001220703125,379.5333251953125,368.73333740234375,379.5333251953125,7154964
2018-07-17,UPL,347.2119140625,380.6666564941406,383.8333435058594,373.3333435058594,374.4333190917969,3152394
2018-07-18,UPL,338.607666015625,371.23333740234375,385.1000061035156,367.6000061035156,382.6666564941406,3730662
2018-07-19,UPL,335.6584777832031,368.0,374.3999938964844,358.1666564941406,372.0,3273880
2018-07-20,UPL,334.19915771484375,366.3999938964844,370.0,361.3333435058594,368.6333312988281,2635054
2018-07-23,UPL,384.365478515625,421.3999938964844,426.3333435058594,374.0666809082031,381.8666687011719,35708673
2018-07-24,UPL,383.21014404296875,420.1333312988281,441.76666259765625,414.8999938964844,423.3333435058594,15515727
2018-07-25,UPL,387.80108642578125,425.1666564941406,428.8333435058594,413.5333251953125,421.3333435058594,5349271
2018-07-26,UPL,387.6490783691406,425.0,430.1666564941406,418.70001220703125,425.3333435058594,9681316
2018-07-27,UPL,386.43292236328125,423.6666564941406,429.3333435058594,421.8666687011719,425.70001220703125,1587696
2018-07-30,UPL,390.75030517578125,428.3999938964844,432.3333435058594,423.29998779296875,425.9666748046875,3373032
2018-07-31,UPL,391.6319580078125,429.3666687011719,437.23333740234375,420.8333435058594,429.6666564941406,6335571
2018-08-01,UPL,390.2942199707031,427.8999938964844,432.9666748046875,424.6666564941406,432.0666809082031,2283748
2018-08-02,UPL,387.1930236816406,424.5,431.6333312988281,422.3999938964844,427.8999938964844,2709216
2018-08-03,UPL,389.80780029296875,427.3666687011719,429.6666564941406,424.70001220703125,426.0,1478691
2018-08-06,UPL,398.9593200683594,437.3999938964844,441.26666259765625,426.73333740234375,426.73333740234375,3583215
2018-08-07,UPL,393.5474548339844,431.4666748046875,442.6000061035156,429.73333740234375,441.1333312988281,1941643
2018-08-08,UPL,393.94268798828125,431.8999938964844,435.8333435058594,427.9333190917969,433.3333435058594,1500355
2018-08-09,UPL,392.4497375488281,425.1666564941406,429.5333251953125,422.6666564941406,428.73333740234375,1537924
2018-08-10,UPL,391.7420959472656,424.3999938964844,432.8666687011719,421.0333251953125,426.6000061035156,2416305
2018-08-13,UPL,384.8499755859375,416.9333190917969,423.3333435058594,414.1333312988281,420.0,1529908
2018-08-14,UPL,375.6502685546875,406.9666748046875,419.29998779296875,399.4666748046875,416.9333190917969,3924208
2018-08-16,UPL,375.157958984375,406.4333190917969,414.6000061035156,404.76666259765625,408.0,2542926
2018-08-17,UPL,379.527099609375,411.1666564941406,412.5333251953125,405.1000061035156,408.4666748046875,1818678
2018-08-20,UPL,380.85009765625,412.6000061035156,414.8333435058594,406.0,413.23333740234375,2864055
2018-08-21,UPL,397.6496276855469,430.79998779296875,434.0,413.0,416.6000061035156,5502780
2018-08-23,UPL,399.9572448730469,433.29998779296875,438.6666564941406,426.0666809082031,433.4666748046875,4068225
2018-08-24,UPL,402.14178466796875,435.6666564941406,449.3333435058594,428.70001220703125,431.3333435058594,7670341
2018-08-27,UPL,405.8955078125,439.73333740234375,441.79998779296875,434.0,438.9333190917969,2481079
2018-08-28,UPL,402.54180908203125,436.1000061035156,444.6666564941406,434.0,441.3333435058594,2755206
2018-08-29,UPL,418.448974609375,453.3333435058594,457.6666564941406,436.4333190917969,437.26666259765625,7871448
2018-08-30,UPL,428.38714599609375,464.1000061035156,466.0,455.3333435058594,457.3333435058594,8968888
2018-08-31,UPL,440.17138671875,476.8666687011719,481.26666259765625,459.6333312988281,463.3333435058594,8761225
2018-09-03,UPL,443.463623046875,480.4333190917969,484.0,473.3333435058594,479.76666259765625,3344458
2018-09-04,UPL,429.894775390625,465.73333740234375,480.0,462.8999938964844,478.1333312988281,3380101
2018-09-05,UPL,429.1256103515625,464.8999938964844,475.0,455.6666564941406,465.9333190917969,7909251
2018-09-06,UPL,433.8638610839844,470.0333251953125,472.9666748046875,464.5,467.6000061035156,3080107
2018-09-07,UPL,439.37139892578125,476.0,478.6666564941406,467.8333435058594,472.4666748046875,2899302
2018-09-10,UPL,432.7562561035156,468.8333435058594,481.8666687011719,467.0666809082031,476.6333312988281,2498602
2018-09-11,UPL,423.1565246582031,458.4333190917969,476.6666564941406,454.8666687011719,471.6666564941406,3939748
2018-09-12,UPL,433.0024108886719,469.1000061035156,470.6666564941406,453.3999938964844,461.4666748046875,2029983
2018-09-14,UPL,453.3710021972656,491.1666564941406,492.6000061035156,472.73333740234375,473.3333435058594,5772796
2018-09-17,UPL,445.2174072265625,482.3333435058594,490.6333312988281,481.3333435058594,489.9333190917969,2400687
2018-09-18,UPL,436.3254089355469,472.70001220703125,492.1000061035156,469.76666259765625,484.6666564941406,3940686
2018-09-19,UPL,426.0179748535156,461.5333251953125,477.1666564941406,458.6666564941406,476.0,3927616
2018-09-21,UPL,409.7107849121094,443.8666687011719,472.6666564941406,392.3333435058594,461.6666564941406,7661755
2018-09-24,UPL,400.8494873046875,434.26666259765625,448.0,426.6333312988281,446.0,3962002
2018-09-25,UPL,406.7262268066406,440.6333312988281,443.26666259765625,426.6333312988281,434.20001220703125,2941122
2018-09-26,UPL,429.2486572265625,465.0333251953125,470.0,435.8333435058594,442.6666564941406,5745096
2018-09-27,UPL,420.35662841796875,455.3999938964844,469.0,452.4333190917969,468.29998779296875,3939211
2018-09-28,UPL,408.7877502441406,442.8666687011719,460.3999938964844,436.6666564941406,456.6666564941406,2304535
2018-10-01,UPL,409.58770751953125,443.73333740234375,446.6666564941406,425.4333190917969,443.1000061035156,3044547
2018-10-03,UPL,395.465087890625,428.4333190917969,446.0666809082031,426.26666259765625,444.0,5244559
2018-10-04,UPL,386.9114074707031,419.1666564941406,430.29998779296875,414.1333312988281,420.0333251953125,3694857
2018-10-05,UPL,367.158203125,397.76666259765625,421.29998779296875,393.76666259765625,418.5333251953125,3832315
2018-10-08,UPL,381.0039367675781,412.76666259765625,416.6666564941406,388.1000061035156,398.6666564941406,5443380
2018-10-09,UPL,371.7427062988281,402.73333740234375,415.29998779296875,394.1666564941406,415.29998779296875,2549713
2018-10-10,UPL,383.0346374511719,414.9666748046875,416.6666564941406,403.3333435058594,403.3333435058594,1838878
2018-10-11,UPL,372.3888244628906,403.4333190917969,414.9333190917969,393.4666748046875,406.0,2389195
2018-10-12,UPL,386.419189453125,418.6333312988281,423.3333435058594,406.0666809082031,406.0666809082031,2403772
2018-10-15,UPL,391.3421325683594,423.9666748046875,425.6666564941406,413.8333435058594,418.6333312988281,2045935
2018-10-16,UPL,395.1265869140625,428.0666809082031,432.0,422.1000061035156,426.6666564941406,2271903
2018-10-17,UPL,392.7574462890625,425.5,443.3333435058594,421.1333312988281,430.76666259765625,2559759
2018-10-19,UPL,396.51116943359375,429.5666809082031,432.5,418.3999938964844,425.29998779296875,3179949
2018-10-22,UPL,389.9267578125,422.4333190917969,434.6666564941406,417.3999938964844,430.0,1625406
2018-10-23,UPL,378.66558837890625,410.23333740234375,423.3333435058594,405.8333435058594,420.6666564941406,2843146
2018-10-24,UPL,383.2500305175781,415.20001220703125,419.3333435058594,409.1333312988281,410.6666564941406,1395015
2018-10-25,UPL,368.8812255859375,399.6333312988281,412.3666687011719,396.9333190917969,411.9333190917969,2476828
2018-10-26,UPL,383.1884765625,415.1333312988281,417.6000061035156,390.0,401.9333190917969,6888616
2018-10-29,UPL,388.665283203125,421.0666809082031,423.1333312988281,408.8666687011719,413.3333435058594,3053157
2018-10-30,UPL,391.86517333984375,424.5333251953125,431.9333190917969,415.6666564941406,418.6666564941406,3743070
2018-10-31,UPL,414.97222900390625,449.5666809082031,451.4666748046875,424.6666564941406,426.0,4633326
2018-11-01,UPL,428.2333068847656,463.9333190917969,466.0,446.6666564941406,450.6666564941406,4804108
2018-11-02,UPL,437.8022155761719,474.29998779296875,477.6666564941406,466.0,466.0,7268007
2018-11-05,UPL,445.709716796875,482.8666687011719,485.79998779296875,466.29998779296875,472.29998779296875,2223669
2018-11-06,UPL,444.2328186035156,481.26666259765625,485.29998779296875,476.5666809082031,480.76666259765625,2185276
2018-11-07,UPL,448.9711608886719,486.3999938964844,487.9333190917969,481.5,481.5666809082031,579105
2018-11-09,UPL,455.3709716796875,493.3333435058594,496.6000061035156,481.6666564941406,484.9666748046875,2790439
2018-11-12,UPL,451.1864318847656,488.79998779296875,501.1333312988281,486.8666687011719,493.3333435058594,2123223
2018-11-13,UPL,453.2479248046875,491.0333251953125,493.29998779296875,477.6000061035156,486.0,2353732
2018-11-14,UPL,467.8321533203125,506.8333435058594,507.8666687011719,491.0,492.1333312988281,4428133
2018-11-15,UPL,469.92437744140625,509.1000061035156,513.2999877929688,504.0,507.9666748046875,4799854
2018-11-16,UPL,474.9703369140625,514.566650390625,516.433349609375,505.23333740234375,508.0,3262251
2018-11-19,UPL,477.03179931640625,516.7999877929688,518.5,511.5333251953125,515.3333129882812,3290689
2018-11-20,UPL,467.1860046386719,506.1333312988281,515.2000122070312,498.0,514.0,4928892
2018-11-21,UPL,479.5240783691406,519.5,523.0,506.6666564941406,506.6666564941406,4290877
2018-11-22,UPL,478.939453125,518.8666381835938,523.2666625976562,514.4000244140625,519.3333129882812,1803559
2018-11-26,UPL,475.7396240234375,515.4000244140625,519.9666748046875,505.3333435058594,518.8666381835938,2140660
2018-11-27,UPL,472.9396057128906,512.3666381835938,515.933349609375,502.6666564941406,510.6666564941406,3071856
2018-11-28,UPL,474.9703369140625,514.566650390625,519.7666625976562,510.3333435058594,510.6666564941406,1575307
2018-11-29,UPL,479.4317932128906,519.4000244140625,526.2666625976562,508.0333251953125,516.6666870117188,4206577
2018-11-30,UPL,466.32452392578125,505.20001220703125,523.6666870117188,503.3666687011719,520.0999755859375,3199104
2018-12-03,UPL,450.8172607421875,488.3999938964844,508.0,485.4666748046875,508.0,4269495
2018-12-04,UPL,462.4169006347656,500.9666748046875,506.3333435058594,488.4666748046875,488.4666748046875,4095196
2018-12-05,UPL,461.1554260253906,499.6000061035156,502.6666564941406,491.4666748046875,499.3333435058594,1905786
2018-12-06,UPL,459.5554504394531,497.8666687011719,506.0,491.1000061035156,498.0,3054313
2018-12-07,UPL,466.2629089355469,505.1333312988281,509.20001220703125,492.9666748046875,502.6000061035156,2186733
2018-12-10,UPL,459.401611328125,497.70001220703125,505.6666564941406,493.29998779296875,493.3333435058594,2034591
2018-12-11,UPL,460.2631530761719,498.6333312988281,500.6666564941406,487.4666748046875,493.3333435058594,2417344
2018-12-12,UPL,486.1700744628906,526.7000122070312,529.5333251953125,500.0666809082031,500.0666809082031,3412810
2018-12-13,UPL,475.95501708984375,515.6333618164062,526.0,514.1333618164062,526.0,2861619
2018-12-14,UPL,470.6012878417969,509.8333435058594,518.0,505.8999938964844,513.3333129882812,2379991
2018-12-17,UPL,472.6319885253906,512.0333251953125,514.6666870117188,508.6666564941406,513.2000122070312,1096198
2018-12-18,UPL,457.6170654296875,495.76666259765625,516.066650390625,494.0,508.0,3009928
2018-12-19,UPL,465.0321960449219,503.79998779296875,506.6666564941406,496.6666564941406,497.9333190917969,2369217
2018-12-20,UPL,473.8319396972656,513.3333129882812,516.1333618164062,497.8999938964844,501.3333435058594,2179683
2018-12-21,UPL,452.69415283203125,490.4333190917969,515.933349609375,488.70001220703125,514.0333251953125,5238295
2018-12-24,UPL,453.1864013671875,490.9666748046875,498.4666748046875,480.6666564941406,490.6666564941406,2679819
2018-12-26,UPL,461.647705078125,500.1333312988281,501.26666259765625,485.3333435058594,491.3333435058594,2992971
2018-12-27,UPL,461.3092346191406,499.76666259765625,506.0,496.8333435058594,504.0,1750644
2018-12-28,UPL,466.6936950683594,505.6000061035156,514.0,501.6666564941406,501.6666564941406,3371275
2018-12-31,UPL,466.60137939453125,505.5,510.8333435058594,502.29998779296875,508.0,2249962
2019-01-01,UPL,463.67840576171875,502.3333435058594,510.4666748046875,497.6666564941406,506.6666564941406,2415372
2019-01-02,UPL,465.52447509765625,504.3333435058594,505.6333312988281,496.0,500.0,1962064
2019-01-03,UPL,459.46307373046875,497.76666259765625,505.29998779296875,496.1666564941406,503.3333435058594,1579716
2019-01-04,UPL,465.4629821777344,504.26666259765625,506.1666564941406,495.3999938964844,499.20001220703125,1590477
2019-01-07,UPL,469.98590087890625,509.1666564941406,511.8333435058594,506.0,506.6666564941406,2384899
2019-01-08,UPL,462.8784484863281,501.4666748046875,510.0,498.6666564941406,509.0,1472160
2019-01-09,UPL,470.6320495605469,509.8666687011719,511.3333435058594,502.29998779296875,505.3333435058594,1559776
2019-01-10,UPL,475.7396240234375,515.4000244140625,520.0,510.0333251953125,510.5333251953125,3601815
2019-01-11,UPL,482.1086730957031,522.2999877929688,524.6666870117188,515.3333129882812,516.6666870117188,3904549
2019-01-14,UPL,474.0780944824219,513.5999755859375,522.6666870117188,511.26666259765625,522.6666870117188,2088177
2019-01-15,UPL,477.4933776855469,517.2999877929688,521.4000244140625,514.6333618164062,515.066650390625,2047294
2019-01-16,UPL,471.4319763183594,510.73333740234375,517.2999877929688,501.73333740234375,517.2999877929688,3876135
2019-01-17,UPL,473.2473449707031,512.7000122070312,515.7000122070312,507.8333435058594,511.76666259765625,2164326
2019-01-18,UPL,471.4012451171875,510.70001220703125,514.0,509.3333435058594,512.0,1379212
2019-01-21,UPL,473.308837890625,512.7666625976562,515.2333374023438,504.1333312988281,510.0,1691152
2019-01-22,UPL,469.708984375,508.8666687011719,514.7000122070312,502.29998779296875,510.79998779296875,2125471
2019-01-23,UPL,469.4320373535156,508.5666809082031,521.433349609375,506.5666809082031,509.3333435058594,3505369
2019-01-24,UPL,459.8938903808594,498.23333740234375,511.5666809082031,495.29998779296875,510.0,3163807
2019-01-25,UPL,463.4322509765625,502.0666809082031,511.3999938964844,498.0,502.0,2655358
2019-01-28,UPL,467.7090148925781,506.70001220703125,509.3333435058594,496.0,503.3333435058594,1839426
2019-01-29,UPL,467.8628845214844,506.8666687011719,511.6333312988281,498.0333251953125,505.0,1701693
2019-01-30,UPL,472.2012023925781,511.5666809082031,513.3333129882812,503.5333251953125,508.73333740234375,1585777
2019-01-31,UPL,483.9855041503906,524.3333129882812,526.5999755859375,509.4666748046875,517.1333618164062,3449514
2019-02-01,UPL,479.893310546875,519.9000244140625,533.1666870117188,510.9333190917969,533.1666870117188,4440582
2019-02-04,UPL,474.38580322265625,513.933349609375,516.7000122070312,505.3333435058594,514.1666870117188,1881016
2019-02-05,UPL,489.80078125,530.6333618164062,533.3333129882812,515.2333374023438,515.2333374023438,3774670
2019-02-06,UPL,495.52362060546875,536.8333129882812,540.0,530.8333129882812,534.6666870117188,5621341
2019-02-07,UPL,497.8312072753906,539.3333129882812,545.0,534.8666381835938,536.8333129882812,2501457
2019-02-08,UPL,499.8004455566406,541.4666748046875,544.5333251953125,533.7333374023438,536.3333129882812,2092582
2019-02-11,UPL,495.89288330078125,537.2333374023438,543.3333129882812,534.2999877929688,541.3333129882812,1739295
2019-02-12,UPL,489.9545593261719,530.7999877929688,541.6666870117188,527.7666625976562,538.0,3056557
2019-02-14,UPL,505.246337890625,547.3666381835938,549.6666870117188,541.0999755859375,542.8666381835938,2615476
2019-02-15,UPL,503.5848693847656,545.566650390625,547.3333129882812,537.4666748046875,546.0,2801466
2019-02-18,UPL,505.7386779785156,547.9000244140625,553.3333129882812,537.3666381835938,546.1666870117188,2855346
2019-02-19,UPL,502.4156799316406,544.2999877929688,549.6333618164062,541.3333129882812,547.3333129882812,2227756
2019-02-20,UPL,506.2925109863281,548.5,552.6666870117188,542.5333251953125,546.2000122070312,2243914
2019-02-21,UPL,508.4462585449219,550.8333129882812,555.1333618164062,545.3333129882812,550.0,1567429
2019-02-22,UPL,509.1231689453125,551.566650390625,553.2666625976562,546.2000122070312,550.5999755859375,1242933
2019-02-25,UPL,521.6151123046875,565.0999755859375,567.933349609375,552.0,552.0,5528401
2019-02-26,UPL,526.1687622070312,570.0333251953125,571.8333129882812,558.3666381835938,561.5,3751057
2019-02-27,UPL,534.9378051757812,579.5333251953125,581.2666625976562,571.2333374023438,571.2333374023438,4709425
2019-02-28,UPL,540.0453491210938,585.066650390625,587.7333374023438,574.7999877929688,584.6666870117188,3728826
2019-03-01,UPL,535.2147216796875,579.8333129882812,587.933349609375,578.7666625976562,584.066650390625,2489419
2019-03-05,UPL,538.7530517578125,583.6666870117188,585.6666870117188,577.0333251953125,581.8666381835938,2047953
2019-03-06,UPL,539.8914794921875,584.9000244140625,589.7333374023438,577.7999877929688,586.0,3145128
2019-03-07,UPL,536.630126953125,581.3666381835938,584.6666870117188,578.1666870117188,584.6666870117188,1957380
2019-03-08,UPL,542.5989990234375,587.8333129882812,590.0,575.7000122070312,580.8666381835938,2670367
2019-03-11,UPL,551.798828125,597.7999877929688,599.6333618164062,591.7333374023438,592.9666748046875,3862593
2019-03-12,UPL,552.7833251953125,598.8666381835938,604.5999755859375,595.7666625976562,600.0,3303049
2019-03-13,UPL,560.7217407226562,607.4666748046875,609.933349609375,594.6666870117188,600.0,2410987
2019-03-14,UPL,556.1371459960938,602.5,610.8333129882812,600.2000122070312,607.4666748046875,2051482
2019-03-15,UPL,568.2598266601562,615.6333618164062,618.933349609375,601.5999755859375,602.6666870117188,3914647
2019-03-18,UPL,570.5059204101562,618.066650390625,623.9666748046875,611.2000122070312,615.6666870117188,1920841
2019-03-19,UPL,573.0905151367188,620.8666381835938,623.3333129882812,612.2333374023438,619.3333129882812,1699530
2019-03-20,UPL,575.6134643554688,623.5999755859375,626.5333251953125,618.066650390625,620.0,1350502
2019-03-22,UPL,575.336669921875,623.2999877929688,627.3333129882812,618.1666870117188,622.5999755859375,2009527
2019-03-25,UPL,561.6447143554688,608.4666748046875,621.1333618164062,603.8666381835938,620.0,3463663
2019-03-26,UPL,555.8603515625,602.2000122070312,611.5333251953125,594.066650390625,607.0333251953125,5470843
2019-03-27,UPL,554.9987182617188,601.2666625976562,607.9666748046875,596.3666381835938,602.2333374023438,3127998
2019-03-28,UPL,571.7058715820312,619.3666381835938,623.9666748046875,597.5999755859375,603.933349609375,3678943
2019-04-01,UPL,574.9366455078125,622.8666381835938,641.3333129882812,620.6666870117188,638.6666870117188,2154235
2019-04-02,UPL,570.5059204101562,618.066650390625,626.6666870117188,610.3333129882812,626.6666870117188,2910394
2019-04-03,UPL,568.752197265625,616.1666870117188,624.5999755859375,612.5,618.6666870117188,2421073
2019-04-04,UPL,573.2135009765625,621.0,623.5333251953125,600.6666870117188,613.7333374023438,3566650
2019-04-05,UPL,579.0595092773438,627.3333129882812,628.2666625976562,619.2000122070312,623.3333129882812,1581183
2019-04-08,UPL,582.628662109375,631.2000122070312,633.933349609375,622.433349609375,625.3333129882812,2838687
2019-04-09,UPL,581.3056640625,629.7666625976562,630.566650390625,620.0,629.0,1950130
2019-04-10,UPL,569.7982788085938,617.2999877929688,630.3333129882812,615.5999755859375,625.3333129882812,2310324
2019-04-11,UPL,567.7061157226562,615.0333251953125,620.4666748046875,612.1666870117188,617.2000122070312,2152191
2019-04-12,UPL,569.7060546875,617.2000122070312,619.8333129882812,607.3333129882812,614.9666748046875,1726512
2019-04-15,UPL,572.13671875,619.8333129882812,621.2000122070312,611.2000122070312,618.0,951798
2019-04-16,UPL,574.6904907226562,622.5999755859375,626.4000244140625,617.0999755859375,623.3333129882812,1663135
2019-04-18,UPL,574.7827758789062,622.7000122070312,625.9666748046875,617.4000244140625,623.3666381835938,1373866
2019-04-22,UPL,576.7825927734375,624.8666381835938,628.2333374023438,615.2999877929688,620.7333374023438,1472943
2019-04-23,UPL,580.136474609375,628.5,630.0,619.7999877929688,624.8666381835938,2072107
2019-04-24,UPL,583.490234375,632.1333618164062,634.0,627.4000244140625,628.5,2331580
2019-04-25,UPL,593.889892578125,643.4000244140625,649.2666625976562,630.6666870117188,633.6666870117188,5125930
2019-04-26,UPL,597.1205444335938,646.9000244140625,648.4666748046875,639.0333251953125,647.0333251953125,1881886
2019-04-30,UPL,596.382080078125,646.0999755859375,650.1666870117188,639.7666625976562,646.9000244140625,2815422
2019-05-02,UPL,593.1513061523438,642.5999755859375,648.6666870117188,636.7000122070312,644.6666870117188,1622932
2019-05-03,UPL,597.1205444335938,646.9000244140625,649.3333129882812,639.3666381835938,640.7999877929688,1927042
2019-05-06,UPL,584.4747924804688,633.2000122070312,643.8333129882812,625.7000122070312,643.8333129882812,4814233
2019-05-07,UPL,585.3054809570312,634.0999755859375,636.7000122070312,622.7000122070312,633.4000244140625,3169456
2019-05-08,UPL,591.7669067382812,641.0999755859375,645.5999755859375,630.2666625976562,635.3333129882812,3577144
2019-05-09,UPL,583.9209594726562,632.5999755859375,641.066650390625,628.5333251953125,641.066650390625,2804535
2019-05-10,UPL,590.1360473632812,639.3333129882812,641.9666748046875,631.3333129882812,634.0,1315174
2019-05-13,UPL,586.5363159179688,635.433349609375,641.066650390625,632.0,636.6666870117188,1290021
2019-05-14,UPL,587.7362060546875,636.7333374023438,638.7000122070312,625.7999877929688,635.4666748046875,1739086
2019-05-15,UPL,596.5975341796875,646.3333129882812,651.933349609375,636.5999755859375,636.6666870117188,3493476
2019-05-16,UPL,597.4282836914062,647.2333374023438,655.2999877929688,638.0999755859375,646.3333129882812,3484113
2019-05-17,UPL,597.30517578125,647.0999755859375,661.9666748046875,638.9000244140625,647.2333374023438,6761281
2019-05-20,UPL,626.9657592773438,679.2333374023438,682.0,643.566650390625,653.566650390625,4136778
2019-05-21,UPL,615.2738037109375,666.566650390625,695.7333374023438,664.5333251953125,678.6666870117188,3954751
2019-05-22,UPL,624.38134765625,676.433349609375,679.2999877929688,660.9000244140625,666.6666870117188,2408680
2019-05-23,UPL,622.8735961914062,674.7999877929688,691.1333618164062,670.1666870117188,683.3333129882812,1766235
2019-05-24,UPL,628.196533203125,680.566650390625,682.933349609375,674.9666748046875,676.6666870117188,1710969
2019-05-27,UPL,630.4119262695312,682.9666748046875,695.8333129882812,678.1666870117188,683.3333129882812,1762828
2019-05-28,UPL,629.6516723632812,677.0333251953125,693.3333129882812,674.5999755859375,682.0,3132475
2019-05-29,UPL,618.1504516601562,664.6666870117188,676.0,661.0,676.0,2464860
2019-05-30,UPL,623.6376342773438,670.566650390625,675.8666381835938,658.1333618164062,661.5333251953125,3646278
2019-05-31,UPL,619.3595581054688,665.9666748046875,677.6333618164062,661.6666870117188,670.6666870117188,2379486
2019-06-03,UPL,624.41259765625,671.4000244140625,673.9000244140625,662.4000244140625,670.0,1674882
2019-06-04,UPL,626.7996826171875,673.9666748046875,681.9000244140625,667.8333129882812,670.4000244140625,1706593
2019-06-06,UPL,627.5746459960938,674.7999877929688,678.6666870117188,664.566650390625,676.0,2405782
2019-06-07,UPL,632.0697631835938,679.6333618164062,681.9666748046875,669.8666381835938,676.6333618164062,1803933
2019-06-10,UPL,630.1785888671875,677.5999755859375,684.433349609375,669.0999755859375,680.6666870117188,2256337
2019-06-11,UPL,641.40087890625,689.6666870117188,691.3333129882812,672.9666748046875,679.3333129882812,2096656
2019-06-12,UPL,632.875732421875,680.5,693.3333129882812,675.4666748046875,686.8333129882812,1595478
2019-06-13,UPL,623.1105346679688,670.0,680.6666870117188,655.6666870117188,679.6666870117188,3813823
2019-06-14,UPL,623.7305908203125,670.6666870117188,676.3333129882812,664.2999877929688,670.0,1566462
2019-06-17,UPL,616.8794555664062,663.2999877929688,675.8666381835938,660.6666870117188,671.6666870117188,2156566
2019-06-18,UPL,619.8245239257812,666.4666748046875,669.0,658.6666870117188,662.6666870117188,1687842
2019-06-19,UPL,589.1959838867188,633.5333251953125,670.566650390625,624.5999755859375,668.6666870117188,3985851
2019-06-20,UPL,539.564208984375,580.1666870117188,627.0333251953125,555.3333129882812,627.0333251953125,19358599
2019-06-21,UPL,551.8713989257812,593.4000244140625,609.8333129882812,578.7666625976562,584.0,18670945
2019-06-24,UPL,580.6707763671875,624.3666381835938,627.7333374023438,596.7999877929688,602.2666625976562,9759534
2019-06-25,UPL,579.678955078125,623.2999877929688,626.5333251953125,606.9666748046875,622.5999755859375,7711264
2019-06-26,UPL,594.2490844726562,638.9666748046875,642.5333251953125,614.7333374023438,620.6666870117188,5048098
2019-06-27,UPL,584.9798583984375,629.0,641.2000122070312,624.7666625976562,634.7666625976562,7862520
2019-06-28,UPL,581.2288818359375,624.9666748046875,634.0,612.433349609375,630.6666870117188,4939270
2019-07-01,UPL,587.89404296875,632.1333618164062,638.0,623.7000122070312,630.0,6057955
2019-07-02,UPL,610.2298583984375,656.1500244140625,658.9000244140625,625.0499877929688,637.4000244140625,6615515
2019-07-03,UPL,606.1842651367188,651.7999877929688,662.6500244140625,648.0999755859375,658.5,2997163
2019-07-04,UPL,649.4765014648438,698.3499755859375,705.9500122070312,652.9000244140625,654.8499755859375,12488054
2019-07-05,UPL,619.20458984375,665.7999877929688,709.0499877929688,660.7999877929688,706.9000244140625,12058104
2019-07-08,UPL,615.763427734375,662.0999755859375,673.5,653.0,669.9500122070312,4403598
2019-07-09,UPL,595.256591796875,640.0499877929688,660.0,632.25,660.0,7434335
2019-07-10,UPL,590.4204711914062,634.8499755859375,646.6500244140625,627.2999877929688,635.0,4906675
2019-07-11,UPL,587.0725708007812,631.25,649.0,629.0499877929688,641.0999755859375,2705479
2019-07-12,UPL,585.9564208984375,630.0499877929688,646.9000244140625,627.0,632.0,4796783
2019-07-15,UPL,602.0922241210938,647.4000244140625,650.0,621.5,634.0,4505796
2019-07-16,UPL,596.9771728515625,641.9000244140625,645.75,630.3499755859375,642.5,3830334
2019-07-17,UPL,613.5779418945312,659.75,664.9500122070312,643.7000122070312,644.0,4855881
2019-07-18,UPL,608.9278564453125,654.75,670.9500122070312,647.4000244140625,658.0,4968435
2019-07-19,UPL,598.418701171875,643.4500122070312,664.1500244140625,630.5,655.0999755859375,3836625
2019-07-22,UPL,594.1405639648438,638.8499755859375,647.0,634.6500244140625,647.0,2261563
2019-07-23,UPL,599.9996948242188,645.1500244140625,654.7999877929688,641.0,642.5999755859375,2462809
2019-07-24,UPL,573.8662109375,617.0499877929688,649.0,608.6500244140625,645.9500122070312,3341555
2019-07-25,UPL,562.0550537109375,604.3499755859375,624.4500122070312,601.4000244140625,618.0,4049926
2019-07-26,UPL,559.4509887695312,601.5499877929688,610.4500122070312,589.0,607.0,6739394
2019-07-29,UPL,543.6408081054688,584.5499877929688,604.75,580.5,600.0,2606057
2019-07-30,UPL,533.550048828125,573.7000122070312,593.25,568.9500122070312,589.3499755859375,3709631
2019-07-31,UPL,553.5918579101562,595.25,598.0999755859375,571.4000244140625,573.2000122070312,3530131
2019-08-01,UPL,536.43310546875,576.7999877929688,592.9500122070312,560.5999755859375,574.9000244140625,15112906
2019-08-02,UPL,533.3640747070312,573.5,579.0,567.75,578.0,4635838
2019-08-05,UPL,503.0920715332031,540.9500122070312,568.9500122070312,535.4500122070312,568.2000122070312,6014276
2019-08-06,UPL,510.9041748046875,549.3499755859375,552.9500122070312,533.0499877929688,537.9500122070312,4148711
2019-08-07,UPL,495.512451171875,532.7999877929688,551.5,528.0,549.0,3675109
2019-08-08,UPL,495.55889892578125,532.8499755859375,542.25,515.3499755859375,533.4000244140625,3881771
2019-08-09,UPL,496.1169128417969,533.4500122070312,550.0,529.2000122070312,534.25,4917555
2019-08-13,UPL,467.8909606933594,503.1000061035156,542.75,497.8500061035156,532.0,4193917
2019-08-14,UPL,490.3043518066406,527.2000122070312,532.7000122070312,509.6499938964844,510.0,5344625
2019-08-16,UPL,510.6251525878906,549.0499877929688,553.25,522.0499877929688,526.9000244140625,8856958
2019-08-19,UPL,504.11505126953125,542.0499877929688,556.7999877929688,532.25,553.0,4932998
2019-08-20,UPL,502.11553955078125,539.9000244140625,545.0,535.0,540.0,3581202
2019-08-21,UPL,498.3955383300781,535.9000244140625,542.75,527.5,540.0,2780039
2019-08-22,UPL,481.7947082519531,518.0499877929688,552.6500244140625,507.8500061035156,535.0,6205902
2019-08-23,UPL,508.9512023925781,547.25,550.3499755859375,514.0499877929688,518.0,4297069
2019-08-26,UPL,511.3226318359375,549.7999877929688,560.7999877929688,537.0999755859375,551.0,3787015
2019-08-27,UPL,517.0887451171875,556.0,573.1500244140625,552.8499755859375,553.75,6063055
2019-08-28,UPL,518.018798828125,557.0,571.5,546.1500244140625,559.0,3747446
2019-08-29,UPL,519.2742309570312,558.3499755859375,562.6500244140625,550.2000122070312,558.0,2733962
2019-08-30,UPL,523.7849731445312,563.2000122070312,565.25,547.1500244140625,559.0,3216244
2019-09-03,UPL,514.6242065429688,553.3499755859375,570.4500122070312,549.0,559.9500122070312,3021248
2019-09-04,UPL,521.7853393554688,561.0499877929688,563.0,547.5499877929688,555.0,2442694
2019-09-05,UPL,529.7835693359375,569.6500244140625,573.9000244140625,558.2999877929688,558.2999877929688,2437099
2019-09-06,UPL,528.2024536132812,567.9500122070312,573.75,563.0999755859375,573.75,2101090
2019-09-09,UPL,546.3377685546875,587.4500122070312,590.5999755859375,564.2999877929688,564.4000244140625,4813239
2019-09-11,UPL,537.2701416015625,577.7000122070312,590.5,575.5,585.0,5104552
2019-09-12,UPL,527.5979614257812,567.2999877929688,585.9000244140625,565.0999755859375,581.7999877929688,2118984
2019-09-13,UPL,537.688720703125,578.1500244140625,580.0,559.3499755859375,570.0,2636025
2019-09-16,UPL,524.6218872070312,564.0999755859375,575.0,561.0999755859375,570.0,2148620
2019-09-17,UPL,523.8778686523438,563.2999877929688,571.5,560.7999877929688,569.0999755859375,2829239
2019-09-18,UPL,518.0653076171875,557.0499877929688,565.0,542.75,565.0,3855762
2019-09-19,UPL,522.7154541015625,562.0499877929688,566.4000244140625,549.2000122070312,555.5,1832868
2019-09-20,UPL,522.7617797851562,562.0999755859375,585.0,555.0499877929688,564.7000122070312,5023091
2019-09-23,UPL,540.1996459960938,580.8499755859375,596.4000244140625,564.5999755859375,568.9500122070312,3697264
2019-09-24,UPL,538.8511352539062,579.4000244140625,584.6500244140625,572.2000122070312,580.8499755859375,2552214
2019-09-25,UPL,536.3866577148438,576.75,578.9000244140625,572.0,575.2999877929688,1911916
2019-09-26,UPL,542.7571411132812,583.5999755859375,595.0,576.0,576.7999877929688,3330782
2019-09-27,UPL,541.315673828125,582.0499877929688,588.1500244140625,573.5,584.5,1561920
2019-09-30,UPL,561.68310546875,603.9500122070312,607.7999877929688,578.0499877929688,582.0,3914781
2019-10-01,UPL,553.3129272460938,594.9500122070312,614.3499755859375,584.5,609.9500122070312,4548803
2019-10-03,UPL,552.8013916015625,594.4000244140625,598.5,572.25,590.0,1610688
2019-10-04,UPL,541.7806396484375,582.5499877929688,604.9500122070312,580.3499755859375,598.9000244140625,3019366
2019-10-07,UPL,540.3856811523438,581.0499877929688,592.6500244140625,576.5,583.0,1808468
2019-10-09,UPL,540.9901733398438,581.7000122070312,584.5999755859375,573.75,581.0,1743937
2019-10-10,UPL,542.61767578125,583.4500122070312,588.7999877929688,574.7000122070312,578.0,1789997
2019-10-11,UPL,548.5698852539062,589.8499755859375,593.2000122070312,581.0,584.2000122070312,1710191
2019-10-14,UPL,545.5938720703125,586.6500244140625,589.6500244140625,568.0999755859375,583.0,3373152
2019-10-15,UPL,542.2921752929688,583.0999755859375,591.0,580.7999877929688,585.0,2213363
2019-10-16,UPL,547.5468139648438,588.75,592.0,580.0,586.7999877929688,1733497
2019-10-17,UPL,550.5228271484375,591.9500122070312,593.7000122070312,580.3499755859375,585.0,2290127
2019-10-18,UPL,557.0794677734375,599.0,603.5,588.5,591.0,2426210
2019-10-22,UPL,555.2194213867188,597.0,603.9000244140625,592.9500122070312,599.0,2264692
2019-10-23,UPL,555.2194213867188,597.0,600.9000244140625,591.0999755859375,598.2999877929688,1544878
2019-10-24,UPL,555.8704833984375,597.7000122070312,606.5,595.0999755859375,600.0,2250928
2019-10-25,UPL,552.9874267578125,594.5999755859375,601.9500122070312,589.9000244140625,601.4500122070312,2174674
2019-10-27,UPL,554.3823852539062,596.0999755859375,598.4500122070312,592.0,595.0,109875
2019-10-29,UPL,553.266357421875,594.9000244140625,600.0,591.5,596.0,1791840
2019-10-30,UPL,543.2687377929688,584.1500244140625,599.7999877929688,580.0999755859375,599.7999877929688,2393149
2019-10-31,UPL,554.7079467773438,596.4500122070312,599.0,578.0999755859375,586.0,2419308
2019-11-01,UPL,547.36083984375,588.5499877929688,600.7999877929688,586.0,599.5499877929688,1393105
2019-11-04,UPL,552.6619873046875,594.25,600.9500122070312,587.2000122070312,590.0,1912912
2019-11-05,UPL,563.2640991210938,605.6500244140625,617.75,590.0,596.4500122070312,5995240
2019-11-06,UPL,564.1475830078125,606.5999755859375,615.0,603.8499755859375,611.0,2513814
2019-11-07,UPL,537.2701416015625,577.7000122070312,612.0,557.0999755859375,612.0,4504826
2019-11-08,UPL,516.9492797851562,555.8499755859375,574.5,552.5499877929688,563.5999755859375,8050823
2019-11-11,UPL,510.43914794921875,548.8499755859375,561.0,541.25,555.0,3188430
2019-11-13,UPL,503.4175720214844,541.2999877929688,553.75,538.5,551.0,2509847
2019-11-14,UPL,498.0699462890625,535.5499877929688,544.2000122070312,531.0999755859375,541.5499877929688,2412598
2019-11-15,UPL,493.1873474121094,530.2999877929688,541.75,518.3499755859375,539.0,4164016
2019-11-18,UPL,510.5787048339844,549.0,551.4500122070312,527.5,530.1500244140625,5257399
2019-11-19,UPL,512.6712646484375,551.25,556.75,538.0999755859375,551.0,4602774
2019-11-20,UPL,514.1591796875,552.8499755859375,556.5,546.4000244140625,552.9000244140625,1835821
2019-11-21,UPL,506.67254638671875,544.7999877929688,559.7999877929688,542.0,553.2000122070312,2177445
2019-11-22,UPL,496.1634216308594,533.5,542.5,530.5,541.0,2553689
2019-11-25,UPL,506.3935546875,544.5,547.75,534.0,534.0,2853307
2019-11-26,UPL,503.7895202636719,541.7000122070312,551.9000244140625,538.5499877929688,543.5999755859375,4319616
2019-11-27,UPL,513.2291870117188,551.8499755859375,554.9000244140625,544.2000122070312,544.2000122070312,3722294
2019-11-28,UPL,539.316162109375,579.9000244140625,582.7999877929688,554.0499877929688,554.7999877929688,7529348
2019-11-29,UPL,533.1314697265625,573.25,582.7999877929688,571.4000244140625,577.25,1835816
2019-12-02,UPL,530.341552734375,570.25,582.9500122070312,566.0499877929688,582.9500122070312,2224559
2019-12-03,UPL,529.64404296875,569.5,573.4500122070312,562.4000244140625,570.2000122070312,2108231
2019-12-04,UPL,530.341552734375,570.25,574.7999877929688,562.4500122070312,568.9000244140625,2149586
2019-12-05,UPL,528.760498046875,568.5499877929688,574.7999877929688,565.0,571.9500122070312,1408785
2019-12-06,UPL,522.389892578125,561.7000122070312,570.9000244140625,558.1500244140625,570.9000244140625,2316037
2019-12-09,UPL,524.1104125976562,563.5499877929688,574.5,560.4000244140625,565.0,1815303
2019-12-10,UPL,518.71630859375,557.75,572.7000122070312,553.5999755859375,565.2999877929688,2347290
2019-12-11,UPL,521.7853393554688,561.0499877929688,563.75,551.7000122070312,557.0,1706296
2019-12-12,UPL,530.0625610351562,569.9500122070312,581.0,561.0999755859375,562.5499877929688,3672353
2019-12-13,UPL,525.458984375,565.0,578.0999755859375,563.5,573.4500122070312,1888212
2019-12-16,UPL,524.25,563.7000122070312,573.4000244140625,562.0999755859375,572.0,1875145
2019-12-17,UPL,524.6218872070312,564.0999755859375,568.2000122070312,556.0,564.0499877929688,1794161
2019-12-18,UPL,526.6213989257812,566.25,571.7999877929688,559.3499755859375,565.5,1833572
2019-12-19,UPL,523.366455078125,562.75,573.0,561.5999755859375,565.5999755859375,1381005
2019-12-20,UPL,537.688720703125,578.1500244140625,580.9000244140625,559.0999755859375,566.0,2631973
2019-12-23,UPL,537.2236328125,577.6500244140625,596.2000122070312,573.8499755859375,579.9500122070312,5469024
2019-12-24,UPL,529.3184814453125,569.1500244140625,582.4500122070312,567.2999877929688,577.6500244140625,2277180
2019-12-26,UPL,529.5975341796875,569.4500122070312,577.0,566.25,572.7000122070312,2179063
2019-12-27,UPL,539.6417846679688,580.25,581.8499755859375,568.6500244140625,572.3499755859375,1748259
2019-12-30,UPL,548.1047973632812,589.3499755859375,592.0,578.4500122070312,582.9500122070312,1557550
2019-12-31,UPL,543.59423828125,584.5,591.7000122070312,583.0,590.2000122070312,1374096
2020-01-01,UPL,547.081787109375,588.25,589.5,580.7000122070312,585.0,720807
2020-01-02,UPL,553.7779541015625,595.4500122070312,597.2000122070312,584.2000122070312,589.5,1388201
2020-01-03,UPL,549.4067993164062,590.75,594.2000122070312,587.2999877929688,591.5,1063950
2020-01-06,UPL,544.0128173828125,584.9500122070312,589.0,579.0,589.0,1218216
2020-01-07,UPL,553.4058837890625,595.0499877929688,604.0,583.0499877929688,584.9500122070312,4247207
2020-01-08,UPL,558.7998657226562,600.8499755859375,603.0,584.5999755859375,585.75,2090846
2020-01-09,UPL,562.2410278320312,604.5499877929688,614.9000244140625,598.25,602.0,2795225
2020-01-10,UPL,558.2885131835938,600.2999877929688,608.5,595.0499877929688,607.0,1921690
2020-01-13,UPL,550.5228271484375,591.9500122070312,605.75,590.0,604.0,2174995
2020-01-14,UPL,542.710693359375,583.5499877929688,594.9000244140625,579.2000122070312,593.2000122070312,2911749
2020-01-15,UPL,544.80322265625,585.7999877929688,589.5,573.7999877929688,584.0,3419279
2020-01-16,UPL,546.9423217773438,588.0999755859375,591.7999877929688,582.0999755859375,587.0999755859375,1705322
2020-01-17,UPL,548.0119018554688,589.25,597.3499755859375,585.9000244140625,589.9500122070312,1813763
2020-01-20,UPL,543.687255859375,584.5999755859375,590.8499755859375,580.5499877929688,590.0,2425877
2020-01-21,UPL,537.2701416015625,577.7000122070312,582.7999877929688,572.2000122070312,582.7999877929688,4789489
2020-01-22,UPL,523.5524291992188,562.9500122070312,582.8499755859375,553.4000244140625,582.8499755859375,7453773
2020-01-23,UPL,504.2546081542969,542.2000122070312,564.5499877929688,540.2999877929688,560.0,4533870
2020-01-24,UPL,505.277587890625,543.2999877929688,564.5,541.0,541.0,8132638
2020-01-27,UPL,499.6510314941406,537.25,550.0999755859375,535.0,545.4000244140625,4285510
2020-01-28,UPL,499.3719787597656,536.9500122070312,548.0,533.2000122070312,538.25,4042406
2020-01-29,UPL,504.2080993652344,542.1500244140625,545.9000244140625,537.0499877929688,543.9000244140625,2182366
2020-01-30,UPL,506.068115234375,544.1500244140625,551.3499755859375,539.0999755859375,541.9500122070312,3514667
2020-01-31,UPL,489.6997985839844,526.5499877929688,549.0,525.0,547.4500122070312,4340034
2020-02-03,UPL,477.3771057128906,513.2999877929688,517.5,505.0,506.75,3012267
2020-02-04,UPL,486.0262145996094,522.5999755859375,525.9500122070312,515.0,516.9500122070312,2253175
2020-02-05,UPL,499.8370666503906,537.4500122070312,542.2999877929688,521.5499877929688,525.0999755859375,3105094
2020-02-06,UPL,499.27899169921875,536.8499755859375,545.2000122070312,533.5999755859375,537.0499877929688,2052126
2020-02-07,UPL,505.0915222167969,543.0999755859375,555.4500122070312,538.2999877929688,539.0,5702296
2020-02-10,UPL,533.9220581054688,574.0999755859375,579.5999755859375,555.7000122070312,570.2999877929688,15352223
2020-02-11,UPL,536.293701171875,576.6500244140625,584.7999877929688,569.9000244140625,574.4000244140625,5097454
2020-02-12,UPL,533.736083984375,573.9000244140625,583.0,570.4500122070312,578.4500122070312,3277025
2020-02-13,UPL,538.2466430664062,578.75,582.9000244140625,562.9000244140625,572.0,2902199
2020-02-14,UPL,550.2438354492188,591.6500244140625,601.4000244140625,578.0999755859375,579.5999755859375,6213486
2020-02-17,UPL,553.3594970703125,595.0,599.7999877929688,591.1500244140625,593.0,2418399
2020-02-18,UPL,544.2452392578125,585.2000122070312,592.0,574.0,592.0,2972328
2020-02-19,UPL,544.2452392578125,585.2000122070312,593.8499755859375,581.2999877929688,589.9000244140625,2843587
2020-02-20,UPL,543.4547729492188,584.3499755859375,596.25,580.7000122070312,586.0,1802988
2020-02-24,UPL,533.1314697265625,573.25,590.75,570.0999755859375,586.9500122070312,1975289
2020-02-25,UPL,526.7144775390625,566.3499755859375,577.6500244140625,562.0999755859375,573.2999877929688,2912488
2020-02-26,UPL,523.598876953125,563.0,569.7999877929688,556.0,565.7999877929688,2885119
2020-02-27,UPL,512.2992553710938,550.8499755859375,561.5499877929688,548.8499755859375,561.5499877929688,1668088
2020-02-28,UPL,483.3292541503906,519.7000122070312,546.5999755859375,514.0,543.0,2974535
2020-03-02,UPL,478.3536071777344,514.3499755859375,541.5999755859375,509.6000061035156,527.0,1907596
2020-03-03,UPL,485.04974365234375,521.5499877929688,526.6500244140625,512.5499877929688,519.9000244140625,2499968
2020-03-04,UPL,475.7961120605469,511.6000061035156,533.5999755859375,498.1000061035156,525.0,4037644
2020-03-05,UPL,479.9346618652344,516.0499877929688,529.0,513.0,518.9000244140625,2794208
2020-03-06,UPL,477.6561279296875,513.5999755859375,516.8499755859375,491.3500061035156,499.0,3567046
2020-03-09,UPL,477.09808349609375,513.0,519.9000244140625,494.6499938964844,504.6499938964844,4467786
2020-03-11,UPL,480.771728515625,516.9500122070312,523.4500122070312,497.6000061035156,498.54998779296875,5659070
2020-03-12,UPL,412.55499267578125,443.6000061035156,520.4000244140625,434.79998779296875,504.54998779296875,8132990
2020-03-13,UPL,382.0970153808594,410.8500061035156,438.0,377.1000061035156,428.0,9711669
2020-03-16,UPL,350.429931640625,376.79998779296875,394.95001220703125,373.5,392.29998779296875,5282490
2020-03-17,UPL,326.2960205078125,350.8500061035156,379.95001220703125,343.1000061035156,370.0,9227845
2020-03-18,UPL,299.32562255859375,321.8500061035156,363.95001220703125,314.6000061035156,360.0,5545759
2020-03-19,UPL,275.982177734375,296.75,313.29998779296875,293.0,301.20001220703125,7227403
2020-03-20,UPL,279.1442565917969,300.1499938964844,320.6499938964844,287.0,294.0,7465285
2020-03-23,UPL,236.7820281982422,254.60000610351562,283.0,240.14999389648438,270.1499938964844,3029255
2020-03-24,UPL,243.71060180664062,262.04998779296875,277.0,249.5,265.5,4168341
2020-03-25,UPL,272.3086242675781,292.79998779296875,301.3500061035156,252.0,257.0,3838980
2020-03-26,UPL,290.67645263671875,312.54998779296875,330.79998779296875,290.20001220703125,298.0,5887818
2020-03-27,UPL,299.6510925292969,322.20001220703125,336.0,315.29998779296875,327.6000061035156,4833123
2020-03-30,UPL,286.8634033203125,308.45001220703125,317.20001220703125,293.70001220703125,317.20001220703125,3121310
2020-03-31,UPL,303.650146484375,326.5,331.75,309.25,315.45001220703125,2779879
2020-04-01,UPL,284.35235595703125,305.75,328.5,303.0,328.5,2681565
2020-04-03,UPL,277.23773193359375,298.1000061035156,307.5,295.0,306.1499938964844,3265474
2020-04-07,UPL,300.9996032714844,323.6499938964844,326.0,307.1499938964844,311.0,3624533
2020-04-08,UPL,297.79107666015625,320.20001220703125,337.5,316.45001220703125,320.0,4632236
2020-04-09,UPL,296.675048828125,319.0,332.3999938964844,312.75,330.0,4690937
2020-04-13,UPL,302.2086486816406,324.95001220703125,334.20001220703125,316.5,321.0,4850246
2020-04-15,UPL,326.01708984375,350.54998779296875,381.75,329.8999938964844,329.95001220703125,22250797
2020-04-16,UPL,337.7817687988281,363.20001220703125,369.0,356.0,356.0,10132539
2020-04-17,UPL,337.874755859375,363.29998779296875,379.0,358.25,376.54998779296875,5328193
2020-04-20,UPL,329.9231262207031,354.75,369.79998779296875,352.79998779296875,369.79998779296875,4741085
2020-04-21,UPL,321.7389831542969,345.95001220703125,352.8999938964844,343.04998779296875,348.70001220703125,2817261
2020-04-22,UPL,328.90008544921875,353.6499938964844,359.0,336.20001220703125,345.0,4105520
2020-04-23,UPL,324.48248291015625,348.8999938964844,366.3999938964844,345.70001220703125,359.8999938964844,5687657
2020-04-24,UPL,312.3458251953125,335.8500061035156,347.6000061035156,334.20001220703125,345.0,2736041
2020-04-27,UPL,324.9010009765625,349.3500061035156,355.70001220703125,340.5,343.3999938964844,4557197
2020-04-28,UPL,335.2707214355469,360.5,369.95001220703125,357.04998779296875,361.95001220703125,7805452
2020-04-29,UPL,335.36370849609375,360.6000061035156,364.3999938964844,354.3500061035156,363.95001220703125,2823791
2020-04-30,UPL,390.6531066894531,420.04998779296875,429.3500061035156,364.04998779296875,367.25,18223977
2020-05-04,UPL,358.42803955078125,385.3999938964844,419.5,381.3500061035156,394.8500061035156,10395293
2020-05-05,UPL,359.9626159667969,387.04998779296875,408.0,385.0,395.0,11636689
2020-05-06,UPL,352.4759826660156,379.0,392.95001220703125,373.0,392.95001220703125,7610739
2020-05-07,UPL,342.6178283691406,368.3999938964844,383.8999938964844,366.29998779296875,378.0,4313383
2020-05-08,UPL,339.0837707519531,364.6000061035156,375.79998779296875,363.0,373.45001220703125,3281665
2020-05-11,UPL,342.33880615234375,368.1000061035156,378.6000061035156,366.5,367.0,3903903
2020-05-12,UPL,348.33740234375,374.54998779296875,382.45001220703125,363.8999938964844,368.5,9371378
2020-05-13,UPL,362.3806457519531,389.6499938964844,398.79998779296875,380.6000061035156,398.20001220703125,7474549
2020-05-14,UPL,364.42669677734375,391.8500061035156,396.0,376.1000061035156,386.5,7302564
2020-05-15,UPL,352.3829345703125,378.8999938964844,393.70001220703125,377.45001220703125,393.70001220703125,3690162
2020-05-18,UPL,349.49993896484375,375.79998779296875,384.70001220703125,365.3999938964844,381.3999938964844,5496838
2020-05-19,UPL,315.8798828125,339.6499938964844,380.6499938964844,338.25,380.6499938964844,18772182
2020-05-20,UPL,331.5971374511719,356.54998779296875,358.6000061035156,336.0,339.04998779296875,16718256
2020-05-21,UPL,341.1297912597656,366.79998779296875,370.0,356.3500061035156,359.6499938964844,10088405
2020-05-22,UPL,345.17535400390625,371.1499938964844,373.8999938964844,362.70001220703125,366.75,8545206
2020-05-26,UPL,341.3622741699219,367.04998779296875,386.45001220703125,365.6499938964844,376.95001220703125,14906268
2020-05-27,UPL,360.6601257324219,387.79998779296875,390.0,367.04998779296875,370.5,15176090
2020-05-28,UPL,363.72918701171875,391.1000061035156,398.8999938964844,388.20001220703125,394.20001220703125,9297617
2020-05-29,UPL,377.4469299316406,405.8500061035156,419.75,388.3999938964844,392.54998779296875,22299690
2020-06-01,UPL,389.95562744140625,419.29998779296875,423.0,410.75,411.0,7782162
2020-06-02,UPL,394.97772216796875,424.70001220703125,428.95001220703125,414.70001220703125,420.1000061035156,6847511
2020-06-03,UPL,389.7696228027344,419.1000061035156,433.79998779296875,417.0,428.95001220703125,7203375
2020-06-04,UPL,392.5132141113281,422.04998779296875,432.95001220703125,418.0,419.8999938964844,5729522
2020-06-05,UPL,408.6489562988281,439.3999938964844,445.95001220703125,423.54998779296875,425.25,12315930
2020-06-08,UPL,406.2309265136719,436.79998779296875,449.70001220703125,433.5,449.0,4520947
2020-06-09,UPL,400.46484375,430.6000061035156,445.0,428.1499938964844,443.95001220703125,4047481
2020-06-10,UPL,395.2567138671875,425.0,435.54998779296875,421.0,432.1000061035156,4333713
2020-06-11,UPL,388.2350769042969,417.45001220703125,434.25,415.45001220703125,430.70001220703125,3873603
2020-06-12,UPL,382.84100341796875,411.6499938964844,415.20001220703125,400.04998779296875,402.0,4994437
2020-06-15,UPL,376.6564025878906,405.0,411.0,398.04998779296875,405.6499938964844,4693720
2020-06-16,UPL,385.2590637207031,414.25,429.3999938964844,410.0,416.0,10359268
2020-06-17,UPL,391.35064697265625,420.79998779296875,424.0,409.0,419.79998779296875,6081250
2020-06-18,UPL,397.9537353515625,427.8999938964844,431.8999938964844,422.3999938964844,422.8500061035156,5639475
2020-06-19,UPL,406.3238830566406,436.8999938964844,439.54998779296875,427.5,427.95001220703125,6059311
2020-06-22,UPL,414.97308349609375,446.20001220703125,448.3999938964844,432.1000061035156,436.95001220703125,4989998
2020-06-23,UPL,430.6903381347656,463.1000061035156,469.1000061035156,452.75,453.0,7872909
2020-06-24,UPL,413.810546875,444.95001220703125,470.0,441.0,466.8500061035156,3907871
2020-06-25,UPL,411.90399169921875,442.8999938964844,454.70001220703125,437.45001220703125,438.1499938964844,3982270
2020-06-26,UPL,409.4394226074219,440.25,450.8500061035156,438.6499938964844,450.0,2128146
2020-06-29,UPL,401.673828125,431.8999938964844,440.25,429.1499938964844,440.0,2317342
2020-06-30,UPL,395.4427185058594,425.20001220703125,446.45001220703125,422.0,435.0,5184094
2020-07-01,UPL,415.6705627441406,446.95001220703125,449.0,429.0,430.8999938964844,8180122
2020-07-02,UPL,411.48553466796875,442.45001220703125,453.75,440.3500061035156,451.3500061035156,3806615
2020-07-03,UPL,413.113037109375,444.20001220703125,452.95001220703125,442.3999938964844,445.20001220703125,3812085
2020-07-06,UPL,424.6452331542969,456.6000061035156,460.3999938964844,446.29998779296875,447.0,4256802
2020-07-07,UPL,419.3906555175781,450.95001220703125,457.8999938964844,448.1000061035156,457.8999938964844,3664371
2020-07-08,UPL,412.9270324707031,444.0,464.0,441.25,459.8500061035156,8686804
2020-07-09,UPL,411.5784606933594,442.54998779296875,447.8999938964844,437.1499938964844,447.0,5160583
2020-07-10,UPL,405.9519348144531,436.5,452.0,433.5,444.0,5805444
2020-07-13,UPL,408.46295166015625,439.20001220703125,444.95001220703125,435.5,440.0,2480373
2020-07-14,UPL,406.88189697265625,437.5,444.5,429.1000061035156,439.95001220703125,4214233
2020-07-15,UPL,406.9284362792969,437.54998779296875,442.8500061035156,430.45001220703125,441.75,4334472
2020-07-16,UPL,403.1153869628906,433.45001220703125,441.75,423.54998779296875,440.54998779296875,4189313
2020-07-17,UPL,405.9053955078125,436.45001220703125,442.3500061035156,433.0,435.0,3644124
2020-07-20,UPL,421.9017028808594,453.6499938964844,456.0,439.29998779296875,440.0,9435204
2020-07-21,UPL,426.31927490234375,458.3999938964844,462.79998779296875,450.3500061035156,457.29998779296875,6154181
2020-07-22,UPL,428.0397644042969,460.25,464.5,447.70001220703125,460.0,4431710
2020-07-23,UPL,430.36480712890625,462.75,478.0,459.0,461.0,9426775
2020-07-24,UPL,422.36669921875,454.1499938964844,461.0,444.1000061035156,461.0,4058564
2020-07-27,UPL,414.6010437011719,445.79998779296875,457.0,440.25,455.79998779296875,2974232
2020-07-28,UPL,417.5306091308594,448.95001220703125,451.95001220703125,441.5,446.3999938964844,4626424
2020-07-29,UPL,429.434814453125,461.75,464.1000061035156,449.04998779296875,449.5,7119586
2020-07-30,UPL,432.0853576660156,464.6000061035156,471.5,461.45001220703125,464.95001220703125,6219364
2020-07-31,UPL,444.6870422363281,478.1499938964844,486.0,460.25,467.8500061035156,11062522
2020-08-03,UPL,420.50665283203125,452.1499938964844,484.8999938964844,445.20001220703125,484.0,14443397
2020-08-04,UPL,429.3883361816406,461.70001220703125,464.3500061035156,454.0,455.8500061035156,6194269
2020-08-05,UPL,421.8551330566406,453.6000061035156,467.70001220703125,452.29998779296875,462.0,4735993
2020-08-06,UPL,431.434326171875,463.8999938964844,466.5,451.6000061035156,452.5,4177541
2020-08-07,UPL,446.68658447265625,480.29998779296875,484.8999938964844,465.5,465.5,10013531
2020-08-10,UPL,459.7068176269531,494.29998779296875,496.5,478.45001220703125,483.8500061035156,7603877
2020-08-11,UPL,448.1746520996094,481.8999938964844,496.6499938964844,480.0,496.5,4360559
2020-08-12,UPL,453.0571594238281,487.1499938964844,489.0,471.04998779296875,481.25,4332473
2020-08-13,UPL,454.917236328125,489.1499938964844,499.8999938964844,487.29998779296875,487.29998779296875,4549072
2020-08-14,UPL,451.66217041015625,485.6499938964844,496.8999938964844,480.8500061035156,494.6000061035156,2431513
2020-08-17,UPL,457.893310546875,492.3500061035156,494.70001220703125,487.75,489.5,2230102
2020-08-18,UPL,465.14739990234375,500.1499938964844,508.95001220703125,491.8500061035156,492.20001220703125,8890454
2020-08-19,UPL,469.8567199707031,499.3999938964844,507.1499938964844,492.5,499.8999938964844,5405921
2020-08-20,UPL,462.8004455566406,491.8999938964844,498.75,487.25,494.8500061035156,3081595
2020-08-21,UPL,464.211669921875,493.3999938964844,504.04998779296875,491.0,496.5,3426420
2020-08-24,UPL,467.9750671386719,497.3999938964844,504.75,496.0,496.0,4042101
2020-08-25,UPL,462.9886169433594,492.1000061035156,500.54998779296875,490.20001220703125,499.04998779296875,3431181
2020-08-26,UPL,464.352783203125,493.54998779296875,496.6000061035156,488.3500061035156,492.95001220703125,2839616
2020-08-27,UPL,467.363525390625,496.75,500.0,492.5,493.04998779296875,2426413
2020-08-28,UPL,488.5325012207031,519.25,521.0999755859375,498.29998779296875,500.0,9809902
2020-08-31,UPL,476.019287109375,505.95001220703125,534.9000244140625,501.0,524.0,10825186
2020-09-01,UPL,475.1724853515625,505.04998779296875,510.0,491.25,505.0,3980634
2020-09-02,UPL,471.2209777832031,500.8500061035156,506.0,492.70001220703125,505.0,4153159
2020-09-03,UPL,490.9786682128906,521.8499755859375,526.75,504.25,505.79998779296875,8589174
2020-09-04,UPL,478.37139892578125,508.45001220703125,517.8499755859375,504.54998779296875,514.75,3768829
2020-09-07,UPL,465.1996154785156,494.45001220703125,510.45001220703125,490.79998779296875,509.5,5255102
2020-09-08,UPL,458.1903076171875,487.0,503.3999938964844,485.0,497.6499938964844,4844522
2020-09-09,UPL,465.29364013671875,494.54998779296875,498.3999938964844,467.04998779296875,482.0,6078535
2020-09-10,UPL,461.9536437988281,491.0,497.8999938964844,485.0,497.8999938964844,4004621
2020-09-11,UPL,469.48040771484375,499.0,501.0,488.1000061035156,492.6000061035156,3410700
2020-09-14,UPL,485.38067626953125,515.9000244140625,519.7999877929688,502.0,507.95001220703125,5861874
2020-09-15,UPL,498.3642578125,529.7000122070312,532.25,516.0499877929688,518.25,6222387
2020-09-16,UPL,497.2353210449219,528.5,533.25,521.9500122070312,530.0499877929688,3961765
2020-09-17,UPL,499.1639709472656,530.5499877929688,537.0,520.2999877929688,524.9500122070312,4036494
2020-09-18,UPL,505.5146179199219,537.2999877929688,540.0,529.0499877929688,530.9000244140625,3868205
2020-09-21,UPL,500.7164001464844,532.2000122070312,546.5,521.8499755859375,537.0,4907451
2020-09-22,UPL,497.8468017578125,529.1500244140625,537.9000244140625,512.3499755859375,532.2000122070312,4623271
2020-09-23,UPL,500.90460205078125,532.4000244140625,534.9000244140625,519.8499755859375,530.0,3647937
2020-09-24,UPL,475.26654052734375,505.1499938964844,525.4500122070312,502.20001220703125,525.4500122070312,4119459
2020-09-25,UPL,474.79620361328125,504.6499938964844,513.7999877929688,500.75,508.95001220703125,4857500
2020-09-28,UPL,479.6414794921875,509.79998779296875,517.75,506.0,506.3999938964844,3786837
2020-09-29,UPL,463.929443359375,493.1000061035156,514.5,490.6000061035156,514.5,5023517
2020-09-30,UPL,473.1496887207031,502.8999938964844,506.0,491.54998779296875,494.0,4501371
2020-10-01,UPL,475.7369689941406,505.6499938964844,512.7000122070312,503.29998779296875,508.0,2462815
2020-10-05,UPL,477.10125732421875,507.1000061035156,510.1499938964844,502.1000061035156,509.5,2533219
2020-10-06,UPL,479.40631103515625,509.54998779296875,519.0,508.25,511.45001220703125,3662177
2020-10-07,UPL,480.6294250488281,510.8500061035156,524.9000244140625,507.3999938964844,511.45001220703125,4997502
2020-10-08,UPL,479.26519775390625,509.3999938964844,519.8499755859375,506.5,513.9500122070312,2814293
2020-10-09,UPL,467.8809814453125,497.29998779296875,513.2000122070312,495.8999938964844,510.3999938964844,3712048
2020-10-12,UPL,477.10125732421875,507.1000061035156,508.29998779296875,493.1499938964844,499.8999938964844,3332184
2020-10-13,UPL,476.5367431640625,506.5,515.5499877929688,504.1000061035156,507.79998779296875,3992135
2020-10-14,UPL,480.6764221191406,510.8999938964844,513.0,495.29998779296875,501.3500061035156,3424208
2020-10-15,UPL,476.5837707519531,506.54998779296875,520.0,502.8999938964844,510.0,4927083
2020-10-16,UPL,439.3264465332031,466.95001220703125,490.0,458.25,490.0,22982744
2020-10-19,UPL,436.03350830078125,463.45001220703125,474.79998779296875,447.5,474.79998779296875,13195978
2020-10-20,UPL,428.9771423339844,455.95001220703125,467.70001220703125,453.95001220703125,464.0,7254934
2020-10-21,UPL,427.3306884765625,454.20001220703125,463.5,446.75,459.8999938964844,6312534
2020-10-22,UPL,427.6129150390625,454.5,458.20001220703125,450.20001220703125,452.79998779296875,4495403
2020-10-23,UPL,424.27294921875,450.95001220703125,458.5,450.0,458.5,3682002
2020-10-26,UPL,407.7611389160156,433.3999938964844,454.95001220703125,431.5,454.95001220703125,6279910
2020-10-27,UPL,412.6064453125,438.54998779296875,441.3999938964844,429.3500061035156,435.0,4881972
2020-10-28,UPL,424.08477783203125,450.75,454.5,437.5,440.3500061035156,7235494
2020-10-29,UPL,423.6143493652344,450.25,455.6000061035156,444.25,447.3999938964844,4598075
2020-10-30,UPL,426.4368591308594,453.25,457.5,446.45001220703125,451.8999938964844,3684166
2020-11-02,UPL,419.0042419433594,445.3500061035156,465.0,431.6499938964844,465.0,10356782
2020-11-03,UPL,392.3783264160156,417.04998779296875,449.5,414.0,444.3999938964844,16512536
2020-11-04,UPL,377.6071472167969,401.3500061035156,415.70001220703125,399.0,415.70001220703125,19363947
2020-11-05,UPL,393.6484680175781,418.3999938964844,419.6000061035156,405.1499938964844,407.95001220703125,11470585
2020-11-06,UPL,397.4118957519531,422.3999938964844,428.0,417.79998779296875,421.45001220703125,7614066
2020-11-09,UPL,401.50457763671875,426.75,431.0,424.1499938964844,426.6000061035156,4271081
2020-11-10,UPL,407.19659423828125,432.79998779296875,438.5,426.54998779296875,430.1000061035156,6424909
2020-11-11,UPL,409.9250793457031,435.70001220703125,442.95001220703125,429.0,429.0,7504886
2020-11-12,UPL,404.1859436035156,429.6000061035156,437.79998779296875,425.1000061035156,436.79998779296875,5511536
2020-11-13,UPL,400.1873779296875,425.3500061035156,431.1000061035156,423.0,429.0,4644051
2020-11-14,UPL,403.8566589355469,429.25,431.1499938964844,428.0,431.1499938964844,643619
2020-11-17,UPL,404.23297119140625,429.6499938964844,434.5,428.25,431.3999938964844,5929010
2020-11-18,UPL,401.0811462402344,426.29998779296875,430.0,424.04998779296875,430.0,4415523
2020-11-19,UPL,391.86090087890625,416.5,425.8999938964844,415.04998779296875,425.8999938964844,6331928
2020-11-20,UPL,395.5301818847656,420.3999938964844,422.3999938964844,406.54998779296875,416.5,12763134
2020-11-23,UPL,401.2222595214844,426.45001220703125,429.5,421.3500061035156,423.0,5172468
2020-11-24,UPL,402.16314697265625,427.45001220703125,431.5,426.45001220703125,428.0,4538696
2020-11-25,UPL,393.8367004394531,418.6000061035156,430.1499938964844,417.6000061035156,428.79998779296875,4753592
2020-11-26,UPL,395.6712951660156,420.54998779296875,422.29998779296875,414.1499938964844,418.6000061035156,3896795
2020-11-27,UPL,392.9898986816406,417.70001220703125,425.5,416.29998779296875,421.20001220703125,7024437
2020-12-01,UPL,407.4318542480469,433.04998779296875,434.20001220703125,418.0,420.0,14928450
2020-12-02,UPL,415.80535888671875,441.95001220703125,447.0,437.45001220703125,442.75,14187495
2020-12-03,UPL,427.8481140136719,454.75,458.8999938964844,437.5,446.75,13251977
2020-12-04,UPL,428.741943359375,455.70001220703125,463.0,452.5,458.95001220703125,7719922
2020-12-07,UPL,447.79400634765625,475.95001220703125,478.20001220703125,453.54998779296875,455.0,11443788
2020-12-08,UPL,444.830322265625,472.79998779296875,488.5,469.45001220703125,481.25,15624166
2020-12-09,UPL,463.45904541015625,492.6000061035156,495.0,475.1000061035156,475.1000061035156,13836059
2020-12-10,UPL,412.5124206542969,438.45001220703125,479.0,416.1000061035156,478.0,87279054
2020-12-11,UPL,409.2664794921875,435.0,456.8500061035156,429.20001220703125,456.0,50283569
2020-12-14,UPL,415.9935302734375,442.1499938964844,443.8999938964844,431.79998779296875,433.0,14595495
2020-12-15,UPL,422.2501525878906,448.79998779296875,449.79998779296875,437.0,443.25,9187569
2020-12-16,UPL,432.458251953125,459.6499938964844,461.5,451.5,453.8500061035156,11503251
2020-12-17,UPL,428.459716796875,455.3999938964844,466.3999938964844,453.20001220703125,461.45001220703125,7362825
2020-12-18,UPL,433.06982421875,460.29998779296875,462.0,454.0,456.0,5402464
2020-12-21,UPL,411.4304504394531,437.29998779296875,460.75,417.0,460.0,7376210
2020-12-22,UPL,418.3455810546875,444.6499938964844,445.79998779296875,425.54998779296875,437.29998779296875,7910320
2020-12-23,UPL,425.2137756347656,451.95001220703125,452.70001220703125,438.29998779296875,444.5,3488991
2020-12-24,UPL,422.8146057128906,449.3999938964844,456.6000061035156,448.0,454.8999938964844,4384445
2020-12-28,UPL,426.5780029296875,453.3999938964844,457.5,451.04998779296875,452.04998779296875,3146922
2020-12-29,UPL,427.8011169433594,454.70001220703125,459.0,445.3999938964844,454.5,3781566
2020-12-30,UPL,439.4675598144531,467.1000061035156,472.3999938964844,461.25,464.0,21753642
2020-12-31,UPL,438.76190185546875,466.3500061035156,468.5,461.20001220703125,467.70001220703125,5429481
2021-01-01,UPL,441.5373840332031,469.29998779296875,476.6000061035156,466.8500061035156,469.8999938964844,7090451
2021-01-04,UPL,445.1596374511719,473.1499938964844,475.0,466.6499938964844,473.3999938964844,3615832
2021-01-05,UPL,443.3720397949219,471.25,472.5,466.3500061035156,469.0,3226777
2021-01-06,UPL,444.4539794921875,472.3999938964844,481.8999938964844,467.1499938964844,471.95001220703125,5947103
2021-01-07,UPL,453.9565124511719,482.5,486.5,474.45001220703125,476.0,7025121
2021-01-08,UPL,473.8553161621094,503.6499938964844,506.0,484.79998779296875,485.0,16114942
2021-01-11,UPL,468.02215576171875,497.45001220703125,508.8999938964844,493.29998779296875,506.0,5666689
2021-01-12,UPL,471.8325500488281,501.5,505.5,491.20001220703125,494.75,5008167
2021-01-13,UPL,462.6122741699219,491.70001220703125,505.79998779296875,484.3999938964844,502.0,4694033
2021-01-14,UPL,479.26519775390625,509.3999938964844,515.0,493.0,494.1000061035156,15231242
2021-01-15,UPL,491.63726806640625,522.5499877929688,527.9000244140625,511.3999938964844,511.95001220703125,19836600
2021-01-18,UPL,528.0948486328125,561.2999877929688,568.0,524.0,524.9500122070312,37175310
2021-01-19,UPL,530.6351318359375,564.0,570.9000244140625,553.6500244140625,561.0,15094630
2021-01-20,UPL,542.2545166015625,576.3499755859375,581.8499755859375,556.5,563.0,10900743
2021-01-21,UPL,549.969482421875,584.5499877929688,594.0,576.3499755859375,576.3499755859375,11759051
2021-01-22,UPL,533.41064453125,566.9500122070312,592.5,564.0,585.4000244140625,10118222
2021-01-25,UPL,553.3565673828125,588.1500244140625,593.0,567.0,571.7000122070312,13563025
2021-01-27,UPL,540.27880859375,574.25,601.1500244140625,569.0,588.1500244140625,15463821
2021-01-28,UPL,531.9994506835938,565.4500122070312,570.7000122070312,557.2000122070312,569.0,8146430
2021-01-29,UPL,527.4833984375,560.6500244140625,576.0,557.0,569.8499755859375,9298672
2021-02-01,UPL,502.5039978027344,534.0999755859375,548.9000244140625,510.0,548.9000244140625,20250736
2021-02-02,UPL,532.799072265625,566.2999877929688,568.5,541.0,541.0,13416792
2021-02-03,UPL,525.225341796875,558.25,579.9500122070312,555.0,562.0999755859375,7268499
2021-02-04,UPL,515.6287231445312,548.0499877929688,568.5499877929688,544.2999877929688,558.7000122070312,6751111
2021-02-05,UPL,504.761962890625,536.5,553.8499755859375,535.0,553.8499755859375,6377789
2021-02-08,UPL,506.4554748535156,538.2999877929688,546.0,528.1500244140625,538.0,8511429
2021-02-09,UPL,506.7377624511719,538.5999755859375,556.0,535.5499877929688,539.5,9171011
2021-02-10,UPL,502.7862243652344,534.4000244140625,546.4500122070312,532.4500122070312,543.0,4446858
2021-02-11,UPL,511.3949279785156,543.5499877929688,545.5999755859375,530.2000122070312,530.2000122070312,5684777
2021-02-12,UPL,504.1033935546875,535.7999877929688,547.2999877929688,531.5,545.7999877929688,3043562
2021-02-15,UPL,505.6558532714844,537.4500122070312,543.9500122070312,534.5499877929688,540.0,2569470
2021-02-16,UPL,507.0671081542969,538.9500122070312,545.6500244140625,537.0999755859375,542.6500244140625,2976504
2021-02-17,UPL,507.1140441894531,539.0,542.5999755859375,525.2999877929688,525.2999877929688,2934589
2021-02-18,UPL,509.04278564453125,541.0499877929688,556.5999755859375,532.0,536.3499755859375,6399026
2021-02-19,UPL,520.0977172851562,552.7999877929688,565.0,539.5,542.9500122070312,16693854
2021-02-22,UPL,507.8197326660156,539.75,560.9500122070312,536.5499877929688,556.0,7702962
2021-02-23,UPL,532.8931884765625,566.4000244140625,570.0,514.0499877929688,530.0,20867768
2021-02-24,UPL,521.1796875,553.9500122070312,567.0,546.0,547.0,7229614
2021-02-25,UPL,557.9195556640625,593.0,597.0,559.0,560.7999877929688,16764202
2021-02-26,UPL,528.330078125,561.5499877929688,589.4000244140625,555.4500122070312,585.0,11511171
2021-03-01,UPL,555.6615600585938,590.5999755859375,592.7000122070312,570.0,570.0,8570035
2021-03-02,UPL,554.5796508789062,589.4500122070312,608.7999877929688,580.1500244140625,603.0,10602015
2021-03-03,UPL,577.3009643554688,613.5999755859375,616.8499755859375,589.2000122070312,595.7999877929688,8740632
2021-03-04,UPL,579.04150390625,615.4500122070312,631.4500122070312,599.0999755859375,602.0,14124256
2021-03-05,UPL,556.555419921875,591.5499877929688,615.9000244140625,586.0,615.4500122070312,7517590
2021-03-08,UPL,592.6837768554688,629.9500122070312,636.2000122070312,600.0,601.0,14163149
2021-03-09,UPL,587.9324951171875,624.9000244140625,637.7000122070312,611.25,634.0,10566829
2021-03-10,UPL,584.5454711914062,621.2999877929688,630.5999755859375,612.5,630.5999755859375,5583509
2021-03-12,UPL,583.6045532226562,620.2999877929688,632.9500122070312,614.0999755859375,626.5999755859375,4994965
2021-03-15,UPL,584.592529296875,621.3499755859375,625.4500122070312,604.4500122070312,623.2999877929688,5438310
2021-03-16,UPL,583.5575561523438,620.25,639.5499877929688,616.5499877929688,625.0499877929688,8396917
2021-03-17,UPL,573.1613159179688,609.2000122070312,626.8499755859375,605.0,623.6500244140625,4503677
2021-03-18,UPL,565.7285766601562,601.2999877929688,622.7999877929688,594.0499877929688,617.6500244140625,6154177
2021-03-19,UPL,588.4498901367188,625.4500122070312,628.9000244140625,586.2000122070312,598.0,8322870
2021-03-22,UPL,590.990234375,628.1500244140625,636.9000244140625,617.6500244140625,624.9500122070312,6196079
2021-03-23,UPL,595.8826293945312,633.3499755859375,643.9500122070312,621.0,622.5,5999369
2021-03-24,UPL,572.8319091796875,608.8499755859375,636.4000244140625,607.0,625.0,4832842
2021-03-25,UPL,560.4129638671875,595.6500244140625,618.25,591.5,613.0,10648953
2021-03-26,UPL,550.769287109375,585.4000244140625,606.0,581.0,606.0,7778619
2021-03-30,UPL,590.802001953125,627.9500122070312,634.6500244140625,591.0,597.0,14663780
2021-03-31,UPL,603.8797607421875,641.8499755859375,654.0,620.0999755859375,623.0,15862803
2021-04-01,UPL,614.9346923828125,653.5999755859375,656.9000244140625,635.0,640.9500122070312,7348750
2021-04-05,UPL,608.0194702148438,646.25,664.75,631.5999755859375,650.0,9077724
2021-04-06,UPL,622.2261962890625,661.3499755859375,668.8499755859375,645.0,648.0,7227685
2021-04-07,UPL,615.7344360351562,654.4500122070312,673.9500122070312,652.4000244140625,660.0,4948757
2021-04-08,UPL,613.0528564453125,651.5999755859375,664.5999755859375,650.0,657.0,3926359
2021-04-09,UPL,597.3409423828125,634.9000244140625,656.0,630.7000122070312,656.0,4995747
2021-04-12,UPL,554.6736450195312,589.5499877929688,627.6500244140625,581.5,625.0,5954644
2021-04-13,UPL,568.8333740234375,604.5999755859375,618.5,589.0,594.0,10046450
2021-04-15,UPL,571.4207153320312,607.3499755859375,623.9000244140625,597.4000244140625,611.0,7395673
2021-04-16,UPL,575.5604858398438,611.75,618.7999877929688,602.0,610.0,3577455
2021-04-19,UPL,562.1063232421875,597.4500122070312,603.0,587.0,595.0999755859375,3198847
2021-04-20,UPL,556.7435913085938,591.75,613.0,585.5999755859375,606.0,3403144
2021-04-22,UPL,556.6023559570312,591.5999755859375,598.9000244140625,581.9000244140625,589.0,3182229
2021-04-23,UPL,550.769287109375,585.4000244140625,597.0499877929688,581.2999877929688,592.0999755859375,3356598
2021-04-26,UPL,555.7086791992188,590.6500244140625,597.9000244140625,585.9000244140625,587.0999755859375,3162291
2021-04-27,UPL,562.1063232421875,597.4500122070312,605.2000122070312,589.4000244140625,591.0999755859375,4496811
2021-04-28,UPL,572.0792236328125,608.0499877929688,613.7000122070312,601.2000122070312,602.9500122070312,4983043
2021-04-29,UPL,579.3707885742188,615.7999877929688,621.0,609.7999877929688,613.4000244140625,6257014
2021-04-30,UPL,570.9973754882812,606.9000244140625,621.0,604.0499877929688,610.7999877929688,3072295
2021-05-03,UPL,581.2525634765625,617.7999877929688,619.75,596.1500244140625,605.5,3609311
2021-05-04,UPL,575.090087890625,611.25,645.6500244140625,608.0499877929688,621.0,13505599
2021-05-05,UPL,602.7977905273438,640.7000122070312,643.0,616.6500244140625,621.7000122070312,11454883
2021-05-06,UPL,595.5533447265625,633.0,641.0,626.6500244140625,640.7000122070312,5545420
2021-05-07,UPL,592.1663208007812,629.4000244140625,641.8499755859375,625.25,635.0,3675295
2021-05-10,UPL,634.6923217773438,674.5999755859375,680.3499755859375,635.5499877929688,635.7000122070312,16727737
2021-05-11,UPL,643.8655395507812,684.3499755859375,688.4500122070312,667.9000244140625,673.0,14135052
2021-05-12,UPL,650.7337036132812,691.6500244140625,702.5499877929688,680.5999755859375,691.9500122070312,10562440
2021-05-14,UPL,699.3282470703125,743.2999877929688,764.4000244140625,705.0499877929688,710.0,57232233
2021-05-17,UPL,725.1543579101562,770.75,785.0,752.0499877929688,757.0,28018670
2021-05-18,UPL,723.8842163085938,769.4000244140625,778.0,759.1500244140625,776.5,10306166
2021-05-19,UPL,735.8800048828125,782.1500244140625,805.2999877929688,765.5499877929688,773.0,17761845
2021-05-20,UPL,722.0966186523438,767.5,797.4000244140625,763.0,786.4000244140625,8495432
2021-05-21,UPL,733.7159423828125,779.8499755859375,786.0,763.25,775.0,8097156
2021-05-24,UPL,742.6539916992188,789.3499755859375,793.9500122070312,773.7000122070312,781.9500122070312,5586202
2021-05-25,UPL,749.5221557617188,796.6500244140625,806.0,789.5,795.0,7350432
2021-05-26,UPL,764.5286254882812,812.5999755859375,815.75,791.5,795.0,7822821
2021-05-27,UPL,771.2556762695312,819.75,825.5,809.5999755859375,816.0499877929688,10004617
2021-05-28,UPL,763.6818237304688,811.7000122070312,824.4500122070312,809.0,818.4500122070312,4829944
2021-05-31,UPL,766.8807373046875,815.0999755859375,821.8499755859375,808.25,811.7000122070312,3857904
2021-06-01,UPL,767.539306640625,815.7999877929688,826.4000244140625,808.3499755859375,818.0,4414474
2021-06-02,UPL,788.0496826171875,837.5999755859375,840.8499755859375,810.5,815.0,7228801
2021-06-03,UPL,790.5429077148438,840.25,845.0,828.0,842.9500122070312,6863737
2021-06-04,UPL,786.779541015625,836.25,845.3499755859375,832.0999755859375,835.0,4116012
2021-06-07,UPL,800.1865844726562,850.5,862.25,834.2000122070312,841.0,4774564
2021-06-08,UPL,803.05615234375,853.5499877929688,864.7000122070312,840.2000122070312,850.4000244140625,4214138
2021-06-09,UPL,795.5293579101562,845.5499877929688,862.9500122070312,838.6500244140625,855.0,5068262
2021-06-10,UPL,789.0846557617188,838.7000122070312,853.7999877929688,837.0,849.0,4012050
2021-06-11,UPL,785.74462890625,835.1500244140625,844.7000122070312,830.0,842.9500122070312,2633076
2021-06-14,UPL,785.2271118164062,834.5999755859375,838.2000122070312,815.2000122070312,838.2000122070312,2361786
2021-06-15,UPL,792.0011596679688,841.7999877929688,845.6500244140625,830.4000244140625,834.2000122070312,3093053
2021-06-16,UPL,788.6141967773438,838.2000122070312,854.5499877929688,836.1500244140625,843.9000244140625,4555364
2021-06-17,UPL,785.6505126953125,835.0499877929688,848.0,828.6500244140625,834.8499755859375,3684099
2021-06-18,UPL,760.2007446289062,808.0,839.25,790.8499755859375,839.0,8145772
2021-06-21,UPL,726.5186157226562,772.2000122070312,800.0,768.2999877929688,800.0,10319132
2021-06-22,UPL,755.026123046875,802.5,806.5,776.5999755859375,779.0,8773658
2021-06-23,UPL,756.4373779296875,804.0,810.9500122070312,793.0999755859375,809.0,5498823
2021-06-24,UPL,765.3283081054688,813.4500122070312,815.4500122070312,796.5999755859375,809.0,3569898
2021-06-25,UPL,757.519287109375,805.1500244140625,814.0,801.8499755859375,809.0,2566357
2021-06-28,UPL,761.2357177734375,809.0999755859375,812.5999755859375,801.2999877929688,805.0,2499662
2021-06-29,UPL,757.7545166015625,805.4000244140625,817.9500122070312,799.2999877929688,810.0,2509072
2021-06-30,UPL,745.947021484375,792.8499755859375,811.0,790.5999755859375,810.0,2180444
2021-07-01,UPL,744.6768798828125,791.5,798.5499877929688,786.4500122070312,796.0,1933865
2021-07-02,UPL,752.0624389648438,799.3499755859375,806.5999755859375,789.0,791.5,2511086
2021-07-05,UPL,759.8244018554688,807.5999755859375,810.7000122070312,798.0499877929688,801.5,1812638
2021-07-06,UPL,755.7787475585938,803.2999877929688,816.0,801.4000244140625,808.0,3097194
2021-07-07,UPL,768.57421875,816.9000244140625,821.5,802.0,804.9000244140625,4641521
2021-07-08,UPL,765.93994140625,814.0999755859375,824.75,807.3499755859375,813.4000244140625,2536653
2021-07-09,UPL,766.3632202148438,814.5499877929688,823.0,808.0999755859375,812.0,2662681
2021-07-12,UPL,772.8551025390625,821.4500122070312,831.7000122070312,815.9500122070312,820.0,4414998
2021-07-13,UPL,782.7339477539062,831.9500122070312,833.7999877929688,823.0999755859375,828.9000244140625,2610471
2021-07-14,UPL,780.2520141601562,819.75,827.4000244140625,818.0,823.4000244140625,2456567
2021-07-15,UPL,795.9569702148438,836.25,839.2999877929688,819.25,821.75,3435337
2021-07-16,UPL,797.1943359375,837.5499877929688,852.4000244140625,830.7999877929688,843.0,3907867
2021-07-19,UPL,793.1015625,833.25,849.0,822.2999877929688,834.9000244140625,4744590
2021-07-20,UPL,775.0170288085938,814.25,837.5,803.75,835.4500122070312,3280049
2021-07-22,UPL,788.1045532226562,828.0,829.5,816.0,817.9500122070312,2978752
2021-07-23,UPL,780.2044067382812,819.7000122070312,827.5999755859375,816.0,827.5,2212963
2021-07-26,UPL,780.4424438476562,819.9500122070312,826.75,806.6500244140625,819.0,2449095
2021-07-27,UPL,773.5892333984375,812.75,825.6500244140625,806.1500244140625,820.0,1721268
2021-07-28,UPL,775.3977661132812,814.6500244140625,818.6500244140625,796.9500122070312,818.6500244140625,3172824
2021-07-29,UPL,780.2044067382812,819.7000122070312,822.9500122070312,810.0,822.9500122070312,1839368
2021-07-30,UPL,769.5916137695312,808.5499877929688,834.5,786.1500244140625,821.25,7703034
2021-08-02,UPL,752.9347534179688,791.0499877929688,810.6500244140625,785.0499877929688,808.5499877929688,6205784
2021-08-03,UPL,752.4589233398438,790.5499877929688,795.0,780.5999755859375,795.0,3265559
2021-08-04,UPL,747.1763305664062,785.0,798.8499755859375,780.2999877929688,792.7000122070312,2722366
2021-08-05,UPL,739.7998046875,777.25,790.0,772.0,790.0,2264430
2021-08-06,UPL,739.8472900390625,777.2999877929688,791.7000122070312,775.5999755859375,779.9000244140625,1788211
2021-08-09,UPL,740.6087646484375,778.0999755859375,784.4000244140625,770.2000122070312,780.7999877929688,1517468
2021-08-10,UPL,733.9459838867188,771.0999755859375,787.0,762.5,780.3499755859375,2331179
2021-08-11,UPL,736.5159912109375,773.7999877929688,781.9000244140625,757.0,772.0,3147475
2021-08-12,UPL,739.6569213867188,777.0999755859375,785.6500244140625,772.0499877929688,773.0,2248810
2021-08-13,UPL,741.5606079101562,779.0999755859375,784.2999877929688,770.5999755859375,778.0,2549137
2021-08-16,UPL,735.5642700195312,772.7999877929688,784.5,770.0,780.0,1711689
2021-08-17,UPL,724.0947875976562,760.75,777.5499877929688,745.7999877929688,775.7000122070312,2895739
2021-08-18,UPL,725.4749145507812,762.2000122070312,766.2999877929688,753.5,764.5499877929688,1846331
2021-08-20,UPL,693.1607055664062,728.25,757.7999877929688,722.0999755859375,751.0,4257864
2021-08-23,UPL,684.3088989257812,718.9500122070312,737.5499877929688,714.5,732.0,2573379
2021-08-24,UPL,695.8258666992188,731.0499877929688,732.7999877929688,717.0,721.9000244140625,1771956
2021-08-25,UPL,691.1142578125,726.0999755859375,737.9500122070312,721.4500122070312,731.0499877929688,1895556
2021-08-26,UPL,684.9751586914062,719.6500244140625,729.7999877929688,717.0,725.0,1538567
2021-08-27,UPL,694.112548828125,729.25,743.4000244140625,722.5499877929688,724.9500122070312,4292477
2021-08-30,UPL,704.7728881835938,740.4500122070312,744.5499877929688,730.0,732.9500122070312,2358153
2021-08-31,UPL,705.5343627929688,741.25,747.3499755859375,735.4500122070312,743.0,3074791
2021-09-01,UPL,712.5777587890625,748.6500244140625,752.5,739.7999877929688,745.1500244140625,2051308
2021-09-02,UPL,717.0513305664062,753.3499755859375,757.9000244140625,746.0,752.0,3029716
2021-09-03,UPL,716.52783203125,752.7999877929688,760.0,747.0999755859375,756.3499755859375,1679831
2021-09-06,UPL,719.3356323242188,755.75,759.0,749.4500122070312,755.0,1427518
2021-09-07,UPL,715.81396484375,752.0499877929688,759.9500122070312,746.0,757.0,1377576
2021-09-08,UPL,725.2845458984375,762.0,772.5,747.4000244140625,753.5,4079877
2021-09-09,UPL,721.3821411132812,757.9000244140625,762.0,754.0999755859375,761.6500244140625,1174804
2021-09-13,UPL,719.5736083984375,756.0,767.7000122070312,751.6500244140625,754.0,2724206
2021-09-14,UPL,716.2423095703125,752.5,764.8499755859375,751.0,760.9000244140625,1932973
2021-09-15,UPL,725.3797607421875,762.0999755859375,763.5999755859375,752.5999755859375,756.7999877929688,1374264
2021-09-16,UPL,717.6700439453125,754.0,769.75,753.0999755859375,763.0,2065099
2021-09-17,UPL,706.581298828125,742.3499755859375,759.0,736.0999755859375,759.0,3348764
2021-09-20,UPL,671.60205078125,705.5999755859375,738.0,701.0,738.0,3082145
2021-09-21,UPL,687.069091796875,721.8499755859375,727.9000244140625,700.0,705.5999755859375,4222370
2021-09-22,UPL,689.9722290039062,724.9000244140625,726.1500244140625,713.75,721.0,1913723
2021-09-23,UPL,691.8281860351562,726.8499755859375,732.0,723.0499877929688,725.0999755859375,1337563
2021-09-24,UPL,684.0233154296875,718.6500244140625,731.9000244140625,713.5499877929688,728.0,1372681
2021-09-27,UPL,690.8762817382812,725.8499755859375,737.0,716.25,722.9500122070312,2611791
2021-09-28,UPL,682.262451171875,716.7999877929688,732.9000244140625,710.25,728.0,2577784
2021-09-29,UPL,682.5955200195312,717.1500244140625,722.9000244140625,709.0,711.9000244140625,2160616
2021-09-30,UPL,673.600830078125,707.7000122070312,719.9000244140625,706.1500244140625,717.1500244140625,2487764
2021-10-01,UPL,678.3124389648438,712.6500244140625,714.0499877929688,698.25,707.0,1947637
2021-10-04,UPL,669.079833984375,702.9500122070312,719.9000244140625,694.0,713.0999755859375,7682864
2021-10-05,UPL,680.216064453125,714.6500244140625,719.5999755859375,700.5499877929688,705.0,3780191
2021-10-06,UPL,692.2565307617188,727.2999877929688,744.4500122070312,715.5,716.0,7773811
2021-10-07,UPL,692.4468383789062,727.5,736.0,723.0,735.2999877929688,2233111
2021-10-08,UPL,702.4409790039062,738.0,747.4500122070312,726.25,728.0499877929688,3181166
2021-10-11,UPL,706.6766357421875,742.4500122070312,754.4000244140625,740.0,740.0,3023541
2021-10-12,UPL,708.4374389648438,744.2999877929688,749.9000244140625,738.0499877929688,742.4500122070312,1837397
2021-10-13,UPL,711.435546875,747.4500122070312,754.25,741.6500244140625,744.2999877929688,1573332
2021-10-14,UPL,711.8163452148438,747.8499755859375,759.0,745.25,753.0,2144296
2021-10-18,UPL,714.9097290039062,751.0999755859375,762.0,745.2000122070312,749.2000122070312,2620289
2021-10-19,UPL,698.34814453125,733.7000122070312,759.9000244140625,728.5999755859375,755.0,1498436
2021-10-20,UPL,681.4058227539062,715.9000244140625,734.9000244140625,711.25,733.7000122070312,1568362
2021-10-21,UPL,682.881103515625,717.4500122070312,723.4000244140625,706.2999877929688,723.0499877929688,1625612
2021-10-22,UPL,670.4122924804688,704.3499755859375,722.5,699.25,714.25,1375825
2021-10-25,UPL,661.79833984375,695.2999877929688,708.0,686.25,704.0,1746556
2021-10-26,UPL,678.8834838867188,713.25,716.4500122070312,693.5999755859375,695.0,1475209
2021-10-27,UPL,705.7722778320312,741.5,748.0,712.0,714.5,4677615
2021-10-28,UPL,694.7313232421875,729.9000244140625,748.2000122070312,725.8499755859375,743.0,2875850
2021-10-29,UPL,704.5349731445312,740.2000122070312,746.0,716.5499877929688,735.9000244140625,3448037
2021-11-01,UPL,685.3558349609375,720.0499877929688,745.0,700.0,745.0,5953165
2021-11-02,UPL,685.59375,720.2999877929688,726.4000244140625,711.0,720.7999877929688,1852304
2021-11-03,UPL,701.53662109375,737.0499877929688,756.5,720.2999877929688,720.2999877929688,6580294
2021-11-04,UPL,702.1553955078125,737.7000122070312,745.0,731.0999755859375,745.0,390092
2021-11-08,UPL,706.8668212890625,742.6500244140625,744.0,731.0,740.0,1227750
2021-11-09,UPL,710.3886108398438,746.3499755859375,753.4000244140625,742.6500244140625,744.7000122070312,1622626
2021-11-10,UPL,734.1364135742188,771.2999877929688,774.0,741.0999755859375,746.25,6430811
2021-11-11,UPL,727.8544311523438,764.7000122070312,777.9500122070312,760.5,774.0,3322415
2021-11-12,UPL,732.4707641601562,769.5499877929688,774.7000122070312,765.0499877929688,770.0,1608464
2021-11-15,UPL,746.2721557617188,784.0499877929688,791.4000244140625,770.3499755859375,771.0,5069793
2021-11-16,UPL,742.46484375,780.0499877929688,794.0,777.0999755859375,786.0,2830062
2021-11-17,UPL,719.19287109375,755.5999755859375,777.0,752.7000122070312,777.0,2998582
2021-11-18,UPL,705.7247314453125,741.4500122070312,761.9000244140625,740.0,755.5999755859375,2120918
2021-11-22,UPL,681.9769287109375,716.5,747.0999755859375,706.75,743.0,2041278
2021-11-23,UPL,690.3052978515625,725.25,729.0499877929688,705.25,710.0,1772081
2021-11-24,UPL,686.9263305664062,721.7000122070312,736.0999755859375,716.1500244140625,726.0,1312705
2021-11-25,UPL,692.2565307617188,727.2999877929688,737.8499755859375,721.75,725.0499877929688,4133359
2021-11-26,UPL,669.8887329101562,703.7999877929688,726.0,701.0,726.0,2482446
2021-11-29,UPL,656.1349487304688,689.3499755859375,710.25,679.25,704.0,2997007
2021-11-30,UPL,648.8536376953125,681.7000122070312,702.75,678.5499877929688,689.0,2524084
2021-12-01,UPL,657.2296752929688,690.5,693.75,681.5499877929688,687.5,1355645
2021-12-02,UPL,664.55859375,698.2000122070312,700.4500122070312,687.25,691.5,1673311
2021-12-03,UPL,678.4075927734375,712.75,717.75,699.75,700.0999755859375,3981290
2021-12-06,UPL,682.0244750976562,716.5499877929688,733.0,705.0,712.7000122070312,4551735
2021-12-07,UPL,691.92333984375,726.9500122070312,730.7000122070312,717.0,720.0,1467958
2021-12-08,UPL,693.0178833007812,728.0999755859375,735.6500244140625,725.9500122070312,727.0999755859375,1827973
2021-12-09,UPL,706.4385375976562,742.2000122070312,744.0,727.5499877929688,728.0999755859375,2396147
2021-12-10,UPL,701.9175415039062,737.4500122070312,747.6500244140625,734.8499755859375,741.9500122070312,1084590
2021-12-13,UPL,704.7254028320312,740.4000244140625,751.9000244140625,735.5,739.5,2203948
2021-12-14,UPL,711.054931640625,747.0499877929688,748.4500122070312,733.5999755859375,733.5999755859375,1561018
2021-12-15,UPL,704.2970581054688,739.9500122070312,755.7000122070312,736.25,746.9500122070312,3260708
2021-12-16,UPL,698.5384521484375,733.9000244140625,747.4000244140625,728.8499755859375,740.0,1028360
2021-12-17,UPL,681.1202392578125,715.5999755859375,732.1500244140625,713.5499877929688,729.0,2810650
2021-12-20,UPL,674.1719970703125,708.2999877929688,715.5999755859375,693.2999877929688,703.5,2338685
2021-12-21,UPL,698.300537109375,733.6500244140625,737.5999755859375,712.6500244140625,716.6500244140625,1660409
2021-12-22,UPL,717.9554443359375,754.2999877929688,757.0,735.0,735.0,3623916
2021-12-23,UPL,718.3839111328125,754.75,759.0,748.6500244140625,759.0,1539991
2021-12-24,UPL,710.864501953125,746.8499755859375,759.0,739.0999755859375,759.0,1276729
2021-12-27,UPL,720.1447143554688,756.5999755859375,760.0,740.25,746.6500244140625,1315245
2021-12-28,UPL,725.0465698242188,761.75,765.0,757.2000122070312,763.9000244140625,1955283
2021-12-29,UPL,721.8104248046875,758.3499755859375,767.7000122070312,754.5999755859375,759.0,1192837
2021-12-30,UPL,710.6741943359375,746.6500244140625,760.3499755859375,744.9000244140625,755.0,1686223
2021-12-31,UPL,711.1024169921875,747.0999755859375,757.0999755859375,745.5499877929688,748.0,1131359
2022-01-03,UPL,727.3786010742188,764.2000122070312,766.9000244140625,750.0,753.0,1157591
2022-01-04,UPL,725.0465698242188,761.75,769.1500244140625,755.5,769.1500244140625,1247395
2022-01-05,UPL,727.6640625,764.5,769.8499755859375,757.4000244140625,759.0,1156604
2022-01-06,UPL,745.0347900390625,782.75,787.0,759.4500122070312,766.0,5436867
2022-01-07,UPL,750.9359741210938,788.9500122070312,790.7000122070312,776.5499877929688,782.0,2052552
2022-01-10,UPL,782.0128173828125,821.5999755859375,825.0,791.7000122070312,792.0999755859375,7424271
2022-01-11,UPL,780.0615844726562,819.5499877929688,828.0,816.0,821.7999877929688,2004689
2022-01-12,UPL,782.7742919921875,822.4000244140625,825.0999755859375,812.4000244140625,821.0999755859375,2242638
2022-01-13,UPL,800.4780883789062,841.0,844.9000244140625,823.0999755859375,823.0999755859375,4410699
2022-01-14,UPL,784.9158935546875,824.6500244140625,836.0499877929688,818.0,836.0,3690548
2022-01-17,UPL,785.0111083984375,824.75,830.7000122070312,815.7000122070312,825.4500122070312,2569165
2022-01-18,UPL,760.596923828125,799.0999755859375,825.0,795.8499755859375,821.5499877929688,2820426
2022-01-19,UPL,774.0652465820312,813.25,815.0,789.2000122070312,798.0,2193951
2022-01-20,UPL,769.4964599609375,808.4500122070312,823.0,804.0,820.0,1950781
2022-01-21,UPL,748.98486328125,786.9000244140625,804.8499755859375,780.0999755859375,801.0,1449766
2022-01-24,UPL,725.8555908203125,762.5999755859375,786.0,755.5,776.7000122070312,1663579
2022-01-25,UPL,753.0300903320312,791.1500244140625,795.1500244140625,746.0999755859375,754.5,2981161
2022-01-27,UPL,734.7551879882812,771.9500122070312,794.8499755859375,765.0,794.8499755859375,2436411
2022-01-28,UPL,752.17333984375,790.25,806.5,777.5499877929688,778.0,4007799
2022-01-31,UPL,739.0859375,776.5,812.7000122070312,775.0,803.75,5138792
2022-02-01,UPL,747.1763305664062,785.0,795.5999755859375,766.9000244140625,785.0,3693825
2022-02-02,UPL,748.08056640625,785.9500122070312,799.5999755859375,782.0,786.5999755859375,1771793
2022-02-03,UPL,736.23046875,773.5,791.0,771.0,788.9500122070312,1493402
2022-02-04,UPL,730.2340087890625,767.2000122070312,776.7999877929688,765.0,773.5999755859375,992052
2022-02-07,UPL,720.1447143554688,756.5999755859375,774.9000244140625,750.25,764.2000122070312,1255955
2022-02-08,UPL,722.0960083007812,758.6500244140625,763.9500122070312,744.0999755859375,757.0,2063533
2022-02-09,UPL,733.3750610351562,770.5,772.4500122070312,760.0,764.5,1342782
2022-02-10,UPL,732.9942626953125,770.0999755859375,778.9500122070312,767.9500122070312,775.0,2561635
2022-02-11,UPL,716.9085693359375,753.2000122070312,766.9500122070312,750.0,765.8499755859375,1621795
2022-02-14,UPL,686.9263305664062,721.7000122070312,749.0499877929688,716.0,744.2999877929688,1950243
2022-02-15,UPL,708.818115234375,744.7000122070312,746.9500122070312,716.1500244140625,725.0999755859375,1467359
2022-02-16,UPL,700.346923828125,735.7999877929688,750.0,732.2999877929688,750.0,1398493
2022-02-17,UPL,692.0184936523438,727.0499877929688,742.7000122070312,725.75,737.0,1174134
2022-02-18,UPL,690.0197143554688,724.9500122070312,736.2000122070312,719.0,728.0,1973922
2022-02-21,UPL,670.221923828125,704.1500244140625,724.9000244140625,701.8499755859375,724.9000244140625,2577455
2022-02-22,UPL,659.9422607421875,693.3499755859375,695.7000122070312,676.25,689.0,2841052
2022-02-23,UPL,654.8501586914062,688.0,702.6500244140625,684.8499755859375,700.0499877929688,2713053
2022-02-24,UPL,601.8339233398438,632.2999877929688,674.75,622.0,673.0,5453651
2022-02-25,UPL,623.1546020507812,654.7000122070312,663.8499755859375,644.6500244140625,656.2000122070312,3890925
2022-02-28,UPL,633.3865966796875,665.4500122070312,668.9500122070312,644.0999755859375,651.0,3060915
2022-03-02,UPL,656.3253784179688,689.5499877929688,697.0,659.5,663.6500244140625,8499711
2022-03-03,UPL,679.359375,713.75,724.5999755859375,688.9500122070312,707.9000244140625,9676442
2022-03-04,UPL,679.359375,713.75,735.9000244140625,704.7999877929688,712.0,10189495
2022-03-07,UPL,696.6349487304688,731.9000244140625,735.0,685.75,710.0499877929688,6969575
2022-03-08,UPL,689.305908203125,724.2000122070312,740.9500122070312,707.5999755859375,730.4000244140625,4117923
2022-03-09,UPL,690.2576904296875,725.2000122070312,734.7999877929688,712.7000122070312,732.5,2888800
2022-03-10,UPL,689.305908203125,724.2000122070312,742.4000244140625,720.0,731.5499877929688,4218131
2022-03-11,UPL,690.4957275390625,725.4500122070312,729.0,716.2000122070312,723.8499755859375,2559363
2022-03-14,UPL,695.540283203125,730.75,733.5499877929688,720.0999755859375,728.0,2845328
2022-03-15,UPL,705.2964477539062,741.0,746.0,728.5499877929688,730.0,4051465
2022-03-16,UPL,716.1946411132812,752.4500122070312,756.6500244140625,743.9000244140625,749.9500122070312,2879590
2022-03-17,UPL,724.90380859375,761.5999755859375,764.5,754.5499877929688,759.0,2297497
2022-03-21,UPL,738.5147705078125,775.9000244140625,777.75,760.0,770.0,3221656
2022-03-22,UPL,743.3214721679688,780.9500122070312,787.0,771.0499877929688,775.0,2788207
2022-03-23,UPL,755.695068359375,793.9500122070312,796.4000244140625,780.0,780.5,2365083
2022-03-24,UPL,760.596923828125,799.0999755859375,801.8499755859375,789.0499877929688,795.0,2117672
2022-03-25,UPL,760.073486328125,798.5499877929688,814.5,791.5999755859375,807.0,4762541
2022-03-28,UPL,743.1311645507812,780.75,797.9500122070312,778.0,795.0499877929688,2207764
2022-03-29,UPL,744.3209228515625,782.0,790.4000244140625,779.0499877929688,781.5,1636109
2022-03-30,UPL,738.7527465820312,776.1500244140625,785.5,774.0,782.0,1113587
2022-03-31,UPL,732.518310546875,769.5999755859375,778.9500122070312,765.0,778.5499877929688,1874608
2022-04-01,UPL,743.892578125,781.5499877929688,783.5,770.5,770.5,1467955
2022-04-04,UPL,746.5576171875,784.3499755859375,790.0,779.0499877929688,781.4500122070312,1111794
2022-04-05,UPL,755.3143920898438,793.5499877929688,800.6500244140625,790.2999877929688,791.9500122070312,2326745
2022-04-06,UPL,766.4981689453125,805.2999877929688,811.7999877929688,792.0999755859375,796.2000122070312,2880663
2022-04-07,UPL,764.64208984375,803.3499755859375,809.0,790.4500122070312,797.0,2227078
2022-04-08,UPL,770.7337646484375,809.75,819.5,805.6500244140625,806.0,3285707
2022-04-11,UPL,780.3470458984375,819.8499755859375,824.0,810.1500244140625,811.0,3167295
2022-04-12,UPL,766.8313598632812,805.6500244140625,817.6500244140625,800.5,817.6500244140625,3123878
2022-04-13,UPL,779.2050170898438,818.6500244140625,836.4500122070312,805.0,805.6500244140625,4974212
2022-04-18,UPL,766.3554077148438,805.1500244140625,817.7000122070312,792.2999877929688,813.6500244140625,3037877
2022-04-19,UPL,766.1174926757812,804.9000244140625,823.9000244140625,800.0,807.0,2907063
2022-04-20,UPL,785.4869995117188,825.25,826.9000244140625,807.0499877929688,809.5,3042831
2022-04-21,UPL,789.1991577148438,829.1500244140625,833.6500244140625,821.0,831.0,2691988
2022-04-22,UPL,777.2061157226562,816.5499877929688,828.9000244140625,811.2999877929688,828.9000244140625,3147260
2022-04-25,UPL,764.3565673828125,803.0499877929688,808.9500122070312,791.5,805.0,2050099
2022-04-26,UPL,773.2085571289062,812.3499755859375,819.2999877929688,807.0999755859375,814.0,2022477
2022-04-27,UPL,759.9306640625,798.4000244140625,810.1500244140625,794.2000122070312,809.9000244140625,1627577
2022-04-28,UPL,784.5827026367188,824.2999877929688,827.0,804.25,814.25,4606626
2022-04-29,UPL,783.250244140625,822.9000244140625,834.0,816.3499755859375,832.0,3236877
2022-05-02,UPL,790.2460327148438,830.25,837.7000122070312,812.7000122070312,815.5499877929688,3855822
2022-05-04,UPL,784.4876098632812,824.2000122070312,848.0,816.9500122070312,830.9000244140625,4888165
2022-05-05,UPL,783.583251953125,823.25,841.4000244140625,819.0999755859375,830.4000244140625,2630497
2022-05-06,UPL,748.9371948242188,786.8499755859375,815.0,779.4500122070312,815.0,3256336
2022-05-09,UPL,740.1328735351562,777.5999755859375,806.6500244140625,768.5499877929688,772.0,6800255
2022-05-10,UPL,751.7450561523438,789.7999877929688,800.6500244140625,778.5499877929688,792.0,4027939
2022-05-11,UPL,753.98193359375,792.1500244140625,812.7000122070312,782.7999877929688,801.0,3654568
2022-05-12,UPL,728.0924072265625,764.9500122070312,789.25,753.0,782.0,2998405
2022-05-13,UPL,743.892578125,781.5499877929688,795.0,772.0999755859375,774.0,3062695
2022-05-16,UPL,763.59521484375,802.25,806.5,775.0499877929688,784.7000122070312,3267900
2022-05-17,UPL,777.9675903320312,817.3499755859375,819.7000122070312,798.7000122070312,808.0,1844532
2022-05-18,UPL,781.5369873046875,821.0999755859375,827.0,809.25,817.0,1792368
2022-05-19,UPL,774.779052734375,814.0,816.3499755859375,803.0,807.7999877929688,1801424
2022-05-20,UPL,769.30615234375,808.25,828.0,803.5,818.0,2235524
2022-05-23,UPL,753.125244140625,791.25,815.3499755859375,788.75,810.0,3341478
2022-05-24,UPL,754.362548828125,792.5499877929688,798.7999877929688,783.6500244140625,789.0,1695450
2022-05-25,UPL,727.1881713867188,764.0,798.0,758.4000244140625,794.5,1484158
2022-05-26,UPL,711.435546875,747.4500122070312,766.0,733.0499877929688,764.0,2577097
2022-05-27,UPL,720.1447143554688,756.5999755859375,762.7000122070312,746.6500244140625,754.0,1529970
2022-05-30,UPL,744.8443603515625,782.5499877929688,787.7999877929688,760.3499755859375,760.3499755859375,1735999
2022-05-31,UPL,742.0365600585938,779.5999755859375,791.2000122070312,775.0,782.5,1981316
2022-06-01,UPL,742.1793212890625,779.75,784.4000244140625,772.5999755859375,772.5999755859375,1136166
2022-06-02,UPL,737.9913330078125,775.3499755859375,787.4500122070312,769.0,775.0,1662461
2022-06-03,UPL,732.5660400390625,769.6500244140625,782.9000244140625,766.5499877929688,782.9000244140625,1175685
2022-06-06,UPL,741.4654541015625,779.0,781.0,764.5499877929688,771.9500122070312,891806
2022-06-07,UPL,710.245849609375,746.2000122070312,779.7999877929688,742.0999755859375,778.5,2074139
2022-06-08,UPL,699.7283325195312,735.1500244140625,748.7000122070312,730.0,746.0,2112443
2022-06-09,UPL,711.2928466796875,747.2999877929688,751.0,726.7000122070312,734.2000122070312,2312524
2022-06-10,UPL,699.014404296875,734.4000244140625,739.9500122070312,732.5499877929688,738.0,1103946
2022-06-13,UPL,691.39990234375,726.4000244140625,732.4000244140625,719.5499877929688,726.0,1517285
2022-06-14,UPL,681.2153930664062,715.7000122070312,731.9500122070312,712.25,721.9000244140625,1590761
2022-06-15,UPL,677.8364868164062,712.1500244140625,723.5999755859375,707.0499877929688,721.5,1108371
2022-06-16,UPL,650.709716796875,683.6500244140625,725.5,679.4000244140625,722.0999755859375,1733865
2022-06-17,UPL,633.10107421875,665.1500244140625,687.7000122070312,659.25,683.4000244140625,2607500
2022-06-20,UPL,609.5912475585938,640.4500122070312,671.9500122070312,630.5499877929688,668.0,2523321
2022-06-21,UPL,622.6787109375,654.2000122070312,656.9500122070312,642.25,642.25,1316846
2022-06-22,UPL,584.08251953125,613.6500244140625,651.9500122070312,611.0,650.2000122070312,4180495
2022-06-23,UPL,602.6905517578125,633.2000122070312,635.6500244140625,607.5,613.0,3857527
2022-06-24,UPL,609.9718627929688,640.8499755859375,645.25,631.0499877929688,633.0,1901670
2022-06-27,UPL,625.4389038085938,657.0999755859375,666.5,644.0999755859375,648.0,2442598
2022-06-28,UPL,624.3919067382812,656.0,665.5,647.6500244140625,651.0999755859375,2692035
2022-06-29,UPL,613.3508911132812,644.4000244140625,653.9500122070312,641.5499877929688,652.0499877929688,2371912
2022-06-30,UPL,601.9290771484375,632.4000244140625,645.75,630.1500244140625,645.0,3792264
2022-07-01,UPL,612.4942016601562,643.5,646.0,621.9500122070312,630.0,3575548
2022-07-04,UPL,622.9642333984375,654.5,657.7999877929688,636.0499877929688,643.4000244140625,3002770
2022-07-05,UPL,624.772705078125,656.4000244140625,671.6500244140625,654.5999755859375,659.0,2721295
2022-07-06,UPL,630.578857421875,662.5,664.1500244140625,652.5999755859375,655.9000244140625,1674576
2022-07-07,UPL,649.8530883789062,682.75,684.6500244140625,664.4500122070312,667.0,3320190
2022-07-08,UPL,656.99169921875,690.25,692.2999877929688,681.25,685.0,3024014
2022-07-11,UPL,657.5151977539062,690.7999877929688,695.0,683.25,688.4500122070312,1822281
2022-07-12,UPL,647.426025390625,680.2000122070312,691.4500122070312,676.25,687.0,1083141
2022-07-13,UPL,646.7597045898438,679.5,686.25,677.0,683.6500244140625,1152719
2022-07-14,UPL,637.8601684570312,670.1500244140625,685.0,666.5999755859375,680.2999877929688,1460677
2022-07-15,UPL,637.0986938476562,669.3499755859375,676.4500122070312,663.0499877929688,672.4500122070312,1143520
2022-07-18,UPL,652.0421752929688,685.0499877929688,687.75,675.0,676.9500122070312,1868531
2022-07-19,UPL,651.3759155273438,684.3499755859375,687.75,677.2000122070312,679.9500122070312,1909300
2022-07-20,UPL,653.1843872070312,686.25,697.5,685.1500244140625,693.0,1624888
2022-07-21,UPL,671.0309448242188,705.0,706.9500122070312,685.5,687.9000244140625,2747265
2022-07-22,UPL,690.0673217773438,725.0,730.6500244140625,709.0,710.9500122070312,5783131
2022-07-25,UPL,698.5861206054688,733.9500122070312,737.7000122070312,723.9000244140625,725.0999755859375,2179454
2022-07-26,UPL,691.3522338867188,726.3499755859375,739.5,724.0499877929688,733.9500122070312,1501349
2022-07-27,UPL,696.0230712890625,721.5999755859375,723.0,708.0,715.0,1463655
2022-07-28,UPL,701.9068603515625,727.7000122070312,730.7999877929688,719.4000244140625,725.9000244140625,1335287
2022-07-29,UPL,714.8319091796875,741.0999755859375,745.0,732.0,737.0,1518704
2022-08-01,UPL,740.1514892578125,767.3499755859375,780.4000244140625,744.0499877929688,753.0,7797234
2022-08-02,UPL,713.3850708007812,739.5999755859375,766.2000122070312,730.0,766.2000122070312,5611299
2022-08-03,UPL,705.4274291992188,731.3499755859375,744.4000244140625,725.0,739.9000244140625,3058290
2022-08-04,UPL,705.8133544921875,731.75,740.9500122070312,721.4000244140625,738.4000244140625,1781136
2022-08-05,UPL,717.0986328125,743.4500122070312,750.0,731.0,735.0,1828490
2022-08-08,UPL,722.5966796875,749.1500244140625,751.5499877929688,736.5499877929688,743.4000244140625,1589806
2022-08-10,UPL,738.174072265625,765.2999877929688,767.4000244140625,752.0,757.0,3248773
2022-08-11,UPL,740.296142578125,767.5,774.2000122070312,760.3499755859375,769.3499755859375,2071502
2022-08-12,UPL,760.9376831054688,788.9000244140625,790.0,768.0,768.0,3744532
2022-08-16,UPL,760.6000366210938,788.5499877929688,804.25,786.0999755859375,790.0,2269603
2022-08-17,UPL,762.48095703125,790.5,793.7000122070312,783.8499755859375,787.0,982454
2022-08-18,UPL,746.5176391601562,773.9500122070312,791.5,773.0,789.0,2239104
2022-08-19,UPL,741.0196533203125,768.25,779.5499877929688,764.0,773.9500122070312,1693235
2022-08-22,UPL,718.3043212890625,744.7000122070312,762.9500122070312,743.1500244140625,760.25,1749489
2022-08-23,UPL,732.6279296875,759.5499877929688,762.0,737.0,737.0,1594035
2022-08-24,UPL,732.8208618164062,759.75,763.7000122070312,753.0,760.2000122070312,1245022
2022-08-25,UPL,735.6181030273438,762.6500244140625,778.0,758.2999877929688,762.5,2516409
2022-08-26,UPL,733.0620727539062,760.0,779.0,758.1500244140625,766.5,3643595
2022-08-29,UPL,723.8504638671875,750.4500122070312,756.0499877929688,739.4000244140625,750.0,1406170
2022-08-30,UPL,741.9840698242188,769.25,770.0999755859375,751.6500244140625,754.25,3414234
2022-09-01,UPL,729.6378173828125,756.4500122070312,766.6500244140625,751.2999877929688,764.0499877929688,2440603
2022-09-02,UPL,719.365234375,745.7999877929688,762.0999755859375,744.2999877929688,760.25,2098827
2022-09-05,UPL,720.3781127929688,746.8499755859375,753.75,740.0,741.3499755859375,1963379
2022-09-06,UPL,711.938232421875,738.0999755859375,751.9500122070312,735.9000244140625,749.7000122070312,1799028
2022-09-07,UPL,714.8319091796875,741.0999755859375,743.0,734.0,736.0499877929688,1874233
2022-09-08,UPL,711.3595581054688,737.5,747.6500244140625,734.0,744.8499755859375,1993343
2022-09-09,UPL,715.7000122070312,742.0,756.8499755859375,740.0999755859375,742.0,2659280
2022-09-12,UPL,729.5413818359375,756.3499755859375,758.9000244140625,744.0499877929688,745.7000122070312,2224393
2022-09-13,UPL,728.9143676757812,755.7000122070312,768.0,753.3499755859375,759.0,2541324
2022-09-14,UPL,721.7767333984375,748.2999877929688,760.1500244140625,743.7999877929688,748.0,2044162
2022-09-15,UPL,716.2787475585938,742.5999755859375,756.4000244140625,741.0,750.0,1449814
2022-09-16,UPL,678.4682006835938,703.4000244140625,753.25,699.0,746.3499755859375,6546670
2022-09-19,UPL,687.0044555664062,712.25,718.5499877929688,696.0499877929688,706.9500122070312,2189179
2022-09-20,UPL,694.3833618164062,719.9000244140625,723.5999755859375,714.2000122070312,715.8499755859375,1342093
2022-09-21,UPL,692.0684204101562,717.5,724.4500122070312,705.0,717.0,2077807
2022-09-22,UPL,695.7819213867188,721.3499755859375,726.5999755859375,709.0999755859375,709.0999755859375,2203643
2022-09-23,UPL,677.9376220703125,702.8499755859375,727.2999877929688,700.0,724.0,2230894
2022-09-26,UPL,655.8011474609375,679.9000244140625,701.9500122070312,670.4000244140625,698.0,2182907
2022-09-27,UPL,653.6791381835938,677.7000122070312,687.8499755859375,672.5,683.2999877929688,1199827
2022-09-28,UPL,640.17529296875,663.7000122070312,677.5,660.5499877929688,676.7000122070312,1617322
2022-09-29,UPL,633.5198364257812,656.7999877929688,675.4500122070312,654.0,667.0499877929688,2121416
2022-09-30,UPL,648.2293701171875,672.0499877929688,674.8499755859375,654.4000244140625,656.7999877929688,1745532
2022-10-03,UPL,641.5256958007812,665.0999755859375,681.7999877929688,664.0,671.2000122070312,1815744
2022-10-04,UPL,665.4949340820312,689.9500122070312,691.7000122070312,674.0,678.0,2372225
2022-10-06,UPL,661.6849365234375,686.0,694.8499755859375,683.5,691.0,1208462
2022-10-07,UPL,665.9771728515625,690.4500122070312,699.9000244140625,683.9500122070312,685.0,2367283
2022-10-10,UPL,658.791259765625,683.0,686.7999877929688,677.5,680.0,1009423
2022-10-11,UPL,640.609375,664.1500244140625,686.4500122070312,660.2000122070312,686.4500122070312,1257522
2022-10-12,UPL,649.724365234375,673.5999755859375,675.5499877929688,660.7000122070312,665.0,1171443
2022-10-13,UPL,640.3682861328125,663.9000244140625,676.5,662.0999755859375,675.0,745089
2022-10-14,UPL,654.2578125,678.2999877929688,687.5999755859375,672.0,674.0,2108845
2022-10-17,UPL,654.0166015625,678.0499877929688,684.0,671.7999877929688,679.5999755859375,1360600
2022-10-18,UPL,657.8749389648438,682.0499877929688,689.0499877929688,680.0,681.4500122070312,1238762
2022-10-19,UPL,652.81103515625,676.7999877929688,689.0999755859375,675.5999755859375,685.0,938837
2022-10-20,UPL,688.210205078125,713.5,715.7999877929688,666.9000244140625,675.0,7210550
2022-10-21,UPL,675.381591796875,700.2000122070312,724.0,696.7999877929688,712.7000122070312,5022081
2022-10-24,UPL,683.0015869140625,708.0999755859375,714.7000122070312,702.8499755859375,711.0,545145
2022-10-25,UPL,669.83544921875,694.4500122070312,709.9500122070312,691.1500244140625,709.9500122070312,2890000
2022-10-27,UPL,681.4100952148438,706.4500122070312,709.0,695.7999877929688,701.4000244140625,2548464
2022-10-28,UPL,688.5960083007812,713.9000244140625,715.9000244140625,703.4500122070312,707.0,1834544
2022-10-31,UPL,704.3182983398438,730.2000122070312,732.0,711.0,717.5,2733496
2022-11-01,UPL,691.5861206054688,717.0,739.4500122070312,711.25,737.7999877929688,5060223
2022-11-02,UPL,692.1166381835938,717.5499877929688,728.2999877929688,713.7999877929688,720.5999755859375,1949252
2022-11-03,UPL,700.4600219726562,726.2000122070312,727.7000122070312,711.0999755859375,716.9000244140625,1665899
2022-11-04,UPL,712.6616821289062,738.8499755859375,739.9500122070312,725.0,730.0,3318868
2022-11-07,UPL,721.9214477539062,748.4500122070312,749.9500122070312,739.0499877929688,742.5499877929688,3102187
2022-11-09,UPL,726.8887939453125,753.5999755859375,759.4500122070312,747.2999877929688,755.7999877929688,3649011
2022-11-10,UPL,729.3001708984375,756.0999755859375,758.5999755859375,748.0499877929688,754.9500122070312,4929698
2022-11-11,UPL,740.6820068359375,767.9000244140625,769.9000244140625,759.0499877929688,760.0,3077741
2022-11-14,UPL,746.614013671875,774.0499877929688,785.0,768.6500244140625,771.75,3532456
2022-11-15,UPL,742.9486694335938,770.25,780.0,764.5,774.0499877929688,1649039
2022-11-16,UPL,740.296142578125,767.5,771.2999877929688,762.25,770.4500122070312,1407784
2022-11-17,UPL,744.1061401367188,771.4500122070312,776.0,761.0999755859375,767.5,1846461
2022-11-18,UPL,738.8012084960938,765.9500122070312,776.0,760.25,776.0,2466319
2022-11-21,UPL,732.6761474609375,759.5999755859375,765.0,755.2999877929688,765.0,818375
2022-11-22,UPL,741.5018920898438,768.75,770.0,757.0499877929688,760.0,1288326
2022-11-23,UPL,741.2607421875,768.5,776.0499877929688,766.25,772.9500122070312,907504
2022-11-24,UPL,746.71044921875,774.1500244140625,779.9500122070312,767.7999877929688,772.3499755859375,1463574
2022-11-25,UPL,749.6041259765625,777.1500244140625,780.9500122070312,770.5999755859375,778.0499877929688,867124
2022-11-28,UPL,752.0155639648438,779.6500244140625,784.9500122070312,775.4500122070312,777.0,943112
2022-11-29,UPL,747.3855590820312,774.8499755859375,784.7999877929688,772.2999877929688,782.0,1266481
2022-11-30,UPL,761.7092895507812,789.7000122070312,793.5499877929688,774.3499755859375,777.9000244140625,3241756
2022-12-01,UPL,751.2438354492188,778.8499755859375,788.6500244140625,776.4500122070312,780.0,1517442
2022-12-02,UPL,755.9219970703125,783.7000122070312,785.0,768.0,780.0999755859375,2337749
2022-12-05,UPL,774.344970703125,802.7999877929688,807.0,784.5,787.5,4114694
2022-12-06,UPL,759.9730834960938,787.9000244140625,802.7999877929688,782.2999877929688,801.9000244140625,1575896
2022-12-07,UPL,750.5687255859375,778.1500244140625,792.2999877929688,776.1500244140625,788.0,970940
2022-12-08,UPL,750.2793579101562,777.8499755859375,782.9000244140625,773.2999877929688,782.0499877929688,1500182
2022-12-09,UPL,736.630859375,763.7000122070312,781.9500122070312,757.0499877929688,779.4500122070312,1636084
2022-12-12,UPL,745.6494750976562,773.0499877929688,775.0,756.5999755859375,762.0,1124301
2022-12-13,UPL,740.19970703125,767.4000244140625,776.0,763.0499877929688,776.0,1521073
2022-12-14,UPL,753.22119140625,780.9000244140625,782.0,762.5999755859375,768.5,1480610
2022-12-15,UPL,743.4309692382812,770.75,788.5,765.5,782.0,1692394
2022-12-16,UPL,743.1415405273438,770.4500122070312,774.1500244140625,759.0499877929688,766.2000122070312,2566446
2022-12-19,UPL,742.852294921875,770.1500244140625,773.9000244140625,763.25,770.9500122070312,884769
2022-12-20,UPL,728.0945434570312,754.8499755859375,771.5499877929688,749.0,769.0,1598234
2022-12-21,UPL,728.1427612304688,754.9000244140625,767.5,751.7999877929688,761.4500122070312,2220101
2022-12-22,UPL,703.4983520507812,729.3499755859375,761.4500122070312,727.4500122070312,755.25,2404863
2022-12-23,UPL,685.9917602539062,711.2000122070312,727.5,707.9500122070312,722.0999755859375,1175968
2022-12-26,UPL,692.7918701171875,718.25,725.3499755859375,707.5,712.4500122070312,955078
2022-12-27,UPL,690.9591674804688,716.3499755859375,724.9500122070312,710.0,724.9500122070312,1693081
2022-12-28,UPL,697.9039306640625,723.5499877929688,731.9000244140625,714.0,716.0,3025343
2022-12-29,UPL,696.9393920898438,722.5499877929688,729.8499755859375,717.0,724.7000122070312,1898772
2022-12-30,UPL,690.7662963867188,716.1500244140625,732.0,713.4000244140625,726.2000122070312,1387568
2023-01-02,UPL,696.4088745117188,722.0,724.0,711.9500122070312,718.5999755859375,1259229
2023-01-03,UPL,693.8528442382812,719.3499755859375,727.25,717.2000122070312,722.5,1277112
2023-01-04,UPL,690.2839965820312,715.6500244140625,722.0999755859375,712.0,721.2000122070312,1354737
2023-01-05,UPL,694.7691650390625,720.2999877929688,724.7000122070312,713.4000244140625,719.25,1407487
2023-01-06,UPL,692.6953735351562,718.1500244140625,729.3499755859375,715.3499755859375,721.4000244140625,1209522
2023-01-09,UPL,708.176513671875,734.2000122070312,736.1500244140625,722.5999755859375,724.0,1358106
2023-01-10,UPL,698.9649658203125,724.6500244140625,735.8499755859375,720.0,735.8499755859375,1484340
2023-01-11,UPL,692.3577270507812,717.7999877929688,727.7000122070312,715.4000244140625,726.0,1400355
2023-01-12,UPL,692.3577270507812,717.7999877929688,722.9000244140625,714.3499755859375,721.4000244140625,1272850
2023-01-13,UPL,693.3223876953125,718.7999877929688,723.5999755859375,714.4000244140625,721.0,1310587
2023-01-16,UPL,688.74072265625,714.0499877929688,723.0,710.5,721.4500122070312,1079570
2023-01-17,UPL,693.7081298828125,719.2000122070312,723.0,713.5999755859375,715.0,1349682
2023-01-18,UPL,706.39208984375,732.3499755859375,734.0,721.0499877929688,721.25,1430862
2023-01-19,UPL,721.05322265625,747.5499877929688,748.8499755859375,730.0,732.0,3553403
2023-01-20,UPL,711.6488037109375,737.7999877929688,748.4000244140625,735.2000122070312,747.5999755859375,979497
2023-01-23,UPL,722.8859252929688,749.4500122070312,753.4500122070312,738.2000122070312,742.9500122070312,2526843
2023-01-24,UPL,719.510009765625,745.9500122070312,753.5999755859375,743.0,750.0,1132275
2023-01-25,UPL,711.7935791015625,737.9500122070312,746.75,735.25,744.0,1865988
2023-01-27,UPL,718.3043212890625,744.7000122070312,756.7000122070312,735.2000122070312,741.6500244140625,4903817
2023-01-30,UPL,718.7383422851562,745.1500244140625,750.5499877929688,737.5999755859375,748.75,1189091
2023-01-31,UPL,730.3612670898438,757.2000122070312,766.7000122070312,748.0,748.0,3629320
2023-02-01,UPL,715.8447265625,742.1500244140625,771.5999755859375,730.0,765.0999755859375,3623038
2023-02-02,UPL,671.71630859375,696.4000244140625,744.9500122070312,684.25,741.0,7698238
2023-02-03,UPL,690.3322143554688,715.7000122070312,718.0,697.5,701.0999755859375,2601859
2023-02-06,UPL,689.222900390625,714.5499877929688,716.7000122070312,701.3499755859375,715.5,1366976
2023-02-07,UPL,684.11083984375,709.25,716.9500122070312,701.1500244140625,715.4000244140625,1571287
2023-02-08,UPL,697.035888671875,722.6500244140625,723.7999877929688,710.0,711.0,1050880
2023-02-09,UPL,691.6824951171875,717.0999755859375,722.75,714.0499877929688,721.0499877929688,1097590
2023-02-10,UPL,701.13525390625,726.9000244140625,729.3499755859375,716.5499877929688,717.0999755859375,1282246
2023-02-13,UPL,707.7906494140625,733.7999877929688,736.4000244140625,725.0,730.0,1265376
2023-02-14,UPL,734.6052856445312,761.5999755859375,766.9500122070312,735.5999755859375,736.5,7326901
2023-02-15,UPL,742.0806274414062,769.3499755859375,770.4000244140625,759.2000122070312,760.9500122070312,2786352
2023-02-16,UPL,743.0451049804688,770.3499755859375,773.7000122070312,767.0,770.0,1575168
2023-02-17,UPL,742.852294921875,770.1500244140625,780.0,763.0,763.0,2374926
2023-02-20,UPL,731.0846557617188,757.9500122070312,769.75,755.0,762.0,1149759
2023-02-21,UPL,720.66748046875,747.1500244140625,764.0999755859375,744.2999877929688,761.75,1964019
2023-02-22,UPL,713.095703125,739.2999877929688,749.2999877929688,736.5499877929688,745.0499877929688,1950321
2023-02-23,UPL,718.7383422851562,745.1500244140625,756.6500244140625,740.0,743.0,2936268
2023-02-24,UPL,712.1311645507812,738.2999877929688,754.7999877929688,736.0,748.8499755859375,2100294
2023-02-27,UPL,683.1944580078125,708.2999877929688,738.0,704.0,736.0,2252550
2023-02-28,UPL,669.5942993164062,694.2000122070312,710.5999755859375,693.25,708.0,2676043
2023-03-01,UPL,688.0172729492188,713.2999877929688,714.4500122070312,694.5499877929688,699.2000122070312,1835234
2023-03-02,UPL,680.8795166015625,705.9000244140625,716.0,704.0999755859375,713.6500244140625,993892
2023-03-03,UPL,684.834228515625,710.0,714.8499755859375,704.8499755859375,709.0,1154106
2023-03-06,UPL,685.8469848632812,711.0499877929688,718.5,709.0,713.5499877929688,1066876
2023-03-08,UPL,691.2967529296875,716.7000122070312,717.6500244140625,702.0499877929688,702.0499877929688,1007033
2023-03-09,UPL,686.8597412109375,712.0999755859375,723.2000122070312,710.9500122070312,716.7000122070312,1212451
2023-03-10,UPL,686.4257202148438,711.6500244140625,714.9000244140625,705.0499877929688,710.0,1344227
2023-03-13,UPL,679.7221069335938,704.7000122070312,718.9000244140625,702.25,712.0,1173419
2023-03-14,UPL,672.9220581054688,697.6500244140625,709.0,687.5999755859375,708.25,1690322
2023-03-15,UPL,677.5518188476562,702.4500122070312,714.9000244140625,700.1500244140625,705.7999877929688,1248597
2023-03-16,UPL,671.71630859375,696.4000244140625,705.8499755859375,692.0499877929688,705.8499755859375,713926
2023-03-17,UPL,690.2839965820312,715.6500244140625,717.8499755859375,696.7999877929688,705.5,2568540
2023-03-20,UPL,683.0015869140625,708.0999755859375,714.7000122070312,700.25,714.0,913310
2023-03-21,UPL,683.0498046875,708.1500244140625,720.0,704.6500244140625,708.6500244140625,838991
2023-03-22,UPL,690.7662963867188,716.1500244140625,717.2000122070312,710.0,710.0,569287
2023-03-23,UPL,684.544921875,709.7000122070312,718.2000122070312,708.0999755859375,717.75,914840
2023-03-24,UPL,672.1985473632812,696.9000244140625,713.7999877929688,694.2000122070312,713.7999877929688,982591
2023-03-27,UPL,675.815673828125,700.6500244140625,708.0,693.2000122070312,698.4500122070312,1355800
2023-03-28,UPL,689.3194580078125,714.6500244140625,715.5,702.4000244140625,704.1500244140625,2618934
2023-03-29,UPL,682.3264770507812,707.4000244140625,718.0,698.4000244140625,714.5999755859375,2871532
2023-03-31,UPL,692.213134765625,717.6500244140625,722.4500122070312,705.0,705.0,1383231
2023-04-03,UPL,703.787841796875,729.6500244140625,731.25,717.7999877929688,718.5,1768965
2023-04-05,UPL,706.3438110351562,732.2999877929688,736.2000122070312,725.9000244140625,729.6500244140625,1500202
2023-04-06,UPL,700.411865234375,726.1500244140625,734.0,723.0,734.0,1391534
2023-04-10,UPL,711.6006469726562,737.75,739.0,727.2999877929688,729.9500122070312,883124
2023-04-11,UPL,716.23046875,742.5499877929688,744.0,737.7000122070312,742.0,731229
2023-04-12,UPL,713.6744384765625,739.9000244140625,747.7000122070312,736.0,746.0,1347769
2023-04-13,UPL,710.8772583007812,737.0,744.0999755859375,734.0,739.9000244140625,994060
2023-04-17,UPL,711.0219116210938,737.1500244140625,744.5,732.0,742.9500122070312,1043080
2023-04-18,UPL,712.4688110351562,738.6500244140625,743.0999755859375,735.25,737.1500244140625,1280463
2023-04-19,UPL,709.8644409179688,735.9500122070312,741.9000244140625,731.5,741.9000244140625,1012743
2023-04-20,UPL,706.1026611328125,732.0499877929688,739.0,730.6500244140625,738.4000244140625,1084257
2023-04-21,UPL,708.6588134765625,734.7000122070312,743.9000244140625,731.0,732.5,1829162
2023-04-24,UPL,703.9806518554688,729.8499755859375,739.2000122070312,723.25,735.0,1049786
2023-04-25,UPL,689.3194580078125,714.6500244140625,721.2000122070312,705.2999877929688,719.9000244140625,3407713
2023-04-26,UPL,689.9945678710938,715.3499755859375,716.7999877929688,707.5,714.7000122070312,3621655
2023-04-27,UPL,701.4246215820312,727.2000122070312,730.75,716.2999877929688,716.2999877929688,2470510
2023-04-28,UPL,714.060302734375,740.2999877929688,741.9000244140625,730.7999877929688,733.0,2374556
2023-05-02,UPL,725.8278198242188,752.5,759.9500122070312,743.5499877929688,744.2999877929688,2225369
2023-05-03,UPL,713.5780029296875,739.7999877929688,755.7999877929688,738.5499877929688,751.5,1031469
2023-05-04,UPL,705.5722045898438,731.5,742.75,728.1500244140625,740.25,1655943
2023-05-05,UPL,689.5123291015625,714.8499755859375,735.0999755859375,709.6500244140625,735.0999755859375,3930399
2023-05-08,UPL,690.0429077148438,715.4000244140625,725.0,700.4500122070312,718.7000122070312,6201290
2023-05-09,UPL,669.7871704101562,694.4000244140625,710.0,692.6500244140625,710.0,8030712
2023-05-10,UPL,655.608154296875,679.7000122070312,695.7999877929688,677.2999877929688,695.7999877929688,5803203
2023-05-11,UPL,658.69482421875,682.9000244140625,687.4500122070312,680.3499755859375,682.2000122070312,2228828
2023-05-12,UPL,654.161376953125,678.2000122070312,685.7999877929688,673.0,685.0499877929688,1805619
2023-05-15,UPL,651.9911499023438,675.9500122070312,680.9500122070312,675.0,679.4000244140625,2432818
2023-05-16,UPL,649.0010375976562,672.8499755859375,677.8499755859375,671.0,677.0,1866298
2023-05-17,UPL,653.7755126953125,677.7999877929688,683.4500122070312,672.1500244140625,673.25,2527136
2023-05-18,UPL,649.4832763671875,673.3499755859375,681.7999877929688,672.1500244140625,679.0,1408554
2023-05-19,UPL,644.3229370117188,668.0,676.0,657.0499877929688,674.0,4632213
2023-05-22,UPL,646.6378784179688,670.4000244140625,672.0499877929688,661.9500122070312,668.0,2116815
2023-05-23,UPL,656.5245971679688,680.6500244140625,681.75,670.4500122070312,670.4500122070312,2087867
2023-05-24,UPL,658.0678100585938,682.25,684.7999877929688,674.0,680.6500244140625,1920527
2023-05-25,UPL,651.846435546875,675.7999877929688,685.4500122070312,674.1500244140625,682.5,2210598
2023-05-26,UPL,663.71044921875,688.0999755859375,688.9500122070312,676.0,676.0,2131442
2023-05-29,UPL,665.5430908203125,690.0,691.5,686.25,690.0,1116759
2023-05-30,UPL,664.6267700195312,689.0499877929688,694.0,684.0999755859375,691.0,900153
2023-05-31,UPL,660.8167724609375,685.0999755859375,691.0499877929688,682.0,684.25,3370272
2023-06-01,UPL,653.9202270507812,677.9500122070312,685.0999755859375,676.5,685.0,2470088
2023-06-02,UPL,659.1287841796875,683.3499755859375,684.5,678.9000244140625,679.0,1168519
2023-06-05,UPL,665.5430908203125,690.0,691.5,684.6500244140625,689.0,1227013
2023-06-06,UPL,669.4013671875,694.0,696.9500122070312,690.4000244140625,691.0,1618425
2023-06-07,UPL,669.3530883789062,693.9500122070312,697.75,692.7999877929688,697.0,1147072
2023-06-08,UPL,665.5913696289062,690.0499877929688,698.9000244140625,689.0499877929688,695.0,1312986
2023-06-09,UPL,656.138671875,680.25,692.4000244140625,677.7999877929688,692.0,1411515
2023-06-12,UPL,654.8848266601562,678.9500122070312,682.5499877929688,674.2000122070312,680.25,2017017
2023-06-13,UPL,658.0678100585938,682.25,684.0,676.0999755859375,676.0999755859375,2175343
2023-06-14,UPL,658.5501708984375,682.75,689.4500122070312,678.6500244140625,682.0,4009140
2023-06-15,UPL,656.669189453125,680.7999877929688,688.0,676.6500244140625,682.75,1890165
2023-06-16,UPL,666.363037109375,690.8499755859375,695.7999877929688,681.0999755859375,681.2999877929688,3397721
2023-06-19,UPL,661.2991333007812,685.5999755859375,696.0,681.5,694.9500122070312,1510117
2023-06-20,UPL,659.225341796875,683.4500122070312,685.0999755859375,678.7000122070312,685.0,1537058
2023-06-21,UPL,661.7813110351562,686.0999755859375,687.0,682.0499877929688,683.5,1194618
2023-06-22,UPL,650.49609375,674.4000244140625,686.0999755859375,671.0499877929688,686.0999755859375,2165875
2023-06-23,UPL,643.2136840820312,666.8499755859375,675.75,665.5,674.75,1884124
2023-06-26,UPL,655.1259155273438,679.2000122070312,680.8499755859375,667.5,672.6500244140625,2550546
2023-06-27,UPL,650.4478149414062,674.3499755859375,681.0,672.0999755859375,679.0,1844795
2023-06-28,UPL,656.235107421875,680.3499755859375,682.0,674.0,675.8499755859375,2993257
2023-06-30,UPL,663.1799926757812,687.5499877929688,688.25,681.0,681.0,1756332
2023-07-03,UPL,656.1869506835938,680.2999877929688,688.9500122070312,678.0,688.4000244140625,1650880
2023-07-04,UPL,652.9556884765625,676.9500122070312,688.5499877929688,675.7999877929688,684.9000244140625,1707986
2023-07-05,UPL,646.05908203125,669.7999877929688,679.0,669.2000122070312,679.0,2257766
2023-07-06,UPL,648.9046020507812,672.75,674.0,669.5,671.0,1668647
2023-07-07,UPL,639.5001831054688,663.0,676.0,661.7999877929688,672.8499755859375,2924889
2023-07-10,UPL,636.702880859375,660.0999755859375,666.5,658.8499755859375,666.5,1532305
2023-07-11,UPL,621.4147338867188,644.25,654.9500122070312,640.1500244140625,654.9500122070312,3874013
2023-07-12,UPL,621.02880859375,643.8499755859375,651.2000122070312,642.5,647.8499755859375,2355259
2023-07-13,UPL,608.6344604492188,631.0,649.5,630.0,642.5,4725978
2023-07-14,UPL,616.88134765625,639.5499877929688,640.0999755859375,631.5,632.0,2430626
2023-07-17,UPL,620.9806518554688,643.7999877929688,647.0,637.25,643.0,2618535
2023-07-18,UPL,617.2672119140625,639.9500122070312,646.0,638.3499755859375,645.5999755859375,3048982
2023-07-19,UPL,616.4955444335938,639.1500244140625,645.7000122070312,638.2000122070312,642.4000244140625,2990583
2023-07-20,UPL,616.7366943359375,639.4000244140625,643.7000122070312,637.0,642.0,2365174
2023-07-21,UPL,612.1067504882812,634.5999755859375,640.5,633.75,640.0,2618007
2023-07-24,UPL,609.74365234375,632.1500244140625,637.7999877929688,630.7000122070312,637.7999877929688,1626647
2023-07-25,UPL,603.8116455078125,626.0,635.0,624.0499877929688,635.0,2391696
2023-07-26,UPL,609.50244140625,631.9000244140625,635.8499755859375,627.5499877929688,628.0,1885345
2023-07-27,UPL,604.5349731445312,626.75,637.2999877929688,625.2999877929688,634.2000122070312,1822820
2023-07-28,UPL,602.9917602539062,625.1500244140625,630.4500122070312,622.25,628.0,1972225
2023-07-31,UPL,602.5576782226562,624.7000122070312,631.0,621.0,625.0,5257210
2023-08-01,UPL,603.5222778320312,625.7000122070312,628.2999877929688,611.0,621.0,7565764
2023-08-02,UPL,597.2044067382812,619.1500244140625,629.5499877929688,614.0,628.7999877929688,2977294
2023-08-03,UPL,588.2814331054688,600.4500122070312,612.5,590.0999755859375,612.5,6714021
2023-08-04,UPL,591.1226196289062,603.3499755859375,607.3499755859375,600.4500122070312,604.5,1698361
2023-08-07,UPL,594.502685546875,606.7999877929688,609.75,604.0,604.5,1586290
2023-08-08,UPL,592.1023559570312,604.3499755859375,608.9000244140625,602.1500244140625,608.4000244140625,2297368
2023-08-09,UPL,602.7324829101562,615.2000122070312,616.9000244140625,602.7999877929688,604.0,4701339
2023-08-10,UPL,597.2950439453125,609.6500244140625,618.9000244140625,606.25,615.9500122070312,2552655
2023-08-11,UPL,587.5465698242188,599.7000122070312,611.9000244140625,598.0499877929688,611.0,1772170
2023-08-14,UPL,578.3370971679688,590.2999877929688,600.5,586.0,600.0,2087103
2023-08-16,UPL,577.8472290039062,589.7999877929688,593.0,583.0,590.2999877929688,1504238
2023-08-17,UPL,573.0955810546875,584.9500122070312,591.2999877929688,584.0,589.0,1816344
2023-08-18,UPL,566.7272338867188,578.4500122070312,587.6500244140625,576.9500122070312,584.0,2394208
2023-08-21,UPL,573.830322265625,585.7000122070312,590.0,580.0999755859375,582.0,1884006
2023-08-22,UPL,572.0177612304688,583.8499755859375,590.0,583.0,590.0,1199386
2023-08-23,UPL,573.8793334960938,585.75,587.9500122070312,583.3499755859375,585.0,1218953
2023-08-24,UPL,574.5161743164062,586.4000244140625,593.8499755859375,585.0,589.0,1673004
2023-08-25,UPL,571.3810424804688,583.2000122070312,588.75,580.0,585.0,1132264
2023-08-28,UPL,573.29150390625,585.1500244140625,587.5499877929688,582.0,583.2000122070312,1005968
2023-08-29,UPL,585.4891357421875,597.5999755859375,601.0,589.0,589.5,6318164
2023-08-30,UPL,587.7425537109375,599.9000244140625,607.5,598.5999755859375,600.0,3729681
2023-08-31,UPL,579.1698608398438,591.1500244140625,602.0999755859375,590.25,601.9500122070312,7321307
2023-09-01,UPL,590.77978515625,603.0,604.5499877929688,591.0,593.0,2466406
2023-09-04,UPL,595.1395874023438,607.4500122070312,608.8499755859375,599.25,605.0,4215928
2023-09-05,UPL,595.7273559570312,608.0499877929688,612.25,603.7999877929688,608.0999755859375,3465504
2023-09-06,UPL,597.0009765625,609.3499755859375,611.0,603.8499755859375,609.0,2896499
2023-09-07,UPL,599.8912353515625,612.2999877929688,615.9000244140625,607.0499877929688,609.2999877929688,3079054
2023-09-08,UPL,594.502685546875,606.7999877929688,614.9000244140625,606.0,614.4500122070312,2137652
2023-09-11,UPL,605.4268188476562,617.9500122070312,619.3499755859375,608.0999755859375,610.0,3724960
2023-09-12,UPL,592.2493286132812,604.5,622.3499755859375,602.3499755859375,621.9500122070312,2923292
2023-09-13,UPL,595.9722900390625,608.2999877929688,610.7999877929688,603.5999755859375,605.0,1430448
2023-09-14,UPL,618.9470825195312,631.75,633.5,610.0,610.9500122070312,9184356
2023-09-15,UPL,621.7882690429688,634.6500244140625,635.5,627.6500244140625,634.7999877929688,3745966
2023-09-18,UPL,617.3305053710938,630.0999755859375,639.0499877929688,628.0,634.6500244140625,2579565
2023-09-20,UPL,609.8845825195312,622.5,628.2999877929688,620.5,625.0499877929688,2474148
2023-09-21,UPL,612.3828735351562,625.0499877929688,635.0,622.0999755859375,627.0,3925418
2023-09-22,UPL,602.340576171875,614.7999877929688,629.5,612.5999755859375,627.4500122070312,1850344
2023-09-25,UPL,604.447021484375,616.9500122070312,624.7999877929688,613.0999755859375,614.7999877929688,2303387
2023-09-26,UPL,605.0348510742188,617.5499877929688,623.0,615.0,616.9500122070312,1906824
2023-09-27,UPL,602.6344604492188,615.0999755859375,618.5499877929688,609.0499877929688,617.5999755859375,2018781
2023-09-28,UPL,592.7391967773438,605.0,618.9000244140625,602.5499877929688,615.0999755859375,2158105
2023-09-29,UPL,603.7611694335938,616.25,621.5,609.25,614.0,2002347
2023-10-03,UPL,594.6986083984375,607.0,615.9500122070312,606.0499877929688,615.9500122070312,2407302
2023-10-04,UPL,590.8286743164062,603.0499877929688,606.75,597.7999877929688,605.0,1922433
2023-10-05,UPL,592.0533447265625,604.2999877929688,609.4000244140625,601.8499755859375,606.2000122070312,1413612
2023-10-06,UPL,599.7443237304688,612.1500244140625,613.0,605.0,607.5999755859375,1750968
2023-10-09,UPL,597.5888671875,609.9500122070312,610.9500122070312,598.2999877929688,606.5499877929688,1866768
2023-10-10,UPL,609.1987915039062,621.7999877929688,625.5,609.1500244140625,610.0,3281868
2023-10-11,UPL,615.0281372070312,627.75,629.5999755859375,623.9000244140625,625.9000244140625,2053212
2023-10-12,UPL,608.0230102539062,620.5999755859375,629.4000244140625,619.7000122070312,629.1500244140625,1645852
2023-10-13,UPL,610.4234008789062,623.0499877929688,625.1500244140625,616.4000244140625,618.8499755859375,1171758
2023-10-16,UPL,618.1632690429688,630.9500122070312,633.0,621.4000244140625,622.0,1917226
2023-10-17,UPL,612.2359008789062,624.9000244140625,634.9000244140625,624.0,634.9000244140625,1462594
2023-10-18,UPL,607.9739990234375,620.5499877929688,628.25,618.2999877929688,625.0,1222311
2023-10-19,UPL,601.1159057617188,613.5499877929688,617.7000122070312,607.2999877929688,614.4000244140625,1842555
2023-10-20,UPL,591.2206420898438,603.4500122070312,613.0,602.0,613.0,1174201
2023-10-23,UPL,574.8101196289062,586.7000122070312,608.0,585.0999755859375,603.0,2109981
2023-10-25,UPL,568.392822265625,580.1500244140625,592.75,577.8499755859375,586.7000122070312,2986843
2023-10-26,UPL,549.6798095703125,561.0499877929688,580.9500122070312,560.0,580.1500244140625,4015200
2023-10-27,UPL,547.3285522460938,558.6500244140625,566.75,556.2999877929688,565.0,2425358
2023-10-30,UPL,527.7338256835938,538.6500244140625,563.2000122070312,531.9000244140625,560.0,7164172
2023-10-31,UPL,529.54638671875,540.5,543.7000122070312,528.1500244140625,534.9500122070312,5210230
2023-11-01,UPL,521.267578125,532.0499877929688,540.5999755859375,529.5499877929688,531.5999755859375,3767073
2023-11-02,UPL,529.791259765625,540.75,542.5499877929688,535.0,535.3499755859375,1797928
2023-11-03,UPL,539.147705078125,550.2999877929688,551.9000244140625,544.0,544.9500122070312,1809034
2023-11-06,UPL,543.4586181640625,554.7000122070312,555.4500122070312,548.4000244140625,552.0499877929688,1069714
2023-11-07,UPL,540.8132934570312,552.0,556.0499877929688,550.5,553.9500122070312,1479349
2023-11-08,UPL,544.4382934570312,555.7000122070312,557.7999877929688,553.0999755859375,555.9000244140625,1190583
2023-11-09,UPL,539.2457275390625,550.4000244140625,557.7999877929688,548.7999877929688,555.7000122070312,1794405
2023-11-10,UPL,536.0616455078125,547.1500244140625,550.4000244140625,545.0,550.0,1414936
2023-11-13,UPL,541.4990844726562,552.7000122070312,556.5,550.0999755859375,555.0,1449034
2023-11-15,UPL,550.4146118164062,561.7999877929688,564.75,556.3499755859375,557.0,1766163
2023-11-16,UPL,549.48388671875,560.8499755859375,563.5999755859375,556.0,561.75,2112355
2023-11-17,UPL,550.3656616210938,561.75,565.7000122070312,558.6500244140625,560.3499755859375,1787739
2023-11-20,UPL,545.4180297851562,556.7000122070312,563.9500122070312,554.7999877929688,561.75,1079422
2023-11-21,UPL,551.6393432617188,563.0499877929688,564.0,556.5,556.5999755859375,1333644
2023-11-22,UPL,554.4315795898438,565.9000244140625,569.5499877929688,563.0999755859375,564.9000244140625,2648583
2023-11-23,UPL,554.4315795898438,565.9000244140625,571.7000122070312,565.0499877929688,568.0499877929688,1264347
2023-11-24,UPL,547.6224365234375,558.9500122070312,568.3499755859375,558.0499877929688,565.5,868199
2023-11-28,UPL,552.1292114257812,563.5499877929688,564.8499755859375,556.1500244140625,558.9500122070312,1284890
2023-11-29,UPL,558.4974365234375,570.0499877929688,571.9000244140625,563.0999755859375,565.0,1780095
2023-11-30,UPL,559.0853271484375,570.6500244140625,572.9000244140625,566.2000122070312,570.0,3931052
2023-12-01,UPL,563.4942016601562,575.1500244140625,575.9500122070312,569.0499877929688,570.6500244140625,1811072
2023-12-04,UPL,567.1681518554688,578.9000244140625,584.8499755859375,577.0,578.5,3025773
2023-12-05,UPL,569.6174926757812,581.4000244140625,583.9000244140625,576.8499755859375,578.5,1870544
2023-12-06,UPL,576.62255859375,588.5499877929688,596.2999877929688,583.0,583.0,3437918
2023-12-07,UPL,574.6630859375,586.5499877929688,594.0,585.5,594.0,1824646
2023-12-08,UPL,573.3404541015625,585.2000122070312,595.9000244140625,580.25,590.0,2175978
2023-12-11,UPL,590.19189453125,602.4000244140625,603.7000122070312,583.5499877929688,585.0,4467164
2023-12-12,UPL,585.587158203125,597.7000122070312,606.75,595.8499755859375,606.0,2339706
2023-12-13,UPL,587.2036743164062,599.3499755859375,602.7000122070312,592.7999877929688,601.0,2110586
2023-12-14,UPL,587.0078125,599.1500244140625,604.0,596.5,603.0499877929688,2026994
2023-12-15,UPL,598.4705810546875,610.8499755859375,612.7999877929688,601.4500122070312,601.4500122070312,4941179
2023-12-18,UPL,594.2577514648438,606.5499877929688,614.75,605.0,613.7999877929688,1685280
2023-12-19,UPL,586.6158447265625,598.75,612.0,597.8499755859375,607.0,2396755
2023-12-20,UPL,560.5549926757812,572.1500244140625,605.0,569.0,605.0,5509320
2023-12-21,UPL,565.6985473632812,577.4000244140625,579.9500122070312,565.7000122070312,572.1500244140625,3089260
2023-12-22,UPL,569.8624267578125,581.6500244140625,585.75,577.4000244140625,581.0,2464945
2023-12-26,UPL,574.2222290039062,586.0999755859375,595.0,585.0,587.9000244140625,3443852
2023-12-27,UPL,571.3810424804688,583.2000122070312,592.2999877929688,581.0999755859375,590.0999755859375,2155491
2023-12-28,UPL,577.5043334960938,589.4500122070312,591.0,582.0,585.9000244140625,2270681
2023-12-29,UPL,575.3489379882812,587.25,592.0,585.0499877929688,592.0,2223633
2024-01-01,UPL,580.6884765625,592.7000122070312,599.9000244140625,587.2000122070312,588.0,2825708
2024-01-02,UPL,582.4030151367188,594.4500122070312,603.7999877929688,589.0499877929688,593.0,3406640
2024-01-03,UPL,574.9569702148438,586.8499755859375,596.7999877929688,585.2999877929688,595.3499755859375,2435233
2024-01-04,UPL,575.7407836914062,587.6500244140625,589.2000122070312,582.6500244140625,587.0,3606404
2024-01-05,UPL,569.470458984375,581.25,590.9500122070312,576.5,589.2999877929688,2433275
2024-01-08,UPL,549.532958984375,560.9000244140625,582.7999877929688,560.0499877929688,581.0,5345743
2024-01-09,UPL,546.8386840820312,558.1500244140625,567.9500122070312,553.25,566.0,3590645
2024-01-10,UPL,547.2794799804688,558.5999755859375,561.75,551.9000244140625,561.0,2204496
2024-01-11,UPL,550.8555297851562,562.25,566.1500244140625,560.5499877929688,561.9500122070312,1620693
2024-01-12,UPL,553.6478271484375,565.0999755859375,568.3499755859375,562.4000244140625,566.0999755859375,1441096
2024-01-15,UPL,556.2440795898438,567.75,571.6500244140625,564.5,568.0,1659661
2024-01-16,UPL,553.0599365234375,564.5,569.2000122070312,560.5,568.0,1653823
2024-01-17,UPL,539.8335571289062,551.0,562.5,549.5999755859375,561.0,4724845
2024-01-18,UPL,533.17138671875,544.2000122070312,552.0,539.1500244140625,550.0,3512857
2024-01-19,UPL,542.1849365234375,553.4000244140625,557.2000122070312,542.75,549.0,2415540
2024-01-23,UPL,524.2557373046875,535.0999755859375,558.4500122070312,533.5499877929688,558.4500122070312,2849229
2024-01-24,UPL,534.6900024414062,545.75,547.0,535.0999755859375,539.9000244140625,1386191
2024-01-25,UPL,526.4111938476562,537.2999877929688,547.5999755859375,536.0,545.75,1723625
2024-01-29,UPL,528.7135620117188,539.6500244140625,542.7000122070312,534.4000244140625,542.2000122070312,2162690
2024-01-30,UPL,524.4027709960938,535.25,547.5,534.4000244140625,541.9000244140625,1912294
2024-01-31,UPL,526.8031616210938,537.7000122070312,542.75,534.0999755859375,538.9000244140625,3570913
2024-02-01,UPL,519.3080444335938,530.0499877929688,539.0,526.5,536.2999877929688,3662000
2024-02-02,UPL,522.8351440429688,533.6500244140625,540.6500244140625,529.25,533.9000244140625,4224992
2024-02-05,UPL,464.39404296875,474.0,525.0,470.04998779296875,524.0,23096694
2024-02-06,UPL,472.0849304199219,481.8500061035156,486.0,468.29998779296875,476.20001220703125,6661787
2024-02-07,UPL,468.1169738769531,477.79998779296875,485.0,477.25,484.0,3069307
2024-02-08,UPL,455.429443359375,464.8500061035156,481.79998779296875,463.54998779296875,480.0,5214678
2024-02-09,UPL,448.6692810058594,457.95001220703125,467.8999938964844,453.29998779296875,467.8999938964844,5881661
2024-02-12,UPL,449.1101379394531,458.3999938964844,465.79998779296875,455.04998779296875,461.79998779296875,4404671
2024-02-13,UPL,469.3906555175781,479.1000061035156,479.95001220703125,452.1499938964844,462.04998779296875,7706461
2024-02-14,UPL,471.64404296875,481.3999938964844,482.3999938964844,472.25,479.20001220703125,3210526
2024-02-15,UPL,477.4734802246094,487.3500061035156,490.45001220703125,484.70001220703125,486.8999938964844,3568439
2024-02-16,UPL,480.9515075683594,490.8999938964844,494.20001220703125,481.04998779296875,484.04998779296875,3374827
2024-02-19,UPL,487.4667663574219,497.54998779296875,500.0,491.54998779296875,493.70001220703125,3383768
2024-02-20,UPL,487.95660400390625,498.04998779296875,505.45001220703125,495.25,497.6000061035156,3033673
2024-02-21,UPL,482.1761779785156,492.1499938964844,500.20001220703125,490.95001220703125,499.0,1697299
2024-02-22,UPL,482.3231506347656,492.29998779296875,494.20001220703125,484.04998779296875,493.29998779296875,2881064
2024-02-23,UPL,478.796142578125,488.70001220703125,496.6000061035156,487.8999938964844,494.0,1341328
2024-02-26,UPL,479.23699951171875,489.1499938964844,493.1000061035156,485.75,488.6000061035156,2253561
2024-02-27,UPL,474.7792053222656,484.6000061035156,491.5,481.5,489.8999938964844,2920314
2024-02-28,UPL,466.2554931640625,475.8999938964844,486.0,474.0,484.20001220703125,1572519
2024-02-29,UPL,460.18115234375,469.70001220703125,475.0,466.79998779296875,472.0,5632071
2024-03-01,UPL,464.932861328125,474.54998779296875,477.8999938964844,471.1499938964844,474.0,2877161
2024-03-04,UPL,464.6389465332031,474.25,480.1499938964844,470.0,476.04998779296875,1820722
2024-03-05,UPL,464.6389465332031,474.25,491.04998779296875,473.5,474.0,6182475
2024-03-06,UPL,463.6102294921875,473.20001220703125,477.5,464.5,476.95001220703125,3213293
2024-03-07,UPL,472.5257873535156,482.29998779296875,485.95001220703125,474.8500061035156,475.0,5420581
2024-03-11,UPL,466.892333984375,476.54998779296875,488.0,475.5,485.1000061035156,2888338
2024-03-12,UPL,464.4429931640625,474.04998779296875,478.95001220703125,472.3500061035156,478.70001220703125,3030937
2024-03-13,UPL,442.7419128417969,451.8999938964844,476.79998779296875,450.04998779296875,474.04998779296875,3446385
2024-03-14,UPL,452.73516845703125,462.1000061035156,464.20001220703125,447.79998779296875,451.8500061035156,2505609
2024-03-15,UPL,465.5207214355469,475.1499938964844,477.5,459.45001220703125,462.20001220703125,6120565
2024-03-18,UPL,456.6051330566406,466.04998779296875,475.0,463.0,475.0,2951978
2024-03-19,UPL,451.7064514160156,461.04998779296875,471.45001220703125,460.25,464.0,2538838
2024-03-20,UPL,446.2199401855469,455.45001220703125,464.70001220703125,449.25,461.0,3018788
2024-03-21,UPL,446.3179016113281,455.54998779296875,461.95001220703125,452.25,457.0,3138092
2024-03-22,UPL,460.4750671386719,470.0,474.3500061035156,455.0,455.6000061035156,7019704
2024-03-26,UPL,455.9682922363281,465.3999938964844,471.1000061035156,464.3500061035156,468.0,5072326
2024-03-27,UPL,446.2689514160156,455.5,467.20001220703125,453.45001220703125,465.0,27876181
2024-03-28,UPL,446.7587890625,456.0,459.70001220703125,452.1000061035156,458.45001220703125,5435115
2024-04-01,UPL,456.7520751953125,466.20001220703125,468.3500061035156,458.45001220703125,460.0,2840448
2024-04-02,UPL,465.6186828613281,475.25,476.95001220703125,461.0,463.0,5564890
2024-04-03,UPL,467.0392761230469,476.70001220703125,482.95001220703125,470.5,475.0,4788697
2024-04-04,UPL,482.9599914550781,492.95001220703125,496.75,473.1000061035156,480.0,9778795
2024-04-05,UPL,484.3316345214844,494.3500061035156,500.6000061035156,489.8999938964844,499.5,6753966
2024-04-08,UPL,479.1390075683594,489.04998779296875,500.54998779296875,483.04998779296875,500.54998779296875,4603981
2024-04-09,UPL,479.9228210449219,489.8500061035156,496.5,486.79998779296875,492.70001220703125,2166661
2024-04-10,UPL,494.0799560546875,504.29998779296875,509.0,489.3999938964844,490.5,7937541
2024-04-12,UPL,491.87554931640625,502.04998779296875,511.1000061035156,500.5,505.54998779296875,5337775
2024-04-15,UPL,480.0207824707031,489.95001220703125,499.54998779296875,486.5,495.0,4994330
2024-04-16,UPL,474.82818603515625,484.6499938964844,492.0,483.04998779296875,488.04998779296875,3104362
2024-04-18,UPL,468.704833984375,478.3999938964844,492.8500061035156,476.20001220703125,488.29998779296875,2706609
2024-04-19,UPL,477.6694030761719,487.54998779296875,489.95001220703125,466.54998779296875,473.25,3209153
2024-04-22,UPL,483.4008483886719,493.3999938964844,494.6000061035156,487.6000061035156,492.0,1860795
2024-04-23,UPL,485.45831298828125,495.5,500.6000061035156,492.25,494.8999938964844,3014860
2024-04-24,UPL,488.3485412597656,498.45001220703125,503.8999938964844,495.6000061035156,495.8500061035156,1683615
2024-04-25,UPL,495.64752197265625,505.8999938964844,506.95001220703125,496.3500061035156,499.0,4660938
2024-04-26,UPL,498.1458740234375,508.45001220703125,513.9000244140625,502.5,509.0,2825380
2024-04-29,UPL,496.7742004394531,507.04998779296875,510.95001220703125,504.5,510.95001220703125,2501739
2024-04-30,UPL,496.8721923828125,507.1499938964844,513.7000122070312,506.29998779296875,506.8999938964844,3509055
2024-05-02,UPL,488.10357666015625,498.20001220703125,510.3999938964844,497.29998779296875,508.1000061035156,2405482
2024-05-03,UPL,483.5968017578125,493.6000061035156,503.95001220703125,490.04998779296875,500.8500061035156,2196892
2024-05-06,UPL,473.603515625,483.3999938964844,498.29998779296875,481.1000061035156,495.25,3652474
2024-05-07,UPL,464.49200439453125,474.1000061035156,486.45001220703125,470.3999938964844,485.0,4535131
2024-05-08,UPL,468.1659851074219,477.8500061035156,479.95001220703125,471.1499938964844,475.5,1861827
2024-05-09,UPL,456.99700927734375,466.45001220703125,482.25,464.3500061035156,477.8500061035156,2726979
2024-05-10,UPL,491.7286071777344,501.8999938964844,505.0,464.45001220703125,471.0,6834995
2024-05-13,UPL,523.2760620117188,534.0999755859375,540.0,502.45001220703125,502.45001220703125,27039443
2024-05-14,UPL,499.7134094238281,510.04998779296875,531.7999877929688,501.6499938964844,531.7999877929688,15011896
2024-05-15,UPL,504.3671569824219,514.7999877929688,521.2999877929688,510.04998779296875,512.9500122070312,4234215
2024-05-16,UPL,499.6644287109375,510.0,519.7999877929688,505.8500061035156,516.1500244140625,2398088
2024-05-17,UPL,500.8891296386719,511.25,515.2999877929688,510.1000061035156,510.1000061035156,1911312
2024-05-21,UPL,501.7218322753906,512.0999755859375,514.0,508.5,508.5,2372489
2024-05-22,UPL,505.1019287109375,515.5499877929688,522.0499877929688,510.3500061035156,514.0,2807354
2024-05-23,UPL,500.49725341796875,510.8500061035156,517.7000122070312,507.20001220703125,515.5499877929688,1824121
2024-05-24,UPL,505.3468933105469,515.7999877929688,522.0,513.4000244140625,516.5,4320492
2024-05-27,UPL,514.3114624023438,524.9500122070312,529.6500244140625,516.8499755859375,518.4000244140625,6701240
2024-05-28,UPL,507.012451171875,517.5,529.0,516.0999755859375,527.5,2462629
2024-05-29,UPL,506.76751708984375,517.25,522.5999755859375,515.5,519.0,2522672
2024-05-30,UPL,495.8434753417969,506.1000061035156,518.3499755859375,505.0,516.7000122070312,1828288
2024-05-31,UPL,498.48876953125,508.79998779296875,517.9000244140625,506.8500061035156,508.0,8552013
2024-06-03,UPL,517.4466552734375,528.1500244140625,531.25,514.0,517.0,5297460
2024-06-04,UPL,485.8992004394531,495.95001220703125,529.75,478.0,529.75,4202540
2024-06-05,UPL,517.7405395507812,528.4500122070312,531.9500122070312,496.1000061035156,505.04998779296875,3690376
2024-06-06,UPL,526.5091552734375,537.4000244140625,545.5,527.7000122070312,529.7999877929688,6939999
2024-06-07,UPL,528.8115844726562,539.75,542.9000244140625,534.2000122070312,541.9000244140625,2223919
2024-06-10,UPL,540.3234252929688,551.5,555.5999755859375,532.0999755859375,542.6500244140625,6964090
2024-06-11,UPL,543.066650390625,554.2999877929688,557.2999877929688,543.2999877929688,550.2000122070312,4059315
2024-06-12,UPL,538.9027709960938,550.0499877929688,558.5999755859375,548.5,555.4000244140625,2173771
2024-06-13,UPL,546.3977661132812,557.7000122070312,561.8499755859375,547.25,551.7000122070312,3845237
2024-06-14,UPL,540.5194091796875,551.7000122070312,559.7999877929688,549.7000122070312,557.7000122070312,2022269
2024-06-18,UPL,544.8792114257812,556.1500244140625,557.5999755859375,550.0999755859375,554.0,1587670
2024-06-19,UPL,546.0059204101562,557.2999877929688,568.4500122070312,550.7000122070312,560.0,6124293
2024-06-20,UPL,557.46875,569.0,577.7000122070312,554.5999755859375,557.2999877929688,7472902
2024-06-21,UPL,554.4805908203125,565.9500122070312,574.3499755859375,561.25,574.3499755859375,5890175
2024-06-24,UPL,560.5059204101562,572.0999755859375,578.7000122070312,551.0999755859375,562.0,5572012
2024-06-25,UPL,559.5261840820312,571.0999755859375,576.7999877929688,567.0,573.0,1985056
2024-06-26,UPL,558.7914428710938,570.3499755859375,576.0,564.6500244140625,570.9000244140625,2354064
2024-06-27,UPL,556.342041015625,567.8499755859375,574.5999755859375,559.25,570.2000122070312,1627135
2024-06-28,UPL,559.28125,570.8499755859375,576.0,566.5,568.0,1535016
2024-07-01,UPL,561.8285522460938,573.4500122070312,574.7000122070312,567.2999877929688,570.0499877929688,1451065
2024-07-02,UPL,555.1663818359375,566.6500244140625,580.2999877929688,561.9000244140625,574.0999755859375,2781201
2024-07-03,UPL,560.5549926757812,572.1500244140625,576.0,567.2000122070312,567.5,1898741
2024-07-04,UPL,558.889404296875,570.4500122070312,579.9500122070312,568.6500244140625,575.0,2148117
2024-07-05,UPL,561.0938110351562,572.7000122070312,573.9000244140625,567.7000122070312,570.7999877929688,1072378
2024-07-08,UPL,555.9012451171875,567.4000244140625,574.7999877929688,562.1500244140625,572.7000122070312,2695359
2024-07-09,UPL,552.5211791992188,563.9500122070312,572.2999877929688,563.0,568.0,1427039
2024-07-10,UPL,548.4552001953125,559.7999877929688,569.9500122070312,547.3499755859375,566.0499877929688,2033444
2024-07-11,UPL,546.3977661132812,557.7000122070312,566.4000244140625,555.0999755859375,560.8499755859375,3781459
2024-07-12,UPL,552.2272338867188,563.6500244140625,570.9500122070312,558.0999755859375,560.4500122070312,3741532
2024-07-15,UPL,553.5988159179688,565.0499877929688,567.5,560.7999877929688,566.0,1699472
2024-07-16,UPL,546.0059204101562,557.2999877929688,572.0,555.5,566.0,1674706
2024-07-18,UPL,547.3285522460938,558.6500244140625,561.0,554.9500122070312,557.2999877929688,1258371
2024-07-19,UPL,531.603759765625,542.5999755859375,560.25,541.25,558.6500244140625,1483516
2024-07-22,UPL,534.39599609375,545.4500122070312,558.2000122070312,532.8499755859375,540.0,2445572
2024-07-23,UPL,529.4483642578125,540.4000244140625,553.3499755859375,522.2999877929688,548.0,2813862
2024-07-24,UPL,526.166259765625,537.0499877929688,543.4500122070312,535.0,536.2999877929688,1398404
2024-07-25,UPL,518.7202758789062,529.4500122070312,534.7999877929688,525.4000244140625,532.0,1833988
2024-07-26,UPL,533.1223754882812,544.1500244140625,545.0,529.0999755859375,529.1500244140625,1488053
2024-07-29,UPL,541.9400024414062,553.1500244140625,566.5,545.5,548.0499877929688,4404641
2024-07-30,UPL,553.4518432617188,564.9000244140625,568.7999877929688,552.5,553.5999755859375,2046419
2024-07-31,UPL,560.4569091796875,572.0499877929688,573.7000122070312,565.0999755859375,569.9000244140625,2390519
2024-08-01,UPL,549.0921020507812,560.4500122070312,577.0,557.0999755859375,575.0,1900787
2024-08-02,UPL,526.705078125,537.5999755859375,563.9500122070312,531.4500122070312,555.0,6452127
2024-08-05,UPL,517.5935668945312,528.2999877929688,551.5,520.0,520.0,8199938
2024-08-06,UPL,522.7371826171875,533.5499877929688,549.9000244140625,531.2000122070312,533.0,3839963
2024-08-07,UPL,535.6206665039062,546.7000122070312,549.0,535.5499877929688,539.0,2623663
2024-08-08,UPL,536.6984252929688,547.7999877929688,555.7999877929688,544.0499877929688,546.75,2763841
2024-08-09,UPL,543.360595703125,554.5999755859375,562.0,550.6500244140625,558.5,2061454
2024-08-12,UPL,554.6070556640625,565.0999755859375,568.9500122070312,546.6500244140625,552.5,3191587
2024-08-13,UPL,541.7993774414062,552.0499877929688,566.0999755859375,550.7999877929688,566.0,1666599
2024-08-14,UPL,532.7701416015625,542.8499755859375,553.9000244140625,540.4000244140625,552.5,1066850
2024-08-16,UPL,543.0751953125,553.3499755859375,554.4000244140625,539.5999755859375,542.8499755859375,1635134
2024-08-19,UPL,550.1905517578125,560.5999755859375,563.5499877929688,551.6500244140625,553.0,2412431
2024-08-20,UPL,555.6375732421875,566.1500244140625,567.0,560.0999755859375,560.5999755859375,1194020
2024-08-21,UPL,557.7476196289062,568.2999877929688,572.7999877929688,563.0,566.0,2235790
2024-08-22,UPL,568.3961791992188,579.1500244140625,587.9000244140625,568.25,570.0,6309020
2024-08-23,UPL,563.04736328125,573.7000122070312,584.7999877929688,572.0,584.7000122070312,1995012
2024-08-26,UPL,566.727783203125,577.4500122070312,578.9000244140625,572.0999755859375,578.9000244140625,1283196
2024-08-27,UPL,572.1256103515625,582.9500122070312,587.75,578.25,584.3499755859375,2705825
2024-08-28,UPL,567.3165893554688,578.0499877929688,585.9000244140625,575.5499877929688,585.0,1369570
2024-08-29,UPL,567.0712280273438,577.7999877929688,581.9000244140625,571.0,576.9500122070312,1530143
2024-08-30,UPL,587.2396850585938,598.3499755859375,604.0,582.0,584.0,7616878
2024-09-02,UPL,588.3683471679688,599.5,607.2000122070312,593.0,602.0,3640344
2024-09-03,UPL,591.0181884765625,602.2000122070312,605.9500122070312,596.0,600.0,2147598
2024-09-04,UPL,596.563232421875,607.8499755859375,610.9000244140625,593.0499877929688,599.9500122070312,3139837
2024-09-05,UPL,607.2117919921875,618.7000122070312,622.9500122070312,606.7999877929688,612.0,3431993
2024-09-06,UPL,598.4769897460938,609.7999877929688,623.7000122070312,607.25,616.9500122070312,3569845
2024-09-09,UPL,593.1773681640625,604.4000244140625,610.7999877929688,601.0999755859375,606.0,2334227
2024-09-10,UPL,607.7025146484375,619.2000122070312,620.0,605.25,609.9000244140625,1638324
2024-09-11,UPL,599.65478515625,611.0,619.0999755859375,609.0,618.7999877929688,1421907
2024-09-12,UPL,603.4332275390625,614.8499755859375,616.4500122070312,608.7000122070312,614.0,1707391
2024-09-13,UPL,600.04736328125,611.4000244140625,616.9500122070312,610.25,616.0,1237013
2024-09-16,UPL,602.4027709960938,613.7999877929688,615.5,606.7000122070312,614.9000244140625,1186044
2024-09-17,UPL,599.311279296875,610.6500244140625,615.7999877929688,609.2999877929688,615.0,1165443
2024-09-18,UPL,593.8643188476562,605.0999755859375,614.75,598.9500122070312,610.9000244140625,1728906
2024-09-19,UPL,583.7555541992188,594.7999877929688,612.75,582.5499877929688,605.0999755859375,2721915
2024-09-20,UPL,576.1985473632812,587.0999755859375,602.7000122070312,585.5999755859375,594.9500122070312,5717560
2024-09-23,UPL,581.7926635742188,592.7999877929688,593.75,584.0499877929688,589.4000244140625,2106715
2024-09-24,UPL,592.5393676757812,603.75,606.75,587.0,593.7999877929688,2301515
2024-09-25,UPL,588.4173583984375,599.5499877929688,606.4500122070312,597.0999755859375,600.0999755859375,2193166
2024-09-26,UPL,589.9385375976562,601.0999755859375,604.1500244140625,593.5999755859375,602.0,1948570
2024-09-27,UPL,599.311279296875,610.6500244140625,616.5,600.0,601.0999755859375,1893789
2024-09-30,UPL,601.764892578125,613.1500244140625,617.9000244140625,607.6500244140625,610.6500244140625,1686660
2024-10-01,UPL,609.6654052734375,621.2000122070312,625.0,610.7999877929688,612.0,2317620
2024-10-03,UPL,594.2078247070312,605.4500122070312,623.7000122070312,601.0,618.7999877929688,2181886
2024-10-04,UPL,588.1719970703125,599.2999877929688,612.9500122070312,596.5999755859375,608.9000244140625,1780533
2024-10-07,UPL,569.5247802734375,580.2999877929688,605.5,576.0,602.4000244140625,3393703
2024-10-08,UPL,566.0897827148438,576.7999877929688,585.5499877929688,573.3499755859375,577.7000122070312,3035568
2024-10-09,UPL,566.8749389648438,577.5999755859375,584.6500244140625,575.2000122070312,579.0499877929688,881946
2024-10-10,UPL,573.5487060546875,584.4000244140625,593.6500244140625,580.0,580.0,1378203
2024-10-11,UPL,572.2237548828125,583.0499877929688,589.2999877929688,578.75,585.6500244140625,568562
2024-10-14,UPL,567.905517578125,578.6500244140625,586.9000244140625,573.2000122070312,585.0,1308354
2024-10-15,UPL,563.43994140625,574.0999755859375,580.8499755859375,569.1500244140625,579.9000244140625,1611364
2024-10-16,UPL,558.2874145507812,568.8499755859375,576.4000244140625,564.0499877929688,573.0,1303677
2024-10-17,UPL,543.418701171875,553.7000122070312,570.5,551.0999755859375,568.0,1577470
2024-10-18,UPL,544.93994140625,555.25,557.75,542.5999755859375,554.0,1402020
2024-10-21,UPL,535.3218994140625,545.4500122070312,563.3499755859375,543.0499877929688,557.0499877929688,2757430
2024-10-22,UPL,520.5023193359375,530.3499755859375,547.5,528.0,545.0,2074618
2024-10-23,UPL,521.8763427734375,531.75,538.75,521.0999755859375,529.0999755859375,1624355
2024-10-24,UPL,525.0659790039062,535.0,540.8499755859375,526.2999877929688,536.0,1554879
2024-10-25,UPL,512.25830078125,521.9500122070312,536.8499755859375,517.4500122070312,535.9000244140625,1390234
2024-10-28,UPL,521.9253540039062,531.7999877929688,541.25,520.0499877929688,520.0499877929688,1080853
2024-10-29,UPL,524.7224731445312,534.6500244140625,538.2000122070312,524.5,531.7999877929688,1053752
2024-10-30,UPL,536.1070556640625,546.25,552.4000244140625,527.6500244140625,533.0,1751552
2024-10-31,UPL,543.3696899414062,553.6500244140625,555.9500122070312,542.0,546.25,1171233
2024-11-01,UPL,548.031494140625,558.4000244140625,562.0,553.6500244140625,553.6500244140625,163230
2024-11-04,UPL,542.3882446289062,552.6500244140625,559.9000244140625,539.7999877929688,555.0999755859375,1334874
2024-11-05,UPL,548.66943359375,559.0499877929688,561.8499755859375,549.0499877929688,552.0,894138
2024-11-06,UPL,556.7171020507812,567.25,569.0,554.2999877929688,559.0999755859375,1491608
2024-11-07,UPL,556.6190185546875,567.1500244140625,575.4500122070312,564.7000122070312,569.9000244140625,886267
2024-11-08,UPL,547.2462768554688,557.5999755859375,572.9500122070312,555.0499877929688,569.9500122070312,696687
2024-11-11,UPL,505.5845642089844,515.1500244140625,553.2000122070312,510.0,553.1500244140625,9914435
2024-11-12,UPL,517.9505615234375,527.75,552.7999877929688,524.0,530.0,9415040
2024-11-13,UPL,505.8299255371094,515.4000244140625,530.5,504.29998779296875,528.0,3436328
2024-11-14,UPL,516.0368041992188,525.7999877929688,532.7999877929688,509.45001220703125,519.9000244140625,3741207
2024-11-18,UPL,505.4546813964844,515.0177001953125,519.718017578125,493.674560546875,506.9600830078125,3165283
2024-11-19,UPL,514.77490234375,524.5142211914062,532.9075927734375,510.1735534667969,511.3725891113281,2999770
2024-11-21,UPL,523.2007446289062,533.0994873046875,542.595947265625,514.9697875976562,521.828369140625,10436903
2024-11-22,UPL,533.2269897460938,543.3154296875,546.720703125,523.6029663085938,533.0994873046875,3602576
2024-11-25,UPL,535.2510375976562,545.3777465820312,554.8262939453125,543.5072631835938,546.7686767578125,6122956
2024-11-26,UPL,541.5049438476562,551.75,558.75,541.0999755859375,545.0,2645846
2024-11-27,UPL,538.0208740234375,548.2000122070312,554.2999877929688,539.0,553.0,1703921
2024-11-28,UPL,536.7450561523438,546.9000244140625,557.1500244140625,545.0,548.2000122070312,1748362
2024-11-29,UPL,534.8802490234375,545.0,547.9000244140625,538.25,546.5,1465623
2024-12-02,UPL,544.74365234375,555.0499877929688,558.0,540.5499877929688,546.9000244140625,1687736
2024-12-03,UPL,552.6441650390625,563.0999755859375,566.9000244140625,553.5999755859375,556.0,2073190
2024-12-04,UPL,557.4041137695312,567.9500122070312,572.7000122070312,563.5,565.7999877929688,2218877
2024-12-05,UPL,547.835205078125,558.2000122070312,569.75,552.0,568.9000244140625,2006983
2024-12-06,UPL,552.2025756835938,562.6500244140625,566.25,556.0,557.8499755859375,2970258
2024-12-09,UPL,545.0872192382812,555.4000244140625,562.25,552.0499877929688,559.7999877929688,2922928
2024-12-10,UPL,539.7384033203125,549.9500122070312,557.5999755859375,548.5999755859375,554.8499755859375,2949316
2024-12-11,UPL,541.7503051757812,552.0,566.7000122070312,551.0499877929688,552.0,5334736
2024-12-12,UPL,537.2847900390625,547.4500122070312,554.8499755859375,542.9500122070312,553.9500122070312,1581082
2024-12-13,UPL,540.0327758789062,550.25,551.25,535.7000122070312,547.4500122070312,2242153
2024-12-16,UPL,537.7755126953125,547.9500122070312,551.5,542.7000122070312,549.7999877929688,1210467
2024-12-17,UPL,528.4028930664062,538.4000244140625,552.0,536.6500244140625,544.0999755859375,1637281
2024-12-18,UPL,522.3670043945312,532.25,543.8499755859375,531.2999877929688,538.7999877929688,1208566
2024-12-19,UPL,508.7251281738281,518.3499755859375,525.5499877929688,517.3499755859375,524.0,1187222
2024-12-20,UPL,495.1322937011719,504.5,522.5999755859375,501.5,520.0,2851827
2024-12-23,UPL,498.27288818359375,507.70001220703125,510.1499938964844,496.0,505.54998779296875,1178165
2024-12-24,UPL,495.1322937011719,504.5,512.5,501.70001220703125,507.0,949150
2024-12-26,UPL,490.3723449707031,499.6499938964844,507.04998779296875,495.8500061035156,503.1000061035156,1427526
2024-12-27,UPL,492.727783203125,502.04998779296875,519.6500244140625,497.3999938964844,498.0,1670587
2024-12-30,UPL,491.4519348144531,500.75,508.3500061035156,497.0,502.0,2019209
2024-12-31,UPL,491.6972961425781,501.0,505.45001220703125,493.0,497.04998779296875,1217836
2025-01-01,UPL,491.20654296875,500.5,501.8500061035156,497.20001220703125,498.45001220703125,588602
2025-01-02,UPL,499.9903869628906,509.45001220703125,511.8999938964844,499.8500061035156,500.0,1552787
2025-01-03,UPL,519.7171630859375,529.5499877929688,533.25,508.5,508.5,2888197
2025-01-06,UPL,511.6203308105469,521.2999877929688,535.4500122070312,516.0999755859375,525.0,2241869
2025-01-07,UPL,534.3405151367188,544.4500122070312,548.6500244140625,520.0,521.0,4787940
2025-01-08,UPL,529.531494140625,539.5499877929688,543.4000244140625,531.6500244140625,541.1500244140625,1559514
2025-01-09,UPL,535.3218994140625,545.4500122070312,554.6500244140625,539.7000122070312,541.9500122070312,2805890
2025-01-10,UPL,538.6587524414062,548.8499755859375,555.75,534.5,545.9000244140625,1992839
2025-01-13,UPL,523.7410278320312,533.6500244140625,549.0,530.9500122070312,546.25,1770971
2025-01-14,UPL,531.7887573242188,541.8499755859375,542.9500122070312,531.2999877929688,534.9500122070312,1831287
2025-01-15,UPL,536.7450561523438,546.9000244140625,552.0,543.1500244140625,544.9000244140625,901487
2025-01-16,UPL,536.1561279296875,546.2999877929688,552.9500122070312,545.25,546.9500122070312,813698
2025-01-17,UPL,541.4559326171875,551.7000122070312,557.6500244140625,543.5,545.0,1461267
2025-01-20,UPL,542.5845336914062,552.8499755859375,555.0,545.3499755859375,551.7000122070312,812869
2025-01-21,UPL,534.1441650390625,544.25,559.9000244140625,543.5,557.0,1708101
2025-01-22,UPL,532.6229858398438,542.7000122070312,548.0,531.5999755859375,548.0,1191929
2025-01-23,UPL,547.4916381835938,557.8499755859375,559.75,542.0499877929688,542.5,1477011
2025-01-24,UPL,541.7503051757812,552.0,560.4500122070312,550.0,559.9500122070312,1591661
2025-01-27,UPL,532.2794799804688,542.3499755859375,550.4000244140625,536.2000122070312,548.9500122070312,2486727
2025-01-28,UPL,528.648193359375,538.6500244140625,546.5,536.0999755859375,546.0,2048155
2025-01-29,UPL,542.8298950195312,553.0999755859375,555.9500122070312,539.2999877929688,542.0,2181049
2025-01-30,UPL,556.4227294921875,566.9500122070312,578.2999877929688,554.5999755859375,556.0,2784958
2025-01-31,UPL,592.5393676757812,603.75,617.7999877929688,567.75,573.0,8663742
2025-02-01,UPL,592.7847290039062,604.0,617.7999877929688,597.0499877929688,609.7999877929688,5961908
2025-02-03,UPL,618.5473022460938,630.25,636.7999877929688,607.5499877929688,610.0,12713558
2025-02-04,UPL,625.0738525390625,636.9000244140625,641.5499877929688,625.0,637.5,3541038
2025-02-05,UPL,633.465087890625,645.4500122070312,649.4500122070312,632.0,636.0,3372838
2025-02-06,UPL,632.778076171875,644.75,646.8499755859375,626.4500122070312,644.0,3885141
2025-02-07,UPL,629.4412231445312,641.3499755859375,648.7000122070312,635.0999755859375,642.0499877929688,2340663
2025-02-10,UPL,623.1600952148438,634.9500122070312,643.0,631.7999877929688,641.25,1932363
2025-02-11,UPL,599.3603515625,610.7000122070312,636.7999877929688,608.2000122070312,635.0,2525324
2025-02-12,UPL,608.9783935546875,620.5,624.2999877929688,594.4500122070312,610.7000122070312,2315031
2025-02-13,UPL,618.0565795898438,629.75,638.9000244140625,615.0,620.5,3181044
2025-02-14,UPL,606.8682861328125,618.3499755859375,633.9000244140625,610.25,631.0,3746024
2025-02-17,UPL,620.4611206054688,632.2000122070312,633.75,609.9000244140625,618.2000122070312,1481549
2025-02-18,UPL,619.0870971679688,630.7999877929688,634.3499755859375,625.2000122070312,633.0,1409475
2025-02-19,UPL,637.9796142578125,650.0499877929688,651.7000122070312,621.0,629.8499755859375,2762726
2025-02-20,UPL,635.2316284179688,647.25,653.9500122070312,644.25,650.0499877929688,2142244
2025-02-21,UPL,634.3483276367188,646.3499755859375,658.25,637.4000244140625,648.0,1366273
2025-02-24,UPL,633.2197265625,645.2000122070312,648.9500122070312,638.2999877929688,643.75,1293274
2025-02-25,UPL,635.4769897460938,647.5,657.2999877929688,645.0,648.0999755859375,1581083
2025-02-27,UPL,631.6985473632812,643.6500244140625,648.3499755859375,634.2000122070312,648.0,2717730
2025-02-28,UPL,621.1972045898438,632.9500122070312,641.0,619.5,635.0,4676015
2025-03-03,UPL,605.2489013671875,616.7000122070312,634.1500244140625,611.25,628.0999755859375,3273667
2025-03-04,UPL,602.01025390625,613.4000244140625,619.5999755859375,607.0,607.0,1557537
2025-03-05,UPL,616.19189453125,627.8499755859375,630.2000122070312,614.1500244140625,615.0,2367281
2025-03-06,UPL,613.1004028320312,624.7000122070312,639.25,622.7000122070312,634.9000244140625,1617185
2025-03-07,UPL,618.15478515625,629.8499755859375,642.7000122070312,620.4000244140625,624.5499877929688,2073888
2025-03-10,UPL,604.0221557617188,615.4500122070312,637.0,611.8499755859375,631.4500122070312,1428305
2025-03-11,UPL,603.6295166015625,615.0499877929688,618.8499755859375,602.3499755859375,613.4500122070312,1564110
2025-03-12,UPL,596.759521484375,608.0499877929688,620.1500244140625,599.9500122070312,617.9500122070312,1815285
2025-03-13,UPL,590.2821044921875,601.4500122070312,614.4000244140625,600.4000244140625,610.9000244140625,1476114
2025-03-17,UPL,614.5234375,626.1500244140625,627.9000244140625,601.4500122070312,601.4500122070312,2377362
2025-03-18,UPL,614.5234375,626.1500244140625,626.1500244140625,626.1500244140625,626.1500244140625,0
2025-03-19,UPL,634.2992553710938,646.2999877929688,648.0,636.9000244140625,641.0,1533871
2025-03-20,UPL,634.839111328125,646.8499755859375,651.4500122070312,644.0999755859375,648.9500122070312,1272076
2025-03-21,UPL,646.6162719726562,658.8499755859375,671.2999877929688,645.6500244140625,649.0,5231169
2025-03-24,UPL,646.2236938476562,658.4500122070312,668.7999877929688,657.4000244140625,667.9500122070312,1878198
2025-03-25,UPL,640.8748779296875,653.0,663.9000244140625,648.0999755859375,663.9000244140625,988124
2025-03-26,UPL,640.2860717773438,652.4000244140625,656.8499755859375,644.0,652.0,1570129
2025-03-27,UPL,644.2117919921875,656.4000244140625,663.75,649.9500122070312,650.0,3398420
2025-03-28,UPL,624.4359130859375,636.25,660.4000244140625,624.0,656.6500244140625,4421109
2025-04-01,UPL,622.9638061523438,634.75,641.7999877929688,621.2999877929688,621.2999877929688,1451347
2025-04-02,UPL,642.2980346679688,654.4500122070312,656.0999755859375,630.8499755859375,631.9000244140625,1932828
2025-04-03,UPL,639.1574096679688,651.25,653.7000122070312,636.0499877929688,642.7999877929688,2635192
2025-04-04,UPL,625.8590087890625,637.7000122070312,655.4000244140625,631.1500244140625,649.5,2529542
2025-04-07,UPL,603.040771484375,614.4500122070312,624.0999755859375,588.8499755859375,595.0,2010970
2025-04-08,UPL,603.0897827148438,614.5,628.0999755859375,610.0999755859375,619.0,1696619
2025-04-09,UPL,602.8444213867188,614.25,615.7999877929688,601.2000122070312,614.0,1911793
2025-04-11,UPL,626.9876098632812,638.8499755859375,645.5499877929688,620.0999755859375,622.0,2007695
2025-04-15,UPL,645.7820434570312,658.0,661.9000244140625,638.8499755859375,649.0,2242497
2025-04-16,UPL,647.4014282226562,659.6500244140625,665.4000244140625,654.5499877929688,660.0,2228299
2025-04-17,UPL,644.0155029296875,656.2000122070312,664.9500122070312,650.75,659.6500244140625,1595004
2025-04-21,UPL,658.6878662109375,671.1500244140625,672.9000244140625,653.7000122070312,656.25,3468794
2025-04-22,UPL,660.2091064453125,672.7000122070312,681.1500244140625,666.0999755859375,673.4500122070312,3727936
2025-04-23,UPL,667.275390625,679.9000244140625,682.0,662.0499877929688,672.0,2856974
2025-04-24,UPL,671.49560546875,684.2000122070312,687.0,675.4500122070312,679.5499877929688,2692652
2025-04-25,UPL,649.560546875,661.8499755859375,692.2000122070312,656.5499877929688,683.75,3157081
2025-04-28,UPL,665.705078125,678.2999877929688,679.4000244140625,661.3499755859375,662.0,1423133
2025-04-29,UPL,657.1666870117188,669.5999755859375,686.9000244140625,666.7000122070312,680.0,1676069
2025-04-30,UPL,657.4611206054688,669.9000244140625,678.1500244140625,663.9500122070312,668.0999755859375,1402279
2025-05-02,UPL,667.226318359375,679.8499755859375,692.7999877929688,670.5499877929688,671.0,2331658
2025-05-05,UPL,673.7528686523438,686.5,688.9500122070312,682.0,687.0,1475543
2025-05-06,UPL,666.4412231445312,679.0499877929688,691.4500122070312,674.9500122070312,687.9500122070312,1859488
2025-05-07,UPL,675.2250366210938,688.0,689.0,674.2999877929688,675.0999755859375,1328953
2025-05-08,UPL,644.3099365234375,656.5,689.4000244140625,645.9500122070312,682.0999755859375,2451225
2025-05-09,UPL,662.2210693359375,674.75,682.0,638.0,638.0,3184067
2025-05-12,UPL,664.2820434570312,676.8499755859375,699.4500122070312,662.0,686.0,8755697
2025-05-13,UPL,630.913330078125,642.8499755859375,678.0,638.0499877929688,676.9000244140625,8899680
2025-05-14,UPL,625.0738525390625,636.9000244140625,646.1500244140625,634.0,645.2999877929688,4545306
2025-05-15,UPL,632.6799926757812,644.6500244140625,647.7000122070312,635.75,637.9500122070312,2336733
2025-05-16,UPL,632.23828125,644.2000122070312,648.5,638.75,646.0,1281048
2025-05-19,UPL,633.51416015625,645.5,654.7999877929688,643.75,645.0999755859375,1713111
2025-05-20,UPL,617.026123046875,628.7000122070312,647.9500122070312,626.7000122070312,647.5,3503829
2025-05-21,UPL,626.5460205078125,638.4000244140625,641.0499877929688,623.5999755859375,628.7000122070312,2454859
2025-05-22,UPL,620.2158203125,631.9500122070312,638.9000244140625,627.7999877929688,638.9000244140625,1078155
2025-05-23,UPL,618.7926635742188,630.5,634.9000244140625,628.25,632.5999755859375,1018062
2025-05-26,UPL,620.3139038085938,632.0499877929688,636.2000122070312,629.9000244140625,632.0,771488
2025-05-27,UPL,618.6454467773438,630.3499755859375,635.9000244140625,627.0,632.5,1156383
2025-05-28,UPL,619.0380249023438,630.75,638.5999755859375,629.5499877929688,631.4500122070312,937885
2025-05-29,UPL,619.283447265625,631.0,635.0,626.0,632.0,1382432
2025-05-30,UPL,616.240966796875,627.9000244140625,633.9500122070312,618.0,631.0,5123450
2025-06-02,UPL,624.5340576171875,636.3499755859375,637.5,620.75,627.9000244140625,1624690
2025-06-03,UPL,623.5526123046875,635.3499755859375,638.3499755859375,632.2999877929688,638.0,1764731
2025-06-04,UPL,630.6189575195312,642.5499877929688,646.3499755859375,633.5499877929688,635.5,1302307
2025-06-05,UPL,634.88818359375,646.9000244140625,649.5,642.0,646.7999877929688,1701494
2025-06-06,UPL,630.913330078125,642.8499755859375,649.7999877929688,641.0,649.0,580732
2025-06-09,UPL,627.2329711914062,639.0999755859375,651.5499877929688,636.5999755859375,650.0,1514278
2025-06-10,UPL,627.7236938476562,639.5999755859375,643.9500122070312,638.0,643.9500122070312,956125
2025-06-11,UPL,624.0433349609375,635.8499755859375,641.4000244140625,631.5,641.0,976204
2025-06-12,UPL,620.657470703125,632.4000244140625,642.0,631.0,635.8499755859375,1097714
2025-06-13,UPL,620.7555541992188,632.5,637.9500122070312,623.0499877929688,627.7999877929688,1518780
2025-06-16,UPL,631.796630859375,643.75,645.2999877929688,630.0,631.9500122070312,1187428
2025-06-17,UPL,634.1029663085938,646.0999755859375,653.3499755859375,642.5,645.0,2269496
2025-06-18,UPL,626.3988037109375,638.25,649.7999877929688,637.0,646.0999755859375,1066778
2025-06-19,UPL,619.2343139648438,630.9500122070312,640.0,629.0,639.0,1272286
2025-06-20,UPL,621.7369384765625,633.5,637.4000244140625,626.3499755859375,628.4000244140625,4218765
2025-06-23,UPL,626.9876098632812,638.8499755859375,641.4500122070312,628.7999877929688,631.0,834251
2025-06-24,UPL,632.483642578125,644.4500122070312,646.0,638.5,641.0,1131402
2025-06-25,UPL,638.6176147460938,650.7000122070312,654.2999877929688,643.7999877929688,648.0,1565175
2025-06-26,UPL,624.6812744140625,636.5,650.7000122070312,629.0499877929688,650.7000122070312,3968851
2025-06-27,UPL,632.92529296875,644.9000244140625,647.4500122070312,637.5499877929688,638.0,3212791
2025-06-30,UPL,648.9716796875,661.25,664.5,643.7000122070312,646.5,2075636
2025-07-01,UPL,658.5897216796875,671.0499877929688,674.9500122070312,659.1500244140625,665.0,3182249
2025-07-02,UPL,660.1600952148438,672.6500244140625,676.0,665.2000122070312,671.0499877929688,1348689
2025-07-03,UPL,671.446533203125,684.1500244140625,687.75,670.0999755859375,672.6500244140625,3054421
2025-07-04,UPL,668.6493530273438,681.2999877929688,696.9500122070312,678.7000122070312,684.0,2791223
2025-07-07,UPL,667.618896484375,680.25,689.5,676.3499755859375,681.0499877929688,960264
2025-07-08,UPL,660.7979736328125,673.2999877929688,683.9000244140625,668.5999755859375,680.5,820969
2025-07-09,UPL,652.4066772460938,664.75,674.7999877929688,663.7000122070312,668.5999755859375,630384
2025-07-10,UPL,649.3643188476562,661.6500244140625,668.1500244140625,655.5,666.0,2206322
2025-07-11,UPL,646.5416259765625,652.7999877929688,658.5,645.7000122070312,657.7000122070312,2145893
2025-07-14,UPL,653.1773681640625,659.5,661.7999877929688,646.75,654.0,1745640
2025-07-15,UPL,667.3402709960938,673.7999877929688,675.7999877929688,661.9500122070312,662.0,1726609
2025-07-16,UPL,665.0128173828125,671.4500122070312,677.0,668.4000244140625,673.0,1928069
2025-07-17,UPL,686.0095825195312,692.6500244140625,697.4500122070312,670.5499877929688,673.0,5685069
2025-07-18,UPL,680.26513671875,686.8499755859375,697.9000244140625,684.3499755859375,694.0,1515065
2025-07-21,UPL,706.9072875976562,713.75,717.5499877929688,682.4500122070312,688.0,8073738
2025-07-22,UPL,715.9200439453125,722.8499755859375,730.9500122070312,711.4000244140625,715.0,4108448
2025-07-23,UPL,720.3768920898438,727.3499755859375,729.7999877929688,718.5,726.5999755859375,2827536
2025-07-24,UPL,719.5845336914062,726.5499877929688,730.5,718.7000122070312,726.0,2189801
2025-07-25,UPL,715.2763061523438,722.2000122070312,729.0,718.4500122070312,726.5499877929688,1507020
2025-07-28,UPL,722.8529052734375,729.8499755859375,735.8499755859375,720.1500244140625,725.0,4881892
2025-07-29,UPL,719.08935546875,726.0499877929688,734.5499877929688,721.0499877929688,727.0,3504831
2025-07-30,UPL,714.9791870117188,721.9000244140625,728.5,716.9000244140625,727.0,1589570
2025-07-31,UPL,697.0526733398438,703.7999877929688,723.6500244140625,701.2999877929688,715.0,2497511
2025-08-01,UPL,658.7732543945312,665.1500244140625,713.9000244140625,658.0,703.9500122070312,6828070
2025-08-04,UPL,704.876953125,711.7000122070312,719.4500122070312,672.0499877929688,673.5,12572025
2025-08-05,UPL,713.5430908203125,720.4500122070312,723.7999877929688,702.0,708.2999877929688,3136768
2025-08-06,UPL,698.5382690429688,705.2999877929688,721.8499755859375,704.2000122070312,720.0,1691312
2025-08-07,UPL,698.6868896484375,705.4500122070312,710.7999877929688,688.2000122070312,700.0,1933447
2025-08-08,UPL,682.14697265625,688.75,704.9500122070312,685.9000244140625,704.0499877929688,1164817
2025-08-11,UPL,687.0494995117188,693.7000122070312,696.5999755859375,678.1500244140625,688.9500122070312,1129449
2025-08-12,UPL,682.0479736328125,688.6500244140625,696.0,686.0499877929688,693.7000122070312,1449415
2025-08-13,UPL,679.5718994140625,686.1500244140625,693.1500244140625,680.9000244140625,686.0999755859375,1062727
2025-08-14,UPL,677.1948852539062,683.75,693.9000244140625,681.0,684.2000122070312,1066750
2025-08-18,UPL,684.3258666992188,690.9500122070312,700.7000122070312,686.4500122070312,690.1500244140625,1319724
2025-08-19,UPL,700.5191040039062,707.2999877929688,709.4500122070312,693.0,697.5,2030825
2025-08-20,UPL,706.6101684570312,713.4500122070312,730.2999877929688,702.0,708.5,3114706
2025-08-21,UPL,705.6197509765625,712.4500122070312,718.5499877929688,710.2000122070312,717.0499877929688,2041917
2025-08-22,UPL,709.5814208984375,716.4500122070312,722.9000244140625,707.9500122070312,712.9000244140625,1635644
2025-08-25,UPL,715.8704833984375,722.7999877929688,741.0,713.5,717.2000122070312,4678348
2025-08-26,UPL,716.1676025390625,723.0999755859375,729.7999877929688,712.4000244140625,725.25,3299511
2025-08-28,UPL,709.8290405273438,716.7000122070312,736.5,713.4500122070312,736.5,3935173
2025-08-29,UPL,708.8881225585938,715.75,722.2000122070312,702.5999755859375,713.0499877929688,2472182
2025-09-01,UPL,720.97119140625,727.9500122070312,730.6500244140625,711.7999877929688,715.7000122070312,1785815
2025-09-02,UPL,703.8370361328125,710.6500244140625,732.0,709.6500244140625,731.5499877929688,3003994
2025-09-03,UPL,708.739501953125,715.5999755859375,730.0,712.7999877929688,718.0,2196910
2025-09-04,UPL,688.7332153320312,695.4000244140625,723.1500244140625,692.0,720.0,2075117
2025-09-05,UPL,682.2459716796875,688.8499755859375,700.9000244140625,684.2000122070312,697.5,1054221
2025-09-08,UPL,699.0335083007812,705.7999877929688,708.0,691.0,691.0,1677209
2025-09-09,UPL,697.250732421875,704.0,715.9500122070312,698.0,709.9500122070312,2826300
2025-09-10,UPL,690.2683715820312,696.9500122070312,708.25,690.6500244140625,705.4000244140625,1965357
2025-09-11,UPL,694.92333984375,701.6500244140625,703.7999877929688,693.0499877929688,696.9500122070312,1913878
2025-09-12,UPL,686.4552612304688,693.0999755859375,705.9000244140625,688.0,704.2999877929688,1539148
2025-09-15,UPL,686.950439453125,693.5999755859375,699.4000244140625,687.9000244140625,695.5,1791929
2025-09-16,UPL,695.9632568359375,702.7000122070312,705.0,686.3499755859375,692.9000244140625,3099583
2025-09-17,UPL,697.89453125,704.6500244140625,710.0,698.1500244140625,706.0,2209645
2025-09-18,UPL,692.2492065429688,698.9500122070312,713.4000244140625,693.2999877929688,704.5999755859375,3106450
2025-09-19,UPL,684.4744262695312,691.0999755859375,704.8499755859375,688.7000122070312,697.0999755859375,7803326
2025-09-22,UPL,676.2539672851562,682.7999877929688,693.7000122070312,679.3499755859375,693.7000122070312,2102153
2025-09-23,UPL,670.7077026367188,677.2000122070312,684.8499755859375,670.0,680.0,2559504
2025-09-24,UPL,669.6677856445312,676.1500244140625,680.0,669.5999755859375,675.75,2138799
2025-09-25,UPL,662.685302734375,669.0999755859375,678.5499877929688,667.4500122070312,676.0,1246931
2025-09-26,UPL,641.7876586914062,648.0,668.2000122070312,645.0,667.0,1970948
2025-09-29,UPL,647.92822265625,654.2000122070312,654.9000244140625,643.25,648.0,2520967
2025-09-30,UPL,649.5128173828125,655.7999877929688,661.0,650.1500244140625,660.2000122070312,2037016
2025-10-01,UPL,655.1087036132812,661.4500122070312,662.2999877929688,651.2999877929688,655.7999877929688,1196873
2025-10-03,UPL,667.5383911132812,674.0,680.0,664.6500244140625,667.7000122070312,3592605
2025-10-06,UPL,674.81787109375,681.3499755859375,682.0,668.75,676.0,881397
2025-10-07,UPL,673.332275390625,679.8499755859375,685.4000244140625,679.0499877929688,682.0,994752
2025-10-08,UPL,668.3306884765625,674.7999877929688,686.6500244140625,671.5499877929688,679.8499755859375,1714962
2025-10-09,UPL,668.5783081054688,675.0499877929688,677.5,666.9000244140625,673.0,1011011
2025-10-10,UPL,674.7683715820312,681.2999877929688,683.5999755859375,671.2000122070312,676.9000244140625,960905
2025-10-13,UPL,667.3402709960938,673.7999877929688,680.9500122070312,667.0,667.0,1031190
2025-10-14,UPL,663.5272216796875,669.9500122070312,681.4500122070312,666.0,673.7999877929688,1458278
2025-10-15,UPL,671.1533813476562,677.6500244140625,678.7000122070312,668.4000244140625,672.9000244140625,1722151
2025-10-16,UPL,673.8770141601562,680.4000244140625,686.0,674.7000122070312,678.0,1284794
2025-10-17,UPL,667.6869506835938,674.1500244140625,683.7000122070312,671.9000244140625,680.9500122070312,882467
2025-10-20,UPL,674.273193359375,680.7999877929688,685.0,677.0,677.0999755859375,1330873
2025-10-21,UPL,674.4217529296875,680.9500122070312,684.0499877929688,678.0,681.0,86005
2025-10-23,UPL,669.1725463867188,675.6500244140625,689.7999877929688,674.0999755859375,684.25,1551907
2025-10-24,UPL,665.6070556640625,672.0499877929688,678.5499877929688,669.8499755859375,678.0,587809
2025-10-27,UPL,673.332275390625,679.8499755859375,681.7000122070312,672.7000122070312,673.0,1365682
2025-10-28,UPL,695.8641357421875,702.5999755859375,709.0,675.5,682.0,4557745
2025-10-29,UPL,713.1468505859375,720.0499877929688,721.7999877929688,708.2000122070312,708.2000122070312,3405916
2025-10-30,UPL,714.4343872070312,721.3499755859375,726.5,712.2999877929688,721.8499755859375,3573819
2025-10-31,UPL,713.1964111328125,720.0999755859375,729.4000244140625,713.75,720.0,3852202
2025-11-03,UPL,723.595703125,730.5999755859375,735.0,719.2999877929688,720.0999755859375,2805423
2025-11-04,UPL,724.3385009765625,731.3499755859375,736.5999755859375,726.6500244140625,728.0,1916707
2025-11-06,UPL,726.3193359375,733.3499755859375,747.4000244140625,713.4000244140625,730.0,9280167
2025-11-07,UPL,740.7794189453125,747.9500122070312,753.7999877929688,720.75,725.0,5598140
2025-11-10,UPL,743.4535522460938,750.6500244140625,759.0,746.7000122070312,750.0499877929688,2547152
2025-11-11,UPL,745.13720703125,752.3499755859375,755.4500122070312,742.4000244140625,750.6500244140625,1645749
2025-11-12,UPL,753.30810546875,760.5999755859375,767.7999877929688,752.4500122070312,754.3499755859375,4193619
2025-11-13,UPL,750.8816528320312,758.1500244140625,765.5,753.0,760.5999755859375,1752051
2025-11-14,UPL,751.3272705078125,758.5999755859375,766.3499755859375,754.0999755859375,755.0,2148563
2025-11-17,UPL,765.787353515625,773.2000122070312,774.9500122070312,758.0,758.5999755859375,3590666
2025-11-18,UPL,752.3672485351562,759.6500244140625,776.0,757.0999755859375,774.0,1862425
2025-11-19,UPL,745.4343872070312,752.6500244140625,762.0,750.5999755859375,760.0,2359649
2025-11-20,UPL,746.2761840820312,753.5,760.2999877929688,750.9500122070312,758.0,2794809
2025-11-21,UPL,743.651611328125,750.8499755859375,755.25,747.0,755.0,2033481
2025-11-24,UPL,735.5797729492188,742.7000122070312,755.5499877929688,731.0,752.0,5530635
2025-11-25,UPL,742.5126342773438,749.7000122070312,754.0,735.7999877929688,741.0499877929688,1677991
2025-11-26,UPL,753.30810546875,760.5999755859375,763.3499755859375,746.5999755859375,750.1500244140625,1482487
2025-11-27,UPL,751.3768310546875,758.6500244140625,769.2000122070312,756.5499877929688,764.0,1201547
2025-11-28,UPL,751.3768310546875,758.6500244140625,766.1500244140625,755.25,757.0,1546792
2025-12-01,UPL,743.651611328125,750.8499755859375,762.9000244140625,748.0499877929688,761.0,1611007
2025-12-02,UPL,739.5909423828125,746.75,757.9000244140625,744.25,754.0,1519168
2025-12-03,UPL,735.8768920898438,743.0,755.0999755859375,737.0,748.75,6025366
2025-12-04,UPL,749.1979370117188,756.4500122070312,758.9500122070312,745.25,748.0,2855120
2025-12-05,UPL,751.822509765625,759.0999755859375,761.0499877929688,751.0499877929688,759.9500122070312,1936558
2025-12-08,UPL,732.7570190429688,739.8499755859375,761.2999877929688,733.0999755859375,759.9000244140625,1584321
2025-12-09,UPL,732.6085205078125,739.7000122070312,741.6500244140625,729.5999755859375,740.0,2172777
2025-12-10,UPL,729.8353881835938,736.9000244140625,752.25,733.7999877929688,743.0,1346660
2025-12-11,UPL,738.6995239257812,745.8499755859375,748.4500122070312,732.5499877929688,736.8499755859375,2062566
2025-12-12,UPL,741.175537109375,748.3499755859375,750.9000244140625,741.4500122070312,748.7999877929688,4075773
2025-12-15,UPL,758.3097534179688,765.6500244140625,769.5499877929688,743.0,751.0,1840513
2025-12-16,UPL,742.7107543945312,749.9000244140625,765.9000244140625,747.0999755859375,765.9000244140625,1218572
2025-12-17,UPL,739.1452026367188,746.2999877929688,752.7999877929688,740.9500122070312,751.7000122070312,1655654
2025-12-18,UPL,737.2634887695312,744.4000244140625,748.0999755859375,736.5,743.0,748699
2025-12-19,UPL,744.3449096679688,751.5499877929688,753.7999877929688,740.25,747.4000244140625,6064263
2025-12-22,UPL,769.105224609375,776.5499877929688,779.0,752.0999755859375,753.0499877929688,3673981
2025-12-23,UPL,773.5125732421875,781.0,786.2999877929688,774.5,779.9000244140625,3043436
2025-12-24,UPL,765.2921752929688,772.7000122070312,785.0,772.0,783.0,3570117
2025-12-26,UPL,766.629150390625,774.0499877929688,780.7000122070312,770.2000122070312,775.0,1476893
2025-12-29,UPL,763.5588989257812,770.9500122070312,783.0,767.5,774.4000244140625,1364589
2025-12-30,UPL,779.8016357421875,787.3499755859375,792.6500244140625,768.9000244140625,770.0,8329037
2025-12-31,UPL,787.5269165039062,795.1500244140625,801.0,786.0499877929688,793.2999877929688,3039998
2026-01-01,UPL,797.6290893554688,805.3499755859375,806.5,786.0999755859375,797.2999877929688,2644289
2026-01-02,UPL,796.9358520507812,804.6500244140625,812.2000122070312,797.2999877929688,806.9500122070312,4562526
2026-01-05,UPL,797.3814697265625,805.0999755859375,811.4500122070312,798.0999755859375,810.0,2068765
2026-01-06,UPL,791.6370849609375,799.2999877929688,807.2999877929688,797.5499877929688,805.0999755859375,1710964
2026-01-07,UPL,795.2521362304688,802.9500122070312,809.2000122070312,797.8499755859375,801.0,3691946
2026-01-08,UPL,786.8831176757812,794.5,810.7999877929688,788.5,806.5,2238370
2026-01-09,UPL,764.3017578125,771.7000122070312,797.75,768.2999877929688,789.0,2293012
2026-01-12,UPL,766.4310913085938,773.8499755859375,793.7000122070312,762.7999877929688,785.0,2279267
2026-01-13,UPL,766.0349731445312,773.4500122070312,780.5,764.7000122070312,777.7000122070312,2207561
2026-01-14,UPL,772.9183349609375,780.4000244140625,784.0,761.4000244140625,774.0,2672389
2026-01-15,UPL,772.9183349609375,780.4000244140625,780.4000244140625,780.4000244140625,780.4000244140625,0
2026-01-16,UPL,782.5748901367188,790.1500244140625,796.9500122070312,779.0499877929688,786.2000122070312,3461231
2026-01-19,UPL,779.6036376953125,787.1500244140625,800.0499877929688,783.0999755859375,790.1500244140625,2156885
2026-01-20,UPL,716.5142822265625,723.4500122070312,796.75,708.4500122070312,792.0,6196941
2026-01-21,UPL,685.0686645507812,691.7000122070312,731.0,671.5,715.2999877929688,7967753
2026-01-22,UPL,693.7843017578125,700.5,710.5,688.4500122070312,699.0499877929688,3505671
2026-01-23,UPL,695.8146362304688,702.5499877929688,711.5,697.6500244140625,701.0,3808963
2026-01-27,UPL,709.680419921875,716.5499877929688,725.7999877929688,700.0,702.5999755859375,3625276
2026-01-28,UPL,708.2443237304688,715.0999755859375,722.8499755859375,707.5999755859375,720.0999755859375,1299211
2026-01-29,UPL,709.086181640625,715.9500122070312,720.3499755859375,701.5999755859375,718.9000244140625,2742480
2026-01-30,UPL,697.2012329101562,703.9500122070312,717.1500244140625,699.8499755859375,717.0999755859375,4668042
2026-02-02,UPL,691.8529663085938,698.5499877929688,707.0999755859375,665.0499877929688,669.25,5879658
2026-02-03,UPL,732.70751953125,739.7999877929688,753.1500244140625,726.8499755859375,742.0,7513174
2026-02-04,UPL,751.4263916015625,758.7000122070312,764.3499755859375,736.75,740.0,4830902
2026-02-05,UPL,740.4822998046875,747.6500244140625,762.0,735.5,762.0,1548274
2026-02-06,UPL,734.1931762695312,741.2999877929688,756.75,736.9500122070312,744.0,2249941
2026-02-09,UPL,736.9168090820312,744.0499877929688,749.0999755859375,734.2000122070312,747.7999877929688,1489737
2026-02-10,UPL,738.8480834960938,746.0,756.2000122070312,740.1500244140625,749.7999877929688,1977229
2026-02-11,UPL,741.8193359375,749.0,757.2000122070312,743.0499877929688,746.9500122070312,1142581
2026-02-12,UPL,737.7586669921875,744.9000244140625,750.9000244140625,738.7000122070312,750.9000244140625,1117676
2026-02-13,UPL,717.3561401367188,724.2999877929688,742.9500122070312,720.9500122070312,740.1500244140625,1332082
2026-02-16,UPL,726.7650756835938,733.7999877929688,736.6500244140625,716.4000244140625,719.1500244140625,685996
2026-02-17,UPL,734.0446166992188,741.1500244140625,741.9500122070312,728.5499877929688,731.0,472779
2026-02-18,UPL,740.4822998046875,747.6500244140625,757.0,739.75,742.9500122070312,2240635
2026-02-19,UPL,757.7154541015625,765.0499877929688,771.9000244140625,747.6500244140625,747.6500244140625,2242488
2026-02-20,UPL,745.13720703125,752.3499755859375,770.9000244140625,744.5999755859375,760.0999755859375,2400204
2026-02-23,UPL,638.6182861328125,644.7999877929688,714.75,625.5499877929688,714.75,22336295
2026-02-24,UPL,624.5048828125,630.5499877929688,653.6500244140625,627.3499755859375,645.0,7889253
2026-02-25,UPL,620.1966552734375,626.2000122070312,635.0,620.5,635.0,5081011
2026-02-26,UPL,634.3099975585938,640.4500122070312,641.7000122070312,622.0,626.8499755859375,4874080
2026-02-27,UPL,631.289306640625,637.4000244140625,643.25,631.5,640.5499877929688,4377806
2026-03-02,UPL,616.8787231445312,622.8499755859375,638.0,617.25,622.25,2404381
2026-03-04,UPL,608.2125854492188,614.0999755859375,621.0,601.0,621.0,3558558
2026-03-05,UPL,623.5640258789062,629.5999755859375,631.5999755859375,616.0499877929688,621.0499877929688,2530219
2026-03-06,UPL,622.3259887695312,628.3499755859375,635.0,626.2000122070312,629.2999877929688,3095128
2026-03-09,UPL,619.0081176757812,625.0,627.4000244140625,606.25,610.0,4705618
2026-03-10,UPL,624.25732421875,630.2999877929688,633.5499877929688,622.8499755859375,630.0,1476957
2026-03-11,UPL,619.8499755859375,625.8499755859375,636.2999877929688,624.0,631.7000122070312,1418800
2026-03-12,UPL,623.019287109375,629.0499877929688,633.75,616.9500122070312,623.5,1299556
2026-03-13,UPL,603.5577392578125,609.4000244140625,628.0999755859375,603.0,628.0,1954960
2026-03-16,UPL,602.9634399414062,608.7999877929688,621.4500122070312,601.7999877929688,610.0,2470861
2026-03-17,UPL,609.94580078125,615.8499755859375,618.4000244140625,609.2999877929688,612.0,1500040
2026-03-18,UPL,625.44580078125,631.5,634.0,611.2000122070312,618.0,1491586
2026-03-19,UPL,605.9346923828125,611.7999877929688,628.8499755859375,607.0,621.2999877929688,2849379
2026-03-20,UPL,619.5528564453125,625.5499877929688,635.2999877929688,614.7999877929688,619.4000244140625,4640376
2026-03-23,UPL,596.6248168945312,602.4000244140625,618.0,599.25,615.0,1690435
2026-03-24,UPL,614.5017700195312,620.4500122070312,625.5999755859375,608.4500122070312,615.0,2609729
2026-03-25,UPL,619.2557373046875,625.25,632.8499755859375,621.4000244140625,625.0,1449608
2026-03-27,UPL,590.1375732421875,595.8499755859375,630.9000244140625,593.25,616.5,4252300
2026-03-30,UPL,562.5050659179688,567.9500122070312,592.4000244140625,565.1500244140625,591.75,5317081
2026-04-01,UPL,588.800537109375,594.5,601.8499755859375,573.0,573.0,2182769
2026-04-02,UPL,587.31494140625,593.0,594.9500122070312,573.9500122070312,587.0,1403119
2026-04-06,UPL,601.9235229492188,607.75,609.6500244140625,585.2000122070312,593.2999877929688,1075781
2026-04-07,UPL,601.7254028320312,607.5499877929688,610.75,600.0999755859375,607.5,1533818
2026-04-08,UPL,634.1119384765625,640.25,643.5,622.7000122070312,625.0,3241939
2026-04-09,UPL,635.8451538085938,642.0,649.5,638.0499877929688,645.0,2904575
2026-04-10,UPL,638.6677856445312,644.8499755859375,653.75,640.5,643.9000244140625,2162418
2026-04-13,UPL,637.578369140625,643.75,646.4000244140625,615.0,629.5,1737923
2026-04-15,UPL,653.4744873046875,659.7999877929688,661.5499877929688,648.5499877929688,654.0,2544691
2026-04-16,UPL,653.6231079101562,659.9500122070312,665.7999877929688,648.7999877929688,662.4500122070312,1666120
2026-04-17,UPL,658.3275146484375,664.7000122070312,671.7000122070312,657.75,659.0,1023994
2026-04-20,UPL,650.354736328125,656.6500244140625,670.6500244140625,653.6500244140625,664.7000122070312,1301749
2026-04-21,UPL,648.0272216796875,654.2999877929688,664.8499755859375,653.0,659.6500244140625,1144716
2026-04-22,UPL,647.58154296875,653.8499755859375,657.4000244140625,649.0,650.7999877929688,1709380
2026-04-23,UPL,635.8946533203125,642.0499877929688,656.5499877929688,638.4500122070312,653.5,2471569
2026-04-24,UPL,625.3468017578125,631.4000244140625,645.1500244140625,629.9500122070312,643.5999755859375,1793446
2026-04-27,UPL,633.369140625,639.5,643.75,632.5,634.9000244140625,1137864
2026-04-28,UPL,639.3115844726562,645.5,651.9000244140625,634.9500122070312,636.7999877929688,2114630
2026-04-29,UPL,637.9249877929688,644.0999755859375,651.0,641.5499877929688,647.9000244140625,1669659
2026-04-30,UPL,635.6965942382812,641.8499755859375,646.0,629.7999877929688,644.0999755859375,2123914
2026-05-01,UPL,635.6965942382812,641.8499755859375,641.8499755859375,641.8499755859375,641.8499755859375,0
2026-05-04,UPL,637.1821899414062,643.3499755859375,656.0,639.0,645.9000244140625,1985598
2026-05-05,UPL,635.8946533203125,642.0499877929688,648.9000244140625,638.8499755859375,648.0,1359665
2026-05-06,UPL,653.672607421875,660.0,663.0999755859375,642.2999877929688,645.0,1770864
2026-05-07,UPL,644.2141723632812,650.4500122070312,664.0,649.1500244140625,664.0,2407109
2026-05-08,UPL,639.8068237304688,646.0,654.2999877929688,643.5,653.6500244140625,1751781
2026-05-11,UPL,662.5863037109375,669.0,682.5999755859375,634.0499877929688,644.0,7880947
2026-05-12,UPL,620.1471557617188,626.1500244140625,671.1500244140625,622.25,670.7999877929688,5371994
2026-05-13,UPL,624.0592041015625,630.0999755859375,636.5,624.2999877929688,627.0,2501012
2026-05-14,UPL,632.2796630859375,638.4000244140625,641.25,629.9000244140625,635.0,1486427
2026-05-15,UPL,626.1885986328125,632.25,640.6500244140625,629.8499755859375,636.7999877929688,1535195
2026-05-18,UPL,631.7349243164062,637.8499755859375,640.0,618.2999877929688,627.5,1850656
2026-05-19,UPL,627.2285766601562,633.2999877929688,646.25,632.0499877929688,640.4000244140625,1844391
2026-05-20,UPL,628.2684936523438,634.3499755859375,637.5,624.25,629.9000244140625,1549873
2026-05-21,UPL,622.9697875976562,629.0,639.7999877929688,625.1500244140625,639.7999877929688,1405142
2026-05-22,UPL,625.9410400390625,632.0,635.5,625.0499877929688,632.0499877929688,2217195
2026-05-25,UPL,646.04638671875,652.2999877929688,654.5499877929688,636.8499755859375,636.9000244140625,1467073
2026-05-26,UPL,648.7205200195312,655.0,661.5999755859375,652.4000244140625,654.0,1770548
2026-05-27,UPL,649.8594970703125,656.1500244140625,659.7000122070312,653.75,657.9000244140625,896366
2026-05-28,UPL,649.8594970703125,656.1500244140625,656.1500244140625,656.1500244140625,656.1500244140625,0
2026-05-29,UPL,638.6182861328125,644.7999877929688,660.9000244140625,638.5,656.25,6468953
2026-06-01,UPL,639.06396484375,645.25,655.5999755859375,644.0,647.25,1051878
2026-06-02,UPL,635.49853515625,641.6500244140625,645.2000122070312,640.0,641.3499755859375,2047381
2026-06-03,UPL,639.8563232421875,646.0499877929688,648.0,634.5,641.2999877929688,2055293
2026-06-04,UPL,633.0225219726562,639.1500244140625,646.5,636.3499755859375,642.75,1291962
2026-06-05,UPL,631.3388061523438,637.4500122070312,644.0499877929688,630.0,643.0,2556112
2026-06-08,UPL,618.9586181640625,624.9500122070312,634.25,621.0999755859375,630.0,1901848
2026-06-09,UPL,622.3755493164062,628.4000244140625,630.6500244140625,622.0,625.5,1324061
2026-06-10,UPL,605.142333984375,611.0,636.2000122070312,606.0499877929688,631.7000122070312,2242695
2026-06-11,UPL,588.0577392578125,593.75,609.4000244140625,592.25,606.0,1253041
2026-06-12,UPL,604.2509765625,610.0999755859375,615.0,598.0499877929688,598.75,1385523
2026-06-15,UPL,610.6886596679688,616.5999755859375,628.0,615.0999755859375,618.9500122070312,1326328
2026-06-16,UPL,609.4506225585938,615.3499755859375,624.9000244140625,613.0999755859375,613.9500122070312,982601
2026-06-17,UPL,608.509765625,614.4000244140625,618.75,608.25,618.75,1441041
2026-06-18,UPL,604.9442749023438,610.7999877929688,617.7000122070312,608.7000122070312,616.0,881306
2026-06-19,UPL,602.8148803710938,608.6500244140625,611.7000122070312,603.0,610.7999877929688,4384034
2026-06-22,UPL,599.695068359375,605.5,614.7999877929688,602.5499877929688,611.9000244140625,1107992
2026-06-23,UPL,591.0784912109375,596.7999877929688,614.7000122070312,594.25,605.0,1765065
2026-06-24,UPL,593.5050048828125,599.25,602.2000122070312,587.0,597.9500122070312,1338785
2026-06-25,UPL,584.8388671875,590.5,607.0,589.0,604.9000244140625,1617776
2026-06-26,UPL,584.8388671875,590.5,590.5,590.5,590.5,0
2026-06-29,UPL,562.9508056640625,568.4000244140625,593.5999755859375,564.0999755859375,590.5,13423996
2026-06-30,UPL,565.7239379882812,571.2000122070312,579.8499755859375,564.8499755859375,574.0,3979387
2026-07-01,UPL,559.6328735351562,565.0499877929688,575.5499877929688,563.1500244140625,575.0,1598382
2026-07-02,UPL,583.1056518554688,588.75,590.0,567.5,567.5,1686853
2026-07-03,UPL,601.576904296875,607.4000244140625,612.9000244140625,592.7000122070312,592.9500122070312,3200516
2026-07-06,UPL,602.8148803710938,608.6500244140625,614.1500244140625,605.5499877929688,607.4000244140625,1694807
2026-07-07,UPL,595.0896606445312,600.8499755859375,614.1500244140625,598.4000244140625,610.0,1635338
2026-07-08,UPL,576.1232299804688,581.7000122070312,599.2000122070312,575.5,597.0,3889043
2026-07-09,UPL,576.2717895507812,581.8499755859375,588.0,579.0,580.0,4537195
2026-07-10,UPL,589.0481567382812,594.75,599.7999877929688,585.0,585.0,872284
2026-07-13,UPL,586.076904296875,591.75,592.5,586.2000122070312,590.0,711085
2026-07-14,UPL,587.4635009765625,593.1500244140625,594.7999877929688,583.9500122070312,591.7000122070312,1068690
2026-07-15,UPL,591.5736694335938,597.2999877929688,608.0,584.0499877929688,597.0,2709031
2026-07-16,UPL,619.8499755859375,625.8499755859375,629.0,597.0,597.1500244140625,5435872
2026-07-17,UPL,616.5999755859375,616.5999755859375,625.0499877929688,609.7999877929688,625.0499877929688,1757526
2026-07-20,UPL,606.0499877929688,606.0499877929688,613.8499755859375,605.0,613.5,1748870
2026-07-21,UPL,618.1500244140625,618.1500244140625,621.9500122070312,605.9000244140625,609.0,2611970
2026-07-22,UPL,608.8499755859375,608.8499755859375,620.5499877929688,606.6500244140625,618.1500244140625,725603
2026-07-23,UPL,607.0,607.0,614.1500244140625,603.9500122070312,606.0,627797
2026-07-24,UPL,602.4500122070312,602.4500122070312,604.9000244140625,594.9500122070312,603.0999755859375,622872
2026-07-27,UPL,608.5,608.5,610.9500122070312,603.25,605.4500122070312,1543100
2026-07-28,UPL,599.6500244140625,599.6500244140625,610.4500122070312,596.75,607.0,2262031
2026-07-29,UPL,609.1500244140625,609.1500244140625,611.5999755859375,602.2000122070312,602.2000122070312,1140985
2026-07-30,UPL,602.5499877929688,602.5499877929688,610.0,600.3499755859375,609.9500122070312,770756
2026-07-31,UPL,604.2999877929688,604.2999877929688,607.5999755859375,599.0499877929688,607.5999755859375,1386415
2026-08-03,UPL,620.0,620.0,622.5999755859375,598.0,606.4500122070312,2234338
2026-08-04,UPL,581.9000244140625,581.9000244140625,619.6500244140625,580.2000122070312,618.75,7452417
2026-08-05,UPL,577.25,577.25,583.9000244140625,576.4000244140625,581.0,3366460
2026-08-06,UPL,572.75,572.75,584.4500122070312,572.75,576.7000122070312,2528114
2026-08-07,UPL,573.0,573.0,575.0,570.1500244140625,573.0499877929688,882844
2026-08-10,UPL,567.0,567.0,577.0499877929688,567.0,572.75,1964879
2026-08-11,UPL,568.0,568.0,570.9000244140625,564.0,567.0,981675
2026-08-12,UPL,570.5,570.5,574.75,564.25,570.75,1452949
2026-08-13,UPL,568.1500244140625,568.1500244140625,569.9000244140625,563.2999877929688,569.9000244140625,1029127
2026-08-14,UPL,563.0,563.0,568.2000122070312,558.0499877929688,568.2000122070312,1557252
2026-08-17,UPL,567.0999755859375,567.0999755859375,568.7000122070312,561.5,566.0,1106329
2026-08-18,UPL,560.0499877929688,560.0499877929688,570.0499877929688,560.0,570.0,1746720
2026-08-19,UPL,568.0,568.0,571.4000244140625,557.9500122070312,559.2000122070312,2733671
2026-08-20,UPL,571.9000244140625,571.9000244140625,575.2000122070312,568.2000122070312,569.0999755859375,2830644
2026-08-21,UPL,569.0,569.0,573.7000122070312,566.0,571.0,885783
2026-08-25,UPL,585.0,585.0,585.0,570.5499877929688,574.9500122070312,3864129
